ax,ay,az,gx,gy,gz,ax,ay,az,gx,gy,gz
0.121826,1.038574,0.583008,-237.197861,-129.142761,-91.903679,-0.431885,1.533447,0.307129,-249.992355,5.981445,249.694809
0.110107,1.29248,0.641602,-249.992355,-249.755844,-60.470577,-0.471191,1.498291,0.433594,-249.992355,4.402161,239.158615
0.063721,1.279785,0.532227,-249.992355,-212.936386,-72.395325,-0.45752,1.49707,0.517822,-249.992355,5.0354,218.635544
0.10791,1.277832,0.559082,-249.710068,-245.506271,-66.757202,-0.394531,1.490723,0.546875,-249.992355,2.845764,201.522812
0.143066,1.258057,0.616455,-249.992355,-249.992355,-62.744137,-0.548584,1.318848,0.54834,-249.992355,-49.636837,141.235352
0.110107,1.254883,0.413086,-249.992355,-38.696289,-103.134148,-0.386963,1.309814,0.533691,-249.992355,-26.535032,169.204697
0.073975,1.151611,0.567139,-249.992355,-170.074448,-79.421997,-0.397217,1.251709,0.543701,-249.992355,-45.516964,154.960632
0.061035,1.36499,0.313477,-249.992355,-40.481564,-111.099236,-0.457031,1.265137,0.550781,-249.992355,-54.145809,145.744324
-0.171143,0.839111,-0.071533,-249.42778,13.885497,-184.28038,-0.380615,1.410645,0.536377,-249.992355,-7.690429,186.126694
-0.060303,1.886719,0.164795,-249.992355,-60.646053,-147.148132,-0.502197,1.584473,0.253662,-249.992355,11.245727,249.992355
-0.070557,2.167969,0.120605,-249.992355,-75.332642,-153.945923,0.166504,0.127441,0.283691,-249.656662,1.861572,249.778732
-0.001953,2.328613,0.141602,-249.992355,-92.689507,-167.724594,-0.582764,1.782959,0.353516,-249.992355,12.573241,249.992355
-0.054443,2.316895,0.192627,-249.992355,-107.63549,-196.273788,-0.62793,1.858643,0.398926,-249.992355,11.291503,249.992355
-0.139648,2.240967,0.211182,-249.992355,-116.317741,-230.65947,-0.530273,1.89209,0.424316,-249.992355,13.114928,249.992355
-0.192627,2.217773,0.072998,-249.992355,-107.063286,-249.618515,-0.321045,1.963623,0.418701,-249.992355,18.623352,249.992355
0.000244,2.002441,-0.053467,-249.992355,-82.427971,-247.978195,-0.305908,2.087891,0.306641,-249.992355,30.2124,249.992355
0.19165,1.577881,-0.094727,-249.992355,-52.74963,-241.905197,-0.291016,2.106445,0.26416,-249.992355,37.605286,249.992355
0.251465,1.292236,-0.229004,-249.992355,-20.76721,-249.992355,-0.128418,1.95166,0.204102,-249.992355,28.861998,249.992355
-0.041748,1.168945,-0.310791,-249.839767,7.904052,-217.315659,-0.013672,1.514404,-0.096924,-249.992355,2.738952,249.992355
0.036865,1.366211,0.662598,-249.992355,-249.847397,-56.579586,-0.00415,0.912109,0.01709,-249.992355,-14.015197,249.992355
-0.003174,1.580322,0.232178,-249.992355,-49.629208,-129.890442,-0.012695,0.431396,0.146729,-249.870285,-12.046813,249.992355
-0.000244,1.427246,0.727051,-249.992355,-249.992355,-46.401974,-0.697998,1.400635,0.508789,-249.992355,-32.569885,139.503479
1.24585,1.120117,-0.133301,249.992355,-24.192808,-60.661312,-0.564697,1.676025,0.289551,-249.992355,14.343261,249.992355
0.145508,1.818604,0.89502,-249.992355,-228.26384,-18.280029,-0.76709,1.479248,0.412842,-249.992355,-15.243529,132.659912
1.438477,1.32373,-0.209229,249.992355,30.22003,-61.729427,-2.706543,2.775146,-0.43042,237.068161,-226.814255,-227.973923
1.480469,1.52124,-0.185303,249.992355,121.856682,-52.223202,-0.736084,1.615479,0.045898,-249.992355,-3.639221,102.004997
1.577637,1.799072,-0.122559,249.992355,223.731979,-46.57745,0.422607,-0.118164,0.318115,-249.992355,23.002623,249.992355
1.784424,2.168213,-0.098633,249.992355,249.992355,-38.726807,-0.707275,1.028076,-0.305908,249.992355,-249.992355,-69.847107
1.590576,2.481689,-0.094971,249.992355,249.992355,-33.638,-0.711426,1.29126,-0.116699,249.992355,-249.992355,-74.172974
1.416016,2.908691,-0.155518,249.992355,247.810349,-31.959532,-0.820313,1.630371,-0.011475,249.992355,-249.488815,-81.611626
1.220459,3.502197,-0.213379,249.992355,249.992355,-6.126403,-0.94458,2.103027,0.123291,249.992355,-249.992355,-92.224113
0.329346,4.026855,-0.436768,249.923691,249.992355,14.457702,-1.107422,2.807861,0.158203,249.977097,-249.992355,-104.026787
-0.407715,4.389893,-0.558594,249.992355,156.37207,-36.16333,-1.163818,3.641602,0.048584,249.992355,-229.438766,-106.246941
-0.377686,4.30249,-0.461182,249.992355,-0.343323,-115.440361,-0.95459,4.000732,0.139404,249.992355,-183.15123,-121.6278
0.059814,1.542236,0.838135,-249.992355,-247.344955,-33.477783,-0.531738,3.978027,0.344482,248.718246,-138.305664,-151.649475
-0.681641,3.823242,-0.39209,247.108444,-138.877869,-129.684448,0.02832,4.229004,0.383301,249.992355,-76.919556,-170.066818
-1.283203,3.014893,-0.695068,249.992355,-249.992355,-195.289597,-0.731445,1.529785,0.248779,-249.992355,-4.692078,118.446342
-1.940918,4.764648,-0.860352,154.098511,-249.992355,-249.992355,0.445313,4.617432,0.093994,249.992355,-6.828308,-149.513245
-1.844238,7.047852,-1.896729,-205.398544,-249.992355,-236.503586,-0.65332,2.587646,-0.441406,184.921249,-53.115841,-142.311096
0.475098,5.764648,-2.529541,-249.992355,-249.992355,-65.940857,-3.66748,5.913086,-1.36499,45.967098,-249.992355,-165.931686
1.122559,4.601318,-2.103516,-249.992355,-249.954208,10.95581,2.35376,7.999756,-6.577148,-233.215317,-249.992355,-225.479111
0.860352,3.805664,-0.881592,-249.992355,-249.603256,45.509335,-0.310547,5.543701,-6.06665,-249.992355,-155.265808,-31.692503
0.53418,3.09082,-0.070801,-249.992355,-249.992355,57.28149,-0.86084,3.325195,-2.113037,-249.992355,-82.031242,18.707275
0.594482,2.695068,0.002686,-249.992355,-249.992355,39.56604,-1.024414,2.942871,-0.750488,-249.992355,-69.633484,23.124693
0.535645,2.43042,0.446533,-249.992355,-226.280197,11.154174,-0.965576,2.599365,-0.242432,-249.992355,-58.120724,43.937679
0.258301,2.159668,0.88208,-249.992355,-215.003952,-2.922058,-0.888672,2.275146,0.018555,-249.992355,-40.336605,60.836788
-1.266846,3.255615,-0.521484,247.993454,-239.639267,-129.592896,-0.82959,1.983154,0.010254,-249.992355,-24.154661,74.798584
-0.367676,0.497803,0.239258,-249.992355,1.075745,-169.311508,-0.749756,1.758545,-0.031982,-249.992355,-12.7182,87.303154
-1.034424,6.062744,-1.99585,-168.266281,-249.710068,-162.437424,0.259766,4.010498,-0.236816,188.529953,38.818359,-117.08831
-1.039551,-0.004395,0.759277,-200.813278,-71.70105,-96.321098,0.70166,-0.274658,0.409424,-246.643051,57.739254,249.992355
0.382813,1.20459,0.260742,226.692184,3.234863,213.684067,-0.722412,0.834473,-0.380127,249.992355,-249.992355,-71.266174
0.46582,1.185791,0.271973,221.420273,-12.428283,192.909225,1.398193,-0.513916,0.905029,-185.020432,151.229858,214.889511
0.51001,1.18042,0.232422,217.407211,-17.814636,169.929489,-0.696289,1.261963,-0.191406,249.992355,-114.334099,-194.969162
0.500244,1.163086,0.141846,217.895493,-11.589049,149.261475,-0.657715,0.982422,-0.167725,249.992355,-130.172729,-189.910873
0.489746,1.09375,0.071533,223.190292,0.747681,128.448486,-0.646484,0.745117,-0.154297,249.992355,-145.988464,-185.905441
0.51416,1.013672,0.01416,232.841476,18.218994,106.666557,-0.593994,0.589844,-0.102295,249.992355,-165.122971,-173.805222
0.543701,0.97168,-0.063477,243.858322,41.511532,86.196892,-0.508545,0.557617,-0.138428,249.992355,-187.68309,-153.327942
0.563721,0.976807,-0.150635,249.717697,70.487976,64.941406,-0.433105,0.624756,-0.240234,249.992355,-210.166916,-134.063721
0.587402,0.963379,-0.182617,249.992355,101.814262,42.938229,-0.366455,0.729492,-0.326172,249.992355,-232.513412,-121.620171
0.635254,0.925293,-0.211914,249.992355,156.852722,11.688231,-0.299316,0.825928,-0.311279,249.992355,-248.451218,-114.578239
0.343018,1.283691,0.206055,226.806625,21.507261,232.406601,-0.23877,0.914307,-0.244629,249.992355,-249.992355,-113.334648
0.684326,0.926514,-0.226074,249.992355,181.365952,7.446289,-0.238281,0.979004,-0.278564,249.992355,-249.992355,-114.883415
0.824463,1.422852,-0.160645,249.992355,234.603867,8.712769,-0.711914,1.486328,-0.204102,249.992355,-99.258415,-206.146225
0.831055,1.924072,-0.209473,249.969467,249.877914,11.650084,-0.331299,1.048584,-0.316162,249.992355,-249.992355,-117.942802
0.651123,2.439209,-0.345703,249.992355,249.992355,11.146544,-0.371826,1.439697,-0.300537,249.992355,-249.992355,-132.461548
0.311035,2.920898,-0.501709,249.992355,232.818588,-0.244141,-0.446533,1.76416,-0.289307,249.992355,-249.992355,-150.550842
0.002441,3.081299,-0.568604,248.809799,172.538742,-30.433653,-0.527832,2.144043,-0.133057,249.992355,-249.992355,-175.491318
-0.270996,3.126221,-0.663574,249.992355,76.583862,-59.669491,-0.559082,2.608887,-0.050781,249.969467,-249.977097,-198.379501
-0.739258,3.286621,-0.9375,249.992355,-110.244743,-84.945671,-0.555176,3.093018,-0.039063,249.992355,-249.992355,-208.930954
-1.585205,3.324219,-1.336182,200.317368,-244.247421,-110.931389,-0.533691,3.337402,0.003662,249.992355,-249.992355,-213.188156
-2.164795,4.33374,-1.687988,53.12347,-249.992355,-146.942139,-0.409668,3.325439,-0.006592,248.756393,-248.886093,-214.187607
-0.75415,0.220703,0.541016,-246.635422,-31.135557,-134.437561,-0.211914,3.404785,-0.15332,249.641403,-249.992355,-184.562668
0.751953,1.028809,-0.186279,249.992355,205.146774,7.606506,-0.054199,3.873779,-0.395264,249.992355,-249.992355,-112.899773
0.336426,1.392578,0.134033,217.346176,36.697388,249.839767,0.258545,4.538086,-0.839111,206.527695,-203.865036,-37.002563
0.608398,0.939453,-0.185303,249.992355,130.737305,23.780821,-0.381592,1.195313,-0.312256,249.992355,-249.992355,-122.367851
0.333252,1.421631,0.095703,175.7202,48.72131,249.732956,-0.661133,1.545654,-0.087891,249.992355,-85.830681,-222.740158
0.326172,1.442139,0.09668,197.532639,45.768734,249.992355,1.017578,-0.352295,0.650879,-216.781601,106.819145,239.738449
-0.867188,-0.549561,0.946045,-86.479179,-106.422417,-31.784056,-0.701172,1.503906,-0.05957,249.992355,-65.200806,-249.992355
-0.869629,-1.071777,0.950195,5.432128,-87.776176,-14.572143,1.55542,-0.869873,1.177246,-125.183098,179.61882,160.652145
-1.086914,-1.21875,0.83374,102.699272,-83.137505,5.218505,1.458008,-1.248535,1.397949,-28.45764,203.30809,67.581177
-1.176025,-0.823486,0.778076,148.872375,-85.830681,38.246155,1.431885,-1.348877,1.219482,47.096249,235.687241,-12.123107
-1.174316,-0.331055,0.758789,136.672974,-69.076538,74.012756,1.468506,-1.23999,0.960693,94.978325,249.992355,-43.891903
-0.987305,0.044678,0.728271,117.050163,-46.432491,116.256706,1.477295,-0.991943,0.937256,176.841721,249.68718,-76.210022
-0.595703,0.250977,0.654297,122.398369,-32.546997,154.47998,1.519531,-0.636963,0.972168,237.670883,249.748215,-131.149292
-0.391602,0.323975,0.565674,139.312744,-23.971556,188.056931,-0.660645,1.513916,-0.037354,249.992355,-73.684692,-243.858322
-0.356934,0.425537,0.422607,144.485474,-19.126892,220.039352,0.754883,0.06543,0.542969,195.411667,239.73082,-184.951767
-0.422852,0.568604,0.335938,136.749268,-11.146544,244.827255,0.536377,0.309814,0.398438,183.799728,190.544113,-228.38591
-1.048096,-0.199219,0.871826,-149.635315,-101.989738,-62.797543,0.234375,0.55835,0.170166,165.138229,151.016235,-249.229416
-0.384766,0.886963,0.244629,131.118774,15.281676,249.992355,-0.056641,0.756836,-0.010498,160.797104,126.090996,-249.992355
-0.455078,0.711426,0.311523,130.195618,2.63977,249.992355,1.11792,-0.26001,0.804199,215.042099,249.992355,-157.997131
0.279297,1.514893,0.169922,151.626587,40.328976,249.992355,-0.577148,0.97998,-0.009033,181.541428,97.55706,-249.992355
0.199463,1.623291,0.230225,149.032593,36.78894,249.992355,-0.369385,0.887695,-0.048096,168.53331,110.382072,-249.992355
0.149658,1.671143,0.241211,145.805359,38.520813,249.992355,-0.720215,1.552734,-0.055908,249.992355,-56.037899,-249.824509
0.127441,1.623047,0.2146,144.088745,42.572018,249.992355,-0.734619,1.515869,-0.080566,249.992355,-43.914791,-249.992355
0.32959,1.423584,0.112793,159.164429,46.379086,249.961838,-0.725098,1.471436,-0.083496,246.078476,-27.70233,-249.992355
0.05957,1.394043,0.201416,138.969421,39.245605,249.992355,-0.729004,1.472412,-0.072021,222.610458,-9.933472,-249.992355
-0.080322,1.254395,0.207275,138.900757,32.00531,249.992355,-0.704346,1.530273,-0.055664,249.992355,-61.401363,-249.977097
-0.245605,1.084717,0.202148,135.925293,24.345396,249.992355,-0.712402,1.39502,0.139404,189.216599,31.974791,-249.992355
0.121582,1.504639,0.203857,141.296387,43.67065,249.992355,-0.676514,1.283203,0.238037,185.523972,52.398678,-249.992355
-0.064941,2.029297,-0.041992,-249.992355,-98.808281,13.816833,-0.639893,1.184814,0.177002,187.828049,68.16864,-249.992355
2.859375,4.572754,-5.053223,-84.373466,-188.453659,7.835388,-0.619873,1.087891,0.051758,189.346298,81.93969,-249.992355
2.029785,4.363037,-4.049805,-119.316093,-12.344359,89.393608,-0.726563,1.468262,-0.006104,200.065598,9.963989,-249.992355
1.572998,3.899414,-2.621582,-189.735397,85.220329,131.599426,-0.399902,6.881592,-3.91748,-214.668259,118.553154,16.067505
1.078857,3.394531,-1.522217,-244.873032,138.61084,140.266418,-0.65332,5.428467,-5.318604,-249.992355,122.856133,37.452698
0.393066,3.022705,-0.692871,-249.992355,144.035339,149.978638,-0.921143,4.019531,-4.688721,-249.992355,57.182308,28.228758
-0.12085,2.700439,-0.161133,-249.992355,104.86602,147.354126,-0.790039,3.643066,-2.920166,-249.992355,39.611816,41.038509
2.862793,5.089111,-4.74292,-74.890137,-249.992355,-61.210629,-0.985352,3.482178,-1.458984,-249.992355,22.468565,46.95129
-0.41333,2.473145,-0.05957,-249.992355,42.503353,113.243095,-1.060547,3.122803,-0.967773,-249.992355,-23.765562,44.776913
-0.300781,2.364746,-0.199707,-249.992355,-31.021116,58.830257,-1.058838,2.670654,-0.562744,-249.992355,-66.085815,42.083736
0.020508,1.622803,0.193848,-249.992355,-150.146484,-18.241882,-0.869385,2.270752,-0.185303,-249.992355,-81.42852,36.582947
0.075439,1.191406,0.287109,-249.992355,-175.07933,-52.726742,-0.663574,1.923096,-0.102783,-249.992355,-70.663452,30.395506
-0.032715,1.317383,0.265625,-249.992355,-205.207809,-54.115292,-0.600342,1.635254,0.008789,-249.992355,-46.554562,31.791685
-0.037109,1.317871,0.2854,-249.992355,-205.58165,-55.458065,-0.822754,1.691895,0.529297,-249.992355,-41.877743,155.021667
0.012939,1.276367,0.299805,-249.992355,-191.734299,-54.306026,-0.638428,1.408447,0.202148,-249.992355,-20.050049,50.506588
0.059326,1.112061,0.272461,-249.824509,-157.058716,-55.793758,-0.673096,1.321533,0.28125,-249.992355,-26.840208,58.280941
-0.003418,1.05835,0.247559,-249.992355,-140.518188,-59.104916,-0.69751,1.234863,0.395508,-249.992355,-38.17749,59.112545
-0.024658,1.062744,0.233643,-249.992355,-130.813599,-61.836239,-0.677002,1.200684,0.450684,-249.992355,-53.565975,52.803036
-0.008545,1.167969,0.238525,-240.852341,-129.28772,-64.941406,-0.656006,1.215332,0.436279,-249.992355,-70.281982,49.194332
0.048828,1.269043,0.265869,-225.547775,-134.887695,-66.848755,-0.617188,1.274414,0.393799,-249.992355,-81.291191,60.478207
0.133301,1.343506,0.299316,-219.207748,-142.089844,-74.005127,-0.591797,1.324707,0.36377,-249.992355,-83.847038,80.070496
0.901855,5.326172,-3.39502,35.240173,-249.992355,-85.258476,-0.661865,1.331787,0.395752,-249.992355,-80.589287,97.663872
0.023926,1.388916,0.265137,-249.992355,-185.966476,-42.930599,-0.748047,1.391602,0.416016,-249.992355,-73.738098,116.271965
-0.365479,5.287598,-2.182129,210.571274,-248.321518,-99.517815,-0.794678,1.52417,0.490967,-249.992355,-61.172482,133.857727
0.163818,1.418457,0.338135,-233.062729,-147.392273,-91.194145,0.098877,4.935059,-1.60083,67.03949,144.729614,-11.184691
-0.229736,4.587891,-1.465088,249.267563,-6.477355,-61.088558,-0.627686,1.482178,0.181396,-249.992355,-24.971006,40.107727
0.278809,1.553223,-0.091553,249.992355,148.834229,249.992355,0.820801,4.018066,-1.230225,249.992355,64.224243,1.670837
0.347412,1.525879,-0.083496,249.992355,143.371582,249.992355,-0.815186,0.951904,-0.083496,249.992355,-243.911728,-99.678032
0.470947,1.489258,-0.055664,249.992355,144.081116,247.001633,0.271973,4.682129,-0.678467,247.001633,-216.728195,-39.413452
0.519775,1.439941,-0.030029,249.992355,150.901794,236.854538,-0.827637,1.86792,0.543701,-249.992355,-16.113281,182.701096
0.533447,1.449463,-0.016357,249.992355,153.98407,225.051865,-0.984131,1.79248,0.174805,249.992355,21.263121,-249.992355
0.525146,1.436523,-0.062744,249.992355,142.044067,206.619247,-1.069336,1.755127,0.010742,249.992355,-12.428283,-249.954208
0.483154,1.378906,-0.156738,249.992355,113.227837,183.814987,-1.10376,1.578369,-0.070068,249.992355,-45.845028,-249.900803
0.506104,1.248535,-0.185303,249.992355,69.625854,155.044556,-1.067627,1.318604,-0.044922,249.992355,-69.717407,-249.992355
0.556641,1.086426,-0.095947,249.992355,17.13562,122.535698,-0.951172,1.097656,0.041748,249.992355,-82.862846,-248.779282
0.593262,0.991455,-0.076172,249.992355,-32.356262,90.614311,-0.842529,0.968018,0.090088,249.992355,-89.584343,-237.472519
-0.51001,5.332764,-1.662354,249.992355,-226.005539,-97.084038,-0.762695,0.930908,0.05249,249.992355,-95.16143,-220.69548
0.651123,0.938232,-0.08374,249.839767,-75.6073,55.747982,-0.752441,0.935547,-0.063232,249.992355,-105.712883,-199.851974
0.800049,1.094727,-0.05542,249.992355,-137.695313,2.525329,-0.836914,0.923096,-0.18457,249.992355,-125.083916,-179.031357
0.935791,1.251953,-0.050781,244.491562,-151.916504,-8.110046,0.603027,4.412842,-1.017578,249.992355,-75.248718,-15.090941
1.064697,1.299072,-0.030518,223.876938,-129.699707,-11.528014,-0.920654,0.88208,-0.209961,249.992355,-152.145386,-159.042358
1.27002,1.272949,0.009033,210.24321,-57.647701,4.859924,-0.877197,0.873047,-0.109863,249.992355,-215.087875,-119.758598
1.59082,1.372803,-0.048096,212.318405,70.266724,35.110474,-0.764404,1.123779,-0.082764,249.992355,-249.992355,-89.950554
1.713135,1.664795,-0.129395,231.811508,212.63121,57.327267,-0.776855,1.398682,-0.087646,249.992355,-249.992355,-92.834465
1.494141,2.05542,-0.188721,249.122604,249.198898,62.744137,-0.843262,1.715576,-0.093018,249.992355,-249.992355,-95.390312
1.090576,2.461182,-0.309326,249.992355,247.322067,60.096737,-0.903564,2.055908,-0.08252,249.992355,-249.977097,-90.171806
0.665771,2.994141,-0.618408,249.992355,249.992355,43.67828,-0.947754,2.450439,-0.11377,249.992355,-249.992355,-80.642693
0.235107,3.681641,-1.080566,248.817429,232.566818,-4.455566,-0.937012,3.067627,-0.144531,249.992355,-249.992355,-66.444397
0.707764,0.947021,-0.061279,249.961838,-110.076897,23.597715,-0.769287,3.769775,-0.238525,249.946579,-249.031052,-56.976315
0.202393,1.439453,0.355469,-249.092087,-147.438049,-113.029472,-0.570557,4.147949,-0.388428,249.992355,-249.626144,-57.350155
0.288818,1.468018,0.29541,-249.992355,-136.024475,-132.797241,-0.308594,4.415527,-0.473145,249.908432,-249.992355,-54.595943
0.368408,1.580078,0.174805,-249.992355,-107.917778,-142.448425,-0.912109,0.855713,-0.14917,249.992355,-183.601364,-140.045166
0.175781,1.449707,0.043213,147.407532,-35.27832,249.992355,-0.960205,1.79834,0.23877,249.992355,50.193783,-249.992355
0.200195,1.568115,0.073975,134.025574,-26.123045,249.992355,-0.855713,1.922363,0.498291,-249.992355,10.169982,204.902634
0.225342,1.653564,0.145508,120.62072,-18.356323,249.992355,-0.901611,2.05542,0.155762,-249.992355,40.153503,248.03923
0.276855,1.654053,0.185059,110.725395,-7.286071,249.992355,-1.373047,2.143799,0.00708,220.283493,249.992355,-249.992355
0.343506,1.605225,0.145264,98.617546,12.20703,249.992355,-1.465576,2.120605,-0.022461,218.833908,247.901901,-249.992355
0.368652,1.570313,0.137451,79.650879,41.763302,249.992355,-1.498535,2.022217,-0.084473,227.470383,238.21257,-249.992355
0.361816,1.565186,0.151367,61.477657,74.21875,249.992355,-1.494141,1.905762,-0.064697,230.4077,217.765793,-249.992355
0.370361,1.573975,0.14502,54.054256,103.553764,249.992355,-1.481201,1.781006,0.012695,221.443161,182.029709,-249.992355
0.391113,1.513916,0.143799,61.660763,129.66156,249.992355,-1.358154,1.627197,0.05835,208.564743,135.124207,-249.992355
0.451904,1.299316,0.11792,100.799553,171.17308,249.992355,-1.134766,1.457275,0.085938,205.619797,86.730949,-249.992355
0.441406,1.240967,0.078125,126.319878,182.022079,249.587997,-0.964355,1.359375,0.004639,208.000168,43.586727,-249.992355
0.390625,1.186523,-0.004639,157.936096,177.688583,249.992355,-0.915039,1.301514,-0.080811,201.454147,7.110595,-249.908432
0.297119,1.119629,-0.096191,201.652512,155.769348,249.992355,-0.896729,1.093506,-0.027344,174.896225,-55.122372,-249.992355
0.267334,1.057617,-0.151367,243.118271,124.633781,228.286728,-1.251709,2.085449,-0.0271,235.183701,249.992355,-249.992355
0.348389,0.969727,-0.15918,249.992355,94.810478,194.168076,-0.888428,0.938477,0.033447,171.501144,-87.135307,-245.246872
0.478027,0.86792,-0.140137,249.992355,72.113037,150.985718,-0.798096,0.609375,-0.003418,201.103195,-135.231018,-223.892197
0.570801,0.81958,-0.127686,249.992355,51.49078,100.921623,-0.695801,0.488525,-0.094238,224.296555,-153.274536,-204.238876
0.577637,0.836182,-0.136963,249.992355,24.92523,55.572506,-0.572998,0.43335,-0.203369,242.423996,-172.103867,-182.449326
0.577637,0.900391,-0.159424,249.992355,-8.972168,17.471313,-0.47998,0.443848,-0.274902,249.725327,-188.514694,-160.659775
0.773193,0.967285,-0.162109,249.992355,-41.91589,-16.288757,-0.485352,0.496826,-0.334961,249.992355,-199.562057,-138.282776
1.063721,1.006836,-0.10376,249.992355,-53.047176,-45.379635,-0.518066,0.571289,-0.372559,249.992355,-215.263351,-118.698112
0.167236,1.354248,0.045898,152.305603,-50.155636,249.992355,-0.562256,0.645996,-0.402588,249.992355,-242.050156,-105.537407
0.035889,1.269531,0.048096,147.438049,-64.712524,249.992355,-0.627441,0.673584,-0.385742,249.992355,-249.992355,-93.345634
0.423828,1.388184,0.137695,79.658508,152.793884,249.992355,-0.687988,0.713135,-0.367188,249.992355,-249.992355,-79.26178
-0.601318,0.77832,0.089355,126.716606,-78.071594,238.365158,-0.904053,1.952881,0.305664,-249.992355,29.602049,228.088364
-0.232178,1.096191,0.062744,137.641907,-74.516296,249.992355,-0.862793,0.76709,0.045166,180.961594,-114.845268,-237.243637
0.320557,1.861572,-0.034668,-249.992355,-23.590086,-138.877869,-1.101563,1.972412,-0.053711,245.590195,249.93895,-249.992355
0.178467,1.983643,0.02124,-249.992355,2.6474,-146.133423,-0.928711,1.21875,-0.075195,187.355026,-23.376463,-249.992355
-0.047607,2.031494,0.140381,-249.992355,18.333435,-155.708313,-0.316895,1.547119,-0.089844,238.456711,249.992355,-249.992355
-0.27002,1.786133,0.182617,-249.992355,23.269651,-157.142639,-0.884766,2.104492,0.162109,-249.992355,44.731136,249.992355
-0.177734,1.689941,0.241455,-249.992355,22.53723,-179.512009,-0.802002,1.810303,-0.122314,241.48558,249.992355,-249.992355
-0.085449,1.666748,0.347412,-249.977097,14.98413,-217.529282,-0.911621,2.327148,0.331787,-249.992355,43.685909,249.992355
-0.204346,1.602783,0.382568,-249.992355,10.589599,-217.277512,-0.828857,2.844727,0.524902,-249.992355,39.649963,249.992355
-0.304199,1.433838,0.343262,-249.93895,6.492614,-210.525497,-0.560303,2.903076,0.74585,-249.992355,32.562256,249.992355
-0.341064,1.00708,0.422119,-248.649582,4.615784,-214.416489,-0.370117,2.376465,0.912109,-249.992355,19.790649,249.992355
-0.416016,0.419922,0.717285,-249.992355,-2.059937,-208.457932,-0.199951,1.688721,0.986816,-249.984726,11.039733,249.992355
0.38208,1.74292,0.033936,-249.992355,-65.1474,-141.090393,0.149414,0.497803,0.825439,-249.992355,-9.155273,249.778732
-1.175537,0.349365,0.204834,117.103569,-81.413261,190.292343,0.270508,0.085205,0.770752,-249.313339,-7.858276,249.992355
-0.89209,-0.598389,1.25708,-175.819382,-62.866207,-184.074387,0.47998,-0.213867,0.843994,-249.992355,5.393981,249.992355
-1.43042,-1.023193,1.489746,-92.987053,-134.941101,-159.118652,0.833984,-0.404053,1.059814,-249.992355,24.681089,240.364059
-1.553711,-1.110352,1.578613,-36.888123,-203.529343,-109.497063,0.025391,1.044678,0.907715,-249.992355,-0.648498,249.992355
-0.995605,-0.916504,1.291748,5.645751,-240.188583,-48.08807,1.791992,-0.600586,1.67334,-158.355713,59.860226,243.743881
-0.540771,-0.828613,1.143555,57.266232,-239.143356,-23.353575,0.233154,1.198975,0.244141,249.114975,249.992355,-249.992355
-0.744629,-0.910156,0.841553,119.73571,-216.758713,-13.450622,1.26709,-0.523438,1.350586,-220.359787,41.969296,233.886703
-1.257324,-0.876953,0.455811,148.864746,-189.659103,30.052183,1.759521,0.427246,0.996582,249.832138,249.992355,-161.315903
-1.610596,-0.613525,0.381836,128.730774,-153.320313,84.938042,1.541748,-0.12085,1.231201,249.954208,249.992355,-98.197929
-1.574463,-0.127686,0.353027,112.815849,-110.099785,132.835388,1.545898,-0.880615,1.810547,249.992355,249.992355,-105.346672
-0.507813,-0.125,0.999512,-249.992355,-18.280029,-198.944077,1.120361,0.813232,0.758057,249.992355,249.992355,-241.23381
1.286621,2.328125,0.034668,249.992355,243.720993,44.486996,1.943848,-1.550293,2.785645,169.136032,140.335083,-24.429319
1.096436,2.012207,0.058105,249.992355,169.441208,28.869627,2.601807,-1.302734,2.661377,2.510071,67.855835,115.44799
0.924805,1.697754,0.129639,249.992355,60.020443,3.738403,2.513672,-0.855957,2.12085,-90.774529,66.459656,220.359787
0.811768,1.441162,0.092285,249.992355,-28.694151,-21.682737,1.601318,-1.43457,2.265869,249.771103,238.34227,-90.705864
0.142578,0.891113,0.0354,249.992355,-131.439209,-11.32965,-0.550049,3.344482,-0.461182,249.992355,-249.992355,-25.894163
0.729736,1.061523,0.097168,245.231613,-147.04895,-50.437923,-0.509766,0.802246,-0.161133,249.992355,-76.10321,-84.388725
0.587646,0.956055,0.064209,244.361862,-168.968185,-43.136593,-0.521729,0.994141,-0.169189,249.992355,-91.606133,-73.127747
0.3479,0.895996,0.021484,247.91716,-162.422165,-27.236937,-0.600586,1.201904,-0.191895,249.992355,-111.747734,-62.309261
1.260986,2.681641,0.084717,249.992355,249.992355,47.653194,-0.657959,1.427246,-0.189941,249.992355,-140.022278,-53.176876
0.766846,1.213867,0.090576,249.450668,-97.633354,-42.030331,-0.734863,1.665527,-0.216064,249.992355,-186.561569,-48.278805
1.044189,3.078369,0.081055,249.992355,249.877914,37.528992,-0.829102,1.881104,-0.243652,249.992355,-238.250717,-47.096249
-0.991699,3.334473,-0.703125,249.992355,-186.408981,-34.492493,-0.845703,2.125,-0.230713,249.992355,-249.992355,-47.439571
0.76001,4.244629,0.215088,249.916061,249.992355,28.167723,-0.790771,2.482422,-0.273926,249.992355,-249.992355,-45.272823
0.559814,4.893799,0.119873,249.992355,249.992355,75.401306,-0.658447,2.900391,-0.328125,249.992355,-249.29808,-39.131165
0.146484,4.723389,-0.321533,249.641403,176.078781,68.862915,-0.442627,3.816162,-0.560791,249.992355,-249.992355,-13.84735
-0.476074,4.052979,-0.530273,244.773849,23.941038,14.762877,-0.618408,2.683594,-2.343262,-249.992355,105.171196,11.627196
-1.637207,4.272949,-1.55835,249.992355,-249.458298,-84.129326,-0.099121,3.90625,-0.358643,249.992355,-131.721497,0.053406
-0.949463,6.73877,-2.761475,-58.074947,-248.489365,-174.629196,0.080322,4.179688,-0.423828,249.992355,-19.706726,8.155823
1.025879,7.313721,-4.180176,-249.992355,-249.992355,-137.008667,0.268311,4.143555,-0.73877,248.573288,91.735832,17.066956
1.916504,5.159424,-3.551514,-249.992355,-236.82402,-55.480953,0.15332,3.372314,-0.803223,249.992355,119.956963,19.851685
1.514404,4.167236,-2.261963,-249.992355,-115.051262,0.221252,-0.115234,3.09375,-1.178223,249.992355,49.09515,6.088256
0.842041,3.289307,-1.367676,-249.992355,-62.019344,33.432007,-0.067871,4.650879,-2.557373,144.02771,44.425961,-31.135557
0.872314,3.508545,0.113037,249.977097,248.908981,17.311096,0.451416,6.796143,-4.549072,-174.934372,107.986443,-80.79528
0.069092,0.887939,0.05127,249.992355,-82.420341,10.871886,0.16626,5.78125,-5.973389,-249.992355,98.983757,-31.234739
-0.37915,-0.084229,0.609131,118.431084,-26.626585,31.60095,-0.760498,3.601807,-4.098633,-249.992355,119.956963,21.057127
0.189453,0.818848,0.069824,249.992355,26.908873,65.895081,-0.506104,0.645752,-0.136475,249.992355,-67.504883,-98.350517
0.31543,2.608643,-0.428223,-249.992355,-75.012207,31.639097,-0.257568,3.987793,-0.505615,249.969467,-223.892197,-5.073547
-0.396484,0.119629,0.398682,133.201599,-29.441832,41.175838,-0.48999,0.549316,-0.066162,249.992355,-61.43951,-111.732475
-0.459961,0.291504,0.312256,153.190613,-38.452148,53.88641,0.621582,-0.042725,0.719482,191.101059,60.661312,20.698545
-0.437256,0.452393,0.305908,166.671738,-54.840084,65.727234,-0.461182,0.53418,0.040039,249.992355,-47.531124,-124.588005
-0.36499,0.582764,0.334473,170.310959,-73.959351,73.738098,-0.826172,2.529297,-1.487305,-249.992355,78.735352,6.179809
-0.277344,0.695557,0.303467,165.901169,-90.324394,82.839958,0.511719,0.126953,0.374023,183.380112,106.018059,5.455017
-0.187744,0.796387,0.262695,161.071762,-98.045341,94.764702,0.295898,0.185791,0.230469,202.522263,159.355164,-13.320922
-0.066406,0.872559,0.234131,163.11644,-94.398491,106.895439,0.159424,0.244873,0.315674,237.20549,195.571884,-37.773132
0.065918,0.889893,0.227051,173.645004,-80.871574,116.4627,0.035889,0.392334,0.43457,249.839767,209.625229,-62.438961
0.155273,0.866943,0.223633,189.147934,-62.019344,124.977104,0.019775,0.599365,0.392334,249.992355,198.371872,-82.260124
0.11377,0.859375,0.053955,249.946579,-24.780272,40.084839,0.053711,0.804688,0.197754,246.566757,171.752914,-100.708
0.118652,0.885254,0.201904,202.583298,-37.811279,134.506226,-0.067139,0.940186,0.070801,231.124863,150.466919,-119.903557
0.147217,0.978271,0.206787,229.057297,23.41461,167.922958,-0.28418,0.989746,0.044922,226.966843,137.001038,-138.595581
0.178223,1.018799,0.202393,234.161362,54.13055,176.948532,-0.373047,0.974121,0.006836,235.5728,119.964592,-153.526306
0.101563,1.030762,0.206787,239.006027,82.809441,180.534348,-0.394287,0.959961,-0.023193,246.810898,102.249138,-161.880478
0.020752,1.056152,0.218262,243.087753,104.042046,178.87114,-0.391846,0.973389,-0.023926,249.992355,90.766899,-162.094101
-0.004395,1.090088,0.23999,247.062668,113.822929,171.165451,-0.359375,1.015869,-0.003906,249.916061,86.563103,-163.627609
-0.007324,1.093262,0.207275,249.961838,116.271965,159.339905,-0.36084,1.106445,0.010986,249.984726,82.328789,-166.320786
0.077637,1.044434,0.109131,249.992355,115.32592,145.507813,-0.40332,1.221191,-0.002686,249.992355,73.524475,-159.767151
0.231201,0.937012,0.096436,249.992355,106.719963,127.265923,-0.456055,1.294189,-0.022217,247.123703,60.035702,-150.360107
0.282227,0.82959,0.115479,249.992355,91.308586,105.758659,-0.500488,1.278809,-0.052002,237.853989,41.78619,-147.277832
0.253174,0.786865,0.109863,249.992355,65.818787,85.83831,-0.560547,1.17041,-0.057617,235.801682,19.561768,-144.271851
0.062988,0.932129,0.202393,216.91893,-7.438659,151.039124,-0.591797,1.035156,-0.040771,240.676865,-3.761291,-139.350891
0.090088,2.185791,-0.068604,-249.992355,-94.932549,24.612425,-0.569824,0.916748,-0.043945,247.863754,-22.178648,-136.59668
-0.466797,-0.287354,0.780029,107.177727,-27.511595,20.523069,-0.52832,0.804443,-0.022217,249.992355,-33.52356,-134.521484
0.372559,2.060059,-0.304932,-249.992355,-76.507568,3.684997,-0.500488,0.692139,0.023193,249.992355,-39.81781,-130.714417
-0.757813,-0.352783,1.448486,-249.992355,51.536556,-89.294426,-0.476318,0.602783,0.04834,249.992355,-43.067928,-127.494804
-1.228271,-0.727539,1.612305,-222.648605,1.823425,-71.800232,-0.468018,0.510254,-0.001221,249.992355,-54.618832,-120.277397
-1.337646,-1.000977,1.797852,-143.684387,-72.792053,-58.578487,-1.076416,2.480225,-1.523193,-249.992355,30.479429,3.173828
-0.855225,-1.0979,1.786865,-58.79974,-151.71814,-43.838497,-1.183105,2.224609,-1.419922,-249.992355,-15.701293,0.62561
-0.485596,-1.01416,1.553711,25.634764,-189.20134,-28.526304,-1.120361,1.840332,-0.701904,-249.992355,-36.254883,2.250671
-0.562256,-0.765625,1.330078,91.110222,-192.34465,-18.714905,0.553955,-0.203125,1.394287,-249.923691,-81.222527,220.085129
-0.720703,-0.537598,1.112793,138.198853,-205.917343,13.526916,1.087646,-0.43042,1.558105,-249.992355,-64.323425,176.803574
-0.874268,-0.259521,1.066895,156.013489,-213.432297,62.499996,1.631104,-0.559814,1.798584,-234.207138,-41.748043,165.428146
-1.070557,0.049316,1.025635,144.454956,-195.083603,103.317253,1.895508,-0.558838,2.057617,-178.901657,-11.627196,189.109787
-1.063965,0.332764,0.837158,141.952515,-162.963852,140.907288,2.123291,-0.575195,2.248779,-137.10022,16.00647,187.087997
-0.427734,0.05957,1.235107,-249.992355,69.007874,-102.874748,2.164307,-0.929688,2.455322,-73.974609,34.240723,101.066582
-0.723633,0.607178,0.533936,139.732361,-136.199951,172.996506,1.666748,-1.404297,2.718018,85.914604,84.373466,-30.632017
-0.191162,1.073242,0.234131,151.390076,-97.228996,233.978256,1.294922,-1.425781,2.552979,235.046371,175.399765,-105.842583
-0.034668,1.304688,0.145996,156.967163,-77.758789,249.404892,1.32251,-0.903076,2.079346,249.992355,240.020737,-121.459953
0.052246,1.490723,0.067383,168.045029,-52.818295,249.992355,1.121826,-0.339844,1.279785,249.992355,249.992355,-95.596306
0.123779,1.570068,-0.002197,188.392624,-25.535582,249.992355,0.192871,0.160156,1.401611,-249.55748,-88.203423,249.992355
0.220215,1.555908,-0.049561,208.885178,2.883911,249.992355,1.281738,0.024902,0.859131,249.992355,249.992355,-124.671928
0.315918,1.527344,-0.041016,231.369003,34.858704,249.992355,0.855469,0.87915,0.86792,249.992355,249.992355,-242.782578
0.376221,1.506592,-0.005615,248.085007,73.539734,249.992355,0.034912,1.244141,0.405273,249.992355,249.992355,-249.992355
0.36084,1.521484,0.01123,249.992355,112.777702,249.992355,-0.567139,1.51123,0.142822,249.992355,249.992355,-249.992355
0.308105,1.544189,-0.013672,249.992355,141.090393,249.992355,-0.760254,1.700439,0.047607,249.992355,249.992355,-249.992355
0.265381,1.568604,-0.060059,249.992355,152.107239,249.916061,-0.791504,1.766846,0.033203,249.992355,249.572739,-249.992355
-0.443115,0.832275,0.35498,141.975403,-113.418571,202.667221,-0.768066,1.788818,0.008545,249.992355,249.992355,-249.992355
-0.212646,0.605957,0.994141,-249.29808,64.559937,-111.732475,-0.849854,1.897705,-0.074463,249.992355,249.992355,-249.992355
0.203369,2.035645,-0.175293,-249.992355,-94.16198,17.730713,-1.162109,2.046143,0.006592,249.992355,230.514511,-249.992355
-0.223633,1.789307,0.666016,-249.992355,42.533871,-161.987289,-1.445068,2.13208,0.151367,249.992355,177.955612,-249.992355
0.384277,1.972168,-0.169922,-249.992355,-58.982845,-10.482787,-1.413086,2.101074,0.17334,249.992355,120.719902,-249.992355
0.38501,1.720459,0.19165,-249.992355,-51.132198,-18.432617,1.290283,0.407715,0.960938,249.992355,249.992355,-192.34465
0.317139,1.472168,0.390869,-249.992355,-50.712582,-12.390136,0.066406,0.66748,1.557129,-249.992355,-80.512993,249.992355
0.111328,1.324219,0.435059,-249.992355,-55.717464,-1.197815,-1.144775,1.93457,0.188477,249.992355,78.804016,-249.992355
-0.078125,1.317383,0.300049,-249.992355,-61.431881,2.853393,-0.077637,2.084229,1.209229,-249.992355,-23.880003,249.992355
-0.154541,1.394531,0.182617,-249.992355,-67.91687,-2.983093,-0.923828,1.54126,-0.054932,-249.992355,-35.316467,-1.533508
-0.182129,1.256348,0.788574,-249.992355,54.489132,-125.480644,-0.762939,1.446533,0.102539,-249.992355,-37.918091,-2.113342
-0.104004,1.406494,0.218994,-249.992355,-80.368034,-27.740477,-0.763672,1.492676,0.05957,-249.992355,-50.201412,4.150391
-0.125732,1.367188,0.299805,-249.992355,-94.688408,-42.503353,-0.813477,1.583252,-0.068359,-249.992355,-59.364315,23.712156
-0.100342,1.303223,0.391357,-249.992355,-116.638176,-59.791561,-0.71875,1.641846,-0.124268,-249.992355,-63.20953,45.921322
-0.035156,1.24292,0.513184,-249.992355,-140.380859,-77.201843,-0.62085,1.640381,0.089355,-249.992355,-58.319088,66.291809
-0.118896,1.441406,0.190674,-249.992355,-73.860168,-14.320373,-0.09082,1.294434,1.398438,-249.992355,-61.06567,249.404892
0.175781,1.373047,0.458008,-249.992355,-177.902206,-116.233818,-0.613525,1.728027,0.447266,-249.992355,-32.409668,97.854607
0.083496,1.248779,0.564453,-249.992355,-163.848862,-96.824638,-0.62207,1.746094,0.461914,-249.992355,-18.615723,111.92321
-0.270996,1.986328,0.22168,-249.992355,40.359493,-162.940964,-0.617676,1.733398,0.442627,-249.992355,-7.087707,126.457207
-0.125732,1.974365,0.197754,-249.992355,26.092527,-143.577576,-0.632324,1.804932,0.339844,-249.992355,1.991272,142.700195
0.078369,2.060303,0.11499,-249.992355,14.572143,-146.186829,-0.593994,1.664063,0.364258,-249.992355,-47.027584,82.695
0.156494,2.020996,0.013672,-249.992355,-3.883362,-152.313232,-0.803711,2.296143,0.134277,-249.992355,4.737854,187.026962
-0.165283,2.11377,0.517578,-249.984726,40.832516,-191.780075,-0.835205,2.601074,0.223145,-249.992355,0.267029,210.899338
0.479736,1.980225,0.088867,-249.992355,-88.48571,-156.517029,-0.822998,2.641113,0.384033,-249.992355,-4.104614,225.73851
0.436035,1.864502,0.184814,-249.992355,-129.470825,-152.290344,-0.806396,2.419434,0.567871,-249.992355,-10.337829,227.729782
0.339844,1.713623,0.301758,-249.992355,-161.643967,-146.842957,-0.840088,2.270264,0.787354,-249.992355,-8.209229,228.668198
0.264404,1.560791,0.365967,-249.992355,-178.123459,-133.621216,-0.757324,2.259277,0.847168,-249.992355,-1.487732,232.971176
0.361816,2.0,0.030273,-249.992355,-43.060299,-160.308838,-0.629883,2.243652,0.780762,-249.992355,8.033752,236.679062
-0.079102,0.996338,0.481689,236.312851,-62.080379,69.320679,-0.499023,2.767334,0.747559,-249.992355,22.003172,247.230515
0.01123,1.141357,0.53418,235.412582,-55.183407,76.187134,-0.365967,3.200195,0.691162,-249.992355,29.548643,249.984726
0.112793,1.169434,0.506836,247.047409,-49.293514,77.705383,-0.195801,2.819824,0.925293,-249.992355,13.664245,249.992355
0.121826,1.115967,0.500977,249.992355,-39.283752,85.014336,-0.731201,1.990967,0.210938,-249.992355,7.598876,163.635239
0.143311,1.073975,0.513672,249.992355,-25.886534,93.719475,-0.616699,1.449951,0.440918,230.056747,153.72467,-208.991989
0.14209,1.09375,0.503174,249.992355,-12.08496,99.586479,-0.522949,1.554443,0.421387,227.783188,166.51915,-219.581589
0.120605,1.157715,0.502686,249.992355,-1.197815,103.973381,-0.477295,1.459717,0.448486,243.621811,173.56871,-234.30632
0.112061,1.226563,0.473633,249.992355,3.929138,104.972832,-0.432861,1.296387,0.458984,249.992355,177.467331,-248.146042
0.11377,1.244629,0.434082,249.992355,3.440857,103.240959,-0.230469,1.077881,0.120361,248.702988,225.036606,-212.25737
0.123779,1.197266,0.407959,249.992355,-1.861572,97.801201,-0.414307,1.13501,0.378174,249.832138,188.217148,-249.885544
0.360596,1.101074,0.153564,171.020493,-235.130295,1.335144,-0.424561,1.097656,0.341309,249.992355,203.796371,-249.839767
0.173828,1.206787,0.343506,249.992355,-19.889832,84.58709,-0.373779,1.07959,0.219971,249.992355,218.360886,-240.035995
0.114502,1.341553,0.307861,249.992355,-32.25708,79.544067,-0.403076,1.188232,0.427002,249.992355,180.084213,-249.992355
0.03833,1.502197,0.27832,249.992355,-53.733822,82.778923,-0.708252,1.282715,0.550293,244.583115,135.696411,-200.851425
0.032227,1.533936,0.265625,249.992355,-81.459038,80.184937,-0.677734,0.792236,0.093994,247.962936,-79.360962,-124.534599
0.074951,1.375488,0.263428,249.992355,-110.710136,65.856934,-0.722412,1.32959,0.450439,235.214218,87.020866,-193.771347
0.12915,1.179443,0.295654,249.54985,-144.180298,47.248837,-0.697266,1.37207,0.31958,218.994125,64.201355,-195.533737
0.13623,1.060303,0.327393,249.992355,-181.022629,31.387327,-0.682617,1.303955,0.221191,214.797958,43.289181,-200.897202
0.106689,1.005615,0.301758,249.992355,-214.492783,23.03314,-0.686768,1.155029,0.174072,221.031174,24.978636,-204.429611
0.131592,1.002441,0.250488,228.347763,-238.960251,18.669128,-0.665771,1.015625,0.240723,233.520493,15.563964,-201.942429
0.226318,1.046875,0.197266,194.038376,-246.238693,11.215209,-0.663086,0.918213,0.333008,245.361313,11.520385,-189.002975
-0.118652,0.773438,0.443359,246.643051,-68.328857,58.113094,-0.690674,0.83252,0.36377,249.992355,5.073547,-168.968185
0.157959,1.149414,0.383545,249.992355,-10.688781,91.835014,-0.694336,0.778564,0.320313,249.214157,-5.836486,-149.627686
-0.147705,0.592041,0.462646,249.992355,-70.594788,46.989437,-0.658447,0.760986,0.242188,243.354782,-23.559568,-136.779785
-0.418213,-0.311279,0.574463,-249.992355,249.992355,94.840996,-0.641357,0.768066,0.16333,241.23381,-49.026485,-129.119873
-0.151611,0.317627,0.57666,246.368393,-53.344723,34.545898,-0.087891,1.022705,0.142578,248.443588,227.439865,-185.867294
0.527588,1.112305,0.147705,168.182358,-206.321701,0.076294,-0.726563,1.253174,0.601074,248.191818,113.204948,-195.49559
0.535156,1.360107,0.541992,-233.352646,-47.035213,-249.992355,-0.046387,0.867676,0.228027,249.992355,232.772812,-168.472275
0.44165,1.48291,0.433105,-224.380478,-32.806396,-249.992355,0.387939,-0.618896,0.674561,-178.977951,-194.465622,44.410702
0.341064,1.664551,0.319092,-222.557053,-22.506712,-249.992355,0.557129,0.38501,0.529785,249.961838,219.055161,-135.810852
0.256592,1.733887,0.283447,-225.250229,-9.811401,-249.793991,-0.737305,0.854736,0.040039,249.992355,-115.928642,-121.116631
0.192139,1.623047,0.307617,-224.922165,9.780884,-249.488815,-0.432373,2.145264,0.209229,-249.992355,-20.492552,204.284653
0.221436,1.676025,0.393066,-241.073593,37.414551,-249.992355,-0.480469,2.150391,0.109619,-249.992355,-25.329588,201.080307
0.182129,1.965088,0.477295,-249.992355,84.175102,-244.674667,-0.425781,2.030029,0.049805,-249.992355,-36.277771,193.283066
0.179443,2.042236,0.504639,-249.984726,151.062012,-197.319016,-0.300781,1.869873,0.154541,-249.992355,-37.42218,175.811752
0.312744,1.678955,0.531006,-249.992355,221.015915,-144.53125,-0.162842,1.724121,0.331055,-249.992355,-28.19824,170.280441
-0.12915,0.461914,0.515869,249.992355,-67.817688,38.291931,-0.131836,1.529297,0.436523,-249.992355,-17.845154,198.028549
0.236816,1.097656,0.389893,-249.992355,249.992355,-77.392578,-0.112793,1.245361,0.648438,-249.992355,-18.844604,213.561996
-0.228516,0.134033,0.307861,-249.992355,249.984726,60.31036,-0.136475,0.875,0.782715,-249.992355,-37.17041,211.051926
-0.570557,-0.732178,0.895752,-219.734177,249.992355,114.898674,-0.087402,0.536133,0.685547,-249.748215,-66.093445,187.171921
-0.698975,-1.166016,1.302734,-140.25116,249.252304,123.329155,0.076904,0.633545,0.325439,249.992355,234.05455,-156.723022
-0.773682,-1.556396,1.616211,-52.810665,249.992355,118.820183,0.01123,0.256592,0.546143,-249.206528,-98.297112,148.742676
-0.798584,-1.800537,1.679688,70.037842,249.992355,100.471489,0.197266,-0.395996,0.560059,-244.308456,-169.28862,67.268372
-0.772217,-1.60791,1.407959,189.002975,221.733078,67.024231,0.625977,-0.718994,0.826416,-115.402214,-203.704819,52.467342
-0.727783,-1.046143,0.942871,239.456161,139.755249,36.705017,0.825684,-0.804688,1.044678,-63.690182,-206.939682,61.401363
-0.634766,-0.459961,0.684082,236.671432,73.135376,24.612425,0.844482,-0.969482,1.283936,-3.738403,-197.00621,32.531738
-0.449219,-0.071777,0.590088,224.594101,19.851685,26.786802,0.929443,-1.170898,1.424805,88.951103,-159.553528,-33.088684
-0.265869,0.154297,0.584717,230.300888,-23.078917,31.768797,1.074219,-1.194092,1.403564,193.168625,-91.964714,-81.748955
0.020752,0.663818,0.270996,-249.244675,249.992355,-4.699707,0.978271,-0.925781,1.142334,246.52861,0.442505,-79.490662
0.452637,1.331543,0.594971,-245.231613,-57.319637,-249.992355,0.828369,-0.621338,0.7854,249.992355,96.641533,-72.479248
0.931152,1.199463,0.200684,235.755905,-44.960018,76.98822,0.939697,-0.312988,0.638184,249.992355,164.62706,-80.963127
1.348633,1.391602,0.273438,249.992355,104.988091,131.736755,1.019043,0.052246,0.69458,249.992355,193.046555,-100.051872
-0.109863,1.094971,0.465088,-249.992355,-107.353203,-56.40411,0.079346,-0.0625,0.502441,-249.992355,-132.453918,108.406059
-0.099609,1.011719,0.411865,-249.992355,-111.564629,-78.071594,-0.783691,0.97876,0.034424,249.992355,-164.382919,-116.722099
-0.027832,0.955322,0.403564,-249.992355,-121.955864,-97.427361,-0.86499,1.181641,0.030518,249.992355,-221.83989,-114.19677
-0.051025,0.988037,0.480957,-249.992355,-141.326904,-110.099785,-1.000488,1.462891,-0.016357,249.992355,-249.374374,-113.739006
-0.136963,1.164795,0.549316,-249.992355,-174.568161,-116.859428,-0.161865,1.470703,0.486572,-249.992355,15.884398,24.452208
-0.146729,1.349854,0.547363,-249.992355,-213.462814,-131.332397,-0.220703,1.506104,0.479736,-249.992355,55.236813,53.337093
-0.061035,1.347412,0.482666,-249.992355,-238.128647,-164.863571,-0.31665,1.399658,0.468018,-249.992355,81.977837,78.186035
0.056152,1.264893,0.420166,-249.992355,-231.66655,-202.918991,-0.461182,1.325195,0.422119,-249.992355,99.143974,104.515068
0.164307,1.225342,0.320313,-249.992355,-192.634567,-226.982101,-0.522705,1.407959,0.323975,-249.992355,106.910698,125.91552
0.181885,1.412109,0.047363,-249.992355,-68.069458,-217.498764,-0.57373,1.582275,0.238037,-249.992355,103.668205,141.38031
-0.112061,1.111572,0.525879,-249.992355,-103.317253,-36.300659,-0.589111,1.740723,0.303467,-249.992355,99.838249,160.15625
0.135986,1.820557,0.145508,-249.977097,-9.117126,-196.105942,-0.450928,1.8125,0.413818,-249.992355,100.46386,177.970871
-0.119629,1.727539,0.299072,-249.839767,56.129452,-138.931274,-0.342285,1.776123,0.538818,-249.992355,102.828972,191.192612
-0.20459,0.968994,0.577637,-248.527512,60.18829,-79.780579,-0.344971,1.896973,0.549805,-249.992355,101.913445,235.69487
-0.166748,0.355469,0.712158,-249.992355,63.407894,-58.517452,-0.118408,1.310059,0.482422,-249.992355,-26.969908,-3.105163
-0.293945,-0.274414,0.925537,-249.992355,75.668335,-48.820492,-0.34375,1.888916,0.598877,-249.977097,81.626884,248.764023
-0.563477,-0.751709,1.183594,-157.463074,89.576714,-35.690308,-0.179199,1.139404,0.891602,-249.992355,-0.404358,249.992355
-0.922363,-0.987061,1.447021,-60.829159,80.612175,-17.570496,-0.057129,0.62207,0.978271,-248.886093,-41.16058,222.930893
-1.028564,-0.960449,1.56543,15.838622,40.344234,-4.516602,0.010742,0.178467,0.958252,-249.992355,-74.546814,173.355087
-0.881592,-0.771484,1.420898,73.432922,0.38147,-2.151489,0.142578,-0.183594,0.999512,-249.992355,-103.805534,143.028259
-0.62915,-0.511475,1.041504,97.679131,-22.590635,6.599426,0.393799,-0.530029,1.176025,-196.960434,-123.275749,119.758598
0.675781,1.13501,0.153564,191.711411,-147.857666,25.520323,0.660156,-0.880859,1.37915,-101.882927,-127.365105,89.332573
0.046143,2.180176,0.168213,-249.992355,36.361694,-180.953964,0.803955,-1.066162,1.481201,3.097534,-109.573357,49.438473
-0.164063,1.079346,0.519775,-249.992355,-97.534172,-20.957945,0.750977,-0.963623,1.503906,99.983208,-69.656372,22.850035
0.192139,1.251953,0.178711,-249.992355,-133.529663,-230.041489,0.610352,-0.661133,1.391602,163.49791,-17.929077,20.278929
-0.073242,1.086426,0.604736,-249.992355,-71.708679,-16.395569,0.582031,-0.321533,1.109863,192.543015,25.367735,25.329588
-0.17334,1.037842,0.545166,-249.992355,-87.120049,-15.953063,-0.347412,1.589844,0.654541,-249.992355,42.755123,249.992355
1.453125,2.05957,0.421631,249.992355,249.992355,181.320175,-0.202881,1.152344,0.490234,-249.992355,-61.828609,-23.574827
1.091309,2.397461,0.355957,249.992355,249.740585,169.761642,-0.354248,1.77417,0.577637,-249.992355,105.140678,211.936935
0.736572,3.166016,0.427002,249.885544,247.093185,149.971008,-0.400635,1.120605,0.487061,-249.992355,-93.215935,-39.230347
0.546143,4.955078,0.399658,249.992355,249.992355,150.604248,-0.321777,1.088379,0.497559,-249.992355,-83.686821,-35.171509
0.124023,5.992188,-0.13208,249.992355,249.992355,130.577087,-0.817383,2.182861,-0.481934,249.992355,-249.992355,-78.704834
-0.516846,5.414551,-0.359619,244.064316,58.372494,23.048399,-0.748779,2.596924,-0.672852,249.992355,-249.992355,-42.716976
-1.362305,4.378174,-0.539063,249.992355,-195.915207,-167.694077,-0.903076,3.156494,-0.640381,249.93132,-240.364059,-36.216736
-1.699463,5.338623,-1.417236,249.992355,-247.970566,-190.605148,-0.76416,3.857666,-0.373779,249.992355,-198.944077,-90.011589
0.835205,7.924561,-2.943115,-28.442381,-249.992355,-204.452499,-0.632324,4.545654,-0.518311,249.992355,-140.907288,-114.94445
2.52417,7.999756,-6.387207,-249.992355,-249.992355,-218.994125,-0.299805,5.192871,-0.880371,247.421249,-72.257996,-105.148308
1.590576,1.716797,0.384766,249.992355,233.230576,167.137131,-0.441162,4.590332,-1.107422,247.657761,29.319761,-60.119625
1.589844,4.503662,-1.397217,-249.992355,-26.481627,-15.205382,-0.002686,3.570801,-1.151855,249.992355,100.563042,-23.902891
2.508301,5.806396,-4.505615,-249.992355,-168.960556,-81.573479,-0.956055,5.142822,-1.403076,166.992172,37.101746,-12.748717
-0.075439,1.554443,0.809326,-249.992355,0.167847,13.023376,-0.989746,7.999756,-4.70166,-194.152817,-9.506226,37.940979
-0.104736,1.90918,0.854248,-249.992355,61.424252,32.333374,-1.035156,1.808838,-0.19165,249.992355,-249.740585,-103.836052
0.004639,2.065918,0.857178,-249.992355,121.322624,39.237976,-1.006592,4.509277,-4.40625,-249.992355,116.333,53.283688
0.238281,2.107666,0.875488,-249.992355,155.525208,38.444519,-0.119873,6.76416,-6.979492,-249.992355,138.565063,65.742493
-0.011963,1.250977,0.651123,-249.992355,-44.952389,-7.80487,-0.631348,1.387451,0.250732,-249.992355,-105.529778,-31.60095
0.641357,2.741699,0.669189,-249.992355,144.767761,38.192749,-0.665771,1.781738,-0.046875,-249.992355,-108.833305,-17.616272
0.806885,3.300781,0.353516,-249.992355,105.552666,33.630371,-0.767578,2.202637,-0.188965,-249.992355,-103.187553,-6.66809
1.231201,3.80835,-0.02832,-249.992355,41.40472,18.432617,-0.831543,2.448975,-0.199219,-249.992355,-84.213249,1.152039
0.500977,2.311768,0.814453,-249.992355,159.492493,36.468506,-0.509521,1.198242,0.467041,-249.992355,-99.746696,-38.101196
-0.838623,-0.434082,0.442139,238.227829,-58.654781,11.444091,-1.131348,2.642578,-0.585938,-249.992355,-37.086487,30.006407
-0.460693,-0.079102,0.973633,-249.992355,249.992355,-25.993345,-1.200928,3.012451,-1.312988,-249.992355,-1.564026,32.989502
-0.500977,-0.394775,1.044189,-229.331955,248.93187,5.859375,-1.146484,3.601074,-2.312988,-249.992355,55.908199,41.740414
-0.73999,-0.773193,1.283691,-165.25267,249.992355,38.612366,-0.951172,2.522949,-0.223633,-249.992355,-59.379574,18.478394
-0.928467,-1.251709,1.551758,-81.321709,249.992355,38.94043,0.442383,-0.624268,0.686768,249.992355,45.005795,-134.437561
-0.899658,-1.467285,1.526855,3.059387,204.353317,27.587889,0.623047,-0.447021,0.699219,-160.774216,-119.056694,115.974419
-0.711182,-1.292969,1.342041,78.2547,115.768425,17.463684,0.989014,-0.614746,0.815918,-95.146172,-112.472527,76.339722
-0.487793,0.274902,0.85376,-249.992355,249.992355,-48.110958,1.275391,-0.659912,1.043701,-33.493042,-91.560356,61.027523
-0.620117,-1.037598,0.94043,158.653259,42.236324,3.883362,1.329834,-0.60376,1.190674,18.501282,-75.935364,56.068417
-0.686768,-0.780518,0.581299,225.631699,-14.892577,-1.617432,1.124023,-0.514648,1.166748,54.176327,-77.232361,41.763302
-0.872803,-0.105469,0.53833,225.410446,-97.000114,37.330627,0.760254,-0.548584,1.03418,92.475883,-78.163147,3.280639
-0.28125,0.989258,0.472412,222.473129,-175.025925,134.757996,0.316162,-0.205322,0.651367,-230.834946,-106.033318,165.168747
-0.359375,0.360352,0.480957,230.0186,-158.340454,85.502617,0.613037,-0.662842,0.960938,160.209656,-65.910339,-68.374634
-0.238281,0.563965,0.39917,227.989182,-171.134933,102.310173,0.555176,-0.72876,0.860352,234.992966,-25.405882,-124.465935
-0.223389,0.775879,0.426514,223.59465,-173.477158,118.537895,0.568604,-0.352783,0.505127,249.992355,118.087761,-145.629883
-0.359131,1.193604,0.509033,236.289963,-177.368149,152.084351,-0.47583,1.182129,0.078613,249.992355,222.862228,-249.992355
-0.335205,1.282715,0.511475,249.29808,-172.836288,166.557297,0.644043,0.438477,0.615479,249.992355,191.543564,-186.111435
-0.184082,1.268311,0.45459,249.992355,-155.944824,178.176865,0.182861,0.779297,0.400879,249.992355,216.705307,-224.037155
-0.021729,1.232422,0.407471,249.992355,-127.037041,189.842209,-0.137207,1.025635,0.170654,249.992355,224.166855,-246.620163
0.061768,1.275146,0.381836,249.992355,-91.529839,201.332077,-0.707275,1.251465,0.181396,249.992355,216.880783,-249.992355
0.061523,1.379395,0.394287,249.992355,-56.266781,211.814865,-0.716797,1.314941,0.296631,249.992355,203.536972,-249.992355
-0.47998,0.79126,0.616699,-249.465927,249.885544,-84.533684,-0.74585,1.404297,0.274414,249.992355,191.261276,-249.992355
-0.65332,0.140137,0.593262,225.349411,-131.706238,64.64386,-0.799561,1.469482,0.194824,249.992355,175.903305,-249.992355
-0.352295,1.453857,0.407715,-249.992355,240.875229,-144.424438,-0.851807,1.509277,0.188721,249.992355,164.054855,-249.992355
0.080566,1.409424,0.416748,249.992355,-31.089781,219.230637,-0.759277,1.553223,0.218018,249.992355,161.056503,-249.908432
0.075195,2.085693,0.650146,-249.984726,186.653122,-198.303207,0.111084,0.045654,0.59668,-249.992355,-84.922783,210.952744
1.046387,2.699219,-0.272461,-249.992355,110.939018,-71.739197,0.785645,0.03125,0.500244,249.992355,162.811264,-158.195496
0.714111,2.140381,0.069824,-249.992355,78.567505,-80.398552,0.037842,0.296875,0.630371,-249.900803,-64.544678,249.443039
0.354736,1.736084,0.38623,-249.992355,31.684874,-86.006157,-1.134277,2.651367,-1.047119,-249.992355,70.831299,112.487785
0.203613,1.582764,0.421875,-249.992355,-13.183593,-100.013725,0.158691,0.971436,0.884277,-249.992355,-22.377012,249.42778
0.155518,1.547852,0.249756,-249.992355,-47.348019,-121.520988,-0.590576,1.583984,0.266602,249.977097,160.97258,-249.992355
0.168701,1.458008,0.246338,-249.992355,-73.448181,-144.096375,-1.065186,1.958984,-0.373779,-249.992355,42.137142,115.066521
0.23999,1.317871,0.327148,-249.977097,-94.024651,-169.601425,-0.844727,1.621094,0.004883,-249.992355,30.326841,108.245842
0.263184,1.243408,0.394043,-249.839767,-108.833305,-192.924484,-0.72998,1.583252,0.039307,-249.992355,16.052246,105.522148
0.259766,1.246582,0.488037,-249.992355,-119.773857,-213.882431,-0.69165,1.644531,-0.061523,-249.992355,-5.195617,112.945549
0.284668,1.267334,0.574951,-249.93132,-127.159111,-239.341721,-0.609131,1.611084,-0.20752,-249.992355,-23.376463,124.26757
-0.015869,2.094238,0.54248,-249.992355,213.058456,-187.446579,-0.469482,1.496826,-0.197754,-249.992355,-31.867979,130.874634
0.314453,1.320801,0.535645,-240.051254,-126.678459,-249.992355,-0.466797,1.404053,0.091064,-249.992355,-24.017332,144.180298
0.362061,1.516846,0.515381,-222.373947,-109.008781,-249.992355,-0.46875,1.467285,0.45166,-249.992355,-0.556946,162.689194
0.385498,1.596191,0.48877,-215.28624,-96.099846,-249.992355,-0.432129,1.623535,0.468018,-249.992355,22.644041,175.292953
0.398438,1.753906,0.467285,-222.251877,-81.977837,-249.992355,-0.409424,1.787598,0.394043,-249.992355,34.637451,185.005173
0.375244,1.922119,0.501465,-242.965683,-66.162109,-249.992355,-0.397461,1.977295,0.338135,-249.992355,36.705017,200.210556
0.344971,1.942139,0.490479,-249.992355,-40.496822,-249.992355,-0.363037,2.108154,0.334717,-249.992355,30.85327,222.061142
0.354736,1.892334,0.43042,-249.992355,-1.647949,-249.992355,-0.391846,2.073486,0.355225,-249.992355,20.103453,245.658859
0.330811,1.975342,0.36499,-249.992355,41.603085,-249.694809,-0.414307,1.885498,0.427734,-249.992355,4.501343,249.992355
0.298096,1.98291,0.392822,-249.992355,81.611626,-249.664291,-0.531494,1.674316,0.601074,-249.992355,-6.881713,249.992355
0.187744,1.884277,0.47876,-249.992355,122.993462,-249.992355,-0.569824,1.633301,0.689941,-249.992355,-16.815186,249.992355
0.088623,1.824463,0.595459,-249.992355,160.858139,-240.364059,-0.535889,1.733887,0.621094,-249.992355,-26.115416,249.992355
0.335938,1.404541,0.494629,-231.864914,-119.873039,-249.992355,-0.438232,1.885254,0.554443,-249.992355,-32.371521,249.992355
0.14502,1.35083,0.412598,249.992355,-12.649535,220.565781,-0.244385,2.131104,0.515381,-249.992355,-28.648375,249.992355
1.16626,3.103027,-0.485107,-249.992355,109.680168,-63.3316,-0.088867,2.238281,0.584717,-249.992355,-10.108947,249.992355
0.281982,1.219727,0.26123,249.992355,41.000362,201.370224,-0.015869,1.94458,0.650146,-249.984726,3.234863,249.992355
-0.835693,6.650635,-1.149902,59.165951,-247.215256,-155.067444,0.086914,1.449707,0.797607,-249.992355,-1.686096,249.916061
5.511719,7.999756,-4.47583,-213.050827,-249.992355,-202.209457,0.079102,0.599121,0.764404,-249.458298,-45.494076,249.992355
4.505615,7.44751,-7.468018,-249.992355,-249.992355,-249.992355,-0.586426,1.580811,0.317627,249.900803,154.556274,-249.992355
2.169678,4.372559,-2.944092,-249.992355,-118.522636,-194.725021,-0.336914,2.0354,0.341309,-249.992355,-27.542112,200.759872
1.398682,3.552734,-0.375977,-249.992355,4.112244,-139.11438,-0.88623,1.419922,0.164795,249.595627,101.745598,-238.34227
1.048096,3.166504,0.593506,-249.992355,46.19598,-116.477959,0.588135,5.101318,-1.662842,152.877808,15.632628,1.983642
0.756348,2.820801,0.783691,-249.992355,56.587215,-107.864372,0.825439,7.725342,-4.492676,-201.034531,167.564377,115.341179
0.465332,2.374023,0.697998,-249.992355,55.221554,-115.394585,-0.249756,6.606689,-5.397705,-249.992355,249.992355,150.039673
0.207031,2.019775,0.673584,-249.992355,48.324581,-123.413078,-1.706055,4.739014,-4.056885,-249.992355,188.041672,142.63916
0.168213,1.775146,0.720459,-249.992355,36.743164,-125.106804,-1.600586,3.819336,-1.977051,-249.992355,62.57629,120.674126
-2.543213,4.004883,-0.35498,249.992355,-249.992355,-235.549911,-1.307861,3.318604,-0.860596,-249.992355,5.714416,102.272026
0.282471,1.555908,0.82373,-249.992355,24.772642,-129.348755,-0.908691,2.786621,-0.578857,-249.992355,0.808716,91.796867
0.068359,1.324219,0.733643,-249.992355,0.205994,-126.144402,-0.56958,2.123047,-0.38623,-249.992355,6.851196,74.645996
0.005127,1.268555,0.746338,-249.992355,-25.535582,-136.314392,-0.535645,1.66333,-0.333008,-249.992355,13.389586,62.69836
0.021973,1.272949,0.69165,-249.992355,-47.294613,-155.86853,-0.723633,1.439941,-0.148438,-249.992355,7.087707,73.829651
0.116211,1.299805,0.651367,-249.992355,-60.737606,-176.284775,0.12915,2.841553,-0.845703,249.992355,-60.93597,-70.205688
0.225586,1.301025,0.626709,-249.992355,-64.071655,-192.253098,-0.804932,1.486816,0.162598,-249.992355,-15.182494,81.642143
0.303955,1.254639,0.607178,-249.992355,-59.738155,-204.460129,-0.799561,1.441162,0.447754,-249.992355,-75.531006,84.869377
0.334961,1.200439,0.625488,-249.992355,-54.901119,-215.797409,-0.782715,1.490234,0.453125,-249.992355,-99.655144,83.488457
0.314209,1.211914,0.630615,-249.885544,-53.894039,-223.999008,-0.783691,1.614014,0.436035,-249.992355,-123.489372,89.042656
0.320313,1.27832,0.593018,-249.992355,-58.052059,-233.215317,-0.765869,1.712646,0.377686,-249.992355,-145.843506,103.195183
0.330078,1.330322,0.602295,-249.992355,-60.737606,-245.079025,-0.713867,1.725342,0.289307,-249.992355,-153.297424,126.16729
0.209717,1.40625,0.807617,-249.992355,16.616821,-128.433228,-0.594238,1.689941,0.320313,-249.992355,-138.786316,147.468567
-1.208008,3.133789,0.189209,249.992355,-147.140503,-33.653259,-0.419434,1.624756,0.472412,-249.992355,-111.625664,161.910995
0.211182,1.279297,0.327881,249.992355,10.253905,213.874802,-0.332275,1.66626,0.531006,-249.992355,-77.896118,176.773056
-0.021729,4.084473,0.806641,249.992355,249.992355,207.771286,-0.300293,1.853516,0.472656,-249.992355,-46.882626,189.987167
0.327393,1.254883,0.24707,249.992355,72.174072,186.744675,-0.739502,1.520264,0.255127,249.992355,136.230469,-245.552048
0.353027,1.278809,0.227295,249.992355,97.282402,174.392685,-0.835938,1.476563,0.344238,-249.992355,-46.058651,87.181084
0.384766,1.229736,0.224365,249.992355,111.358635,164.985641,-0.552002,2.644531,-0.650146,248.397812,-112.243645,-118.926994
0.382324,1.20166,0.23291,249.992355,111.534111,155.914307,-0.598877,1.462891,-0.368896,-249.992355,14.533996,63.758846
0.312744,1.099365,0.211914,249.954208,93.955986,139.282227,-0.683105,3.947754,-0.024658,249.992355,-160.354614,-86.875908
0.200684,1.033691,0.170654,249.382004,51.986691,116.020195,-0.522705,3.522949,-0.37085,247.116074,-153.129578,-143.2724
0.075684,1.137207,-0.030029,249.992355,-70.327759,59.608456,-1.094482,1.172119,0.024902,242.797836,3.715515,-233.726486
0.110596,1.113281,-0.037354,214.53093,-122.047417,25.665281,-0.999268,1.050293,-0.021729,245.094284,-33.424377,-227.478012
0.250488,1.010986,-0.047607,181.617722,-143.951416,1.968384,-0.798096,0.96167,-0.080078,244.926437,-54.084774,-219.902023
0.52832,0.897705,-0.047607,170.242294,-137.428284,-11.596679,-0.680176,0.868896,-0.129883,246.009811,-63.995358,-209.724411
0.11499,1.067139,0.073486,249.992355,-7.186889,90.873711,-0.666016,0.753906,-0.124268,249.504074,-73.921204,-198.310837
0.656738,0.866943,0.175049,186.584457,-54.161068,-9.941101,-0.703857,0.650146,-0.120117,249.992355,-86.959831,-189.414963
0.717285,0.83252,0.06665,174.621567,-106.910698,-17.63916,-0.735596,0.588867,-0.154053,249.992355,-99.990837,-181.579575
0.899414,4.237061,0.687012,249.923691,248.062119,167.892441,-0.695313,0.578613,-0.229248,249.992355,-111.083977,-171.379074
1.029297,3.128174,0.46875,249.992355,249.992355,169.586166,-0.605957,0.610352,-0.302979,249.992355,-121.017448,-158.874512
1.062744,2.38208,0.468506,249.992355,249.992355,202.629074,-0.540527,0.69165,-0.364014,249.992355,-129.440308,-143.547058
1.100342,2.054443,0.424316,249.992355,249.961838,197.654709,-1.016602,1.30835,0.091797,243.247971,52.795406,-235.94664
0.390381,4.502441,0.930908,249.992355,249.992355,206.230148,-0.5354,0.973389,-0.307129,249.992355,-153.015137,-111.305229
0.675781,1.400879,0.207764,249.847397,159.645081,98.770134,-0.512451,0.817871,-0.369873,249.992355,-138.778687,-127.04467
0.565674,1.122314,0.208496,236.236557,77.888489,50.651546,-1.146484,4.012451,-0.194824,249.923691,-155.479431,25.329588
0.57251,0.973389,0.19751,206.634506,8.407593,12.680053,-0.879883,3.300293,-0.290771,249.992355,-180.641159,28.038023
0.938477,1.759766,0.273193,249.992355,229.949936,151.176453,-0.697266,2.673584,-0.249756,249.992355,-229.164108,12.344359
-0.467529,3.402832,0.618164,246.047958,130.516052,154.403687,-0.696533,2.327393,-0.10376,249.992355,-249.992355,-19.775391
0.477295,2.542236,0.339111,-249.992355,249.992355,-108.314507,-1.057129,4.10498,0.039551,249.992355,-157.844543,-10.276793
0.144287,1.413086,0.575439,-222.96904,-152.900696,-173.82811,-0.762451,1.737061,0.067871,249.992355,-240.966782,-82.244865
0.206299,1.328857,0.609863,-242.62999,-119.636528,-184.318527,-0.686768,1.442383,-0.056152,249.992355,-209.243759,-94.520561
0.163574,1.290283,0.644775,-249.992355,-92.14782,-187.339767,-0.588135,1.181885,-0.17334,249.992355,-176.025375,-101.005547
0.060059,1.465332,0.585449,-249.992355,-76.759338,-203.590378,-0.743164,2.04834,0.054443,249.992355,-249.992355,-55.892941
0.093262,1.918945,0.588623,-249.992355,-51.99432,-230.842575,-0.666748,3.133545,0.242432,-249.992355,-140.792847,249.992355
0.333252,2.068848,0.592773,-249.992355,2.075195,-249.67955,-0.618408,2.419922,-0.055908,-249.992355,169.227585,249.992355
0.79834,2.17627,0.605225,-249.992355,89.096062,-249.992355,-0.735352,2.456055,-0.166748,-249.992355,132.6828,249.992355
0.8396,2.434082,0.520996,-249.992355,195.602402,-204.002365,-0.862061,2.476074,-0.27832,-249.992355,85.899345,249.992355
0.741455,2.557129,0.327393,-249.992355,247.642502,-161.407455,-1.045166,2.589844,-0.257813,-249.992355,40.565487,249.992355
-0.741455,-0.617188,2.067627,-27.404783,-249.542221,-180.313095,-1.144287,2.932617,-0.020752,-249.992355,4.585266,249.992355
-0.425049,2.138428,0.525635,-249.992355,157.165527,-70.358276,-1.126465,3.101563,0.143555,-249.992355,-29.777525,249.992355
-0.131104,1.695068,0.30957,-249.992355,127.983086,-102.066032,-0.728027,2.393799,0.106201,-249.992355,204.3228,249.992355
0.045898,1.181152,0.079102,-249.969467,120.841972,-148.605347,-1.156494,3.122314,0.080322,-249.992355,-63.644405,249.992355
-0.200928,0.780762,-0.149902,-249.992355,116.546623,-133.651733,-0.967041,3.145996,0.064941,-249.992355,-97.541801,249.992355
-0.378662,0.728516,-0.248779,-249.992355,79.627991,-127.861015,-0.459717,3.018066,0.470459,-249.992355,-188.995346,249.992355
-0.594238,0.604492,-0.029785,-248.382553,8.766174,-134.552002,0.345459,0.568115,-0.024902,-249.17601,-205.32988,249.969467
-0.691162,0.421631,0.375244,-249.992355,-80.970757,-138.023376,-0.160645,1.578369,0.659912,-249.977097,-247.947678,249.992355
-0.538086,0.109131,0.889648,-249.992355,-167.297348,-157.676697,-0.204102,1.080322,0.453369,-249.992355,-249.992355,249.977097
-0.362793,-0.243652,1.493652,-177.322372,-227.920517,-186.790451,0.030029,0.775391,0.148926,-249.992355,-245.39946,249.992355
0.079346,1.526611,0.646729,-208.953842,-183.792099,-155.776978,0.630127,0.437988,0.195801,-249.763474,-155.052185,248.93187
0.088379,2.496582,0.489014,-249.992355,249.992355,-75.180054,0.980957,0.41748,0.628174,-249.992355,-96.244804,249.992355
0.049805,1.71582,0.572266,-205.848679,-202.42308,-137.405396,1.394043,0.219727,1.311768,-221.19902,-31.341551,249.992355
0.250244,4.095703,-2.266357,-249.992355,237.525925,40.962215,2.044434,-0.053223,2.052246,-103.034966,32.676697,189.773544
0.075439,1.620117,0.266846,-205.261215,-223.716721,-115.364067,2.723877,0.254883,2.560303,-1.579285,95.832817,91.812126
0.895996,1.35498,-0.762695,249.992355,10.620116,-4.722595,2.785156,0.015137,3.066162,108.64257,132.347107,-11.543273
0.890137,1.77417,-0.85791,249.992355,51.834103,29.075621,-0.87207,2.376465,0.234375,-249.992355,236.518845,239.105209
0.971191,2.374756,-0.982666,249.984726,94.299309,64.094543,-0.266113,2.400635,0.666016,-249.992355,-226.959213,249.992355
1.253418,3.417969,-1.039063,249.870285,154.083252,75.950623,-0.875488,2.323242,0.133545,-249.992355,249.992355,205.497726
1.216553,4.22876,-0.876465,249.992355,191.528305,96.443169,2.713623,-0.536133,3.477539,232.810959,132.034302,-139.656067
0.82251,4.365723,-0.380615,249.992355,198.852524,126.930229,-0.273926,2.086426,-0.599609,-249.992355,249.671921,137.802124
0.609375,4.54541,-0.208496,242.980942,208.60289,83.641045,-1.097168,2.062012,-0.779541,249.992355,-181.098923,32.150269
1.083252,4.485352,-0.67334,249.992355,235.992416,55.534359,-1.005615,2.571045,-0.775146,249.992355,-160.346985,6.782531
2.017822,5.764893,-1.991699,249.992355,249.992355,40.290829,-0.947021,3.509521,-0.623047,249.969467,-138.237,-23.712156
1.363037,7.955566,-4.097656,-85.639946,223.693832,-61.775204,-0.883545,4.463379,-0.516357,249.908432,-119.621269,-50.781246
0.043945,1.780029,0.377197,-205.482468,-212.63121,-126.090996,-0.603516,4.66333,-0.536621,249.992355,-104.713432,-108.505241
1.589111,7.999756,-5.427246,-249.992355,107.017509,-142.242432,-0.359131,4.168701,-0.407715,249.366745,-91.50695,-148.597717
0.195801,4.809082,-4.141846,-249.992355,189.422592,-2.029419,-0.263672,3.142822,-0.240234,244.14061,-91.857903,-90.080254
-1.706787,-0.820068,2.465576,97.81646,-249.992355,-101.272575,0.246094,2.582764,-0.334473,249.992355,-72.929382,-40.565487
-0.040039,3.434082,-1.11792,-249.992355,243.431076,63.507076,0.530273,3.902344,-0.888428,249.992355,57.380672,18.89801
-0.31543,2.841309,-0.255859,-249.992355,197.845444,61.56921,0.63916,7.041016,-3.462646,-103.706352,222.08403,171.264633
-0.34375,2.408203,0.033936,-249.992355,104.431145,31.364439,-0.630127,2.246094,-0.423828,-249.992355,249.992355,167.671188
-0.29541,2.154053,0.050049,-249.893173,-7.598876,-13.107299,-0.384521,7.740967,-5.36792,-249.992355,249.992355,232.460007
-0.295166,2.004883,-0.012207,-249.641403,-108.01696,-45.875546,-1.361328,4.16626,-4.359863,-249.992355,40.878292,74.699402
-0.156982,1.737793,0.188232,-249.992355,-183.486923,-70.121765,-0.834717,3.546387,-2.37085,-249.992355,-75.706482,43.136593
0.007324,1.535889,0.247314,-247.741684,-223.213181,-89.828484,-0.48999,3.065186,-1.309082,-249.992355,-145.294189,36.201477
0.082275,1.505371,0.199951,-220.458969,-231.193527,-102.378838,-0.380371,2.4104,-0.848145,-249.992355,-156.75354,32.905579
0.227051,6.066162,-5.802246,-249.992355,113.56353,-61.744686,-0.215088,1.629883,-0.691162,-249.992355,-105.064384,26.222227
-2.175781,-1.116455,2.607422,178.886398,-249.855026,17.326355,-0.157471,1.187012,-0.171387,-249.992355,-6.111145,20.63751
-0.316406,2.46875,0.634277,-249.992355,220.779404,-69.969177,-0.029297,1.212891,0.240967,-249.992355,97.671501,34.606934
-1.279541,-1.206787,2.384766,239.814743,-248.596176,47.096249,0.107666,1.434082,0.274414,-249.992355,184.799179,56.320187
0.479492,1.229004,0.003174,213.233932,51.765438,142.379761,0.045166,1.65332,0.125732,-249.992355,240.531906,78.926086
0.483887,1.243408,-0.105713,219.337448,67.245483,124.740593,-0.120117,1.850586,-0.271973,-249.992355,249.992355,112.747185
0.499512,1.313965,-0.180664,222.434982,77.278137,111.518852,-1.606689,5.780518,-5.557861,-249.992355,209.960922,142.959595
0.568604,1.412842,-0.25,226.142868,90.415947,105.75103,2.751465,-0.271484,3.291992,249.992355,172.485336,-205.047592
0.768799,1.538818,-0.341064,241.325363,123.832695,111.450188,-1.07251,1.684814,-0.690918,249.992355,-201.156601,42.755123
1.123047,1.612061,-0.362549,249.992355,187.355026,123.77166,2.5354,-0.178223,2.179932,249.992355,249.992355,-248.634323
1.335693,1.719482,-0.353516,249.992355,243.736252,136.161804,-0.723389,0.88916,-0.294434,249.992355,-169.395432,-118.865959
1.275879,1.944092,-0.297119,249.992355,249.267563,141.021729,-0.760498,0.933594,-0.309814,249.992355,-201.530441,-91.705315
1.209473,2.41748,-0.203125,249.992355,249.992355,130.981445,-0.739502,1.047607,-0.320068,249.992355,-240.959152,-71.342468
0.724365,4.157471,-0.005859,249.946579,221.801743,134.628296,-0.751465,1.220947,-0.323975,249.992355,-249.992355,-61.988827
0.430176,1.282959,0.09668,213.432297,37.956238,163.627609,-0.806396,1.411621,-0.287598,249.992355,-249.923691,-57.334896
0.563232,4.225586,-0.142578,249.992355,145.812988,140.289307,-0.824707,1.64209,-0.364746,249.992355,-249.710068,-51.246639
0.220947,4.396729,0.037354,245.079025,-38.391113,90.469353,-0.773438,1.885742,-0.494629,249.992355,-249.992355,-46.455379
0.141113,4.44165,-0.415771,249.992355,-172.256454,0.686645,-0.800049,2.140381,-0.555664,249.992355,-248.466476,-40.596004
0.602783,5.092285,-1.087158,217.002853,-248.558029,-35.003662,-0.914551,2.892822,-0.587402,249.992355,-226.11998,-27.641294
2.217529,7.515625,-2.319824,-150.650024,-249.992355,-104.141228,-0.822998,4.170166,-0.554199,249.954208,-197.174057,-36.712646
3.046143,7.477295,-3.717529,-249.992355,-213.256821,-185.935959,-0.632324,0.886963,-0.215576,249.992355,-157.76825,-141.540527
2.618652,4.833984,-4.003174,-249.992355,-141.265869,-140.50293,-0.472656,4.386475,-0.391113,249.992355,-160.865768,-83.091728
2.496094,3.745605,-3.427734,-249.992355,-26.473997,-102.989189,0.503418,3.672852,-0.037354,247.924789,-97.221367,-123.855583
2.015137,3.261475,-1.929932,-249.992355,41.244503,-74.325562,0.515137,3.813721,-0.236816,249.992355,-41.244503,-73.997498
1.492676,3.280518,-0.950195,-249.992355,79.360962,-66.398621,0.250977,3.800781,-0.703857,249.992355,-25.024412,-52.734371
-0.004883,-1.337891,1.795898,249.992355,-249.992355,-7.8125,0.544922,4.729492,-1.300537,167.27446,-5.867004,-30.136106
0.479004,4.070313,0.044189,248.504623,72.57843,140.625,0.799805,7.032959,-3.44043,-142.921448,90.324394,10.086059
0.340332,1.366455,0.194824,226.089462,31.837461,188.682541,1.184082,6.128418,-5.272217,-249.992355,207.626328,44.326778
1.086914,3.327148,-0.067627,249.954208,249.992355,122.459404,-0.213135,3.864014,-4.007324,-249.992355,249.992355,89.378349
0.288574,1.35083,0.313721,249.992355,33.287048,236.900314,-0.578857,3.779053,-2.669189,-249.992355,229.148849,92.544548
0.2771,1.383545,0.273682,246.185287,31.585691,214.843735,-0.805176,3.823975,-1.675781,-249.992355,188.072189,109.733574
-1.81958,-1.286377,0.956055,249.992355,-164.520248,58.41827,-1.058838,3.421631,-1.212891,-249.992355,131.515503,113.647453
-2.345703,-0.209717,1.533203,249.992355,-78.544617,138.633728,-0.022217,3.730469,-0.112305,249.992355,-135.070801,-127.258293
-1.942139,0.437012,1.549072,249.992355,-30.563353,210.647568,-0.600342,0.902588,-0.121582,249.992355,-161.735519,-157.943726
-1.012207,0.850342,1.044922,249.992355,-25.80261,248.077377,2.668701,-0.16748,2.662354,249.992355,241.928085,-217.575058
-0.33374,1.170654,0.592041,249.992355,-36.636353,249.992355,-0.77417,1.050049,0.01416,249.992355,-188.674911,-199.302658
-0.051514,1.371582,0.404053,249.992355,-48.126217,249.992355,2.100586,0.20459,1.50415,249.992355,249.610886,-249.992355
0.019287,1.493408,0.39209,249.992355,-57.113644,249.992355,1.738525,0.669189,0.9104,249.992355,249.992355,-249.992355
0.008057,1.612305,0.380859,249.992355,-69.282532,249.992355,1.681152,1.210693,0.830078,249.992355,249.992355,-249.992355
-0.054199,1.795898,0.383301,249.725327,-90.2481,249.992355,0.782227,1.737793,0.610596,249.992355,234.664902,-249.992355
-0.078857,1.966064,0.391846,249.992355,-123.062126,249.984726,-0.474121,2.004883,0.272949,249.900803,207.427963,-249.992355
-0.061523,2.07666,0.349365,249.992355,-155.441284,249.984726,-1.070801,2.199707,0.077637,249.93132,192.878708,-249.992355
-0.473633,-1.952637,1.512451,249.992355,-249.992355,-11.650084,-0.673828,0.953369,-0.052979,249.992355,-175.094589,-175.384506
0.3396,1.346436,0.353027,249.855026,26.733397,249.992355,-1.278076,2.509033,0.060547,246.688828,150.115967,-249.992355
0.160889,1.996582,0.258545,224.136337,-185.928329,249.534592,-1.341064,2.560791,0.10498,233.055099,113.388054,-249.992355
0.253906,1.897949,0.275635,222.099289,-180.786118,247.932419,-1.404053,2.543457,0.126221,228.75975,65.391541,-249.992355
0.30835,1.769775,0.27124,229.866013,-166.145309,248.901352,-1.401611,2.443604,0.131104,232.467636,22.880552,-249.992355
0.379639,1.644531,0.244873,245.193466,-148.06366,249.885544,-1.204102,2.365967,0.030273,249.992355,174.240097,-249.992355
0.430176,1.587158,0.255615,249.992355,-124.549858,249.992355,-1.086426,2.117676,0.166992,247.077927,-12.451171,-249.992355
0.465332,1.533203,0.303223,249.992355,-93.978874,249.992355,-1.00415,2.034668,0.22583,248.268112,-20.172117,-249.992355
0.468262,1.462891,0.369141,249.992355,-59.127804,249.984726,-1.023193,1.928711,0.219482,249.694809,-44.525143,-249.992355
0.437012,1.421631,0.38623,249.992355,-23.773191,249.793991,-1.072266,1.733398,0.173096,249.992355,-79.742432,-249.992355
0.38916,1.373291,0.375732,249.877914,6.568908,249.992355,-0.994629,1.544678,0.137695,249.992355,-107.055656,-249.992355
0.028564,2.083984,0.296631,235.595688,-177.917465,249.992355,-0.842529,1.432617,0.15625,249.992355,-123.90136,-249.916061
0.359375,3.317871,-0.929688,-249.992355,67.436218,84.777824,-0.818115,1.371338,0.251709,249.992355,-137.901306,-249.763474
0.070068,4.832031,-1.79541,-249.992355,38.856506,42.350765,-0.883301,1.325195,0.284668,249.992355,-156.135559,-249.992355
0.374512,6.926025,-4.798584,-249.992355,-68.061829,-12.519835,-0.909424,1.25708,0.236816,249.992355,-176.139816,-248.085007
1.044922,7.999756,-6.418457,-249.992355,-98.56414,-74.050903,-0.859375,1.162354,0.138184,249.992355,-189.483627,-226.333603
-0.407959,4.345947,0.576416,249.992355,157.63092,241.37114,-1.265869,2.267334,0.13623,241.126999,-2.868652,-249.992355
-1.625732,4.573975,-1.091553,249.992355,160.797104,117.988579,-0.687744,2.990967,-2.154297,-249.992355,88.073723,18.302917
0.402588,4.164307,-0.070801,249.992355,147.384644,65.704346,-0.844482,3.71875,-3.367676,-249.992355,158.462524,38.078308
-0.184814,4.737305,0.529541,244.194016,112.693779,183.311447,-0.645508,5.155029,-4.612793,-249.992355,237.976059,72.357178
0.429199,2.579346,-0.424805,-249.992355,46.554562,80.200195,0.452881,7.572754,-5.543457,-249.992355,249.992355,109.947197
-0.594238,7.537354,-2.69458,9.132385,49.415585,112.075798,0.480713,3.407959,-0.478516,248.123154,-200.599655,-163.940414
0.142334,2.185059,-0.266113,-249.992355,1.930237,60.272213,1.119629,5.093994,-1.088135,204.391464,139.892578,2.571106
-0.147949,1.493896,0.517578,-205.474838,-102.47802,-59.509274,1.317383,3.535889,-0.60498,249.992355,42.579647,-72.738647
-0.144775,1.776367,0.016602,-249.671921,-96.031181,-7.92694,0.9104,3.275879,-0.611816,244.865402,-87.699883,-144.950867
0.082764,1.528809,0.145996,-249.992355,-125.221245,-42.846676,0.860596,7.895508,-3.87793,-186.782822,230.857834,79.734802
0.139648,1.342041,0.33667,-249.992355,-128.738403,-57.868954,-0.440918,2.436768,-1.393311,-249.992355,25.070189,6.553649
-0.043457,1.408691,0.486572,-237.815842,-114.341728,-56.167599,-0.915039,1.789307,0.564453,-249.992355,249.992355,219.261154
-0.206543,1.544434,0.509033,-186.241135,-88.684074,-72.303772,-0.614258,1.3396,-0.523926,-249.992355,-19.020081,-17.066956
-0.185547,1.723389,0.454834,-186.767563,-68.061829,-87.280266,-0.434082,1.207764,-0.136475,-249.992355,-4.547119,-24.307249
-0.068604,1.899902,0.429688,-212.020859,-47.637936,-95.191948,-0.13623,1.334961,-0.001709,-249.992355,21.560667,-25.009153
0.059814,1.922363,0.538086,-244.583115,-28.488157,-95.069878,0.103516,1.489502,-0.009033,-249.992355,49.766537,-0.534058
0.11499,2.04126,0.560547,-249.992355,-6.103515,-101.104729,0.154053,1.54248,-0.07251,-249.992355,89.035027,31.112669
0.106201,2.197754,0.529053,-249.992355,11.947631,-88.508598,0.04541,1.482178,0.033447,-249.992355,151.992798,60.302731
-0.195557,1.952881,-0.084717,-249.992355,-46.424862,30.189512,-0.020752,1.384277,0.350342,-249.992355,227.203354,99.456779
0.286865,4.484375,0.380615,249.992355,221.557602,202.194199,0.008789,1.353516,0.595215,-249.992355,249.992355,130.485535
0.242432,2.466797,0.523193,-249.992355,27.755735,-52.230831,-0.200195,1.414063,0.615723,-249.992355,248.748764,153.72467
1.081299,3.257324,0.297363,249.992355,85.365288,74.378967,-0.55957,1.574463,0.634033,-249.992355,249.992355,179.824814
0.104248,1.678467,0.409424,249.992355,-47.195431,187.072739,-0.293701,3.823486,-0.528809,249.992355,-237.373337,-123.802177
0.14502,1.626465,0.365967,249.992355,-38.665771,179.306015,-0.537842,1.836914,-0.998535,-249.992355,-12.031554,-8.522034
0.18457,1.544189,0.332031,249.992355,-27.6947,172.126755,-0.744873,4.429932,-0.60376,249.954208,-231.430038,-56.083675
0.186768,1.494141,0.309326,249.992355,-15.274047,165.51207,-0.555664,1.082275,-0.138428,249.992355,-139.99176,-98.983757
0.20752,1.483643,0.298096,249.992355,0.1297,159.095764,-0.824463,2.597656,-0.707275,249.992355,-167.778,37.04834
0.243652,1.500732,0.281738,249.992355,21.232603,153.4729,-1.16333,2.048828,0.382813,-249.992355,186.065659,247.726425
0.271973,1.496582,0.276855,249.992355,47.882076,150.505066,-1.284912,2.56665,0.129395,249.992355,-37.124634,-249.992355
0.297119,1.483887,0.285645,249.992355,76.35498,149.627686,-1.082764,2.397217,0.156494,249.992355,-65.193176,-249.992355
0.307861,1.462891,0.317383,249.992355,98.800652,143.760681,-1.088623,2.208984,-0.072754,249.992355,-72.372437,-249.992355
0.261475,1.410156,0.345459,249.992355,113.136284,129.173279,-1.206055,1.990479,-0.197998,249.992355,-69.641113,-249.992355
0.990967,4.328125,0.319092,249.870285,190.055832,132.461548,-1.19873,1.706299,-0.158691,249.992355,-75.027466,-249.755844
0.210449,1.368896,0.331543,249.992355,119.720451,107.315056,-1.057129,1.456055,0.008301,249.992355,-91.712944,-249.992355
0.141846,1.3396,0.150879,249.511703,122.947685,66.345215,-0.871582,1.35498,0.099609,249.992355,-114.410393,-249.992355
0.085693,1.384521,0.046387,249.992355,118.141167,50.758358,-0.793701,1.352539,0.121094,249.992355,-134.086609,-238.876328
0.075684,1.485596,-0.024902,249.992355,106.826775,27.06146,-0.849609,1.428711,0.154297,249.992355,-148.292542,-213.77562
0.030518,1.619629,-0.05957,225.334152,92.926018,-2.853393,-1.039551,3.762207,-0.677246,249.93895,-204.254135,16.12854
-0.030273,1.661377,-0.020264,195.12175,77.133179,-25.123594,-0.871094,1.479736,0.077637,249.992355,-155.693054,-182.807907
0.031738,1.658447,-0.0271,195.472702,63.819881,-34.614563,-0.63623,1.227539,-0.166992,249.992355,-150.8255,-120.056145
0.206299,1.75,-0.202881,224.60173,62.385555,-31.120298,-0.558105,1.007568,-0.137451,249.992355,-130.699158,-82.649223
0.373779,1.898926,-0.269531,248.733505,66.627502,-22.178648,-0.575439,1.000977,-0.203369,249.992355,-131.706238,-60.531612
0.467773,1.979736,-0.16626,249.992355,56.503292,-6.629943,-0.547119,1.036133,-0.296875,249.992355,-147.285461,-29.060362
0.675537,2.296631,0.042969,249.992355,42.907711,25.80261,-0.52832,1.10083,-0.350098,249.992355,-168.945297,1.800537
0.18335,1.344971,0.260498,249.992355,122.947685,84.152214,-0.584717,1.215332,-0.368896,249.992355,-182.174667,20.126341
0.067627,1.699951,0.433594,249.992355,-50.918575,195.663437,-0.640137,1.366699,-0.383301,249.992355,-186.477646,30.242918
0.543945,2.960449,0.575195,-249.992355,55.183407,-40.336605,-0.681641,1.57251,-0.464844,249.992355,-187.362656,45.768734
-0.139893,3.400635,1.007324,-249.992355,102.630608,-26.519773,-0.66748,1.857178,-0.646729,249.992355,-177.963242,62.873837
0.103516,1.704346,0.283203,73.0896,84.426872,249.992355,-0.619873,2.078857,-0.726563,249.992355,-160.804733,55.335995
0.100342,1.69165,0.269043,67.176819,106.674187,249.839767,-0.77002,1.398926,-0.093994,249.992355,-157.058716,-149.81842
0.110596,1.665283,0.258301,59.036251,123.207085,249.992355,-1.221924,2.323975,0.025635,-249.992355,80.307007,249.992355
0.140137,1.579834,0.209229,59.158321,139.633179,249.992355,-1.128906,2.602051,-0.296875,-249.992355,-10.2005,249.992355
0.155029,1.494385,0.14209,71.029663,157.875061,244.26268,-0.967773,2.811279,-0.400146,-249.992355,-67.726135,249.992355
0.137451,1.452148,0.08252,90.011589,178.939804,224.9832,-0.798828,1.906982,0.435547,130.996704,130.737305,-249.992355
0.138916,1.410156,0.015869,113.288872,200.080856,206.283554,-0.895264,1.947021,0.441162,123.977654,93.139641,-249.992355
0.170654,1.357178,-0.04126,140.060425,218.68132,189.140305,-1.088379,1.903564,0.302246,128.982544,56.922909,-249.992355
0.207275,1.313965,-0.09668,168.716415,236.381516,169.92186,-1.178467,1.865723,0.167725,139.595032,21.217344,-249.992355
0.214844,1.305908,-0.134521,195.87706,248.603806,148.06366,-1.116943,1.793457,0.138672,147.598267,-16.044617,-249.992355
0.224121,1.317627,-0.14917,217.582687,249.763474,126.968376,-1.052734,1.624756,0.12915,152.397156,-57.197567,-249.992355
0.188965,1.327148,-0.184082,233.505234,249.992355,108.177177,-1.05957,1.416016,0.185791,163.291916,-101.028435,-249.992355
0.102539,1.311768,-0.24292,241.500839,247.131332,92.308037,-1.046631,1.236572,0.253174,181.045517,-139.755249,-249.992355
0.025391,1.270264,-0.309326,242.988571,220.512375,79.017639,-1.002441,1.103027,0.272949,199.554428,-170.845016,-249.885544
-0.012695,1.224609,-0.390137,238.708481,184.02861,67.253113,-0.929199,1.006836,0.27002,215.629562,-196.105942,-249.862656
-0.030518,1.230957,-0.482178,220.664963,145.935059,53.352352,-0.73291,1.770752,0.309326,140.983582,167.320236,-249.992355
-0.012451,1.254639,-0.549561,195.281967,108.215324,27.832029,-0.84082,0.943359,0.24707,231.262192,-219.871506,-249.992355
-0.001709,1.161865,-0.604248,193.916306,66.581726,-2.456665,-0.912842,0.904297,0.071045,249.992355,-249.855026,-222.686752
-0.004883,0.979004,-0.661621,232.376083,19.065857,-23.277281,-0.944824,0.865479,0.013916,249.992355,-249.992355,-183.959946
0.174561,0.865967,-0.669922,249.992355,-23.460386,-28.442381,-0.691895,0.8125,-0.07373,249.992355,-249.008163,-146.095276
0.595215,0.971924,-0.702881,249.992355,-26.580809,-20.988462,-0.431152,0.787842,-0.221924,249.992355,-236.747726,-132.614136
0.11084,1.698242,0.321533,70.358276,50.85754,249.992355,-0.514893,0.805908,-0.384277,249.992355,-225.059494,-127.410881
0.070557,1.65625,0.395752,60.348507,4.91333,249.992355,-0.645264,0.869873,-0.533203,249.992355,-229.698166,-94.635002
0.492188,3.256836,0.765381,-249.992355,94.703667,-45.56274,-0.554688,0.927246,-0.628662,249.992355,-246.52861,-44.151302
-0.042236,1.465088,0.598145,59.80682,-116.317741,249.992355,-0.554932,0.906006,-0.57373,249.992355,-249.793991,-3.913879
0.057617,1.592285,0.506348,52.742001,-53.138729,249.992355,-0.721436,0.939941,-0.533691,249.992355,-249.992355,18.859863
-0.5271,3.384766,1.246094,-249.992355,64.811707,-30.22003,-0.862305,1.109619,-0.599609,249.992355,-246.749863,30.84564
-0.270508,2.672852,1.154541,-249.992355,20.683287,-59.921261,-0.821289,0.921875,0.166992,245.445236,-242.103561,-246.391281
-0.043701,1.808105,0.86377,-249.992355,-4.570007,-70.266724,-0.495361,1.647217,0.160645,149.353027,198.844894,-249.992355
-0.012695,1.345459,0.337646,-249.961838,-1.716614,-65.26947,-0.973389,1.359131,-0.635498,249.992355,-223.190292,38.986206
0.157715,1.410889,-0.077148,-249.992355,16.677856,-116.073601,0.619873,1.312988,0.286621,163.085922,249.992355,-249.992355
-0.12793,1.029785,-0.17334,-249.992355,36.643982,-103.507988,-0.793213,2.980713,-0.191406,-249.992355,-79.666138,249.992355
-0.541016,0.668213,0.061523,-249.992355,12.825011,-75.126648,-0.550049,3.050049,0.167236,-249.992355,-69.114685,249.992355
-0.443359,0.516357,0.515137,-249.992355,-15.594481,-84.556572,-0.327393,2.925049,0.48999,-249.992355,-59.219357,249.992355
-0.24292,0.100586,1.067383,-190.20079,-26.618956,-95.260612,-0.095947,2.521729,0.771729,-249.992355,-63.911434,249.992355
-0.308838,-0.279785,1.612061,-7.904052,-24.307249,-91.270439,-0.15918,1.995361,0.793457,-249.992355,-85.510246,249.992355
-0.411865,0.843506,-0.255859,-248.451218,38.909912,-65.284729,-0.43335,1.612061,0.5271,-249.984726,-110.191338,249.984726
-1.162109,0.025879,2.185303,142.494202,-195.396408,-3.684997,-0.009277,1.517822,0.179443,155.349731,228.652939,-249.992355
-1.311279,-0.920654,2.382324,178.558334,-249.992355,33.508301,-0.304932,1.122803,-0.176514,-249.992355,-170.707687,249.992355
-1.177734,-1.656006,2.291748,244.163498,-249.992355,15.998839,0.057129,0.918457,-0.080811,-249.29808,-190.96373,249.221786
-0.345947,1.242188,0.591064,88.531487,-178.451523,249.992355,0.412598,0.797119,0.211914,-249.534592,-196.731552,249.992355
-1.074219,-1.436035,1.681152,249.984726,-249.992355,-20.797728,0.691895,0.592041,0.692139,-249.992355,-176.414474,249.992355
-1.122314,-0.83252,1.109863,249.038681,-249.992355,-1.266479,-0.510498,1.383301,0.071777,-249.992355,-140.213013,249.992355
-1.174805,-0.223389,0.85376,249.992355,-249.618515,76.721191,1.713867,-0.269043,1.843506,-125.968925,-10.345458,159.187317
-1.083008,0.180664,0.981445,249.992355,-249.732956,143.013,1.960938,0.018311,2.237549,-65.597534,108.02459,128.417969
-0.878174,0.541504,0.914063,199.470505,-249.992355,199.790939,1.531494,0.140137,2.310303,-1.701355,200.53862,67.100525
-0.681152,0.937012,0.678711,137.916565,-237.258896,244.781479,1.184326,-0.528076,1.952148,110.977165,245.971664,-38.360596
-0.646973,0.035156,2.020264,124.244682,-73.410034,-54.817196,1.450439,-1.133057,1.304199,197.738632,249.992355,-140.830994
0.536133,1.709229,0.469727,249.992355,-21.949766,93.666069,1.494873,-1.010986,0.981445,244.102463,249.992355,-168.815598
0.433105,1.773193,0.610596,249.992355,-57.380672,93.597404,1.42627,-0.475586,1.023926,249.992355,249.992355,-151.893616
0.304688,1.805664,0.695068,249.992355,-75.675964,106.269829,1.682617,0.012207,0.814941,232.666,249.992355,-176.34581
0.202637,2.025146,0.665039,249.992355,-88.050835,176.635727,1.746826,0.511963,0.756836,210.700974,249.587997,-243.00383
0.118652,1.840576,0.773682,249.992355,-71.350098,136.543274,1.237549,0.949219,0.529297,191.246017,249.992355,-249.992355
0.157471,1.874023,0.74292,249.992355,-71.151733,147.735596,1.103027,0.130615,1.277344,-226.707443,-113.830559,212.394699
0.186768,1.956299,0.701904,249.992355,-75.950623,161.59819,-0.678467,1.202393,-0.044189,249.992355,-147.079468,-109.924309
0.581055,1.604004,0.354492,249.992355,21.675108,100.913994,-0.752441,1.276611,0.051025,249.992355,-138.99231,-131.385803
0.15918,1.842285,0.766602,249.992355,-76.126099,124.2752,-0.807373,1.390381,0.074219,249.992355,-128.631592,-147.705078
0.56543,1.527832,0.285645,249.992355,61.614986,109.825127,-0.885254,1.503174,0.159424,249.992355,-113.235466,-160.003662
0.360596,4.685791,0.187256,248.252853,50.651546,8.529663,-1.229004,2.10791,0.029785,249.992355,4.272461,-249.992355
0.592773,1.621094,0.117432,249.992355,109.497063,125.045769,-1.063477,1.66626,0.233398,249.992355,-61.95068,-208.396896
0.636475,1.702637,0.082764,249.992355,126.449577,134.231567,-1.082031,1.784668,0.216553,249.992355,-35.797119,-238.693222
0.726807,1.756836,0.094971,249.992355,144.874573,145.988464,-1.114014,1.932373,0.131592,249.992355,-16.410828,-249.992355
0.877441,1.883789,0.109863,249.992355,168.899521,156.585693,-0.999268,1.579102,0.247803,249.992355,-90.270988,-179.176315
0.894287,2.224365,-0.032471,249.992355,194.137558,172.409042,-0.626465,1.132813,-0.188721,249.992355,-155.769348,-86.746208
0.670654,2.754883,-0.130371,249.992355,211.807236,192.153915,-0.571777,4.235352,-0.266357,249.992355,-137.382507,-197.784409
0.601318,3.327148,-0.228271,249.908432,231.811508,186.698898,-0.655029,0.991699,-0.384521,249.992355,-175.529465,-37.277222
0.345703,3.755615,-0.20752,249.992355,241.439804,169.059738,-0.647705,0.956299,-0.427002,249.992355,-178.047165,-20.492552
-0.440674,4.166748,0.14502,249.992355,206.756577,209.060654,-0.623291,0.994385,-0.458252,249.992355,-166.397079,-13.687133
-0.249756,5.080566,0.445313,246.383652,138.496399,151.519775,-0.626709,1.126953,-0.55127,249.992355,-136.627197,-11.871337
0.205078,2.079834,0.630127,249.992355,-106.0028,189.788803,-0.702637,1.34082,-0.783691,249.992355,-95.642082,-9.567261
0.556152,1.532471,0.188965,249.992355,91.453545,117.675774,-0.759033,1.587891,-1.004395,249.992355,-62.004086,-9.300232
0.191895,2.13208,0.605225,249.992355,-120.903008,198.699936,-0.765381,1.815186,-1.077148,249.992355,-47.401424,-22.895811
-0.680176,-0.562988,1.650879,249.992355,-186.080917,115.20385,-0.870117,2.368652,-1.033447,249.992355,-48.019405,-67.703247
0.08252,2.260986,0.541016,249.992355,-116.271965,213.546738,-1.07666,3.656494,-0.914551,249.992355,-60.173031,-134.544373
-0.30957,2.078857,0.516357,-249.992355,229.65239,16.769409,-1.039307,4.620361,-0.709229,249.908432,-90.888969,-181.243881
-0.090576,4.356445,-0.580566,249.992355,-5.020141,51.933285,-1.391846,2.315918,-0.070801,249.992355,40.184017,-249.725327
-0.320801,1.058594,0.700928,-249.992355,166.252121,2.128601,-0.626709,1.055664,-0.30249,249.992355,-166.320786,-61.492916
-0.255615,0.683838,0.823486,-249.992355,139.480591,9.414673,-1.470459,2.554932,-0.150391,249.992355,83.526604,-249.992355
-0.133057,0.362549,1.032715,-249.450668,111.762993,15.1062,2.513428,0.244141,3.424561,249.374374,237.762436,-143.852234
-0.162109,0.059814,1.273193,-248.847946,75.164795,17.738342,-1.253418,2.876953,-0.229736,249.992355,103.446953,-249.992355
-0.26123,-0.242676,1.522705,-249.992355,23.15521,15.815734,-0.000977,3.541016,-0.002441,249.992355,-176.72728,-213.233932
-0.141602,-0.672607,1.968262,-235.038742,-37.834167,-5.363464,-0.508301,2.757813,0.362305,-249.992355,-249.618515,249.992355
-0.060791,-1.144531,2.576172,-115.478508,-105.598442,-12.313842,-0.30542,2.115234,0.519287,-249.992355,-249.992355,249.992355
-0.19458,-1.22876,3.02417,-0.289917,-178.405746,5.828857,-0.161377,1.540527,0.660645,-249.977097,-249.992355,249.992355
-0.040039,-1.215332,3.064209,91.400139,-241.317734,-10.993957,0.068848,1.167969,0.910156,-249.992355,-230.27037,249.839767
0.01001,-1.578857,2.591064,182.853683,-249.282822,6.050109,0.5625,0.887939,1.050293,-249.992355,-216.697678,249.221786
-0.16626,-1.402344,1.901367,246.116623,-249.992355,57.167049,1.147705,0.705322,1.134521,-249.069199,-221.58049,249.992355
-0.292725,-0.711914,1.627441,249.992355,-244.544968,99.815361,1.802979,0.476563,1.582275,-249.992355,-227.355942,247.558578
-0.931885,-0.243408,1.611816,249.992355,-145.294189,123.321526,2.550537,0.134766,2.493652,-249.992355,-214.858994,190.429672
-0.871094,0.250732,1.362305,249.992355,-134.95636,125.465385,3.239746,0.083008,3.505371,-214.187607,-160.652145,116.722099
-0.763428,0.851807,1.07666,249.992355,-155.677795,131.378174,-1.444824,2.737549,-0.105713,249.992355,111.518852,-249.992355
-0.649902,1.380615,0.912842,249.992355,-190.422043,132.362366,3.135498,0.4104,4.330322,-79.559326,-72.555542,17.26532
-0.439209,1.809814,0.776123,249.992355,-218.353256,139.930725,2.421387,-0.144043,4.084473,240.394577,122.924797,-180.587753
-0.067383,2.140137,0.641846,249.992355,-219.070419,157.348633,2.758057,0.710449,3.062988,249.992355,249.992355,-199.218735
0.220703,2.446777,0.571289,249.992355,-187.370285,178.543076,2.193604,1.086182,2.352539,249.992355,249.282822,-248.306259
0.21582,2.561523,0.555908,249.992355,-145.233154,199.073776,1.005615,1.39209,1.345215,249.992355,249.992355,-249.992355
0.095459,2.410889,0.534668,249.992355,-118.293755,212.89061,-0.138428,1.703369,0.534668,249.992355,249.992355,-249.992355
0.164063,2.160889,0.588135,249.992355,-124.298088,206.397995,-0.792969,2.040527,0.088867,249.992355,223.167404,-249.992355
-0.321045,1.53418,0.594971,-249.984726,196.296677,4.40979,-1.192627,2.355469,-0.164063,249.992355,144.65332,-249.992355
0.624268,7.040039,-1.771973,126.853935,-11.421203,77.438354,-1.558594,2.608887,-0.487061,249.992355,84.091179,-249.992355
-0.270752,7.191162,-4.067871,-249.992355,-62.736507,-24.642942,-1.641602,2.807861,-0.68335,249.992355,59.92889,-249.992355
-0.272461,2.614746,0.969971,-249.992355,150.413513,-109.649651,-1.400879,2.896729,-0.536621,249.992355,75.98877,-249.992355
-0.460693,2.205566,0.851074,-249.984726,134.376526,-97.045891,2.564209,0.494873,4.487305,111.816399,2.151489,-111.831657
-0.495605,1.367432,1.104736,-249.992355,116.905205,-103.767387,0.151367,3.247803,-0.102051,245.765671,-205.245956,-200.462326
-0.429443,0.73291,1.187012,-249.992355,107.650749,-126.396172,0.158203,3.389893,-0.441162,249.992355,-224.151596,-130.371094
-0.332764,0.25708,1.293701,-249.336227,106.75811,-153.98407,-1.342285,2.583252,-0.155518,249.992355,-9.742737,-249.992355
-0.209961,-0.143066,1.470215,-249.992355,93.01757,-180.778488,-0.918701,2.9646,0.635986,-249.992355,-249.992355,249.992355
-0.422607,-0.463867,1.69873,-249.992355,47.996517,-177.871689,-0.45166,2.642822,0.331787,-249.992355,-249.984726,249.992355
-0.99707,-0.852295,1.990723,-224.906906,-43.640133,-139.907837,-0.554199,1.810059,0.304688,-249.992355,-249.992355,249.992355
-1.373535,-1.52417,2.344727,-125.190727,-182.441696,-98.335258,-0.407715,1.23999,0.193848,-249.969467,-249.763474,249.992355
0.020752,-1.822266,1.952881,155.387878,-249.992355,-92.346184,0.229492,1.030029,0.103027,-249.992355,-248.878464,249.717697
0.206543,2.491455,0.915527,-249.992355,151.611328,-103.393547,0.854248,0.861816,0.332275,-249.908432,-249.992355,249.633774
0.141602,-1.416016,1.667236,242.24852,-249.992355,-83.305351,1.312256,0.616455,0.951416,-248.237595,-246.398911,249.992355
-0.946533,-0.602539,1.102783,249.992355,-70.304871,84.70916,1.847412,0.401123,1.838623,-249.992355,-154.541016,241.279587
-1.256592,-0.09668,1.10376,249.992355,1.365662,134.811401,2.742432,0.362061,2.953857,-249.992355,21.438597,178.283676
-1.328369,0.429688,1.219238,249.992355,25.871275,167.846664,3.27002,0.532715,3.990723,-141.021729,205.474838,35.736084
-1.109619,0.977295,1.272461,249.992355,20.553587,192.459091,-1.218506,2.984619,0.663818,-249.992355,-249.992355,249.992355
-0.601074,1.39502,1.049072,249.992355,-2.922058,210.845932,2.573242,0.722412,4.436035,60.974117,249.992355,-176.780685
-0.23291,1.578125,0.75,249.992355,-27.397154,217.941269,2.277344,-0.008545,2.756348,249.992355,249.786362,-249.992355
-0.055664,1.636475,0.59082,249.992355,-41.625973,217.689499,2.611572,0.008057,2.423584,249.992355,249.404892,-249.992355
0.031006,1.671143,0.512451,249.992355,-48.309322,211.807236,3.148193,1.000732,2.581787,249.992355,249.992355,-249.992355
0.042236,1.703613,0.461426,249.992355,-50.827023,203.735336,2.072998,1.635986,1.996094,249.992355,244.972214,-249.992355
1.289551,7.999756,-4.496338,-232.566818,-24.383543,-60.295101,0.237793,1.949951,0.908447,249.992355,196.044907,-249.992355
-0.43457,-1.027588,1.162598,249.992355,-181.869492,3.135681,-0.621582,2.209229,0.406982,249.992355,143.814087,-249.992355
0.124023,2.013916,0.709229,-249.992355,149.452209,-43.266293,-1.172852,2.452881,0.05957,249.992355,84.724419,-249.992355
-0.939453,-1.980957,2.335449,13.252257,-247.253403,-77.659607,-1.420166,2.612793,-0.19458,249.992355,37.353516,-249.992355
0.305908,2.805176,0.485352,-249.992355,109.268181,-108.963005,-1.427979,2.530029,-0.297119,249.992355,12.893676,-249.992355
0.105225,2.256348,0.6875,-249.992355,141.105652,-63.140865,-1.318115,2.487061,-0.334229,249.992355,2.975464,-249.992355
0.403076,5.002441,-1.165283,-249.992355,69.747925,36.819458,2.043701,0.479492,3.76416,227.722153,249.992355,-249.992355
0.13916,4.080322,-0.631104,-249.992355,103.744499,60.211178,-0.925293,3.000732,0.547363,-249.992355,-221.359238,249.992355
-0.073975,3.245605,-0.412109,-249.992355,104.911797,65.437317,0.718994,4.174072,-0.92749,249.992355,-165.557846,-23.399351
-0.070801,2.584717,-0.171875,-249.992355,79.627991,44.105526,-0.697021,3.072754,0.35376,-249.992355,-109.016411,249.992355
-0.074707,1.828369,0.040283,-249.992355,51.971432,14.007567,1.544922,5.808105,-2.02417,64.758301,53.398129,47.348019
-0.145752,1.483887,-0.101074,-249.992355,27.816771,-14.244079,0.74585,6.919189,-3.20166,-221.809372,240.776047,48.828121
-0.276611,1.548828,-0.015381,-249.893173,-9.735107,-19.996643,-0.216309,6.214844,-3.706299,-249.992355,249.992355,63.20953
-0.265137,1.556152,0.289551,-249.992355,-64.025879,-21.682737,0.167969,4.876709,-3.288818,-249.992355,174.728378,69.717407
-0.233887,1.488281,0.231934,-249.992355,-107.070915,-34.980774,0.033691,3.831299,-2.702393,-249.992355,98.846428,48.179623
-0.119629,1.408936,0.15918,-245.918259,-138.702393,-53.146358,-0.352051,2.688232,-2.236572,-249.992355,40.90881,23.704527
0.090576,5.732422,-2.398926,-249.992355,11.413573,2.693176,-0.721191,3.050293,0.416748,-249.992355,-145.91217,249.992355
-0.072998,1.451416,0.237793,-231.140121,-171.821579,-90.240471,-0.385498,1.104736,-0.750732,-249.992355,14.289855,-3.242492
-0.068848,1.352539,0.170654,-236.95372,-157.249451,-74.72229,-0.35083,0.875244,-0.6604,-249.992355,28.106688,3.120422
0.872559,2.491211,0.509033,-249.992355,-76.965332,-142.120361,-0.223633,0.910156,-0.70752,-248.779282,55.14526,33.752441
0.716309,2.220703,0.564697,-249.992355,-176.162704,-143.730164,0.011475,1.072754,-0.724854,-249.832138,102.157585,77.964783
0.387451,2.010498,0.542969,-249.992355,-247.146591,-139.091492,-0.442627,1.737305,-1.451172,-249.977097,14.739989,7.453918
0.187988,1.89917,0.52832,-249.992355,-249.992355,-135.787964,-0.133301,1.465576,-0.615479,-249.992355,231.109604,159.286499
0.611816,2.78418,0.371582,-249.992355,29.899595,-127.517693,0.098633,1.280762,-0.755859,-249.992355,169.319138,114.830009
0.024902,1.82373,0.584961,-249.992355,-248.222336,-108.6502,-1.187256,3.279541,0.289795,-249.992355,-70.495605,249.992355
-0.026123,1.645508,0.550049,-245.605453,-228.157028,-90.019218,-1.262695,3.154541,0.180176,-249.992355,-24.383543,249.992355
-0.07666,1.562988,0.436279,-229.179367,-195.533737,-86.410515,-1.281006,2.912842,-0.016357,-249.992355,38.146973,249.992355
0.105713,1.898926,0.554688,-249.992355,-249.092087,-126.54113,-1.444824,2.76123,-0.15918,-249.992355,106.117241,249.992355
-0.778809,0.119141,1.320313,249.992355,-247.772202,72.792053,-0.894775,3.199219,0.2854,-249.992355,-96.443169,249.992355
-0.51416,-1.153564,2.584229,-200.492844,-188.102707,-15.396117,-1.443848,2.534424,-0.205322,-249.992355,228.286728,249.992355
-0.386963,-1.581055,3.544189,-107.429497,-247.634872,-40.046692,-1.14209,2.3125,-0.107422,-249.992355,249.992355,249.992355
0.064453,-1.560303,3.413818,-32.394409,-249.992355,-70.259094,-0.774414,2.000244,-0.009277,-249.992355,249.992355,241.607651
0.047852,-1.581543,2.969727,52.047726,-210.006699,-72.380066,-0.458496,1.679932,-0.168945,-249.992355,249.465927,207.756027
-0.405762,-1.580322,2.743896,197.998032,-175.140366,-97.419731,-1.547363,2.665283,-0.255615,-249.992355,169.92186,249.992355
-0.292725,-0.557617,1.628906,-249.992355,-105.606071,-15.1062,2.23584,-0.064453,2.748291,-211.288437,-198.471054,69.770813
-0.786377,-1.076904,2.291748,249.992355,-180.38176,-66.520691,2.624268,-0.074707,3.350098,-144.020081,-165.801987,20.774839
-0.88208,-0.574219,1.779297,249.992355,-217.330917,10.765075,2.429688,-0.101807,3.350342,-30.769346,-95.5429,10.932921
-0.791992,0.632568,1.230225,249.992355,-249.992355,104.301445,2.103271,-0.182617,3.079102,65.330505,11.497497,-60.348507
0.269531,2.280273,0.864258,249.992355,-249.504074,178.886398,1.707031,0.051025,2.31958,40.344234,131.55365,-104.637138
-0.605713,1.500488,1.001953,249.992355,-249.992355,113.601677,1.650635,0.119141,1.914551,126.335136,230.567917,-150.169373
-0.362061,1.817871,0.858398,249.992355,-249.992355,129.570007,1.599609,0.049072,1.861572,233.619675,249.992355,-206.21489
-0.147705,2.039307,0.749512,249.992355,-249.992355,146.55304,1.364014,0.593994,1.755127,249.992355,218.719467,-246.978745
0.066895,2.188965,0.741699,249.992355,-249.946579,159.553528,0.719727,1.147217,1.072998,249.992355,122.024529,-249.992355
0.453857,2.356934,0.921631,249.992355,-249.992355,193.664536,-0.165771,1.518311,0.334961,249.992355,65.452576,-249.992355
0.426025,2.129639,0.973145,249.992355,-249.992355,198.600754,-0.631592,1.602539,0.420898,249.992355,23.03314,-203.376755
0.328125,1.881348,0.979248,249.992355,-218.742355,201.904282,-1.117676,1.850098,-0.108887,249.992355,23.513792,-249.992355
0.300781,1.735107,0.963379,249.992355,-186.668381,203.773483,-1.266602,1.941895,-0.226563,249.992355,-7.186889,-249.992355
0.344482,1.654297,0.914063,249.992355,-161.193832,206.886276,-1.20459,1.880371,-0.324951,249.992355,-34.896851,-249.992355
-0.093262,-0.114502,1.237061,-249.992355,-47.370907,21.087645,-1.010986,1.879395,-0.337158,249.992355,-46.07391,-249.992355
-0.720703,1.066895,1.119385,249.992355,-249.992355,105.583183,-0.755615,2.002686,-0.266846,249.992355,-34.309387,-249.992355
-0.04834,0.263916,1.074707,-248.908981,-0.236511,59.669491,-0.630127,1.985352,-0.104248,249.992355,-2.89917,-249.992355
0.398438,1.663818,0.838623,249.992355,-135.818481,213.096603,-0.65918,2.01416,0.020264,249.992355,27.732847,-249.587997
-0.056641,1.072754,0.908447,-249.992355,52.436825,71.975708,-0.759277,2.142822,0.033691,249.992355,45.806881,-249.992355
0.231689,2.211914,0.573975,-249.992355,57.624813,83.641045,-0.797607,2.077148,0.086914,249.992355,52.467342,-249.992355
0.039063,2.076904,0.625,-249.992355,2.27356,76.278687,-0.70166,1.816162,0.289307,249.992355,45.69244,-228.500351
0.102051,1.95752,0.587158,-249.992355,-41.389462,61.080929,1.678223,0.075195,1.94458,-249.992355,-194.900497,148.590088
0.167969,1.887939,0.681885,-249.992355,-69.816589,42.045589,-0.740234,1.73584,0.006836,249.992355,43.121334,-249.992355
0.191406,1.780029,0.768311,-249.992355,-86.830132,26.824949,1.225586,0.321045,1.277588,-249.992355,-175.575241,193.725571
0.2146,1.645264,0.684082,-249.992355,-94.108574,15.068053,-1.204346,2.51123,0.016602,-249.992355,84.541313,249.992355
0.234375,1.556885,0.63916,-249.992355,-94.741814,-2.960205,0.431641,0.83252,0.758545,-249.984726,-175.399765,243.37767
0.23584,1.552246,0.608643,-249.992355,-91.567986,-22.033689,-0.677002,1.476807,0.375977,249.992355,-7.041931,-191.696152
0.195068,1.630859,0.561768,-249.992355,-85.601799,-38.43689,-0.685303,1.682617,-0.789795,-249.992355,-249.992355,-92.613213
0.133545,1.734619,0.496338,-249.992355,-83.717339,-49.186703,-0.335693,1.633301,-0.541992,-249.992355,-209.541306,-106.071465
-0.078857,0.649658,0.967041,-249.992355,35.774231,72.311401,-0.174561,1.627686,-0.255859,-249.992355,-113.349907,-99.281303
0.171387,1.73584,0.464111,-249.992355,-80.947868,-51.780697,-0.224609,1.632813,-0.062744,-249.992355,6.866455,-69.046021
0.275146,2.101074,0.549316,-249.992355,-52.787777,-18.203735,-0.35083,1.695068,-0.100586,-249.992355,124.542229,-29.891966
0.201172,2.748779,0.669189,-249.992355,-29.45709,1.434326,-0.583252,1.830566,-0.215576,-249.992355,219.413742,12.145995
0.317383,2.386963,0.561279,-249.992355,-6.240844,4.508972,-0.886719,2.018066,-0.220947,-249.992355,249.832138,54.313656
0.221924,2.001709,0.425781,-249.992355,8.865356,54.222103,-1.211426,2.253174,-0.058105,-249.992355,249.092087,100.913994
0.117676,2.008545,0.248291,-249.992355,42.617794,114.868156,-1.298096,2.372559,0.159668,-249.992355,249.992355,165.847763
0.205322,2.193115,0.416748,-249.992355,71.632385,106.575005,-0.947021,2.332764,0.363525,-249.992355,247.825607,229.667648
0.084717,2.128174,0.634277,-249.992355,70.94574,81.977837,-0.717285,2.255127,0.423828,-249.992355,184.318527,249.992355
-0.14917,2.155029,0.719971,-249.992355,59.516903,95.153801,-0.926514,2.324707,0.200684,-249.992355,125.366203,249.992355
-0.103271,1.79541,0.868652,-249.992355,52.177425,96.794121,-1.400146,2.655029,0.072021,-249.992355,50.209042,249.992355
-0.05835,1.503174,0.913574,-249.977097,52.345272,84.869377,-1.404785,2.785645,0.147705,-249.992355,7.820129,249.992355
0.25293,1.684082,0.466064,-249.992355,-68.946838,-42.030331,-1.47876,2.886963,0.318115,-249.992355,-35.057068,249.992355
0.425293,1.681641,0.796631,249.984726,-106.048576,225.570663,-1.571045,2.884277,0.532715,-249.992355,-67.382813,249.992355
0.468262,1.674561,0.740234,249.977097,-72.517395,237.892136,-1.383057,2.79248,0.789063,-249.992355,-116.134636,249.992355
0.498291,1.643555,0.680664,249.992355,-35.766602,241.691574,-1.066162,2.62793,1.037354,-249.992355,-202.438339,249.992355
1.822754,3.095215,-0.620361,-249.992355,-7.17163,-234.497055,-0.770264,2.402832,1.076904,-249.992355,-248.062119,249.992355
1.544678,2.466553,-0.07959,-249.992355,80.856316,-216.346725,-0.215088,2.099854,0.92041,-249.992355,-249.992355,249.816879
1.162354,1.974854,0.280762,-249.992355,179.206833,-161.697372,0.171631,1.564697,0.719727,-249.984726,-249.992355,249.992355
0.74292,1.655762,0.513672,-249.992355,243.797287,-105.522148,0.30249,1.142578,0.727539,-249.992355,-217.185959,249.992355
0.237793,1.548584,0.57251,-249.992355,249.992355,-79.124451,0.744629,0.570313,0.888916,-249.282822,-161.415085,220.588669
0.009277,1.653564,0.546387,-249.992355,225.730881,-80.078125,-0.742432,1.366211,0.264893,249.992355,-36.895752,-187.17955
0.027588,1.704346,0.540283,-249.992355,154.067993,-96.412651,-0.833008,3.080078,-0.253174,249.008163,-134.750366,-59.783932
-0.087402,1.592773,0.563477,-249.992355,101.852409,-101.081841,-0.69458,1.161133,0.085205,249.992355,-68.92395,-162.506088
-0.082275,1.45752,0.517334,-249.992355,74.104309,-91.148369,-1.335449,1.790527,-1.304932,-249.992355,-9.803772,92.559807
0.089355,1.468262,0.402344,-249.992355,60.729977,-89.263908,-1.261475,1.239014,-0.638916,-249.992355,-74.478149,60.623165
1.734375,3.360596,-1.036865,-249.992355,-73.524475,-230.239853,-0.890381,0.969971,-0.180664,-249.992355,-92.407219,29.006956
0.085693,1.619141,0.416504,-249.992355,57.067867,-96.855156,-0.486084,1.054199,0.141602,-249.992355,-52.474972,31.463621
0.025146,1.637939,0.641846,-249.992355,9.902954,-106.285088,-0.114014,1.30249,0.020508,-249.992355,15.693664,67.016602
0.107422,1.652588,0.679932,-249.992355,-8.94165,-90.034477,-0.044922,1.518066,-0.305664,-249.992355,90.049736,119.621269
0.353271,2.361572,0.702393,-249.992355,19.15741,-77.362061,-0.342773,1.676025,-0.250244,-249.992355,157.775879,174.278244
0.461426,2.762939,0.733154,-249.992355,115.592949,-67.634583,-0.755859,1.876465,-0.039063,-249.992355,206.611618,230.91124
0.633545,2.099121,0.584961,-249.992355,221.282944,-35.118103,-0.910156,2.163818,0.158203,-249.992355,229.553207,249.992355
0.47583,2.197266,0.307617,-249.992355,249.992355,6.179809,-0.743652,1.255615,0.146484,249.992355,-59.066769,-177.711472
0.384277,2.182373,0.258057,-249.992355,249.992355,17.791748,-1.131104,2.202148,-1.880371,-249.992355,80.223083,113.510124
0.126465,2.025635,0.164795,-249.992355,249.992355,26.542662,-1.128662,2.574707,0.348389,-249.992355,222.557053,249.992355
-0.013428,2.064453,0.203857,-249.992355,249.55748,4.753113,-1.594971,2.682617,0.452881,-249.992355,112.007133,249.992355
-0.190918,2.139893,0.35791,-249.992355,249.992355,7.667541,-1.751221,2.922607,0.359863,-249.992355,-7.011413,249.992355
0.02417,1.693848,0.55127,-249.992355,39.924622,-103.86657,-1.788574,3.198486,0.267822,-249.992355,-147.323608,249.992355
1.308838,3.193115,-1.43457,-249.992355,-115.936272,-219.032272,-1.608887,3.286133,0.37793,-249.992355,-239.47905,249.992355
-0.350342,2.333252,0.473389,-249.992355,249.992355,20.942686,-1.218994,3.354492,0.393066,-249.992355,-249.992355,249.992355
1.535645,4.269531,-3.163818,-249.992355,-132.461548,-144.950867,-0.915039,3.522949,0.505859,-249.992355,-249.992355,249.992355
0.503906,1.585938,0.665283,249.671921,-2.27356,237.71666,-0.874023,3.463379,0.754395,-249.992355,-249.992355,249.992355
0.527344,1.537109,0.617432,247.802719,23.086546,230.1483,-1.070557,3.087402,0.973877,-249.992355,-249.992355,249.992355
0.55957,1.519775,0.483154,247.650131,43.388363,218.986496,-1.061768,2.907959,1.077148,-249.992355,-249.992355,249.992355
0.591064,1.460693,0.359619,248.733505,58.090206,205.352768,-0.76123,2.893311,0.812744,-249.992355,-249.992355,249.992355
0.578857,1.397461,0.27832,249.961838,69.221497,195.953354,-1.363281,2.608643,0.469238,-249.992355,188.461288,249.992355
0.550293,1.406006,0.191895,249.984726,80.276489,190.246567,-1.103271,2.389893,-2.481201,-249.992355,183.952316,129.226685
1.168945,3.443604,-2.145752,-249.992355,-134.674072,-189.430222,-0.95166,2.418945,0.231689,-249.992355,232.681259,249.992355
0.583496,1.598145,0.021484,249.992355,95.245354,154.808044,-0.695313,3.814209,-4.2146,-249.992355,249.992355,186.744675
0.654053,1.771484,0.018555,249.641403,111.770622,146.034241,-1.204102,2.849609,-3.245361,-249.992355,249.992355,146.209717
0.690186,2.038818,0.021729,246.696457,138.931274,145.324707,-0.691406,1.125977,0.053955,249.992355,-69.259644,-144.134521
0.557617,2.258057,-0.007813,249.290451,160.675034,140.075684,-0.678467,1.15918,-0.022705,249.992355,-71.212769,-123.863213
0.567139,1.500244,0.070068,249.954208,87.882988,175.704941,-0.65918,1.272461,-0.111328,249.992355,-79.50592,-105.270378
0.62207,2.820801,-0.292236,249.992355,117.248528,126.205437,-0.651123,1.431152,-0.246826,249.992355,-92.430107,-85.823051
0.509277,3.645264,-0.31958,249.992355,56.617733,104.820244,-0.604736,1.555908,-0.385254,249.992355,-102.294914,-63.018795
0.216553,4.428711,-0.398193,248.725876,-22.254942,79.696655,-0.501465,1.615723,-0.332031,249.992355,-96.42028,-36.209106
0.357666,4.725098,-0.423584,249.855026,-83.145134,66.635132,-0.46582,1.811279,-0.114502,249.93132,-82.405083,-15.853881
1.2229,5.041016,-0.640381,249.992355,-53.771969,91.720573,-0.630371,2.046143,-0.169678,249.992355,-86.929314,-21.331785
1.636475,4.989746,-1.355469,204.658493,59.883114,146.30127,-0.696777,2.344971,-0.279297,249.603256,-93.360893,-30.334471
2.051758,5.44751,-2.352783,67.634583,117.286674,107.13958,-0.768799,2.699707,-0.272705,245.376572,-109.901421,-42.854305
2.3396,6.594238,-4.027832,18.035889,59.730526,-31.143187,-0.389893,1.678711,-0.191162,249.977097,-85.060112,-18.15033
1.882568,7.072266,-5.789063,-99.235527,-55.465694,-89.431755,-0.688477,3.464844,-0.364014,249.992355,-151.344299,-73.852539
1.76709,5.713623,-4.821289,-235.32103,-111.503593,-103.454582,1.20874,7.252441,-4.667725,-200.477585,249.05394,210.693344
0.515381,2.464844,-0.170166,249.969467,155.029297,134.880066,1.181641,6.619629,-3.215576,91.178886,142.089844,49.758907
-0.05127,2.858643,0.599365,-249.992355,90.270988,-117.462151,0.682617,4.123291,-1.515869,249.992355,-77.682495,-53.924557
0.058594,2.738525,0.637451,-249.992355,58.700558,-120.971672,0.388184,3.147949,-0.552246,249.992355,-188.156113,-103.294365
0.045898,2.036865,0.527344,-249.992355,23.460386,-120.36895,0.661865,5.604004,-4.952881,-249.992355,248.687729,236.038193
0.042236,1.691406,0.499023,-249.992355,6.622314,-129.341125,-0.69873,4.275879,-0.4375,249.992355,-165.00853,-103.248589
0.003174,1.708984,0.65918,-249.992355,-95.588676,-124.793999,-0.69751,4.179688,-0.438232,249.992355,-151.832581,-101.394646
0.016113,1.529297,0.626709,-249.992355,-19.714355,-133.346558,-0.472412,3.838623,-0.473145,249.916061,-155.609131,-91.903679
0.045166,1.474121,0.725586,-249.992355,-42.816158,-131.607056,0.066406,3.77124,-0.495361,246.192917,-197.219833,-115.638725
0.043457,1.544434,0.756104,-249.992355,-69.602966,-127.395622,-1.046387,3.029297,0.077393,-249.992355,42.510983,249.992355
0.021484,1.597412,0.5354,-249.992355,-3.982544,-133.06427,-0.264893,1.668213,0.117188,-249.992355,-16.677856,72.822571
-0.319336,2.69165,0.461182,-249.992355,91.873161,-107.162468,-0.405762,1.739502,0.129639,-249.992355,32.936096,85.647575
-0.438721,-1.428711,2.0896,-178.321823,49.987789,-77.575684,-0.554199,1.964844,0.189209,-249.992355,75.935364,98.968498
0.001953,2.1604,0.466797,-249.992355,95.16906,-93.048088,-0.577637,2.263428,0.165283,-249.992355,107.170097,123.046867
0.118408,2.264648,0.698486,-249.992355,136.894226,-80.665581,-0.555176,2.498047,0.108398,-249.992355,128.082275,158.836365
0.078125,2.768555,0.810791,-249.992355,171.226486,-56.556698,-0.511475,2.666748,0.048828,-249.992355,138.48877,193.222031
-0.18457,2.56665,0.89209,-249.992355,174.209579,-22.521971,-0.550781,2.766846,0.128906,-249.992355,142.295837,221.572861
-0.269775,1.875488,1.088867,-249.977097,141.38031,12.397765,-0.692627,2.820313,0.215332,-249.992355,129.676819,244.964584
-0.209229,1.249023,1.280273,-249.992355,98.617546,22.018431,-0.89502,2.891846,0.12085,-249.992355,95.451347,249.992355
-0.195068,0.644287,1.304443,-249.93132,66.604614,17.662048,-1.097656,2.968262,0.114258,-249.992355,-26.863096,249.992355
-0.233643,0.080322,1.402344,-248.702988,55.534359,5.943298,2.012207,-0.38623,2.665039,-244.857773,-154.037476,188.796982
-0.292236,-0.525635,1.573975,-249.992355,59.776302,-25.794981,-0.869873,3.141846,0.543945,-249.992355,-108.909599,249.992355
-0.352295,-1.113281,1.864014,-249.992355,67.741394,-66.215515,-0.611816,3.125732,0.944092,-249.992355,-105.270378,249.992355
0.003662,1.662354,0.493408,-249.992355,-120.292656,-121.086113,-0.349365,2.582031,1.136963,-249.992355,-114.898674,249.992355
-0.299072,2.338379,0.458252,-249.992355,79.162598,-90.156548,-0.284424,1.77832,1.150391,-249.992355,-138.496399,249.740585
0.017822,1.490723,0.481201,-249.992355,-141.441345,-111.694328,-0.06958,1.077881,1.356201,-249.992355,-154.693604,249.992355
0.582031,7.235596,-6.177002,-249.992355,73.814392,-33.52356,0.140625,0.619141,1.276367,-249.992355,-168.960556,249.992355
-0.071777,1.571045,0.719238,-249.992355,-171.867355,-90.621941,0.499512,0.325195,1.318848,-249.755844,-173.110947,239.181503
-0.503418,-1.525391,2.310791,-117.492668,-9.300232,-65.490723,1.049072,0.097656,1.565186,-249.130234,-170.738205,214.584335
-0.190186,1.815186,0.131348,210.655197,77.835083,38.772583,1.656006,-0.137695,1.951172,-249.992355,-162.033066,198.90593
0.443359,2.078369,0.247314,222.991928,-9.117126,32.76825,-0.253174,1.604248,0.183838,-249.992355,-57.624813,46.020504
0.929932,2.48584,0.084961,248.702988,-16.532898,55.221554,-1.05249,2.868408,0.258301,-249.992355,-86.776726,249.992355
0.956299,3.026855,0.0354,249.984726,34.866333,58.662411,-0.266357,1.474365,0.200684,-249.992355,-77.514648,19.294739
0.367188,3.672607,0.223633,249.923691,127.479546,61.813351,2.127197,-0.871582,3.456787,-160.430908,-139.503479,128.791809
-0.078613,4.640869,0.623291,249.992355,125.122063,90.62957,-0.391846,1.364746,0.124512,-249.992355,-53.909298,6.431579
0.001953,5.031006,0.572998,249.80162,91.979973,142.326355,-0.593262,1.52832,-0.323242,249.992355,-133.834839,-4.753113
0.491943,4.947998,0.559814,245.429977,141.059875,180.50383,-0.719482,1.856445,-0.32373,249.992355,-159.591675,-22.315977
0.683105,4.749268,-0.036377,249.992355,147.338867,108.604424,-0.820557,2.228027,-0.343506,249.992355,-202.232346,-43.609615
-0.008545,1.451904,0.578125,-249.992355,-160.140991,-100.173943,-0.85376,2.677246,-0.402344,249.992355,-243.034348,-63.995358
-0.432617,4.963135,-1.10791,249.992355,43.029781,-4.40979,-0.793213,3.317383,-0.4021,249.992355,-249.710068,-82.916252
2.407471,7.999756,-4.785889,-237.991318,-24.681089,-223.670944,-0.668945,4.032959,-0.314941,249.969467,-249.664291,-87.783806
0.101807,4.86377,-2.92334,-249.992355,152.633667,38.154602,-0.467285,4.367188,-0.207275,249.93132,-249.992355,-91.217033
0.123779,4.107178,-0.943604,-249.992355,142.14325,71.937561,-0.333984,4.45752,-0.336426,249.992355,-240.959152,-94.566338
0.009033,3.595215,-0.140869,-249.992355,89.271538,91.575615,-0.019531,4.395996,-0.400146,249.206528,-189.743027,-79.589844
-0.230713,3.013916,0.256592,-249.992355,18.165588,91.964714,0.337158,3.930176,-0.507813,244.949326,-123.802177,-40.466305
-0.15332,2.669922,0.151855,-249.992355,-55.046078,68.855286,0.584717,3.699463,-0.992676,249.992355,-40.817257,-0.320435
-0.002197,2.585938,0.134521,-249.992355,-104.61425,20.13397,0.962158,4.850098,-1.88208,243.072495,45.639034,23.590086
-0.092285,2.503662,0.329834,-249.992355,-124.771111,-26.535032,1.08252,6.589844,-3.813232,-84.365837,156.257629,52.024837
-0.127441,2.263916,0.685303,-249.992355,-147.003174,-63.308712,1.100586,6.030762,-5.087891,-243.926987,239.021286,86.700432
-0.125244,1.86499,0.890137,-249.992355,-168.090805,-81.565849,0.392578,4.903564,-4.665771,-249.992355,248.725876,92.163078
0.089111,7.281006,-1.766113,-7.965087,-71.556091,-98.800652,0.088867,4.13208,-3.513184,-249.992355,249.992355,85.876457
-0.15332,-1.872803,2.620605,-61.561581,-92.582695,-77.949524,-0.099121,3.57666,-2.424316,-249.992355,232.505783,68.717957
-0.057129,1.956543,0.226074,200.027451,24.131773,25.260923,-0.273438,3.240479,-1.751221,-249.992355,191.993698,48.248287
0.162109,-2.44043,2.320557,235.916122,-148.010254,-78.468323,-0.648193,2.82666,-1.501709,-249.992355,144.500732,47.45483
0.112793,1.219482,-0.34668,192.72612,49.46899,-42.785641,-0.870361,2.240234,-0.923584,-249.992355,94.795219,59.631344
0.148682,1.255859,-0.426758,197.120651,27.94647,-53.283688,-0.728027,1.745361,-0.114258,-249.992355,39.962769,45.646664
0.248291,1.37207,-0.437256,202.255234,14.434813,-60.119625,-0.624756,1.52124,0.117676,-249.992355,-6.050109,25.741575
0.386475,1.447021,-0.412354,223.945602,28.755186,-66.490173,-0.50708,1.429688,0.081299,-249.992355,-34.698486,15.602111
0.585693,1.502686,-0.477539,248.565659,98.82354,-69.885254,-0.32373,1.374512,0.179688,-249.992355,-71.258545,6.271362
0.791504,1.712402,-0.530273,249.992355,211.616501,-65.544128,2.181641,-1.619629,4.004639,5.424499,-109.359734,4.394531
0.796143,2.197754,-0.568115,249.992355,249.992355,-51.300045,-0.82959,1.810303,-0.85791,-249.992355,-249.992355,-83.511345
0.425293,2.811279,-0.695801,249.977097,248.710617,-57.197567,1.732422,-1.349609,3.575439,249.992355,109.207146,-89.508049
-0.230713,3.397705,-0.7771,249.893173,248.634323,-94.123833,-0.970215,0.977539,-0.436279,242.263779,130.081177,7.8125
-0.76123,4.178711,-0.892578,249.992355,249.992355,-120.880119,-1.130859,1.032959,-0.53833,235.130295,92.338554,10.627746
0.172119,1.291016,-0.226563,193.98497,69.892883,-24.009703,-1.229736,1.138672,-0.636475,224.937424,28.053282,33.546448
-1.268311,5.208984,-1.153809,249.740585,209.259018,-124.938957,-1.279541,1.303223,-0.707031,207.984909,-68.824768,63.240047
-2.077393,4.506104,-0.805908,249.992355,-184.570297,-202.148422,-1.359131,1.514404,-0.718506,194.168076,-192.802414,79.017639
-2.842773,4.742432,-2.383789,249.992355,-247.169479,-249.992355,-1.437988,1.740479,-0.750732,194.091782,-249.420151,82.138054
-2.029541,7.758057,-6.677734,-86.738579,-249.992355,-143.287659,-1.465332,1.971191,-0.808594,211.738571,-249.992355,85.418694
0.013184,7.999756,-7.999756,-210.517868,-247.29155,3.768921,-1.226807,2.33374,-0.813232,241.516098,-249.992355,85.731499
-0.121582,5.782471,-6.604248,-216.934189,-76.141357,38.475037,-0.886475,2.724365,-0.95874,249.992355,-249.336227,103.60717
0.032959,4.403076,-2.63501,-249.580368,3.784179,81.016533,-0.519775,3.097412,-1.232422,249.954208,-248.893723,150.642395
0.365479,4.260986,-1.016846,-249.992355,28.167723,111.312859,-0.811768,0.974609,-0.343262,248.817429,136.566162,17.181396
0.493164,4.322998,-0.194336,-249.992355,55.221554,111.80114,0.053223,3.851563,-1.29834,249.908432,-249.992355,141.540527
0.244873,3.94873,0.101807,-249.992355,98.129265,101.760857,0.541016,3.783203,-1.703613,248.847946,-101.34124,84.793083
0.180664,3.264404,0.411865,-249.992355,125.625603,93.482964,1.462158,2.798096,-2.091553,243.194565,61.027523,48.744198
-1.578369,5.532227,-1.036621,243.63707,-4.28009,-120.178215,1.676514,2.946289,-1.832275,249.992355,221.992477,74.546814
0.244385,1.414307,-0.099121,208.72496,87.295525,3.738403,2.07666,5.778076,-2.202148,237.701401,249.511703,135.444641
0.364014,2.562256,0.527588,-249.992355,107.986443,84.785454,1.854248,7.956543,-5.66333,-173.179611,247.436508,56.106564
0.191895,1.619385,0.089844,249.992355,132.041931,62.553402,-1.000244,6.323486,-7.999756,-249.992355,249.992355,46.501156
0.23291,1.538574,0.006104,233.962997,107.322685,34.492493,-1.972656,4.26001,-6.356934,-249.992355,243.347153,-8.728027
-0.151855,-1.540283,1.532471,249.992355,-170.021042,-56.03027,-1.821045,3.290039,-3.531982,-249.992355,63.064571,-16.906738
-0.639404,-0.662109,1.157471,249.992355,-167.15239,-15.602111,-1.212158,2.374512,-1.528564,-249.992355,-104.324333,-31.425474
-0.979736,-0.22168,1.276611,249.992355,-154.190063,18.348694,-0.879883,1.984863,-0.926514,-249.992355,-208.770737,-64.605713
-1.032959,0.204346,1.30957,249.992355,-145.866394,50.384518,0.160156,4.284668,-1.385254,249.992355,-230.705246,99.983208
-0.792969,0.647705,1.138916,249.992355,-141.021729,76.805115,-0.7146,1.00293,-0.301025,249.992355,115.623466,22.727964
-0.517822,1.046875,0.928467,249.992355,-135.398865,95.352165,1.835693,-1.872314,3.948975,188.262924,-23.605345,-64.155579
-0.364014,1.371338,0.864746,249.992355,-128.372192,110.183708,-0.676025,1.125244,-0.204834,249.961838,36.369324,-7.736206
-0.260986,1.601807,0.83252,249.992355,-120.391838,130.027771,1.72168,-0.760498,2.65625,249.992355,184.333786,-132.606506
-0.096924,1.740479,0.762939,249.992355,-104.23278,149.017334,1.291504,-0.324707,1.491211,249.992355,234.008774,-164.924606
0.113525,1.925049,0.682373,249.992355,-76.11084,158.7677,1.466064,0.125732,1.382813,249.992355,249.992355,-223.487839
0.217041,-2.456787,2.751953,92.64373,-133.659363,-84.693901,1.417969,0.741699,1.748535,249.992355,204.429611,-249.992355
0.257568,1.871826,0.636719,249.992355,-0.839233,185.249313,0.179688,1.347168,1.159912,249.992355,107.788078,-249.992355
0.265137,1.715332,0.557617,249.992355,39.627075,190.20079,-0.498291,1.924805,0.532715,249.992355,44.334408,-249.992355
0.239502,1.710205,0.475586,249.992355,69.259644,190.216049,-0.69458,1.058838,-0.284668,249.954208,78.529358,12.763976
0.245361,1.747803,0.400391,249.992355,92.77343,185.157761,-0.66626,2.325928,0.595215,249.992355,19.607544,-249.992355
0.276367,1.774414,0.341797,249.992355,111.663811,178.031906,-0.864014,2.54541,0.385498,249.992355,20.668028,-249.93132
0.28125,1.78418,0.28125,249.992355,126.777641,170.516953,-1.075439,2.591064,0.014893,249.992355,16.548157,-249.526962
0.270752,1.714844,0.227051,249.992355,144.65332,163.932785,-0.989258,2.362549,-0.111816,249.992355,15.373229,-249.992355
0.269531,1.658691,0.171143,249.992355,163.36821,153.793335,-0.559326,2.214111,0.644531,249.992355,20.233152,-249.992355
0.247803,1.649414,0.157959,249.992355,174.57579,137.268066,-0.503418,2.118896,0.054688,249.992355,32.981873,-216.896042
0.207275,1.660156,0.141357,249.656662,172.264084,115.516655,-0.676025,2.166504,0.060791,249.992355,35.102844,-177.23082
0.193115,1.651855,0.136719,249.992355,156.1203,89.591972,-0.896973,2.113281,-0.05542,249.992355,19.309998,-146.720886
0.239502,2.078857,0.662842,249.992355,-42.442318,171.348557,-0.970703,1.92334,-0.123291,249.992355,-3.700256,-121.74987
0.866699,4.423096,-0.368408,-249.992355,64.941406,45.997616,-0.855713,1.718506,-0.120605,249.992355,-24.80316,-91.064445
0.94458,4.750244,-1.420898,-249.992355,13.580321,12.451171,-0.74292,1.544678,0.000488,249.992355,-36.079407,-57.456966
1.007568,6.293457,-5.117432,-245.483383,-67.741394,-29.197691,-0.728027,1.451904,0.069336,249.992355,-38.551331,-41.694637
-0.645752,5.225342,-0.13208,245.124802,86.379997,65.681458,-0.739502,1.360596,0.07666,249.992355,-34.927368,-36.437988
1.530518,7.999756,-4.138916,-89.729301,-249.992355,-217.323288,-0.702637,1.267334,0.02417,249.992355,-23.277281,-28.755186
-2.085693,5.893311,-1.608398,239.906296,-247.001633,-192.710861,-0.661377,1.191162,-0.08252,249.992355,0.106812,-21.209715
-1.616943,4.50293,-0.702881,249.992355,-167.617783,-161.895737,-0.629883,2.161621,-0.082031,249.992355,21.133421,-249.565109
0.949219,4.320801,0.202393,-249.992355,119.186394,72.212219,-1.938965,5.79541,-5.057861,-249.992355,224.647507,140.869141
3.682129,7.999756,-7.999756,-248.79454,-247.28392,-204.299911,-1.22876,7.999756,-6.049072,-249.992355,249.992355,174.621567
0.824707,3.875244,0.764893,-249.992355,162.933334,81.947319,-0.134277,7.398926,-3.437012,-181.434616,249.275192,147.186279
-0.102295,1.859863,1.025635,-249.992355,-36.216736,-33.065796,1.312744,4.969971,-1.31543,159.568787,246.15477,92.636101
0.08374,2.744385,1.123291,-249.992355,121.50573,60.111996,-0.951904,4.690674,-0.662354,249.992355,-229.782089,-0.160217
-0.115479,2.466309,1.076416,-249.992355,58.04443,25.840757,0.552734,3.144531,-0.608887,249.099716,29.510496,-95.512383
-0.204102,2.157471,1.116699,-249.992355,0.595093,-8.956909,0.361572,3.386475,-0.510498,247.390732,-83.160393,-87.783806
-0.532715,5.586914,0.035156,249.137863,249.992355,190.032944,-0.283203,4.013184,-0.609619,249.992355,-179.832443,-29.006956
-0.004395,1.618896,0.923828,-249.992355,-50.415035,-41.442867,0.941162,3.536621,-0.984375,249.992355,168.02977,-6.088256
-0.005615,1.466064,0.926758,-249.992355,-51.925655,-36.972046,-1.537842,4.088867,-3.085449,-249.992355,114.105217,117.431633
0.020752,1.420654,0.873047,-249.992355,-51.521297,-35.430908,-0.550781,1.743164,0.734375,-249.992355,-78.208923,102.035515
0.026855,1.45459,0.84082,-249.992355,-47.142025,-40.672298,-1.176025,3.230957,-0.901367,-249.992355,-20.51544,86.84539
0.051025,1.482422,0.847656,-249.992355,-43.479916,-44.700619,-0.814697,2.807861,-0.824463,-249.992355,-42.549129,77.827454
0.141602,1.420166,0.894287,-249.992355,-47.843929,-40.740963,-0.569092,2.216064,-0.527344,-249.992355,-9.223938,75.942993
0.165771,1.341309,0.950195,-249.992355,-57.144161,-29.052732,-0.469727,1.800293,-0.124268,-249.992355,39.009094,69.885254
0.443115,3.214355,1.104004,-249.992355,164.512619,78.071594,-0.683594,1.665039,-0.034668,-249.992355,66.719055,77.568054
0.117676,4.251709,0.077393,249.992355,249.992355,210.136398,-0.851807,1.708252,-0.085449,-249.992355,66.764832,106.193535
0.817139,1.168701,0.14502,249.992355,70.625305,95.79467,-0.805176,1.778076,-0.012451,-249.992355,45.875546,125.320427
0.669434,2.513916,-0.016602,249.969467,249.992355,195.960983,-0.794922,1.809814,0.26001,-249.992355,11.123656,129.806519
0.117676,1.612305,0.471191,249.992355,-87.623589,67.41333,-0.78418,1.827148,0.546631,-249.992355,-34.629822,119.827263
0.155762,1.32959,0.941895,-249.992355,-67.573547,-21.881102,-0.6875,1.808594,0.696289,-249.992355,-72.509766,102.256767
0.038574,1.665283,0.465576,249.992355,-94.490044,65.559387,-1.273682,3.98584,-0.54126,249.93132,-244.689926,8.750916
0.049072,1.624756,0.460693,249.992355,-105.903618,64.26239,-1.326416,3.49292,-1.328613,-249.992355,40.519711,97.984306
0.166992,1.612549,0.446045,249.992355,-113.540642,62.69836,-1.031982,2.642822,-0.586426,249.992355,-249.992355,1.449585
0.221436,1.638184,0.401611,249.992355,-109.603874,64.13269,-0.972412,0.910645,-0.116455,249.992355,-46.241756,-202.667221
0.231934,1.625977,0.362305,249.992355,-99.731438,68.908691,-0.853271,1.814941,-0.559082,249.992355,-249.870285,-23.78845
0.245605,1.615234,0.327881,249.992355,-90.362541,71.540833,-0.464844,1.660889,0.74707,-249.992355,-50.6134,116.249077
0.234619,1.593506,0.319092,249.992355,-82.427971,72.647095,-1.001709,1.816162,0.084229,249.992355,165.542587,-249.992355
0.243164,1.524902,0.330811,249.992355,-78.971863,77.659607,-1.030762,1.820801,0.030029,249.992355,155.075073,-249.992355
0.506836,3.010254,-0.014893,249.93132,246.765121,198.951706,-1.006104,1.897949,-0.055664,249.992355,160.28595,-249.992355
0.285156,1.486084,0.338623,249.717697,-80.80291,82.595818,-1.016602,1.999268,-0.120117,249.992355,177.513107,-249.992355
0.057861,1.444824,0.304443,249.992355,-85.472099,60.615536,-1.04126,1.952393,-0.076416,249.992355,191.406235,-249.992355
0.029785,1.302002,0.328613,235.855087,-92.735283,49.827572,-1.08374,1.843262,0.003662,249.992355,182.746872,-249.977097
0.157471,1.015625,0.35376,231.91069,-89.378349,49.789425,-1.189941,1.700928,0.080078,249.992355,147.735596,-249.778732
0.205322,0.963135,0.257813,245.285019,-79.925537,39.749146,-1.241211,1.526123,0.097168,249.992355,97.656242,-249.992355
0.222412,0.98877,0.182861,249.992355,-69.412231,29.58679,-1.175781,1.384033,-0.028809,249.992355,48.896786,-249.992355
0.271973,1.038574,0.13208,249.992355,-51.033016,36.903381,-0.841797,2.006348,-0.604248,249.992355,-249.992355,-9.346008
0.473877,1.088135,0.110596,249.992355,-10.398864,63.972469,-1.126709,1.263672,-0.029297,249.992355,15.624999,-235.610947
0.986816,1.369873,0.216797,249.992355,188.179001,120.36895,-1.048096,1.069336,-0.053223,249.992355,-31.044004,-211.296066
0.967041,1.759033,0.137451,249.992355,248.359665,153.579712,-0.86499,0.737305,-0.153809,249.992355,-58.151241,-185.440048
0.882813,2.168945,0.071289,249.992355,249.992355,186.447128,-0.729736,0.597412,-0.123291,249.992355,-76.538086,-161.025986
0.195557,1.500488,0.311768,249.992355,-82.138054,77.23999,-0.653809,0.523193,-0.085449,249.992355,-109.886162,-138.092041
0.092041,1.134766,0.374023,225.044235,-95.16143,50.4837,-0.675049,0.501709,-0.158691,249.992355,-161.399826,-115.669243
0.120605,1.37915,0.941162,-249.992355,-80.528252,-21.171568,-0.748779,0.519043,-0.285156,249.992355,-223.144516,-91.377251
0.046387,1.713623,0.744141,-249.992355,-98.678581,-24.490355,-0.803467,0.619385,-0.35498,249.992355,-249.816879,-71.350098
-0.113525,1.96875,0.366699,249.992355,-22.544859,249.93895,-0.818604,0.858887,-0.379639,249.992355,-249.992355,-61.958309
-0.068848,2.049805,0.307617,249.992355,-18.112183,249.839767,-0.83252,1.183594,-0.432861,249.992355,-249.992355,-57.250973
-0.039551,2.126221,0.293945,249.992355,-10.383605,249.992355,-0.85083,1.534424,-0.495361,249.992355,-249.992355,-44.082638
-0.095947,2.137451,0.323975,249.992355,-8.415222,248.496994,-1.102539,1.182861,0.00415,249.992355,-9.033203,-220.596298
-0.233154,2.02002,0.37793,249.992355,-29.495237,235.038742,-0.609863,1.655029,0.763916,-249.992355,-9.498596,134.757996
-0.149658,1.915527,0.39209,249.992355,-69.282532,222.160324,-0.8396,1.853027,0.786865,-249.992355,16.807556,162.147507
0.095215,1.886475,0.355713,249.992355,-89.50042,207.84758,-0.944824,2.175781,0.80957,-249.992355,15.129088,192.893967
0.320801,1.806152,0.376221,249.992355,-68.534851,199.127182,-0.671143,2.329834,0.162598,249.992355,202.392563,-249.992355
0.479248,1.781006,0.405518,249.992355,-20.072937,192.481979,-1.039551,2.438965,-0.108643,249.992355,144.744873,-249.992355
0.458984,1.638916,0.499512,249.992355,79.048157,180.038437,-1.248535,2.590576,-0.122314,249.992355,85.243217,-249.992355
0.526611,1.710938,0.380615,249.992355,104.431145,178.070053,-1.304932,2.843994,-0.016846,249.992355,23.910521,-249.992355
0.579102,1.54834,0.383301,249.992355,130.409241,173.347458,-1.250732,2.978516,-0.077637,249.992355,-24.963377,-249.992355
0.556152,1.296143,0.460449,249.992355,163.413986,163.551315,-1.221191,2.833984,-0.299316,249.992355,-51.078793,-249.992355
0.502441,1.159912,0.462158,249.992355,192.810043,144.706726,-1.297607,2.440918,-0.330322,249.992355,-62.141415,-249.992355
0.411865,1.125244,0.375977,249.992355,212.37944,124.954216,-1.238281,2.079834,-0.149414,249.992355,-83.152763,-249.68718
0.366455,1.146484,0.187744,249.992355,220.504745,111.000053,-1.106934,2.010498,-0.00293,249.992355,-110.404961,-249.992355
0.332031,1.161377,0.064697,249.717697,221.557602,102.745049,-1.111084,2.069824,-0.182861,249.992355,-134.284973,-237.792953
0.216309,1.189453,0.036133,249.992355,216.705307,93.490593,0.054199,1.952881,0.589844,249.992355,249.992355,-249.992355
0.070068,1.319336,0.036377,249.992355,192.031845,79.864502,-1.11792,1.761475,-0.149902,249.992355,-136.955261,-203.31572
-0.086426,1.561035,0.058105,239.22728,141.113281,60.989376,-0.995117,1.248047,0.04126,249.992355,-115.921013,-139.389038
0.071777,1.504395,0.841309,-249.992355,-95.962517,-21.377562,-0.951172,1.108398,0.037842,249.992355,-97.740166,-107.482903
-0.135498,1.834961,0.404785,249.992355,-25.085447,249.992355,-0.927734,1.027344,0.004395,249.992355,-75.767517,-79.498291
-0.252197,1.660889,0.547363,249.992355,-26.336668,249.992355,-0.89209,0.979248,-0.114746,249.992355,-55.709835,-59.364315
0.479492,1.704346,0.447266,249.992355,36.865234,184.944138,-0.838867,0.986572,-0.254639,249.992355,-43.693539,-45.913692
-1.199951,0.626953,1.084229,249.992355,-14.762877,210.914597,-0.84668,1.024902,-0.390137,249.992355,-41.244503,-34.439087
0.030029,1.984375,0.647217,-249.992355,-75.172424,-30.97534,-0.875488,1.043701,-0.547607,249.992355,-47.843929,-21.087645
-0.608154,1.33374,0.827148,249.992355,-21.247862,244.033798,-0.805176,1.054199,-0.589111,249.992355,-64.193726,-8.674622
0.064209,2.194336,0.574219,-249.992355,-31.204222,-36.743164,-0.669922,1.115723,-0.464355,249.992355,-88.340752,-1.274109
0.086182,2.135742,0.615479,-249.992355,15.441894,-23.79608,-0.563232,1.271729,-0.340332,249.992355,-112.953178,0.701904
-0.064209,1.811279,0.751709,-249.992355,52.520748,13.885497,-1.072266,1.457764,-0.020264,249.992355,-129.127502,-170.967087
-0.313232,1.634033,0.799805,-249.992355,72.624207,53.077694,1.297119,1.356445,1.114746,249.992355,249.992355,-249.992355
-0.195313,1.637939,0.767334,-249.992355,74.928284,40.077209,-1.075439,2.125244,-0.071045,249.992355,-126.67083,-249.992355
-0.195801,1.484619,0.638428,-249.977097,53.428646,2.349854,1.624512,0.274658,1.030029,249.992355,249.954208,-153.053284
-0.28125,1.37085,0.673096,-249.992355,22.91107,11.543273,2.010986,0.734619,0.986084,249.992355,249.160751,-240.264877
-0.265625,1.203613,0.812988,-249.992355,-4.516602,-8.583069,-1.136475,2.472656,0.596191,-249.992355,-31.799314,227.416977
-0.259277,0.852051,0.957764,-248.977646,-33.8974,-45.295712,-1.10791,2.45874,0.270996,-249.992355,-60.554501,233.207687
-0.153809,1.515381,0.695068,-249.992355,75.126648,10.910033,-1.068359,2.480713,0.145508,-249.992355,-86.990349,243.682846
-1.410156,-0.822754,1.19458,249.992355,-131.996155,105.552666,-1.077148,2.426758,0.372314,-249.992355,-105.590813,249.824509
-0.450928,-0.236816,1.628418,-249.992355,-119.529716,-91.178886,-1.105957,2.487305,0.6875,-249.992355,-122.779839,249.992355
-0.45459,-0.998291,2.170898,-215.019211,-194.984421,-103.72924,-0.940918,2.715332,0.951904,-249.992355,-151.84021,249.992355
-0.498535,-1.467285,2.625488,-80.26886,-247.367844,-104.797356,-0.650391,2.791016,1.063477,-249.992355,-186.714157,249.992355
-0.736084,-1.335938,2.63916,-6.210327,-249.992355,-102.745049,-0.424561,2.367676,1.040527,-249.992355,-205.512985,249.992355
-0.77124,-1.039307,2.201172,31.333921,-249.511703,-70.648193,-0.203369,1.621338,0.987793,-249.977097,-203.048691,249.992355
-0.317383,-0.889893,1.693115,96.16851,-249.031052,-9.765625,0.117432,1.027832,1.157715,-249.992355,-186.775192,249.816879
-0.223633,-1.160645,1.562012,214.653,-249.992355,33.073425,-1.072998,2.414063,0.799561,-249.992355,-4.524231,215.881332
-0.750488,-1.253906,1.171143,249.992355,-236.495956,66.261292,0.622314,0.443359,1.286133,-248.970016,-180.274948,249.992355
-0.347656,0.394775,1.240967,-249.542221,-69.061279,-72.868347,0.352295,0.706299,1.210449,-249.992355,-179.382309,249.610886
-1.634766,-0.170898,1.282227,249.992355,-43.563839,160.331726,1.259277,-0.541016,2.721191,249.992355,249.984726,-189.620956
0.430176,1.568604,-0.061279,249.992355,-88.088982,76.141357,1.867676,-0.972412,3.704102,220.413193,237.647995,-184.967026
0.366455,1.548828,-0.077637,249.80162,-84.228508,86.265556,2.493896,-0.987793,3.737549,68.16864,125.335686,-47.302242
0.292236,1.556396,-0.043213,249.992355,-76.187134,98.251335,2.60376,-0.709961,3.303223,-55.320736,-7.93457,74.72229
0.269775,1.664307,0.001709,249.992355,-65.391541,113.113396,1.188477,-0.121094,1.714111,249.992355,249.992355,-131.591797
0.062256,1.919189,0.037109,249.992355,-25.215147,176.177963,2.080566,-0.491455,2.350586,-206.390366,-174.987778,153.755188
0.267822,1.948242,0.057861,249.992355,-50.819393,138.343811,1.600586,-0.117432,1.800293,-249.992355,-191.09343,202.484116
0.220215,1.991211,0.015869,249.992355,-47.447201,150.627136,1.071533,0.201416,1.468018,-249.992355,-187.68309,245.002731
0.154541,1.985352,0.007324,249.992355,-40.489193,165.016159,2.363037,-0.633789,2.847168,-122.924797,-111.442558,119.964592
0.425537,1.499512,-0.016113,249.992355,-84.373466,69.374084,-0.935547,1.130615,-0.340576,249.992355,-1.617432,-205.83342
0.27124,1.833008,0.055176,249.992355,-55.816647,126.884453,-1.2146,1.877197,-0.120117,249.992355,205.95549,-249.992355
0.430176,1.367676,-0.025879,241.439804,-75.523376,63.575741,-1.088135,1.970947,-0.092529,249.992355,205.970749,-246.665939
0.755859,1.936035,-0.180664,249.992355,249.824509,33.889771,-1.130127,2.009521,-0.03418,249.992355,201.103195,-244.445786
0.46167,1.078857,-0.206299,235.015854,-29.495237,35.102844,-1.352539,1.895508,-0.035645,249.992355,177.917465,-242.87413
0.539307,0.929199,-0.221191,246.803268,10.185241,18.005371,-1.536377,1.66748,-0.136963,249.992355,142.471313,-235.534653
0.639893,0.894775,-0.176758,249.992355,53.199764,1.701355,-1.436523,1.430176,-0.247314,249.992355,105.903618,-225.830063
0.608887,0.958984,-0.131348,243.095383,100.502007,-10.108947,-1.245361,1.878418,-0.043213,249.992355,213.661179,-249.992355
0.46167,1.027832,-0.11084,233.077988,148.597717,-9.368896,-1.151611,1.28833,-0.282471,249.992355,71.365356,-218.780502
0.450439,1.097168,-0.14624,230.751022,198.783859,-1.281738,-0.949707,1.229248,-0.296143,249.992355,35.995483,-213.699326
0.667236,1.116211,-0.096191,240.837082,242.317184,8.522034,-0.986816,0.988525,-0.356689,249.992355,-42.098995,-193.534836
0.904541,1.244385,-0.028564,249.900803,249.992355,19.050598,-0.706543,0.757813,-0.622803,249.992355,-236.633286,-98.731987
0.986816,1.630127,-0.113037,249.992355,249.992355,31.669615,-0.905273,0.761475,-0.44165,249.992355,-117.729179,-173.599228
0.002441,1.941162,0.094727,249.992355,-5.210876,179.634079,-0.863037,0.714844,-0.498047,249.992355,-152.351379,-162.467941
0.438232,1.239502,-0.109131,231.269821,-58.891293,51.61285,-0.820557,0.712891,-0.571777,249.992355,-192.321762,-135.566711
0.022217,2.053955,0.170166,249.992355,11.634826,180.313095,-0.638184,0.877197,-0.591309,249.992355,-249.992355,-66.253662
-0.148193,1.994873,0.697266,-249.992355,-9.811401,8.68988,-0.681396,1.072998,-0.457031,249.992355,-249.992355,-44.250484
0.093506,1.932129,0.313965,249.992355,10.765075,183.364853,-0.798096,1.314941,-0.441895,249.992355,-249.641403,-30.288694
0.218018,2.290771,-0.239746,249.93895,249.992355,31.09741,-0.860596,1.586914,-0.585205,249.992355,-249.580368,-19.371033
-0.066162,1.706055,0.63916,-249.992355,-23.727415,-15.541076,-0.868408,1.864746,-0.790039,249.992355,-249.992355,-5.004883
-0.018066,1.503906,0.703613,-249.992355,-33.622742,-55.351254,-0.779541,2.188232,-0.937744,249.992355,-238.731369,10.765075
-0.057617,1.565674,0.649658,-249.984726,-40.016174,-60.745235,-1.113281,1.962402,0.015869,249.992355,226.760849,-249.923691
-0.130371,1.331787,0.447021,-249.992355,-38.43689,-50.674435,-0.964844,0.859131,-0.397705,249.992355,-82.206718,-181.38884
-0.199951,1.036377,0.522217,-249.992355,-37.231445,-50.47607,-1.006836,1.932617,0.059814,249.992355,235.008224,-249.992355
-0.250732,0.670166,0.613525,-249.42778,-32.463074,-54.656979,-0.713867,2.698242,0.496826,-249.992355,-35.499573,249.992355
-0.266846,0.249023,0.811279,-249.717697,-18.791199,-64.865112,-0.449463,1.540039,0.340332,249.992355,230.117783,-248.191818
-0.266357,-0.192383,1.144775,-249.992355,4.78363,-74.653625,-0.675781,2.546387,-0.924316,249.992355,-176.856979,15.808105
-0.314697,-0.57251,1.500732,-230.682358,22.354124,-69.282532,-0.65625,2.746582,0.738525,-249.992355,-65.26947,249.992355
0.114258,2.087646,0.227783,249.992355,17.227173,181.808456,-0.459717,2.481689,0.919189,-249.992355,-93.452446,249.992355
-0.637207,-1.002686,1.867432,-145.568848,14.816283,-53.054806,-0.324951,2.018799,0.989258,-249.992355,-113.609306,249.992355
-0.616455,-1.745605,2.36499,54.916378,-110.908501,-30.044554,-0.250732,1.514893,0.955566,-249.977097,-128.265381,249.519333
-0.132324,-1.321289,1.979492,120.315544,-180.168137,-13.786315,-0.121338,1.083008,1.049072,-249.992355,-136.558533,249.992355
0.091064,-0.870117,1.641602,173.515305,-190.422043,24.833677,-0.018799,0.709717,1.043457,-249.992355,-143.218994,249.992355
0.034424,-0.663818,1.322266,235.267624,-151.847839,57.861324,0.186523,0.406982,1.162598,-248.977646,-149.360657,228.76738
-0.289063,-0.475098,1.150635,249.992355,-89.393608,77.560425,0.41748,0.101318,1.338379,-249.992355,-154.823303,185.775742
-0.700195,-0.245117,1.117432,249.992355,-25.009153,96.832268,0.699219,-0.237061,1.651611,-249.992355,-162.4832,144.630432
-0.917969,0.073486,1.188232,249.992355,13.908385,121.337883,0.928223,-0.515625,1.898682,-207.679733,-176.872238,133.972168
-0.8479,0.565918,1.075195,249.992355,21.14105,142.150879,1.077637,-0.594971,2.076904,-118.896477,-163.681015,145.950317
-0.616211,1.125244,0.83374,249.992355,14.213561,161.781296,1.362061,-0.64624,2.271729,-55.679317,-110.954277,139.190674
-0.213867,1.632568,0.522949,249.992355,6.080627,179.100021,1.659668,-0.886719,2.281982,9.872437,-50.346371,89.477531
-0.915283,-1.56543,2.299561,-48.004147,-27.183531,-34.645081,1.613037,-1.103516,2.389893,101.654045,2.983093,-5.41687
0.158447,3.931641,-0.172607,249.954208,249.992355,37.574768,0.980713,-0.970215,2.178467,179.49675,53.047176,-58.227535
0.039063,2.040771,0.629639,-249.992355,2.441406,-7.354736,0.541016,-0.592529,1.791504,228.904709,93.1549,-69.267273
-0.5979,4.565674,-0.044678,248.085007,228.88945,88.874809,0.497314,-0.275879,1.295898,249.206528,121.803276,-81.222527
-0.191895,1.991211,0.508057,-249.992355,130.592346,5.554199,0.525146,-0.059814,0.911865,249.992355,155.12085,-101.08947
-0.159424,1.962646,0.596191,-249.992355,112.365715,17.494202,0.4021,0.141357,0.654785,249.992355,199.516281,-120.880119
-0.053711,2.05542,0.607178,-249.984726,79.277039,-6.248474,0.438477,0.397217,0.645508,249.992355,226.24968,-155.166626
-0.270508,1.8479,0.70752,-249.992355,48.385616,-16.88385,0.351318,0.776367,0.778076,249.992355,230.773911,-190.032944
-0.29126,1.856934,0.705078,-249.992355,52.474972,-39.367676,0.008545,1.19751,0.674561,249.992355,228.25621,-226.676926
-0.433838,1.356445,0.778076,-249.404892,65.216064,-22.491453,-0.80542,1.766846,0.176025,249.992355,233.955368,-249.992355
-0.327637,0.636719,1.184326,-249.008163,77.796936,-28.945921,-0.715088,2.896729,-0.764648,249.923691,-131.05011,14.900207
-0.239746,-0.079834,1.605713,-249.992355,84.32769,-38.459778,-0.929199,1.751709,0.114014,249.992355,184.196457,-249.992355
-0.311768,-0.706787,2.076172,-232.742294,68.473816,-56.854244,0.086426,4.607422,-0.4646,249.992355,-52.413937,43.495174
-0.487549,-1.155518,2.56543,-119.796745,8.598328,-65.345764,-0.536377,2.298828,0.759033,-249.992355,-192.062363,249.992355
-0.049316,2.188965,0.489502,-249.992355,131.149292,-21.39282,-0.572998,2.195068,0.713379,-249.992355,-217.109665,249.984726
-0.603271,-1.24585,2.580322,-16.937256,-80.68084,-46.310421,-0.581299,2.114746,0.713379,-249.992355,-243.50737,249.992355
0.087891,-1.144287,1.628418,206.46666,-177.879318,-45.928951,-0.380615,1.865234,0.6521,-249.984726,-249.992355,249.992355
0.205078,-0.900146,1.258789,249.992355,-157.203674,-31.509398,-0.147949,1.484375,0.77832,-249.992355,-249.992355,249.42778
0.007568,-0.481445,1.094727,249.992355,-115.95153,-6.439209,0.000732,1.048096,0.794189,-249.992355,-249.992355,249.992355
-0.411865,-0.085205,1.202393,249.992355,-71.06781,27.030943,0.255127,0.708252,0.824463,-249.130234,-249.755844,249.992355
-0.633545,0.293457,1.39502,249.992355,-46.127316,54.420467,0.671875,0.419678,1.007324,-249.992355,-249.092087,220.298752
-0.544678,0.671143,1.319824,249.992355,-47.172543,67.741394,1.081787,0.17334,1.31958,-249.992355,-249.992355,175.315842
-0.396484,0.983154,1.136719,249.992355,-60.409542,74.409485,1.742188,-0.009766,2.123535,-142.38739,-169.189438,123.733513
-0.146484,1.227051,0.865234,249.992355,-76.972961,75.325012,-0.731201,2.498535,0.738525,-249.992355,-175.97197,249.992355
0.020996,1.400879,0.653809,249.992355,-84.564201,74.401855,1.836914,-0.214111,2.523682,-65.330505,-72.090149,58.158871
0.123779,1.51001,0.538574,249.992355,-86.143486,71.464539,1.087891,-0.261963,2.59375,162.536606,99.517815,-51.544186
-0.335938,-1.185059,2.105713,89.790337,-151.100159,-46.218868,1.092285,-0.008301,1.898682,177.9785,154.029846,-71.716309
0.10376,2.314697,0.509277,-249.992355,110.084526,-28.381346,1.014893,0.08252,1.291748,229.194626,227.340683,-114.494316
0.064697,4.837158,-0.086182,249.992355,242.843613,81.977837,1.035645,0.166016,0.95459,249.992355,249.992355,-148.628235
0.229004,2.207031,0.576416,-249.992355,54.832455,-44.43359,1.155762,0.46167,0.951416,249.992355,249.610886,-207.618698
0.17749,2.361816,0.563232,-249.992355,81.04705,-30.2124,0.896729,0.925537,0.98999,249.992355,249.992355,-247.299179
-0.964844,3.749756,-0.609375,249.992355,36.262512,-31.906126,0.279541,1.335205,0.731445,249.992355,249.992355,-249.992355
-2.599609,5.591797,-1.217529,203.979477,-151.603699,-37.490845,-0.429443,1.551514,0.25415,249.992355,232.475266,-249.992355
-0.306396,7.999756,-3.213379,-193.588242,-249.992355,-208.366379,-0.787598,1.641602,0.086182,249.992355,205.818161,-249.992355
1.673584,7.999756,-7.911133,-249.992355,-249.992355,-182.243332,-0.619629,3.524902,-0.551514,249.992355,-113.220207,40.801998
0.762451,6.107666,-6.61499,-249.992355,-113.410942,-8.468628,1.410645,-0.393311,2.802734,64.51416,26.405333,-19.966125
0.25,4.790283,-2.096191,-249.992355,38.597107,57.853695,-0.893555,2.643555,0.679688,-249.992355,-166.412338,249.992355
0.142578,3.95166,-0.263672,-249.992355,38.719177,95.558159,1.412109,0.052002,1.746338,-204.879745,-245.002731,147.064209
-0.121826,3.438232,0.302734,-249.992355,-21.286009,93.421928,-1.122314,2.834229,0.535645,-249.992355,-109.062187,249.992355
-0.148438,2.739502,0.510254,-249.992355,-83.625786,61.538692,-0.963379,2.736328,0.61499,-249.992355,-150.085449,249.992355
-0.056885,2.200439,0.651611,-249.992355,-126.327507,27.488707,-0.052979,2.872559,-0.167725,249.992355,196.00676,-75.592041
-0.437012,4.260254,0.227539,244.590744,163.940414,17.471313,0.213379,2.281006,0.228271,249.992355,205.924973,-63.240047
0.02832,1.773438,0.732422,-249.93895,-159.675598,-18.409729,0.237305,3.624023,0.100586,114.646904,113.578789,-39.413452
0.008789,1.916748,0.724121,-249.992355,-149.559021,1.022339,-1.356201,7.133545,-3.680176,-200.866684,112.152092,31.082151
0.207031,1.661865,0.582275,-249.992355,3.807068,-78.88031,0.138184,7.93457,-7.999756,-249.793991,147.93396,-80.314629
0.184326,1.578125,0.600098,-249.992355,-18.478394,-92.01812,-1.332031,4.823242,-6.240479,-249.992355,43.479916,-14.61029
0.140869,1.444824,0.639648,-243.926987,-43.67065,-94.245903,-0.410645,2.951172,-2.834717,-249.473557,-76.263428,-38.978577
0.118408,1.323242,0.648438,-221.763596,-71.632385,-92.933647,-0.49707,2.037842,-0.794678,-238.113388,-77.545166,-50.704952
0.229004,1.842285,0.563232,-249.992355,29.609678,-59.371944,-0.311768,1.76416,-0.249756,-247.207626,-33.432007,-21.369932
0.098145,1.260986,0.776611,-225.074753,-125.90789,-74.333191,-0.009033,1.622803,-0.092285,-249.992355,58.898922,5.92041
0.097168,1.375488,0.84668,-249.42778,-150.260925,-59.722897,0.537842,4.35791,-0.429199,246.612534,76.774597,-31.333921
0.076904,1.533936,0.859131,-249.992355,-163.307175,-41.938778,-0.023682,1.694092,0.022949,-249.992355,245.14006,85.906975
0.030273,1.676514,0.754639,-249.626144,-164.276108,-28.625486,0.08252,1.595947,0.070068,-249.992355,175.819382,39.0625
0.123779,1.23877,0.704346,-211.364731,-98.899834,-86.143486,-1.296143,2.726563,0.403809,-249.992355,44.395443,249.992355
-1.071533,0.250244,0.879395,249.992355,-61.111446,139.556885,-1.272705,2.488281,0.404297,-249.992355,131.950378,249.992355
-0.855713,-1.023438,2.022461,-180.038437,-150.856018,-78.643799,-1.222168,2.231934,0.476563,-249.992355,203.247055,249.992355
-1.248535,-2.008301,2.822266,-20.500181,-172.843918,-31.288145,-1.103271,2.064209,0.446045,-249.992355,249.992355,249.992355
-1.02002,-2.414307,3.435059,140.24353,-235.56517,-31.471251,-1.312256,2.862793,0.471436,-249.992355,-40.199276,249.992355
-0.169434,-2.017578,3.033447,229.965195,-249.099716,-22.644041,-0.851074,1.899414,0.057861,-249.992355,249.282822,193.901047
0.009766,-1.386475,2.19751,249.992355,-249.992355,10.0708,-0.580078,1.904541,-0.209717,-249.992355,249.923691,159.088135
-0.25,-0.804443,1.41748,249.992355,-248.855576,56.594845,-0.288574,1.840088,-0.145264,-249.992355,249.992355,129.165649
-0.631836,-0.39209,0.989014,249.992355,-185.03569,82.595818,-0.991455,1.959473,0.339844,-249.992355,249.992355,233.871445
-1.01123,-0.109131,0.855469,249.992355,-110.580437,105.766289,0.627441,-0.435303,0.839111,249.992355,249.633774,-157.524109
-0.355713,-0.175293,1.385742,-249.992355,-218.711838,-135.84137,1.054688,-0.35376,1.588135,-234.947189,-129.188538,174.026474
0.237793,1.623779,0.240967,249.992355,-30.85327,198.554977,1.392822,-0.957275,2.170898,-114.601128,-147.415161,94.66552
-0.106689,1.54126,0.546631,249.992355,-31.463621,202.033981,1.792236,-1.104736,2.321533,6.332397,-129.127502,106.559746
0.128906,1.713623,0.395996,249.992355,-32.043457,204.215988,2.477295,-0.851318,2.427979,63.194271,-66.368103,135.223389
0.230713,1.666748,0.311768,249.992355,-31.181334,202.712997,2.378906,-0.582031,2.732422,59.822079,18.997192,89.126579
0.243164,1.695313,0.246338,249.992355,-31.570433,192.634567,1.307861,-0.358154,2.455566,69.450378,87.547295,2.334595
0.241699,1.854492,0.315918,249.992355,-30.71594,185.218796,0.612061,0.289063,1.13208,-249.992355,-97.389214,249.992355
0.248047,1.897949,0.381836,249.992355,-28.053282,181.045517,0.653564,-0.378906,1.76001,119.430534,147.987366,-73.631287
0.300049,1.817139,0.363037,249.992355,-21.881102,180.801376,0.618408,-0.519531,1.173584,223.899826,226.577744,-138.542175
0.413086,1.709229,0.319092,249.992355,-9.44519,179.397568,0.86084,-0.064941,0.706787,249.992355,249.992355,-149.589539
0.492432,1.648682,0.30249,249.992355,11.20758,177.177414,-1.015137,1.87793,-0.040039,249.992355,76.911926,-249.992355
-0.284424,0.435303,0.91748,-249.992355,-249.992355,-122.428886,0.943848,0.792725,0.812256,249.992355,215.019211,-249.992355
-0.816162,0.666992,0.859619,249.992355,-39.138794,173.248276,0.418701,1.294678,0.612061,249.992355,164.573654,-249.992355
-0.442627,0.817627,0.677979,-248.489365,-249.992355,-90.316765,-0.414551,1.654785,0.302246,249.992355,116.600029,-249.992355
-0.101563,1.531738,0.723145,-249.992355,39.726257,126.274101,-1.054688,2.060303,-0.111816,249.992355,42.449947,-249.992355
-0.371094,1.140137,0.499756,-249.992355,-249.992355,-71.456909,-1.086182,2.222412,-0.054932,249.992355,20.706175,-249.992355
0.145264,2.289795,0.310791,-249.420151,-19.317627,29.418943,-1.142334,2.281494,-0.004395,249.992355,6.820678,-249.992355
0.148193,1.95874,0.300049,-249.992355,-6.767272,9.033203,-1.106934,2.187744,0.016602,249.992355,1.998901,-249.839767
0.165771,1.819336,0.369141,-249.992355,12.420653,-5.516052,-0.990723,1.991455,0.088867,249.992355,8.506775,-249.992355
0.144775,1.768066,0.565674,-225.456223,34.14917,-6.973266,-0.897949,1.865967,0.099854,249.992355,16.799927,-249.992355
0.151367,1.71875,0.694092,-177.787766,62.728878,-10.612487,0.307861,0.736816,0.878662,-248.878464,-77.430725,249.992355
0.187256,1.812744,0.751465,-158.950806,90.911858,-14.945983,1.294922,0.348633,0.766602,249.992355,247.28392,-213.371262
0.167969,1.778076,0.793457,-165.206894,110.717766,-0.457764,0.11792,0.980469,0.713623,-249.450668,-65.26947,248.870834
0.200684,1.631104,0.780273,-187.263474,123.451225,18.615723,-0.965332,1.848145,0.054443,249.992355,14.671325,-244.186386
0.242188,1.470947,0.852051,-211.822495,132.247925,37.315369,-0.137451,1.366699,0.589355,-249.992355,-60.119625,249.992355
0.220703,1.304443,0.903564,-233.566269,131.660461,62.225338,-0.179688,2.175537,-0.0271,-249.992355,62.889095,41.938778
-0.486572,1.000244,0.567871,-249.992355,-249.221786,-80.123901,-0.133301,2.016357,-0.056641,-249.992355,90.919487,40.90881
0.14624,1.221924,0.89502,-249.153122,116.477959,88.211052,-0.206055,2.045166,-0.251953,-249.992355,92.971794,49.842831
0.481689,1.664795,0.314941,249.992355,37.361145,176.582321,-0.402832,2.167725,-0.310303,-249.992355,69.015503,53.695675
-0.083496,1.817139,0.662354,-249.992355,-9.559631,127.143852,-0.780762,2.239258,-0.039307,-249.992355,20.668028,65.872192
-0.053223,2.104004,0.681152,-249.992355,-62.538143,113.784782,-0.729736,2.184082,0.409668,-249.992355,-47.46246,74.180603
-0.158203,2.220215,0.688232,-249.992355,-113.044731,109.77935,-0.433838,2.006836,0.724365,-249.992355,-87.47863,73.387146
-0.125488,1.916504,0.766846,-249.992355,-161.682114,105.087273,-0.173584,1.742188,0.893066,-249.992355,-70.213318,79.994202
0.001709,1.570801,0.812988,-249.992355,-199.829086,86.929314,-0.062744,1.479248,0.918701,-249.992355,-15.441894,91.63665
0.006592,1.412842,0.833252,-249.992355,-235.092148,90.515129,-0.182861,1.401855,0.966064,-249.992355,51.460262,109.664909
-0.067383,1.38916,0.719971,-249.992355,-249.671921,84.114067,-0.017822,1.127686,0.612793,-249.992355,-57.464596,249.870285
0.071045,1.470459,0.516113,-249.992355,-249.984726,-2.586365,-0.376709,1.476074,0.970947,-249.992355,101.959221,135.391235
-0.189453,1.129883,0.602783,-249.969467,-249.992355,-57.403561,-0.692871,1.790039,0.77417,-249.992355,113.067619,165.153488
0.008545,1.309814,0.820801,-249.992355,82.839958,111.251823,-0.761963,1.96167,0.600342,-249.992355,89.179985,182.556137
0.487061,1.699707,0.331543,249.992355,63.949581,174.369797,-0.676758,2.110107,0.281982,-249.992355,60.966488,190.025314
-0.446289,1.154297,0.739502,249.992355,-32.798767,194.145187,-0.615967,2.211426,-0.038086,-249.992355,35.28595,201.072678
0.498779,1.723877,0.27417,249.992355,123.76403,158.607483,-0.560791,2.289063,-0.15918,-249.992355,23.124693,228.378281
-0.865967,3.473633,-0.601074,-249.992355,174.301132,173.118576,-0.412109,2.389648,-0.077881,-249.992355,15.190124,248.321518
-0.863037,2.936279,0.161377,-249.992355,78.674316,163.86412,-0.435791,2.352539,0.602295,-249.992355,11.45172,249.992355
-0.671875,2.453857,0.314697,-249.992355,-12.428283,131.156921,-0.392334,2.299072,1.116211,-249.992355,-9.82666,249.992355
-0.278076,2.099854,0.375,-249.992355,-84.20562,94.497673,-0.258057,2.070801,1.16748,-249.992355,-43.55621,249.992355
-0.030518,1.933838,0.35498,-249.992355,-129.66156,64.659119,-0.215332,1.721191,0.767334,-249.984726,-63.499447,249.984726
0.090088,1.801758,0.272949,-249.992355,-146.286011,40.985104,-0.53418,1.607178,0.893066,-249.992355,122.329704,152.336121
0.16748,1.747803,0.232422,-249.923691,-142.906189,28.053282,-1.091797,1.827148,-0.064209,249.992355,-5.737304,-224.189743
0.139404,1.70459,0.353271,-249.458298,-128.089905,21.621702,-1.114746,1.737061,-0.144775,249.992355,-36.567688,-207.359299
0.020264,1.606689,0.476318,-249.992355,-112.228386,12.96997,-1.062988,1.60083,-0.138428,249.992355,-63.697811,-194.053635
-0.059082,1.414795,0.47998,-249.473557,-103.836052,-3.517151,-0.667725,4.674805,-4.154297,-249.992355,230.796799,-15.495299
-1.035156,4.374512,-2.915771,-249.992355,208.000168,132.324219,-0.564941,3.698242,-2.807617,-249.992355,125.869743,-53.649899
-0.056396,1.259521,0.498047,-214.172348,-99.411003,-26.550291,-0.347656,2.743896,-2.009766,-249.992355,86.318962,-76.728821
-0.083008,1.402832,0.490479,-193.565353,-90.980522,-56.098934,-0.342041,2.023193,-0.920166,-249.992355,100.21209,-78.826904
-0.081055,1.546875,0.507324,-209.762558,-87.371819,-61.759945,-0.322021,1.668945,-0.186035,-249.992355,121.406548,-78.994751
0.033691,1.503662,0.499023,-222.824081,-84.030144,-66.795349,-0.405518,1.563232,-0.058594,-249.992355,133.31604,-69.595337
0.154541,1.349365,0.555908,-232.315048,-80.734245,-65.155029,-0.465088,1.562256,-0.124023,-249.992355,140.327454,-45.005795
0.214355,1.447754,0.518311,-248.527512,-72.517395,-65.086365,-0.379639,1.567627,-0.087646,-249.992355,134.628296,-28.70178
0.256592,1.744629,0.517578,-249.992355,-59.104916,-60.18829,-0.41748,1.530029,0.005127,-249.992355,111.579887,-11.474608
0.304688,2.059082,0.584229,-249.992355,-44.799801,-42.900082,-0.466309,1.51123,0.265625,-249.992355,80.93261,3.52478
0.353027,2.266113,0.638184,-249.992355,-26.56555,-25.375364,0.168457,6.435547,-5.013916,-249.992355,249.992355,44.761654
0.324219,2.272461,0.641357,-249.992355,-6.561279,-14.923095,-0.511475,1.534668,0.359863,-249.992355,59.93652,13.984679
0.228271,2.134521,0.598877,-249.992355,4.974365,-13.755797,-0.597412,1.591797,0.323975,-249.992355,46.607967,46.005245
-0.046387,1.251465,0.502441,-189.605698,-96.343987,-44.357296,-0.678711,1.522461,0.342773,-249.992355,53.703304,66.009521
-0.975342,5.879883,-7.606689,-249.992355,84.96093,54.077145,-0.707764,1.521484,0.341064,-249.992355,66.101074,95.779411
0.516357,1.727539,0.294434,249.992355,91.529839,167.793259,-0.700928,1.714111,0.347656,-249.992355,76.568604,121.74987
-0.824951,7.999756,-3.877441,-218.337997,-38.597107,-80.955498,-0.717041,1.984863,0.307373,-249.992355,82.298271,139.49585
0.625732,7.999756,-7.806641,-249.992355,-42.579647,-105.445854,-0.751465,2.264404,0.253174,-249.992355,84.907524,158.210754
0.468018,1.719238,0.25415,249.893173,154.800415,149.44458,-0.737549,2.483643,0.270508,-249.992355,82.588188,185.79863
0.393066,1.731689,0.224609,249.664291,179.763779,137.969971,-0.682861,2.559326,0.297852,-249.992355,68.557739,212.875351
0.273193,1.708496,0.181152,249.992355,197.380051,120.689384,-0.678711,2.515869,0.340576,-249.992355,42.358395,228.820786
0.1604,1.643555,0.075684,247.680649,210.212692,98.548882,-0.731445,2.504639,0.384277,-249.992355,15.686034,241.943344
0.098145,1.536865,-0.025879,217.971786,220.45134,74.333191,-0.547119,1.580566,0.349121,-249.992355,48.797604,30.242918
0.075684,1.418457,-0.115723,180.717453,222.427353,47.195431,1.722412,7.820313,-4.57666,-236.900314,249.000534,109.336845
-0.03833,1.258789,-0.29541,126.846306,193.420395,-3.90625,-0.679199,2.575439,0.306885,-249.992355,-10.307311,249.412521
-0.052002,1.218994,-0.39209,122.184746,170.570358,-17.410278,1.491455,3.624268,-0.852295,249.992355,176.284775,40.90881
-0.026611,1.207764,-0.466797,131.17218,151.496887,-21.667479,-0.935791,1.489014,-0.141357,249.992355,-79.521179,-179.771408
0.019531,1.255371,-0.523193,160.758957,144.317627,-20.332335,-0.758301,1.407471,-0.157715,249.992355,-83.290092,-168.670639
0.02002,1.320068,-0.189697,147.247314,212.951645,18.592834,-0.737061,1.320557,-0.207031,249.992355,-77.629089,-155.181885
0.287354,1.553467,-0.49707,249.992355,191.3452,-12.199401,-0.836182,1.201172,-0.266846,249.992355,-73.379517,-129.852295
0.373291,1.799805,-0.456299,249.992355,229.301437,11.306762,-0.870605,1.068604,-0.339111,249.992355,-79.345703,-104.904167
0.29541,2.144775,-0.506836,249.992355,248.023972,34.553528,-0.864014,0.954346,-0.407959,249.923691,-94.482414,-94.215385
-1.67334,5.172363,-1.395752,158.073425,84.136955,80.604546,2.16626,5.448242,-2.081787,62.606808,249.237045,71.891785
0.0896,2.985352,-0.611328,249.916061,249.992355,44.578548,-0.936768,0.845215,-0.576904,249.992355,-139.305115,-64.994812
-0.138428,4.133057,-0.676758,249.992355,249.992355,53.237911,-0.918701,0.900635,-0.665039,248.558029,-170.92894,-24.269102
-0.40918,4.570313,-0.328125,249.992355,184.318527,52.978512,-0.851074,1.011719,-0.664307,223.884567,-208.915695,21.675108
-0.387695,4.920166,0.177734,247.055038,136.955261,38.642883,-0.793457,1.177002,-0.650146,197.471603,-242.584213,58.746334
-0.066162,4.652344,0.05127,246.635422,137.72583,20.172117,-0.895264,0.874268,-0.478516,249.67955,-114.555351,-87.036125
-0.248535,3.374756,-0.51001,249.992355,165.229782,63.789364,-0.837646,1.614014,-0.756836,200.347885,-249.992355,98.434441
0.126221,1.371338,-0.522949,219.863876,158.493042,-19.081116,-0.804932,1.866455,-0.895264,237.007126,-249.992355,115.142815
0.294434,2.230225,0.31543,-249.992355,-34.065247,-64.414978,-0.710449,2.102051,-0.978027,249.992355,-249.42778,122.917168
0.156006,2.038574,0.397705,-249.992355,-64.949036,-72.70813,-0.604248,2.554688,-0.896729,249.992355,-249.992355,108.184807
0.08374,1.862305,0.475586,-249.992355,-76.637268,-76.23291,-0.425781,3.424805,-0.765869,249.992355,-249.992355,80.566399
0.084717,1.433838,0.370605,-225.059494,-75.569153,-49.713131,-0.220215,4.088867,-0.615967,249.893173,-222.053513,59.165951
0.177979,1.762939,0.581543,-249.992355,-73.989868,-67.092896,0.021484,4.206055,-0.549072,249.992355,-151.58844,47.859188
0.154785,1.810547,0.521484,-249.992355,-73.570251,-66.90979,0.338867,4.160889,-0.589111,249.992355,-58.54034,34.690857
0.127441,1.618408,0.417236,-243.659958,-73.158264,-60.745235,0.405762,3.734863,-0.702637,245.39183,4.974365,22.232054
0.357422,2.473145,0.27417,-249.992355,9.460449,-55.160519,0.378906,3.174561,-0.679688,249.992355,51.101681,20.721434
0.125732,1.72168,0.537842,-249.992355,-75.973511,-70.671082,-0.793701,1.385986,-0.665283,185.127243,-249.992355,82.008354
0.331055,2.349365,0.23291,-249.992355,51.727291,-28.869627,-1.252197,2.440186,-0.133789,-249.992355,-72.395325,245.513901
-1.1604,-1.092773,2.100586,-122.940056,-180.984482,-7.026672,-1.276367,2.378906,-0.163818,-249.992355,-72.380066,226.524338
-0.177002,1.984863,0.254395,-249.992355,97.694389,27.847288,-1.356689,2.259521,-0.127686,-249.992355,-43.380733,216.072067
-0.088379,1.893066,0.448242,-249.992355,85.540764,-15.281676,-1.412354,2.11084,-0.061279,-249.992355,7.598876,210.021957
-0.281982,1.945801,0.633789,-249.984726,55.541988,-12.405395,-0.800293,1.667236,0.135742,-249.992355,156.585693,101.531975
-0.433105,1.890381,0.556885,-249.992355,22.956846,13.694762,-1.195801,1.793213,0.026123,-249.992355,106.727592,172.965988
-0.365723,1.399414,0.654297,-249.992355,-14.633178,14.945983,-1.085938,1.672852,0.072266,-249.992355,135.871887,146.705627
-0.32666,0.80835,0.77832,-249.473557,-39.077759,-4.135132,-0.947998,1.640869,0.118896,-249.992355,149.848938,120.025627
-0.248535,0.241455,1.026611,-249.282822,-48.423763,-36.659241,-1.33667,1.945068,-0.008057,-249.992355,62.118526,195.487961
-0.20459,-0.328369,1.353027,-249.992355,-49.621578,-66.978455,-1.122803,2.433838,0.008301,-249.992355,-60.676571,249.992355
-0.450928,-0.803711,1.663086,-234.138474,-57.273861,-65.803528,2.408447,-0.255127,2.456299,-152.336121,-111.450188,95.565788
-0.944092,-1.056885,1.917725,-153.381348,-100.242607,-33.843994,-0.812988,2.192871,0.610107,-249.992355,-85.372917,249.992355
0.02832,1.328613,0.375,-220.680222,-80.337517,-36.956787,-0.786865,2.100342,0.768555,-249.992355,-132.56073,249.992355
0.028809,1.803223,0.205078,-249.992355,85.685722,14.915465,-0.602783,2.061768,0.635742,-249.992355,-188.255295,249.992355
-0.021484,1.251221,0.408447,-222.396835,-84.518425,-23.109434,-0.563232,1.80835,0.32959,-249.984726,-211.036667,249.702438
0.322998,3.99585,-0.723633,-249.992355,100.540154,86.563103,-0.353516,1.32251,0.303223,-249.992355,-207.435593,249.992355
-0.005859,1.324219,0.380615,-228.805527,-82.893364,-2.059937,-0.101563,0.987305,0.258301,-249.992355,-200.195297,249.992355
1.074707,1.510742,-0.587891,249.992355,236.312851,94.093315,0.290039,0.719238,0.392578,-249.412521,-183.78447,236.656174
-0.723633,-1.244873,2.284912,-88.752739,-245.796188,9.597778,0.848877,0.403809,0.682617,-249.992355,-162.99437,210.769638
0.854248,2.409912,-0.44165,249.992355,249.000534,159.042358,1.478516,0.053223,1.191162,-249.992355,-145.713806,177.078232
0.402832,3.083984,-0.493652,249.969467,249.992355,169.212326,1.945313,-0.17749,1.846191,-228.584274,-135.070801,133.003235
-0.156494,3.683594,-0.500732,249.900803,249.992355,149.238586,-0.694824,1.65625,0.119385,-249.992355,162.155136,91.377251
-0.540771,4.077148,-0.358643,249.992355,212.699875,116.538994,-0.875977,2.373535,0.294434,-249.992355,-60.050961,249.992355
-0.698975,4.575439,-0.134033,249.382004,101.96685,44.967648,-0.636963,1.575928,-0.061279,-249.992355,156.646729,78.50647
-0.73877,4.699463,-0.187988,243.774399,-20.416258,-81.29882,-1.781494,4.696533,-4.200928,-249.992355,168.319687,21.499632
-1.019043,4.559814,-0.794922,249.992355,-177.543625,-156.87561,-0.322754,1.350586,-0.392822,-249.992355,92.8955,21.484373
-1.218018,6.061768,-1.398682,249.992355,-249.992355,-131.988525,2.740234,-0.325195,2.95459,-84.129326,-65.742493,79.681396
1.37085,7.999756,-3.080566,-116.569511,-249.992355,-191.856369,-1.033203,1.852783,-0.651611,249.992355,-249.816879,28.320311
2.0625,7.999756,-5.613525,-249.992355,-169.082626,-206.626877,-1.013672,2.217529,-0.731934,249.992355,-248.764023,35.301208
0.526611,5.819824,-3.427246,-249.992355,-47.035213,-36.369324,-0.904541,2.663086,-0.875977,249.946579,-249.992355,38.322449
0.352295,4.63208,-1.781494,-249.992355,45.852657,39.794922,-0.585205,3.061279,-0.889404,249.992355,-248.649582,34.317017
0.414307,3.571777,-0.248291,-249.992355,130.752563,94.367973,-0.135986,3.522949,-0.809326,249.992355,-161.918625,8.476257
0.137695,3.112549,-0.299316,-249.992355,141.242981,88.798515,0.038086,3.854492,-0.874756,247.619614,-61.103817,-31.623838
-0.13501,2.585693,-0.036133,-249.992355,114.463799,79.597473,0.100586,3.817383,-1.075439,249.992355,-1.525879,-47.943111
-0.124268,2.058838,0.226563,-249.992355,53.459164,66.261292,0.371582,3.915771,-1.194824,249.992355,75.416565,-39.749146
-0.111816,1.784668,0.19751,-249.992355,-3.746032,45.997616,0.683838,4.266602,-1.17749,159.545898,192.306503,-4.577637
-0.14624,1.711914,0.082031,-249.862656,-43.655392,29.769896,-0.486572,1.465576,-0.300293,-249.992355,131.332397,49.880978
-0.06665,1.652832,0.023438,-249.923691,-71.731567,16.227722,0.63916,5.087891,-1.738037,-134.643555,246.925339,66.360474
0.036133,1.529297,0.080566,-249.992355,-84.58709,3.417969,-1.042236,5.315918,-4.337646,-249.992355,249.992355,64.025879
0.025635,1.417236,0.236328,-245.414719,-82.450859,-2.052307,-1.556396,4.359619,-2.847412,-249.992355,28.656004,-7.034301
-0.005127,1.237549,0.44873,-223.35051,-86.265556,-10.345458,-1.210205,3.437988,-1.504395,-249.992355,-56.076046,-35.186768
1.057373,1.851318,-0.463867,249.992355,249.992355,132.209778,-0.943604,2.543213,-0.897705,-249.992355,-106.285088,-62.675472
-0.186523,-1.583252,2.115723,33.065796,-249.992355,32.905579,-0.812744,1.975586,-0.878418,-249.992355,-122.978203,-68.145752
-0.263672,-1.18335,1.30957,249.992355,-96.038811,26.840208,-0.698486,1.632813,-0.841064,-249.992355,-110.267632,-64.712524
0.463867,1.005371,-0.097412,248.611435,214.927658,128.990173,-0.668701,1.37085,-0.504639,-249.992355,-77.407837,-56.129452
0.698975,0.957275,-0.069824,249.992355,249.526962,137.72583,-0.543457,1.219727,-0.155273,-249.992355,-37.704468,-43.853756
0.991699,0.953125,-0.001221,249.992355,249.969467,139.389038,-0.379639,1.192139,-0.156006,-249.992355,2.723694,-25.192259
1.045898,1.103027,0.040527,249.992355,249.992355,140.060425,-0.304199,1.24585,-0.312012,-249.992355,47.096249,0.076294
0.882324,1.598877,0.126221,249.992355,249.992355,144.233704,0.513672,6.253906,-3.330078,-249.992355,249.992355,99.334709
0.658447,2.793213,0.156738,249.977097,248.886093,161.437973,2.538818,-0.270264,3.332031,0.579834,-7.690429,6.454467
0.397705,3.328369,-0.049072,249.916061,249.107346,120.017998,-1.055908,1.616943,-0.638916,249.992355,-249.992355,16.304016
-0.120117,3.428955,-0.070068,249.992355,249.992355,49.209591,1.617188,-0.466553,2.558105,205.95549,188.667282,-158.081055
-0.860352,3.9375,0.138428,249.610886,213.729843,25.909422,-0.697998,0.712891,-0.65332,220.512375,-158.149719,-86.84539
-0.803955,4.59375,0.14624,244.811996,30.937193,-84.58709,-0.743408,0.73877,-0.692383,237.58696,-223.045334,-67.54303
0.398926,1.005127,-0.114014,219.970688,149.879456,121.360771,-0.788574,0.858887,-0.651123,248.977646,-249.664291,-46.669003
-1.163818,4.664307,-0.705322,249.992355,-163.581833,-236.083969,-0.73584,1.024414,-0.578125,249.992355,-249.992355,-30.677794
1.464111,7.893799,-4.290527,-63.690182,-249.992355,-209.571823,-0.675293,1.235352,-0.609863,249.992355,-249.992355,-24.215696
4.947266,7.999756,-7.875244,-249.992355,-174.095139,-241.973862,-0.646484,1.480225,-0.750244,249.992355,-249.641403,-23.635862
1.800293,6.945313,-6.498535,-249.992355,87.997429,-9.773254,-0.577148,1.743896,-0.793945,249.992355,-249.992355,-23.696898
0.302979,5.247559,-1.980713,-249.992355,223.304733,112.068169,-0.630859,2.554688,-0.648926,249.992355,-249.992355,-25.482176
-0.034424,4.001221,-0.356445,-249.992355,213.76799,157.653809,-0.731445,3.754639,-0.470459,249.961838,-231.178268,-28.221128
0.175781,3.687744,0.009766,-249.992355,169.609055,150.428772,-0.734619,4.328613,-0.397217,249.900803,-203.193649,-45.486446
0.089111,3.541748,0.372559,-249.992355,115.554802,118.782036,-0.684082,0.785156,-0.608643,207.374557,-96.137993,-101.074211
-0.071289,3.286377,0.677002,-249.984726,64.941406,86.387627,-0.299805,4.67041,-0.42041,249.992355,-163.436874,-100.875847
-0.056885,3.063477,0.502686,-249.992355,21.507261,62.416073,0.532715,3.506836,-0.429932,243.13353,-38.604736,7.850646
0.094971,2.706055,0.344971,-249.992355,-10.978698,45.44067,1.659912,2.752686,-0.388672,249.992355,119.926445,29.228209
-2.6521,5.914063,-2.230713,249.992355,-249.031052,-227.699265,1.321289,4.669678,-0.813721,241.546616,243.247971,92.437737
0.354492,1.009521,-0.106689,179.61882,99.494926,124.65667,0.647705,7.846924,-4.875,-168.66301,248.123154,227.828964
-0.045898,-1.650635,1.626709,206.184372,-195.11412,37.002563,-0.157715,7.230957,-6.839111,-249.992355,249.992355,206.047043
0.202881,1.180176,0.015381,137.756348,8.071899,123.245232,-1.221924,5.618896,-5.350342,-249.992355,249.992355,178.886398
0.272705,1.070801,-0.064209,154.457092,52.032467,129.112244,-1.060547,4.905273,-3.04834,-249.992355,137.962341,139.877319
-0.601074,-0.765625,1.24292,249.992355,1.64032,38.291931,-0.83667,3.988281,-1.540039,-249.992355,36.026001,94.200127
-0.897705,-0.400635,1.477051,249.992355,52.001949,70.762634,-0.804932,3.16333,-0.523926,-249.992355,8.331299,75.088501
-0.962402,0.144531,1.547119,249.992355,52.589413,110.107414,-0.469238,2.560547,-0.084961,-249.992355,27.030943,57.746883
-0.659424,0.795654,1.264404,249.992355,20.51544,125.373833,0.300781,4.706055,-0.533691,248.947128,-119.216911,-99.929802
-0.297607,1.381348,0.971436,249.992355,-22.933958,125.801079,-0.681641,0.9104,-0.545898,204.605087,-51.536556,-110.313408
-0.03125,1.712646,0.751709,249.992355,-64.254761,125.503532,2.139648,-0.362061,3.347656,142.333984,64.506531,-127.449028
0.135254,1.828369,0.554932,249.992355,-121.704094,125.358574,-0.656006,1.157959,-0.331787,219.223007,-25.947569,-126.28936
0.099121,1.75708,0.477783,249.992355,-141.464233,122.077934,1.781982,-0.499023,1.898926,246.223434,248.764023,-154.899597
0.074707,1.684326,0.378418,249.992355,-157.012939,121.566765,1.937256,-0.239746,1.602783,249.992355,249.93132,-202.720627
0.127197,1.664307,0.341309,249.992355,-169.090256,121.841423,1.686035,0.332764,1.316406,249.992355,249.992355,-243.774399
0.073486,1.827393,0.597168,249.992355,-95.512383,126.525871,1.124268,0.995605,1.285645,249.992355,228.75975,-249.992355
0.308105,1.73291,0.327393,249.992355,-167.480453,124.366753,0.204834,1.552002,0.93457,249.992355,154.853821,-249.992355
0.374756,1.776855,0.346436,249.992355,-155.311584,132.659912,-0.702637,1.971191,0.394043,249.992355,99.494926,-249.992355
0.405762,1.82666,0.396729,249.603256,-139.74762,145.278931,-0.664063,1.038818,-0.436523,209.640488,-28.808592,-118.049614
0.178223,1.296143,0.134277,125.839226,-32.371521,116.996758,-1.472168,2.425293,-0.125488,249.992355,62.225338,-249.992355
0.424316,1.831787,0.426025,249.992355,-124.366753,160.934433,-1.267578,2.374512,-0.26416,249.992355,81.069939,-249.992355
0.406006,1.801025,0.429443,249.992355,-111.030571,176.185593,-1.130859,2.17749,-0.208496,249.992355,112.152092,-249.992355
0.361816,1.792236,0.431152,234.695419,-103.958122,181.617722,-1.156982,2.036621,-0.068359,249.992355,121.116631,-249.992355
0.269043,1.813965,0.386475,190.856918,-102.935783,166.76329,-1.363525,2.294189,0.08374,249.992355,70.587158,-249.992355
0.139893,1.720703,0.343506,150.413513,-92.445366,141.410828,-1.164063,2.014648,0.205811,249.992355,74.928284,-249.992355
0.144287,1.478271,0.27124,126.258842,-66.894531,122.543327,-1.232422,2.023438,0.091797,249.992355,106.475822,-249.992355
0.209229,1.705322,0.330566,249.992355,-172.805771,121.528618,-0.776855,1.297119,-0.109131,249.992355,-42.762753,-150.772095
-0.125,2.091309,0.384766,-249.992355,172.416672,145.614624,-0.860352,1.334961,-0.027588,249.992355,-54.679867,-165.847763
0.08374,2.287842,0.659668,-249.992355,234.626755,162.048325,-0.887207,1.418945,0.000244,249.725327,-64.750671,-178.680405
0.386963,2.708984,0.670166,-249.992355,249.992355,174.598679,-0.918457,1.507568,0.016602,249.992355,-64.659119,-191.452011
1.282227,5.405762,-0.411865,-249.992355,54.38232,154.594421,-0.692383,1.256348,-0.238037,236.625656,-33.027649,-137.008667
0.880615,3.538574,0.219238,-249.992355,249.55748,178.146347,-0.944824,1.685547,0.02417,249.992355,-28.091429,-235.977158
1.035156,3.727783,0.214844,-249.992355,237.220749,172.248825,-0.967773,1.840576,0.01123,249.992355,-2.89917,-249.992355
1.195068,4.432129,0.119629,-249.992355,154.86145,165.588364,-1.053955,1.98999,0.023682,249.992355,21.011351,-249.992355
-0.216797,1.979004,0.209961,-249.877914,111.412041,133.483887,-1.11499,2.036865,0.106445,249.992355,44.197079,-249.732956
0.667969,3.246338,0.375977,-249.992355,249.855026,179.840073,-0.941162,1.58252,0.030273,249.992355,-51.391598,-212.524399
-0.187256,1.751709,0.159912,-249.992355,61.080929,118.217461,-1.391602,5.598389,-3.615723,-249.992355,141.494751,39.901733
0.262207,1.686768,0.500244,-249.992355,-218.040451,-9.757996,-1.228027,3.414307,-1.58374,-249.992355,19.599915,7.369995
-0.101563,1.444092,0.168701,-245.39183,-11.96289,75.012207,-1.201904,3.055664,-1.071289,-249.992355,-64.666748,-27.542112
-0.080078,1.488525,0.246338,-231.773361,-40.687557,59.593197,-1.166504,3.187988,-1.109619,-249.992355,-149.993896,-47.775265
-0.014648,1.51123,0.351318,-214.729294,-65.864563,48.744198,-1.039551,3.089355,-0.834473,-249.992355,-217.29277,-87.989799
0.080566,1.451904,0.399658,-204.849228,-87.364189,35.743713,-0.915527,2.788818,-0.389893,-249.992355,-230.720505,-110.198967
0.104004,1.428711,0.391113,-206.268295,-105.667107,28.152464,-0.637451,2.389893,-0.246582,-249.992355,-189.773544,-92.788689
0.141846,1.493164,0.43335,-218.269333,-127.525322,23.727415,-0.285156,1.896973,-0.021729,-249.992355,-113.548271,-77.636719
0.160889,1.669678,0.474609,-244.445786,-145.889282,21.339415,-0.078613,1.515869,0.132813,-249.992355,-37.834167,-71.311951
0.192871,1.546631,0.466309,-249.992355,-161.056503,13.450622,-0.082031,1.370361,0.047852,-249.992355,22.422789,-65.52887
0.15918,1.425293,0.493896,-249.992355,-188.758835,-5.516052,-1.151367,2.236816,0.05835,-249.992355,136.383057,249.992355
1.712158,7.026855,-4.978271,-249.992355,-96.649162,118.911736,-0.361572,1.368164,-0.2854,-249.992355,99.853508,-43.998714
-0.111572,1.542725,0.14502,-249.992355,20.332335,95.558159,-0.514648,1.393311,-0.058838,-249.992355,123.420708,-16.456604
1.721924,7.999756,-7.637695,-249.992355,-249.992355,-8.705139,-0.560303,1.484619,0.189209,-249.992355,144.439697,18.257141
0.740723,0.853271,-0.13916,249.992355,213.417038,-41.831966,-0.539063,1.568359,0.304932,-249.992355,168.769821,49.270626
-2.681641,5.006348,-1.912598,249.992355,-233.612045,-116.119377,-0.548828,1.584717,0.366943,-249.992355,193.527206,70.06073
0.343994,1.915039,0.35083,-249.992355,-216.384872,10.803222,-0.65918,1.549561,0.343994,-249.992355,214.462265,87.806694
0.317383,1.70752,-0.130615,249.885544,-66.421509,132.835388,-0.825439,1.566406,0.271729,-249.992355,226.37175,116.889946
0.328369,1.587646,-0.08374,249.992355,-68.199158,144.561768,-0.913574,1.708008,0.163086,-249.992355,220.802292,164.710983
0.366455,1.538574,-0.033936,245.27739,-68.222046,152.206421,-0.947754,1.92041,0.080811,-249.992355,204.261765,216.705307
0.33667,1.553711,-0.005371,220.962509,-63.278194,140.640259,-1.030518,2.108887,0.035889,-249.992355,176.696762,247.428879
0.179443,1.520996,-0.013672,191.108688,-48.286434,118.171684,-0.913818,7.999756,-4.368408,-249.229416,249.992355,88.012688
0.121094,1.365723,-0.061035,175.926193,-29.090879,96.641533,-0.185303,1.363281,-0.211426,-249.992355,66.635132,-57.380672
0.193604,1.160889,-0.134033,195.793137,-4.989624,75.447083,0.261475,6.798828,-2.531738,-47.5769,249.992355,41.061398
0.281006,0.995361,-0.229736,235.290512,27.832029,52.764889,-0.749512,0.762695,-0.4021,249.992355,-195.281967,17.219543
0.382324,0.846436,-0.307617,249.992355,66.650391,26.786802,0.455078,3.455322,-1.013916,227.432236,87.7304,16.288757
-1.548096,7.807129,-4.012207,37.750244,-249.992355,-68.023682,-1.188965,2.310303,0.023438,-249.992355,80.528252,249.992355
0.48877,0.725098,-0.319336,249.992355,106.369011,-1.457214,-1.06543,1.801025,-0.317871,249.992355,41.267391,-249.992355
0.662109,0.694824,-0.180664,249.992355,164.672836,-43.502804,-1.035645,1.688477,-0.279785,249.992355,15.747069,-249.824509
0.915283,1.116455,-0.072266,249.992355,248.283371,-32.264709,-1.002686,1.651123,-0.281006,249.992355,-6.866455,-238.761887
0.999268,1.428955,0.02002,249.992355,249.992355,-19.935608,-0.949951,1.606445,-0.289551,249.992355,-24.902342,-214.614853
0.894531,1.814453,0.062256,249.992355,249.992355,14.739989,-0.845459,1.474854,-0.314453,249.992355,-40.542599,-182.991013
0.626221,2.183594,0.005127,249.992355,249.351486,63.987728,-0.706299,1.295166,-0.368652,249.992355,-54.359432,-152.244568
0.3125,2.436279,-0.234619,249.877914,249.336227,70.976257,-0.584717,1.106689,-0.45874,249.992355,-67.604065,-128.02124
-0.242188,2.905273,-0.52417,249.992355,249.992355,40.245052,-0.566162,0.905762,-0.530762,249.992355,-82.412712,-111.526482
-0.799561,3.897949,-0.835938,249.992355,229.347214,17.692566,-0.650146,0.721436,-0.481689,249.992355,-104.209892,-89.691154
-0.516357,4.110107,-1.075928,244.697556,115.180962,-53.611752,0.880127,4.357178,-1.837891,226.440414,186.721786,8.140564
-1.66626,3.133545,-1.363525,249.992355,-68.740845,-132.286072,-0.748535,0.595947,-0.368896,249.992355,-131.813049,-54.679867
0.599609,0.655762,-0.259277,249.992355,135.437012,-27.748106,-0.739502,0.623291,-0.336914,249.992355,-183.502182,7.446289
0.371338,1.778564,-0.19165,249.855026,-68.885803,127.967827,-0.782959,0.925049,-0.577637,249.992355,-192.260727,18.104553
0.505371,2.256836,0.41333,-249.992355,-184.822067,31.906126,-0.85498,1.135254,-0.730713,249.992355,-179.481491,19.760132
0.534424,2.365723,0.398193,-249.992355,-88.829033,84.45739,-1.025635,1.460205,-0.748535,249.992355,-173.027023,33.378601
0.044189,2.170898,0.506104,249.992355,-165.51207,229.248032,-1.19458,1.960205,-0.858154,249.992355,-188.728317,43.251034
0.012451,2.19165,0.472168,249.992355,-185.012802,239.540085,-1.137451,2.496094,-0.923584,249.992355,-210.99852,10.772704
0.019287,2.196289,0.397217,249.992355,-196.5103,243.103012,-0.857666,2.688477,-0.760986,249.519333,-203.910812,-28.434752
0.085449,2.170654,0.349854,249.992355,-196.624741,244.796738,-0.33374,2.944336,-0.645264,249.992355,-141.120911,-28.923033
0.176025,2.112793,0.335938,249.992355,-178.756699,248.962387,0.196045,3.477051,-0.778076,249.992355,-42.472836,-10.780334
0.267578,2.081787,0.32666,249.992355,-140.281677,249.992355,0.30957,3.493408,-0.822021,229.51506,24.734495,14.678954
0.336426,1.99707,0.320313,249.992355,-86.692802,249.992355,-0.758789,0.550049,-0.332275,249.992355,-159.973145,-18.043518
0.383301,1.904297,0.291748,249.992355,-26.031492,249.992355,-1.177246,1.993652,-0.351318,249.992355,73.860168,-249.870285
0.387207,1.848877,0.263428,249.992355,33.447266,249.893173,-1.243652,2.321533,-0.022949,-249.992355,21.27075,249.992355
0.298584,1.829346,0.261475,249.992355,132.148743,249.992355,-1.081787,2.22168,0.128662,-249.992355,-75.927734,249.992355
0.082031,2.034668,0.521729,249.992355,-145.744324,220.458969,-1.227295,2.000244,-0.019043,249.992355,183.830246,-249.992355
0.206055,1.852295,0.240967,249.992355,160.110474,247.497543,-1.293945,2.10083,0.047852,249.992355,172.126755,-249.992355
0.084717,1.910889,0.117676,249.992355,159.820557,190.902695,-1.286865,2.157227,0.098389,249.992355,149.887085,-249.992355
0.134521,1.902588,-0.032715,249.992355,147.293091,162.124619,-1.271484,2.141602,0.10791,249.992355,121.917717,-249.992355
0.236084,1.85376,-0.215088,249.946579,140.037537,135.528564,-1.278564,2.056885,0.101074,249.992355,93.460075,-249.992355
0.319092,1.750977,-0.381104,249.992355,137.542725,109.596245,-1.246582,1.910889,0.113525,249.992355,64.529419,-249.992355
0.301514,1.609131,-0.51001,249.992355,133.19397,83.969109,-1.203857,1.727295,0.111572,249.992355,34.362793,-249.992355
0.271729,1.492676,-0.575195,247.28392,121.635429,58.982845,-1.162598,1.52832,0.093506,249.992355,7.904052,-249.977097
0.366943,1.41626,-0.614014,249.18364,112.030022,39.596558,-1.110107,1.405762,0.10791,249.992355,-12.054442,-249.80925
0.603516,1.326904,-0.681152,249.992355,124.031059,33.7677,-1.064941,1.393311,-0.013184,249.992355,-44.43359,-249.992355
0.891602,1.331299,-0.687256,249.992355,172.996506,53.741451,-1.214844,1.940186,-0.078613,249.992355,188.789352,-249.992355
0.600342,2.409912,0.436523,-249.992355,-138.366699,60.386654,-1.05542,1.43335,-0.075684,249.992355,-63.96484,-237.983688
0.112549,1.884033,0.199463,249.992355,167.778,220.57341,-1.039795,1.372314,-0.268555,249.992355,-124.458305,-204.215988
-0.049805,1.760986,0.583008,249.992355,-122.642509,215.942368,-1.026855,1.278809,-0.342041,249.992355,-155.036926,-181.213364
0.355713,1.822266,0.265869,249.992355,87.432854,249.694809,-0.937744,1.181885,-0.372803,249.992355,-176.689133,-156.562805
-0.925293,0.980713,1.130859,249.992355,-61.241146,186.775192,-0.771729,1.111572,-0.373047,249.992355,-191.871628,-130.950928
0.232178,2.227295,0.454102,-249.992355,-57.54089,114.456169,-0.77417,1.085205,-0.42627,249.992355,-210.227951,-100.486748
-0.400635,1.402832,0.792969,249.992355,-92.8955,206.802353,-0.890625,1.093506,-0.546875,249.992355,-240.760788,-65.376282
-0.096924,2.206299,0.632813,-249.992355,-47.08099,142.066956,-0.954834,1.136475,-0.602783,249.992355,-249.992355,-33.966064
-0.117676,2.313232,0.837646,-249.992355,-51.704403,119.338982,-0.963379,1.251465,-0.584717,249.992355,-249.992355,-14.778136
-0.009521,1.889648,0.893799,-249.992355,-64.76593,70.625305,-1.026367,1.42334,-0.628906,249.992355,-249.984726,-0.648498
0.018311,1.610596,0.713867,-249.992355,-77.87323,61.363216,-1.202393,2.291748,-0.004395,-249.992355,-31.402586,249.992355
-0.076904,1.170654,0.519531,-249.977097,-89.584343,54.801937,-1.056885,1.437256,-0.175049,249.992355,-91.018669,-222.984299
-0.244873,0.553711,0.435059,-249.992355,-103.256218,-7.347106,-1.195313,1.898926,-0.060547,249.992355,196.487411,-249.992355
-0.421143,0.443604,0.585693,-249.153122,-110.328667,-24.80316,-1.079102,1.373535,0.062744,249.992355,-28.808592,-249.992355
-0.550537,0.250732,0.889404,-249.336227,-111.450188,-35.354614,-0.662354,1.647461,0.441162,249.992355,242.637619,-249.992355
-0.500244,-0.133301,1.383545,-249.992355,-103.279106,-50.651546,-1.053955,2.079834,0.282471,-249.992355,-112.93029,249.992355
-0.112793,0.775391,0.401855,-249.992355,-96.443169,22.27783,-1.058838,1.800537,0.123047,249.992355,215.972885,-249.992355
-0.510986,-1.587158,3.177979,-87.249748,-59.562679,-73.883057,-0.961914,2.050293,0.446045,-249.992355,-149.57428,249.992355
-1.232422,0.594727,1.229004,249.992355,-45.417782,158.302307,-0.682129,2.206055,0.617188,-249.992355,-184.699997,249.992355
-0.323242,-0.806152,2.188965,-222.274765,-81.336967,-77.934265,-0.302979,2.197021,0.697266,-249.992355,-213.630661,249.908432
-0.648193,-0.086426,0.82666,249.992355,-104.721062,91.247551,-0.23877,1.824463,0.566162,-249.992355,-232.246384,249.793991
-0.280762,-0.564697,0.78125,249.992355,-177.711472,76.896667,-0.162354,1.323242,0.768799,-249.992355,-235.725388,249.992355
0.054688,-1.139893,1.14917,244.087204,-249.992355,41.061398,0.241455,0.562012,1.001221,-249.763474,-202.148422,228.050217
-1.075439,0.23877,1.010498,249.992355,-60.485836,122.962944,0.683594,0.262695,1.198486,-249.275192,-172.378525,208.747849
-0.75,-1.083252,2.595215,112.823479,-248.832687,-22.895811,1.191895,-0.043213,1.546875,-249.992355,-144.271851,180.892929
-1.131104,-1.505371,3.618408,104.591362,-227.432236,-17.76886,1.561279,-0.293457,1.981445,-244.476303,-112.976067,138.084412
-0.919189,-1.879883,3.740967,38.383484,-120.597832,-30.891417,-0.065674,0.888184,0.881592,-249.992355,-225.654587,247.497543
-0.090576,-1.112061,1.909424,172.630295,-249.992355,-4.295349,2.409424,-0.430176,2.478516,-120.849602,-39.69574,97.999565
0.098633,3.512695,-0.885742,249.671921,222.183212,77.003479,0.004395,1.373535,0.798828,249.992355,249.992355,-249.992355
0.536133,1.286133,-0.117188,249.992355,105.979912,133.026123,1.966309,-0.397705,2.301025,-181.411728,-75.546265,103.134148
0.655273,1.232178,-0.157715,249.992355,133.972168,104.499809,1.66626,0.468018,1.543213,249.992355,249.786362,-207.748398
0.80127,1.314209,-0.196533,249.992355,161.788925,86.082451,1.448242,-0.006592,1.268555,249.992355,249.992355,-120.048515
0.95166,1.523438,-0.220215,249.992355,195.487961,80.604546,1.22998,-0.351318,1.366699,249.992355,249.992355,-119.346611
1.025635,1.75,-0.213867,249.992355,234.725937,83.679192,0.849121,0.972168,1.279785,249.992355,249.954208,-249.992355
0.975342,1.984863,-0.240479,249.984726,249.992355,91.720573,1.393799,-0.859131,2.486328,171.18071,148.674011,-117.607109
0.83667,2.24585,-0.312744,249.992355,249.259933,101.730339,1.455078,-0.773682,2.876953,57.556149,94.15435,-45.394894
0.626221,2.587646,-0.457031,249.992355,249.992355,103.782646,2.083008,-0.533936,2.735596,-65.887451,18.1427,52.856441
0.36792,3.014648,-0.655029,249.351486,249.992355,95.214836,1.391846,-0.664063,1.879883,232.551559,218.208298,-143.096924
-0.192383,3.926025,-1.115234,249.992355,117.355339,48.652645,-0.802734,3.102783,-0.867188,249.992355,-179.527267,-18.02063
0.882813,3.27124,-0.273926,-249.992355,162.513718,60.18066,-0.716553,0.939209,-0.483398,249.992355,-154.556274,-148.94104
-0.22168,4.990967,-1.85498,128.044128,-151.977539,-7.522583,-0.834961,1.007813,-0.522949,249.992355,-168.640121,-112.716667
0.248535,5.624756,-2.222168,23.139952,-233.077988,-19.485474,-0.889893,1.119385,-0.511475,249.992355,-192.619308,-67.871094
0.739258,5.659912,-2.45459,-42.114254,-245.864853,-28.236387,-0.880371,1.261719,-0.429688,249.992355,-218.170151,-32.791138
1.173584,5.361572,-2.44873,-71.891785,-199.775681,-41.877743,-0.88916,1.450684,-0.324463,249.992355,-233.67308,-12.374877
1.697754,5.03418,-2.125488,-107.528679,-116.134636,-40.496822,-0.925781,1.679443,-0.353516,249.992355,-232.368454,-1.617432
1.973633,4.453125,-1.844971,-137.771606,-14.312743,-13.046264,-0.956543,1.921387,-0.508301,249.992355,-220.046982,5.386352
1.85083,3.791504,-1.670654,-155.921936,78.849792,21.461485,-0.953369,2.163086,-0.67334,249.992355,-209.190353,8.346558
1.478027,3.404297,-1.346436,-196.098312,139.526367,40.573116,-0.910156,2.544189,-0.847168,249.984726,-199.859604,3.715515
1.049561,3.434082,-0.746826,-244.606003,163.040146,50.86517,-0.642822,3.641113,-0.845703,249.793991,-139.854431,-50.697323
0.440918,1.347656,-0.041016,249.992355,77.026367,163.986191,-0.448975,2.836914,-1.069336,-249.992355,25.627134,-15.075683
-0.400391,4.349365,-1.440186,228.103622,-19.592285,17.14325,-0.265381,3.771729,-0.666992,249.992355,-111.503593,-29.899595
0.369385,1.397705,0.059082,249.992355,50.033566,189.033493,-0.106201,3.65332,-0.640625,247.337326,-95.29113,-16.235352
0.226807,-1.647705,1.492188,186.0504,-19.523621,32.730103,0.511719,3.95752,-1.195801,162.559494,-11.268615,-33.699036
0.251709,1.50708,0.263428,249.992355,0.12207,219.573959,0.947266,4.987549,-2.255371,-11.772155,135.017395,-28.45764
0.932861,2.772949,-0.281982,-249.992355,158.622742,55.747982,0.32251,6.044189,-3.496826,-205.131516,215.995773,-4.310608
0.037109,-1.273193,1.135986,248.93187,24.635313,6.599426,-0.436035,5.582275,-4.00708,-249.992355,143.2724,-9.788513
-0.340332,-0.738037,1.018555,249.992355,36.323547,-7.93457,-0.622803,4.474609,-3.415283,-249.778732,42.869564,-20.309446
-0.60376,-0.253174,1.110107,249.992355,16.952515,3.219604,-0.736084,3.632324,-2.341064,-248.832687,-0.564575,-27.687071
-0.64917,0.145264,1.112061,249.992355,-19.317627,24.139402,-0.627441,3.07666,-1.462402,-249.992355,2.716064,-21.888731
-0.443115,0.553711,0.891357,249.992355,-59.616085,47.943111,-0.616211,0.909668,-0.429688,249.992355,-151.451111,-170.646652
-0.131104,0.9646,0.605225,249.992355,-86.410515,67.28363,-0.382813,3.873779,-0.834717,248.908981,-113.319389,-59.837337
0.079346,1.286133,0.462891,249.992355,-101.928703,90.545647,-0.624268,0.897461,-0.312988,249.992355,-154.289246,-187.530502
0.201904,1.500732,0.411621,249.992355,-111.610405,111.67144,0.987305,-0.772461,1.893066,82.786552,-56.228634,-47.241207
0.218506,1.614502,0.47876,249.992355,-117.279045,128.974915,-0.776611,0.983643,0.027344,249.992355,-153.549194,-226.058945
0.199707,1.647705,0.54541,249.992355,-122.192375,143.997192,-0.528076,2.734131,-1.154297,-249.992355,48.408504,0.205994
0.197998,1.619629,0.553711,249.992355,-128.997803,154.045105,0.807129,-0.84668,1.631836,175.239548,3.929138,-121.887199
0.237061,1.617676,0.51416,249.992355,-135.08606,163.894638,0.925537,-0.763428,1.189697,244.071945,97.06115,-136.917114
0.262451,1.658691,0.481445,249.992355,-135.360718,180.328354,0.873291,-0.437256,0.881104,249.992355,193.634018,-119.667046
0.317139,1.714111,0.476807,249.992355,-130.134583,194.854721,0.779541,-0.057617,0.775879,249.992355,242.805466,-132.072449
0.343506,1.751709,0.484131,249.923691,-117.477409,203.544601,0.709473,0.248779,0.832764,249.992355,236.045822,-183.265671
0.327637,1.704346,0.503662,249.992355,-99.159233,212.417587,0.458984,0.626465,0.705078,249.992355,212.821945,-236.358627
0.312744,1.670166,0.493896,249.992355,-80.398552,223.625168,-0.04834,1.079834,0.449219,249.992355,196.533188,-249.992355
0.285645,1.673584,0.465088,246.551498,-63.034054,234.474167,-0.632568,1.442139,0.210449,249.992355,190.933212,-249.992355
0.253906,1.677734,0.407715,246.15477,-47.225948,241.86705,-0.832275,1.660645,-0.034424,249.992355,182.579025,-249.992355
0.225342,1.67749,0.347168,249.710068,-33.554077,242.889389,-0.82251,1.714355,-0.150146,249.992355,173.728928,-249.992355
0.175781,1.657471,0.314697,249.992355,-22.506712,237.96843,-0.825195,1.660889,-0.181885,249.992355,174.33165,-249.992355
0.172363,1.583008,0.301025,249.992355,-14.717101,230.110153,-0.979492,1.692383,-0.105957,249.992355,180.671677,-249.992355
0.314941,1.452881,0.169678,249.992355,23.712156,206.5811,-1.17627,1.883301,0.031982,249.992355,174.82756,-249.992355
0.741943,1.974609,-0.455811,-249.992355,156.166077,34.721375,-1.193848,1.94165,0.284912,249.992355,147.979736,-249.992355
0.139893,1.172607,0.605957,-249.992355,-107.833855,-74.150085,-1.120117,1.856689,0.423828,249.992355,109.008781,-249.992355
0.391846,1.60791,-0.091309,-249.992355,140.052795,28.144835,-1.11377,1.767578,0.338623,249.992355,64.476013,-249.992355
-0.333496,0.271973,0.626953,-248.718246,-145.797729,-162.124619,-1.132324,1.776611,0.214355,249.992355,19.172668,-249.992355
-0.321045,0.023193,0.914795,-249.992355,-179.24498,-168.266281,-1.045654,1.808838,0.094971,249.992355,-23.948668,-249.93132
-0.624512,-0.272705,1.245361,-246.726974,-227.363571,-157.600403,-0.937256,1.726563,0.030029,249.992355,-59.906002,-249.984726
-1.17749,-0.667725,1.501221,-156.837463,-249.992355,-123.413078,-0.885986,1.532959,-0.008301,249.992355,-88.890068,-249.992355
-1.448242,-1.085938,1.885742,-68.458557,-248.710617,-75.714111,-0.877197,1.305908,0.03418,249.992355,-114.257805,-247.451767
-0.858154,-1.342773,2.235596,27.221678,-249.992355,-15.907287,-0.816895,1.112305,0.084473,249.992355,-138.435364,-238.006577
0.071289,-1.478271,1.848389,169.609055,-249.992355,42.6712,-0.719971,0.91333,-0.128906,249.992355,-156.63147,-207.206711
0.071289,-1.575928,1.488037,249.015793,-187.225327,27.290342,-0.696289,2.425293,-1.313721,-249.992355,60.844418,12.786864
-0.901123,-1.155273,1.174316,249.992355,-61.759945,19.989014,-0.820557,1.90625,-1.017334,-249.992355,59.921261,16.387939
-1.889893,-0.617676,1.483887,249.992355,54.962154,74.661255,-0.800293,1.534424,-0.312012,-249.992355,53.840633,19.233704
-0.433594,0.498535,0.447266,-249.755844,-119.682304,-141.365051,0.774658,0.008545,1.148926,-249.122604,-170.478806,149.711609
-1.912109,0.010986,1.804688,249.992355,142.288208,141.654968,1.078613,-0.214844,1.66333,-249.992355,-119.544975,133.750916
-0.277832,1.223633,0.216797,249.992355,179.12291,231.620773,1.268555,-0.366699,2.263428,-249.992355,-55.90057,138.618469
0.092529,1.595459,-0.075439,249.992355,168.891891,230.438217,1.62793,-0.385254,2.556885,-207.046494,-3.028869,163.009628
0.215088,1.852051,-0.104492,249.992355,156.50177,218.086227,1.927246,-0.504639,2.783691,-144.195557,39.039612,124.198906
0.281738,2.066162,-0.057861,249.992355,136.21521,202.346786,1.770996,-1.045898,3.155762,-13.46588,74.203491,-11.535644
0.255371,2.166504,-0.068359,249.992355,105.018608,187.828049,1.465088,-1.443359,3.218262,176.97905,88.478081,-148.933411
0.14209,2.188232,-0.114746,249.992355,61.477657,173.660263,1.379639,-1.145752,2.721924,248.657211,128.181458,-161.781296
0.072021,2.230469,-0.16333,249.992355,9.712219,160.011292,1.293213,-0.745605,2.096924,249.992355,216.476425,-99.441521
0.121094,2.216553,-0.22583,249.992355,-36.827087,149.665833,1.232178,-0.396729,1.7146,249.992355,249.992355,-78.132629
0.23584,2.068604,-0.280518,249.992355,-65.711975,143.539429,0.358154,0.242188,0.834473,-249.992355,-211.425766,151.847839
0.394775,1.905273,-0.335693,249.992355,-77.537537,138.343811,1.771973,0.27417,2.204834,249.992355,249.992355,-122.611992
-1.125244,0.697754,1.022705,249.992355,181.602463,203.300461,0.270264,1.697266,1.414795,249.992355,249.992355,-249.633774
-0.402588,0.737549,0.390137,-249.992355,-90.957634,-116.363518,-0.790527,1.975342,0.30542,249.992355,249.992355,-249.992355
0.460693,1.823486,-0.31665,249.992355,-76.393127,131.134033,-1.384521,2.158691,-0.13501,249.992355,240.928635,-249.992355
-0.095947,1.224121,0.571289,-249.992355,-41.358944,-84.358208,-1.60083,2.412354,-0.241455,249.992355,210.62468,-249.992355
-0.366699,0.959717,0.37793,-249.984726,-59.135433,-94.91729,-1.588623,2.532471,-0.233154,249.992355,187.362656,-249.992355
0.010498,1.412109,0.125732,-249.992355,116.394035,23.605345,-1.490967,2.604492,-0.248779,249.992355,187.316879,-249.992355
-0.077881,1.394287,0.10376,-249.992355,85.807793,14.701842,-1.524658,2.776367,-0.218018,249.992355,208.137497,-249.992355
0.041992,1.395752,0.030273,-249.992355,50.041195,0.541687,-1.513184,2.844482,-0.105225,249.992355,218.711838,-249.992355
0.105469,1.35791,0.077148,-249.992355,15.983581,-14.297484,-1.46582,2.688477,0.000732,249.992355,202.499374,-249.992355
0.094727,1.287109,0.214844,-249.824509,-15.99121,-28.343199,-1.492188,2.488281,-0.142578,249.992355,165.50444,-249.992355
0.065674,1.203369,0.371826,-249.992355,-56.793209,-37.498474,1.444336,1.076904,2.478271,249.992355,249.763474,-210.716232
0.019531,1.166748,0.589111,-242.485031,-139.984131,-61.073299,-0.017822,0.508789,0.739746,-249.992355,-239.936813,155.731201
0.023438,1.199707,0.599121,-234.519943,-159.53064,-69.252014,-1.409424,2.246826,-0.300781,249.992355,118.736259,-249.977097
0.073975,1.199219,0.632813,-236.213669,-160.484314,-71.578979,-0.485107,1.3125,0.825684,-249.992355,-249.015793,229.499802
0.124023,1.14209,0.635986,-244.758591,-142.066956,-73.158264,-0.716064,1.460205,0.025391,-249.992355,50.422665,31.051634
0.043213,1.168457,0.50293,-249.992355,-102.561943,-47.592159,-0.704102,1.509277,-0.113281,-249.992355,60.142513,53.359982
0.167236,1.285645,0.582031,-249.992355,-68.992615,-68.79425,-0.692383,1.531494,-0.216064,-249.992355,82.397453,73.577881
0.24585,1.416016,0.548096,-249.992355,-28.282164,-59.082027,-0.721191,1.510742,-0.029785,-249.992355,102.47039,96.92382
0.304443,1.557617,0.525635,-249.992355,15.586852,-50.346371,-0.716553,1.508057,0.251709,-249.992355,108.535759,122.123711
0.000488,1.231689,0.676758,-249.992355,-31.425474,-50.910946,-0.661377,1.532227,0.422607,-249.992355,95.886223,140.25116
0.291992,1.69043,0.475586,-249.992355,54.977413,-37.605286,-0.320068,0.837402,0.810059,-249.984726,-249.992355,188.301071
0.292725,1.815674,0.471436,-249.992355,76.126099,-21.667479,-0.765869,1.539063,0.392334,-249.992355,30.822752,168.273911
0.212646,1.812012,0.584229,-249.992355,68.786621,-4.051208,-0.822266,1.563477,0.387939,-249.992355,-19.989014,174.812302
0.097168,1.75415,0.620605,-249.992355,34.721375,23.757933,-0.865234,1.631592,0.394775,-249.992355,-79.063416,175.804123
-0.04126,1.746094,0.702393,-249.992355,9.422302,33.653259,-0.868164,1.718018,0.395508,-249.992355,-133.81958,174.339279
-0.020264,1.694824,0.703125,-249.992355,-4.852295,-6.950378,-0.679199,1.543701,0.431396,-249.992355,68.557739,154.830933
0.903076,2.371826,-0.502441,-249.992355,159.690857,43.922421,-0.82251,1.864502,0.489746,-249.992355,-175.537094,178.817734
0.305908,1.867188,0.471191,249.992355,-38.673401,190.010056,-0.780518,1.908203,0.534424,-249.992355,-160.018921,190.978989
0.308594,1.91333,0.467773,249.992355,-74.424744,174.880966,-0.790771,1.919678,0.514404,-249.992355,-132.102966,209.770187
0.267334,1.9021,0.446045,249.992355,-109.680168,159.393311,-0.840088,1.993652,0.424561,-249.992355,-104.255669,229.530319
0.199463,1.795654,0.640137,249.992355,-244.934067,61.256405,-0.718018,2.07251,0.295898,-249.992355,-83.274834,244.13298
0.183105,1.825928,0.447998,249.992355,-172.56163,123.809807,-0.474609,2.040527,0.255127,-249.992355,-75.584412,249.000534
0.20166,1.803467,0.50293,249.992355,-198.608383,104.62188,-0.539551,2.303711,0.285889,-249.992355,-88.844292,249.923691
0.218506,1.794678,0.573486,249.992355,-223.083481,83.290092,-0.751221,2.794434,0.455566,-249.992355,-123.176567,249.900803
0.276855,1.839111,0.455078,249.992355,-6.16455,203.895554,-0.720215,2.662109,0.640625,-249.992355,-174.96489,249.992355
0.217773,1.859131,0.433838,249.992355,-143.180847,142.044067,-0.571289,1.999512,0.790039,-249.992355,-224.35759,247.657761
0.241455,1.849121,0.418457,249.992355,20.38574,215.293869,-0.856201,1.785645,0.431641,-249.992355,-168.212875,174.949631
0.522705,1.493408,-0.368652,249.992355,159.812927,135.047913,-0.963135,1.605957,0.13501,249.992355,-60.18829,-249.992355
0.208496,1.866943,0.301025,249.992355,61.271664,220.817551,-0.980957,1.72998,0.060791,249.992355,-38.925171,-249.992355
0.191406,1.907715,0.212646,249.992355,75.59967,215.057358,-0.937988,1.690674,0.096924,249.992355,-5.973815,-249.992355
0.12793,1.898193,0.098389,249.992355,84.57946,208.09935,-0.830811,1.610107,0.190674,249.992355,31.196592,-249.992355
0.0625,1.801025,-0.021973,249.992355,84.190361,200.904831,-0.580322,1.411621,0.187744,247.871384,215.232834,-249.992355
0.054443,1.65625,-0.166748,249.992355,77.331543,187.599167,-0.641113,1.57959,0.436523,233.154282,116.477959,-249.992355
0.067139,1.549561,-0.348877,249.992355,78.086853,166.564926,-0.598389,1.551514,0.467773,233.459457,163.192734,-249.992355
0.144775,1.481445,-0.452881,249.992355,89.538567,144.760132,-0.563232,1.501953,0.334961,244.575485,196.693405,-249.992355
0.289307,1.38623,-0.411865,249.992355,108.085625,132.980347,-0.717773,1.580322,0.320068,246.147141,70.777893,-249.992355
0.425537,1.358887,-0.371094,249.992355,132.911682,131.149292,-0.912842,1.438477,0.239746,249.992355,-74.775696,-249.992355
0.167969,1.719971,0.681396,249.992355,-249.992355,41.465755,-1.176025,1.508301,-0.535645,249.992355,-249.397263,-54.573055
0.220703,1.836914,0.364502,249.992355,42.594906,221.595749,-0.946289,1.116211,0.246338,249.992355,-112.220757,-249.992355
0.149414,1.602295,0.671387,249.992355,-249.93895,24.734495,-0.913818,0.971924,0.188477,249.992355,-131.797791,-249.862656
-0.005127,-1.595947,2.443115,21.949766,-98.037712,-11.58142,-0.861816,0.84668,0.089844,249.992355,-143.386841,-249.862656
0.061279,1.421631,0.772217,249.992355,-247.970566,-6.187438,-0.825439,0.760498,0.000977,249.992355,-146.484375,-249.992355
0.557129,1.766602,-0.37085,249.992355,191.902145,144.721985,-0.842041,0.741699,-0.058838,249.992355,-148.406982,-245.567307
0.151123,2.639893,0.895752,-249.992355,103.744499,-72.654724,-0.931641,0.792236,-0.12207,249.992355,-155.227661,-219.56633
0.126221,2.452148,0.827881,-249.992355,83.770744,-68.817139,-1.030762,0.885742,-0.190674,249.992355,-169.555649,-181.89238
-0.058594,2.396973,0.782471,-249.992355,44.639584,-55.702206,-1.099365,1.009766,-0.313232,249.992355,-190.33049,-141.014099
-0.152588,1.799561,0.64502,-249.984726,-10.551452,-43.197628,-1.174805,1.148438,-0.430176,249.992355,-216.247543,-103.85894
-0.181152,1.132568,0.755615,-249.992355,-66.978455,-31.906126,-1.191895,1.328613,-0.484619,249.992355,-246.246323,-74.150085
-0.231445,0.618164,0.952148,-249.740585,-112.335197,-31.341551,-0.566895,1.330322,0.08667,234.024033,222.007736,-249.992355
-0.309814,0.183594,1.191406,-248.79454,-138.961792,-40.145874,-0.927979,1.285156,0.268066,249.992355,-91.651909,-249.992355
-0.408691,-0.236572,1.434814,-249.992355,-141.799927,-48.72131,-0.525879,1.277832,0.140137,212.928757,229.690536,-249.992355
-0.517578,-0.685303,1.760254,-245.681747,-123.962395,-52.429195,1.652588,-1.375488,2.261719,-21.598814,-51.071163,26.31378
0.15918,1.519775,0.750732,249.992355,-249.855026,7.247924,-0.270996,1.111572,0.35376,191.368088,249.992355,-249.992355
-0.663086,-1.062012,2.090332,-158.599854,-85.830681,-42.327877,-1.085205,1.692139,-0.492676,249.992355,-214.958176,-36.16333
-0.549561,-1.469727,2.408936,-33.233643,-82.824699,14.22119,-0.701172,2.674805,0.664795,-249.992355,-103.3554,148.078918
0.515381,-1.80249,2.244385,143.379211,-61.172482,-46.783443,-0.375244,2.831055,0.972168,-249.992355,-98.793022,132.194519
0.588867,-1.739502,1.976807,244.239792,-8.232117,-86.174004,-0.286621,2.753662,1.026123,-249.992355,-95.497124,182.38829
0.26416,-1.22583,1.718262,249.992355,25.199888,-116.806023,-0.2146,2.116211,0.863037,-249.992355,-76.034546,239.006027
-0.177734,-0.49707,1.561279,249.992355,23.422239,-116.760246,0.063965,1.401611,0.735107,-249.984726,-61.355587,242.446884
-0.372314,-0.003174,1.427979,249.992355,-14.770507,-95.832817,0.275146,0.86084,0.595215,-249.992355,-53.016659,206.46666
-0.28125,0.334229,1.324463,249.992355,-74.363708,-75.141907,0.344971,0.490723,0.501465,-249.923691,-50.254818,182.311996
-0.169678,0.702881,1.135498,249.992355,-137.550354,-58.448788,0.51123,0.230469,0.517578,-249.000534,-60.096737,166.290268
-0.108398,0.992676,0.919922,249.992355,-189.117416,-41.488644,0.776611,-0.000732,0.70166,-249.992355,-86.410515,146.324158
-0.068604,1.208496,0.787842,249.992355,-226.722702,-20.843504,-0.467285,1.223389,0.181396,195.022568,243.62944,-249.992355
-0.713135,-1.290283,2.230469,-82.221977,-65.849304,-5.340576,1.055176,-0.270264,1.168213,-249.992355,-113.174431,114.013664
0.566162,2.049561,-0.355469,249.992355,232.521042,154.388428,1.569336,-1.086914,2.14209,-100.494377,-87.959282,36.880493
0.587646,2.400146,-0.284912,249.992355,249.992355,160.797104,1.477051,-1.404785,2.321777,52.757259,-13.153075,4.196167
0.20459,2.089355,0.941162,-249.992355,39.596558,-133.369446,1.068115,-1.226318,2.15918,142.89856,49.438473,-58.41827
0.023438,1.464844,0.634766,-249.992355,-173.385605,-129.631042,0.735352,-0.748291,1.411621,176.628098,136.573792,-112.55645
0.102295,1.507568,0.612305,-249.992355,-159.919739,-142.753601,0.426025,-0.377686,0.848389,154.258728,221.58049,-113.754265
0.128418,1.492432,0.688965,-249.992355,-144.607544,-154.159546,0.326172,-0.376953,0.550781,189.82695,249.992355,-87.013237
0.09668,1.669434,0.707764,-249.992355,-131.42395,-171.020493,0.579834,-0.210205,0.535156,245.338425,249.992355,-88.256828
0.099854,1.939453,0.702881,-249.992355,-117.401115,-192.497238,0.901855,0.134521,0.813965,241.600021,249.992355,-129.905701
0.172363,1.998535,0.748047,-249.992355,-100.303642,-205.444321,0.874268,0.564941,0.991699,211.88353,249.847397,-200.653061
0.12915,1.818359,0.865479,-249.992355,-76.11084,-179.74852,0.27832,0.9021,0.722656,196.685776,249.992355,-246.803268
0.119873,1.748535,0.933838,-249.992355,-43.373104,-134.864807,1.338379,-0.637939,1.731934,-189.178452,-116.600029,71.540833
0.150391,1.848145,1.008057,-249.992355,-1.38855,-105.194084,-1.052734,1.999756,-0.421631,249.992355,-174.659714,-21.324156
-0.323242,1.990723,0.819092,-249.992355,54.290768,-107.208244,-1.290283,2.433594,-0.446045,249.992355,-160.102844,-16.944885
-0.030029,1.428467,0.668213,-249.992355,-175.491318,-113.6856,-1.48877,2.96582,-0.490967,249.992355,-186.370834,-27.8244
-0.422852,1.916748,0.616211,-249.992355,30.769346,-108.306877,-0.492432,1.484375,0.571777,-249.992355,40.679928,143.432617
-0.666016,0.992432,0.800049,-249.992355,-59.631344,-50.10223,-0.605469,1.610352,0.604248,-249.992355,66.15448,155.212402
-0.628418,0.538818,0.810303,-249.740585,-80.322258,-31.379698,-0.702881,1.831543,0.539795,-249.992355,68.466187,175.010666
-0.487305,0.050293,0.949707,-249.229416,-64.399719,-23.933409,-0.732178,2.062256,0.326904,-249.992355,47.851559,194.946274
-0.329834,-0.466553,1.324707,-249.992355,-33.508301,-46.424862,-0.779053,2.187012,0.089111,-249.992355,12.489318,209.60997
-0.611572,-0.918457,1.776123,-244.026169,-10.528563,-57.151791,-0.790527,2.19043,-0.048096,-249.992355,-30.761717,213.706955
-1.377441,-1.25415,2.099365,-181.968674,-11.589049,-0.892639,-0.783936,2.18457,-0.111572,-249.992355,-68.611145,217.330917
-1.595459,-1.560547,2.311035,-117.332451,-49.934383,56.709286,-0.85498,2.28125,0.07959,-249.992355,-87.005608,222.709641
-0.799805,-1.864502,2.217041,-27.229307,-91.163628,52.848812,-0.899414,2.403809,0.469971,-249.992355,-93.261711,235.557541
0.07251,-1.912109,1.881836,72.113037,-79.345703,40.161129,-0.472412,2.401611,0.962158,-249.992355,-109.306328,245.849594
0.550049,3.021729,-0.197021,249.984726,249.946579,176.452621,-0.508057,1.577148,0.471436,-249.992355,9.178162,134.544373
-0.679932,1.431396,0.692139,-249.992355,-13.313293,-76.148987,-0.26001,2.273926,0.870361,-249.992355,-90.698235,248.786911
-0.031006,1.431152,0.677734,-249.992355,-166.610703,-94.65789,0.225098,1.300293,0.689941,-249.992355,-62.896725,249.374374
0.130859,1.498291,0.735352,-249.992355,-137.451172,-162.178024,0.348145,0.930664,0.735352,-249.992355,-66.055298,249.992355
-0.093018,1.619385,0.499756,-249.992355,-124.114983,-47.431942,0.35376,0.631592,0.851074,-249.107346,-77.453613,249.992355
0.255371,3.788086,-0.140625,249.893173,248.077377,214.27153,0.421143,0.298828,1.081299,-249.893173,-92.864983,221.115097
-0.067871,4.282227,-0.108154,249.992355,249.992355,233.016953,0.634766,-0.174072,1.349609,-249.992355,-118.721001,155.24292
-0.439209,4.115967,0.057373,249.969467,249.992355,193.504318,1.016113,-0.708008,1.766357,-218.353256,-151.931763,94.749443
-0.705078,3.869141,0.210205,243.995651,137.565613,69.824219,1.393799,-0.968994,2.015137,-109.443657,-171.928391,85.525505
-1.102539,4.176025,0.013916,249.992355,-64.64386,-87.799065,1.7854,-0.923828,2.161621,-32.341003,-153.434753,98.449699
-1.072266,5.658691,-0.792236,249.992355,-220.970139,-147.575378,1.946289,-0.838867,2.233887,7.774353,-112.213127,84.007256
-0.194336,7.76416,-2.496338,-53.901669,-249.992355,-133.003235,1.550049,-0.749756,2.084473,36.735535,-81.359856,36.376953
-0.033447,1.513184,0.635254,-249.992355,-149.57428,-72.761536,0.005127,1.7854,0.719727,-249.977097,-67.932129,249.992355
0.457275,6.681885,-3.133301,-249.992355,-88.99688,3.166198,-0.574707,1.706299,0.321777,-249.992355,-24.810789,116.119377
0.399658,5.252197,-2.380615,-249.992355,-22.422789,64.666748,-0.748779,2.362793,0.830078,-249.992355,-104.499809,248.908981
0.649414,4.417725,-1.547607,-249.992355,-9.422302,75.340271,-0.681885,1.583008,0.203369,-249.992355,-73.120117,86.509697
0.43457,3.847656,-1.055908,-249.992355,-6.141662,69.206238,-0.615967,1.669922,0.191895,-249.992355,-58.593746,97.709648
0.219727,7.999756,-3.276367,-249.992355,-184.440598,-77.590942,-1.077148,3.651367,-0.445801,249.992355,-246.795639,-65.200806
-0.156982,1.672363,0.317383,-249.992355,-86.280815,-24.330137,-0.789307,3.538818,-0.383057,249.763474,-233.734116,-84.991447
0.894043,3.442139,-0.701172,-249.992355,76.377869,59.768673,-0.177979,3.557861,-0.323975,249.847397,-197.448715,-77.941895
0.929443,2.759766,-0.41626,-249.992355,141.708374,56.190487,0.463867,3.441406,-0.49707,249.992355,-87.142937,-26.168821
0.686279,1.9729,-0.158691,-249.992355,174.049362,63.667294,1.004639,3.512939,-0.616943,240.272507,122.467033,19.599915
0.342285,1.656738,0.123779,-249.992355,166.381821,78.24707,0.942627,4.281738,-0.918701,99.777214,244.026169,40.534969
0.11499,1.550781,0.168945,-249.992355,127.891533,78.2547,0.116455,6.320313,-2.782471,-187.759384,248.611435,147.651672
0.01709,1.530518,-0.016357,-249.992355,77.529907,54.588314,-1.097412,7.070068,-4.164551,-249.992355,249.992355,149.95575
-0.053955,1.532471,0.006836,-249.992355,21.339415,22.926329,-2.147949,5.871582,-3.963623,-249.992355,235.3134,137.939453
-0.130615,1.615479,0.165283,-249.992355,-35.499573,-3.120422,-1.809814,4.26416,-2.668213,-249.992355,114.006035,132.865906
0.581055,3.539795,-0.790039,-249.992355,17.280579,66.581726,-1.380859,3.524902,-0.481934,249.992355,-227.24913,-46.226498
-0.581055,0.337402,0.930176,249.992355,-73.34137,74.981689,-1.5,2.534424,-1.093262,-249.992355,-34.812927,64.544678
-0.693604,-0.087402,1.025146,249.992355,-64.529419,43.754574,-1.574707,3.050049,-1.535156,-249.992355,22.636412,107.315056
-0.678467,-0.495605,1.156738,249.992355,-64.498901,17.677307,-0.907715,1.52124,0.243164,-249.992355,-18.363953,79.246521
-0.54834,-1.058105,1.190918,249.992355,-65.452576,-2.700805,-0.901123,1.442139,0.272461,-249.992355,24.909971,73.631287
-1.034424,-1.347656,2.043945,-84.472649,130.462646,-17.555237,-0.766113,1.313721,-0.026367,-249.992355,49.46899,57.838436
-0.15918,-1.970703,1.648926,148.246765,-46.386715,-4.676819,-0.567871,1.298096,-0.588379,-249.992355,43.998714,32.806396
-0.415771,-1.730713,1.819824,15.205382,-17.105103,15.3656,-0.811523,1.545654,0.213135,-249.992355,-56.762691,81.619255
-0.869385,-1.506836,2.020752,-46.974178,41.137691,18.035889,-0.499023,1.806396,-0.787354,-249.992355,-21.362303,16.189575
-0.483398,0.709473,0.883789,249.992355,-89.958183,108.444206,-0.833008,2.170166,-0.688232,-249.992355,-49.301144,16.410828
-0.313721,-1.774902,1.341797,245.498642,-63.705441,-14.694213,-1.27417,2.374756,-0.769531,-249.992355,-57.220455,27.282713
-0.419922,1.015625,0.859131,249.992355,-109.123222,137.748718,-0.44873,1.473877,-0.825928,-249.992355,16.51001,16.342163
0.430908,1.712402,0.337402,249.992355,-16.75415,221.046432,1.373291,0.672119,1.011475,192.22258,249.992355,-246.78801
-0.181152,1.462158,0.794189,249.992355,-141.822815,161.468491,1.881836,-1.052979,1.894531,-104.782097,96.252434,101.036064
-0.041748,1.501709,0.727051,249.992355,-149.215698,162.948593,1.894043,-0.949707,2.062988,-23.582457,169.799789,79.421997
0.054932,1.503906,0.634033,249.992355,-152.633667,164.100632,1.363525,-0.582275,2.037598,26.916502,234.008774,22.338865
0.094482,1.556641,0.553711,249.992355,-151.2146,167.52623,0.913086,-0.355957,1.686768,52.383419,249.992355,-58.105465
0.177734,1.637451,0.557129,249.992355,-148.490906,170.440659,0.782715,-0.418701,1.278076,125.91552,249.992355,-126.174919
0.234131,1.720459,0.513184,249.992355,-138.366699,175.277695,0.674316,-0.427246,1.165527,236.946091,249.992355,-143.867493
0.279053,1.743652,0.451172,249.992355,-120.040886,183.738693,1.493652,-0.682129,1.669434,-205.406174,39.840698,132.240295
0.345703,1.717285,0.409668,249.992355,-96.519463,193.641647,0.693604,-0.146973,0.968994,249.992355,249.664291,-130.355835
0.406982,1.696533,0.373047,249.992355,-69.847107,202.712997,1.160156,0.232666,0.905762,211.593613,249.992355,-179.801926
0.427246,1.703125,0.350098,249.992355,-42.129513,211.471542,0.47583,1.043945,0.561768,184.822067,234.230026,-249.992355
-0.897705,-1.195801,1.889893,-132.644653,200.927719,-61.233517,-0.88208,1.505859,0.258301,236.778244,156.532288,-249.992355
-0.313965,1.279785,0.839844,249.992355,-127.67791,155.281067,-0.623535,1.345703,0.123535,205.314621,205.993637,-249.992355
-0.546875,-0.802246,1.602783,-217.620834,223.739609,-94.093315,-0.851318,1.43335,0.094971,218.666061,191.810593,-249.992355
0.099854,1.752197,0.682617,-249.107346,-188.903793,-102.935783,-0.884033,1.483154,0.17749,229.240402,173.477158,-249.992355
-0.287354,0.212891,0.869629,-249.992355,197.540268,-97.045891,-0.895752,1.549072,0.306152,236.961349,141.960144,-249.992355
-0.019531,1.609131,0.672607,-219.055161,-192.901596,-112.060539,-0.875977,1.59082,0.361084,229.415878,120.170586,-249.992355
-0.096436,1.587158,0.658936,-195.068344,-190.620407,-121.696465,-0.895752,1.564453,0.365967,222.045883,89.11895,-249.992355
-0.084961,1.397461,0.675293,-172.56163,-185.050949,-126.67083,-0.961182,1.491455,0.345215,221.244797,48.744198,-249.992355
-0.050293,1.155762,0.671875,-152.770996,-181.686386,-134.811401,-0.981689,1.416748,0.317139,227.706894,2.235413,-249.992355
-0.039551,1.1521,0.700195,-153.869629,-182.960495,-154.930115,-0.960205,1.389893,0.26123,237.754807,-41.893002,-249.992355
0.004883,1.170898,0.768555,-173.339828,-191.505417,-181.098923,1.107178,-0.232422,1.293457,-249.992355,0.045776,187.675461
0.056641,1.250488,0.762939,-208.694443,-200.340256,-201.896652,-0.240967,1.264648,0.186768,191.490158,218.208298,-249.992355
0.111572,1.290283,0.798096,-236.656174,-202.362045,-209.4879,0.765625,0.087891,0.836914,-249.992355,-39.024353,223.716721
0.168701,1.29126,0.765625,-249.313339,-197.059616,-217.391953,-0.358887,1.036621,0.239258,-249.992355,-128.456116,-24.650572
0.248535,1.408203,0.731201,-249.992355,-177.192673,-234.916672,0.089844,0.57666,0.272217,-249.992355,-97.709648,243.820175
-0.337402,-0.26709,1.191162,-249.992355,218.612656,-101.806633,-0.941406,1.383057,0.196777,240.928635,-78.948975,-249.992355
0.375244,1.635986,0.723633,-249.992355,-137.382507,-248.611435,-0.181396,1.119141,0.133545,-249.992355,-102.409355,-34.233093
0.407227,2.319092,0.683594,-249.992355,-22.827147,-249.992355,-0.062988,1.179932,0.050537,-249.992355,-61.088558,-28.343199
0.322998,2.421631,0.666016,-249.992355,39.825439,-249.93132,0.081787,1.185791,0.005127,-249.992355,-10.612487,-19.958496
0.331787,1.89209,0.703857,-249.992355,103.416435,-249.80925,0.082031,1.192871,-0.009766,-249.992355,50.743099,-14.244079
0.412598,1.688721,0.616699,-249.992355,168.388351,-249.992355,-0.105713,1.263428,0.129395,-249.992355,116.142265,7.4234
0.178467,1.432861,0.457275,-249.992355,221.984848,-248.451218,-0.211914,1.401367,0.283691,-249.992355,168.060287,28.404234
0.204834,1.967041,0.637695,-249.992355,240.844711,-231.964096,-0.355469,1.516602,0.300049,-249.992355,197.875961,52.200314
-0.092773,2.240479,0.687256,-249.977097,228.950485,-196.464523,-0.500488,1.574951,0.330811,-249.992355,206.665024,87.165825
-0.248291,1.855957,0.534668,-249.992355,198.577866,-146.751404,-0.638916,1.631836,0.367188,-249.992355,197.944626,120.460503
-0.243408,1.189941,0.563965,-249.992355,177.421555,-119.117729,-0.822754,1.759521,0.292236,-249.992355,169.006332,144.821167
-0.256348,0.659912,0.667725,-249.137863,177.955612,-102.134697,-0.967041,1.951416,0.176514,-249.992355,120.788567,160.27832
0.477051,1.952148,0.707275,-249.992355,-83.496086,-249.992355,-1.000732,2.130127,0.236328,-249.992355,66.947937,169.197067
0.442383,1.710693,0.339355,249.992355,4.66156,229.042038,-0.945313,2.207764,0.290771,-249.992355,19.424438,176.872238
0.231201,2.58667,0.677246,-249.992355,96.015923,-63.858028,-0.94043,2.210449,0.267578,-249.992355,-23.208616,181.724533
0.435791,1.620361,0.344482,249.832138,26.596067,227.813705,-0.951904,2.227295,0.313965,-249.992355,-57.754513,187.332138
0.510986,3.068115,-0.980469,-249.992355,70.137024,119.369499,-0.804688,2.261719,0.397217,-249.992355,-76.164246,198.608383
0.58374,2.769531,-0.686768,-249.992355,94.28405,90.415947,-0.689941,2.330322,0.442139,-249.992355,-68.069458,221.519455
0.455566,2.722412,-0.270996,-249.992355,98.915092,94.306938,-0.495117,2.392822,0.461426,-249.992355,-60.951229,235.32103
0.296631,2.480225,0.049316,-249.992355,66.627502,112.312309,-0.338623,2.160156,0.468018,-249.992355,-80.612175,246.65831
0.236084,2.068115,0.095947,-249.992355,25.993345,102.859489,-0.381348,1.729248,0.228027,-249.992355,-106.597893,249.900803
0.18042,1.798096,-0.043701,-249.992355,-0.869751,77.278137,-0.375,1.269287,0.157959,-249.977097,-117.385857,249.992355
0.184082,1.58667,-0.035645,-249.992355,-17.997742,60.569759,-0.199463,0.878662,0.178955,-249.992355,-112.030022,249.877914
0.169434,1.538818,0.052246,-249.992355,-30.639647,51.040646,0.431885,0.336914,0.5,-248.93187,-73.638916,237.907394
0.128662,1.550781,0.208252,-249.992355,-45.898434,39.718628,-0.92334,1.344238,0.171387,238.533005,-108.497612,-249.992355
0.067383,1.619141,0.312256,-249.992355,-86.212151,10.391234,-0.820801,2.837158,0.452393,-249.992355,-112.152092,163.925156
0.315918,3.762695,-1.411133,-249.992355,48.202511,132.827759,-0.836182,1.176025,0.168945,245.513901,-161.766037,-249.603256
0.020752,1.61792,0.224121,-249.992355,-105.682365,-11.528014,-2.206787,3.464355,-2.375977,-249.992355,122.619621,102.287285
0.066406,1.717041,0.280273,-249.992355,-152.46582,-53.825375,-2.254395,2.692871,-1.551514,-249.992355,20.599363,112.701408
0.087891,1.73999,0.370361,-249.992355,-182.38829,-68.595886,-1.934814,2.022705,-0.943848,-249.992355,-49.003597,89.057915
0.105957,1.804199,0.437988,-249.992355,-218.322739,-88.973991,-1.498291,1.675293,-0.59668,-249.992355,-92.178337,68.29834
0.154541,1.974365,0.49707,-249.992355,-245.323166,-115.905754,-1.104004,1.63208,-0.46582,-249.992355,-136.528015,64.720154
0.319824,2.120361,0.487549,-249.992355,-234.146103,-125.419609,-0.918701,1.65625,-0.534668,-249.992355,-184.165939,69.671631
0.721924,2.29126,0.375244,-249.992355,-182.601913,-115.936272,-0.821045,1.554688,-0.643311,-249.992355,-215.179428,62.019344
1.025879,2.497803,0.161865,-249.992355,-100.273125,-111.885063,-0.72583,1.380371,-0.291016,-249.992355,-220.184311,42.739864
0.885742,2.770752,-0.008057,-249.992355,-8.766174,-107.162468,-0.652344,1.309326,0.194092,-249.992355,-207.450851,22.842405
0.451416,2.947266,0.187988,-249.992355,62.004086,-76.950073,-0.554199,1.506836,0.213135,-249.992355,-143.470764,0.839233
0.458252,1.668457,0.353027,249.992355,20.668028,232.42186,-1.778564,4.256104,-3.57959,-249.992355,234.397873,63.598629
0.017822,1.659424,0.19751,-249.992355,-126.930229,-33.531189,-0.365967,1.660645,0.108154,-249.992355,-90.232841,11.291503
0.516113,4.679688,-2.352539,-249.992355,3.265381,106.613152,-0.090332,1.905029,-0.059082,-249.992355,48.377987,55.953976
0.110596,1.599609,0.331055,-249.992355,-66.001892,27.244566,-0.14502,1.888184,0.049072,-249.992355,111.54174,85.58654
0.760498,6.421875,-4.12207,-249.992355,-249.992355,-39.009094,-0.300049,1.868652,0.397949,-249.992355,151.000977,113.395683
1.025391,5.537109,-3.96582,-249.992355,-120.681755,56.236263,-0.459473,1.971436,0.564453,-249.992355,150.260925,143.081665
0.3125,1.594238,0.141602,249.992355,18.615723,190.269455,-0.662354,2.087402,0.53125,-249.992355,111.587517,166.954025
0.252686,1.501953,0.030029,242.782578,21.995543,169.891342,-0.806885,2.123535,0.434814,-249.992355,48.21777,165.023788
0.285645,1.390381,-0.065186,229.240402,35.346985,149.627686,-0.790771,2.189453,0.30542,-249.992355,-21.675108,154.884338
0.365234,1.350586,-0.1521,214.256271,57.731625,124.786369,-0.654297,2.444092,0.130615,-249.992355,-79.76532,152.824402
0.392578,1.410645,-0.246338,192.520126,80.00946,92.338554,-0.675293,2.804443,0.129883,-249.992355,-109.817497,158.325195
0.348145,1.478516,-0.36377,174.362167,96.633904,64.529419,-0.865967,1.279785,0.155029,238.563522,-136.08551,-249.992355
0.411621,1.453613,-0.445313,175.46843,111.450188,45.745846,-0.191406,1.807129,-0.015869,-249.992355,-23.254393,31.921385
0.614014,1.336426,-0.512451,212.142929,135.108948,33.027649,-0.894043,5.906494,-5.54248,-249.992355,248.474106,50.292965
0.815186,1.245605,-0.572266,247.627243,182.029709,25.970457,-0.645264,1.369629,0.268311,-249.992355,-180.900558,5.767822
0.922119,1.288818,-0.578369,249.992355,236.999496,31.219481,-0.01123,5.86377,-1.800537,-4.768372,39.077759,-101.264946
0.382813,1.626465,0.269287,249.992355,22.888182,211.982712,-0.002686,7.138916,-4.385498,-241.668686,117.164604,16.12854
0.843018,1.820313,-0.406982,249.992355,249.992355,62.881466,-0.862305,0.933105,0.106934,249.992355,-200.187668,-249.992355
0.913574,1.503906,-0.515381,249.992355,249.961838,53.039547,-0.851563,0.829102,0.106201,249.992355,-211.227402,-229.148849
-1.341553,7.139648,-2.172852,-139.480591,-246.681198,-118.721001,-0.811768,0.765381,0.109863,249.992355,-219.139084,-202.42308
-1.274658,5.509766,-1.292725,206.352219,-173.675522,-61.248775,-0.819824,0.765869,0.061035,249.992355,-221.687302,-182.403549
-0.904541,4.630371,-0.480957,249.992355,8.766174,22.186277,-0.828857,0.801514,-0.038574,249.992355,-223.335251,-161.666855
-0.600342,4.520996,-0.14917,246.055588,180.671677,76.942444,-0.814209,0.87085,-0.148926,249.992355,-235.382065,-134.010315
-0.487305,7.536377,-3.104492,-249.992355,-249.992355,-127.349846,-0.799316,0.929932,-0.221436,249.992355,-248.886093,-98.083488
0.293945,4.252441,-0.142578,249.992355,249.992355,74.668884,-0.752197,0.980225,-0.269287,249.992355,-249.992355,-63.072201
0.584717,3.470459,-0.190674,249.969467,248.405441,40.702816,-0.688232,1.102295,-0.265137,249.992355,-249.488815,-38.848877
0.706787,2.575684,-0.322021,249.946579,249.992355,38.360596,-0.610107,1.373291,-0.225586,249.992355,-249.992355,-27.351377
-0.233398,4.5979,-0.177979,248.321518,249.992355,93.299858,-0.84082,1.045166,0.157715,249.992355,-183.753952,-249.992355
0.190674,2.322998,0.749023,-249.992355,102.485649,-150.062561,-0.668457,2.010254,-0.306641,249.992355,-228.645309,-15.266418
0.272461,1.454834,0.6875,-245.689377,-231.834396,-194.419846,-0.602783,1.688965,-0.27832,249.992355,-249.992355,-21.446226
0.38208,1.500488,0.711426,-249.992355,-201.416,-203.132614,0.306641,3.163574,-0.523682,249.992355,-14.572143,-64.849854
0.54541,1.584717,0.655273,-249.992355,-159.194946,-201.210007,0.615479,3.858887,-0.371582,244.934067,-89.309685,-123.611443
0.638672,1.882324,0.600586,-249.992355,-97.18322,-190.742477,0.080322,4.181885,-0.083252,249.992355,-150.413513,-155.067444
0.636963,2.255859,0.552979,-249.992355,-25.711058,-175.422653,-0.580566,3.984863,-0.008301,249.992355,-189.45311,-107.192986
0.196045,1.314697,0.72876,-214.691147,-249.992355,-175.895676,0.437744,3.797852,-0.765625,249.992355,8.758545,-102.256767
0.522217,2.539551,0.575195,-249.992355,38.314819,-162.399277,-1.107422,3.350098,-0.334473,249.992355,-170.150742,-60.020443
0.303223,2.593506,0.63623,-249.992355,82.908623,-152.313232,-1.060059,2.733398,-0.376953,249.992355,-165.283188,-41.229244
0.082275,2.04248,0.90332,-249.992355,107.810966,-139.656067,-0.805908,2.365967,-0.345215,249.992355,-186.68364,-21.591185
-0.488281,0.697021,0.538086,-249.992355,-2.182007,-118.019096,-0.85498,3.881836,-0.208008,249.900803,-189.636215,-73.577881
-0.164795,1.899414,0.906494,-249.992355,135.292053,-117.050163,-1.183105,2.219727,0.345215,-249.992355,-249.984726,249.992355
-0.3479,2.077637,0.725342,-249.992355,121.330254,-169.937119,-0.860352,1.884766,0.458984,-249.992355,162.391647,249.992355
-0.683105,1.832275,0.528564,-249.984726,90.194695,-159.27124,-0.902588,2.001221,0.446045,-249.992355,112.510674,249.992355
-0.625977,1.200684,0.481689,-249.992355,43.685909,-125.495903,-0.944824,2.113525,0.384033,-249.992355,51.650997,249.992355
-0.608154,0.229492,0.853271,-249.519333,-44.235226,-102.416985,-0.974609,2.128418,0.281006,-249.992355,-9.857178,249.992355
-1.02417,-0.1604,1.275146,-249.580368,-93.681328,-72.631836,-0.931152,2.0625,0.234619,-249.992355,-69.824219,249.992355
-1.487061,-0.463135,1.645996,-249.992355,-159.088135,-21.415709,-0.95166,2.02002,0.180176,-249.992355,-134.155273,249.992355
-1.536133,-0.84375,2.097656,-234.420761,-223.159775,39.18457,-0.743408,1.796875,0.478271,-249.992355,192.733749,249.992355
-0.962891,-1.622314,2.563477,-103.744499,-249.992355,80.688469,-1.071045,2.126709,0.166504,-249.992355,-202.209457,249.992355
0.098145,1.266602,0.817627,-195.312485,-249.992355,-150.779724,-1.128662,2.255859,0.250244,-249.992355,-246.101364,249.992355
-0.04834,1.938232,0.96582,-249.992355,117.897026,-107.627861,-1.360107,2.601807,0.549805,-249.992355,-249.992355,249.870285
-0.055908,1.410156,0.799072,-202.003464,-249.633774,-118.110649,0.53125,0.446289,0.75293,-249.992355,-150.878906,243.118271
-0.47876,-2.508789,2.519531,146.125793,-245.002731,109.565727,-0.605469,2.62085,0.957764,-249.992355,-248.67247,249.992355
-0.375244,1.609619,0.566895,-225.212082,-249.992355,-67.344666,0.018555,1.677734,0.88208,-249.984726,-249.992355,245.887741
0.400879,2.188721,0.181641,249.992355,249.992355,-28.343199,0.238525,0.918701,0.9021,-249.992355,-245.834335,231.681808
0.40332,2.480469,0.148926,249.992355,249.93132,9.048462,0.904541,0.151611,0.564941,-249.084457,-67.680359,245.010361
0.396729,3.723877,0.341797,249.992355,249.282822,47.45483,1.258545,-0.088623,0.741211,-249.992355,-27.679441,219.31456
-0.07251,4.532471,0.52832,249.885544,249.992355,72.273254,1.710449,-0.299072,1.21875,-249.992355,-6.431579,178.573593
-0.550537,4.157959,0.702637,249.992355,249.992355,93.1549,2.460693,-0.478271,1.69873,-209.686264,13.793944,143.180847
-0.845703,4.673828,0.828125,249.992355,206.481918,107.528679,2.864746,-0.521729,2.498535,-133.537292,42.076107,78.49884
-0.818115,4.648438,0.836426,245.124802,152.870178,10.383605,2.645752,-0.633789,2.920898,-22.087095,71.517944,-50.750729
-1.473389,2.828613,0.503174,249.992355,53.039547,-99.212639,-0.644775,1.723633,0.429443,-249.992355,196.998581,249.656662
-2.590088,3.72876,-0.44165,249.992355,-101.623528,-48.004147,-1.333008,3.089111,0.810547,-249.992355,-249.725327,249.893173
-1.2229,7.612061,-2.906006,63.446041,-239.120468,-112.136833,-0.595703,1.683838,0.257324,-249.992355,178.024277,229.194626
-0.273682,1.569336,0.723877,-213.249191,-249.992355,-86.914055,2.27124,-0.803711,2.69458,119.895927,112.869255,-156.990051
-0.55249,7.999756,-7.211914,-249.992355,-237.358078,-119.552605,-0.669678,1.64209,0.045898,-249.992355,126.953117,150.840759
0.068359,4.313477,-1.345703,-249.992355,72.349548,160.827621,-1.124512,1.837402,-0.455322,249.992355,-167.701706,42.526241
-0.049072,2.976318,-0.186523,-249.992355,126.724236,199.028,-1.351563,2.273682,-0.542236,249.992355,-180.572495,26.527403
-0.088379,2.340576,0.159424,-249.992355,112.541191,184.799179,-1.262207,3.150391,-0.552002,249.992355,-226.509079,6.446838
-0.187012,2.093994,0.22876,-249.992355,69.015503,153.244019,-0.967529,3.788086,-0.310059,249.992355,-248.748764,-49.057003
-0.281006,2.124756,0.24707,-249.992355,11.108397,119.224541,-0.664551,3.806641,0.018555,249.816879,-249.992355,-110.595695
-0.30835,2.05542,0.347656,-249.992355,-57.617184,95.108025,-0.173096,4.361572,0.098633,249.992355,-244.987473,-122.993462
-0.22998,1.760742,0.387695,-249.862656,-119.552605,72.8302,0.273438,4.613525,-0.184814,249.992355,-152.999878,-85.601799
-0.104492,1.541016,0.281738,-249.839767,-166.976913,40.313717,0.761963,3.71875,-0.366943,241.317734,17.669678,-69.328308
-0.135986,1.466553,0.304199,-249.992355,-203.43779,-0.320435,1.1604,3.320557,-0.120117,231.65892,179.382309,-86.395256
-0.276367,1.497314,0.402832,-245.750412,-237.556442,-41.793819,0.099365,5.617432,-1.66748,25.177,249.877914,34.934998
0.543457,1.825195,0.1521,249.992355,249.984726,-57.975765,-0.616455,1.675781,0.092285,-249.992355,149.06311,186.248764
-0.882568,-2.07251,1.870117,249.992355,-191.696152,95.611565,-0.564697,7.999756,-5.575439,-239.280685,249.992355,167.335495
0.189453,6.266846,-5.520752,-249.992355,-100.883476,84.320061,-1.163818,3.818848,-3.054199,-249.992355,28.984068,43.457027
-1.39624,-0.364502,1.314453,249.992355,-28.114317,128.959656,-0.879883,2.666748,-1.256348,-249.992355,-8.171082,29.907225
0.659424,0.810303,-0.27832,249.992355,249.992355,48.164364,-0.578857,2.353027,-0.564453,-249.992355,-4.379272,22.163389
0.841309,1.14917,-0.427979,249.992355,249.992355,46.737667,-0.312988,2.224365,-0.666748,-249.992355,13.565063,32.562256
0.83252,1.653809,-0.466064,249.992355,249.93132,83.679192,-0.106934,1.845215,-0.856689,-249.992355,48.21014,44.975277
0.748047,2.374023,-0.454102,249.954208,249.992355,120.483391,-0.14917,1.417969,-0.72876,-249.992355,90.911858,49.98016
0.663086,3.124512,-0.541504,249.908432,249.992355,103.10363,-0.373291,1.227539,-0.417725,-249.992355,123.916618,61.958309
0.178223,3.075684,-0.179199,249.992355,246.52861,69.099426,-0.541748,1.245117,-0.126465,-249.992355,134.559631,79.315186
-0.684326,3.133789,0.372559,248.901352,249.992355,65.132141,-0.665039,1.37793,0.017578,-249.992355,128.486633,101.043694
-1.437988,3.606689,0.412109,243.263229,249.992355,22.53723,-0.711426,1.535889,0.086426,-249.992355,121.948235,124.565117
-1.75708,3.839355,-0.316895,249.992355,90.774529,-31.875608,-1.440186,5.959961,-5.184326,-249.992355,182.14415,72.509766
-1.663818,7.940918,-4.12793,-166.847214,-249.992355,-128.15094,1.651367,-0.760986,2.257324,235.984787,187.133774,-148.620605
0.51709,0.784912,-0.206055,249.992355,241.523727,55.000301,-0.968994,1.57373,-0.349609,249.992355,-185.440048,58.624264
1.638916,7.999756,-6.267578,-249.992355,-249.992355,-249.992355,1.665039,0.078613,1.657715,249.992355,205.741867,-180.953964
-0.250488,5.405518,-4.467773,-249.992355,24.79553,-24.337767,-0.796875,1.136475,-0.388428,249.992355,-249.992355,-42.381283
-0.513916,4.479004,-2.023193,-249.992355,62.316891,8.056641,-0.69458,1.430664,-0.375977,249.992355,-249.992355,-19.65332
-0.645752,4.104248,-0.988525,-249.992355,41.633602,12.313842,-0.658936,1.723633,-0.47876,249.992355,-235.992416,-3.608703
-0.714844,3.971191,-0.209473,-249.992355,-4.638672,-3.318786,-0.70459,2.091553,-0.657715,249.992355,-215.194687,-5.91278
-0.619141,3.621094,0.337891,-249.992355,-59.135433,-26.145933,-0.82373,2.631592,-0.759521,249.992355,-207.687363,-30.128477
-0.215576,3.021484,0.479492,-249.992355,-111.137383,-56.243893,-0.916748,3.074707,-0.783447,249.992355,-220.146164,-56.365963
0.054443,2.55542,0.374268,-249.923691,-144.699097,-82.786552,-0.766846,3.284424,-0.578369,249.885544,-224.006638,-93.170158
0.198242,2.267334,0.444336,-249.54985,-166.89299,-96.893303,-0.394531,4.086914,-0.438721,249.992355,-189.582809,-136.657715
0.167725,2.003662,0.629883,-249.992355,-179.443344,-100.112907,0.112549,4.70752,-0.590088,249.992355,-146.17157,-114.883415
-1.369141,-0.974854,1.317871,249.992355,-95.062248,87.791435,0.441406,3.828857,-0.755371,244.125351,-105.49926,-57.647701
0.945313,7.146729,-6.655029,-249.992355,-130.760193,-122.283928,-0.809326,0.888672,-0.458008,249.992355,-249.710068,-67.817688
0.441162,0.878174,-0.162842,245.857224,211.547836,63.545223,0.751465,3.064453,-0.820557,249.992355,3.448486,-86.578362
-2.630615,5.831787,-2.053955,239.150986,-179.87822,-24.620054,0.199463,6.983643,-2.826416,-30.921934,181.045517,64.628601
0.303223,1.109619,0.031494,162.788376,166.526779,115.264885,-0.433594,7.778076,-5.320557,-249.992355,221.58049,167.449936
0.354248,0.979736,-0.061279,206.08519,186.462387,85.479729,-1.47998,5.498535,-4.24707,-249.992355,181.404099,74.783325
-0.693359,0.745605,1.376709,249.992355,-26.222227,199.607834,-1.60083,4.186035,-2.813721,-249.992355,58.776852,52.513119
-0.366211,1.173584,1.109863,249.992355,-54.855343,204.902634,-1.01123,3.340088,-1.334961,-249.992355,-14.396667,50.033566
-0.098877,1.352295,0.713379,249.992355,-80.307007,206.985458,-0.638916,2.965332,-0.727783,-249.992355,-59.265133,64.552307
0.043457,1.455078,0.552979,249.992355,-98.991386,205.207809,-0.549316,2.616699,-0.993652,-249.992355,-96.664421,72.479248
0.094727,1.54541,0.552734,249.992355,-110.824577,206.451401,-0.596436,1.963867,-0.866943,-249.992355,-125.91552,49.171444
0.125,1.666016,0.578857,249.992355,-117.439262,212.570175,-0.736816,1.336914,-0.11377,-249.992355,-134.155273,19.699097
0.171143,1.775879,0.641357,249.992355,-120.903008,219.642624,-0.612549,1.045654,0.232178,-249.992355,-137.069702,-4.53186
0.21582,1.792969,0.662598,249.992355,-119.338982,228.828415,0.815674,4.172852,-1.05957,249.992355,126.174919,-90.774529
0.286133,1.755127,0.637695,249.656662,-113.769524,243.110641,-0.760742,0.751465,-0.485107,249.992355,-248.474106,-96.42791
0.428223,1.73877,0.618652,249.992355,-105.705254,249.93895,1.332275,-0.383301,1.856445,249.992355,229.76683,-112.251274
-1.163818,0.139648,1.518311,249.992355,-5.935668,177.055344,-0.699219,0.80957,-0.298828,249.992355,-197.479233,-154.10614
0.560303,1.699951,0.594971,231.91832,-61.897274,249.992355,1.69165,0.615234,1.562256,249.992355,165.733322,-246.879562
0.534424,1.734619,0.608398,249.992355,-89.317314,249.992355,0.886475,1.152344,1.133789,249.992355,140.922546,-249.992355
0.154053,1.393311,0.068848,102.767937,135.498047,169.380173,-0.066406,1.519287,0.553223,249.992355,127.876274,-249.992355
0.143066,1.499756,0.179932,84.861748,117.256157,194.282516,-0.716553,1.734619,0.232666,249.992355,120.346062,-249.992355
0.200195,1.562012,0.335449,78.041077,97.373955,219.673141,-0.979492,1.878174,0.121826,249.992355,112.617485,-249.992355
0.280029,1.639648,0.476807,83.534233,76.599121,241.157516,-1.073242,1.995605,0.101563,249.992355,117.881767,-249.992355
0.219482,1.259277,0.040283,130.241394,151.817322,145.019531,-0.706299,0.740967,-0.434082,249.992355,-228.599533,-126.625053
0.399414,1.726074,0.602539,134.19342,33.454895,249.992355,-1.191162,2.218506,0.275146,249.992355,144.27948,-249.992355
0.472412,1.714355,0.603027,169.715866,5.195617,249.80162,-1.241943,2.172363,0.347168,249.992355,140.174866,-249.992355
0.546143,1.695313,0.592529,203.55986,-28.488157,249.992355,-1.281982,2.079834,0.372314,249.992355,121.4981,-249.992355
0.335693,1.703369,0.560547,103.927605,56.327816,249.992355,-1.179199,1.986084,0.407959,249.992355,97.969048,-249.992355
-0.389893,1.523193,0.19458,-249.992355,-249.992355,-1.792908,-1.134521,2.119385,0.165283,249.992355,132.530212,-249.992355
0.274902,6.323975,-3.255127,-249.992355,109.321587,-185.638412,-1.00708,1.735352,0.474854,249.992355,51.918026,-249.992355
0.179688,4.852783,-3.424561,-249.992355,147.293091,-49.919125,-1.064453,1.64502,0.429443,249.992355,19.554138,-249.992355
-0.393311,4.608398,-2.617432,-249.992355,155.952454,7.987976,-1.094482,1.582275,0.333008,249.992355,-19.729614,-249.992355
-1.210449,3.887695,-1.455811,-249.992355,92.742912,47.126766,-1.078613,1.540283,0.237549,249.992355,-58.845516,-249.900803
-1.230957,2.82959,-0.56665,-249.992355,-0.854492,72.547913,-1.040283,1.516602,0.181885,249.992355,-91.094963,-249.862656
-0.832764,2.393066,-0.625977,-249.992355,-87.402336,52.955624,-0.975586,1.487793,0.151123,249.992355,-115.600578,-249.992355
1.137939,7.981689,-2.596191,-204.406723,126.106255,-210.075363,-0.944092,1.439453,0.110596,249.992355,-133.758545,-247.047409
-0.687744,2.20459,-0.789795,-249.992355,-175.08696,18.90564,-0.882813,1.305664,0.07959,249.992355,-145.797729,-227.889999
-0.51416,1.85498,-0.182373,-249.992355,-244.14061,-6.774902,-0.786621,1.128174,-0.017578,249.992355,-156.929016,-205.284103
-0.036865,1.335205,0.123535,-249.992355,-249.992355,10.31494,-0.728271,0.946289,-0.157471,249.992355,-173.217758,-180.412277
0.213867,1.237793,0.19458,-249.755844,-249.992355,-37.208557,-1.027588,1.858887,0.445557,249.992355,75.637817,-249.992355
0.194824,1.244385,-0.051025,-249.992355,-249.992355,7.118225,-0.831787,1.566895,-1.535645,-249.992355,118.278496,112.373344
-0.001953,1.257813,-0.047607,-249.992355,-249.992355,-1.777649,-0.372559,1.901367,-1.146484,-249.992355,180.366501,130.996704
0.046143,1.318604,0.063721,-249.992355,-249.382004,-15.571593,-0.178223,2.140869,-1.172852,-249.992355,202.415451,133.155823
0.344727,1.021484,0.101563,-249.855026,-249.992355,-63.705441,-0.595703,2.531494,-2.001465,-249.992355,176.322922,114.723198
0.373047,0.837891,-0.05249,-249.992355,-223.731979,-99.159233,-0.030029,4.250732,-1.513184,143.501282,182.212814,92.51403
0.299072,0.751953,-0.149902,-241.859421,-172.805771,-133.995056,-1.1521,4.060059,-3.696045,-249.992355,164.306625,121.681206
0.370117,0.794434,-0.233643,-206.352219,-135.597229,-164.62706,-0.813232,4.944336,-3.434326,-249.992355,239.028915,172.126755
0.49585,0.978271,-0.329834,-172.225937,-101.59301,-189.102158,-0.404297,5.228027,-2.713379,-150.123596,249.992355,188.19426
0.498047,1.204346,-0.463135,-150.856018,-67.207336,-215.797409,-1.153076,3.198242,-2.973145,-249.992355,146.575928,102.264397
1.553955,6.224854,-1.07251,151.115417,131.507874,-41.557308,-1.001709,1.246582,-0.847656,-249.992355,62.820431,96.458427
0.2146,1.267578,0.022705,-249.992355,-249.984726,15.159606,-0.654053,1.136719,-0.508789,-249.992355,175.353989,249.992355
1.383301,4.558105,-0.338623,249.992355,89.218132,15.167235,-0.342285,1.22583,-0.059082,-249.992355,6.660461,70.419312
0.434326,1.388184,0.129639,147.766113,11.146544,249.992355,-0.158203,1.255371,-0.145752,-249.992355,10.162353,96.748344
0.109619,5.079102,0.039551,247.047409,6.523132,19.020081,-0.062256,1.275146,-0.28418,-249.992355,23.300169,125.312798
0.500244,1.408203,-0.625244,-147.529602,-44.403072,-244.438156,-0.0354,1.30249,-0.314941,-249.992355,32.546997,142.837524
0.467773,1.32373,0.079834,169.525131,46.630856,249.992355,-0.126465,1.324219,-0.076416,-249.992355,32.348633,158.348083
0.510742,1.294189,0.080811,192.207321,90.263359,245.979294,-0.307617,1.392822,0.239502,-249.992355,39.138794,170.722946
0.557861,1.245117,0.105225,218.154892,135.856628,237.266525,-0.441895,1.440186,0.303955,-249.992355,68.878174,179.840073
0.52832,1.178467,0.111816,242.088303,177.665695,228.744492,-0.497559,1.386719,0.241211,-249.992355,118.522636,190.498337
0.461426,1.143311,0.122314,249.992355,209.083542,216.651901,-0.471436,1.261719,0.131348,-249.992355,158.920288,213.676437
0.386475,1.118896,0.12085,249.992355,227.920517,194.86998,-0.482178,1.176758,-0.179688,-249.992355,177.619919,241.668686
0.282959,1.05957,0.114258,249.992355,236.625656,166.748032,0.027344,3.422852,-0.763672,249.992355,80.80291,7.80487
0.233154,1.039551,0.124512,249.992355,236.778244,142.219543,-0.666748,1.176025,-0.136963,-249.992355,22.415159,74.356079
0.260498,1.050293,0.099121,249.824509,233.772263,122.25341,-0.295654,3.685303,-0.547363,249.992355,-15.533446,-40.64941
0.250244,1.043701,-0.01001,249.992355,234.130844,104.782097,-0.727051,0.740234,-0.375977,249.992355,-185.745224,-89.012138
0.216064,1.027832,-0.111328,249.992355,231.445297,86.738579,-0.357178,5.148926,-0.317383,249.992355,-167.861923,-169.28862
0.15332,1.054199,-0.166748,240.425095,217.483505,71.014404,-0.944824,1.248779,-0.791504,-249.992355,156.562805,249.992355
0.064453,1.174316,-0.212402,224.960312,192.657455,69.267273,-0.782471,1.100098,0.113281,240.203842,-158.752441,-249.908432
0.130127,1.338135,-0.246826,205.32225,168.632492,84.373466,-0.856201,1.042236,0.115723,242.454514,-174.179062,-249.992355
0.424805,1.452393,-0.314697,203.613266,168.769821,108.757011,-0.911377,0.925537,0.143066,248.03923,-187.347397,-246.086105
0.703369,1.648438,-0.4646,234.18425,201.118454,132.843018,-0.887939,0.802979,0.148682,249.992355,-194.160446,-229.186996
0.686035,1.837402,-0.562012,249.992355,240.432724,148.536682,-0.855469,0.702881,0.088135,249.992355,-193.000778,-216.407761
0.461914,2.102295,-0.60376,249.992355,249.992355,162.551865,-0.877441,0.622803,0.041992,249.992355,-179.351791,-199.714645
0.218262,2.856689,-0.645996,249.992355,229.606613,147.468567,-0.851074,0.560303,-0.032471,249.992355,-158.14209,-178.955063
-0.031982,3.17749,-0.767822,249.923691,187.973007,85.502617,-0.783936,0.483154,-0.080322,249.992355,-141.777039,-161.796555
-0.19873,3.154297,-0.688232,249.992355,152.244568,35.903931,-0.760742,0.43335,-0.113037,249.992355,-131.637573,-150.939941
-0.208496,4.210938,-0.23877,249.992355,80.657951,41.473385,-0.327148,4.630127,-0.460449,247.268661,-100.936882,-114.150993
0.753174,4.883301,-0.004883,248.207077,15.174865,-11.436461,-0.801758,0.445313,-0.166992,249.992355,-128.326416,-145.133972
0.551025,1.667969,-0.661133,-157.424927,-22.377012,-249.992355,-0.824219,0.602295,-0.324707,249.992355,-153.282166,-108.535759
0.717041,1.753662,-0.837158,-169.120773,16.471863,-249.992355,-0.779053,0.923828,-0.375488,249.992355,-228.218063,-86.036674
0.857666,2.028076,-1.277344,-185.722336,77.026367,-249.328598,-0.930664,1.152344,-0.354004,249.992355,-249.618515,-97.923271
0.172119,2.079102,0.20166,249.992355,49.011227,249.992355,-1.04834,1.405518,-0.323242,249.992355,-249.984726,-111.083977
0.183105,2.10376,0.199463,249.992355,47.149654,249.992355,-1.082031,1.659668,-0.356445,249.992355,-249.992355,-111.404411
0.212402,2.122803,0.223633,249.992355,41.351315,249.992355,-1.0354,1.917725,-0.411621,249.992355,-249.992355,-103.141777
0.286133,2.116211,0.215332,249.992355,34.515381,249.992355,-0.93335,2.292725,-0.516602,249.992355,-249.412521,-89.050285
0.32959,2.019531,0.159912,249.992355,31.639097,249.992355,-0.807617,2.781494,-0.668213,249.992355,-249.992355,-58.715816
0.351563,1.842773,0.085938,249.992355,34.14917,249.992355,-0.696533,3.223633,-0.711426,249.93895,-249.992355,-62.522884
0.374023,1.683838,0.009521,249.984726,39.619446,249.786362,-0.566162,4.248535,-0.366943,249.992355,-222.679123,-136.520386
0.397949,1.541016,0.049316,249.992355,41.458126,249.68718,-0.863037,0.503418,-0.252197,249.992355,-134.887695,-131.736755
0.383301,1.431396,0.141602,249.992355,39.93988,249.992355,-1.314941,1.441895,-0.991455,-249.992355,136.734009,249.992355
0.364746,1.404297,0.186523,249.023422,35.675049,243.659958,-1.568604,1.684082,-1.025635,-249.992355,113.121025,249.992355
0.083008,2.095215,0.241943,249.992355,50.125118,249.992355,-1.734131,1.962646,-1.057373,-249.992355,72.319031,249.992355
0.316895,1.491211,0.205078,246.078476,32.875061,201.873764,-0.996094,2.246826,0.126709,249.893173,223.312363,-249.992355
0.335693,1.525879,0.175537,203.582748,41.366573,103.591911,-1.136963,2.446777,0.258545,249.992355,219.856247,-249.992355
0.450195,1.428223,0.079102,166.25975,56.991573,57.655331,-1.260254,2.432373,0.450684,246.139511,196.411118,-249.992355
0.631348,1.257813,-0.047852,135.71167,77.926636,13.961791,-1.339844,2.298828,0.405762,229.667648,151.145935,-249.992355
0.769043,1.012451,-0.071045,127.42614,100.067131,-29.167173,-1.335449,2.082764,0.233398,223.968491,94.131462,-249.992355
0.749512,0.79126,-0.121338,142.807007,126.953117,-65.116882,-1.350098,1.82373,0.138916,234.901413,36.04126,-249.992355
0.666504,0.653076,-0.267822,171.127304,157.493591,-84.014885,-1.355957,1.759766,0.109131,248.748764,-22.354124,-249.992355
0.632324,0.604248,-0.285645,211.280807,186.607346,-91.339104,-1.241455,1.834717,0.068604,249.992355,-76.499939,-249.992355
0.555664,0.613525,-0.231445,246.047958,221.763596,-91.804497,-1.085938,1.769775,0.054199,242.698654,-122.695915,-249.992355
0.572021,0.770508,-0.282959,249.992355,248.092636,-87.646477,-1.053711,1.544678,0.061523,236.389145,-159.988403,-249.671921
0.638916,1.012451,-0.216064,249.992355,249.992355,-84.44976,-1.011719,2.037598,-0.00293,249.877914,231.628403,-249.992355
0.297119,1.566162,0.202637,233.604416,34.118652,153.167725,-1.095947,1.320313,0.04834,237.129196,-194.663986,-249.992355
0.029785,2.113037,0.328125,249.992355,47.355648,249.992355,-1.024658,0.979736,-0.088867,249.778732,-236.82402,-235.961899
0.648926,1.348633,-0.016602,249.992355,249.992355,-77.262878,-0.850586,0.8479,-0.164063,249.992355,-243.492111,-210.800156
0.134277,1.952637,0.566406,249.992355,12.161254,249.992355,-0.798584,0.718994,-0.206543,249.992355,-247.756943,-190.788254
0.866211,2.797852,-1.726807,-223.548874,151.115417,-249.992355,-0.861084,0.594238,-0.27002,249.992355,-249.969467,-166.351303
0.765137,3.375977,-1.504395,-248.954758,221.733078,-249.992355,-0.886475,0.480225,-0.324219,249.992355,-249.992355,-129.91333
0.285645,3.868164,-0.699463,-249.992355,249.992355,-218.566879,-0.800537,0.426758,-0.402588,249.992355,-249.984726,-84.762566
-0.365234,3.776855,-0.015625,-249.992355,224.34996,-195.396408,-0.705811,0.478271,-0.467529,249.992355,-249.755844,-39.283752
-0.703125,2.752441,0.119629,-249.992355,181.060776,-179.931625,-0.68042,0.654785,-0.466553,249.992355,-249.992355,-3.570556
-0.307373,2.624512,0.45166,-249.977097,143.440247,-185.302719,-0.67627,0.940918,-0.409424,249.992355,-249.992355,17.883301
0.085449,2.063721,0.420898,249.992355,34.095764,249.992355,-0.741943,1.189453,-0.294922,249.992355,-235.130295,35.926819
-0.416016,1.571533,0.539551,-249.992355,109.359734,-179.512009,-1.126953,1.134521,0.005615,244.13298,-221.549973,-249.992355
-0.576904,0.828613,0.700928,-248.985275,76.087952,-189.483627,-0.94751,1.919678,-0.058594,249.992355,248.237595,-249.992355
-0.583984,0.344238,0.827881,-249.893173,29.411314,-192.275986,-0.873291,1.366211,-0.252686,249.992355,-212.219223,54.199215
-0.406738,0.016113,1.238037,-249.992355,-23.597715,-199.630722,0.502197,1.769287,0.592529,249.992355,249.824509,-249.992355
-0.349365,2.06543,0.496826,-249.992355,127.593987,-174.514755,-1.862549,2.261963,-1.230957,-249.992355,17.662048,249.992355
-1.175049,-0.768066,2.312744,-96.603386,-203.376755,-152.076721,-1.904785,2.526611,-1.262451,-249.992355,-25.367735,249.992355
-1.680176,-0.73877,2.677979,-35.415649,-249.992355,-90.347282,-1.612061,2.540527,-1.002441,-249.992355,-51.48315,249.992355
-1.138916,-0.949951,2.888672,70.915222,-249.992355,-25.711058,-1.277588,2.868896,-0.512451,-249.992355,-120.559685,249.992355
-0.594971,-1.384277,2.362061,225.128159,-249.015793,20.217894,-0.928467,3.482178,0.057373,-249.992355,-218.658432,249.992355
-0.946777,-1.564941,1.801514,249.992355,-249.992355,38.68103,-0.406006,3.357178,0.29834,-249.992355,-249.984726,249.992355
-1.68457,-1.49585,1.440918,249.992355,-249.992355,84.854118,-0.387695,1.882813,0.171631,249.992355,249.992355,-249.992355
-2.118408,-0.677246,1.716309,249.992355,-211.044296,159.690857,-0.428467,1.745361,0.362305,-249.992355,-249.992355,249.977097
-1.936768,0.30542,1.75708,249.992355,-111.709587,231.292709,-0.240479,1.465088,0.496338,-249.992355,-249.397263,249.992355
-1.124268,1.08374,1.329102,249.992355,-45.051571,249.992355,0.318848,1.26709,0.758057,-249.145493,-249.992355,249.992355
-0.239014,1.651611,0.951904,249.992355,-11.344909,249.992355,0.820557,0.56665,1.243164,-249.755844,-249.992355,248.893723
-0.490967,-0.425537,1.783691,-213.77562,-98.220818,-195.945724,-0.364014,2.41333,0.369873,-249.977097,-249.992355,249.992355
0.525879,3.288818,-0.530518,249.992355,204.132065,-109.184258,1.500977,0.068115,2.439941,-220.222458,-132.392883,249.992355
0.473633,2.531494,0.239746,248.825058,249.992355,67.810059,2.381592,-0.074219,2.963867,-104.454033,32.417297,200.195297
0.605225,2.037598,0.432861,247.779831,249.977097,171.951279,2.323486,-0.025146,3.250244,16.326904,164.886459,63.041683
0.665039,1.72998,0.170898,249.992355,248.725876,192.581161,1.065674,0.068848,3.003174,169.624313,156.082153,-65.063477
1.263428,0.714355,-0.129883,249.992355,222.434982,249.992355,1.021973,-0.29834,2.29248,248.764023,155.11322,-172.927841
0.618896,1.039551,-0.211426,249.93895,249.992355,194.175705,1.47583,-0.674316,1.612793,249.992355,240.028366,-181.144699
0.911377,0.602539,-0.218262,249.992355,249.969467,196.525558,1.763672,-0.583496,1.616943,249.992355,249.992355,-153.961182
1.233154,0.448975,-0.136963,249.992355,249.992355,241.699203,2.045654,0.070068,1.733398,249.992355,249.992355,-222.572311
0.614746,1.452881,-0.018555,249.992355,249.992355,203.613266,1.856201,0.774414,1.458496,249.992355,249.992355,-249.992355
-0.942871,4.621826,-1.835449,174.919113,-8.201599,-179.649338,1.145996,1.33252,0.994141,249.992355,249.93132,-249.992355
0.597412,3.461182,0.773193,-249.992355,249.992355,91.26281,1.045898,0.26709,1.807617,-249.992355,-226.531967,249.992355
-1.091309,7.237305,-3.544678,-134.880066,-220.977768,-201.484665,-0.373535,1.920166,-0.872314,249.992355,-176.506027,-29.556273
1.754395,7.999756,-6.127197,-249.992355,-249.992355,-246.223434,-0.224609,1.382324,-0.728516,249.992355,-246.871933,-67.901611
3.10376,7.999756,-7.203125,-249.992355,-249.992355,-249.992355,-0.227783,1.112793,-0.496582,249.992355,-249.992355,-116.104118
3.050781,6.651367,-3.155273,-249.992355,-26.977537,-210.288986,-0.307861,0.905762,-0.320557,249.992355,-249.008163,-148.246765
2.194824,5.434326,-0.816162,-249.992355,138.221741,-98.609917,-0.71875,0.446533,-0.431641,249.992355,-227.134689,-206.83287
1.530762,4.728027,0.249512,-249.992355,198.677048,-27.252195,-0.502686,0.462891,-0.253906,249.992355,-249.992355,-170.890793
0.956299,4.220703,0.826416,-249.992355,219.360336,2.296448,-0.63501,0.308594,-0.313232,249.992355,-249.984726,-180.938705
0.844971,3.712891,0.98584,-249.992355,232.391342,19.577026,-0.726074,0.306396,-0.373047,249.992355,-249.992355,-196.50267
0.904785,3.479492,0.878418,-249.992355,247.749313,44.761654,-0.390137,0.685059,-0.230957,249.992355,-249.793991,-163.520798
0.822266,3.513672,0.79248,-249.992355,249.587997,74.661255,-0.556152,2.583984,-0.789551,249.992355,-117.683403,-14.900207
0.952148,1.066895,-0.144287,248.04686,118.820183,249.55748,-0.12793,3.807617,-0.411865,-249.992355,6.744384,-30.807493
-0.624512,-0.111816,1.438232,27.587889,-83.518974,1.960754,-0.240479,3.237549,-0.417725,249.992355,-22.796629,13.435363
0.560303,1.232666,-0.014893,219.528183,25.81024,244.430527,0.361816,3.527588,-0.551025,249.992355,47.134396,-4.356384
0.12085,1.898193,0.087158,249.992355,-231.16301,119.926445,0.771973,3.355469,-0.807129,242.080673,147.109985,11.123656
0.065674,1.313721,0.08252,171.371445,-64.125061,194.732651,0.433105,2.621826,-0.966064,226.661667,249.992355,69.473267
0.342041,3.306885,0.66333,-249.992355,249.992355,96.618645,0.682861,3.199463,-0.989502,229.179367,224.929794,2.494812
-0.419922,-0.213867,1.408936,126.976006,-69.67926,14.038085,-2.257568,5.944336,-1.713135,112.67852,112.266533,-2.227783
-0.476318,-0.333008,1.246582,224.716171,-35.736084,10.498046,-1.035156,7.999756,-5.829102,-202.537521,-23.895262,-53.581234
-0.580322,-0.250244,1.07251,249.992355,-9.902954,7.568359,-0.395996,7.000977,-6.055176,-249.992355,-64.109802,-47.424313
-0.733643,0.03125,1.100342,249.992355,4.585266,13.793944,-0.553711,4.116455,-2.069336,-249.992355,-75.317383,-8.865356
-0.885254,0.421631,1.09375,249.992355,2.510071,31.326292,-0.287354,3.688721,-0.490479,-249.992355,-56.846615,-46.905514
-0.711426,0.829834,0.966309,249.992355,-26.161192,52.764889,-0.633545,0.616455,-0.343506,249.992355,-139.541626,-204.185471
-0.35498,1.193115,0.694092,249.992355,-65.048218,64.468384,-0.497803,2.953369,-0.544678,249.778732,-76.416016,0.427246
-0.173584,1.505615,0.414795,249.992355,-95.626823,73.280334,-0.603027,0.725586,-0.202637,248.870834,-73.219299,-194.389328
-0.036377,1.719727,0.249512,249.992355,-126.594536,80.497734,-1.09668,2.022705,0.082764,249.992355,158.790588,-249.992355
0.286621,1.270752,0.064209,186.630234,-29.090879,212.203964,-0.771484,0.895508,-0.112549,241.607651,-21.118162,-188.995346
0.029297,1.964844,0.128418,249.992355,-160.53772,86.730949,-0.179199,3.664795,-0.49707,-249.992355,61.996456,4.78363
0.031738,2.04126,0.133057,249.992355,-218.742355,108.665459,0.644043,0.359863,1.688721,108.283989,132.316589,-120.460503
0.136475,1.878906,0.034668,249.992355,-231.819138,128.494263,0.717041,-0.022949,1.618408,174.423203,167.861923,-146.072388
0.175293,1.924072,0.085205,249.908432,-224.73143,140.419006,0.893066,-0.218262,1.353271,200.256332,220.428452,-152.801514
0.234375,1.934082,0.213379,249.55748,-213.302597,161.560043,0.995605,-0.305908,1.219238,246.337875,248.458847,-166.320786
0.248047,1.851318,0.311523,249.992355,-203.987106,186.149582,1.121582,-0.101807,1.143555,249.992355,249.992355,-197.395309
0.176025,1.707031,0.34668,248.611435,-192.588791,206.123337,1.158203,0.425293,1.078125,249.992355,245.468124,-240.913376
0.140137,1.586182,0.337158,216.514572,-172.462448,221.504196,0.695557,0.919189,0.879639,249.992355,196.2509,-249.992355
0.138184,1.50708,0.300537,186.004623,-143.630981,229.484543,-0.042725,1.248047,0.339844,249.992355,159.317017,-249.992355
0.018311,1.448242,0.266846,171.218857,-112.350456,221.397385,-0.643555,1.471436,-0.134277,249.992355,143.218994,-249.992355
-0.074951,1.365723,0.176514,167.381271,-87.829582,202.590927,-0.668213,0.802246,-0.150146,243.453964,-40.588375,-188.751205
0.007324,2.12793,0.132568,249.992355,-194.725021,95.863335,-1.020752,1.611572,-0.222168,249.992355,131.202698,-249.992355
0.29541,2.996582,0.46875,-249.992355,231.491074,107.078545,-1.173828,1.867676,-0.020752,249.992355,133.56781,-249.992355
0.098389,1.563965,0.148193,-249.992355,32.165527,-8.255005,-1.12207,2.062988,0.175293,249.992355,177.024826,-249.992355
0.179688,2.197021,0.244385,-249.992355,173.988327,115.631096,-1.385742,2.084473,0.100342,249.992355,174.362167,-249.916061
-0.825684,-1.027832,1.595215,41.252132,-249.420151,60.989376,-1.517334,2.091553,-0.090576,249.992355,152.679443,-249.824509
-0.785645,-1.87085,2.036377,147.605896,-249.992355,70.259094,-1.320068,1.944092,-0.097168,249.992355,118.965141,-249.992355
-0.814453,-1.943359,1.976807,211.494431,-240.997299,72.715759,-1.135254,1.673584,-0.0271,249.900803,84.739677,-247.604355
-0.987793,-1.289063,1.561035,225.097641,-178.131088,106.12487,-1.122559,1.391846,0.047363,249.992355,62.70599,-230.216965
-1.305176,-0.711426,1.273438,222.450241,-124.290459,157.348633,-1.06958,1.209473,0.103271,249.992355,43.586727,-216.346725
-1.434326,-0.260254,1.052734,219.528183,-64.422607,179.885849,-0.954102,1.126221,0.060791,244.789108,18.234253,-203.605637
-1.224854,0.105469,0.615234,221.473679,-6.996154,203.201279,-0.856689,1.010986,-0.02417,242.515549,-4.66156,-193.298325
-0.611328,0.387939,0.322998,230.697617,22.91107,233.962997,-1.219727,1.720703,-0.15332,249.992355,125.305168,-249.992355
-0.129395,0.609619,0.108643,236.595139,26.870726,249.412521,-0.721191,3.280029,-0.273926,-249.992355,90.88134,40.596004
0.14209,1.080566,-0.084961,224.441513,22.735594,249.992355,-0.99292,2.885986,0.16333,-249.992355,95.42083,44.609066
0.273926,1.429688,-0.05542,208.381638,18.348694,249.992355,-0.764404,1.130127,0.182373,234.321579,-146.247864,-249.877914
0.407959,1.746338,-0.017822,201.072678,13.603209,249.992355,1.690186,-0.435059,1.392578,-88.829033,249.992355,-30.830381
0.440918,1.932617,0.025635,203.933701,7.568359,249.992355,1.522705,-0.868652,1.874756,16.487122,249.992355,-69.328308
0.376221,1.933105,0.087891,205.139145,0.144958,249.992355,1.458984,-1.0,1.908447,134.849548,240.295395,-144.813538
0.267578,1.821045,0.166748,197.311386,-11.116027,249.992355,1.369141,-0.606934,1.440674,127.04467,242.713913,-197.555527
0.184326,1.773682,0.2146,183.128342,-23.216246,249.992355,1.487305,-0.293701,1.033691,103.996269,249.580368,-208.48082
0.233398,1.776123,0.237549,163.223251,-32.63092,249.992355,1.654053,-0.187256,0.810303,158.821106,249.992355,-233.352646
0.290771,1.733398,0.226563,139.984131,-33.988953,249.992355,1.545654,0.054199,0.724121,179.74852,244.697556,-249.992355
0.321045,1.632568,0.214111,124.389641,-27.389524,249.992355,0.991943,0.401855,0.409912,138.053894,204.269394,-249.992355
0.381104,1.509521,0.187988,128.868103,-13.290404,249.908432,0.236084,0.713379,-0.158447,100.028984,177.749619,-249.992355
0.292969,2.542236,0.321045,-249.992355,200.279221,114.974968,-0.422607,0.872803,-0.283203,92.994682,170.135483,-249.992355
-1.083984,-0.174072,1.13623,-53.970333,-249.67955,20.492552,1.742432,-0.251221,0.850342,-152.481079,248.863205,14.122008
-1.209717,0.020264,0.77002,-138.420105,-249.992355,-16.563416,-0.811279,0.982178,-0.262451,88.218681,146.522522,-249.992355
0.058838,0.803223,-0.040771,235.290512,24.482725,249.992355,-1.211914,1.337402,-0.291016,84.877007,53.25317,-249.992355
-0.948242,-0.039795,0.240479,-249.992355,-249.992355,-10.711669,-1.244141,1.617188,-0.18042,99.029533,7.217407,-249.992355
-1.071777,-0.116211,0.450684,-225.662216,-249.992355,-28.793333,-1.042236,1.728027,-0.029297,100.624077,-30.654905,-249.992355
0.212891,1.739502,0.36377,-249.992355,116.828911,92.750542,-0.858643,1.606445,0.043945,99.868767,-56.739803,-249.992355
0.185547,1.498779,0.290283,-249.992355,97.984306,72.57843,-0.862061,1.512207,0.077393,115.364067,-72.08252,-249.992355
0.058105,1.384033,0.214355,-249.992355,84.907524,55.007931,-0.914551,1.546631,0.10376,133.224487,-87.867729,-249.992355
0.026123,1.359131,0.190918,-249.992355,77.476501,34.133911,-0.969238,1.54834,0.158447,143.249512,-104.347221,-249.992355
0.040039,1.329346,0.200439,-249.992355,78.132629,17.524719,-1.005127,1.428711,0.217041,154.48761,-116.744987,-249.992355
0.157715,1.987305,0.286133,-249.992355,144.927979,108.5205,-0.923096,1.272217,0.246582,177.23082,-128.730774,-249.992355
0.006592,1.319824,0.191895,-249.992355,88.569633,-9.19342,-0.819092,1.165527,0.263184,210.655197,-138.09967,-249.992355
0.039063,1.298828,0.197998,-249.992355,80.886833,-17.906189,-1.039551,1.116699,-0.287842,78.544617,102.691643,-249.992355
0.061768,1.284668,0.203857,-249.992355,66.558838,-16.487122,1.462158,-0.313232,0.297852,-216.262802,219.345078,65.055847
0.063721,1.38623,0.174805,-249.992355,50.094601,-12.260436,-0.945801,2.466064,0.261475,-249.992355,102.165215,34.65271
0.039307,1.309082,0.215332,-249.992355,84.297173,5.447387,0.726074,0.083008,-0.116943,-249.992355,154.541016,121.406548
-0.835693,0.182617,0.184082,-249.977097,-249.992355,12.603759,-0.664307,2.074707,0.167969,-249.992355,130.2948,34.187317
-0.006836,1.411621,0.124512,-249.992355,-16.571045,23.223875,-0.400635,1.750977,0.023438,-249.992355,162.170395,39.680481
-0.208252,1.421387,0.162842,-249.992355,-69.259644,50.697323,-0.362305,1.547852,0.024658,-249.992355,178.115829,51.803585
-0.30127,1.454834,0.25,-249.992355,-137.451172,88.86718,-0.52417,1.472412,0.129639,-249.992355,172.378525,80.627434
-0.361328,1.530273,0.380127,-249.992355,-191.383347,112.098686,-0.634277,1.505371,0.207031,-249.992355,148.674011,113.56353
-0.229736,1.559326,0.458984,-249.992355,-225.578293,56.40411,-0.641846,1.544922,0.167969,-249.992355,113.754265,141.830444
-0.446289,1.276367,0.445557,-249.984726,-249.992355,78.529358,1.05542,-0.181641,-0.031982,-249.992355,178.100571,102.188103
-0.427246,1.049561,0.332275,-249.992355,-249.992355,74.752808,-0.638916,1.523193,0.276367,-249.992355,43.869015,183.578476
-0.617432,0.696777,0.235352,-249.992355,-249.992355,50.216671,-0.609863,1.473145,0.385986,-249.992355,8.453369,203.521713
-0.757813,0.400146,0.174805,-249.320969,-249.992355,31.616209,-0.552002,1.420654,0.55127,-249.992355,-32.791138,201.522812
0.073975,1.513184,0.114014,-249.992355,13.153075,3.990173,-0.545898,1.415039,0.646484,-249.992355,-74.310303,193.840012
0.277832,1.645752,0.078369,249.771103,-54.054256,230.926498,-0.626465,1.53418,0.207764,-249.992355,78.132629,162.139877
0.296875,1.754883,0.133789,245.574936,-64.407349,231.849655,-0.584717,1.540283,0.553467,-249.992355,-121.864311,190.101608
0.303711,1.916748,0.253174,244.987473,-72.982788,231.842026,-0.563477,1.486328,0.65625,-249.992355,-106.552116,190.322861
0.271484,2.02002,0.356934,249.992355,-76.522827,235.160812,0.148438,0.541992,-0.060547,-249.992355,103.309624,148.628235
0.022217,1.177002,0.508057,249.992355,-14.739989,225.10527,-0.0896,0.680664,0.207031,-249.992355,84.396355,163.940414
0.148193,1.726074,0.342041,249.900803,-52.696224,241.592392,-0.159424,0.85376,0.351807,-249.984726,67.9245,185.333237
0.171387,1.491699,0.296387,249.992355,-34.423828,239.021286,-0.1604,1.161377,0.401611,-249.992355,52.993771,209.73204
0.233887,1.340088,0.306152,249.992355,-24.986265,235.687241,0.456055,0.331787,-0.182373,-249.229416,126.968376,134.780884
0.223145,1.279541,0.352783,249.992355,-22.438047,230.895981,-0.115479,1.689697,0.097656,-249.992355,-21.52252,221.83989
0.208252,1.930664,0.37793,249.992355,-69.374084,240.715012,-0.231445,1.672363,0.017822,-249.992355,-77.194214,208.47319
0.288574,1.580322,0.048584,249.992355,-39.039612,230.743393,-0.411621,1.635986,0.21582,-249.992355,-112.358086,182.823166
0.0979,0.881348,-0.51416,227.24913,-1.220703,115.737907,-0.547607,1.57251,0.448486,-249.992355,-122.276299,184.440598
0.398438,1.51001,0.026611,249.992355,3.211975,230.323776,-0.169189,1.508545,0.312988,-249.992355,26.794432,222.579941
0.423828,1.477295,0.013184,249.839767,22.743223,229.469284,-0.735352,1.429688,-0.303955,153.678894,224.388107,-249.992355
0.416748,1.46582,-0.02124,249.992355,34.912109,230.773911,-1.02417,1.544434,-0.276123,148.208618,214.790329,-249.992355
0.404541,1.494629,-0.058105,249.992355,35.568237,234.840378,-1.159668,1.648193,-0.18335,146.66748,193.023666,-249.992355
0.414795,1.530029,-0.087402,242.454514,29.304502,235.076889,-1.229248,1.726074,-0.125244,149.757385,167.800888,-249.992355
0.451416,1.512207,-0.17041,229.705795,25.901793,222.267136,-1.184082,1.801758,-0.114014,150.405884,149.749756,-249.992355
0.410889,1.415039,-0.261963,218.978867,27.900694,198.638901,-1.021729,1.817139,-0.083984,144.866943,136.833191,-249.992355
0.252686,1.259277,-0.314209,212.745651,25.650023,171.234116,-1.107666,1.752686,-0.008545,140.99884,118.011467,-249.992355
0.101074,1.048096,-0.374512,219.123825,13.610839,143.249512,-1.429932,1.701172,0.126953,147.102356,72.868347,-249.992355
-0.534668,0.911377,0.854004,249.992355,7.67517,210.456833,-1.499512,1.655273,0.215332,155.090332,-12.931823,-249.992355
0.357178,1.540771,0.027832,249.992355,-19.233704,230.65947,-1.39624,1.495361,0.24292,164.993271,-104.064934,-249.992355
-1.319092,0.46875,1.175537,249.992355,31.440733,180.244431,-0.842773,0.04834,-0.308105,249.992355,-249.992355,-68.092346
1.172852,2.112061,0.35083,-249.992355,-116.226189,-226.257309,-1.160156,1.175293,0.031494,204.109177,-209.876999,-249.992355
-1.203857,-0.548828,0.920166,249.992355,-41.41235,114.593498,-1.04834,1.132324,0.033447,212.959274,-236.587509,-249.992355
1.001221,1.842773,0.4104,-249.992355,-198.570236,-245.864853,-1.002197,1.126465,0.009766,204.971298,-249.04631,-249.893173
0.197021,0.800781,-0.644775,223.205551,-7.614135,86.97509,-0.9729,1.045898,0.01709,200.41655,-249.992355,-249.93895
1.086182,2.411377,0.322998,-249.992355,-20.378111,-210.838303,-0.884766,0.920898,-0.009033,219.703659,-249.992355,-249.992355
0.842041,2.468018,0.328369,-249.992355,66.764832,-203.948959,-0.795166,0.800293,-0.137207,239.212021,-245.086655,-246.261581
0.601318,2.208008,0.306152,-249.992355,131.80542,-199.40184,-0.82373,0.652832,-0.30542,219.215378,-239.242538,-218.383774
0.235107,2.006836,0.274658,-249.992355,170.898422,-188.163742,-0.887939,0.505127,-0.427979,201.17186,-246.673569,-166.51915
-0.257568,2.043213,0.360352,-249.992355,171.31041,-170.80687,-0.959229,0.347656,-0.422363,235.542282,-249.992355,-125.228874
-0.327148,1.829346,0.409424,-249.992355,140.380859,-183.456406,-0.952148,0.156982,-0.366455,249.992355,-249.992355,-105.018608
-0.328369,1.489502,0.2771,-249.977097,108.680717,-193.588242,-0.134033,1.312744,-0.039795,158.058167,231.933578,-249.992355
-0.122559,1.245361,0.126953,-249.992355,73.806763,-212.249741,-1.292236,1.309814,0.12793,183.288559,-168.670639,-249.992355
-0.092041,0.925781,-0.040527,-249.992355,41.984554,-218.528732,0.666504,1.112549,0.456299,165.458664,249.496445,-249.992355
-0.162842,0.713867,-0.052246,-249.122604,8.880615,-208.068832,0.494873,0.394531,0.135986,-249.992355,-140.808105,195.37352
-0.229492,0.608154,0.116943,-249.992355,-29.594419,-190.856918,1.167969,0.315186,0.74585,235.893234,249.710068,-246.505722
-0.314453,0.385986,0.440186,-249.992355,-80.879204,-171.607956,-0.733398,0.158691,-0.222656,249.992355,-249.870285,-26.847837
-0.402588,0.151123,0.857666,-218.124374,-129.15802,-152.755737,-0.956787,2.039551,-0.046387,-249.992355,-158.599854,249.992355
-0.528076,-0.133057,1.239502,-111.328117,-167.442307,-142.631531,-0.926514,2.031006,-0.155762,-249.992355,-183.418259,249.992355
-0.926758,-0.531738,1.606201,-14.533996,-207.97728,-118.60656,-0.754883,2.018799,-0.135498,-249.992355,-188.44603,249.992355
-1.535889,-0.796387,1.8479,62.133785,-244.537338,-52.444454,-0.558594,1.963623,-0.025635,-249.992355,-178.665146,249.992355
-1.629395,-0.691406,1.791504,108.27636,-249.328598,10.467528,-0.4375,1.908691,0.11084,-249.992355,-162.872299,249.992355
-1.002441,-0.682129,1.547852,151.031494,-249.992355,21.362303,-0.338867,1.814697,0.276367,-249.992355,-150.283813,249.992355
-0.426514,-1.009033,1.333496,217.758163,-243.011459,24.452208,-0.366943,1.616699,0.373535,-249.992355,-144.004822,249.992355
-0.38208,-1.203857,1.237549,249.992355,-173.645004,49.995419,-0.492432,1.335938,0.379639,-249.992355,-140.487671,249.80925
-0.742188,-0.968506,0.947998,249.992355,-99.266045,83.297722,-0.483154,1.01416,0.324951,-249.984726,-141.075134,249.992355
-1.633301,-0.048828,1.125,249.992355,14.366149,144.432068,-0.326416,0.791016,0.129883,-249.992355,-144.348145,249.992355
0.256592,0.743896,-0.682129,212.242111,2.426147,61.294552,-0.186768,0.692139,0.006592,-249.992355,-139.533997,240.928635
-0.471191,2.680908,0.414307,249.992355,-133.56781,-9.819031,0.12207,0.55542,0.007813,-249.160751,-136.421204,218.887314
0.526611,0.64624,-0.580811,242.996201,69.610596,39.726257,0.807617,0.171387,0.366455,-249.992355,-147.018433,165.077194
0.063721,1.181396,0.393066,-249.992355,-136.550903,-56.999203,1.056885,-0.082031,0.696777,-206.977829,-146.530151,121.208183
0.195068,1.163818,0.409424,-249.992355,-144.40155,-82.328789,1.243652,-0.288818,1.088135,-132.095337,-128.288269,76.370239
0.281494,1.211914,0.467285,-249.992355,-146.842957,-107.498161,1.449463,-0.304688,1.445801,-66.085815,-87.211601,51.338192
0.319092,1.308594,0.442139,-249.992355,-145.935059,-131.790161,1.62085,-0.074951,1.643799,-31.486509,-28.175352,17.440796
0.392822,1.427734,0.363037,-249.992355,-139.312744,-152.412415,1.385254,0.053955,1.642578,0.747681,29.495237,-39.69574
0.466797,1.571777,0.270996,-249.992355,-122.344963,-161.506638,0.854736,-0.088623,1.553711,62.492367,92.117302,-92.994682
0.560303,1.733887,0.218262,-249.992355,-94.543449,-155.601501,0.672852,-0.313721,1.357178,147.041321,179.038986,-142.097473
0.639404,1.859619,0.218262,-249.992355,-52.024837,-144.058228,0.797607,-0.327393,1.088867,221.343979,244.026169,-182.907089
0.642822,1.911377,0.28833,-249.992355,-1.00708,-131.187439,0.959717,-0.057861,0.829102,249.992355,249.954208,-214.172348
0.351074,0.707031,-0.696533,216.079697,29.388426,43.395992,1.098633,0.714111,0.790283,192.459091,249.992355,-249.992355
-0.005127,1.238281,0.456055,-249.992355,-119.964592,-28.32794,-0.669922,0.405029,-0.130371,249.992355,-249.618515,-9.117126
0.156494,1.923584,0.595947,-249.992355,79.101563,-101.631157,-1.062256,7.665039,-5.327393,-249.992355,166.885361,56.930538
-0.177979,1.649902,0.513916,-249.992355,65.841675,-68.710327,-0.807373,0.917969,-0.264893,249.992355,-246.856674,-19.14978
-0.052734,1.365967,0.408691,-249.977097,34.65271,-77.415466,-0.837158,1.962646,-0.037598,-249.992355,48.568722,202.316269
-0.097656,1.11377,0.249756,-249.992355,9.140015,-85.617058,-0.62915,1.925781,0.074951,-249.992355,12.08496,217.086777
-0.240234,0.879639,0.182129,-249.992355,-14.701842,-85.166924,-0.545898,1.824463,0.230225,-249.992355,-16.067505,225.288376
-0.345215,0.719482,0.26709,-248.886093,-40.100098,-77.552795,-0.502686,1.753418,0.344971,-249.992355,-38.154602,238.456711
-0.457764,0.524902,0.481445,-249.992355,-52.291866,-70.3125,-0.500488,1.795654,0.43457,-249.992355,-54.862972,249.42778
-0.537598,0.23291,0.80835,-249.992355,-57.220455,-67.459106,-0.507568,2.019287,0.431152,-249.992355,-70.396423,249.992355
-0.594971,-0.08667,1.197998,-202.224716,-62.744137,-56.488033,-0.484619,2.118164,0.300537,-249.992355,-93.948357,249.992355
-0.710205,-0.218018,1.494385,-114.723198,-64.64386,-41.610714,-0.516846,1.927002,0.278076,-249.992355,-121.635429,249.992355
-0.829834,-0.154541,1.533936,-44.380184,-66.719055,-30.815123,-0.51001,1.751709,0.19458,-249.992355,-138.038635,249.755844
-0.171143,1.864014,0.594238,-249.992355,85.449211,-80.215454,-0.710205,0.667236,-0.149902,249.992355,-249.992355,-9.239197
-0.074951,1.310059,0.460693,-249.992355,-87.09716,-5.1651,-1.044189,1.901611,-0.13501,-249.992355,85.182182,181.877121
0.498291,1.93457,0.459473,-249.992355,46.424862,-117.774956,-0.260986,1.281494,0.100098,-249.992355,-145.942688,249.992355
-0.019287,1.268555,0.308594,-249.992355,-15.670775,14.068603,-0.198486,0.837402,-0.015869,-249.992355,-162.551865,214.942917
-0.095703,1.322021,0.381348,-249.992355,-47.523495,5.210876,-0.207031,0.636719,-0.049805,-249.992355,-169.16655,193.405136
0.68457,0.705811,-0.445557,249.992355,128.295898,64.39209,-0.087158,0.4375,0.027832,-249.992355,-167.892441,173.31694
0.779541,0.902832,-0.276611,249.992355,207.740768,122.00927,0.114258,0.322754,0.174561,-249.595627,-154.960632,151.786804
0.899658,1.230469,-0.02002,249.992355,249.221786,184.03624,0.332764,0.235107,0.435547,-249.389633,-130.622864,126.380913
1.093506,1.837402,0.23877,249.992355,249.992355,220.245346,0.543945,0.140869,0.7146,-249.992355,-103.775017,98.274223
1.119385,2.663818,0.264893,249.992355,249.565109,226.24968,0.785889,0.098145,0.993408,-238.143906,-71.128845,72.517395
0.137207,3.567139,0.098633,249.877914,249.992355,203.422531,1.038818,0.11084,1.263916,-158.905029,-20.439146,38.124084
-0.383545,4.032471,0.274902,249.992355,241.653427,232.185349,1.085205,0.227295,1.548584,-69.366455,45.654293,-20.805357
-0.697021,5.088379,0.559326,249.595627,110.733025,225.059494,0.821533,0.452393,1.657471,14.122008,102.264397,-79.269409
-0.258789,4.456055,0.650879,242.691025,-32.714844,79.994202,-0.223877,1.029297,0.055664,-249.992355,-151.741028,238.510117
-0.294678,4.537598,-0.283203,249.992355,-149.726868,55.320736,-1.050049,1.759521,-0.400146,-249.992355,114.715569,158.050537
0.696533,3.307129,0.215576,249.969467,248.291,212.318405,-0.378906,1.562256,0.151367,-249.992355,-143.249512,249.992355
1.502197,7.969238,-6.778564,-249.992355,-75.050354,-66.932678,-0.564209,1.449463,-0.598145,-249.992355,150.543213,100.20446
1.636963,7.999756,-3.26001,-133.522034,-81.069939,-51.353451,-0.877686,1.583984,-0.601563,-249.992355,140.365601,130.722046
0.253906,1.318115,0.087646,-249.992355,27.19879,18.516541,-0.962158,1.1875,-0.410889,249.992355,-215.339645,-34.057617
0.203369,1.555664,0.097412,-249.992355,48.667904,42.572018,-1.107666,1.579834,-0.34375,249.992355,-194.549545,-52.299496
-0.020264,1.94165,0.08667,-249.992355,91.331474,81.199638,-1.116699,2.092285,-0.208984,249.992355,-207.008347,-75.538635
-0.013428,2.264404,0.322754,-249.992355,155.593872,116.470329,-1.021484,2.586914,-0.127197,249.961838,-240.692123,-91.232292
0.11499,1.245605,0.168457,-249.992355,9.971619,16.563416,-0.733154,2.915527,-0.186279,249.992355,-249.992355,-120.300285
0.706787,3.168945,-0.3396,-249.992355,249.992355,159.40094,-0.3396,3.170898,-0.320557,249.992355,-249.992355,-162.658676
1.371826,4.502197,-2.010254,-249.992355,206.33696,135.2005,0.769287,3.516113,-0.405273,247.650131,-104.759209,-77.835083
2.328369,5.653076,-4.967529,-249.992355,8.079529,71.06781,1.264648,3.217285,-0.415283,249.992355,66.757202,-70.861816
0.337646,2.52417,0.450195,-249.992355,218.666061,147.354126,1.118164,4.144775,-0.087158,212.402328,201.850876,-84.297173
-1.139404,-0.763672,1.611328,-189.971909,-120.071404,-5.477905,-0.876953,6.451172,-1.702881,-89.591972,222.419724,44.044491
0.161621,1.650146,0.291992,-249.992355,114.616386,-224.937424,0.214844,3.573486,-0.327881,248.680099,-220.085129,-147.392273
-0.004639,1.655518,0.351563,-249.992355,143.463135,-205.131516,-2.092041,4.93335,-3.909668,-249.992355,72.006226,-10.82611
0.018311,1.615967,0.42749,-249.992355,157.196045,-176.696762,-0.172363,1.372314,-0.1521,-249.992355,75.218201,60.18066
0.098145,1.447754,0.544922,-249.969467,154.86908,-144.065857,-0.236572,1.372314,0.009277,-249.992355,-10.31494,24.490355
0.120117,1.146729,0.549072,-249.992355,140.914917,-116.073601,-0.401611,1.498047,0.055176,-249.992355,-106.086723,6.118774
-0.076904,0.7771,0.562988,-249.992355,119.148247,-81.779472,-0.628174,1.846924,-0.12793,-249.992355,-171.623215,7.957458
-0.359131,0.515137,0.628174,-248.641953,81.214897,-43.655392,-0.274902,1.393311,-0.362793,-249.992355,130.722046,80.711357
-0.591553,0.210693,0.856934,-249.992355,29.014585,-25.856016,-0.661377,2.985596,-0.364502,-249.992355,-170.783981,-15.61737
-0.831055,-0.273193,1.197021,-249.992355,-37.628174,-12.367248,-0.905762,3.522705,-0.954346,-249.992355,-144.233704,-29.235838
-1.314453,-0.830078,1.973389,-89.149467,-210.61705,-0.473022,-1.5271,4.011719,-2.577148,-249.992355,-76.797485,-32.073975
0.374512,1.64502,0.230713,-249.992355,76.644897,-229.621872,-0.658203,2.385986,-0.259277,-249.992355,-186.080917,-1.754761
-0.838135,-0.295654,1.906982,16.868591,-249.366745,43.373104,1.66626,-0.062744,1.441895,-126.03759,-115.20385,79.421997
-0.480713,-0.428955,1.642578,103.332512,-249.992355,76.553345,-0.328857,0.998779,0.4646,-249.992355,-50.926205,249.992355
-0.415283,-0.502686,1.059326,186.706528,-242.11882,118.011467,-0.168213,0.772461,0.265137,-249.992355,-63.980099,249.649033
-0.526123,-0.364746,0.772461,197.380051,-176.452621,145.774841,-0.056152,0.601563,0.127686,-249.946579,-78.010559,249.992355
-0.692627,-0.05835,0.831299,150.108337,-101.730339,168.746933,-0.016846,0.492432,0.20459,-249.587997,-86.700432,249.992355
-0.741455,0.365723,0.7771,129.440308,-33.51593,194.503769,0.010742,0.409668,0.457031,-249.992355,-90.49987,235.229477
-0.59375,0.833252,0.491455,165.519699,12.565612,215.927109,0.228516,0.322754,0.673828,-249.778732,-107.955925,200.553879
-0.305908,1.239746,0.135986,218.948349,30.387877,226.989731,0.559082,0.230713,0.840088,-222.702011,-144.828796,160.53009
0.003662,1.473877,-0.074463,247.589096,38.261414,226.333603,0.809082,0.105713,1.070801,-187.881454,-173.522934,120.10955
0.18335,1.463379,-0.203857,249.992355,49.301144,216.621384,1.197998,-0.003418,1.265137,-155.433655,-169.876083,92.155449
-1.182861,-0.469238,2.013428,-34.622192,-249.42778,21.331785,1.803711,-0.150146,1.534668,-62.973019,-21.194456,64.781189
0.505859,1.610596,0.193848,-249.992355,27.503965,-227.859482,-1.153076,1.855225,-0.219727,192.642197,184.852585,-249.992355
0.218506,1.347168,-0.256592,249.992355,57.594296,208.22142,1.209473,0.00415,1.134033,55.816647,147.705078,-50.781246
0.518311,1.416748,0.368652,-249.992355,-94.795219,-218.902573,1.128418,-0.025879,0.959717,112.243645,234.825119,-111.54174
1.232666,4.252441,-2.453613,-249.992355,90.225212,69.839478,1.173828,-0.140625,0.890137,217.941269,249.992355,-183.616623
1.01709,3.784668,-1.773193,-249.992355,184.303268,108.001701,0.97998,0.084229,0.858398,249.992355,249.992355,-243.225082
0.7771,3.208252,-1.17749,-249.992355,234.123215,125.129692,0.916992,0.473877,0.780029,249.992355,249.656662,-249.992355
0.533691,2.760254,-0.552246,-249.992355,240.806564,131.851196,1.04541,0.820068,0.641113,204.116806,249.992355,-249.992355
0.286377,2.501465,-0.076904,-249.992355,207.97728,134.490967,0.623047,1.217041,0.432129,187.194809,249.992355,-249.992355
0.117676,2.380859,-0.009033,-249.992355,151.947021,126.472466,-0.209961,1.541748,-0.015137,187.332138,236.70195,-249.992355
0.023682,2.294189,-0.105469,-249.992355,93.681328,111.984245,-0.854004,1.705078,-0.224609,186.653122,204.376205,-249.992355
0.036621,1.975098,-0.145996,-249.992355,44.784542,95.382683,-0.463135,1.262939,0.587891,-249.992355,-48.774715,249.992355
0.041504,1.541992,-0.01123,-249.900803,1.152039,80.093384,1.589111,-0.155029,1.413086,19.416809,61.897274,17.807007
-0.069092,1.259766,0.11084,-249.992355,-41.275021,63.240047,-0.486084,1.494141,0.818604,-249.992355,-49.667355,249.992355
0.505615,1.502197,0.219971,-249.992355,-31.295774,-223.34288,-1.293701,2.066162,-0.185059,198.692307,173.263535,-249.992355
-0.17041,1.177734,0.165771,-249.992355,-88.806145,47.180172,-0.42627,1.622314,0.693604,-249.992355,-45.783993,249.992355
-0.2771,1.346924,0.262939,-238.838181,-186.706528,-2.670288,-1.547607,4.101318,-4.391846,-249.992355,26.542662,57.830807
-0.203369,1.43335,0.311523,-242.340073,-222.358688,-34.408569,-0.948975,3.468262,-2.619385,-249.992355,-48.454281,19.920349
-0.050049,1.307617,0.457275,-245.933517,-243.988022,-62.881466,-0.568604,3.125977,-1.573486,-249.992355,-65.734863,10.345458
0.031494,1.099609,0.593018,-243.499741,-249.992355,-87.905876,-0.410645,2.788086,-1.254883,-249.992355,-59.730526,26.420591
0.03125,0.980957,0.614746,-241.424545,-246.185287,-109.672539,-0.506104,2.350098,-1.068115,-249.992355,-38.093567,52.658077
0.03833,0.97998,0.592285,-245.582565,-240.783676,-130.271912,-0.633057,1.929443,-0.462891,-249.992355,-6.118774,70.808411
0.041992,1.067383,0.572998,-249.992355,-240.699753,-153.312683,-0.598145,1.69873,-0.080566,-249.992355,14.961242,60.737606
0.119873,1.199219,0.588379,-249.992355,-233.131393,-179.809555,-0.612061,1.625977,0.006104,-249.992355,32.844543,50.415035
0.255371,1.320557,0.569824,-249.992355,-202.232346,-200.15715,-0.527344,1.611328,-0.179199,-249.992355,51.727291,55.038448
0.432861,1.385986,0.499268,-249.992355,-153.739929,-211.761459,-0.432617,1.560303,-0.287109,-249.992355,76.507568,64.849854
-0.240234,1.225342,0.214355,-246.314987,-139.602661,26.626585,-0.421875,1.507324,-0.089355,-249.992355,103.027336,85.731499
0.186035,1.291992,-0.274414,249.992355,56.625362,204.0634,-0.476318,1.516357,0.224609,-249.992355,128.494263,113.69323
0.185303,1.380859,-0.299561,249.992355,48.400875,206.939682,-0.526367,1.578369,0.439941,-249.992355,140.708923,140.296936
0.268799,1.536865,-0.314941,249.992355,36.2854,216.766342,-0.623047,1.624756,0.45752,-249.992355,138.870239,170.845016
-1.671875,5.075684,-3.107666,159.164429,-248.161301,-44.525143,-0.647705,1.638672,0.469727,-249.992355,127.746574,196.823105
-1.27124,5.922119,-4.297119,-147.903442,-247.558578,-5.310058,-0.625977,1.662842,0.462158,-249.992355,108.253471,218.208298
0.964355,5.997559,-6.336914,-249.992355,-249.992355,-7.843017,-0.658691,1.707275,0.518555,-249.992355,79.38385,241.600021
1.125732,4.074463,-7.734131,-213.26445,-194.015488,53.649899,-0.730469,1.725098,0.602051,-249.992355,37.42981,249.992355
0.813965,3.401367,-6.271484,-110.53466,106.811516,60.93597,-0.760254,1.673584,0.662354,-249.992355,-6.698608,249.992355
0.79126,3.666748,-3.34375,-117.691032,240.089401,68.946838,-0.71582,1.581055,0.590576,-249.992355,-38.475037,249.992355
0.722168,3.43042,-1.998047,-154.403687,249.992355,99.403374,-0.668945,1.495117,0.515381,-249.992355,-50.033566,249.992355
0.479248,3.31543,-1.005615,-209.907516,249.992355,141.334534,-0.509521,1.468018,0.511719,-249.992355,-49.163815,249.992355
0.023438,2.974609,-0.249512,-247.619614,225.10527,162.010178,-0.371338,1.513672,0.577148,-249.992355,-45.425411,249.992355
-0.295654,2.434326,-0.011719,-249.816879,138.053894,149.559021,-0.502197,1.646729,0.864746,-249.992355,-46.95129,249.992355
-1.489502,4.163086,-2.459961,249.992355,-155.380249,-110.076897,-1.565674,2.153076,-0.200928,210.601791,166.191086,-249.992355
-0.220703,1.976318,-0.14917,-249.755844,46.56982,113.929741,-0.944336,2.042969,0.037842,-249.992355,-118.301384,249.992355
-0.179199,1.602051,-0.081787,-244.39238,-125.335686,30.311583,-1.778809,2.021729,-0.078857,223.113998,139.221191,-249.992355
-0.162354,1.348145,0.082764,-216.552719,-204.391464,-8.468628,0.13623,5.143311,-1.295654,-63.110348,249.992355,27.57263
-0.106445,1.231445,0.112305,-211.257919,-247.703537,-50.842281,-1.302979,5.756348,-2.679932,-236.457809,249.992355,50.094601
-0.087158,1.292236,0.158691,-206.237778,-249.992355,-88.554375,-2.050049,5.101318,-4.457764,-249.992355,133.407593,27.976988
-0.079834,1.227051,0.245117,-192.054733,-249.992355,-113.822929,-2.157715,3.342773,-5.257568,-249.992355,-12.657165,-5.630493
0.126221,1.176758,0.26001,-195.083603,-249.992355,-141.937256,-1.456055,2.831787,-4.16333,-207.321152,-145.6604,-11.085509
0.369141,1.200684,0.350586,-214.218124,-249.992355,-171.150192,-1.061768,2.76123,-2.217773,-188.461288,-187.484726,-31.494139
0.479736,1.270508,0.404541,-241.981491,-249.900803,-197.441086,-0.75293,2.527344,-0.969238,-221.054062,-149.253845,-21.377562
0.470703,1.39209,0.38916,-249.992355,-249.290451,-221.023544,-0.430908,2.095459,-0.459717,-240.310654,-72.822571,-5.004883
0.54248,1.50415,0.406738,-249.992355,-249.992355,-244.148239,-0.407227,1.632813,-0.348389,-242.187485,-9.979248,3.684997
-0.176758,1.738037,-0.182373,-249.992355,-40.664669,71.418762,-0.402344,1.321289,-0.408936,-238.746628,28.20587,20.782469
-1.343018,3.124512,-1.80127,249.984726,130.41687,-149.078369,0.246826,4.645508,-1.209473,179.74852,183.403,4.631042
0.708008,1.650146,0.438477,-249.992355,-249.359116,-249.992355,-0.289063,1.140625,-0.614746,-238.685593,71.548462,38.955688
0.006348,2.737305,-0.803711,249.992355,249.992355,-108.970634,-0.345703,1.018799,-0.21875,-249.992355,238.449081,92.64373
0.366211,1.608398,-0.303711,249.740585,27.641294,223.655685,-0.533203,1.129883,-0.05249,-249.992355,249.992355,125.968925
0.456299,1.527588,-0.264648,249.710068,28.465269,221.565231,-0.813965,1.27832,-0.091797,-249.992355,249.443039,161.430344
0.532471,1.410156,-0.233398,249.992355,40.611263,214.759811,-1.017822,1.424072,-0.194336,-249.992355,249.603256,197.654709
0.527832,1.412354,-0.19458,241.99675,60.905453,209.281906,-1.186035,1.58252,-0.172363,-249.992355,249.992355,233.444199
0.488525,1.400146,-0.188477,199.569687,78.575134,209.915146,-1.293701,1.771973,-0.020996,-249.992355,231.704697,249.694809
0.458252,1.322266,-0.212891,172.599777,85.098259,210.647568,-1.167725,1.955811,0.048096,-249.992355,145.545959,249.992355
-0.700439,2.843506,-1.205811,247.482285,249.992355,-136.84845,-0.825928,2.031738,0.163818,-249.992355,59.532162,249.992355
0.459229,1.04248,-0.2229,179.107651,80.467216,197.616562,-0.63623,1.986084,0.312988,-249.992355,-15.762328,249.992355
0.440918,0.947754,-0.193115,185.806259,74.127197,192.626938,-0.807129,1.997314,0.21875,-249.992355,-72.357178,249.992355
0.440674,0.939941,-0.177979,187.133774,62.736507,187.423691,-0.297607,1.029785,-0.612793,-246.070847,156.867981,62.362667
0.482178,0.923584,-0.13501,189.407333,51.445004,169.647202,0.160156,4.069336,-1.075195,249.992355,15.182494,-37.223816
0.445801,1.184326,-0.23291,169.883713,84.480278,206.039413,-1.79834,2.137695,-0.162354,227.821335,156.326294,-249.992355
0.451904,0.833252,-0.083008,230.003342,60.165401,88.012688,-0.111816,2.936279,-0.940918,248.130783,-210.845932,-44.68536
0.437256,0.804443,-0.124756,247.66539,87.799065,39.466858,-1.656738,1.811035,0.046143,204.139694,107.025139,-249.992355
0.573975,0.785156,-0.143555,249.992355,146.79718,-7.492065,-1.669189,1.677979,0.134033,191.291794,53.306576,-249.992355
0.843262,0.758301,-0.178955,249.992355,228.248581,-47.470089,-1.716309,1.613525,0.163086,188.079819,-15.983581,-249.992355
1.042236,0.845459,-0.191162,249.992355,249.992355,-76.568604,-1.615723,1.500977,0.110107,190.528854,-83.366386,-249.992355
1.0271,1.150391,-0.18042,249.992355,249.992355,-91.690056,-1.38623,1.348633,-0.000732,186.859116,-139.884949,-249.984726
0.780029,1.549805,-0.216553,249.992355,249.93132,-89.935295,-1.178223,1.20459,-0.034912,182.067856,-186.347946,-249.992355
0.483887,1.946289,-0.467285,249.992355,249.992355,-73.326111,0.101074,3.516846,-0.993164,249.992355,-115.058891,-54.718014
0.423828,2.218018,-0.697998,249.93895,249.992355,-69.190979,-0.842285,0.921387,-0.086914,208.709702,-245.384201,-249.313339
0.34375,2.42627,-0.653809,249.992355,247.070297,-84.053032,-0.892578,0.766357,-0.091553,238.685593,-249.992355,-249.992355
0.509033,0.878906,-0.074463,205.497726,48.454281,133.384705,-1.050537,0.657959,-0.119385,249.992355,-249.992355,-249.992355
0.036621,1.412354,0.355225,-249.992355,-78.018188,-11.062621,-1.018799,0.505371,-0.104248,249.992355,-249.992355,-211.456284
-0.005615,1.484863,0.381348,-249.992355,-88.912956,10.124206,-1.007813,1.068359,-0.055908,188.217148,-220.794662,-249.977097
0.009766,1.537354,0.446289,-249.992355,-97.892754,27.259825,-0.797119,0.343018,-0.095215,249.992355,-249.992355,-117.21801
0.025879,1.569092,0.503662,-249.992355,-97.511284,45.928951,-0.855469,0.44458,-0.140869,249.992355,-249.992355,-80.856316
-0.080078,2.365723,0.085938,-249.992355,100.921623,130.638123,-0.937256,0.69043,-0.206299,249.992355,-249.992355,-56.823727
-0.009033,1.878906,0.343262,-249.992355,-63.415524,81.420891,-0.926025,0.984863,-0.137695,249.992355,-249.992355,-43.739315
-0.030029,2.153809,0.177979,-249.992355,-21.865843,94.703667,-0.918945,1.249023,-0.029053,249.992355,-249.977097,-35.400391
-0.088135,2.267578,0.057373,-249.992355,38.581848,111.648552,-0.994141,1.461182,-0.092773,249.992355,-249.992355,-26.046751
0.011475,1.643311,0.46167,-249.992355,-86.082451,65.429688,-1.036133,1.696289,-0.323975,249.992355,-249.992355,-13.740539
0.081543,1.355957,0.387939,-249.992355,-66.810608,-26.855467,-0.966064,1.999756,-0.598389,249.954208,-249.05394,-8.666992
-0.22583,2.943848,0.663818,-249.992355,-26.626585,29.022215,-0.763428,2.286133,-0.805908,249.992355,-249.992355,-19.40155
0.022949,1.407715,0.536133,-249.992355,-46.943661,-26.245115,-0.448486,2.518311,-0.898926,249.992355,-249.992355,-30.738829
0.028076,1.328857,0.449707,-249.992355,-40.252682,-13.626098,-0.867432,0.361572,-0.068604,249.992355,-249.992355,-158.538818
0.015625,1.49292,0.326172,-249.992355,-30.700682,-5.66864,-0.249756,1.401611,0.244873,-249.992355,242.614731,94.169609
-0.020508,1.751709,0.269531,-249.992355,-20.904539,6.538391,-0.061523,1.476318,0.023682,-249.992355,189.109787,51.757809
-0.039063,1.949463,0.270264,-249.992355,-12.001037,28.305052,0.080078,1.535645,-0.151855,-249.992355,112.29705,21.812437
-0.01123,2.172119,0.274902,-249.992355,-4.943848,51.536556,0.039551,1.466309,-0.186523,-249.992355,32.928467,-7.659912
0.018311,2.385254,0.294922,-249.992355,-1.083374,46.813961,-0.815186,2.173584,-0.916016,-249.992355,-78.292847,-15.190124
-0.188477,2.208008,0.274902,-249.992355,0.953674,44.425961,-0.46875,1.2146,-0.007568,-249.992355,-71.060181,-47.416683
-0.277832,1.685791,0.145996,-249.992355,-6.782531,89.866631,-0.67627,1.337402,-0.116211,-249.992355,-88.630669,-36.422729
-0.092285,1.786865,0.399414,-249.977097,-23.15521,97.488396,-0.772949,1.683838,-0.522461,-249.992355,-93.139641,-24.826048
0.237061,2.72998,-0.005615,-249.992355,145.004272,140.579224,-0.159912,1.307617,-0.036377,-249.992355,-32.394409,-38.322449
0.069336,1.405518,0.444824,-249.992355,-55.290218,-33.157349,-0.349854,1.394287,0.42334,-249.992355,249.992355,135.314941
0.724609,3.643066,-0.813721,-249.992355,144.256592,129.493713,-0.277832,1.785889,0.775879,-249.992355,-171.989426,249.992355
1.257568,1.989746,-0.06958,249.992355,249.992355,81.93206,-0.660645,1.665283,0.369873,-249.992355,249.992355,198.410019
1.892334,6.086426,-5.087891,-249.992355,-182.685837,50.315853,-0.890625,1.795166,0.307617,-249.992355,249.992355,222.808823
-0.417725,3.199463,0.315674,-249.992355,-27.000425,-2.151489,-1.051025,1.803711,0.239258,-249.992355,210.578903,243.904099
0.295898,1.300537,0.162842,249.847397,30.708311,185.852036,-1.07666,1.769043,0.2146,-249.992355,149.185181,249.992355
0.242432,1.253662,0.120117,249.992355,2.914428,165.122971,-1.005371,1.85083,0.248779,-249.992355,89.614861,249.992355
0.209229,1.214355,0.043945,243.225082,-26.344297,137.390137,-0.883545,1.964844,0.351563,-249.992355,35.934448,249.992355
0.226074,1.17041,-0.043701,212.806686,-43.998714,106.498711,-0.728271,2.031006,0.536133,-249.992355,-4.615784,249.984726
0.396484,1.124023,-0.087646,187.637314,-43.701168,75.752258,-0.538818,2.126953,0.701416,-249.992355,-39.527893,249.992355
0.591064,1.128174,-0.07666,166.648849,-23.910521,45.372005,-0.486328,2.307129,0.706055,-249.992355,-84.419243,249.992355
0.591553,1.156494,-0.03125,151.603699,14.076232,24.963377,-0.470703,2.222656,0.697021,-249.984726,-134.902954,249.114975
0.550781,1.192871,-0.042969,149.894714,60.577389,22.766111,-0.929199,2.679932,-1.189941,-249.992355,-32.081604,-9.536743
0.627686,1.282471,-0.058105,161.170944,115.249626,28.968809,-0.480469,1.489746,0.427246,-249.992355,249.244675,170.616135
1.449219,4.997803,-2.71875,-249.992355,55.297848,88.088982,-1.1875,3.372559,-2.512939,-249.992355,40.359493,-16.647339
0.731689,1.43335,-0.055664,180.229172,184.478745,31.135557,-0.887939,2.283203,-0.503174,249.992355,-249.992355,-35.591125
1.128906,1.908691,-0.16748,248.626694,249.961838,60.043331,-0.995361,7.472168,-6.702393,-249.992355,249.992355,48.72131
1.181396,2.796387,0.160645,249.946579,249.992355,88.630669,0.029297,1.256104,0.810791,-249.793991,-181.922897,249.992355
0.664063,4.566162,0.42334,249.954208,248.04686,108.90197,-0.981689,1.044678,0.029053,249.992355,-96.755974,-234.161362
-0.262451,4.853516,-0.061279,249.992355,249.992355,116.355888,-0.901367,0.96167,-0.013184,249.992355,-113.296501,-225.433334
-0.832275,4.630615,-0.254639,248.199448,249.992355,79.963684,-0.884033,0.883545,-0.062256,249.992355,-132.827759,-212.0056
-1.064697,4.116455,-0.186523,244.659409,150.894165,29.678343,-0.867676,0.823975,-0.138672,249.992355,-154.670715,-192.886337
-1.558838,4.214111,-0.516113,249.992355,-64.903259,-38.551331,-0.863037,0.777344,-0.226074,249.992355,-177.841171,-169.120773
-2.276367,5.678467,-1.875,207.794174,-232.54393,-102.378838,-0.876709,0.771729,-0.245605,249.992355,-203.025803,-139.854431
-2.025635,7.949951,-3.733643,-186.096176,-248.954758,-155.288696,-0.88916,0.845215,-0.243896,249.992355,-233.520493,-106.498711
0.448486,7.974854,-5.619141,-249.992355,-249.992355,-95.016472,-0.884277,1.026367,-0.224121,249.992355,-249.68718,-78.041077
0.867432,1.647461,-0.141846,217.67424,240.943893,38.375854,-0.899902,1.262939,-0.221191,249.992355,-249.992355,-60.356136
-0.409424,1.737793,1.023926,-249.282822,-38.284302,18.699646,-1.981445,4.888672,-5.0979,-249.992355,186.920151,-12.771605
0.327393,1.382324,0.137939,249.793991,51.696774,201.179489,-0.900635,1.44751,-0.321045,249.992355,-249.992355,-48.057552
-0.123291,-0.245361,1.68335,-249.992355,-11.291503,13.130187,-0.804199,1.832275,-0.37085,249.992355,-249.992355,-38.94043
0.249512,1.608154,0.421875,178.649887,-139.656067,104.606621,-0.947266,2.805176,-0.603027,249.961838,-249.038681,-33.332825
0.315674,1.608398,0.36377,151.786804,-131.752014,88.386528,-0.565674,3.513184,-0.624756,249.992355,-249.992355,-53.482052
0.397461,1.51123,0.272217,134.941101,-116.859428,70.594788,-0.06543,3.78125,-0.53418,249.992355,-249.992355,-94.558708
0.493896,1.347656,0.151611,135.528564,-93.788139,57.456966,-0.031494,3.541504,-0.449463,248.710617,-212.181076,-122.833244
0.59375,1.16333,-0.01416,159.584045,-57.128902,50.651546,0.071045,3.84668,-0.508545,248.382553,-100.769035,-140.213013
0.69873,1.006836,-0.169922,204.925522,-5.622863,49.751278,0.368652,4.311523,-0.859131,249.992355,22.178648,-96.626274
0.844482,0.929932,-0.303223,245.384201,57.624813,57.304379,1.12793,4.321045,-1.130127,210.48735,164.657578,-1.228333
1.012451,0.936035,-0.404541,249.992355,150.382996,72.257996,1.401123,4.222168,-1.472656,-19.920349,244.071945,20.286558
1.191895,1.056396,-0.432373,249.992355,238.098129,84.815971,-0.058594,6.519287,-3.300293,-220.115646,249.992355,49.377438
1.296875,1.297363,-0.39209,249.992355,249.954208,85.350029,-0.847656,1.580078,-0.365967,249.992355,-249.977097,-41.023251
0.260498,1.519287,0.452393,211.814865,-143.615723,110.374443,0.32959,0.758057,0.832764,-249.015793,-177.879318,204.727158
1.18042,1.62085,-0.375,249.992355,249.992355,82.199089,0.47583,0.350586,0.889648,-249.992355,-171.188339,155.792236
0.670898,2.505127,-0.443604,249.984726,247.825607,71.44165,0.635254,0.015381,1.05127,-246.833786,-160.301208,124.198906
0.262695,3.134277,-0.507568,249.992355,249.992355,53.962704,-0.820313,0.905273,0.058838,213.294968,-126.068108,-192.710861
-0.312988,3.569092,-0.64624,248.779282,249.992355,23.475645,-0.771973,0.848389,-0.041748,217.041,-154.197693,-184.051498
-0.632568,3.921387,-0.871338,247.550949,152.038574,-39.344788,-0.659912,0.75293,-0.104248,228.935226,-175.323471,-172.637924
-0.887695,4.443848,-1.144287,249.992355,-76.751709,-99.258415,-0.582031,0.683105,-0.094971,244.651779,-192.34465,-157.028198
-1.086182,5.483887,-1.733887,216.346725,-235.580429,-118.484489,-0.557617,0.666504,-0.121094,249.992355,-210.11351,-136.528015
-0.101074,6.966309,-2.468018,-52.574154,-248.428329,-152.915955,-0.583008,0.69751,-0.183594,249.992355,-232.978806,-113.876335
1.033936,6.964844,-3.427979,-238.937363,-249.992355,-152.450562,-0.660156,0.752686,-0.243652,249.992355,-249.153122,-92.636101
1.626221,5.415527,-4.044434,-249.992355,-223.518356,-73.982239,-0.776855,0.808105,-0.263428,249.992355,-249.992355,-75.424194
1.411133,4.655029,-3.585205,-249.992355,-48.835751,12.290954,-0.879395,0.897461,-0.285156,249.992355,-249.992355,-61.073299
0.934814,1.96875,-0.4021,249.961838,249.992355,78.849792,-0.904541,1.325928,-0.379395,249.992355,-249.984726,-31.86035
0.317627,1.400146,0.459229,242.637619,-142.974854,109.085075,-0.814941,0.900635,0.135742,215.148911,-91.537468,-199.340805
-0.269287,0.622559,1.391357,-248.367294,-30.799864,37.361145,-0.820313,1.683594,-0.40625,249.992355,-249.992355,-21.720884
0.379395,1.371094,0.446289,249.961838,-134.979248,106.903069,-0.710693,2.552246,-0.508789,249.954208,-248.710617,-27.206419
-0.171631,-0.966797,2.125732,-231.124863,2.235413,-21.156309,-0.651123,2.926025,-0.51709,249.992355,-249.992355,-59.638973
-0.419434,-1.504883,2.371338,-75.119019,-15.678405,-36.453247,-0.451172,3.324707,-0.411865,249.969467,-249.412521,-83.44268
-0.530518,-1.706299,2.591797,67.085266,-79.38385,-45.143124,-0.086182,4.063721,-0.53125,247.688278,-159.759521,-73.928833
-0.240723,-1.468262,2.619873,171.730026,-155.220032,-62.07275,0.137695,4.53833,-0.872314,249.992355,-31.440733,-3.623962
0.003906,-0.992432,2.015869,219.06279,-202.140793,-74.424744,0.42749,4.476074,-0.991211,249.992355,112.541191,54.878231
0.032959,-0.512695,1.440918,217.849716,-211.105331,-61.69891,0.361572,5.018799,-1.241455,116.767876,227.455124,72.616577
0.348389,1.341797,0.472656,249.992355,-139.450073,106.567375,-0.529053,6.424561,-2.567139,-145.690918,249.992355,183.792099
-0.244629,0.109619,1.109619,203.81926,-186.0504,17.364502,-1.049072,6.661133,-3.897461,-249.992355,249.992355,238.891586
-0.331787,0.331299,1.008057,206.161484,-166.702255,42.396542,-1.652832,5.221191,-4.79248,-249.992355,182.983383,120.384209
-0.260254,0.502441,0.90625,214.164719,-144.874573,52.658077,-0.750488,2.112793,-0.466797,249.992355,-249.832138,-14.22882
-0.191406,0.669434,0.815186,222.930893,-116.264336,60.035702,-0.804199,0.894775,0.188232,215.522751,-55.610653,-206.863388
-0.050049,-0.167725,1.190674,207.839951,-203.460678,-23.178099,-0.921875,1.060303,-0.338379,249.992355,-249.992355,-46.142574
-0.082275,1.006348,0.647705,247.894272,-74.562073,76.316833,-0.789551,0.976807,0.237793,211.929306,10.833739,-224.380478
-0.093994,1.084961,0.619629,249.992355,-68.824768,86.021416,-0.79126,0.922119,0.216064,213.859543,-21.995543,-215.927109
-0.059326,1.127197,0.584717,249.992355,-74.211121,88.142387,1.233887,-0.293213,1.231934,-119.720451,-92.094414,54.76379
0.017822,1.208496,0.539551,249.992355,-87.127678,82.710258,1.370605,-0.385498,1.355469,-51.918026,-22.65167,23.643492
0.04248,1.326416,0.551025,249.992355,-101.242058,78.2547,1.232422,-0.429443,1.359863,40.626522,43.769833,1.609802
0.073975,1.377197,0.544434,249.992355,-113.357536,83.137505,0.991455,-0.324219,1.182617,103.149406,88.424675,-13.809203
0.168945,1.386475,0.45752,249.992355,-120.162956,92.628471,0.789063,-0.116943,0.968018,117.050163,113.6856,-42.335506
0.272705,1.438965,0.380615,249.992355,-122.459404,100.929253,0.598145,0.085449,0.725098,126.113884,132.614136,-90.980522
0.346924,1.469727,0.374756,249.992355,-124.931328,107.223503,0.355469,0.203613,0.565674,148.361206,147.521973,-130.081177
0.38916,1.432129,0.406982,249.793991,-129.653931,108.581535,0.168457,0.337158,0.522461,183.860764,158.27179,-144.40155
-0.098145,0.859619,0.705811,233.345016,-91.697685,66.200256,0.158691,0.511963,0.50293,200.080856,157.218933,-145.515442
-0.290283,7.816162,-2.93335,99.884026,-249.992355,-25.245665,0.276367,0.7146,0.597656,186.019882,160.575867,-152.122498
-1.530762,5.044189,-1.501953,249.992355,-130.805969,-75.630188,0.906738,-0.195068,1.154297,-178.131088,-138.183594,90.332024
-1.048828,3.318848,-0.636475,249.977097,67.169189,-92.384331,0.275635,1.156738,0.562744,180.992111,163.459763,-215.02684
-0.622803,3.658936,-0.483154,245.841965,198.532089,0.190735,0.443604,0.960693,0.624023,171.318039,164.901718,-175.170883
1.2146,2.193604,-0.005615,249.992355,249.992355,145.095825,-0.787842,1.157227,0.165283,207.694992,76.560974,-235.81694
-0.105713,3.102539,-0.073486,249.992355,249.992355,19.142151,-0.806396,1.265137,0.147705,206.939682,106.475822,-236.801132
0.44873,2.80127,0.023926,249.900803,249.122604,85.350029,-0.721436,1.319092,0.174805,209.121689,131.04248,-237.350449
0.952881,2.543701,0.072021,249.992355,249.961838,152.397156,-0.602051,1.300293,0.224609,214.546188,150.901794,-239.830002
-0.401123,3.491699,-0.293701,249.992355,249.992355,23.429869,-0.780029,1.05127,0.219482,209.533676,43.769833,-231.338486
1.571533,7.999756,-4.581543,-241.722092,-202.987656,-77.659607,-0.535156,1.230957,0.285645,213.699326,168.022141,-240.348801
-0.019287,1.404785,-0.050781,-105.178825,-194.145187,-17.501831,-0.562012,1.246826,0.316162,205.108627,168.777451,-241.317734
0.401855,3.567139,-0.746826,-249.992355,86.776726,89.767448,-0.283447,1.243164,0.419922,196.945175,165.63414,-240.028366
0.169922,2.874756,0.197998,-249.992355,79.826355,125.869743,-0.528564,1.246826,0.265381,218.002304,162.925705,-241.23381
0.125732,2.854736,0.025146,-249.984726,40.939327,128.753662,0.281494,4.430664,-0.938721,176.712021,156.547546,37.55188
0.144531,2.877197,-0.123779,-249.992355,2.098083,113.586418,-1.412354,1.880615,-0.312012,249.992355,-249.992355,-67.855835
0.263916,2.730225,-0.037354,-249.992355,-27.900694,94.833366,-1.257568,2.336182,-0.442139,249.992355,-249.18364,-66.879272
0.101318,2.482178,-0.02002,-249.359116,-47.294613,83.267204,-1.010742,2.770264,-0.5271,249.946579,-249.80925,-83.160393
-0.220947,2.19458,0.077881,-249.893173,-78.292847,76.332092,-0.732422,3.069336,-0.444092,249.992355,-249.992355,-100.349419
-0.38208,1.789551,0.22168,-249.992355,-125.65612,66.482544,-0.311035,3.637695,-0.383789,249.992355,-221.45842,-122.703545
-0.349854,1.369629,-0.017334,-227.340683,-162.719711,47.07336,0.029297,4.287842,-0.525635,247.970566,-111.41967,-93.0252
-0.197754,1.275879,-0.138184,-147.117615,-184.219345,19.607544,-1.552246,1.47998,-0.227539,249.992355,-249.992355,-86.296074
1.168945,1.697998,-0.049072,249.992355,249.984726,110.130302,0.172607,4.17334,-0.758545,249.984726,-11.20758,6.29425
1.430664,6.094971,-3.971191,-249.992355,-31.60858,36.224365,0.540283,3.851807,-0.943848,249.992355,83.747856,45.31097
1.057129,1.256592,-0.004883,249.992355,249.992355,88.691704,-0.635254,6.07251,-2.176514,-130.54657,170.074448,122.901909
0.541992,1.701904,0.294434,116.287224,-20.828245,249.771103,-0.151611,3.93042,-1.060059,-249.992355,115.638725,113.410942
1.030518,0.772461,-0.124512,249.992355,249.992355,76.538086,-1.320801,3.567871,-3.20752,-249.992355,230.552658,107.124321
0.029297,1.419189,0.12915,-116.371147,-198.814377,-50.86517,-0.896973,3.871582,-3.308594,-249.992355,157.928467,79.742432
-0.009766,1.76123,0.676514,249.992355,-185.829147,227.928146,-0.364502,4.395752,-1.901367,-249.992355,123.596184,91.361992
0.111084,1.852539,0.503662,249.992355,-201.156601,242.256149,-0.077148,2.722656,-0.954834,-249.992355,127.319328,100.601189
0.186279,1.924072,0.452637,244.728073,-218.795761,247.428879,-0.325684,1.588135,-0.4646,-249.992355,165.962204,114.730827
0.250732,1.987793,0.433105,234.619125,-230.926498,249.832138,-0.446289,1.057373,0.491455,-249.992355,216.323837,131.530762
0.353027,2.002197,0.432373,225.372299,-233.207687,249.992355,-0.518555,0.988281,0.541504,-249.992355,243.896469,136.497498
0.429199,1.969482,0.439697,214.408859,-224.624619,249.992355,-0.621826,1.084717,0.224609,-249.992355,240.951523,156.913757
0.469971,1.916992,0.415283,201.354965,-205.062851,249.992355,-0.650879,1.20166,-0.112061,-249.992355,221.977219,183.074936
0.535889,1.866699,0.360596,187.370285,-176.803574,249.992355,-1.627197,1.157471,-0.220947,249.992355,-249.977097,-104.576103
0.581055,1.823975,0.32251,173.774704,-143.722534,249.992355,-0.48877,5.635986,-3.857422,-249.992355,216.133102,152.183533
0.989502,0.949707,-0.034424,249.992355,249.992355,76.652527,-1.52002,0.940918,-0.319824,249.992355,-249.992355,-118.171684
0.615723,1.790283,0.315186,160.446167,-111.28997,249.992355,0.38916,1.534912,0.750488,146.514893,249.992355,-249.992355
0.564697,1.706299,0.31958,130.66864,-49.85046,249.992355,-1.08667,0.599854,-0.439697,249.992355,-249.992355,-151.733398
0.566895,1.648682,0.255127,109.870903,6.683349,249.992355,-0.672363,1.248291,-0.379639,-249.992355,204.345688,206.680283
0.528809,1.549805,0.161377,118.972771,35.774231,249.992355,-0.38916,1.764648,0.355225,129.249573,249.992355,-249.992355
0.474854,1.460693,0.053467,141.975403,61.584469,241.142258,-0.868896,1.856689,0.166748,116.348259,249.992355,-249.992355
0.445313,1.360352,-0.036621,177.177414,83.351128,214.004501,-1.120605,1.942871,0.088379,105.575554,249.832138,-249.992355
0.490479,1.26123,-0.131348,220.046982,107.315056,187.248215,-1.31543,2.044922,0.130859,93.078606,249.763474,-249.992355
0.635742,1.126953,-0.24707,248.176559,146.347046,163.24614,-1.380127,2.110596,0.247559,82.733147,249.992355,-249.992355
0.844238,0.9646,-0.343994,249.992355,210.678085,141.334534,-1.342529,2.180664,0.296631,79.50592,244.857773,-249.992355
1.035156,0.791992,-0.343506,249.992355,248.855576,117.179863,-1.320801,2.193359,0.27124,79.627991,215.362534,-249.992355
1.108398,0.709229,-0.236328,249.992355,249.992355,91.224663,-1.373535,2.074707,0.238037,83.95385,187.774643,-249.992355
0.62207,1.737793,0.321777,145.584106,-80.574028,249.992355,-1.397949,1.893555,0.236572,98.129265,149.040222,-249.992355
-0.321533,1.515869,0.907959,249.877914,-171.188339,206.535324,-1.344971,1.767822,0.251953,118.591301,89.851372,-249.992355
0.00415,1.260742,0.37085,-138.877869,-205.047592,-80.688469,-1.296143,1.737793,0.257324,136.260986,21.553038,-249.992355
-0.079346,0.823486,0.72583,-138.793945,-242.782578,-126.350395,-1.296631,1.68457,0.230713,146.720886,-40.969845,-249.992355
-1.671631,-0.868408,1.261963,249.992355,43.037411,109.092705,-1.316162,1.549072,0.142822,150.260925,-95.199577,-249.992355
-1.401123,-0.330322,1.159912,249.992355,0.854492,130.28717,-1.312744,1.326172,0.07959,154.121399,-142.921448,-249.992355
-0.939209,0.052979,0.998779,249.992355,-39.619446,154.960632,-1.291992,1.083496,0.056885,166.870102,-188.293442,-249.992355
-0.630859,0.360596,0.849609,249.992355,-76.828003,171.05864,-1.293701,0.858154,0.022461,193.931564,-230.819687,-249.992355
-0.431396,0.612305,0.77124,249.832138,-111.312859,181.610092,-1.278076,0.66748,-0.040039,232.887253,-249.526962,-249.992355
-0.335693,0.859375,0.716797,249.992355,-137.550354,190.887436,-1.21875,0.55835,-0.135742,249.93895,-249.992355,-249.626144
-0.278076,1.130371,0.727295,249.992355,-154.23584,202.339157,-1.205566,0.516357,-0.212646,249.992355,-249.992355,-249.916061
-0.16626,1.425781,0.75293,242.355331,-160.903915,213.607773,-1.214111,0.531982,-0.306396,249.992355,-249.992355,-249.992355
-0.075195,1.632568,0.715088,236.724838,-154.434204,222.434982,-1.162354,0.531738,-0.379883,249.992355,-249.992355,-236.816391
-0.00415,1.647217,0.507568,249.992355,-113.44146,231.986984,-1.084961,0.525146,-0.403809,249.992355,-249.992355,-188.102707
-1.502197,-1.439453,1.681396,242.790207,97.740166,91.842644,-1.280762,0.755127,-0.418457,249.992355,-249.992355,-130.729675
0.082275,1.600586,0.410645,249.992355,-85.723869,234.80986,-0.723877,1.223877,-0.433594,-249.992355,189.369186,231.056198
0.161133,1.608398,0.341797,249.992355,-30.426023,237.449631,-1.08667,1.137451,0.058105,249.992355,-83.457939,-241.638168
0.174316,1.636719,0.32251,249.992355,-7.789611,239.578232,-0.955078,1.182617,0.145752,-249.992355,160.903915,249.992355
0.213623,1.600342,0.297607,249.992355,15.151977,239.959702,2.351318,0.045898,1.884521,159.645081,195.671066,-181.89238
0.241455,1.52832,0.261719,249.992355,37.193298,239.593491,1.917236,0.361816,1.616455,188.713058,219.078049,-237.976059
0.259521,1.478516,0.218506,249.992355,54.00848,238.59404,1.227539,0.632324,1.136719,208.641037,205.100998,-249.992355
0.284424,1.49292,0.161377,249.992355,64.582825,233.215317,0.526367,0.807861,0.765137,220.70311,189.239487,-249.992355
0.296143,1.520996,0.095215,249.992355,70.297241,226.005539,-0.025879,0.979248,0.552246,228.340134,169.486984,-249.992355
0.309814,1.507324,0.049072,249.992355,70.785522,219.245895,-0.446289,1.262451,0.364014,231.040939,133.209229,-249.992355
0.322754,1.46875,0.073486,249.992355,64.76593,211.532578,-0.70874,1.48999,0.174805,244.697556,95.405571,-249.992355
-0.028809,1.018555,0.59375,-143.867493,-220.649704,-107.711784,-0.894531,1.599854,0.075928,249.992355,69.534302,-249.992355
0.147461,1.589355,0.357178,249.992355,-56.625362,236.167892,-0.901367,1.621826,0.073975,249.992355,58.158871,-249.992355
-0.94873,-1.212158,1.821289,147.476196,148.971558,68.969727,-0.826416,1.833496,0.087402,249.992355,86.112968,-249.992355
-0.038574,1.687744,0.622314,244.796738,-137.336731,228.294357,2.422852,-0.037842,2.213135,97.099297,120.162956,-100.46386
-1.166748,-0.961426,1.563477,-33.340454,199.523911,70.915222,-0.763428,1.827637,0.244141,249.992355,105.255119,-249.992355
-0.762695,-0.813721,1.610596,30.181883,181.777939,60.554501,-1.131348,1.910645,0.249023,249.992355,95.756523,-249.992355
0.034424,0.647217,0.644531,-144.500732,-249.992355,-176.994308,-1.087158,1.820801,0.248779,249.992355,68.077087,-249.992355
0.116455,0.736328,0.523926,-162.948593,-249.977097,-213.653549,-0.975586,1.659668,0.246338,249.992355,48.133846,-249.992355
0.1875,0.946533,0.447998,-211.37236,-249.992355,-245.956406,-0.940674,1.537109,0.237305,249.992355,37.67395,-249.992355
0.286377,1.192139,0.489014,-248.138412,-249.992355,-249.992355,-0.968506,1.496826,0.21167,249.992355,23.483274,-249.984726
0.383545,1.394775,0.506348,-249.992355,-249.05394,-249.992355,-1.070068,1.509766,0.133301,249.992355,0.991821,-249.984726
0.576172,1.550537,0.433105,-249.992355,-249.42778,-249.992355,-1.126465,1.458984,0.094971,249.992355,-25.360106,-249.992355
0.961914,1.747803,0.341309,-249.992355,-249.992355,-249.992355,-1.109131,1.348389,0.099609,249.992355,-50.651546,-249.534592
1.28833,2.009766,0.257813,-249.992355,-218.17778,-249.992355,-1.117432,1.238037,0.093994,249.992355,-69.43512,-246.91008
1.435791,2.293457,0.234863,-249.992355,-72.715759,-249.992355,-0.835693,1.181885,-0.255859,-249.992355,173.721298,248.93187
1.350342,2.44043,0.423828,-249.992355,85.655205,-249.992355,-0.960938,1.861084,0.278809,249.992355,111.412041,-249.992355
-0.044678,0.685791,0.708496,-140.129089,-249.992355,-148.582458,2.470459,-0.104492,2.46875,17.883301,31.044004,-28.625486
0.21167,2.414795,0.824463,-249.992355,249.992355,-249.992355,-0.913574,1.711914,0.029541,249.992355,65.711975,-249.992355
0.873291,2.448975,0.651611,-249.992355,218.673691,-249.992355,2.653564,-0.438232,2.162598,-78.239441,-66.619873,73.417664
-1.250488,-0.617432,0.965576,-206.115707,226.608261,-79.116821,2.726318,-0.355713,2.509033,-14.22119,-27.877806,8.392334
-0.874023,-0.124512,0.572021,-249.992355,246.009811,-173.973068,-1.069824,1.323242,0.162109,-249.992355,129.806519,249.992355
-0.469971,0.327881,0.262695,-249.992355,249.992355,-243.057236,-1.104492,1.415771,0.067871,-249.992355,109.53521,249.992355
-0.145264,0.771484,0.040283,-248.985275,249.877914,-249.992355,-1.193604,1.515869,-0.005371,-249.992355,80.535881,249.992355
-1.432373,-0.99585,1.380371,-110.107414,211.700424,28.083799,-1.294922,1.634277,-0.086182,-249.992355,44.204708,249.992355
0.172852,1.544922,0.253662,-249.992355,249.992355,-249.717697,-1.316895,1.76123,-0.156006,-249.992355,4.135132,249.992355
0.224609,1.864014,0.592529,-249.977097,249.992355,-249.992355,-1.297852,1.87085,-0.141357,-249.992355,-36.193848,249.992355
0.073975,2.219727,0.891113,-249.992355,249.992355,-249.992355,-1.353271,1.90918,-0.044922,-249.992355,-78.445435,249.992355
0.00293,1.180908,0.045898,-249.992355,249.877914,-249.267563,-1.478271,1.910645,0.00708,-249.992355,-122.154228,249.992355
0.580078,1.45752,-0.245605,222.053513,10.871886,115.722649,-1.571777,1.909424,-0.079102,-249.992355,-160.308838,249.992355
0.36499,1.905273,0.180664,249.992355,-71.95282,227.12706,-1.550293,1.906738,-0.215332,-249.992355,-182.167038,249.992355
0.384521,1.825439,0.142578,249.992355,-69.17572,229.110703,-1.029053,1.239258,0.283203,-249.992355,145.332336,249.992355
0.429932,1.739746,0.107178,249.992355,-65.513611,228.401169,-1.255859,1.685791,-0.128662,-249.992355,-217.697128,249.992355
0.479736,1.697266,0.080322,249.992355,-59.92889,218.30748,-1.37915,1.845459,-0.249268,-249.992355,-192.016586,249.992355
0.454834,1.684082,0.067139,249.763474,-54.939266,201.827988,1.779297,0.010498,1.221924,-211.402878,-135.375977,213.661179
0.358643,1.684814,0.081543,249.992355,-53.245541,190.58226,1.20874,0.259277,0.716797,-249.992355,-159.049988,249.992355
0.356445,1.952393,0.216309,249.992355,-78.422546,223.197922,0.632813,0.556885,0.342529,-249.992355,-191.261276,249.992355
0.336182,1.666748,0.056396,249.992355,-48.683163,185.722336,0.154053,0.834229,0.224609,-249.336227,-232.246384,249.29808
0.451416,1.639404,-0.067139,239.326462,-28.244017,159.912109,2.254395,-0.22876,1.683594,-157.485962,-105.110161,148.147583
0.671875,1.058838,-0.310303,233.901962,58.04443,72.402954,-0.728516,1.386475,0.108154,-249.992355,-249.992355,249.992355
0.941895,0.915771,-0.193604,249.992355,249.992355,47.027584,-1.033936,1.768555,0.125488,-249.992355,-249.572739,249.984726
0.85083,0.52002,-0.426025,249.992355,164.588913,19.218445,-1.268555,1.716553,-0.006348,-249.992355,-246.437057,249.992355
0.898926,0.539795,-0.398926,249.992355,229.606613,11.535644,-0.273926,1.053467,0.067627,-249.954208,-249.992355,249.992355
0.88208,0.679688,-0.314453,249.992355,249.992355,23.780821,-1.173096,0.523438,-0.341309,249.992355,-172.546371,-215.003952
1.003418,1.239258,0.016602,249.992355,249.992355,66.062927,-1.238037,1.524902,-0.022949,241.203293,23.574827,-249.992355
0.872314,1.654785,0.195313,249.992355,249.961838,81.672661,-1.145996,1.54834,0.004395,248.359665,-13.816833,-249.992355
0.68335,2.148682,0.246338,249.992355,249.992355,97.114555,-1.096436,1.569336,0.076416,249.992355,-32.279968,-249.992355
0.522705,2.824463,0.126709,249.992355,249.992355,108.818047,-1.069092,1.514648,0.050049,236.747726,-40.748592,-249.93132
0.077148,3.495361,-0.197754,249.900803,248.100266,92.758171,-1.100586,1.395752,-0.045166,215.316757,-54.084774,-249.778732
-0.472168,3.858398,-0.474121,249.992355,249.992355,51.055904,-1.15625,1.192627,-0.145264,213.256821,-74.310303,-249.992355
0.346191,1.993652,0.236816,249.992355,-92.666618,216.28569,-1.317871,1.656006,-0.02417,226.890549,77.713013,-249.992355
0.748779,0.689453,-0.358643,249.68718,106.605522,39.474487,-1.203125,0.961914,-0.258789,230.682358,-98.197929,-248.4207
0.299316,2.000244,0.243652,249.992355,-111.816399,209.449753,-1.19043,0.736084,-0.335205,248.5504,-130.180359,-229.972824
-0.754395,4.340088,-0.328125,249.992355,249.992355,-1.426697,-1.200195,0.381592,-0.297607,249.992355,-217.056259,-202.369675
0.168945,1.960449,0.289307,249.992355,-141.311646,189.498886,-0.971191,0.907715,-0.480957,249.992355,-249.992355,-18.264771
-0.003418,1.556152,0.427246,-249.977097,-7.316589,-138.076782,-1.005615,0.395996,-0.240479,249.992355,-249.992355,-143.966675
-0.19751,1.622559,0.399658,-249.992355,-27.130125,-113.639824,-0.9375,0.52417,-0.319092,249.992355,-249.992355,-100.105278
-0.376709,1.291748,0.411865,-249.992355,-49.507137,-83.297722,-0.933105,0.700928,-0.430908,249.992355,-249.992355,-54.573055
-0.463867,0.824951,0.770508,-248.786911,-54.954525,-59.219357,-1.052734,1.113525,-0.40625,249.992355,-249.992355,3.738403
-0.465576,0.286865,1.154053,-249.992355,-38.993835,-50.567623,-1.124023,1.326904,-0.425293,249.992355,-249.984726,13.908385
-0.585449,-0.225098,1.56665,-249.992355,-11.909484,-53.710934,-1.172852,1.561768,-0.509521,249.992355,-249.992355,16.716003
-0.945801,-0.70166,1.977783,-192.634567,7.102966,-35.339355,-1.2854,1.895508,-0.542725,249.992355,-249.992355,8.728027
-1.347656,-1.050537,2.326904,-115.241997,-1.190186,15.960692,-1.295898,2.377441,-0.602783,249.992355,-249.237045,-19.828796
-1.265137,-1.258789,2.593018,-59.783932,-29.693602,38.757324,-1.096924,2.922852,-0.496826,249.946579,-249.992355,-48.522945
-0.560791,-1.512451,2.532471,31.09741,-51.74255,13.435363,-1.323486,1.842773,0.066406,212.020859,139.511108,-249.992355
0.206543,1.986572,0.254639,249.992355,-128.761292,201.309189,-1.125732,0.338867,-0.233643,249.992355,-246.582016,-179.077133
-0.168701,-1.523193,2.16626,165.733322,-45.829769,-4.66156,-1.241455,1.953857,0.19165,208.076462,196.372971,-249.992355
-0.452148,-0.81665,1.270508,249.992355,-11.390685,6.340026,-0.817139,3.350098,-0.241943,249.992355,-249.992355,-64.811707
-0.577148,-0.374512,1.123535,249.992355,-16.75415,20.576475,-1.130859,1.958984,0.031982,244.857773,249.992355,-249.992355
-0.704346,0.117432,1.229248,249.992355,-38.040161,40.435787,-0.137451,1.664551,0.860107,-249.984726,-211.456284,249.992355
-0.841064,0.562256,1.179199,249.992355,-63.827511,64.331055,-0.139893,1.328125,0.548828,-249.992355,-185.806259,249.992355
-0.758057,0.890137,1.060303,249.992355,-101.272575,94.66552,0.148682,0.95874,0.421387,-249.992355,-140.846252,218.841537
-0.368896,1.174316,0.810547,249.992355,-138.824463,115.509026,0.500732,0.676758,0.433105,-249.488815,-98.892204,197.219833
-0.086426,1.450439,0.5896,249.992355,-158.02002,129.089355,0.9021,0.412354,0.748535,-249.259933,-79.360962,184.768661
0.095459,1.697266,0.453613,249.992355,-160.781845,142.715454,1.150146,0.146484,1.255615,-249.992355,-84.342949,160.049438
0.174805,1.845947,0.391113,249.992355,-155.578613,157.966614,1.385498,-0.116699,1.768799,-234.802231,-93.162529,123.336784
0.188232,1.90918,0.340576,249.992355,-149.543762,175.323471,1.905029,-0.261475,2.05542,-147.102356,-82.145683,101.371758
-0.296387,-1.202637,1.732178,246.635422,-27.717588,-4.745483,2.189209,-0.22876,2.508057,-79.650879,-31.60858,77.522278
-0.884277,4.712891,-0.056152,245.849594,143.539429,-103.660576,1.808594,-0.253418,2.851318,0.961304,31.761168,10.44464
-0.069092,1.425537,0.502197,-249.992355,7.942199,-144.805908,-1.158936,1.976807,0.193359,221.641525,239.22728,-249.992355
-3.199707,4.162598,-0.847412,249.992355,-244.865402,-249.992355,1.281006,-0.380127,2.506836,87.127678,72.799683,-57.250973
0.590332,2.418457,0.400391,-249.992355,-15.014647,-113.716118,0.842285,-0.461914,1.371094,246.429428,232.42186,-84.625237
0.340332,2.375244,0.356689,-249.992355,25.512693,-89.813225,0.934082,-0.228271,1.147949,249.992355,249.992355,-91.865532
0.011719,2.314453,0.436279,-249.992355,43.273922,-43.457027,1.305664,0.25708,1.335449,249.992355,249.992355,-141.647339
-0.068848,1.90918,0.557861,-249.992355,32.051086,-43.716427,1.27417,0.804443,1.405762,249.992355,249.992355,-220.344528
-0.014648,1.604248,0.437744,-249.992355,9.468079,-111.892693,0.358398,1.245605,0.943848,249.992355,249.992355,-249.992355
-0.357666,1.503906,0.219727,-249.984726,7.247924,-125.640862,-0.390137,1.583984,0.442139,249.992355,249.992355,-249.992355
-0.26001,1.781006,0.368652,-249.992355,-9.773254,-134.963989,-0.765869,1.805664,0.279053,249.992355,249.992355,-249.992355
-0.499268,1.806152,0.301514,-249.992355,-21.110533,-108.100883,-1.055176,1.875,0.174561,249.847397,249.992355,-249.992355
-0.472656,1.368164,0.358887,-249.473557,-28.137205,-109.519951,-1.214111,1.87915,0.029785,249.893173,249.710068,-249.992355
-0.361816,0.672119,0.729492,-249.038681,-15.151977,-115.310661,-1.192139,1.909668,-0.04248,249.992355,249.992355,-249.992355
0.550781,2.309326,0.418213,-249.992355,-65.116882,-123.298637,0.989746,-0.502197,1.867676,181.51091,142.50946,-90.484612
-0.297607,0.007568,1.236816,-249.992355,5.043029,-135.360718,-0.42041,3.809814,-0.095215,249.992355,-212.959274,-81.916801
-1.394531,-1.084229,2.110352,-139.915466,-37.54425,-92.033379,0.036133,4.022949,-0.321045,248.054489,-133.003235,-76.148987
-1.836182,-1.29126,2.3396,-93.566887,-102.516167,-29.533384,0.246338,3.377686,-0.347412,248.260483,-5.676269,-31.661985
-1.263184,-1.412598,2.439209,-54.855343,-152.748108,-24.765013,-1.365479,2.135254,-0.026611,-249.992355,23.513792,249.992355
-0.361572,-1.783203,2.240479,83.847038,-167.221054,-41.427608,-1.417969,2.157471,-0.077393,-249.992355,-17.066956,249.992355
-0.284912,-1.874756,1.736572,233.55101,-165.428146,-15.655517,-1.210938,2.050293,-0.054443,-249.992355,-61.492916,249.992355
-0.677002,-1.2146,1.020752,249.992355,-171.943649,36.66687,-1.086182,2.106689,0.084961,-249.992355,-110.443108,249.992355
-1.016846,-0.513672,0.730225,249.992355,-161.987289,67.9245,-0.92334,2.42627,0.338623,-249.992355,-161.97966,249.992355
-1.534912,-0.063232,1.136719,249.992355,-138.435364,93.383781,-0.286865,2.365479,0.424805,-249.992355,-210.517868,249.992355
-1.652832,0.435059,1.418945,249.992355,-132.453918,141.189575,-0.021973,1.883057,0.297363,-249.992355,-235.000595,249.893173
-0.94043,1.023438,1.221924,249.992355,-151.344299,181.312546,-0.058594,1.260986,0.497314,-249.992355,-225.212082,249.618515
-0.638184,-0.599609,1.735107,-235.153183,4.943848,-140.815735,0.048096,0.816406,0.69165,-249.793991,-197.608932,249.992355
0.385498,2.029541,0.411133,-249.992355,-108.558647,-131.546021,0.35791,0.513672,0.797607,-249.244675,-166.694626,247.695908
-1.837158,3.469971,-0.126465,249.992355,-100.746147,-225.61644,-1.223877,2.074707,0.057129,-249.992355,57.144161,249.992355
0.328857,1.545654,0.410645,-249.992355,-145.278931,-144.577026,0.786621,0.25293,0.942627,-249.992355,-141.792297,217.033371
-2.139648,7.432617,-1.832275,95.901482,-247.093185,-222.656235,1.665039,-0.240723,1.646973,-184.829697,-156.517029,123.634331
1.559814,7.999756,-4.969238,-234.802231,-249.992355,-201.370224,1.953369,-0.383789,1.97168,-111.442558,-174.209579,80.093384
3.232666,7.391602,-6.582031,-249.992355,-205.345139,-54.794308,2.375977,-0.332031,2.047852,-49.697872,-140.647888,82.771294
1.513672,4.731689,-2.417969,-249.992355,59.402462,122.718803,2.529053,-0.135498,2.346191,-7.408142,-48.797604,53.276058
0.983643,4.03125,-0.351318,-249.992355,147.628784,181.976303,2.067139,-0.135742,2.516113,36.758423,53.100582,-16.120911
0.466309,3.823975,0.303467,-249.992355,154.510498,204.734787,1.563965,-0.277344,2.077637,117.980949,153.617859,-91.560356
0.182617,2.688965,0.369629,-249.992355,84.175102,175.773605,1.364502,-0.445068,1.517334,223.258957,237.510666,-157.646179
0.019531,2.257813,0.157471,-249.992355,42.076107,149.223328,1.135498,-0.246582,1.045166,249.992355,249.992355,-179.794296
-0.026855,1.994385,0.064209,-249.992355,0.953674,126.586906,1.177246,0.203125,0.87085,249.992355,249.992355,-198.455795
0.061035,1.752686,0.095947,-249.992355,-45.532223,99.945061,1.248779,0.702148,0.956787,236.595139,249.992355,-244.712814
0.221924,3.333008,0.462646,-249.992355,127.265923,201.42363,1.299072,-0.000732,1.251465,-245.735153,-136.856079,178.909286
-0.015625,1.486816,0.23291,-249.885544,-131.43158,40.733334,-1.182617,2.025146,0.07373,-249.992355,80.42144,249.992355
0.040039,1.599121,0.173096,-249.992355,-91.01104,69.93866,0.94751,1.164063,1.008545,185.66893,249.992355,-249.992355
0.186523,1.287842,0.445801,-225.151047,-161.010727,-125.40435,-0.998291,1.861328,0.08252,-249.992355,107.398979,249.992355
0.102783,1.169189,0.461914,-202.369675,-169.532761,-109.680168,0.966553,3.193604,-0.243408,249.992355,137.290955,-32.592773
0.006592,1.123291,0.475098,-194.572433,-177.627548,-89.035027,0.39209,4.429199,-0.516602,187.316879,228.500351,-25.192259
-0.071777,1.153809,0.436035,-204.940781,-185.607895,-64.987183,-1.025146,7.263184,-3.204834,-143.562317,231.544479,54.176327
0.261719,1.411377,0.415771,-247.100815,-154.190063,-135.83374,-1.204346,7.490234,-5.911377,-249.992355,182.52562,44.448849
-0.138184,1.291748,0.345459,-247.03978,-196.075424,-3.242492,-1.419678,4.696289,-4.316895,-249.992355,42.396542,-42.03796
-0.130127,1.310303,0.30957,-249.992355,-185.707077,17.684937,-0.919189,3.644531,-2.238037,-249.992355,-19.889832,-30.502317
-0.084961,1.374512,0.270508,-249.748215,-163.635239,25.581358,-1.108154,1.950439,0.050293,-249.992355,94.268791,249.992355
-0.119385,1.226807,0.38501,-223.876938,-193.901047,-35.163879,-0.60083,2.762207,-0.548828,-249.992355,-34.805298,-24.642942
0.333984,1.746582,0.428467,-249.992355,-135.009766,-141.349792,-0.557129,2.386963,-0.722412,-249.992355,-45.44067,-17.127991
-0.040283,1.190918,0.326904,221.847519,-174.514755,159.248352,-0.457764,1.845215,-0.732178,-249.992355,-33.103943,-25.329588
-0.450195,-2.197021,2.006104,212.394699,71.868896,26.275633,-0.54834,1.375977,-0.360107,-249.992355,-0.190735,-22.323606
-0.415771,-1.556641,1.35791,249.67955,-3.967285,3.105163,-0.657715,3.084961,-0.841064,-249.992355,-20.538328,-28.190611
-0.541016,-0.846924,0.825928,249.992355,-63.026424,-12.565612,-0.507813,1.222168,0.016113,-249.992355,63.652035,20.980833
-0.649658,-0.262695,0.584473,249.992355,-96.069328,-0.610352,-0.489258,1.316406,-0.173096,-249.992355,81.779472,45.257565
-0.662842,0.17041,0.521484,236.984238,-116.783134,29.769896,-0.519531,1.453369,-0.284424,-249.992355,94.40612,67.840576
-0.521729,0.531738,0.529785,214.653,-141.25061,69.244385,-0.570557,1.606201,-0.224609,-249.992355,102.462761,84.777824
-0.299561,0.825928,0.546875,213.088974,-165.245041,98.045341,-0.606201,1.718018,-0.02832,-249.992355,102.897636,103.10363
-0.131348,0.973633,0.500732,221.374496,-181.655869,116.241447,-0.661133,1.725342,0.224121,-249.992355,102.149956,131.019592
-0.074707,1.059082,0.401611,225.173935,-184.600815,135.955811,-0.656982,1.63916,0.347412,-249.992355,109.588615,159.286499
0.481445,1.255615,0.133545,249.961838,4.096985,223.304733,-0.614014,1.609131,0.33252,-249.992355,120.23925,179.405197
0.15918,1.669922,0.450684,213.035568,-140.846252,223.640427,-0.725586,1.674805,0.256836,-249.992355,123.992912,205.390915
0.182373,1.639648,0.449463,214.157089,-128.265381,229.560837,-0.895996,1.76123,0.161621,-249.992355,119.453423,240.394577
0.197266,1.549316,0.411865,217.54454,-112.487785,231.674179,-0.556885,1.200195,0.056641,-249.992355,35.804749,-2.89917
0.198242,1.463623,0.356201,223.800644,-94.184868,232.41423,0.218506,0.133301,-0.199707,-167.678818,-32.218933,-249.992355
0.217773,1.39502,0.297607,232.185349,-75.057983,233.253464,0.259521,0.037842,-0.266846,-152.000427,-7.446289,-232.688889
0.262207,1.339355,0.230225,240.943893,-55.236813,232.353195,0.220215,-0.024414,-0.477783,-132.804871,11.650084,-190.376266
0.324219,1.318115,0.181641,247.825607,-36.392212,230.163559,0.119873,-0.061523,-0.641357,-114.425652,16.88385,-156.906128
0.385254,1.312988,0.1521,249.992355,-19.40155,227.119431,-0.044678,-0.353516,-0.879639,-16.090393,-2.540588,-69.297791
0.4375,1.295898,0.137451,249.877914,-5.943298,224.685654,0.089844,-0.11499,-0.77832,-75.675964,-23.353575,-99.029533
-0.553223,-2.341064,2.017578,82.031242,149.002075,29.70886,0.105713,-0.212402,-0.651855,-46.836849,-28.228758,-69.641113
0.031982,1.368164,0.344238,217.712387,-162.010178,184.867844,0.07666,-0.329346,-0.674072,-25.138853,-12.428283,-62.889095
-0.614258,-1.743896,1.608398,-44.906612,209.838852,26.000975,0.056641,-0.077148,-0.753174,-99.243156,0.267029,-129.646301
0.396973,1.656982,0.364258,-249.992355,-75.164795,-249.992355,0.217773,0.266846,-0.144287,-179.62645,-56.892391,-249.992355
-0.548584,-0.635254,1.018066,-178.009018,216.506943,-17.692566,-0.217285,1.239258,0.31958,-54.107662,47.004696,-249.992355
-0.006836,1.08374,0.43335,-128.372192,-249.992355,-76.393127,0.190186,0.536865,0.089111,-206.20726,-84.411613,-249.992355
0.016357,1.054932,0.457031,-155.754089,-249.992355,-102.783195,0.075195,0.593018,0.237549,-198.585495,-97.999565,-249.992355
0.074219,0.963623,0.494873,-173.889145,-249.992355,-121.353142,0.045898,0.644043,0.413574,-170.654282,-112.022392,-249.992355
0.14917,0.85791,0.544678,-182.449326,-249.992355,-136.505127,0.024658,0.693848,0.482422,-148.414612,-116.493217,-249.992355
0.224854,0.811768,0.543457,-192.115768,-249.992355,-151.397705,-0.020752,0.759033,0.440918,-132.293701,-102.149956,-249.992355
0.31958,0.877441,0.481689,-219.802841,-249.984726,-167.9077,-0.008789,0.812988,0.360107,-112.67852,-65.353394,-249.992355
0.416748,1.047607,0.417969,-247.497543,-249.992355,-186.43187,0.057617,0.868408,0.30835,-92.132561,-23.605345,-249.992355
0.467529,1.280518,0.374512,-249.992355,-249.916061,-201.873764,0.025146,0.942139,0.318115,-73.959351,6.92749,-249.992355
0.498779,1.530518,0.377686,-249.992355,-249.153122,-209.381088,-0.095703,1.043457,0.338867,-60.791012,25.093077,-249.992355
0.580811,1.723633,0.427246,-249.992355,-249.992355,-214.454636,-0.176758,1.161865,0.327393,-54.847713,37.750244,-249.992355
-0.556641,-0.990479,1.251709,-125.312798,241.699203,14.122008,-0.075928,-0.29126,-1.141602,-19.004822,-17.913818,-75.286865
0.599609,1.707275,0.433105,-249.992355,-249.992355,-219.634995,0.263184,0.417969,-0.0354,-192.993149,-74.401855,-249.992355
0.422363,1.550049,0.319092,-249.992355,-130.706787,-233.543381,0.18457,-0.19043,-1.480469,-18.90564,-46.600338,-83.847038
0.511475,1.22583,0.139648,249.992355,11.390685,222.061142,0.197021,-1.118408,-0.243652,-62.805172,-78.300476,6.027221
0.001953,1.442383,0.362061,-249.992355,-37.612915,-238.433823,0.293457,-0.512695,-1.7229,81.611626,-123.870842,-107.13195
0.071045,1.69458,0.335205,-249.992355,-19.866943,-224.800095,-0.359375,1.238525,0.348633,-55.061337,54.756161,-249.992355
-0.059326,1.400635,0.344482,-249.992355,-15.975951,-194.946274,0.038574,0.447021,0.092285,28.45764,62.652584,32.714844
-0.03418,0.974365,0.300537,-249.992355,-12.863158,-158.325195,-0.041992,0.463623,0.066162,16.731262,13.259887,20.683287
0.015869,0.592285,0.303711,-249.626144,5.073547,-129.127502,0.036377,0.529785,-0.147461,-3.410339,-37.277222,4.684448
-0.017822,0.244873,0.319824,-249.473557,43.983456,-108.200066,0.039551,0.605225,-0.341553,-17.295837,-64.353943,-2.944946
-0.109131,-0.122559,0.432861,-249.992355,93.65081,-94.15435,0.129639,0.647461,-0.525391,-36.216736,-60.218807,4.608154
-0.335449,-0.472656,0.682617,-238.853439,152.801514,-62.561031,0.333252,0.618408,-0.645264,-76.980591,-40.473934,14.48059
0.494873,1.494629,0.334961,-249.992355,-196.144089,-221.023544,0.299561,0.494629,-0.790039,-111.67907,-5.798339,21.553038
0.510986,1.231445,0.155029,245.704636,11.016845,217.697128,0.089844,0.234619,-0.892578,-136.108398,4.524231,25.146482
0.097412,1.552734,0.390381,214.447006,-150.863647,209.197983,-0.061035,-0.092529,-0.665039,-157.577515,-36.758423,18.165588
0.495605,1.252197,0.185303,223.785385,0.75531,205.741867,0.377441,-0.215088,-1.716553,13.870238,-79.971313,-94.367973
0.00415,2.245605,0.139404,-249.992355,124.198906,142.669678,-0.084717,-0.36499,-0.299072,-160.705551,-96.961967,9.32312
0.073975,2.159912,0.200684,-249.725327,58.441158,131.942749,-0.0354,-0.828857,-0.278809,-105.781548,-122.047417,-2.006531
0.08252,1.933838,0.21167,-249.656662,4.776001,122.215263,0.255127,-1.363281,-0.306641,-18.966675,-33.531189,15.922545
-0.081543,1.672363,0.196045,-249.992355,-36.766052,105.300896,0.082275,-1.502197,-0.568604,24.276731,-7.522583,14.152526
-0.234131,1.428711,0.202393,-241.447433,-77.842712,82.649223,-0.211914,-1.606445,-0.932861,60.272213,-13.732909,-2.212524
-0.371338,1.384766,0.267822,-196.88414,-121.4981,56.884762,-0.530518,-1.737305,-1.130127,76.957703,-40.695187,-18.64624
-0.382813,1.509277,0.37085,-173.965439,-161.384567,18.081665,-0.604004,-1.824951,-1.101807,83.419792,-84.213249,-31.196592
-0.299805,1.543701,0.493408,-171.760544,-186.965927,-28.068541,-0.380615,-1.835938,-1.048828,115.07415,-143.791199,-59.776302
-0.183105,1.390137,0.64209,-174.163803,-199.707016,-64.338684,0.066162,-1.772217,-1.15625,167.350754,-199.1577,-82.893364
-0.037598,1.304688,0.806885,-219.390854,-209.73204,-132.278442,0.449707,-1.511475,-1.485352,183.052048,-209.091171,-88.150017
0.130127,2.262939,0.175781,-249.992355,187.957748,161.750778,0.451416,-1.01001,-1.681396,147.895813,-176.002487,-104.286186
-0.003662,1.384521,0.774902,-247.909531,-215.78215,-160.125732,-0.111816,-0.568848,-0.241455,-142.89856,-135.261536,2.235413
0.230225,1.459229,0.760498,-249.992355,-232.009872,-188.102707,-0.524902,1.145264,0.402588,-51.918026,56.167599,-249.992355
0.255615,1.638428,0.687012,-249.992355,-223.335251,-215.202316,0.246582,0.459229,0.110107,39.108276,102.012627,45.700069
0.313965,1.957031,0.628418,-249.992355,-190.467819,-227.684006,-0.899414,0.79126,0.40625,1.441955,32.562256,-249.992355
0.557129,2.371582,0.656738,-249.992355,-134.307861,-215.316757,-1.067871,1.542725,-0.622803,-249.992355,-36.903381,-54.13055
0.711914,2.661865,0.691895,-249.992355,-64.682007,-190.231308,-0.878174,1.38208,-0.446533,-249.992355,-36.186218,-61.668392
0.45874,2.540771,0.618164,-249.992355,-4.554749,-160.064697,-0.731445,1.317139,-0.250977,-249.992355,-35.430908,-57.464596
0.151611,2.276123,0.576172,-249.992355,22.590635,-125.167839,-0.638672,1.31665,-0.163086,-249.992355,-22.65167,-38.360596
-0.115234,2.08667,0.764893,-249.992355,31.806944,-108.192436,-0.501465,1.330811,-0.104736,-249.992355,11.543273,-14.617919
-0.078613,1.731934,0.666748,-249.992355,25.939939,-139.953613,-0.396484,1.368408,-0.035889,-249.992355,62.499996,19.691467
0.490967,1.265869,0.18457,197.532639,-4.646301,183.113083,-0.355957,1.470703,0.23291,-249.992355,126.594536,59.974667
0.112793,1.426514,0.77832,-249.992355,-226.387009,-171.157822,-0.382568,1.628662,0.346924,-249.992355,189.659103,100.71563
0.141113,2.525879,0.068115,-249.992355,237.419113,188.514694,-0.470947,1.790039,0.414551,-249.992355,234.55809,144.424438
-0.07373,1.27002,0.744629,-185.935959,-205.841049,-96.343987,-0.595459,1.893799,0.488281,-249.992355,249.954208,179.283127
1.025879,3.625488,-1.639648,-249.992355,180.747971,161.216721,-1.38208,1.788818,-1.392578,-249.992355,-32.363892,-36.720276
0.409668,2.916748,-0.450928,-249.992355,242.073044,191.551193,-0.715332,1.974121,0.502686,-249.992355,236.404404,207.305893
0.477295,1.105225,-0.030273,168.823227,27.793882,111.633293,-0.986572,2.289551,0.332275,-249.992355,150.741577,249.992355
0.471191,0.941162,-0.199463,172.31749,60.455318,72.242737,-1.155273,2.462158,0.188721,-249.992355,76.507568,249.992355
0.467285,0.772949,-0.325928,183.608994,96.199028,37.475586,-1.237305,2.606689,0.088379,-249.992355,-5.149841,249.992355
0.438721,0.662598,-0.391846,196.037277,127.708427,12.306212,-1.223389,2.765137,0.050293,-249.992355,-88.584892,249.992355
0.403809,0.603271,-0.406494,208.656296,152.877808,-4.264832,-1.258057,3.020996,0.081787,-249.992355,-158.889771,249.992355
0.420898,0.633057,-0.42749,230.201706,183.181747,-13.71765,-1.22168,3.25293,0.218018,-249.992355,-207.09227,249.992355
0.492676,0.729492,-0.408936,248.519882,228.164658,-13.641356,-0.93335,3.203125,0.569092,-249.992355,-236.129745,249.992355
0.558594,0.882813,-0.278076,249.992355,249.992355,-2.563476,-0.502686,2.872314,0.92041,-249.992355,-249.916061,249.992355
0.631348,1.174072,-0.132324,249.992355,249.969467,18.035889,-0.230713,2.459717,1.216553,-249.992355,-246.0327,249.969467
0.710693,1.589111,0.081787,249.992355,249.992355,47.874447,-0.142822,2.039307,1.220703,-249.992355,-229.64476,249.42778
0.803223,2.162354,0.222412,249.992355,249.992355,91.377251,-0.831299,2.103271,0.479492,-249.992355,204.1931,240.722641
0.489258,1.234863,0.109863,177.284225,4.867554,149.627686,-2.116211,2.447754,-4.655518,-249.992355,32.463074,-5.119323
1.643555,4.821045,-4.462158,-249.992355,14.427184,102.127068,-0.726074,0.975342,0.439453,-33.355713,46.295162,-249.992355
0.474854,3.854492,0.070068,249.93895,249.992355,126.998894,-1.848389,7.999756,-5.271973,-242.767319,249.992355,101.165764
-0.26001,4.506348,-0.17334,249.954208,249.992355,90.606682,-0.855713,0.662598,0.396973,40.107727,27.816771,-249.992355
-0.868896,4.601563,-0.098389,249.992355,194.732651,58.769222,-0.721924,0.597168,0.380859,78.88031,37.948608,-249.992355
-1.123047,4.916992,0.247559,248.016342,56.747433,25.138853,-0.709473,0.554932,0.344482,118.904106,60.157772,-249.992355
-0.646484,4.3125,0.478027,244.743332,-52.284237,-60.356136,-0.841064,0.570068,0.353271,149.436951,80.894463,-249.992355
-1.592041,3.700195,0.130615,249.992355,-173.957809,-32.020569,-1.079834,0.643311,0.376953,160.263062,88.439934,-249.992355
-1.335205,6.594727,-1.074219,200.942978,-243.980392,-65.559387,-1.320801,0.746338,0.391846,158.889771,73.799133,-249.992355
-0.27417,7.999756,-4.852539,-194.816574,-249.992355,-167.243942,-4.188965,5.764893,-6.873535,-249.992355,249.992355,68.023682
1.827393,7.691162,-6.994385,-249.992355,-249.320969,-58.082577,-1.922607,1.016357,0.248779,169.677719,-13.160705,-249.992355
0.858398,2.918457,0.223877,249.992355,248.588547,127.662651,-2.166016,1.212402,0.127197,187.080368,-97.297661,-249.984726
-0.248535,0.927246,0.206543,-249.992355,25.123594,-205.924973,-2.4375,1.483643,0.070557,211.532578,-207.015976,-249.992355
-0.330322,1.269287,0.531982,-249.992355,41.221615,-193.000778,-2.702881,1.850586,-0.028809,240.280136,-249.992355,-249.992355
-0.347168,1.798096,0.789551,-249.969467,45.600887,-193.809494,-1.625,0.866699,0.355713,159.996033,39.161682,-249.992355
-0.217773,2.047607,0.867676,-249.992355,27.229307,-191.810593,-2.778564,2.532959,-0.445801,249.992355,-248.229965,-249.992355
0.780029,2.264648,0.526367,-249.992355,-69.374084,-188.240036,-2.872803,2.25708,-0.220215,249.992355,-249.992355,-249.122604
0.287842,2.314209,0.616211,-249.992355,2.39563,-164.566025,0.578857,3.645752,-0.693359,224.182114,249.732956,75.546265
0.544434,2.428711,0.553467,-249.992355,-9.544373,-147.285461,0.158691,2.723633,-0.513672,249.992355,249.992355,71.670532
0.736816,2.427734,0.559326,-249.992355,-33.149719,-155.090332,-0.185791,2.874512,-0.365479,247.001633,249.93132,35.591125
-0.254639,0.657227,0.249756,-248.54277,8.903503,-197.593674,-0.606445,3.486084,-0.392334,248.93187,249.984726,10.536193
0.034424,2.110352,0.804443,-249.992355,9.559631,-185.707077,-0.140625,5.321289,-1.502686,-51.971432,245.803818,64.559937
-0.321777,0.361572,0.415283,-249.992355,-1.609802,-182.502731,-1.345947,3.891602,-0.645996,249.977097,35.171509,-90.461723
-0.361816,-1.337891,2.121582,236.869797,-29.45709,69.229126,-1.856445,3.435791,-0.557861,249.969467,-174.140915,-138.237
-1.245605,-0.002197,1.045898,-185.996994,-51.086422,-96.229546,-2.030762,2.833984,-0.631592,249.992355,-249.992355,-212.25737
-1.587891,-0.250488,1.411133,-90.873711,-95.733635,-15.243529,-2.327148,2.603516,-0.644287,249.992355,-249.992355,-249.992355
-1.06543,-0.568359,1.859863,-38.116455,-110.885612,37.780762,-0.969482,3.817383,-0.596436,249.992355,222.038254,-40.40527
-0.287842,-1.084961,2.2229,94.390862,-80.406181,52.24609,-0.944824,2.104492,0.775391,-249.992355,-196.571335,249.992355
-0.975098,-0.895264,1.663818,249.992355,5.126953,112.739555,-1.207275,2.053467,0.902588,-249.992355,-194.221481,249.992355
-1.368652,-0.375488,1.631104,249.992355,28.495787,135.513306,-1.464355,1.889404,0.834473,-249.992355,-198.631271,249.992355
-1.307129,0.071533,1.732422,249.992355,20.790098,160.545349,-1.269775,1.597656,0.646729,-249.992355,-223.579391,249.977097
-0.88623,0.562988,1.551025,249.992355,-13.923644,173.469528,-0.726074,1.250732,0.433105,-249.969467,-248.535141,249.992355
-0.619141,1.014648,1.389404,249.992355,-54.351803,177.215561,-0.15625,0.997314,0.430908,-249.992355,-249.30571,249.992355
-0.283936,1.424561,1.050049,249.992355,-91.346733,180.267319,0.311768,0.719727,0.534668,-249.992355,-249.992355,249.084457
-0.608154,0.144531,0.726318,-249.992355,-15.846251,-155.197144,0.605957,0.3396,0.72168,-248.54277,-246.40654,246.292099
0.710938,2.026611,0.479248,-249.992355,-115.341179,-226.646408,0.791016,-0.016846,1.006836,-249.992355,-189.918503,237.785324
0.043945,1.686768,0.691406,249.992355,-118.47686,185.317978,1.016602,-0.300293,1.306396,-249.992355,-123.191826,209.175095
0.476074,1.579346,0.444824,-249.992355,-181.182846,-249.992355,-1.575684,1.689453,0.424072,249.992355,126.213066,-249.992355
-2.052979,4.420898,-0.552734,249.992355,-13.587951,-68.649292,0.935303,-0.605469,2.326416,-41.038509,31.280516,98.342888
-2.696289,4.728516,-1.440918,223.793015,-231.887802,-123.718254,0.768799,-0.410156,2.687744,99.349968,98.632805,57.762142
-3.007324,6.243896,-2.085693,-135.536194,-246.772751,-98.503105,1.018555,-0.158447,2.694824,210.891708,151.916504,30.799864
-0.454834,7.886963,-2.938965,-249.992355,-249.992355,-92.849724,1.206055,0.004639,2.497559,249.992355,229.003891,9.315491
1.588135,6.121826,-4.815918,-249.992355,-249.992355,34.500122,1.124756,0.197266,2.142334,249.992355,249.992355,-17.547607
0.990723,4.255371,-4.85498,-249.992355,-104.293816,122.619621,1.127441,0.483643,1.891846,249.992355,249.511703,-73.127747
0.320801,3.872559,-2.729248,-249.992355,50.10223,160.125732,1.007568,0.824951,1.591064,249.992355,249.992355,-164.321884
0.258057,3.236084,-1.395996,-249.992355,97.930901,179.084763,0.329102,1.142822,1.111084,249.992355,249.992355,-240.051254
0.142822,2.667969,-0.551514,-249.992355,92.864983,189.598068,-0.552246,1.374512,0.781006,249.992355,230.339035,-249.992355
-0.078369,2.324951,-0.246094,-249.992355,46.478268,178.413376,-1.203369,1.547119,0.526123,249.992355,178.810104,-249.992355
0.57251,1.778564,0.458984,-249.992355,-155.525208,-247.756943,-0.768555,2.021729,0.47998,-249.992355,-183.570847,249.992355
-0.327881,2.076416,-0.233887,-249.992355,-21.705626,144.226074,1.168945,-0.547852,1.755127,-178.634628,-53.848263,156.051636
-0.184814,1.553711,-0.043945,-249.992355,-182.952866,39.146423,-0.773193,1.912354,0.125244,-249.992355,-141.479492,249.992355
-0.101563,1.469971,0.114014,-249.992355,-238.685593,-8.598328,-0.949463,1.050781,0.155518,-249.992355,100.868217,115.776054
-0.108154,1.509033,0.220703,-249.992355,-249.992355,-50.97961,-0.937256,1.589355,-0.066895,-249.992355,-33.584595,249.992355
-0.067139,1.506348,0.348877,-249.992355,-249.992355,-92.01812,-1.782471,1.769287,0.374756,249.992355,81.291191,-249.992355
-0.007568,1.361328,0.456543,-249.992355,-249.893173,-128.509521,-0.666748,5.289307,-1.715332,204.986557,89.035027,-49.377438
0.0896,1.243164,0.477051,-249.992355,-249.740585,-166.252121,-0.583008,7.989746,-4.41748,-188.392624,77.461243,50.384518
0.171143,1.233154,0.443848,-249.992355,-249.992355,-200.080856,-0.698242,6.204346,-4.541748,-249.992355,64.552307,15.464782
0.253662,1.279053,0.401123,-249.992355,-247.146591,-224.014267,-0.806885,4.103027,-2.744873,-242.141708,-28.427122,11.268615
0.331299,1.35376,0.38208,-249.992355,-222.709641,-238.334641,-0.751465,3.084229,-1.132813,-235.534653,-32.699585,17.440796
0.407959,1.450928,0.39917,-249.992355,-200.027451,-246.841415,-0.712402,2.505615,-0.385254,-248.580917,-19.515991,22.567747
-0.345459,1.773193,-0.178955,-249.992355,-103.553764,94.169609,-0.619141,2.298828,-0.320557,-249.992355,-12.443542,30.96771
-1.494141,4.481445,-0.253906,245.002731,248.176559,22.766111,-0.62085,2.151123,-0.487549,-249.992355,-1.525879,43.014523
0.213379,1.861084,0.541016,249.992355,-136.665344,184.425339,-0.597168,1.876709,-0.628174,-249.992355,15.640258,56.327816
0.216064,2.027588,0.465332,249.992355,-153.427124,184.295639,-0.915039,1.754883,-0.067627,-249.992355,-87.22686,249.992355
-0.195313,3.896484,-1.060059,249.992355,249.992355,16.273499,-0.539551,1.511719,-0.599121,-249.992355,43.365475,65.711975
-1.043213,3.346924,-1.601318,199.859604,249.992355,125.053398,-0.729004,1.06543,0.019043,-249.992355,96.130363,94.673149
-3.0271,4.110596,-1.933594,-59.028622,56.175228,106.994621,-0.988525,1.07959,0.070313,-249.992355,91.941826,134.32312
-5.191162,6.643311,-2.946289,-235.031113,-230.377182,-8.18634,-0.835205,1.08374,-0.041016,-249.992355,78.903198,147.773743
-3.713623,7.999756,-6.096924,-249.755844,-249.992355,75.828552,-0.727295,1.048096,-0.125977,-249.992355,76.072693,159.843445
-0.37085,6.763916,-7.999756,-249.992355,-66.757202,245.239243,-0.662354,0.984375,-0.104736,-249.992355,83.305351,173.233017
-0.397705,5.023682,-3.539795,-249.992355,241.462692,248.565659,-0.624512,0.976807,0.043457,-249.992355,90.75927,184.890732
-0.702637,4.34375,-0.585205,-239.311203,248.908981,249.954208,-0.613525,1.063721,0.20752,-249.992355,90.011589,195.686325
-0.523193,3.703125,-0.053711,-221.176132,249.992355,249.671921,-0.68042,1.202148,0.221924,-249.992355,80.360405,208.541855
-0.435547,3.550049,0.11792,-220.245346,249.992355,249.992355,-0.799316,1.332031,0.14209,-249.992355,58.013912,223.930344
-0.706543,3.711426,-0.448975,248.374924,245.89537,-68.824768,-0.872803,1.456787,0.026611,-249.992355,18.013,242.134079
-0.508789,3.365723,0.130371,-236.404404,204.82634,249.80162,-0.549072,1.215576,-0.2854,-249.992355,74.516296,74.798584
-0.480225,2.710693,0.022461,-226.638779,-3.814697,213.233932,0.500977,3.213867,-0.541016,249.992355,117.935173,-132.583618
-0.27124,2.142578,-0.016113,-188.598618,-83.053581,199.493393,-1.764648,1.820068,0.299072,249.992355,48.034664,-249.54985
-0.127197,1.657959,-0.016357,-156.333923,-144.058228,180.25206,-1.887695,2.138184,0.23999,249.992355,12.687682,-249.992355
-0.236328,1.445801,0.026123,-140.472412,-190.620407,151.000977,-3.170166,0.812744,1.588135,208.48082,-249.992355,249.992355
-0.342041,1.318359,0.082275,-136.253357,-231.750473,124.671928,-1.990234,0.27124,1.742188,246.704086,-249.992355,249.992355
-0.304199,1.217773,0.128906,-130.0354,-249.694809,92.803947,-1.263428,-0.139404,1.351563,249.969467,-249.992355,249.992355
-0.288818,1.11377,0.179688,-112.632744,-249.992355,53.558346,-0.981201,-0.266846,0.930176,249.458298,-249.916061,249.992355
-0.27417,1.034668,0.22583,-90.911858,-249.992355,19.622803,-0.763916,-0.186279,0.586426,249.992355,-249.992355,249.992355
-0.146484,1.003662,0.29126,-85.083,-249.992355,-10.337829,-0.484863,-0.014893,0.433838,249.992355,-249.992355,249.786362
-0.046143,1.041504,0.379883,-99.95269,-249.992355,-43.457027,-0.251465,0.123779,0.346924,219.955429,-246.520981,249.961838
-0.612061,3.136963,0.065186,-247.764572,97.137444,229.370102,-0.108887,0.113281,0.247803,192.451462,-236.633286,249.992355
-0.769043,2.777344,-0.325928,248.4207,249.992355,-97.328178,0.007324,-0.002197,0.338379,189.010605,-217.399582,242.446884
0.233887,1.985596,0.504395,249.992355,-148.452759,182.617172,0.256348,-0.004883,0.364258,194.953903,-123.77166,200.042709
0.248291,2.037354,-0.559326,249.992355,249.916061,-2.555847,-3.606201,1.322266,0.698486,187.820419,-249.992355,249.992355
0.264648,1.968506,0.412354,249.992355,-150.054932,186.561569,0.327393,0.101074,0.184814,187.339767,-73.783875,186.43187
0.332764,1.91748,0.338135,249.992355,-136.924744,190.437302,0.381348,0.273193,-0.119385,154.251099,-28.747557,161.506638
0.375488,1.921387,0.309326,249.992355,-116.516106,196.907028,0.484131,0.327148,-0.13623,134.742737,-22.65167,146.537781
0.435059,1.868652,0.280029,249.992355,-91.392509,205.787643,0.589111,0.360596,-0.076172,112.342827,-17.14325,125.991814
0.520996,1.819824,0.22998,249.992355,-64.338684,215.347275,0.557617,0.37207,0.007324,93.132011,-2.258301,106.544487
0.607422,1.797607,0.194824,249.93132,-35.560608,223.785385,0.521484,0.363525,0.056396,81.008904,27.32086,93.643181
-0.188721,2.479736,-0.509766,249.992355,249.992355,-44.31152,0.58374,0.337646,0.102539,71.968079,64.628601,84.938042
0.720703,1.815186,0.092041,249.992355,24.398802,244.621262,0.585693,0.324951,0.165771,67.245483,103.950493,78.742981
0.734619,1.765137,0.073975,248.558029,60.165401,249.862656,0.521973,0.359619,0.197266,63.552853,130.119324,72.83783
0.655518,1.721191,0.051758,232.276901,97.31292,245.376572,0.412109,0.422363,0.191406,53.88641,128.112793,62.019344
0.452637,1.725342,0.029541,219.703659,127.220146,228.485092,-1.715332,1.926758,0.26416,249.992355,27.282713,-249.992355
0.666992,1.812988,0.134521,249.793991,-5.966186,234.06218,0.345703,0.200928,0.003418,172.233566,-42.572018,173.759445
-0.035889,1.566162,-0.133545,182.243332,151.908875,172.584518,-3.342529,1.817871,0.330322,229.820236,-223.266586,249.992355
0.044678,1.344482,-0.263184,158.798218,161.201462,133.201599,0.134277,-0.051758,0.452148,194.625839,-178.199753,217.277512
0.209717,1.053467,-0.446533,153.060913,200.889572,92.452995,-2.879883,2.108643,-0.092285,249.992355,-106.803886,249.992355
0.442871,0.770752,-0.65918,165.916428,245.307907,63.850399,-2.125244,2.342529,0.197266,249.992355,-5.470275,-231.628403
0.656982,0.570313,-0.785645,204.009995,249.992355,38.291931,-3.101563,2.107666,0.135742,249.992355,-145.042419,249.992355
0.668457,0.465088,-0.776123,245.811447,249.992355,13.481139,-2.145996,2.310303,0.207275,249.992355,-23.269651,-184.79155
0.501221,0.453613,-0.720703,249.992355,249.992355,-10.482787,-2.015869,2.162354,0.134766,249.992355,-20.950315,-136.34491
0.336182,0.625244,-0.644775,249.992355,249.992355,-24.528502,-1.844238,2.018555,-0.002197,249.992355,8.995056,-94.16198
0.213135,1.034424,-0.606445,249.992355,249.992355,-17.486572,-1.739014,1.947998,-0.155029,249.992355,57.479855,-57.380672
0.218018,1.506104,-0.640137,249.954208,249.992355,-2.761841,-1.750732,1.932617,-0.290771,249.992355,106.224052,-21.263121
0.130127,1.708008,-0.023926,206.199631,145.309448,203.842148,-2.228027,1.944336,-0.569824,249.992355,160.743698,59.837337
-0.064209,1.300049,0.326172,-143.798828,-108.467094,-154.571533,-2.379395,1.958252,-0.67334,249.992355,167.930588,108.619682
-0.114014,1.199463,0.338379,-154.953003,-98.884575,-133.453369,-2.366699,1.970459,-0.807129,249.992355,167.846664,160.469055
-0.179199,1.271729,0.3479,-184.570297,-86.784355,-119.705193,-2.463867,1.956543,-0.849854,249.992355,163.299545,218.254074
-0.114502,1.424072,0.305908,-225.891098,-75.584412,-110.191338,-1.929688,1.940186,-0.450195,249.992355,141.204834,15.884398
0.084717,1.936035,-0.007324,-249.992355,153.335571,-40.290829,-2.691895,1.955322,-0.769775,249.992355,114.181511,249.992355
0.101074,1.676514,0.116943,-249.992355,-27.862547,-78.811646,-2.965332,2.065186,-0.089355,249.488815,-99.212639,249.992355
0.016357,1.691406,0.097412,-249.519333,22.941587,-62.110897,-2.603027,1.960205,-0.805176,249.992355,146.980286,248.985275
-0.05127,1.778564,0.072266,-249.992355,87.394707,-48.515316,-3.539795,2.145752,-0.356689,249.992355,-65.895081,249.992355
0.039795,1.60498,0.203613,-249.992355,-59.776302,-96.794121,-3.453857,2.087646,-0.508057,249.984726,-22.727964,249.992355
-0.019043,1.645752,0.373779,-156.051636,-113.601677,-186.485275,-3.100342,1.955811,-0.580566,249.992355,1.838684,249.992355
-0.296631,2.575195,0.772461,-249.992355,113.807671,-46.07391,-3.325684,2.098389,-0.161621,249.992355,-92.26226,249.992355
0.127441,1.650879,0.654785,-180.595383,-107.948296,-192.581161,-2.809082,1.778076,-0.482178,249.992355,19.500732,249.992355
0.261963,1.375244,0.778809,-206.397995,-97.106926,-186.80571,-2.865234,1.795654,-0.529785,249.992355,42.228695,249.992355
0.331055,1.294922,0.816162,-239.181503,-80.574028,-175.483688,-2.784668,1.871338,-0.674072,249.992355,75.508118,249.992355
0.367188,1.569336,0.755859,-249.992355,-72.517395,-168.724045,-2.862549,1.845703,-0.537354,249.992355,11.016845,249.992355
0.428223,2.193115,0.817627,-249.992355,-61.859127,-157.020569,-1.018799,1.98291,0.340576,-249.992355,249.893173,249.992355
0.672119,2.428711,0.83667,-249.992355,-10.238647,-126.251213,-0.343994,1.484863,-0.126465,-249.992355,-16.876221,-13.114928
1.020508,2.79834,0.866211,-249.992355,62.660213,-121.467583,-0.10498,1.369629,-0.119873,-249.992355,62.126156,-23.132322
0.98877,3.032715,0.87915,-249.992355,117.874138,-105.796806,-0.046875,1.296631,-0.203369,-249.992355,130.821228,-17.63916
0.554932,2.629639,0.616455,-249.992355,140.083313,-72.631836,-0.174561,1.300781,-0.34082,-249.992355,197.38768,2.609253
-0.007813,2.422607,0.544189,-249.992355,135.513306,-34.881592,-0.351563,1.360352,-0.376709,-249.992355,244.361862,40.344234
0.355469,2.475098,-0.531006,-249.992355,199.714645,-46.989437,-0.542236,1.456543,-0.171387,-249.992355,249.992355,97.717278
0.013184,1.909912,0.520752,-171.104416,-110.626213,-200.324997,-0.643799,1.587158,0.144775,-249.992355,249.992355,156.410217
0.818848,3.50415,-2.158203,-249.992355,185.729965,-72.174072,-0.796143,1.740723,0.297119,-249.992355,249.984726,213.127121
1.374512,2.364014,-0.698975,249.992355,195.49559,179.397568,-0.962158,1.878418,0.324463,-249.992355,249.992355,248.29863
4.67334,7.273438,-7.999756,-249.992355,-220.344528,-224.754318,-0.990967,2.035156,0.409668,-249.992355,248.970016,249.992355
-0.177246,2.38501,0.899658,-249.992355,94.680779,-151.855469,-1.106445,3.168457,0.97168,-249.992355,-249.992355,249.992355
0.764648,0.962158,-0.306396,249.572739,51.025387,249.992355,-1.354248,2.191406,0.430176,-249.992355,249.992355,249.992355
0.753662,0.97998,-0.379883,249.992355,40.153503,249.42778,-1.757568,2.403564,0.452148,-249.992355,179.817184,249.992355
0.904297,0.913086,-0.464355,249.992355,33.096313,249.992355,-1.966553,2.737549,0.418701,-249.992355,59.67712,249.992355
1.128174,0.804932,-0.519775,249.992355,44.494625,249.992355,-1.922607,3.002197,0.447021,-249.992355,-79.795837,249.992355
1.224121,0.720459,-0.503418,249.992355,62.07275,221.763596,-1.650391,3.064453,0.549561,-249.992355,-204.055771,249.992355
1.034424,0.719238,-0.448975,249.992355,65.345764,178.550705,-1.398193,3.010742,0.608887,-249.992355,-249.542221,249.992355
0.796875,0.74292,-0.363281,249.992355,60.585018,142.127991,-1.146973,2.899902,0.61377,-249.992355,-249.992355,249.992355
0.733643,0.893311,-0.226074,249.992355,78.849792,109.344475,-1.167969,2.695557,0.68335,-249.992355,-249.992355,249.992355
0.70874,1.364502,-0.261719,249.992355,114.608757,69.046021,-1.453857,2.79541,0.830078,-249.992355,-249.992355,249.992355
1.644287,4.474365,-6.234863,-249.992355,33.576965,-120.071404,-0.712158,1.645264,-0.054443,-249.992355,-77.346802,-2.792358
0.57373,1.632813,-0.484619,249.992355,135.620117,43.029781,-1.03125,2.093262,0.446289,-249.992355,249.992355,249.992355
0.975342,1.889648,-0.662109,249.992355,149.528503,87.966911,-0.988037,2.040527,-0.894775,-249.992355,-95.787041,15.937804
1.816162,3.269531,-0.611816,249.992355,245.254501,221.748337,-1.043213,0.69043,0.138916,249.877914,-249.992355,-249.443039
1.571533,4.102783,-0.543945,249.870285,249.29808,199.882492,-2.230957,6.230957,-5.184326,-249.992355,173.896774,97.427361
0.726563,4.088867,-0.332031,249.992355,249.55748,199.707016,-0.646729,2.977295,0.907959,-249.992355,-249.984726,249.992355
0.168701,4.025146,0.203125,249.992355,249.992355,171.043381,-0.991943,0.700195,-0.016846,249.992355,-249.992355,-249.992355
0.095703,4.072998,0.453613,243.446335,226.699814,103.080742,-0.980957,0.71582,-0.169434,249.992355,-249.992355,-249.992355
-0.258301,3.452881,0.196533,249.992355,123.924248,142.059326,-1.112793,0.711182,-0.238525,249.992355,-249.992355,-221.290573
-0.330078,4.253418,-0.501709,249.992355,-24.353025,219.573959,-1.179688,0.674805,-0.224365,249.992355,-249.992355,-184.28038
-0.661133,6.652344,-3.037598,-45.738216,-194.602951,72.174072,-1.119629,0.677734,-0.257324,249.992355,-249.992355,-157.173157
3.492432,7.999756,-5.963623,-249.992355,-187.293991,-220.001205,-1.037109,0.782959,-0.302002,249.992355,-249.992355,-124.977104
0.680664,1.672119,-0.596436,249.992355,135.543823,43.05267,-1.033936,0.965088,-0.265137,249.992355,-249.992355,-85.144035
0.783447,0.974365,-0.259766,239.181503,50.239559,249.992355,-1.101074,1.172363,-0.252686,249.992355,-249.992355,-48.927303
-0.122314,1.758789,0.791992,-249.992355,74.752808,-219.833359,-1.224121,1.373047,-0.306641,249.992355,-249.992355,-28.610228
-0.281494,1.443115,0.498779,-249.992355,56.922909,-249.977097,-1.387207,1.657471,-0.380127,249.992355,-249.969467,-21.049498
0.407471,1.562012,0.064941,249.992355,73.707581,170.326218,-1.549072,2.094238,-0.560059,249.992355,-249.992355,-10.879516
0.449219,1.508545,0.007324,249.992355,66.299438,173.873886,-1.533936,2.630859,-0.688721,249.992355,-249.732956,0.350952
0.476318,1.476807,-0.029297,249.992355,53.016659,173.416122,-1.121094,3.205566,-0.741699,249.992355,-248.016342,-13.496398
0.416748,1.479736,-0.05957,249.992355,29.312132,174.491867,-0.702637,3.559082,-0.619873,249.954208,-249.992355,-51.536556
0.250244,1.469971,-0.109131,249.992355,-11.016845,180.87767,-0.262451,3.66626,-0.365234,249.984726,-248.847946,-80.581657
0.215576,1.388916,-0.147705,249.992355,-63.217159,175.300583,0.351563,3.687256,-0.093018,249.992355,-109.497063,-65.925598
0.382568,1.355957,-0.171631,249.992355,-100.990288,153.251648,0.816406,3.341309,0.136475,248.435959,93.078606,15.724181
0.537598,1.314209,-0.203613,249.992355,-124.343864,124.717705,0.871826,2.720459,0.180664,247.077927,234.588608,118.873589
0.628418,1.25293,-0.3125,249.992355,-139.907837,94.093315,1.585693,2.645508,0.130615,249.992355,249.992355,91.293327
0.44165,1.063477,-0.537109,249.855026,-154.518127,39.627075,0.794678,3.752441,-0.009766,206.176743,247.871384,-18.234253
0.367188,1.602051,0.111816,249.992355,79.032898,165.88591,-2.45166,6.850342,-3.476563,-136.131287,249.824509,111.28997
0.481201,1.139648,-0.608887,249.992355,-157.066345,18.852234,-1.762695,7.999756,-7.538818,-249.992355,249.992355,186.500534
0.648193,1.398926,-0.660889,237.602219,-101.554863,-29.525755,-1.272217,3.293701,-3.029541,-249.992355,-42.076107,52.345272
0.955811,1.389648,-0.830322,247.817978,-21.461485,-15.129088,-0.736572,2.262451,0.601807,-249.992355,-249.992355,249.977097
1.237793,1.408691,-0.80249,249.992355,128.593445,24.246214,-0.342773,1.52124,0.626465,-249.977097,-249.816879,249.992355
1.27124,1.758789,-0.622314,249.992355,242.645248,71.311951,0.167236,1.110596,0.538574,-249.992355,-249.061569,249.893173
1.114258,2.348877,-0.511719,249.992355,249.93895,117.401115,-1.110352,1.376221,0.297119,236.877426,-229.530319,-249.992355
0.804688,2.956787,-0.647705,249.954208,249.992355,157.928467,-0.931396,1.28125,0.306885,249.992355,-246.627792,-249.992355
0.455811,3.732178,-0.713867,249.946579,249.481186,151.268005,-0.783691,1.263916,0.281982,249.992355,-249.992355,-249.992355
-0.063721,4.350098,-0.468262,249.992355,246.086105,97.999565,-0.719971,1.257568,0.217041,249.992355,-245.513901,-249.587997
-0.748047,4.454102,-0.237549,248.680099,249.992355,64.743042,-0.759277,1.226318,0.147705,249.992355,-238.84581,-249.992355
-0.176758,1.608643,0.651855,-249.969467,64.361572,-234.17662,-0.798584,1.174316,0.091309,249.992355,-239.807114,-249.992355
0.540771,1.30542,-0.628418,248.016342,-141.372681,-9.971619,-0.794678,1.101074,0.000244,249.992355,-247.688278,-233.688339
0.322266,1.636475,0.161865,249.992355,81.512444,164.543137,-0.808105,0.976074,-0.078857,249.992355,-249.992355,-193.145737
0.571289,1.141357,-0.44873,249.923691,-148.490906,63.285824,-0.844971,0.868896,-0.102051,249.992355,-249.992355,-161.361679
0.302979,1.82666,0.2854,249.992355,66.543579,169.403061,-0.917969,0.863037,-0.142822,249.992355,-249.992355,-134.643555
0.28833,1.711426,0.233154,249.992355,77.926636,165.336594,-1.344238,1.586914,0.343018,207.756027,-193.580612,-249.992355
-0.333496,0.801514,0.721191,-248.176559,42.91534,-249.992355,-1.043213,0.942383,-0.171631,249.992355,-249.992355,-109.245293
-0.217041,0.236328,0.98877,-249.992355,32.852173,-248.901352,-1.246338,1.202881,-0.10791,249.992355,-249.992355,-54.412838
-0.360596,-0.308838,1.341553,-249.992355,5.66101,-249.992355,-1.248779,1.355957,-0.129883,249.992355,-249.992355,-34.141541
-1.13501,-0.737793,1.687988,-152.114868,-63.667294,-249.992355,-1.265869,1.576172,-0.282715,249.992355,-249.969467,-33.042908
-2.189209,-0.835693,1.900146,-71.266174,-178.176865,-198.196396,-1.315186,1.88208,-0.480225,249.992355,-249.992355,-47.470089
-2.237305,-0.687988,2.490234,-32.035828,-249.992355,-121.6278,-1.319336,2.299072,-0.70166,249.992355,-249.992355,-66.27655
-1.088623,-0.953613,2.446777,80.108643,-221.946701,-63.743587,-1.154785,2.656494,-0.831055,249.992355,-248.458847,-84.297173
-0.048828,-2.483643,2.166748,230.415329,-170.349106,-40.206905,-0.748535,2.651855,-0.834473,249.67955,-249.992355,-103.149406
-0.539307,-2.916504,1.467285,249.992355,-154.464722,-1.304626,-0.246094,2.743652,-0.735352,249.992355,-249.992355,-105.422966
-1.441162,-1.321533,1.096436,249.992355,-121.032707,41.084286,0.364014,3.861572,-0.836426,249.992355,-186.454758,-64.39209
-0.39209,1.246582,0.53418,-249.93895,49.087521,-249.992355,0.516602,4.268066,-1.054688,236.923203,-26.573179,12.245177
-1.955322,0.456787,1.8125,249.992355,15.11383,133.842468,-1.178467,1.069824,-0.152344,249.992355,-249.992355,-83.045952
-2.458252,-0.217773,1.957031,249.992355,-32.989502,77.796936,-1.546875,1.899902,0.416504,194.847092,-143.051147,-249.992355
0.30835,1.997803,0.452881,249.992355,34.828186,181.556686,0.463379,3.019043,-0.703369,235.542282,98.907463,-11.047362
0.293213,2.077148,0.534668,249.992355,18.974304,186.958298,-1.636475,2.228271,0.531982,193.794235,-9.506226,-249.992355
0.280273,2.071533,0.602051,249.992355,8.483887,195.655807,0.655273,0.911377,0.569092,-249.992355,-249.992355,248.840317
0.239258,1.952148,0.673096,249.992355,5.561828,206.138596,1.105957,0.736572,0.810791,-248.92424,-247.299179,249.992355
0.328369,1.919434,0.351074,249.992355,50.85754,176.200851,1.692383,0.470215,1.331787,-249.992355,-180.435165,249.992355
0.10498,1.48877,0.718506,249.992355,10.208129,220.19194,2.419434,0.10498,2.157227,-249.992355,-103.584282,176.033005
-0.137695,1.208496,0.869385,249.992355,16.075134,213.340744,3.264404,-0.151123,2.886963,-205.047592,6.622314,85.624687
-0.827637,0.886475,1.234863,249.992355,19.462585,186.088547,3.89502,-0.142334,3.650635,-101.348869,158.042908,33.317566
0.155029,1.748535,0.712646,249.992355,6.637573,215.599045,-1.605957,2.14209,0.495605,197.082504,-80.665581,-249.992355
-2.594727,5.356934,-0.689209,178.520187,-124.679558,-3.807068,3.007324,0.246826,3.626221,68.153381,249.992355,-165.75621
1.296631,2.103271,-0.470703,249.992355,190.475449,-174.217209,2.684814,0.138428,2.978027,174.766525,249.992355,-242.111191
1.113281,2.623047,-0.465088,249.992355,208.618149,-144.554138,2.412354,0.264893,2.232178,237.449631,249.992355,-249.992355
0.35791,2.978271,-0.571533,249.93132,147.445679,-121.177666,2.459961,0.629395,1.615479,193.527206,249.961838,-249.992355
-0.351318,2.998535,-0.526611,249.992355,54.855343,-110.862724,3.573242,0.083252,4.184814,-9.056091,246.376022,-41.473385
-0.238281,3.304443,-0.361816,249.992355,64.39209,-89.99633,1.597168,1.59082,1.126953,81.359856,249.992355,-249.992355
-0.111816,4.249023,0.034668,247.558578,184.112534,-60.791012,0.087158,1.874023,0.570068,89.607231,249.992355,-249.992355
1.241699,1.719971,-0.472412,249.992355,136.131287,-204.658493,-0.850586,2.070557,0.224121,101.081841,225.387558,-249.992355
-0.594482,4.370117,0.151855,246.131882,249.992355,-21.736143,-1.290039,2.211914,0.089111,121.978752,209.915146,-249.992355
-1.22876,3.501465,0.153564,249.992355,197.952255,-5.729675,-1.491943,2.341064,0.044189,148.719788,203.842148,-249.992355
-3.436523,7.999756,-3.723145,-200.614914,-249.992355,23.216246,-1.656738,2.511963,0.124756,165.695175,188.987717,-249.992355
-0.503662,2.440918,0.349365,-166.938766,207.97728,249.992355,-1.732422,2.64624,0.234863,161.422714,157.447815,-249.992355
0.679443,5.667969,-5.950684,-248.573288,-3.52478,249.855026,-1.706787,2.578857,0.324463,154.266357,119.514458,-249.992355
-0.026367,3.228271,-1.94165,-249.992355,243.064865,249.748215,-1.732178,2.407227,0.375732,164.184555,89.523308,-249.992355
-0.338135,2.830322,-0.11499,-249.992355,249.992355,249.496445,-1.709717,2.281006,0.460693,180.801376,51.681515,-249.992355
-0.463623,1.758545,0.461426,-48.622128,126.121513,243.179306,2.448975,1.13501,1.342285,101.730339,249.565109,-249.992355
-0.51123,1.529053,0.501465,30.71594,47.050472,185.989365,0.451416,3.571777,-0.404541,55.14526,249.67955,-109.886162
-0.712891,1.988281,0.556152,30.929564,-41.572567,108.055107,1.744873,2.975098,0.334717,169.143661,248.657211,9.124756
-0.74292,2.264404,0.351563,-42.884823,-153.633118,36.956787,0.508545,3.052002,-0.028564,226.600632,192.573532,124.870293
-0.553711,1.759277,0.442383,-89.385979,-240.341171,-5.264282,0.68042,3.595703,-0.382568,249.992355,9.95636,76.095581
-0.30127,1.151123,0.611816,-101.448051,-249.992355,-47.248837,-1.345703,2.241455,-0.337891,249.984726,-249.992355,10.833739
1.266602,1.285889,-0.268555,249.992355,77.629089,-226.890549,-0.354736,3.218994,-0.504395,249.43541,-249.992355,-16.746521
-0.475342,7.999756,-6.938721,-249.93895,-249.992355,158.508301,-0.860596,2.914551,-0.493164,249.992355,-249.992355,-31.539915
1.211182,0.869141,-0.234619,249.992355,34.194946,-230.537399,-1.209961,2.640381,-0.437012,249.992355,-248.374924,-21.39282
-0.073975,0.842773,0.632324,-113.250725,-249.992355,-92.353813,0.301025,3.544189,-0.409912,249.992355,-176.429733,19.332886
0.772461,0.530762,-0.411621,249.992355,5.149841,-184.867844,-2.708008,6.678711,-4.251221,-157.989502,249.992355,53.771969
0.144287,1.538574,0.227295,249.992355,-18.852234,31.799314,-0.542236,1.30835,0.356201,-249.992355,249.984726,75.904846
0.246094,1.652588,-0.084717,249.992355,-41.900631,50.97961,-1.395508,5.224365,-5.668701,-249.992355,-102.882378,-106.468193
0.380615,1.717773,-0.190674,249.992355,-65.093994,76.416016,-0.605713,3.308594,-0.453369,-249.992355,-216.011032,-104.881279
0.486816,1.726074,-0.273682,249.992355,-79.597473,101.829521,-0.309082,2.452393,0.595215,-249.992355,-170.944199,-104.24041
0.558594,1.690918,-0.325439,249.992355,-85.136406,124.320976,-0.042725,1.880371,0.726318,-249.992355,-102.508537,-111.839287
0.603271,1.623779,-0.306885,249.992355,-84.136955,139.320374,0.045654,1.72168,0.570801,-249.992355,-32.463074,-113.769524
0.620117,1.562012,-0.247559,249.80162,-78.025818,149.520874,0.052002,1.816406,0.178223,-249.992355,31.433104,-90.454094
0.644531,1.53125,-0.177246,249.595627,-70.030212,158.325195,-0.001221,1.856934,-0.017334,-249.992355,96.099846,-49.713131
0.551025,1.575684,-0.17334,249.992355,-55.435177,163.505539,-0.036621,1.681396,-0.013428,-249.992355,166.191086,-10.231017
0.359375,1.626465,-0.280518,244.590744,-31.387327,167.388901,-0.13208,1.419678,0.233887,-249.992355,231.529221,14.617919
1.040771,0.622559,-0.304199,249.992355,9.887695,-218.040451,-0.339111,1.289795,0.435791,-249.992355,249.992355,37.780762
0.406006,1.520996,-0.458252,206.977829,-11.009215,173.538193,-1.32666,1.853027,-0.327148,249.992355,-249.992355,42.076107
0.731201,1.106445,-0.676758,193.22966,14.038085,184.860214,-3.248779,7.999756,-7.999756,-249.992355,207.412704,97.763054
0.68335,0.907227,-0.760742,211.051926,19.119263,186.271652,-1.215332,1.568359,-0.343994,249.992355,-249.969467,44.715878
0.472168,0.783203,-0.718994,235.992416,15.281676,187.18718,-1.350342,1.032471,0.140869,220.985397,-249.900803,-249.824509
0.284668,0.742676,-0.664795,249.504074,-0.480652,180.824265,-1.038086,1.16333,-0.229492,249.992355,-249.992355,21.041868
0.279053,0.662354,-0.648926,249.992355,-28.320311,167.40416,-0.713135,1.387207,0.316895,-249.992355,249.992355,120.780937
0.354736,0.585693,-0.615234,249.992355,-49.140926,142.410278,-0.966309,2.217529,0.222168,249.992355,249.992355,-249.992355
0.483643,0.5271,-0.5979,249.992355,-51.345821,103.584282,-1.324219,2.402588,0.091064,238.075241,249.877914,-249.992355
0.639404,0.527344,-0.566895,249.992355,-33.241272,38.673401,-1.578125,2.492676,0.030762,224.502548,249.374374,-249.992355
0.59668,0.564453,-0.526611,249.992355,-7.369995,-48.110958,-1.799072,2.511719,-0.009766,226.013168,249.992355,-249.992355
0.570557,0.548096,-0.493896,249.992355,6.690979,-128.875732,-1.833252,2.45459,0.024658,225.059494,248.329147,-249.992355
0.609375,1.303711,-0.576416,189.636215,2.456665,181.098923,-1.682617,2.287842,0.114258,217.491135,203.033432,-249.992355
0.15332,0.720703,0.607666,-132.904053,-249.992355,-140.419006,-1.625977,2.133545,0.188965,214.889511,153.404236,-249.992355
0.200439,0.822266,0.593018,-204.177841,-249.992355,-225.524887,-1.55542,2.073975,0.263184,217.140182,104.316704,-249.992355
0.715332,1.053711,-0.211914,222.450241,40.252682,249.984726,-1.479004,2.029053,0.307129,217.430099,39.207458,-249.992355
-1.169189,-1.502441,1.6521,228.965744,-249.992355,29.479979,-1.108887,1.352783,-0.290039,249.992355,-249.992355,33.706665
-1.008789,-1.184814,1.077637,249.992355,-249.465927,42.732235,-1.568359,1.880615,0.220215,203.376755,-42.457577,-249.992355
-1.324463,-0.637695,0.526611,249.992355,-249.992355,59.753414,-1.586182,1.289795,0.206299,201.942429,-220.138535,-249.992355
-2.004883,-0.362793,0.957764,205.604538,-249.992355,98.937981,-1.151367,0.810547,0.023926,245.483383,-249.992355,-249.412521
-1.579346,0.034424,1.012207,165.695175,-229.90416,158.737183,-1.014648,0.635986,-0.077393,249.992355,-249.992355,-249.992355
-0.607422,0.593994,0.59082,158.943176,-178.344711,213.005051,-0.902344,0.519531,-0.198242,249.992355,-249.992355,-246.131882
-0.035645,1.026611,0.475586,150.970459,-142.280579,246.017441,-0.77832,0.449951,-0.258789,249.992355,-249.992355,-198.471054
0.262451,1.344238,0.426025,136.291504,-115.341179,249.992355,-0.572998,0.446045,-0.263916,249.992355,-249.992355,-157.287598
0.443604,1.560791,0.352539,115.356438,-92.918388,249.992355,-0.539795,0.500732,-0.290283,249.992355,-249.992355,-131.881714
0.675293,1.513916,0.207764,91.857903,-32.188416,249.992355,-0.768799,0.601563,-0.284424,249.992355,-249.992355,-100.708
-1.528564,-0.568115,1.85498,92.834465,-249.992355,-45.494076,-1.02124,0.754883,-0.253662,249.992355,-249.992355,-53.924557
0.755127,1.469727,0.142578,104.270927,0.244141,249.992355,-1.078857,0.949463,-0.216797,249.992355,-249.992355,-6.019592
0.553711,1.323486,0.068604,153.564453,41.244503,249.992355,-1.687256,1.584473,0.209961,196.00676,-134.437561,-249.992355
0.383301,1.275391,0.112549,164.840683,43.823238,249.992355,-0.858154,1.516113,0.269531,-249.992355,249.969467,171.18071
0.377686,1.265869,0.112793,174.766525,35.644531,249.992355,-0.340576,1.955811,0.518311,249.992355,249.992355,-249.992355
0.451172,1.270996,0.055908,184.043869,25.077818,249.992355,-0.96875,1.808838,0.227295,-249.992355,249.992355,249.786362
0.493652,1.266357,0.003174,192.901596,17.684937,249.992355,1.865479,-0.019043,1.795654,235.244736,249.992355,-215.339645
0.538086,1.256104,-0.047607,200.622543,13.999938,249.992355,1.919922,0.313965,1.49707,248.367294,249.992355,-240.692123
0.621582,1.226318,-0.11377,205.764755,12.573241,249.992355,1.961182,0.85498,1.306152,249.992355,249.992355,-249.992355
0.641846,1.189697,-0.144043,209.114059,16.975403,249.992355,1.374268,1.291992,1.178955,221.817001,249.992355,-249.992355
0.631348,1.139893,-0.166016,213.066086,28.213499,249.992355,0.344971,1.685303,0.867432,175.285324,249.992355,-249.992355
0.230225,0.732422,0.608887,-160.018921,-249.992355,-185.379013,-0.470703,1.949463,0.559326,134.933472,249.992355,-249.992355
0.722412,1.402344,0.08374,131.797791,25.634764,249.992355,-1.12915,2.08252,0.351807,105.270378,249.992355,-249.992355
-1.921143,-0.306396,2.156738,7.514953,-247.924789,-120.49102,-1.502197,2.17627,0.253418,74.119568,249.992355,-249.992355
0.566406,1.570557,0.280029,96.977226,-65.734863,249.992355,-1.46582,2.212402,0.358154,32.089233,249.984726,-249.992355
-1.311523,-0.531494,1.914551,-105.148308,-88.577263,-177.635178,-1.45459,2.243164,0.514404,-9.643555,249.992355,-249.992355
0.237549,0.897217,0.549072,-245.002731,-249.961838,-248.229965,2.168945,-0.369141,2.157227,244.758591,242.057785,-220.664963
-1.916504,-0.583984,2.135498,-36.071777,-189.514145,-146.835327,-1.592773,2.236084,0.652588,-42.091366,249.732956,-249.992355
0.357666,0.963379,0.557617,-249.992355,-249.992355,-249.992355,-1.827148,2.071045,0.692871,-77.194214,249.992355,-249.992355
0.402344,1.093506,0.62793,-249.992355,-249.885544,-249.992355,-1.782227,1.922363,0.688477,-74.554443,245.39946,-249.992355
0.575439,1.363037,0.563477,-249.992355,-247.711166,-249.992355,-1.637451,1.779541,0.672363,-58.4259,157.38678,-249.992355
0.999268,1.793457,0.411377,-249.992355,-249.992355,-249.992355,-1.522217,1.628174,0.665771,-35.095215,65.818787,-249.992355
1.480957,2.376953,0.333252,-249.992355,-249.992355,-249.992355,-1.510986,1.441162,0.647461,-11.566161,-18.90564,-249.992355
1.30127,3.341797,0.504883,-249.992355,49.674984,-249.992355,-1.513428,1.241455,0.655029,16.654968,-119.949333,-249.992355
0.735352,3.3125,0.907227,-249.992355,162.178024,-249.992355,-1.431396,1.060303,0.606201,57.052608,-224.395737,-249.992355
0.297363,3.183838,1.236572,-249.992355,210.311874,-249.992355,-1.326416,0.89917,0.52124,105.728142,-249.992355,-249.992355
0.037598,2.80249,1.332031,-249.992355,208.045944,-249.992355,-1.20874,0.781494,0.431152,163.307175,-249.992355,-249.992355
1.641846,3.042725,0.33252,-249.992355,-118.263237,-249.992355,-1.076416,0.710205,0.299805,224.838242,-249.992355,-249.992355
-0.102051,2.11499,0.999756,-249.992355,171.928391,-249.992355,-1.748535,2.182373,0.691895,-64.77356,248.809799,-249.992355
-0.766357,-0.039795,1.409424,-193.809494,-23.559568,-215.476974,2.454834,-0.410156,2.762695,178.710922,165.397629,-165.847763
-0.167725,2.300537,1.196289,-249.992355,183.082565,-249.992355,-0.936035,1.663574,0.230225,-249.992355,249.244675,226.829514
-0.47876,0.694092,0.439697,-249.992355,57.800289,-249.992355,3.274902,0.036865,2.787354,-81.199638,-33.370972,82.420341
-0.351563,0.812012,0.145264,-248.93187,102.561943,-249.992355,-1.003174,1.953125,0.229736,-249.992355,249.992355,249.992355
-0.213623,1.049805,0.031006,-249.992355,148.139954,-249.778732,-1.122559,2.075439,0.297852,-249.992355,207.527145,249.992355
-0.563965,0.483887,0.848633,-249.992355,16.677856,-237.167343,-1.198242,2.206299,0.274658,-249.992355,143.920898,249.992355
0.078613,1.424072,0.230957,-249.977097,196.731552,-249.992355,-1.209961,2.355957,0.255859,-249.992355,81.268303,249.992355
0.08667,1.317627,0.428467,-249.992355,188.461288,-249.992355,-1.276855,2.563721,0.28418,-249.992355,20.919798,249.992355
0.012207,1.667236,0.74292,-249.992355,176.483139,-249.992355,-1.409668,2.779053,0.384033,-249.992355,-40.222164,249.992355
-0.156494,1.297363,0.089355,-249.992355,182.884201,-249.984726,2.938965,-0.098633,3.199951,25.80261,61.882015,-43.693539
0.332031,0.919678,-0.428467,249.763474,34.52301,113.960258,-1.492432,2.926758,0.536621,-249.992355,-150.802612,249.992355
0.604492,1.549072,0.11084,249.992355,81.893913,249.992355,-1.277344,2.820801,0.623291,-249.992355,-183.937057,249.992355
0.678955,1.445557,0.078125,249.992355,111.328117,249.748215,-0.971191,2.628174,0.75,-249.992355,-219.551071,249.992355
0.728516,1.306152,0.018799,249.992355,138.465881,249.992355,-0.686279,2.480957,0.857422,-249.992355,-247.825607,249.992355
0.732422,1.165039,-0.074707,249.992355,160.911545,249.992355,-1.501953,2.9021,0.489502,-249.992355,-102.119438,249.992355
0.669189,1.048096,-0.140625,249.992355,175.956711,236.679062,-0.284424,1.963135,0.659424,-249.992355,-249.992355,249.992355
0.606689,0.955078,-0.209473,249.992355,179.450974,215.28624,-0.405762,1.556885,0.514648,-249.992355,-249.992355,249.984726
0.542725,0.908203,-0.29126,249.992355,169.357285,190.391525,-0.262451,1.174316,0.483643,-249.984726,-249.992355,249.992355
0.437012,0.893066,-0.338379,249.992355,141.868591,165.473923,0.076172,0.9104,0.465088,-249.992355,-249.877914,249.992355
0.364258,0.902588,-0.370117,249.916061,94.093315,140.083313,0.454834,0.754883,0.546143,-249.992355,-249.969467,249.465927
0.394043,0.932129,-0.494385,249.992355,-28.182981,86.402885,0.802246,0.594971,0.737793,-248.992905,-249.992355,249.992355
1.321289,2.638428,0.411133,249.992355,249.992355,7.751464,1.265869,0.406494,1.042725,-249.992355,-245.841965,249.992355
0.606445,0.942383,-0.429932,228.073105,-126.182549,15.022277,1.86792,0.205078,1.470947,-249.992355,-229.76683,228.973373
0.748535,0.971436,-0.346191,208.557114,-140.777588,-21.965025,2.350586,0.040039,1.958984,-198.036179,-196.205124,175.056442
0.957764,1.007813,-0.248047,195.228561,-127.517693,-46.165462,2.84375,0.003174,2.301758,-131.248474,-123.611443,141.166687
1.122803,1.058105,-0.181152,192.329391,-83.168022,-48.828121,-0.35791,2.305908,0.779297,-249.992355,-249.992355,249.992355
1.187256,1.181885,-0.138428,200.004562,-9.590149,-34.934998,-0.884277,0.46582,-0.446777,249.992355,-198.51683,-148.216248
1.237549,1.405518,-0.064209,217.887863,78.704834,-14.801024,-0.868896,0.538818,-0.41748,249.992355,-182.952866,-161.193832
1.385498,1.679688,0.077637,241.165146,166.320786,2.471924,-0.904053,0.612549,-0.38916,249.992355,-169.181808,-184.318527
1.56543,1.98877,0.247314,249.992355,232.887253,8.811951,-0.979736,0.67041,-0.292725,249.992355,-158.607483,-216.423019
1.522461,2.33252,0.367676,249.992355,249.992355,10.299682,-1.222168,1.345459,0.18335,246.482834,-77.629089,-249.992355
0.535645,1.565186,0.17627,249.992355,52.856441,249.992355,-1.165771,0.87207,-0.174561,249.992355,-142.654419,-249.992355
0.500488,0.931396,-0.486328,248.077377,-85.433952,53.138729,-1.188721,1.037109,-0.092773,249.961838,-128.219604,-249.992355
0.467773,1.549316,0.252686,249.992355,25.527952,249.992355,-1.175293,1.206299,0.006592,248.023972,-106.811516,-249.80162
0.187012,2.22876,0.865479,-249.992355,249.992355,-230.590805,-1.081055,0.741943,-0.221924,249.992355,-151.786804,-242.759689
0.37207,1.581787,0.406982,249.992355,-33.287048,249.992355,-0.883545,0.441406,-0.419434,249.992355,-213.951096,-123.954765
1.216797,3.145996,0.4021,249.992355,240.35643,2.227783,-0.908447,3.244141,-0.294434,249.969467,-249.992355,-46.386715
-0.07959,1.868652,0.731934,-249.992355,249.984726,-180.328354,-0.71875,0.631836,-0.201416,249.992355,-249.18364,-91.415398
-0.136475,1.51416,0.773926,-249.732956,249.992355,-158.13446,-0.656006,0.797607,-0.183838,249.992355,-249.992355,-89.75219
-0.453369,0.890137,0.854492,-249.30571,249.824509,-121.139519,-0.619141,0.985107,-0.230713,249.992355,-249.992355,-83.145134
-0.579346,0.400146,1.042969,-249.992355,248.893723,-102.310173,-0.538818,1.216064,-0.300781,249.992355,-249.992355,-67.573547
-0.780762,-0.050781,1.236084,-243.209824,249.992355,-103.218071,-0.489746,1.453369,-0.281494,249.992355,-249.992355,-53.207394
-0.974365,-0.333252,1.382813,-181.594833,248.4207,-99.052422,-0.510742,1.685059,-0.173096,249.992355,-249.992355,-46.012875
-1.133301,-0.518311,1.419189,-121.368401,169.349655,-97.351067,-0.569336,1.913086,-0.138672,249.992355,-249.992355,-43.022152
-1.415283,-0.687744,1.388916,-64.331055,54.725643,-111.434929,-0.630859,2.145508,-0.156738,249.992355,-249.992355,-41.954037
-1.587646,-0.782715,1.312256,-12.870788,-75.454712,-132.881165,-0.850342,2.536133,-0.200195,249.984726,-249.702438,-40.985104
0.410889,1.550781,0.348877,249.992355,-3.14331,249.992355,-1.073486,2.996826,-0.259277,249.992355,-249.290451,-40.786739
-1.370361,-0.759033,1.321289,53.070065,-200.904831,-133.735657,-1.290771,1.451172,0.379883,244.987473,-42.510983,-249.992355
-0.701416,-0.368164,0.835693,199.562057,-249.992355,-23.735044,-0.793213,0.505127,-0.309814,249.992355,-234.451279,-101.753227
-1.085449,0.156006,0.67627,177.085861,-249.992355,97.549431,-1.368896,1.601318,0.433105,245.65123,2.464294,-249.992355
-1.343262,0.377197,0.794678,134.101868,-249.992355,144.119263,1.727539,0.314697,1.313232,205.741867,249.870285,-247.726425
-1.284668,0.760498,0.870605,114.616386,-240.10466,185.890182,-1.265625,1.689941,0.374268,249.80925,106.964104,-249.992355
-0.79541,1.169434,0.84668,129.219055,-217.109665,229.362473,-0.566895,3.272461,-0.099609,249.153122,-242.37822,-53.215023
-0.303467,1.467041,0.670654,154.327393,-196.639999,249.336227,-0.567139,1.079346,0.830566,-249.992355,-249.656662,249.992355
0.015137,1.649658,0.597168,174.110397,-167.114243,249.992355,-0.056396,0.683594,0.88208,-249.992355,-249.870285,249.717697
0.238525,1.677246,0.567383,193.10759,-131.591797,249.992355,0.390381,0.480469,0.925293,-249.793991,-249.992355,249.671921
0.290527,1.656006,0.515381,221.069321,-95.92437,249.992355,0.803223,0.300537,1.028076,-249.092087,-238.121017,249.992355
0.325928,1.611572,0.449951,244.76622,-63.781734,249.992355,1.254639,0.091797,1.193115,-249.992355,-183.883652,241.249069
-0.931641,-0.655518,1.189941,137.649536,-249.656662,-92.628471,1.6604,-0.210205,1.438232,-246.353134,-105.636589,189.880356
1.124512,3.718994,0.379639,249.93895,221.870407,10.589599,1.916504,-0.659424,1.860596,-168.65538,-4.837036,126.136772
-0.763916,-0.050049,0.64502,209.083542,-249.740585,40.626522,1.924561,-1.067139,2.142334,-42.640682,103.881828,36.125183
0.130859,4.03833,0.577881,249.992355,105.087273,84.96093,1.618164,-1.15918,2.069092,80.062866,205.123886,-61.347958
0.172607,2.9021,0.319336,-249.992355,-167.007431,-42.549129,-1.37793,1.720703,0.394287,249.992355,54.748531,-249.992355
0.282715,2.95752,0.419922,-249.992355,-167.785629,-52.055355,1.247314,-0.933105,1.767578,180.931076,248.93187,-119.003288
0.502197,2.75708,0.46582,-249.992355,-148.796082,-70.266724,1.484375,-0.13501,1.144531,249.992355,249.900803,-212.1353
0.577393,2.486816,0.436035,-249.992355,-114.212029,-94.512932,1.434814,0.765137,1.351807,135.543823,249.992355,-249.992355
0.487549,2.173096,0.302002,-249.992355,-69.046021,-89.447014,0.634277,1.112061,1.066406,115.32592,246.887192,-249.992355
0.402832,1.775879,0.169434,-249.992355,-21.476744,-76.843262,-0.157227,1.269043,0.666992,117.286674,231.422409,-249.992355
0.174316,1.447021,0.170898,-249.992355,27.94647,-68.954468,-0.461182,1.349121,0.410889,136.672974,223.09874,-249.992355
-0.0354,1.192383,0.323486,-249.992355,64.453125,-58.776852,-0.576416,1.440918,0.393555,165.832504,218.452438,-249.992355
-0.147705,0.877197,0.581787,-249.992355,89.073174,-49.278255,-0.703613,1.545654,0.372559,181.861862,212.356552,-249.992355
-0.200195,0.478271,0.947998,-249.412521,101.829521,-52.726742,-0.877197,1.592041,0.325684,196.784958,201.6754,-249.992355
0.03125,2.719238,0.203613,-249.992355,-133.430481,-24.29962,-1.044922,1.571777,0.299072,217.193588,183.1436,-249.992355
-0.225098,0.046387,1.431396,-249.992355,91.979973,-68.534851,-1.145508,1.5979,0.333008,238.891586,151.298523,-249.992355
-0.583008,-0.031494,2.210693,-220.581039,32.752991,-81.657402,1.17749,-0.538574,1.375,243.782028,249.992355,-157.936096
-0.594238,-0.080811,2.375,-160.987839,28.732298,-44.258114,-0.852295,1.907227,0.553955,-249.992355,-249.992355,249.992355
-0.344727,-0.182861,2.056885,-70.838928,42.327877,-2.082825,-0.119629,3.893555,-0.026367,249.992355,-152.153015,-39.543152
-0.071289,-0.539307,1.618408,70.1828,55.976864,20.729063,0.648438,3.695313,-0.528809,207.633957,181.236252,96.359245
-0.165771,-0.91333,1.230713,219.253525,58.212276,26.863096,-0.710205,2.175537,0.358154,-249.992355,-104.469292,249.992355
-0.354492,-0.802246,1.105957,249.992355,50.239559,6.065368,-0.721191,2.263672,0.46582,-249.992355,-136.680603,249.992355
-0.585693,-0.288086,1.356201,249.992355,43.579098,-28.404234,-0.805176,2.370361,0.576172,-249.992355,-192.47435,249.992355
-0.868896,0.268799,1.57373,249.992355,38.68103,-31.394957,-0.841309,2.421143,0.650391,-249.992355,-244.476303,249.992355
-0.849609,0.691895,1.295166,249.992355,32.88269,0.938415,-0.794922,2.26123,0.672119,-249.992355,-249.992355,249.992355
0.762207,3.830566,0.458496,249.992355,172.676071,33.64563,-0.733643,1.844727,0.74707,-249.992355,-249.984726,249.832138
-0.380371,-0.12915,1.866699,-249.992355,59.547421,-84.342949,-0.375977,1.38501,0.758301,-249.992355,-249.992355,249.481186
-0.027832,2.508545,0.096191,-249.992355,-77.392578,-7.507324,0.288818,1.024658,0.727539,-249.992355,-249.992355,249.992355
-0.250977,1.197998,0.724365,249.992355,7.621765,22.224424,0.796631,0.739502,0.670166,-249.992355,-249.275192,246.208176
0.217529,2.026855,0.104004,-249.992355,10.383605,18.165588,1.59375,0.275635,1.387939,-249.969467,-249.992355,179.008469
0.0896,2.239502,0.05835,-249.992355,-25.482176,5.569458,-0.862793,2.158691,0.307373,-249.992355,-75.294495,249.992355
0.11377,3.136475,0.096436,247.558578,24.703978,53.062435,1.778564,0.172363,1.672852,-249.992355,-223.686203,167.846664
-0.8396,1.962646,-0.281006,249.992355,-122.192375,-52.902218,2.528809,-0.241943,2.324951,-170.356735,7.118225,89.859001
-1.116699,3.791992,-1.05127,174.858078,-237.136826,-153.366089,2.226807,-0.695313,2.72583,-46.592709,122.291557,-14.999389
-0.436279,7.566406,-2.561035,-182.060226,-249.992355,-201.477036,1.515625,-0.803955,2.494629,123.298637,184.867844,-135.002136
1.320313,7.999756,-6.384033,-249.992355,-249.992355,-40.77911,1.459717,-0.54126,2.054932,193.443283,223.068222,-181.777939
1.962891,5.080566,-4.914063,-249.992355,-83.259575,150.756836,1.595703,-0.338379,1.480713,223.678574,249.580368,-190.093979
0.578125,1.783691,0.425781,-249.992355,117.309563,177.467331,1.751709,-0.126221,1.217041,249.992355,249.992355,-234.420761
0.496826,1.381104,0.603516,-249.992355,126.449577,164.703354,2.302734,0.430908,1.523193,249.992355,249.992355,-249.992355
0.537354,1.208252,0.577148,-249.992355,133.270264,149.040222,1.872803,1.077393,1.490234,249.992355,249.992355,-249.992355
0.580322,1.151367,0.41626,-249.771103,136.558533,130.126953,0.603271,1.577637,0.977783,249.732956,249.992355,-249.992355
0.911377,2.802002,-0.858643,-249.992355,86.044304,182.975754,0.64209,4.619385,-0.341797,249.992355,12.20703,13.732909
0.298828,1.843506,0.14502,-249.992355,28.121946,23.590086,2.116943,0.067871,1.940186,-233.787521,-119.262688,142.364502
0.491455,1.165039,0.195068,-249.992355,135.185242,114.685051,-1.107422,2.278076,0.300781,-249.992355,-40.321346,249.992355
0.314209,1.668701,0.180908,-249.992355,33.874512,20.423887,1.223877,0.473633,0.95459,-249.54985,-249.992355,204.597458
0.307861,1.500732,0.205811,-249.992355,39.093018,20.89691,-1.151123,2.338623,0.49292,-249.992355,54.107662,249.992355
0.279541,1.379883,0.193604,-245.307907,49.697872,28.221128,-1.193848,2.378662,0.377686,-249.992355,3.051758,249.992355
0.243896,1.35083,0.152588,-234.947189,63.613888,32.363892,1.125244,1.179932,0.321777,249.992355,249.992355,-87.09716
-0.066406,4.108154,0.36499,247.627243,72.738647,125.930779,-1.918701,3.014648,-0.611084,247.566208,183.090195,-212.242111
0.270752,1.249756,0.119385,-228.965744,95.191948,60.005184,-5.325928,7.518555,-3.677002,-121.841423,-68.557739,-22.415159
0.320557,1.188477,0.134521,-240.806564,112.915031,86.662285,-1.824463,7.747314,-7.649414,-249.992355,-160.636887,72.532654
0.365234,1.171387,0.131104,-249.992355,127.990715,104.431145,-1.069336,3.743652,-4.534912,-249.992355,-108.535759,24.116514
0.231201,1.333252,0.133301,-231.040939,78.552246,39.596558,-0.981445,2.537109,-0.660645,-249.961838,-148.994446,17.585754
-0.1604,1.19043,0.378174,249.992355,-175.056442,249.992355,-0.740723,1.938721,-0.359375,-249.717697,-173.278793,-5.729675
-1.21167,-0.937012,1.867432,-2.830505,-189.880356,-77.178955,-0.67041,1.283203,-0.426758,-249.992355,-168.357834,-22.430418
-1.165527,-0.750732,1.676758,77.293396,-248.291,-56.495663,-0.634766,0.833008,0.029297,-249.832138,-130.645752,-23.979185
-1.217285,-0.689209,1.47876,123.374931,-249.969467,-18.1427,-0.469238,0.79541,0.273438,-233.970627,-59.196468,-13.877868
-1.262207,-0.431152,1.247803,157.165527,-249.671921,44.837948,0.283447,1.922363,-0.293213,224.121078,249.252304,124.603264
-1.003662,0.016357,0.987549,177.696213,-249.992355,101.295464,-0.283691,1.256592,-0.086182,-249.992355,88.661186,44.05212
-0.929443,0.446289,0.758057,196.052536,-249.992355,144.989014,-0.338135,0.980713,0.117676,-241.516098,22.308348,11.741637
-0.696045,0.72998,0.582764,235.237106,-230.445847,199.325546,-0.953857,2.01001,0.510742,-249.992355,119.934074,249.992355
-0.268311,0.975586,0.397461,249.992355,-205.940231,244.590744,-0.869629,1.865479,0.462402,-249.992355,128.700256,249.992355
-1.154053,-0.611084,1.882813,-103.591911,-68.29071,-103.431694,-0.854004,1.802734,0.414551,-249.992355,129.981995,244.827255
0.85498,1.349121,0.060791,249.992355,90.827934,249.900803,-0.866455,1.800293,0.318848,-249.992355,134.941101,214.355453
0.290283,1.620361,0.260254,249.992355,-112.289421,249.992355,-1.064209,2.193604,0.539795,-249.992355,95.947258,249.992355
0.459717,1.751709,0.128418,249.992355,-88.630669,249.992355,-0.775635,1.852051,-0.40625,-249.992355,151.931763,153.297424
0.580078,1.82251,0.07666,249.992355,-73.051453,249.992355,-0.612793,1.758545,-0.467529,-249.992355,150.794983,114.776604
0.615967,1.788574,0.071777,249.992355,-60.531612,249.992355,-0.393555,1.537598,-0.31665,-249.992355,131.958008,76.828003
0.619141,1.732666,0.076904,249.992355,-51.757809,249.992355,-0.862305,1.839844,-0.035156,-249.992355,145.446777,184.53978
0.649658,1.695801,0.041504,249.992355,-43.975826,249.992355,-1.125977,1.978027,0.017334,249.992355,218.04808,-249.992355
0.665771,1.626465,0.043945,249.992355,-27.481077,249.992355,2.209473,-0.647705,2.85498,76.957703,157.76825,-97.732536
0.707031,1.51416,0.066895,249.992355,4.348755,249.992355,2.172607,-0.591553,2.429688,196.533188,243.591293,-135.627747
0.813477,1.401123,0.065186,249.992355,46.127316,249.992355,2.114014,-0.331787,2.066895,246.02507,249.275192,-174.240097
-1.084717,-0.28833,1.723877,-181.739792,35.91156,-126.380913,1.909668,0.17627,1.808105,249.992355,249.992355,-228.080734
0.009766,1.419189,0.364502,249.992355,-142.562866,249.992355,1.46875,0.74585,1.677002,249.992355,249.992355,-249.992355
-0.93335,-0.130615,1.485352,-244.338974,108.741753,-142.532349,0.58374,1.187744,1.217041,249.992355,208.656296,-249.992355
-0.408936,1.096191,0.16626,-172.622665,-162.208542,10.604857,2.315674,-0.606201,3.247314,-33.676147,60.646053,-21.583555
-0.547119,0.529785,0.95752,-249.252304,192.611679,-185.020432,-0.264893,1.477295,0.611572,249.992355,183.364853,-249.992355
0.806885,1.313232,0.008301,249.992355,127.334587,249.969467,-0.776611,1.731689,0.206543,249.992355,197.860703,-249.992355
-0.450195,1.194092,0.254639,-173.484787,-236.434921,-20.851133,-1.445313,2.155029,-0.13916,249.992355,225.814804,-249.992355
-0.440918,1.209473,0.394287,-168.960556,-249.992355,-52.665707,-2.029785,2.140137,-0.167236,249.992355,174.682602,-249.992355
-0.324463,1.265625,0.358643,-180.473312,-249.992355,-103.507988,-1.86499,2.2854,-0.366455,249.992355,229.438766,-249.992355
-0.175781,1.389648,0.38623,-205.360397,-249.992355,-163.970932,-2.024414,2.293457,-0.345215,249.992355,220.878586,-249.992355
0.050781,1.479004,0.437012,-233.92485,-249.984726,-216.674789,-2.106201,2.240723,-0.292236,249.992355,200.294479,-249.992355
0.234131,1.477295,0.565674,-249.336227,-249.992355,-245.056137,-1.82666,1.954834,-0.145508,249.992355,139.648438,-249.992355
0.362305,1.460205,0.622803,-249.992355,-249.992355,-249.992355,-1.678467,1.681885,-0.167969,249.992355,96.160881,-249.992355
0.494141,1.486572,0.633789,-249.992355,-249.488815,-249.992355,-1.553467,1.458008,-0.199951,249.992355,44.883724,-249.992355
0.647217,1.536377,0.628906,-249.992355,-249.595627,-249.992355,-1.466797,1.370605,-0.201416,249.992355,-17.89093,-249.992355
0.752441,1.72876,0.62915,-249.992355,-249.992355,-249.992355,-1.439941,1.33374,-0.203369,249.992355,-91.38488,-249.626144
0.878174,2.029297,0.652832,-249.992355,-233.375534,-249.992355,-1.428711,1.204346,-0.28418,249.992355,-165.168747,-249.992355
0.979736,2.301514,0.699951,-249.992355,-147.239685,-249.992355,2.28418,-0.366211,2.948242,-158.355713,-11.810302,82.450859
0.901855,2.523682,0.747803,-249.992355,-47.645565,-249.992355,-1.666992,2.237061,-0.291016,249.992355,227.5009,-249.992355
0.614014,2.664307,0.793945,-249.992355,35.110474,-249.992355,2.148682,-0.041992,2.198486,-249.992355,-111.41967,157.180786
0.205078,2.618408,0.882568,-249.992355,87.921135,-249.992355,-1.407471,0.962402,-0.348633,249.992355,-219.413742,-249.992355
-0.071777,2.262939,0.989502,-249.992355,116.218559,-249.992355,1.229492,0.223389,1.268799,-248.283371,-249.992355,219.329819
0.05249,1.967041,0.995117,-249.992355,133.06427,-249.992355,-0.084229,1.421875,-0.158691,-249.992355,216.178879,-19.126892
0.266357,1.962158,0.819092,-249.992355,154.319763,-249.992355,-0.321533,1.560791,-0.268799,-249.992355,248.733505,19.866943
0.057373,1.756836,0.585938,-249.992355,182.319626,-249.633774,-0.665039,1.651367,-0.288574,-249.992355,249.992355,57.02972
-0.044189,1.80542,0.352539,-249.992355,210.853561,-249.992355,-0.937256,1.73999,-0.260986,-249.992355,249.992355,97.908012
-0.191406,1.535889,0.468018,-249.992355,221.885666,-246.681198,-1.032227,1.817139,-0.2229,-249.992355,230.873093,136.177063
-0.38501,0.975098,0.661377,-249.755844,215.78978,-219.406113,-1.047363,1.941162,-0.217041,-249.992355,192.687973,168.90715
-0.701904,0.127197,1.22876,-249.992355,157.318115,-160.476685,-0.996582,2.179443,-0.189209,-249.992355,163.87175,203.826889
0.75708,1.209717,-0.116455,249.992355,149.185181,249.992355,-0.90332,2.4104,-0.074951,-249.992355,150.344849,241.134628
1.17749,1.373779,0.067139,202.072128,249.992355,94.291679,-0.797363,2.416016,0.202881,-249.992355,147.850037,249.992355
0.63208,1.023682,-0.117188,249.992355,140.74707,227.691635,-0.70459,2.206299,0.540771,-249.992355,142.196655,249.992355
1.455322,2.789795,-2.533936,-249.992355,-82.389824,-58.067318,1.790527,0.104492,1.569092,-249.992355,-219.711288,198.089584
1.182129,1.771973,-0.564941,-249.992355,-46.279903,-62.507626,-0.734863,2.031982,0.700195,-249.992355,125.335686,249.992355
0.771973,1.349854,0.303955,-249.992355,-44.723507,-71.685791,-1.022461,2.3396,0.169922,-249.992355,71.846008,249.992355
0.552734,1.201904,0.406006,-249.992355,-60.951229,-81.260674,-1.012207,2.429199,0.061523,-249.992355,39.222717,249.992355
0.406982,1.099365,0.37915,-249.992355,-90.934746,-97.930901,-1.062256,2.484375,0.19165,-249.992355,-12.626647,249.992355
0.246338,1.066406,0.364502,-249.992355,-126.525871,-121.864311,-1.249023,2.809082,0.358154,-249.992355,-81.909172,249.992355
0.202637,1.147705,0.398193,-249.847397,-159.309387,-148.849487,-1.195313,2.868408,0.429199,-249.992355,-153.305054,249.992355
0.219482,1.271484,0.463867,-249.694809,-186.264023,-171.958908,-0.817871,2.205811,0.521973,-249.992355,-204.307541,249.992355
0.177246,1.3125,0.547852,-249.992355,-202.728256,-187.759384,-0.5,1.375,0.772949,-249.992355,-228.157028,249.80162
0.684326,1.093994,-0.144287,249.992355,155.61676,246.589645,-0.17334,0.810303,0.906738,-249.969467,-246.604904,249.93132
2.159912,3.106934,-3.76416,-249.992355,-222.793564,-85.266106,0.302246,0.51709,1.040771,-249.992355,-249.191269,249.992355
0.327637,1.085205,0.518799,-216.54509,-213.172897,-223.106369,0.758057,0.372314,1.131104,-249.977097,-249.992355,243.103012
0.646973,1.149658,0.317383,-190.864548,-193.962082,-249.992355,-0.906982,2.114014,0.560547,-249.992355,99.792473,249.992355
0.84082,1.409668,0.215088,-203.498825,-170.585617,-249.992355,-1.312744,0.695313,-0.344238,249.992355,-239.326462,-229.77446
1.048096,1.723877,0.232422,-230.041489,-136.451721,-249.992355,-0.020752,1.227783,-0.094727,-239.440903,130.302429,-63.789364
1.360352,1.889893,0.293213,-242.538437,-77.964783,-249.992355,-1.027832,0.358154,-0.407715,249.992355,-196.121201,-152.938843
1.683838,2.188965,0.345215,-246.604904,12.527465,-249.992355,-0.25708,1.379395,-0.572266,-249.992355,192.687973,7.003784
1.818848,2.793701,0.485596,-249.992355,134.971619,-249.893173,-0.408936,1.320801,-0.50293,-249.992355,206.245407,43.083187
1.574951,3.039551,0.734375,-249.992355,236.541733,-249.992355,-0.436035,1.340332,-0.070557,-249.992355,211.235031,81.169121
0.994873,3.026367,0.997559,-249.992355,249.992355,-249.992355,-0.485352,1.409912,0.120361,-249.992355,212.394699,113.93737
0.491943,2.73877,1.115234,-249.992355,249.992355,-245.971664,-0.623047,1.439209,0.23291,-249.992355,215.774521,145.515442
0.4021,2.534424,1.063965,-249.992355,249.992355,-240.295395,-0.678467,1.400146,0.312988,-249.992355,213.63829,168.769821
0.482422,1.051025,0.419434,-197.990402,-208.404526,-246.994003,-0.696045,1.334473,0.38501,-249.992355,205.871567,184.959396
3.738525,4.694336,-2.855225,-249.992355,-249.992355,-176.368698,-0.704834,1.310791,0.359619,-249.992355,199.371323,204.833969
0.19043,1.208984,0.571045,-245.666489,-210.044846,-199.615463,-0.699951,1.351074,0.324219,-249.992355,192.893967,219.810471
-2.262451,7.697998,-2.832275,56.884762,-249.084457,-249.992355,-0.808105,1.465088,0.241699,-249.992355,175.292953,239.21965
2.499023,7.999756,-3.604004,-249.992355,-248.611435,-249.992355,-0.234619,1.427734,-0.482422,-249.992355,174.70549,-13.626098
0.585938,0.91333,-0.116699,249.763474,102.561943,196.144089,-0.958252,1.665039,0.093018,-249.992355,143.356323,249.992355
0.544922,0.833008,-0.169922,249.572739,41.702267,156.684875,-1.227539,2.122314,0.041992,-249.992355,66.680908,249.992355
0.575928,0.788574,-0.23999,249.992355,-31.639097,113.876335,-1.38501,2.229248,0.188965,-249.992355,27.297972,249.992355
0.628174,0.792236,-0.260742,243.362411,-101.08947,70.747375,-1.446289,2.25,0.249023,-249.992355,-12.397765,249.992355
0.715332,0.827148,-0.252441,195.915207,-152.435303,30.273436,-1.420898,2.261475,0.250977,-249.992355,-52.383419,249.992355
1.057373,0.849365,-0.268555,128.494263,-146.453857,-21.102903,-1.474365,2.373047,0.221436,-249.992355,-87.036125,249.992355
1.186279,0.842529,-0.271729,128.105164,-78.468323,-16.906738,-1.483887,2.532471,0.199219,-249.992355,-112.30468,249.992355
1.312744,0.850098,-0.209473,140.350342,20.64514,-1.358032,-1.261963,2.482422,0.268311,-249.992355,-123.100273,249.992355
1.353027,0.893555,-0.077393,158.409119,153.808594,23.559568,-1.073242,2.439209,0.39624,-249.992355,-141.975403,249.992355
1.258545,1.064697,0.018066,179.092392,244.789108,60.997005,-1.04248,2.833496,0.508057,-249.992355,-194.808945,249.992355
0.872803,0.856934,-0.257813,152.297974,-171.43248,-3.227234,-0.915527,2.758789,0.450684,-249.992355,-244.811996,249.992355
1.034424,2.084961,0.252441,249.992355,249.969467,101.509087,-1.085938,1.914551,-0.031006,-249.992355,104.797356,249.992355
1.132568,1.735596,0.144043,235.603317,249.992355,102.920525,-0.390137,1.51001,-1.35376,-249.992355,156.311035,-8.827209
-1.955322,2.084961,-0.450928,249.992355,-236.663803,-217.086777,-1.199951,0.484619,-0.354248,249.992355,-226.11998,-196.662888
-1.158447,2.736084,-0.347168,245.010361,-71.296692,-74.478149,-0.92334,6.92749,-7.67041,-249.992355,249.992355,97.038261
-0.468506,3.624023,-0.298584,249.992355,126.274101,13.130187,-0.854004,0.303711,-0.414551,249.992355,-169.746384,-107.841484
-0.333252,4.168701,0.041748,249.992355,249.992355,27.755735,-0.819092,0.271729,-0.419678,249.992355,-146.41571,-87.532036
-2.561035,4.012939,-1.342285,249.992355,-249.992355,-248.222336,-0.849854,0.234619,-0.50415,249.992355,-142.105103,-78.125
0.974121,4.109619,0.724854,249.992355,247.993454,72.273254,-0.906982,0.30127,-0.559814,249.992355,-157.310486,-72.776794
1.207275,3.311768,0.609375,249.992355,249.832138,87.806694,-1.0271,0.444336,-0.65918,249.992355,-193.771347,-72.120667
1.044434,2.543457,0.464355,249.992355,249.992355,101.142876,-1.065918,0.607666,-0.727051,249.992355,-239.677414,-70.43457
0.284668,4.336182,0.530518,249.885544,249.992355,48.988338,-1.223877,2.403564,-4.67334,-249.992355,199.897751,26.06201
-0.318848,1.244141,0.153564,-249.977097,183.876022,-37.162781,-0.950195,1.04834,-0.481201,249.992355,-249.992355,-60.043331
1.055908,2.096436,0.508057,-249.992355,-72.647095,-248.512253,-0.865234,1.325439,-0.329346,249.992355,-249.992355,-56.869503
1.136475,2.510742,0.567139,-249.992355,35.995483,-200.66832,-0.781494,1.686523,-0.204102,249.992355,-249.977097,-60.020443
0.962891,2.779297,0.694092,-249.992355,142.112732,-129.829407,-0.83252,2.184082,-0.124023,249.992355,-249.992355,-59.638973
0.599121,2.780762,0.918457,-249.992355,214.27916,-64.437866,-1.006104,0.799316,-0.622559,249.992355,-249.992355,-65.887451
0.252686,2.556396,1.116455,-249.992355,242.698654,-25.138853,-0.608398,2.858154,0.05249,249.992355,-248.977646,-32.730103
0.039307,2.350098,1.140869,-249.992355,230.941757,-12.33673,-0.820313,2.611084,-0.037109,249.992355,-249.992355,-51.879879
-0.063232,2.310547,1.107178,-249.992355,198.257431,-21.14868,2.196533,4.474609,-0.359131,148.4375,248.79454,118.10302
-0.163086,2.244629,0.840576,-249.992355,169.868454,-49.583431,0.77002,1.441895,0.344971,249.992355,214.637741,58.158871
-0.241211,1.690186,0.488281,-249.992355,165.962204,-57.487484,0.445557,1.046387,0.328857,248.947128,90.202324,78.88031
-0.182861,1.00415,0.220459,-249.992355,178.61937,-48.21014,0.487305,1.952881,-0.093994,247.062668,32.600403,102.996819
-1.984375,-0.860596,1.51416,249.992355,-249.992355,185.821518,2.529297,7.999756,-3.833008,-196.479782,249.992355,136.59668
-0.47998,0.492676,0.429443,-248.817429,58.433529,-71.022034,0.035156,4.487549,-0.146484,249.992355,-88.256828,88.653557
-0.462158,0.26001,0.75415,-249.992355,-62.255856,-81.977837,0.108154,4.401367,-0.104004,249.923691,-212.50914,76.942444
-0.510254,-0.129395,1.293213,-249.992355,-205.024704,-92.361443,-0.043457,3.91333,-0.141357,249.992355,-249.992355,61.477657
-0.814453,-0.460205,1.901855,-201.934799,-249.992355,-108.253471,-0.273926,3.314209,0.008789,249.992355,-249.992355,13.168334
-1.254639,-0.476807,2.442871,-90.080254,-249.977097,-106.842033,0.094238,3.456787,-0.212891,249.992355,0.465393,109.756462
-1.30127,-0.217529,2.526611,19.927979,-249.992355,-48.439022,-1.172119,2.089111,0.08252,-249.992355,135.192871,249.992355
-0.799316,-0.268066,2.006592,134.69696,-249.992355,39.993286,-1.122803,2.141846,-0.010254,-249.992355,99.006645,249.992355
-0.756592,-1.050049,1.577148,229.385361,-249.015793,76.950073,-1.141846,2.214844,-0.062744,-249.992355,55.90057,249.992355
-1.446777,-1.414063,1.495605,249.992355,-249.992355,106.033318,-1.180176,2.24707,-0.060303,-249.992355,19.554138,249.992355
0.874756,1.709717,0.481445,-249.992355,-162.6129,-249.992355,-1.005371,2.198242,0.10376,-249.992355,-11.611938,249.992355
-0.315186,0.732666,0.325195,-249.992355,134.780884,-61.645504,-0.765137,2.111572,0.294189,-249.992355,-50.178524,249.984726
0.663818,1.371582,0.51123,-249.992355,-229.866013,-249.382004,-0.710938,2.05542,0.480957,-249.992355,-102.439873,249.992355
0.402832,3.828613,0.308838,249.870285,249.992355,179.542526,-0.666016,1.951416,0.44751,-249.992355,-175.865158,249.992355
0.29126,0.996094,0.60083,-241.088852,-249.992355,-224.250778,-0.52417,1.64209,0.326904,-249.992355,-240.615829,249.511703
-1.812256,0.055664,1.437988,249.992355,-203.81163,244.529709,-0.241211,1.229492,0.457031,-249.992355,-249.992355,249.992355
-0.062988,4.062256,0.504395,249.992355,249.992355,186.180099,1.79541,0.287109,1.493408,248.146042,249.992355,-245.178207
-0.58667,4.580566,0.579102,249.992355,198.005661,173.629745,0.512451,0.791504,0.76123,-249.725327,-248.962387,231.742844
-0.63501,3.239502,0.67041,243.141159,64.720154,32.714844,0.935303,0.424072,1.154541,-249.259933,-249.992355,182.159409
-1.254883,1.721436,0.412109,249.992355,-86.074821,-27.763365,1.260498,0.027344,1.526367,-249.992355,-247.245773,159.538269
-1.276367,4.871338,-0.379883,249.992355,-199.745163,38.116455,1.534424,-0.106689,1.80127,-243.354782,-169.296249,142.234802
0.891113,7.999756,-3.570068,-81.542961,-198.127731,14.297484,1.853516,-0.097168,2.126465,-178.73381,-54.38995,89.309685
3.029297,7.999756,-7.999756,-249.977097,-99.586479,22.064207,2.062744,-0.170166,2.385742,-102.577202,75.332642,24.04785
0.787598,4.354004,-5.448242,-249.992355,153.85437,238.128647,2.032227,-0.19873,2.393799,-24.627684,200.332626,-42.091366
0.0625,2.950684,-0.656494,-249.992355,249.992355,249.992355,1.775635,-0.110352,2.2146,48.439022,249.282822,-96.275322
0.439697,1.133789,0.559326,-249.992355,-249.992355,-245.292648,1.386719,-0.276611,2.02417,159.889221,249.992355,-142.26532
0.022949,2.54834,0.310059,-249.023422,249.992355,249.992355,1.506348,-0.237061,1.76416,227.027878,249.992355,-197.441086
0.047363,1.809814,0.217773,-249.992355,127.372734,201.759323,-1.155518,2.065186,0.190674,-249.992355,151.016235,247.085556
-0.31543,1.130859,0.22876,-99.441521,13.862609,76.141357,0.094971,1.015381,0.544678,-249.992355,-249.80162,249.992355
-0.374268,1.140381,0.257568,-38.665771,-32.447815,31.387327,-1.062012,2.007813,0.370117,-249.992355,152.236938,219.703659
-0.427734,1.177002,0.31958,-39.360046,-82.893364,2.372742,-0.360596,0.998779,-0.089844,-249.992355,-86.143486,-74.539185
-0.408936,1.085938,0.483643,-52.986141,-143.531799,-18.173218,-0.867188,1.998779,0.165771,-249.992355,146.789551,174.148544
-0.328613,1.019531,0.494873,-79.368591,-207.46611,-45.204159,1.348877,0.863525,1.111572,248.489365,249.832138,-249.992355
-0.237793,1.0,0.565186,-106.658928,-247.306808,-80.970757,0.385498,4.103027,0.022949,249.992355,-37.818909,-16.189575
-0.156982,0.978516,0.585693,-137.641907,-249.992355,-120.353691,0.625977,3.29834,-0.265137,248.161301,142.883301,46.966549
-0.009277,0.940918,0.595215,-169.91423,-249.992355,-161.071762,0.67627,2.151367,-0.281006,244.926437,247.482285,101.753227
0.172363,0.936035,0.608154,-205.627426,-249.481186,-196.083054,0.817627,1.988037,0.263184,249.992355,242.034897,-15.167235
0.109131,2.256592,0.454346,-249.992355,202.331528,238.166794,-1.013672,4.272461,-0.471191,205.253586,180.183395,-101.943962
-1.243164,0.919678,0.887207,249.992355,-147.003174,249.992355,-2.011719,7.994141,-3.58374,-183.944687,170.730576,-11.596679
-0.110596,1.374756,0.064209,-212.524399,66.375732,141.204834,0.217285,7.631348,-7.504639,-249.992355,68.206787,-98.403923
0.110596,1.865723,0.201416,249.992355,-137.35199,249.992355,-1.403809,3.332031,-4.817383,-249.992355,-42.869564,-46.417233
0.979736,1.454834,-0.139648,71.495056,249.992355,-133.514404,-0.663574,2.218018,-0.887939,-249.992355,-123.344414,-36.4151
0.846191,1.697754,-0.26709,121.032707,249.992355,-120.811455,-0.922607,1.953857,0.371582,-249.992355,148.773193,190.551743
0.72998,2.052246,-0.224609,204.147324,249.992355,-112.350456,-0.425293,1.976807,-0.185059,-249.992355,-147.888184,-52.070614
0.568848,2.483887,-0.185791,249.290451,249.992355,-105.300896,-0.319092,1.344971,-0.487305,-249.992355,-125.885002,-56.221004
0.550293,3.032959,-0.039795,249.992355,249.992355,-83.305351,-0.352295,0.911621,0.159424,-249.992355,-38.825989,-75.584412
0.64502,3.473389,0.08374,249.992355,249.992355,-42.442318,-0.255127,1.015381,0.180908,-249.992355,9.70459,-62.339779
0.57373,3.837158,0.045654,249.992355,249.916061,5.53894,-0.196533,1.210449,0.051025,-249.992355,56.945797,-37.399292
0.224609,3.9729,-0.134277,249.93895,249.992355,43.731686,-0.219482,1.400635,-0.182861,-249.992355,104.36248,-4.310608
-0.308105,3.624756,-0.030518,249.992355,249.992355,36.628723,-0.331543,1.523926,-0.326416,-249.992355,147.842407,28.038023
-0.427979,1.527344,0.480713,249.992355,-132.263184,249.992355,-0.547852,1.621826,-0.25708,-249.992355,175.956711,60.729977
1.046143,1.370605,-0.126709,63.468929,226.692184,-134.056091,-0.728027,1.750488,-0.107422,-249.992355,183.761581,92.781059
-0.461182,3.512695,0.136963,249.992355,246.803268,16.586304,-0.811523,1.922607,-0.053223,-249.992355,173.103317,118.10302
-1.158691,2.50415,-0.037109,247.177109,249.992355,-15.052794,-0.892334,2.033447,0.011963,-249.992355,156.311035,148.254395
-1.361084,2.137695,-0.545654,249.992355,195.518478,47.523495,-0.343262,1.759766,-0.494141,-249.992355,-150.71106,-51.48315
-3.320557,5.109131,-2.057129,182.212814,-124.244682,-0.75531,0.603027,1.364746,0.856445,249.992355,249.992355,-249.992355
-4.642822,7.999756,-4.593994,-167.594894,-249.992355,-23.361204,-0.199219,3.931641,-0.160889,249.954208,-214.157089,-38.795471
-0.380127,7.566895,-6.484863,-249.992355,-249.992355,118.896477,-0.916504,1.920898,0.05127,244.689926,241.157516,-249.992355
0.63623,3.606689,-7.039307,-249.992355,-136.703491,224.250778,-1.064209,1.736816,-0.526367,249.992355,-249.992355,100.738518
-0.023926,1.981689,-2.382324,-249.603256,114.555351,200.447067,-1.223633,2.14209,-0.586182,249.992355,-249.649033,65.238953
-0.169922,1.58252,-0.124756,-249.870285,111.785881,181.159958,-0.979004,2.702393,-0.653076,249.992355,-248.512253,21.499632
-0.303223,1.491455,0.172607,-249.992355,59.997555,141.136169,-0.269287,2.719727,-0.628174,249.961838,-249.992355,-19.851685
-0.377441,1.312256,0.1875,-236.366257,-6.721496,93.109123,0.218506,2.578125,-0.479736,249.923691,-243.598923,-23.307798
-0.458252,3.415527,0.19873,247.78746,245.193466,-13.397216,0.379639,3.215088,-0.281738,249.992355,-123.054497,7.621765
1.125,1.199707,-0.042236,82.641594,139.816284,-128.738403,0.652344,3.879395,-0.473877,249.031052,46.134945,97.175591
-0.372803,1.103516,0.205078,-188.125595,-78.948975,48.095699,0.863281,3.243408,-0.5354,244.476303,206.756577,148.612976
1.449463,0.85376,-0.12793,134.82666,41.610714,-88.432304,0.80542,2.1521,0.228516,249.992355,249.763474,24.79553
0.223877,2.027588,0.129395,249.992355,-141.639709,249.992355,0.255371,2.803467,-0.044678,238.769516,245.422348,-139.900208
0.249512,2.107666,0.093506,249.969467,-136.695862,249.992355,-1.128662,1.750732,-0.512695,249.992355,-249.984726,132.072449
0.271484,2.132324,0.025635,249.763474,-121.559135,249.992355,-0.079346,6.628906,-2.126221,-124.946587,249.992355,-47.302242
0.319336,2.12207,-0.011963,249.992355,-99.548332,249.992355,-2.047119,4.843506,-6.735596,-249.992355,-6.072998,-38.780212
0.377686,2.124023,0.00708,249.870285,-75.309753,249.992355,-0.931152,2.146973,-0.613281,-249.992355,-189.376816,-76.530457
0.414795,2.123291,0.002686,235.794052,-47.592159,249.992355,-0.424805,1.87207,0.084717,-249.740585,-232.086166,-100.32653
1.343506,0.980469,0.110107,103.324883,69.740295,-113.998405,-0.265381,1.661133,-0.061035,-249.473557,-248.321518,-121.322624
0.526123,1.9104,0.023438,223.84642,14.007567,249.992355,-0.354492,1.407715,-0.111328,-249.992355,-249.93895,-137.802124
0.563477,1.789307,0.060303,217.353806,51.696774,249.992355,-0.391846,1.095215,-0.0896,-242.965683,-242.218002,-153.465271
0.643066,1.697754,0.043945,205.772385,88.943474,249.992355,-0.266357,0.849121,-0.015625,-189.254745,-224.822983,-168.182358
0.705322,1.634766,-0.011719,187.194809,117.927544,249.992355,-0.1521,0.773438,0.024658,-151.2146,-178.298935,-168.312057
0.469727,2.040039,-0.013672,228.050217,-17.532349,249.992355,-0.107178,0.835205,-0.039063,-151.077271,-89.927666,-147.994995
0.689697,1.429443,-0.097656,194.503769,167.098984,249.992355,-0.049316,1.008301,-0.088135,-189.125046,21.057127,-109.764091
0.760498,1.302734,-0.19165,197.944626,185.9207,249.870285,-1.96167,7.999756,-6.776611,-249.992355,249.992355,71.731567
0.79126,1.132324,-0.241211,197.128281,197.89122,248.908981,-1.158447,1.745117,-0.395752,249.992355,-249.984726,141.349792
0.745117,0.895264,-0.252441,209.297165,199.638351,249.992355,-0.191162,1.748291,0.429688,249.992355,249.992355,-249.992355
0.619629,0.727539,-0.306396,231.170639,180.137619,249.93895,-0.981201,1.311768,-0.247314,249.992355,-249.992355,121.429436
0.482666,0.744629,-0.394531,236.801132,139.198303,176.803574,-1.204834,2.039063,-0.155762,237.442001,235.099777,-249.992355
0.470459,0.703369,-0.419434,219.802841,94.131462,82.290642,-1.310059,2.149902,-0.258789,230.445847,234.214767,-249.992355
0.7229,0.541504,-0.305664,207.946762,58.593746,6.011962,-1.380859,2.204834,-0.26709,221.023544,235.259995,-249.992355
1.159668,0.551758,-0.260254,199.760422,35.240173,-42.144772,-1.490234,2.24707,-0.200195,210.823044,234.947189,-249.992355
1.4375,0.708496,-0.281738,176.124557,30.403135,-67.687988,-1.650879,2.226318,-0.145264,202.720627,221.397385,-249.992355
0.666992,1.553955,-0.050781,183.700546,142.974854,249.984726,-1.818848,2.149902,-0.081055,198.814377,184.53978,-249.992355
-0.096436,1.868164,0.470215,-249.572739,-125.358574,82.954399,-1.03418,1.57959,-0.287842,249.992355,-249.992355,137.741089
-0.078857,1.989746,0.400391,-249.992355,-84.442131,102.256767,-1.616211,1.896729,-0.091064,193.962082,48.423763,-249.992355
0.098877,2.17627,0.057373,-249.992355,-52.230831,118.766777,-1.588379,1.734619,-0.050049,193.626389,-30.273436,-249.992355
0.025635,2.663086,-0.885742,-249.992355,-39.482117,135.551453,-1.633789,1.580566,-0.034912,201.965317,-133.735657,-249.992355
-3.707275,5.190186,-1.782715,220.489487,-220.314011,-221.488937,-1.572998,1.39624,-0.051514,220.352158,-232.620224,-249.992355
0.570313,4.746582,-5.067627,-249.992355,-218.864426,100.013725,-1.784424,2.04126,-0.092773,196.609482,121.925346,-249.992355
-0.103027,7.5979,-7.29248,-249.992355,-249.992355,-13.122558,-1.344971,1.02002,-0.109375,249.992355,-249.992355,-249.694809
-4.937744,7.999756,-5.317627,-192.832932,-248.817429,-219.917282,-1.186768,0.860596,-0.263428,249.992355,-249.992355,-249.93132
-0.204102,3.616699,-2.563965,-249.992355,-79.093933,131.561279,-0.964844,0.740479,-0.399414,249.992355,-249.992355,-249.992355
0.007324,1.708252,0.489258,-249.839767,-156.929016,47.71423,-0.834229,0.562256,-0.52002,249.992355,-249.992355,-239.196762
0.182373,2.088867,0.660889,-249.992355,-249.992355,-209.632858,-0.892578,0.345215,-0.490479,249.992355,-249.992355,-198.066696
0.039063,1.299072,0.430664,-235.244736,-170.982346,-33.699036,-0.956299,0.232666,-0.437256,249.992355,-249.992355,-144.470215
-0.046387,1.265381,0.446777,-185.661301,-169.464096,-55.290218,-0.998291,0.216553,-0.397217,249.992355,-249.992355,-76.400757
-0.062744,1.438965,0.484375,-179.664597,-176.841721,-83.251945,-1.064941,0.303467,-0.348145,249.992355,-249.992355,-10.81848
-0.097168,1.479004,0.60083,-185.356125,-191.360458,-105.064384,-1.156006,0.539063,-0.358887,249.992355,-249.992355,43.403622
-0.068604,1.375,0.642822,-188.041672,-206.436142,-118.484489,-1.098633,0.912354,-0.312012,249.992355,-249.992355,88.760368
0.004395,1.397217,0.584229,-211.311325,-212.768539,-135.383606,-1.471924,1.210938,-0.027832,242.546066,-249.992355,-249.992355
0.082275,1.536865,0.55957,-243.301376,-216.880783,-151.565552,-0.025879,1.34082,-0.007568,-249.992355,-3.303528,-35.369873
0.158203,1.654541,0.573975,-249.992355,-221.58812,-168.91478,-0.182129,1.36084,0.001221,-249.992355,-34.690857,-49.133297
0.181396,1.758789,0.567383,-249.992355,-232.208237,-186.691269,-0.19873,1.330078,0.029541,-249.992355,-79.116821,-72.608948
0.169189,1.875488,0.610596,-249.992355,-248.100266,-200.691208,-0.241211,1.286133,0.0625,-249.992355,-124.359123,-80.749504
-1.615234,1.68042,0.223877,249.992355,-11.863708,-112.602226,-1.983643,5.19458,-5.767334,-249.992355,249.992355,39.405823
0.094727,1.510254,0.447998,-249.992355,-171.028122,2.159119,-0.562012,1.678223,-0.552246,-249.992355,-165.817245,-49.125668
-0.795654,2.916992,0.459473,243.499741,98.82354,-104.072563,-0.708008,2.358398,-1.612061,-249.992355,-116.104118,-27.046202
0.699951,1.099609,-0.368652,169.364914,249.992355,-12.413024,-1.247559,3.516113,-3.32666,-249.992355,41.984554,5.378723
-0.871826,4.368164,0.304688,249.992355,183.28093,-25.55847,-0.429932,1.361572,-0.023438,-249.992355,-157.051086,-68.79425
0.336914,2.594238,0.676758,-249.992355,-227.447495,-217.689499,-0.000732,1.318359,-0.070068,-249.992355,24.963377,-29.373167
0.473389,1.544189,0.134033,249.80162,-88.767998,192.97789,-1.419189,2.415527,-0.81958,-249.992355,28.167723,234.001144
0.518555,1.518555,0.164307,231.559738,-60.371395,206.20726,-0.421387,1.322998,-0.087402,-249.992355,123.031609,17.959595
0.575439,1.442383,0.220703,215.072617,-38.856506,217.773422,-0.561279,1.349121,-0.085693,-249.992355,177.024826,52.383419
0.601318,1.348633,0.287109,205.360397,-27.893064,228.454575,-0.679688,1.441406,-0.120117,-249.992355,221.717819,82.649223
0.520264,1.271973,0.324463,203.178391,-24.024961,240.341171,-0.797852,1.57373,-0.150146,-249.992355,245.452866,107.978813
0.548828,1.226807,0.264648,198.036179,-26.588438,243.827805,-0.931396,1.6521,-0.174316,-249.992355,243.667587,135.009766
0.703857,1.183594,0.182617,180.915817,-20.606993,226.974472,-1.033691,1.619629,-0.192871,-249.992355,216.972336,157.417297
0.881836,1.138428,0.132324,156.738281,7.339477,189.559921,-1.120361,1.635254,-0.291748,-249.992355,177.597031,170.600876
0.956055,1.059814,0.08252,142.097473,52.398678,138.046265,-1.246338,1.779541,-0.525879,-249.992355,140.548706,184.53978
-1.14502,4.429443,0.439941,248.413071,122.955315,-44.441219,-1.283203,1.96582,-0.712402,-249.992355,101.97448,197.631821
0.843506,0.953369,-0.03833,147.636414,104.507439,84.251396,-1.315674,2.194824,-0.814209,-249.992355,60.821529,207.34404
0.67627,0.931641,-0.287109,178.062424,227.867111,12.390136,-0.65625,7.999756,-7.3125,-249.992355,249.992355,58.486935
0.69458,1.285156,-0.364502,142.01355,249.992355,-25.085447,-0.20459,1.313477,-0.118896,-249.992355,67.565918,-12.413024
0.637451,1.38208,-0.414307,118.667595,249.992355,-29.800413,2.347656,7.342041,-3.902588,-186.29454,246.353134,74.188232
0.496826,1.353027,-0.640137,154.830933,249.992355,-32.905579,-0.932617,1.365723,-0.343262,249.992355,-249.992355,43.80798
0.385986,1.57251,-0.837646,231.758102,249.977097,-39.138794,0.800781,2.193604,-0.337891,249.992355,27.130125,-74.363708
0.31543,2.035156,-0.890625,249.992355,249.992355,-44.56329,-1.199951,2.613281,-0.593262,-249.992355,0.106812,249.992355
0.256348,2.512695,-0.963135,249.992355,249.93895,-27.084349,-1.216064,1.263672,0.007568,249.992355,-81.787102,-249.992355
0.3396,3.404785,-0.842773,249.992355,248.80217,-1.831055,-1.151367,1.126709,-0.009277,249.992355,-114.57061,-249.992355
0.3396,4.77417,-0.493896,249.946579,249.992355,-10.253905,-1.10376,1.002441,-0.009766,249.992355,-134.95636,-243.202194
-0.115479,4.920898,-0.148193,249.923691,249.992355,-32.539368,-1.023926,0.938477,-0.092773,249.992355,-147.476196,-222.373947
0.697754,0.870361,-0.162598,166.160568,164.184555,43.075558,-0.967773,0.904053,-0.198486,249.992355,-155.891418,-199.90538
0.428223,2.860352,0.707764,-249.992355,-165.214523,-223.09111,-0.978027,0.87085,-0.278809,249.992355,-166.587814,-181.320175
0.292969,2.691895,0.743408,-249.992355,-95.008842,-226.005539,-1.010254,0.807373,-0.395996,249.992355,-184.135422,-169.219955
0.053467,2.398193,0.847656,-249.992355,-50.918575,-216.949448,-1.068604,0.739502,-0.502197,249.992355,-211.296066,-158.325195
0.388428,1.6521,0.453857,249.992355,9.788513,249.992355,-1.17627,0.723633,-0.466553,249.992355,-241.36351,-135.253906
0.411377,1.631104,0.435059,249.488815,12.611388,240.684494,2.482666,4.658447,-1.409424,210.99852,208.007797,3.463745
0.429199,1.545654,0.404297,249.992355,10.665893,215.927109,-1.251709,0.805176,-0.378174,249.992355,-249.992355,-91.857903
0.430176,1.469971,0.372314,249.992355,3.608703,190.391525,-1.089111,1.215088,-0.27002,249.992355,-249.992355,12.290954
0.400391,1.447754,0.322754,224.075302,-8.537292,166.130051,-0.795898,1.538574,-0.546875,249.992355,-249.977097,53.321835
0.3479,1.487549,0.274414,176.498398,-29.487608,136.245728,-0.772705,1.706055,-0.734619,249.992355,-249.992355,49.827572
0.22168,1.500488,0.265137,131.752014,-62.728878,99.678032,-0.884277,1.997314,-0.823486,249.992355,-249.816879,36.155701
0.093994,1.429932,0.249268,99.105827,-107.795708,65.696716,-0.974609,2.61377,-0.809082,249.992355,-248.458847,18.051147
0.123047,1.29248,0.206543,77.713013,-159.683228,32.051086,-0.803955,3.349854,-0.605469,249.946579,-249.992355,-17.951965
0.231689,1.119873,0.12207,64.796448,-212.470993,-1.319885,-0.566895,3.767334,-0.400391,249.946579,-249.946579,-85.502617
0.359863,1.608398,0.481689,249.992355,1.731872,249.992355,-0.122803,4.19873,-0.552246,249.992355,-149.894714,-123.451225
0.357666,0.939209,0.00708,58.235165,-246.696457,-31.829832,0.440186,3.785156,-0.871338,248.260483,-64.971924,-120.971672
0.849121,0.516846,-0.155762,103.515617,-249.992355,-66.894531,0.455078,2.250977,-0.658691,244.430527,-51.521297,-99.609367
1.121094,0.394043,-0.131592,144.264221,-249.992355,-67.680359,-1.223877,0.979736,-0.269287,249.992355,-249.992355,-37.696838
1.34375,0.343262,-0.063477,193.016037,-181.38884,-55.679317,-1.31958,1.34375,0.094238,249.992355,-33.26416,-249.824509
1.469727,0.376953,0.025391,240.318283,-65.055847,-38.30719,-0.708984,2.829102,-0.163818,-249.992355,-39.108276,249.992355
1.499756,0.531738,0.098145,249.992355,82.084648,-18.112183,-0.568604,2.307617,0.377197,-249.992355,-129.951477,249.671921
1.335449,0.716064,0.224609,249.992355,220.130905,19.332886,-1.132568,1.451904,0.108398,227.539047,-27.175901,-249.992355
1.1604,0.913086,0.373291,249.992355,249.992355,83.511345,-1.137695,1.268799,0.052979,227.058395,-58.654781,-249.992355
1.285156,1.188232,0.463623,249.992355,249.969467,142.776489,-1.201172,1.125488,0.006592,232.322678,-96.710197,-249.992355
1.341797,1.805176,0.493652,249.992355,249.992355,177.452072,-1.185547,1.025146,-0.063965,241.798386,-136.71875,-249.80925
1.190918,2.821777,0.412598,249.992355,249.992355,202.453598,-1.061768,0.928955,-0.145508,249.397263,-170.204147,-249.992355
0.562744,0.702637,-0.099121,72.463989,-248.908981,-52.87933,-0.961426,0.815918,-0.193848,249.992355,-190.299973,-249.992355
0.31958,1.563965,0.550537,249.992355,-8.331299,249.771103,-0.870361,0.690186,-0.201172,249.992355,-199.851974,-242.454514
0.86377,3.477539,0.28125,249.984726,248.756393,205.596909,-0.820313,0.611572,-0.174805,249.992355,-209.518417,-219.512924
0.261719,1.630127,0.668457,249.992355,-24.452208,249.992355,-0.880859,0.606201,-0.229736,249.992355,-226.707443,-188.919052
-0.125732,2.131348,0.822021,-249.992355,-25.962828,-226.852402,-0.962646,0.50293,-0.387207,249.992355,-249.992355,-107.551567
0.015869,2.164063,0.681885,-249.992355,-10.032654,-249.992355,-1.188477,1.585205,0.185791,234.214767,1.113892,-249.992355
0.118652,2.320557,0.745117,-249.977097,6.065368,-249.992355,-0.955322,0.458984,-0.442627,249.992355,-249.992355,-71.914673
0.062012,1.77002,0.79834,-249.992355,47.698971,-218.399033,-0.878418,0.780273,-0.499023,249.992355,-249.992355,-8.68988
-0.041016,1.093506,0.845947,-249.992355,105.003349,-183.319077,-0.874268,1.008301,-0.364502,249.992355,-249.992355,19.966125
-0.197266,0.624268,0.882813,-248.977646,157.615662,-185.745224,-0.92041,1.17627,-0.32373,249.992355,-249.992355,41.099545
0.265137,1.593018,0.624023,249.992355,-16.899109,249.992355,-1.032715,1.3396,-0.349121,249.992355,-249.969467,51.559444
-0.72876,-0.374023,1.581299,-249.992355,204.078659,-150.543213,-1.166992,1.549072,-0.453613,249.992355,-249.992355,46.531673
-0.881348,-0.82959,1.837891,-209.114059,179.62645,-135.025024,-1.220947,1.771973,-0.627441,249.992355,-249.992355,33.981323
-1.010254,-1.140869,1.999268,-105.506889,116.935722,-142.524719,-1.184326,2.233398,-0.773682,249.992355,-248.93187,18.409729
-1.074707,-1.107178,2.0271,-19.78302,36.148071,-141.693115,-1.100098,2.948486,-0.84375,249.992355,-249.351486,-12.809752
-0.507324,0.137939,1.200928,-249.992355,191.955551,-171.928391,-0.784424,3.536377,-0.600098,249.946579,-249.992355,-41.374203
-0.889404,-0.673584,1.365479,211.860641,-125.976555,11.07788,-0.496094,2.756592,0.285645,-249.992355,-92.231743,249.992355
-0.721191,-0.417725,1.014648,249.992355,-187.293991,66.467285,-0.914551,0.557129,-0.529053,249.992355,-249.992355,-40.557858
-0.730713,-0.254883,0.867676,249.992355,-217.613205,90.019218,-1.378662,1.647949,0.244141,243.675217,45.661922,-249.992355
-0.880615,-0.090088,0.949463,249.992355,-212.921127,112.243645,-0.95166,0.575928,-0.313232,249.992355,-245.674118,-148.284912
-1.124756,0.197754,1.098877,249.992355,-176.71965,150.840759,-1.614746,1.793457,0.233154,249.992355,170.364365,-249.992355
-1.0979,0.689453,1.004639,249.992355,-121.719353,183.502182,-1.625488,1.705078,0.272461,249.992355,111.633293,-249.992355
-0.710449,1.174316,0.915771,249.992355,-78.887939,221.557602,-0.471191,1.380127,-0.080322,-249.992355,-149.299622,249.992355
-0.10083,1.394043,0.737549,249.992355,-57.479855,247.207626,-0.318359,1.145752,0.020996,-249.992355,-153.587341,236.022934
0.212158,1.44043,0.648193,249.992355,-42.327877,249.992355,-0.081299,1.078857,0.279053,-249.763474,-158.882141,214.3936
0.260986,1.551025,0.656494,249.992355,-31.051634,249.992355,0.285156,0.910645,0.614502,-249.17601,-156.761169,201.210007
-1.075684,-0.895996,1.79541,78.926086,-48.156734,-80.192566,0.722656,0.585449,1.01123,-249.992355,-138.09967,187.820419
0.40625,2.931396,-0.434814,249.954208,249.992355,29.663084,1.178711,0.323242,1.494141,-245.048508,-88.943474,167.983994
0.708496,2.40332,-0.227783,249.992355,249.992355,54.565426,1.584961,0.152832,1.921631,-178.070053,1.12915,128.921509
0.939941,2.010986,-0.122314,249.992355,249.93132,51.094051,1.880615,0.036133,2.186523,-94.009392,108.14666,66.955566
1.251221,1.63916,-0.153809,249.992355,249.992355,28.617857,1.746582,-0.182373,2.275146,5.897521,185.638412,-9.307861
0.841309,1.276123,-0.100098,145.523071,-186.477646,-40.061951,1.404541,-0.271729,2.065674,107.505791,214.477524,-97.679131
1.57251,1.246338,-0.234619,223.84642,160.934433,4.91333,-0.54834,1.786133,0.07666,-249.992355,-144.981384,249.992355
1.377686,1.143555,-0.262695,185.058578,9.269714,-11.039733,1.022949,0.052246,1.305176,226.325974,249.992355,-244.941696
1.139648,1.173584,-0.178223,157.615662,-105.537407,-30.899046,1.200928,0.141113,1.678223,164.337143,239.204391,-191.360458
1.561035,1.40918,-0.136719,248.725876,247.238144,12.527465,-1.178223,1.861084,0.091064,249.992355,195.99913,-249.992355
-0.006592,3.655029,-0.3396,249.992355,246.734604,6.599426,-1.209961,1.727539,0.060791,249.992355,198.181137,-249.992355
0.191895,3.496826,-0.632324,-249.992355,195.869431,175.277695,-1.069824,1.627441,0.098633,249.992355,208.694443,-249.992355
-0.75,3.853271,-0.31543,249.992355,249.992355,0.778198,-0.303955,1.529297,0.408691,249.992355,224.86113,-249.992355
-1.195068,4.000488,-0.519287,248.077377,249.992355,-33.912659,-1.342285,1.888428,0.140137,249.877914,195.564255,-249.992355
-1.617676,4.539795,-0.773682,249.992355,110.53466,-70.259094,1.282227,0.825195,1.166748,249.992355,249.992355,-249.992355
-2.356934,4.608643,-0.911377,249.992355,-180.992111,-108.924858,0.92749,0.344482,1.137939,249.992355,249.595627,-249.992355
-3.123291,4.617188,-1.029297,175.125107,-248.466476,-169.830307,0.838135,-0.119141,1.239014,249.992355,249.93895,-249.992355
-2.431396,6.398438,-2.702881,-112.960808,-247.520432,-142.089844,0.939941,1.27832,0.989258,249.992355,249.671921,-249.992355
0.771729,7.602783,-6.493652,-249.992355,-249.992355,-25.947569,-0.487793,3.209717,-0.511963,249.885544,-249.992355,24.223326
1.608887,5.585693,-7.999756,-187.759384,-205.169662,112.365715,-1.207764,1.131348,-0.325928,249.992355,-249.992355,15.274047
0.959473,4.337158,-4.690186,-208.198532,44.044491,124.740593,-1.0979,1.320557,-0.237305,249.992355,-249.992355,45.761105
0.421631,3.975098,-1.799316,-247.840866,156.616211,147.148132,-1.025879,1.512451,-0.202393,249.992355,-249.992355,64.254761
0.511963,1.378174,-0.016602,153.846741,-233.352646,-31.646727,-1.043701,1.756104,-0.311279,249.992355,-249.977097,71.678162
-0.265625,-1.093018,1.245117,247.726425,-125.671379,16.433716,-1.067139,2.019775,-0.480713,249.992355,-249.992355,71.327209
0.25,1.457031,0.066895,177.062973,-240.7379,-9.986877,-1.041016,2.253418,-0.60791,249.992355,-249.992355,67.337036
0.226318,1.573975,0.318848,249.992355,-7.186889,75.294495,-1.230713,0.91626,-0.391846,249.992355,-234.695419,-20.355223
0.02002,1.414795,0.134033,244.453415,-161.453232,24.871824,-0.936035,2.400391,-0.692627,249.992355,-249.107346,56.648251
0.224609,2.926025,-0.258301,-249.992355,190.483078,203.033432,-0.790527,2.65625,-0.644287,249.977097,-249.992355,43.769833
-0.422119,-0.582764,1.032959,249.992355,-82.572929,56.388851,-0.319824,3.884033,-0.474854,249.992355,-212.76091,13.587951
-0.531982,-0.238037,1.058838,249.992355,-39.894104,81.970207,-0.683105,7.351563,-4.364502,-108.665459,249.992355,106.697075
-0.644043,0.145996,1.114746,249.992355,-12.367248,85.891716,0.947754,2.53833,-0.564209,243.270859,-1.052856,27.6947
-0.777832,0.59082,1.123047,249.992355,-3.318786,85.960381,1.17627,2.320313,-0.663818,249.992355,160.888657,45.204159
-0.701904,0.961182,1.09375,249.992355,-9.521484,105.445854,0.441406,4.989258,-2.187744,249.992355,245.079025,42.8009
-0.355469,1.172607,0.859375,249.992355,-23.643492,118.286125,-2.015625,5.831787,-4.437988,-249.992355,249.992355,144.256592
-0.129883,1.311523,0.628906,249.992355,-32.188416,114.395134,-1.916992,4.259766,-5.420898,-249.992355,173.164352,41.770931
-0.03833,1.399902,0.52832,249.992355,-33.714294,108.238213,-1.426758,3.08252,-4.820313,-249.992355,-34.545898,3.952026
0.0354,1.460938,0.445801,249.992355,-34.263611,102.668755,-0.791992,2.415283,-2.957764,-249.992355,-126.831047,15.090941
0.072266,1.463867,0.109863,207.664474,-210.266098,12.008666,-0.438721,2.07373,-1.727051,-249.992355,-133.514404,29.594419
0.092285,1.513672,0.367188,249.992355,-32.783508,95.466606,-0.562744,1.920166,-1.071289,-249.992355,-79.139709,28.182981
0.17334,1.604736,0.312988,249.992355,-19.40918,80.238342,-1.205566,0.739014,-0.393799,249.992355,-181.526169,-54.229733
0.255859,1.557861,0.348633,249.992355,4.608154,70.808411,0.079346,3.753418,-0.543945,249.656662,-121.963493,21.583555
0.27124,1.550049,0.376221,249.992355,12.367248,65.361023,-1.149902,0.648193,-0.351807,249.992355,-133.659363,-88.775627
0.281494,1.548584,0.386719,249.992355,16.059875,60.417171,-0.848633,1.822266,-0.673584,-249.992355,-9.063721,2.662658
0.304932,1.577148,0.368652,249.992355,14.717101,56.671139,-0.880615,0.734863,-0.313477,249.992355,-86.761467,-153.4729
0.299561,1.640869,0.311768,249.992355,7.690429,55.046078,1.457031,0.391357,1.033936,249.992355,249.992355,-249.992355
0.265625,1.642822,0.270508,249.992355,-8.178711,53.749081,0.933594,0.838135,0.685059,249.992355,238.731369,-249.992355
0.21875,1.574951,0.215332,249.80162,-33.454895,47.813412,0.510986,1.159912,0.47998,249.992355,209.350571,-249.992355
0.16748,1.469238,0.161865,249.656662,-70.999146,38.604736,0.056641,1.365723,0.308838,249.992355,185.813889,-249.992355
0.091553,1.389648,0.142334,249.992355,-114.578239,31.074522,-0.404785,1.536865,0.254639,249.992355,169.860825,-249.992355
0.13623,1.574951,0.323486,249.992355,-28.144835,86.776726,-0.746582,1.70459,0.178955,249.992355,166.755661,-249.992355
0.175781,2.452148,-0.096191,-249.992355,161.567673,217.658981,-0.867432,1.862549,0.082764,249.992355,175.422653,-249.992355
0.246338,1.555664,0.353271,-249.992355,-249.80162,-82.984917,-0.879639,1.924316,0.084473,249.992355,187.858566,-249.992355
-0.100098,2.149902,0.120605,-249.992355,73.913574,196.586594,-1.007568,1.912109,0.112061,249.992355,195.465073,-249.992355
-0.413574,-0.551514,1.705811,-236.938461,-8.69751,-164.054855,-1.122314,1.888672,0.188721,249.992355,189.018234,-249.992355
-0.967285,-0.886475,2.007813,-137.969971,-31.089781,-128.02124,-1.018066,0.661133,-0.335938,249.992355,-103.60717,-123.817436
-1.380371,-1.155029,2.136963,-48.263546,-77.835083,-74.440002,-1.122314,1.857178,0.297363,249.992355,165.092453,-249.992355
-0.827148,-1.251221,2.213623,54.412838,-100.631706,-82.725517,-1.148438,1.895508,0.146484,249.992355,89.889519,-249.984726
0.054443,-1.088135,1.876709,169.479355,-31.623838,-84.053032,-1.113281,1.736084,0.136719,249.977097,45.761105,-249.816879
-0.197754,-1.139893,1.436279,244.232162,64.094543,-6.065368,-1.07666,1.524414,0.112305,248.107895,3.784179,-249.992355
-0.849854,-1.37915,1.304688,249.992355,41.191097,49.72076,-1.062256,1.318359,0.045166,249.389633,-32.142639,-249.992355
-1.222168,-1.092041,1.399414,249.992355,-41.931149,19.538879,-0.99707,1.126953,-0.052734,249.992355,-63.575741,-239.028915
-1.57666,-0.328125,1.38501,249.992355,-93.605034,9.506226,-0.932861,0.982178,-0.119873,249.992355,-87.539665,-224.60173
-0.434082,1.153076,0.755859,249.992355,-186.019882,123.985283,-0.851563,0.907227,-0.126953,249.992355,-98.937981,-212.234482
-0.251953,-0.248291,1.397461,-249.992355,-4.371643,-163.543686,-0.753418,0.877197,-0.149658,249.992355,-99.487297,-201.194748
0.018066,1.501953,0.470215,249.992355,-195.37352,167.610153,-0.731689,0.856689,-0.225342,249.992355,-91.979973,-189.064011
0.107178,1.55542,0.391357,249.992355,-194.511398,175.170883,-0.785156,0.807861,-0.284424,249.992355,-84.487907,-174.194321
0.131592,1.526855,0.37207,249.992355,-207.275375,171.829208,-1.136475,1.900635,0.251709,249.961838,131.134033,-249.992355
0.060547,1.626221,0.370605,249.992355,-216.171249,167.228683,-1.120605,1.731445,-0.437744,-249.992355,55.107113,-1.579285
0.073975,1.74292,0.374512,249.992355,-217.086777,165.176376,1.634033,-0.235107,1.2771,249.992355,249.992355,-231.780991
0.18457,1.744385,0.413574,249.992355,-207.420334,164.390549,-0.585205,1.410645,-0.205078,-249.992355,79.406738,78.697205
0.246582,1.681885,0.454346,249.992355,-189.147934,165.954575,2.270996,0.253174,2.616211,-91.743462,-87.8601,57.929989
0.297363,1.624023,0.406494,249.961838,-168.792709,169.952377,2.501465,0.225586,2.702148,-3.662109,27.732847,12.702941
0.32959,1.555664,0.304443,249.717697,-145.065308,175.094589,2.425781,0.227051,2.544189,72.227478,138.366699,-46.363827
0.385986,1.542969,0.177979,249.992355,-117.584221,182.678207,2.333252,0.431641,2.365723,131.30188,214.950546,-123.069756
0.020508,2.259766,0.012695,-249.992355,118.965141,214.90477,2.195068,0.619385,2.060547,189.720139,248.916611,-212.722763
0.092041,1.587402,0.424316,249.992355,-192.031845,177.040085,1.48877,0.677734,1.547119,227.928146,249.992355,-249.992355
-0.233398,0.012451,1.156982,-249.015793,-3.067016,-173.713669,0.680908,0.604736,1.130127,248.291,249.275192,-249.992355
-1.159668,0.490723,1.081543,249.992355,-148.788452,57.098385,0.282959,0.704834,0.82959,249.992355,249.992355,-249.992355
-0.098633,1.005127,0.84668,-249.992355,-5.989074,-183.044418,-0.217285,0.941895,0.5271,249.992355,249.992355,-249.992355
-0.167969,0.420654,0.998535,-249.519333,-2.525329,-187.919601,-0.700684,1.210205,0.183105,249.992355,221.885666,-249.992355
0.023438,1.723633,0.384033,-249.992355,-2.26593,174.995407,1.900146,0.37915,2.304443,-170.41777,-148.666382,117.790215
-0.000488,1.586426,0.473389,-249.992355,-37.567139,160.85051,-1.271973,1.405273,-0.093994,249.992355,164.390549,-249.992355
-0.095215,1.463867,0.538818,-249.992355,-73.883057,138.22937,-1.616455,1.84668,-0.22998,249.992355,141.540527,-249.992355
-0.162842,1.351074,0.547852,-249.992355,-112.29705,114.936821,-1.517822,2.040039,-0.147217,249.992355,155.136108,-249.992355
-0.114746,1.310303,0.50415,-249.992355,-151.321411,84.342949,-1.427979,2.016357,-0.051025,249.992355,165.969833,-249.992355
-0.065186,1.32959,0.409668,-249.992355,-183.52507,48.72131,-1.485596,1.794189,-0.056396,249.992355,161.84996,-249.992355
0.007568,1.518311,0.32666,-249.992355,-226.615891,-20.187376,-1.591553,1.629883,-0.108398,249.992355,145.828247,-249.992355
0.034424,1.54248,0.320068,-249.992355,-236.633286,-42.396542,-1.563721,1.584473,-0.061768,249.992355,125.694267,-249.992355
0.104736,1.450439,0.382324,-249.992355,-244.483932,-55.229183,-1.433838,1.574951,0.058838,249.992355,112.533562,-249.992355
0.235596,1.448242,0.384033,-249.992355,-249.771103,-68.008423,-1.262207,1.506592,0.199463,249.992355,96.862785,-249.992355
-0.030029,1.385498,0.371582,-249.992355,-208.663925,12.664794,-1.279053,1.419434,0.251953,249.992355,68.412781,-249.992355
-0.04834,1.511719,0.655762,-249.992355,-16.593933,-161.47612,-1.345947,1.377441,0.19873,249.992355,21.89636,-249.992355
0.276611,1.845459,0.342285,-249.992355,-249.923691,-86.875908,-1.629883,1.58374,-0.229736,249.992355,142.39502,-249.992355
0.007324,1.714355,0.538574,-249.984726,-33.180237,-138.282776,1.472412,0.458008,1.789307,-238.159164,-166.084274,194.984421
0.122559,1.922119,0.579834,-249.992355,-54.412838,-126.533501,-1.013428,1.587158,-0.306885,-249.992355,96.153252,37.124634
0.12793,2.012695,0.512451,-249.992355,-87.310783,-112.861626,0.713379,0.70166,0.919678,-249.587997,-176.841721,249.992355
0.16748,2.029541,0.30957,-249.992355,-133.956909,-120.407097,1.033203,0.571533,1.286621,-249.992355,-172.950729,245.132431
-0.10083,1.905518,0.257813,-249.992355,35.324097,183.639511,-0.674561,1.376953,-0.279053,-249.992355,35.621643,119.575493
0.344482,2.023926,0.101318,-249.992355,-210.556015,-50.048824,-1.003418,1.41626,-0.238281,-249.992355,60.119625,144.294739
0.429932,2.302002,0.300293,-249.992355,-243.041977,-32.165527,-1.148438,1.49292,-0.066895,-249.992355,82.244865,162.948593
0.425537,2.209229,0.432861,-249.992355,-249.992355,-63.682552,-1.214355,1.631836,0.00293,-249.992355,85.083,199.554428
0.361328,2.288818,0.095459,-249.992355,-175.521835,-113.784782,-1.117432,1.782227,0.069336,-249.992355,70.884705,242.858871
0.437744,1.624512,0.232178,249.992355,14.09912,183.761581,-0.897217,1.789795,0.217285,-249.992355,32.63855,249.992355
0.299072,1.892578,0.472412,249.992355,-22.567747,215.957626,-0.925781,1.688965,0.278564,-249.992355,-24.215696,249.992355
0.390625,1.9104,0.399902,249.992355,-26.733397,209.938034,-1.263184,1.633789,0.150146,-249.992355,-62.477108,249.992355
0.492188,1.830078,0.33252,249.992355,-27.931211,204.833969,-1.478027,1.604736,-0.037842,-249.992355,-80.818169,249.992355
0.513672,1.717285,0.282227,249.992355,-25.009153,198.234543,-1.544189,1.612793,-0.153076,-249.992355,-91.827385,249.992355
0.403076,1.594971,0.282227,249.992355,-17.463684,193.138107,-0.418213,1.342529,-0.13501,-249.992355,42.510983,99.395744
0.361816,1.532227,0.28418,249.992355,-9.155273,192.367538,-1.724365,1.709717,-0.287598,-249.992355,-102.684013,249.992355
0.436279,1.550049,0.248291,249.992355,-1.220703,191.169724,-1.611816,1.670898,-0.238037,-249.992355,-98.57177,249.992355
0.470703,1.614502,0.226563,249.992355,7.514953,187.828049,-0.145996,1.168213,0.357422,-249.992355,-178.535446,249.80925
0.2771,1.821533,0.519531,249.992355,-19.111633,224.723801,-0.618408,1.385986,0.168457,-249.992355,-195.930466,249.992355
0.697021,1.158936,0.023438,232.604965,-31.623838,46.264645,-1.030029,1.577393,0.109375,-249.992355,-212.203964,249.992355
0.388672,1.401611,0.29126,249.992355,6.362915,164.360031,-1.307373,1.710693,0.080566,-249.992355,-206.993088,249.992355
0.349854,1.366943,0.270752,249.992355,-10.330199,142.417908,0.355225,0.90918,0.611328,-249.626144,-175.094589,249.565109
0.255127,1.352539,0.189697,249.992355,-34.362793,108.787529,-1.329102,1.960938,0.203857,-249.992355,-140.419006,249.992355
0.174561,1.288086,0.147217,249.984726,-62.934872,73.455811,-1.536865,1.986084,0.0354,-249.992355,-105.613701,249.992355
0.200684,1.17334,0.156494,249.862656,-93.52874,51.574703,-1.759033,1.892334,-0.175293,-249.992355,-95.367424,249.992355
0.331787,1.088379,0.108154,249.992355,-117.248528,39.703369,-1.820068,1.781982,-0.282959,-249.992355,-100.387566,249.992355
0.463135,1.055908,-0.019775,249.954208,-121.322624,31.089781,-1.329346,1.801025,0.167725,-249.992355,-180.175766,249.992355
0.537109,1.074951,-0.080566,241.11937,-104.713432,24.658201,-1.303467,1.412354,-0.041748,249.992355,-89.607231,-249.992355
0.574707,1.104004,-0.020264,232.460007,-74.119568,25.611876,-1.529053,1.946533,-0.171631,226.951584,197.616562,-249.992355
0.270752,1.767334,0.536133,249.992355,-19.493103,235.519394,-1.663818,2.017578,-0.027344,243.873581,173.515305,-249.992355
0.404785,1.502686,0.260742,249.992355,14.007567,177.360519,-1.666504,2.038086,0.079102,249.992355,147.712708,-249.992355
0.218018,1.755371,0.612305,249.992355,-31.784056,241.378769,-1.569092,1.98877,0.066162,249.992355,119.522087,-249.992355
0.941162,2.428467,0.930176,-249.992355,-172.668442,-249.992355,-1.479248,1.87793,0.039551,249.992355,85.624687,-249.992355
-0.390381,1.210205,0.9021,249.992355,-81.771843,223.625168,-1.448242,1.71582,-0.005371,249.992355,47.180172,-249.992355
0.988281,1.272461,0.056152,244.354233,33.966064,85.472099,-1.421387,1.600586,-0.035889,249.992355,5.622863,-249.992355
0.882324,2.425293,1.007813,-249.992355,-82.290642,-249.992355,-1.362061,1.510986,-0.021484,249.992355,-40.092468,-249.992355
0.540527,2.091797,0.966064,-249.992355,-18.432617,-223.09874,-1.331787,1.921875,-0.169189,220.725998,213.882431,-249.992355
0.383545,2.039307,1.032715,-249.992355,28.099058,-180.458054,-1.007324,0.819824,-0.171387,249.992355,-211.151108,-220.520004
0.730713,2.1604,1.151367,-249.992355,77.026367,-197.319016,-1.093262,1.140381,-0.093994,249.992355,-187.271103,-249.626144
0.517822,2.335205,1.335205,-249.992355,124.549858,-212.097153,-0.985352,1.043457,-0.081055,249.992355,-203.178391,-249.992355
0.108154,2.53125,1.167969,-249.992355,151.512146,-207.962021,-0.964844,0.941895,-0.121094,249.992355,-212.12767,-248.695358
-0.36792,1.821289,0.94873,-249.969467,147.392273,-154.281616,-1.005859,0.695313,-0.166504,249.992355,-208.999619,-184.699997
-0.425781,1.144287,0.987549,-249.992355,134.742737,-151.115417,-1.031006,0.609863,-0.121826,249.992355,-218.536362,-148.796082
-0.503418,0.653809,0.945557,-249.839767,123.26812,-169.967636,-1.110352,0.640625,-0.098389,249.992355,-241.088852,-108.657829
-0.614014,0.222412,1.051758,-248.085007,112.586967,-187.248215,-1.111328,0.8125,-0.134033,249.992355,-249.992355,-61.279293
-0.705566,-0.275391,1.229492,-249.992355,102.249138,-207.488998,-1.012695,1.05249,-0.19165,249.992355,-249.992355,-11.695861
-0.75,-0.877441,1.578613,-249.992355,88.981621,-233.390793,-0.932617,1.269043,-0.256592,249.992355,-249.992355,29.273985
-0.983398,-1.481934,1.991699,-135.826111,63.613888,-218.673691,-1.11499,1.856201,-0.047363,221.023544,220.779404,-249.992355
-1.378174,-1.75293,2.287109,-24.917601,13.229369,-174.720749,-1.259766,1.32666,-0.077637,249.992355,-133.979797,-249.992355
-1.490234,-1.641602,2.232666,34.797668,-54.298397,-135.58197,-0.831299,1.72998,0.093262,212.829575,225.959763,-249.992355
-0.876221,-1.580078,1.952637,97.839348,-135.925293,-77.697754,1.421631,-0.355957,1.75293,-124.549858,-175.140366,157.333374
-0.371338,-1.671631,1.818604,213.249191,-205.696091,-8.056641,-0.20459,1.394531,0.448486,186.653122,240.6082,-249.992355
-0.54248,-1.429443,1.428955,249.992355,-234.077438,19.134521,-1.288818,2.303955,0.487061,-249.992355,-123.748772,249.992355
-0.911865,-0.737061,0.950195,249.992355,-232.841476,30.410765,-1.164307,2.233154,0.497314,-249.992355,-152.030945,249.992355
-1.103271,-0.199219,0.811523,249.992355,-204.82634,69.633484,-0.938721,2.165283,0.620361,-249.992355,-173.660263,249.992355
-1.262939,0.162109,1.049805,249.992355,-151.428223,126.312248,-0.808105,2.068848,0.759766,-249.992355,-195.053085,249.992355
-0.949707,0.618164,1.101318,249.992355,-107.360832,185.562119,-0.779541,1.951172,0.830322,-249.992355,-227.783188,249.992355
0.033936,1.631592,0.782227,249.992355,-55.5191,237.258896,-0.701172,1.760742,0.797363,-249.992355,-248.382553,249.992355
1.316162,1.415527,0.122314,249.992355,134.368896,131.019592,-0.474121,1.433838,0.576904,-249.984726,-249.992355,249.992355
1.788086,4.600342,-1.684326,-249.992355,-62.759396,-1.922607,-0.094971,1.073975,0.517578,-249.992355,-249.992355,249.93132
1.450439,1.801025,0.199463,249.992355,249.946579,202.003464,0.218506,0.725098,0.600098,-249.923691,-230.941757,249.771103
0.364502,1.802246,0.820801,-249.992355,-131.011963,-249.992355,0.499268,0.454102,0.706787,-249.031052,-211.547836,249.992355
0.368164,2.038574,0.799561,-249.992355,-104.652397,-249.992355,0.74585,0.240967,0.88916,-249.992355,-196.88414,248.664841
0.381348,2.391602,0.803711,-249.992355,-64.529419,-249.832138,0.941895,-0.02832,1.145996,-249.992355,-188.201889,230.873093
0.544678,2.834473,0.838867,-249.992355,-8.911133,-249.992355,1.144287,-0.261475,1.476807,-192.817673,-184.753403,203.468307
0.578613,3.012207,0.924561,-249.992355,51.254269,-249.992355,-0.904297,1.450195,-0.365967,249.992355,-249.992355,52.24609
0.376953,2.682861,0.937744,-249.992355,116.554253,-243.499741,1.866943,-0.47876,1.889648,-56.411739,-143.745422,109.992973
0.420166,2.417725,1.028809,-249.992355,181.63298,-231.872543,2.280273,-0.561279,2.155273,8.285522,-81.886284,60.646053
0.4104,2.141846,1.005127,-249.992355,237.297043,-215.545639,2.245361,-0.435547,2.424072,78.483582,2.349854,-21.324156
0.073975,2.107666,0.905762,-249.992355,249.992355,-163.87175,1.904297,-0.278809,2.197754,151.695251,99.800102,-92.689507
1.49292,1.539795,0.201416,249.992355,229.347214,171.394333,1.701904,-0.18457,1.697021,213.470444,209.472641,-105.468742
-0.294434,1.893311,0.925537,-249.992355,249.992355,-97.763054,1.650146,-0.016846,1.417725,249.992355,249.93132,-107.719414
-0.358643,1.227295,0.965088,-249.992355,249.977097,-73.440552,1.671631,0.350586,1.434082,246.208176,249.992355,-153.839111
-0.390869,0.66333,1.062256,-249.359116,249.992355,-64.842224,1.460693,0.797363,1.445801,210.006699,249.992355,-232.238754
-0.339111,0.194092,1.175537,-249.511703,249.992355,-76.263428,0.618408,1.164063,1.033203,189.064011,247.53569,-249.992355
-0.316162,-0.304932,1.4375,-249.992355,249.076828,-94.062798,-0.526123,1.574463,0.197266,197.692856,232.894882,-249.992355
-0.423096,-0.836182,1.810547,-228.942856,249.015793,-79.75769,-0.971924,1.6521,-0.465576,249.992355,-249.984726,66.230774
-0.593018,-1.158691,2.014648,-143.058777,249.992355,-35.255432,-1.200195,1.243408,-0.0896,249.992355,-165.206894,-249.923691
-0.710938,-1.338623,2.124268,-108.467094,220.909103,-5.775451,-0.943604,2.001953,-0.849609,249.992355,-249.992355,76.477051
-0.720947,-1.478027,2.221436,-76.622009,66.551208,-4.882813,-1.398193,2.083252,0.417725,-249.992355,249.992355,249.992355
-0.342041,-1.657227,2.068848,32.936096,-63.83514,-19.294739,-1.523926,2.280762,0.209961,-249.992355,189.750656,249.992355
-0.161377,-1.599609,1.651611,182.106003,-129.890442,-14.457702,-1.639893,2.398193,0.067383,-249.992355,129.051208,249.992355
0.345459,1.671875,0.817871,-249.992355,-152.351379,-249.992355,-1.602295,2.478271,0.027344,-249.992355,80.215454,249.992355
0.328125,1.726318,0.744873,-249.992355,-166.091904,-248.939499,-1.473877,2.52832,0.077148,-249.992355,34.14917,249.992355
0.012939,2.293945,0.987061,-249.984726,249.992355,-142.982483,-1.349365,2.580078,0.2771,-249.992355,-10.002136,249.992355
0.243896,1.591797,0.725342,-249.992355,-178.99321,-216.499313,-1.21167,2.515137,0.527832,-249.992355,-70.755005,249.992355
0.273438,1.726074,0.700439,-249.992355,-171.81395,-238.555893,-1.038086,2.113281,0.684082,-249.992355,-140.800476,249.992355
1.195068,2.223389,0.204102,249.992355,249.992355,215.354904,-0.775879,1.747314,0.628906,-249.984726,-192.764267,249.992355
0.799316,2.987305,0.281982,249.946579,249.984726,200.317368,-0.622314,1.481934,0.4729,-249.992355,-223.014816,249.992355
0.429443,3.800293,0.51709,249.946579,247.085556,210.472092,-1.280762,1.947998,0.454346,-249.992355,249.992355,249.992355
0.205322,4.348145,0.505859,249.992355,249.992355,249.992355,-0.435547,1.299316,0.27002,-249.847397,-239.112839,249.984726
-0.245117,4.491943,0.398438,248.428329,249.992355,249.992355,0.156006,0.886719,0.230469,-249.992355,-249.992355,249.992355
-1.225098,3.979492,-0.29248,249.992355,-188.125595,-177.108749,0.529541,0.648926,0.449951,-248.306259,-249.923691,249.328598
-2.091797,5.414795,-0.932373,215.446457,-248.451218,-148.269653,0.889648,0.394043,0.830811,-185.218796,-248.466476,249.992355
1.174805,7.989258,-3.334961,-165.550217,-249.992355,-207.458481,1.434326,0.103271,1.422607,-114.013664,-249.992355,249.992355
3.185791,7.999756,-7.522705,-249.992355,-249.992355,-226.593002,2.190674,-0.136719,2.09375,-50.407406,-249.992355,219.963058
2.279053,5.754395,-5.346191,-249.992355,-191.894516,-61.775204,2.508057,-0.046143,2.634277,1.464844,-160.324097,167.213425
-0.039551,4.222412,0.416504,244.804367,83.503716,68.222046,2.088135,-0.041992,2.894531,100.799553,-38.55896,91.911308
1.063721,3.29126,0.255615,-249.992355,36.5448,24.635313,1.624512,-0.24292,2.632568,184.486374,70.487976,-18.379211
1.378174,3.985352,-0.450928,-249.992355,-7.392883,29.922483,1.32666,-0.143555,1.955811,193.405136,180.12999,-94.947807
0.158203,1.519043,0.68457,-249.992355,-174.789413,-179.87822,1.416748,-0.38916,1.509033,244.285568,246.368393,-165.519699
0.105225,1.525146,0.643799,-249.992355,-156.295776,-148.803711,-0.169678,1.104004,0.160156,-249.099716,-249.069199,249.992355
0.053955,1.569824,0.575439,-249.992355,-121.391289,-113.174431,-1.12207,1.876465,0.426025,-249.992355,248.954758,249.992355
0.098877,1.639648,0.536621,-249.992355,-74.020386,-82.603447,-1.015137,1.841553,-0.694336,249.992355,-249.992355,76.873779
0.181152,1.521729,0.710205,-249.992355,-181.426987,-198.173508,-0.862793,1.705566,0.398926,-249.992355,249.992355,220.008835
0.37915,1.945557,0.585693,-249.992355,17.64679,-32.264709,-0.808838,2.442627,-0.825439,249.992355,-249.587997,57.388302
0.666016,2.223877,0.635986,-249.992355,53.787228,-24.986265,-0.564209,2.98584,-0.804932,249.977097,-248.855576,23.66638
0.881592,2.602783,0.706055,-249.992355,62.934872,-3.326416,-0.168213,3.168457,-0.691162,249.923691,-249.992355,-5.401611
0.174072,1.747559,0.583008,-249.992355,-26.016233,-49.926754,0.129883,3.442139,-0.531982,249.992355,-239.997849,-7.56073
-0.569336,-1.033203,2.546631,-16.563416,-248.832687,25.688169,0.580078,3.782715,-0.688477,249.496445,-118.316643,-18.882751
0.070557,1.572998,0.979004,-249.992355,-33.432007,-141.50238,0.927246,3.443848,-0.965088,245.124802,92.590324,-30.09796
-0.000732,1.707764,0.82666,-249.984726,-12.596129,-192.771896,-0.972168,1.812012,0.419434,-249.992355,249.923691,249.870285
-0.063477,1.596436,0.628662,-249.992355,-3.051758,-237.83873,1.614014,3.125,-0.118652,249.992355,249.420151,44.212337
-0.355469,0.997314,0.275146,-249.992355,-10.69641,-217.147812,0.430176,5.750488,-1.862793,-63.591,247.177109,103.576653
-0.191406,0.793457,0.280273,-249.160751,-52.925106,-234.390244,-0.681885,7.999756,-5.861084,-249.992355,249.992355,120.635979
-0.264404,0.468506,0.467285,-249.992355,-135.261536,-249.992355,-2.087158,6.373535,-5.29248,-249.992355,241.264328,17.356873
-0.777344,0.235352,0.858643,-249.992355,-230.972275,-248.695358,1.352539,2.908447,-0.723877,249.992355,241.683945,1.319885
-1.484131,0.061279,1.369629,-214.5233,-249.992355,-165.38237,-1.037842,2.520264,-1.642334,-249.992355,-92.285149,-37.796021
-1.431396,-0.256592,2.012939,-138.175964,-249.710068,-30.105589,-1.733398,3.742432,-3.275391,-249.992355,47.187801,-24.719236
-0.027588,-1.914795,2.612793,171.241745,-249.992355,9.292603,-0.54834,1.513428,-0.061279,-249.992355,249.992355,108.108513
0.151855,1.875488,1.034424,-249.992355,-22.506712,-124.793999,-0.226807,1.502197,-0.186523,-249.992355,249.465927,47.950741
-1.341797,-1.452881,1.363281,249.992355,-158.813477,96.694939,0.017334,1.482178,-0.04834,-249.992355,217.811569,-4.40979
-2.008057,-0.517578,1.452881,249.984726,-91.941826,141.471863,0.160889,1.42627,0.055664,-249.992355,144.78302,-46.997066
-2.175293,0.141357,1.738525,249.855026,-57.846066,157.463074,-0.705078,1.584229,0.309814,-249.992355,249.984726,158.576965
-1.390137,0.656738,1.492432,249.992355,-72.570801,181.121811,-0.012207,1.209717,-0.20874,-249.855026,-36.03363,-88.783257
-0.518066,1.11792,0.990234,249.992355,-95.870964,201.232895,-0.286621,1.260986,-0.445557,-249.908432,-114.776604,-88.569633
-0.033936,1.407715,0.621094,241.806015,-103.775017,213.584885,-0.523926,1.568115,-0.918213,-249.992355,-155.448914,-79.788208
0.174805,1.637939,0.517334,237.792953,-93.414299,218.826279,-0.657471,1.995117,-1.094971,-249.992355,-153.121948,-65.238953
0.231689,1.83374,0.525391,237.747177,-72.059631,220.283493,0.154541,1.312012,-0.036133,-249.992355,58.708187,-73.898315
0.239258,1.958496,0.522705,241.416916,-46.661373,221.809372,-0.042236,0.625,0.102539,-249.992355,-249.992355,249.740585
0.246826,1.954834,0.483643,247.512802,-19.851685,223.09874,0.307373,0.509766,0.193359,-249.992355,-242.012009,249.992355
-0.378662,-2.052002,2.060547,249.992355,-244.522079,31.906126,0.5896,0.432373,0.544434,-249.17601,-168.90715,248.93187
-0.071045,2.428223,0.977051,-249.992355,38.238525,-94.528191,0.80127,0.359863,1.179688,-249.099716,-86.372368,226.432785
0.276367,1.875,0.413574,249.992355,7.743835,222.419724,1.306396,0.315186,1.929688,-249.992355,14.923095,185.432419
0.388916,2.748535,0.124512,-249.992355,198.570236,-32.821655,1.664551,0.309326,2.648926,-224.021896,126.502983,98.57177
0.509033,4.122559,-3.20459,-248.970016,71.426392,27.244566,1.154785,0.282227,3.138916,-69.961548,165.962204,-39.489746
0.274414,3.645996,-1.614014,-249.992355,135.978699,56.083675,1.2146,0.000977,3.212646,79.734802,129.493713,-135.940552
0.005615,2.93335,-0.522217,-249.992355,140.533447,71.388245,1.901123,0.055176,2.82959,142.01355,154.647827,-144.424438
-0.198486,2.637695,-0.186035,-249.992355,108.909599,93.292229,2.270996,-0.100586,2.685303,237.45726,239.761337,-140.319824
-0.192383,2.461914,-0.166504,-249.992355,61.088558,115.318291,-1.35498,2.130127,0.121094,249.992355,180.8853,-249.992355
-0.059326,2.336426,-0.139404,-249.992355,15.068053,123.702995,2.046143,0.689697,2.091309,249.992355,249.992355,-225.006088
0.033447,2.13501,0.057617,-249.793991,-34.0271,120.24688,1.055664,0.949219,1.422363,249.992355,249.992355,-249.992355
-0.033203,1.722412,0.282715,-249.740585,-97.56469,116.073601,0.219727,1.188477,0.88501,249.992355,249.656662,-249.992355
-0.165039,1.32666,0.263916,-249.992355,-170.051559,107.452385,-0.287109,1.503662,0.519287,249.992355,249.992355,-249.992355
-0.215332,1.145508,0.160156,-243.63707,-233.406052,86.799614,-0.820068,1.655029,0.222168,249.992355,249.992355,-249.992355
-0.066406,2.821533,0.590576,-249.992355,132.148743,-61.485287,-1.305664,1.677246,0.063965,249.992355,235.908493,-249.992355
-0.144287,1.000732,0.156006,-206.512436,-249.992355,50.964352,-1.482422,1.785889,-0.033691,249.992355,198.64653,-249.992355
0.013428,0.935303,0.119385,-167.02269,-249.992355,-28.549192,-1.450195,1.934082,-0.019775,249.992355,175.292953,-249.992355
0.130615,1.055176,0.280518,-173.049911,-249.992355,-53.016659,-1.421387,2.073242,0.068115,249.992355,178.100571,-249.992355
0.267334,1.140625,0.477783,-186.477646,-230.369553,-69.190979,-1.376221,2.170166,0.093018,249.992355,188.255295,-249.992355
0.324463,1.266846,0.479004,-220.039352,-188.957199,-88.729851,-0.252441,0.957275,0.141846,-249.977097,-249.237045,249.93895
0.314209,1.440674,0.454102,-248.352036,-148.490906,-116.195671,2.429199,0.200928,2.506592,249.992355,249.992355,-148.620605
0.303467,1.5354,0.45752,-249.992355,-104.713432,-131.225586,-0.493896,1.371826,0.470703,-249.992355,-249.68718,249.992355
0.552002,1.529785,0.4021,-249.992355,-41.961666,-126.136772,-0.759766,1.493652,0.156494,-249.992355,246.0327,226.669296
0.98999,1.651367,0.290283,-249.992355,43.937679,-99.800102,-1.284912,2.347412,0.557617,-249.992355,-249.992355,249.992355
1.184082,2.055664,0.080811,-249.992355,135.116577,-61.584469,-1.528809,2.047607,0.176758,249.992355,148.124695,-249.992355
0.919678,2.513916,-0.056396,-249.992355,195.709213,-31.845091,-0.84375,2.56665,-0.576416,-249.992355,-100.547783,-6.393432
-0.033691,0.888428,0.160645,-174.545273,-249.54985,8.682251,-0.65332,2.158203,-0.32251,-249.992355,-86.914055,6.736755
0.320557,1.826172,0.362061,249.992355,34.423828,218.803391,-0.746826,1.931885,-0.0979,-249.992355,-85.029594,15.457152
0.335938,1.790039,0.322266,249.992355,56.945797,214.706406,-0.836914,1.806152,0.041504,-249.992355,-96.488945,14.526366
0.337158,1.761475,0.287354,249.992355,71.411133,207.817062,-0.779053,1.638428,0.081787,-249.992355,-100.273125,3.074646
1.696533,7.999756,-5.756592,-235.092148,-249.992355,-249.992355,-0.55249,1.475342,0.106445,-249.992355,-77.201843,-1.25885
3.058594,6.816162,-6.105225,-249.992355,-212.814316,70.953369,-0.368652,1.363525,0.006104,-249.992355,-23.834227,16.578674
1.36499,4.261475,-1.249268,-249.992355,23.422239,199.27977,-0.321045,1.274658,-0.197998,-249.992355,45.898434,49.034115
0.829346,3.763428,0.280518,-249.992355,109.497063,215.850815,-0.448975,1.165283,-0.263916,-249.992355,112.457268,91.354362
0.487549,3.551514,0.678711,-249.992355,121.620171,216.888412,-0.910156,1.928223,0.543701,-249.992355,-249.992355,249.992355
0.337402,3.276123,0.785889,-249.992355,91.552727,215.827927,-0.640381,1.070313,-0.073975,-249.992355,163.444504,130.378723
0.196533,3.013428,0.83667,-249.992355,43.273922,203.750595,-0.765381,1.226807,0.189209,-249.992355,223.304733,180.366501
0.101563,2.637207,0.699463,-249.992355,-10.398864,175.155624,-0.789551,1.728516,0.190674,-249.992355,236.190781,249.732956
0.024414,2.23584,0.548828,-249.992355,-64.910889,138.290405,-0.960938,1.873535,0.205078,-249.992355,183.677658,249.992355
-0.064941,2.080811,0.485107,-249.992355,-113.922112,105.895988,-1.248535,1.98999,0.068359,-249.992355,94.436638,249.992355
-2.946289,7.556152,-0.052734,63.96484,-247.299179,-249.992355,-1.371338,2.115479,-0.156738,-249.992355,-20.599363,249.992355
-0.085449,2.082031,0.625977,-249.992355,-157.951355,66.520691,-1.2146,2.218262,-0.320557,-249.992355,-135.246277,249.992355
-0.268555,1.833984,0.954834,-249.992355,-245.071396,-2.14386,-1.036377,2.400635,-0.272949,-249.992355,-222.885117,249.992355
-0.326904,1.568848,1.068115,-249.992355,-249.992355,-33.859253,-0.953369,2.580811,0.020264,-249.992355,-249.992355,249.992355
-0.328125,1.326172,1.10376,-249.992355,-249.992355,-72.761536,-1.15625,2.635742,0.325195,-249.992355,-249.992355,249.992355
-0.254639,1.162354,1.094971,-249.992355,-249.992355,-119.842522,-1.310547,2.600586,0.516602,-249.992355,-249.992355,249.992355
-0.253174,1.047119,1.078857,-249.992355,-249.992355,-165.908798,-0.746338,1.075439,0.151855,-249.992355,196.578964,154.174805
-0.230957,0.97876,1.030273,-249.992355,-249.977097,-212.669357,-1.249268,3.131592,-1.223145,-249.992355,-104.164116,-22.27783
-0.057617,0.977539,0.988525,-249.992355,-249.992355,-246.543869,-1.467041,1.882568,0.08667,249.992355,45.043941,-249.900803
0.152344,1.032471,0.942871,-249.992355,-249.893173,-249.992355,-1.29126,1.733887,0.0625,249.992355,12.100219,-249.977097
0.32251,1.162598,0.927002,-249.992355,-248.741135,-249.992355,0.682861,3.729736,-0.514893,86.112968,248.626694,59.112545
0.730469,1.9104,0.874756,-249.992355,-249.992355,-249.458298,-0.763672,7.116455,-2.564697,-212.959274,249.374374,157.463074
-0.196533,2.02417,0.798584,-249.992355,-204.299911,28.610228,-1.356934,7.770752,-5.105469,-249.992355,249.992355,182.952866
-4.761719,4.210693,0.195557,249.992355,-248.649582,-192.039474,-1.80957,4.07251,-4.458496,-249.992355,203.033432,105.201714
0.507813,1.424072,0.901855,-249.992355,-249.992355,-249.992355,-1.164551,2.622803,-2.545898,-249.992355,55.213924,102.409355
-2.43335,4.042969,-0.494141,245.52153,100.685112,17.997742,-0.696533,2.017822,-1.117188,-249.992355,54.855343,90.934746
0.337402,1.717773,0.255615,249.992355,82.328789,196.716293,-0.653809,1.744141,-0.421387,-249.992355,89.683525,71.647644
0.32666,1.659668,0.224854,249.992355,96.916191,182.960495,-0.672852,1.730957,-0.451172,-249.992355,104.225151,71.838379
0.326172,1.593018,0.21167,249.992355,112.480156,163.032516,-0.716797,1.742188,-0.821533,-249.992355,111.228935,97.953789
0.258057,1.566162,0.212891,249.992355,122.344963,138.404846,-0.705322,1.710205,-0.99707,-249.992355,123.497002,126.403801
0.186523,1.486328,0.256592,249.992355,119.224541,108.177177,1.295654,2.5979,-0.182129,249.992355,249.992355,46.432491
0.202881,1.477783,0.353271,249.992355,99.868767,71.434021,-0.784668,1.602051,-0.717773,-249.992355,136.59668,151.451111
-3.57666,2.868652,-0.384033,249.992355,-211.196884,-46.813961,-0.924072,1.699219,0.206299,-249.992355,143.363953,214.050278
0.312012,1.686768,0.364746,249.992355,54.527279,-3.875732,-0.945313,1.89209,0.285156,-249.992355,136.33728,239.624008
0.441406,1.638428,0.288574,249.992355,50.178524,-34.454346,-0.954834,2.051758,0.251221,-249.992355,123.313896,249.992355
0.6521,1.588867,0.188721,249.992355,67.901611,-55.992123,-0.991943,2.148438,0.207764,-249.992355,108.52813,249.992355
0.828369,1.596436,0.065186,249.992355,108.421318,-63.545223,-0.996826,2.191406,0.223633,-249.992355,91.720573,249.992355
0.243408,1.629395,0.397949,249.992355,73.699951,33.485413,-0.962646,2.239746,0.330322,-249.992355,69.824219,249.992355
0.867432,1.586914,-0.131592,249.992355,227.325424,-49.46899,-0.98999,2.295654,0.480225,-249.992355,43.319698,249.992355
0.698975,1.430664,-0.09375,249.992355,249.992355,-41.923519,-1.047363,2.329346,0.551025,-249.992355,8.19397,249.992355
0.51123,1.35498,-0.116211,249.992355,249.992355,-32.37915,-1.113037,2.338135,0.593506,-249.992355,-36.140442,249.992355
0.39917,1.388916,-0.19043,249.992355,249.992355,-23.803709,-1.213623,2.336182,0.556152,-249.992355,-83.770744,249.992355
0.195313,1.474854,-0.275146,249.992355,249.992355,-18.714905,-0.917725,1.558838,-0.134766,-249.992355,144.683838,186.470016
-0.146729,1.5896,-0.361816,249.992355,249.916061,-2.754211,0.836914,2.935791,-0.251221,249.992355,191.375717,36.079407
-0.182617,1.870361,-0.47998,249.992355,249.992355,48.080441,-1.623047,2.00708,0.135498,249.992355,96.389763,-249.992355
0.041992,2.324951,-0.611572,249.992355,249.992355,118.080132,0.108887,4.241455,-0.295166,249.992355,-177.627548,-36.064148
0.048096,2.920898,-0.681641,249.900803,246.28447,175.888046,0.616211,3.848389,-0.303955,246.498093,-5.134582,-2.326965
-0.325684,3.455811,-0.679688,249.992355,249.992355,163.124069,-1.165039,1.672607,-0.022461,249.992355,-10.131835,-249.992355
0.919189,1.649414,-0.068604,249.992355,165.473923,-58.700558,-1.085449,1.662598,-0.102051,249.992355,-30.899046,-246.421799
-1.436035,4.095703,-0.552246,249.992355,249.992355,75.073242,-1.084961,1.580811,-0.213623,249.992355,-53.405758,-233.909592
0.743896,2.483643,0.605469,-249.992355,-92.498772,-184.844955,-1.096924,1.391357,-0.236328,249.992355,-74.989319,-222.518906
0.495361,1.923828,0.554932,-249.992355,-177.749619,-197.196945,-1.054932,1.196289,-0.196289,249.992355,-92.620842,-210.922226
0.366699,1.746826,0.583984,-249.992355,-229.255661,-200.317368,-0.989502,1.021729,-0.21875,249.992355,-100.822441,-194.541916
0.363525,1.677002,0.619385,-249.992355,-249.992355,-193.702682,-0.851807,0.805664,-0.363281,249.992355,-93.002312,-149.780273
-0.056641,1.614014,0.602783,-249.992355,-244.186386,-78.178406,-0.876709,0.743652,-0.458008,249.992355,-92.628471,-135.559082
0.174316,1.568848,0.624756,-249.992355,-249.649033,-156.936646,-0.939453,0.675537,-0.561035,249.992355,-103.050224,-127.937309
0.105225,1.560059,0.615479,-249.992355,-249.992355,-133.300781,-1.010498,0.630127,-0.645264,249.992355,-125.106804,-118.125908
0.039551,1.585205,0.601074,-249.992355,-249.992355,-106.033318,-0.901123,0.886963,-0.292969,249.992355,-98.785393,-171.600327
0.304199,1.620605,0.636963,-249.992355,-249.992355,-177.032455,-0.831543,0.772461,-0.629395,249.992355,-222.549423,-71.708679
0.874023,2.957764,0.692383,-249.992355,10.284423,-150.924683,-0.741943,0.947266,-0.639404,249.992355,-249.923691,-56.381222
-0.144287,0.042725,1.19458,-249.992355,118.049614,-95.6726,-0.805908,1.131592,-0.722412,249.992355,-249.992355,-52.993771
0.198486,2.523193,0.75415,-249.992355,158.195496,-83.366386,-0.391602,3.743652,-0.217041,249.992355,-249.992355,-58.311459
0.092285,2.296631,0.830078,-249.992355,161.506638,-79.421997,-0.877441,1.301514,-0.838867,249.992355,-249.992355,-51.399227
0.063965,1.687988,0.852539,-249.992355,150.352478,-75.828552,-0.824219,1.495117,-0.878418,249.992355,-249.969467,-48.164364
0.090088,1.518066,0.799561,-249.992355,131.507874,-66.207886,-0.787598,1.795654,-0.945801,249.992355,-249.992355,-46.302792
0.049072,1.782715,0.803955,-249.992355,113.044731,-86.09771,-0.820068,2.298584,-0.953613,249.992355,-249.992355,-50.537106
-0.266602,1.768311,0.685059,-249.984726,97.045891,-56.808468,-0.773193,2.840332,-0.85498,249.992355,-248.580917,-60.607906
-0.290039,1.498535,0.599609,-249.992355,84.342949,-50.559994,-0.655762,3.227783,-0.513184,249.923691,-249.992355,-66.123962
-0.29126,0.969727,0.696533,-249.992355,80.718987,-64.651489,-0.985596,0.651367,-0.649658,249.992355,-164.054855,-96.984856
-0.258057,0.484863,0.921875,-249.214157,92.536919,-78.903198,-1.076904,2.394043,0.567383,-249.992355,9.613037,249.992355
-0.119141,1.647949,0.546631,-249.992355,-206.565842,-58.410641,-1.138916,2.317627,0.50293,-249.992355,61.759945,249.992355
0.630615,2.599365,0.678223,-249.992355,107.948296,-104.774467,-1.187256,2.142578,0.383301,-249.992355,124.343864,249.992355
-0.106934,1.537354,0.454834,-249.992355,-156.311035,-44.586178,-0.550049,1.45752,0.402588,-249.992355,249.855026,89.630119
-0.932617,3.888916,-0.750244,249.992355,-12.306212,127.92968,-1.111084,1.719238,0.308838,-249.992355,248.016342,199.302658
0.10498,1.629639,0.418945,-249.992355,-93.734734,-6.607055,-0.915039,1.622803,0.369385,-249.992355,249.992355,162.338242
-0.083008,-0.327881,1.507813,-249.992355,147.270203,-117.34008,-0.724609,1.577637,0.37085,-249.992355,249.244675,129.081726
0.766602,1.055664,-0.120117,249.992355,249.992355,65.956116,-1.06543,2.368652,0.657959,-249.992355,-35.736084,249.992355
0.76001,1.196777,-0.063477,249.992355,249.961838,57.296749,-1.192383,1.91626,0.244385,-249.992355,192.558273,237.45726
0.834473,1.460205,-0.110352,249.992355,249.992355,59.585567,-1.085449,2.333008,0.672607,-249.992355,-78.842163,249.992355
0.956299,1.801025,-0.149658,249.992355,249.992355,76.98822,1.30249,0.015137,1.498779,-249.992355,-77.575684,192.390427
1.064941,2.268799,-0.288086,249.992355,248.496994,99.311821,-0.890381,2.194336,0.631348,-249.992355,-157.424927,249.992355
0.987793,3.041504,-0.450195,249.992355,249.992355,101.730339,-0.845215,2.253418,0.62207,-249.992355,-211.761459,249.992355
0.375977,3.694824,-0.632324,249.893173,249.992355,57.403561,-0.72583,2.355225,0.595459,-249.992355,-248.138412,249.992355
-0.471436,3.787109,-0.551758,249.992355,194.725021,-12.039184,-0.418701,2.255127,0.413086,-249.992355,-249.992355,249.992355
-1.175293,4.104492,-0.063721,249.992355,13.031005,-44.662472,-0.220947,1.818604,0.331787,-249.992355,-249.626144,249.717697
-0.007813,1.449951,0.44751,-249.992355,-119.194023,-27.656553,-0.2146,1.24707,0.370361,-249.992355,-249.992355,249.992355
-0.759033,4.636475,-0.027588,245.491013,-81.962578,-73.471069,-0.058838,0.777344,0.506836,-249.984726,-249.992355,249.992355
0.151367,7.322998,-2.52002,80.947868,-53.901669,99.182121,0.155273,0.481689,0.553955,-249.992355,-235.32103,237.915024
1.89502,7.999756,-7.466309,-244.590744,-29.151915,-10.116576,0.454346,0.283691,0.746582,-249.977097,-188.713058,216.979965
0.353516,6.91333,-7.999756,-249.992355,56.884762,119.064323,0.877441,0.137695,1.087402,-249.107346,-131.881714,199.645981
0.056396,4.366943,-2.650146,-249.992355,195.388779,175.765976,-0.382568,1.275635,0.278076,-249.992355,249.992355,51.246639
-0.063232,3.873535,0.007324,-249.992355,165.100082,189.086899,-1.013184,2.265137,0.672363,-249.992355,-117.164604,249.992355
-0.202148,3.50293,0.297363,-249.992355,104.568474,160.171509,-0.191162,1.143066,-0.030029,-249.992355,249.992355,13.160705
-0.203369,2.9021,0.364258,-249.992355,48.385616,119.10247,-1.926025,6.147461,-7.249512,-249.992355,50.880428,17.410278
-0.049561,2.427002,0.317383,-249.992355,-0.854492,79.971313,0.115479,1.074219,0.033447,-249.992355,145.973206,-60.600277
0.058594,2.127197,0.2771,-249.992355,-40.39764,46.524044,-1.336426,0.896973,0.108643,249.992355,-249.992355,-103.637688
0.094727,1.895996,0.337646,-249.992355,-69.458008,18.814087,1.538574,-0.141602,1.939941,-249.992355,-45.608517,179.992661
-0.109375,3.342041,-0.507324,249.992355,-44.746395,-49.133297,-1.490234,1.291748,-0.118652,249.992355,-249.992355,-43.395992
-0.246338,-0.681885,1.83252,-219.100937,147.262573,-129.852295,-1.453857,1.553711,-0.25,249.992355,-249.93895,-27.030943
0.797119,0.974121,-0.227051,249.992355,249.992355,83.290092,-1.397949,1.849609,-0.464111,249.992355,-248.992905,-14.907836
-1.331055,-1.28125,2.268311,-80.596916,-77.323914,-89.332573,-1.167969,2.17749,-0.67334,249.954208,-249.992355,0.434875
0.68457,1.42749,-0.075439,178.703293,89.233391,216.850266,-0.769531,2.4104,-0.758789,249.992355,-249.992355,2.5177
0.701416,1.332275,-0.207275,172.683701,125.930779,192.85582,-0.433838,2.587891,-0.938477,249.832138,-187.81279,-0.595093
0.682617,1.291016,-0.348877,169.982895,159.461975,159.408569,0.170898,2.836426,-1.089355,247.474655,-69.061279,13.130187
0.622314,1.2229,-0.458984,170.730576,184.051498,114.479057,0.788818,3.200195,-1.141357,249.992355,112.754814,49.087521
0.595703,1.034424,-0.527588,181.480392,206.138596,73.623657,0.753662,3.582031,-1.078857,249.992355,240.776047,61.935421
0.722412,0.851563,-0.5896,210.433945,238.510117,43.640133,0.541748,4.082275,-0.512695,93.955986,249.992355,13.71765
0.965576,0.767822,-0.646973,244.453415,249.992355,19.104004,-2.516357,5.963379,-1.332275,-144.424438,223.709091,45.089718
1.07959,0.805176,-0.652344,249.992355,249.992355,1.594543,-3.021729,7.999756,-5.837158,-249.992355,96.199028,99.113457
1.103271,0.980225,-0.605225,249.992355,249.992355,-0.671387,-2.007568,4.092041,-3.598633,-249.992355,-153.640747,-18.188477
1.067383,1.323975,-0.542969,249.992355,249.969467,14.831542,-1.39917,3.724121,-0.984131,-249.992355,-239.97496,-61.714169
0.709961,1.509033,0.027344,189.735397,54.588314,238.265976,-1.011475,3.617676,-0.331299,-249.992355,-249.793991,-80.108643
0.947998,1.856934,-0.571045,249.992355,249.992355,22.483824,-0.743408,3.193848,-0.060791,-249.992355,-249.18364,-82.19146
0.391113,2.842041,-0.823242,249.923691,248.67247,33.7677,-0.579346,2.664307,0.17334,-249.992355,-249.992355,-79.971313
0.13208,3.32373,-0.88623,249.992355,249.992355,43.876644,-0.436523,2.044189,0.351074,-249.992355,-246.002182,-74.394226
-0.235352,3.97583,-0.836426,249.992355,249.992355,24.238585,-0.211182,1.552246,0.45874,-249.992355,-175.514206,-77.796936
-0.539063,4.666016,-1.133545,246.086105,197.906479,-21.202085,-0.039307,1.246582,0.398682,-249.992355,-69.091797,-89.74456
-0.851563,4.928223,-1.727295,249.992355,31.112669,-47.241207,0.050781,1.095215,0.239014,-249.992355,42.533871,-83.900444
-1.434082,5.104492,-2.202881,249.992355,-166.801437,-50.468441,0.022949,1.09668,-0.107422,-249.992355,228.630051,-27.06909
-1.300781,6.017578,-2.773926,63.850399,-246.871933,-116.08123,-1.472656,1.102783,0.01416,249.992355,-249.984726,-74.150085
-0.161621,6.532227,-3.532471,-200.874313,-249.992355,-222.96904,1.793701,-0.404297,2.269043,-198.326096,-23.574827,132.415771
1.217773,5.493408,-4.43042,-249.992355,-249.992355,-210.662827,2.890381,-1.016357,2.581787,11.917113,137.443542,62.20245
0.872314,4.306885,-4.703369,-249.68718,-95.970146,-37.277222,-0.663818,0.929932,-0.274414,249.992355,-48.797604,-178.695663
0.672852,2.364746,-0.672607,249.992355,249.992355,20.782469,-0.757568,0.81665,-0.344482,249.992355,-56.724545,-169.265732
0.731445,1.52832,0.085449,203.605637,25.856016,249.992355,-0.897217,0.698975,-0.429932,249.992355,-80.947868,-149.650574
-0.732178,-1.040039,2.09668,-134.69696,72.280884,-118.141167,-0.984863,0.61377,-0.490479,249.992355,-119.651787,-117.141716
0.648193,1.608887,0.120117,224.273666,-18.798828,249.755844,-1.043213,0.608643,-0.518311,249.992355,-171.668991,-86.624138
0.705322,1.55127,0.100098,216.354355,1.724243,249.992355,-1.054199,0.727051,-0.502197,249.992355,-228.813156,-70.648193
-1.368896,-1.311523,2.299072,-62.515255,-219.902023,-72.20459,-1.055908,0.961182,-0.445801,249.992355,-249.992355,-68.504333
-0.546631,-1.554688,2.10498,43.724056,-249.992355,-69.602966,-1.126221,1.264648,-0.408936,249.992355,-249.992355,-74.462891
0.082031,-1.907471,1.679443,219.9478,-249.244675,-71.540833,-1.313721,1.565186,-0.346436,249.992355,-249.961838,-85.052483
-0.087158,-1.30542,1.051758,249.992355,-249.992355,-55.27496,-1.472412,2.415527,-0.538818,249.969467,-249.977097,-92.254631
-0.554443,-0.547852,0.743164,249.992355,-249.992355,-0.007629,-0.769775,1.012695,-0.18457,249.992355,-46.867367,-195.732101
-1.32373,-0.10376,1.132324,249.961838,-218.063339,49.118038,-0.996582,2.841797,-0.667236,249.992355,-247.734055,-101.936333
-1.188477,0.893066,1.276367,249.992355,-148.345947,153.6026,-0.019775,3.200928,-0.473145,248.031601,-249.992355,-97.900383
-0.471436,1.372559,0.899414,249.351486,-163.223251,186.347946,0.492676,3.811523,-0.320313,249.992355,-128.913879,-57.571407
-0.119629,1.642578,0.70166,237.83873,-175.064072,205.596909,0.997314,4.326172,-0.68457,249.992355,73.509216,6.072998
0.070557,1.769043,0.555176,228.355392,-185.012802,218.452438,1.32373,4.151367,-1.207031,141.921997,233.512863,31.669615
-1.822998,0.35498,1.514404,249.839767,-156.478882,101.203911,1.033203,4.123779,-1.128906,68.054199,248.077377,-10.185241
0.260254,1.907227,0.377197,218.460068,-200.897202,233.444199,-1.321045,5.872559,-2.251953,-112.541191,249.992355,97.702019
0.296631,1.944824,0.336182,217.849716,-203.422531,235.450729,-1.480469,7.799561,-5.455811,-249.992355,247.085556,91.445915
0.319336,1.947266,0.317627,218.833908,-197.898849,236.984238,-2.280273,4.897949,-4.968994,-249.992355,102.989189,1.663208
0.600342,1.683838,0.165283,225.10527,-37.872314,249.992355,-1.801758,3.812256,-2.821289,-249.992355,-52.032467,-19.264221
0.381836,1.888916,0.276367,220.962509,-181.396469,241.477951,2.5271,-0.825684,2.429199,-97.702019,32.897949,84.693901
0.445557,1.814453,0.209473,224.075302,-154.73938,247.680649,-0.498047,2.967041,-0.631348,249.862656,-249.992355,-113.006584
0.453857,1.748291,0.147705,226.394638,-123.908989,249.992355,-0.975342,1.06665,-0.120361,249.992355,-40.428158,-224.678024
0.479736,1.759521,0.126953,227.081284,-96.893303,249.992355,-1.519043,1.923828,-0.372314,249.992355,-249.992355,-93.231194
0.513672,1.795898,0.145508,225.440964,-74.577332,249.992355,-1.206543,1.250732,-0.009277,249.992355,-3.677368,-249.992355
0.549316,1.762695,0.175293,223.823532,-55.709835,249.992355,-1.123535,1.142822,-0.069824,249.992355,-26.535032,-247.085556
0.186523,1.858154,0.44043,222.045883,-194.175705,227.615341,1.236572,-0.524902,2.498291,145.40863,232.566818,-73.249817
-0.512451,1.827148,-0.439209,249.992355,-19.020081,2.410889,1.092041,-0.377441,1.935547,199.890121,210.388168,-104.309074
-0.612061,3.508545,-0.157715,243.064865,20.965574,21.14868,1.059814,-0.342285,1.383301,247.314438,234.985336,-121.50573
-1.22583,4.43457,0.072754,249.954208,124.832146,119.23217,1.182373,-0.123779,1.267822,249.992355,249.832138,-152.801514
1.191895,2.442627,-0.174316,249.992355,249.992355,71.929932,1.6875,0.422119,1.622559,249.992355,249.946579,-216.171249
-0.188965,3.988525,-0.138428,249.870285,249.992355,143.913269,1.330322,1.038818,1.700195,249.992355,249.992355,-249.992355
0.746338,3.91626,-0.070313,249.984726,247.772202,92.506401,0.346924,1.47168,1.207275,249.992355,244.186386,-249.992355
1.251709,3.007324,-0.125977,249.992355,249.855026,75.912476,-0.459961,1.703125,0.629639,249.992355,223.136887,-249.992355
-1.381348,4.04248,-1.167236,249.992355,-134.140015,34.790039,-0.878906,1.8479,0.30249,249.992355,207.420334,-249.992355
-0.938721,3.913574,-0.096191,249.992355,249.992355,158.981323,-1.128662,1.967285,0.087646,249.992355,192.619308,-249.992355
-1.989014,7.960449,-4.905273,-93.009941,-249.992355,-10.894774,2.102539,-0.777588,2.818604,102.98156,227.180466,-6.500244
-0.084961,1.579834,0.356934,-249.992355,-150.421143,58.624264,-1.471436,2.157715,-0.12793,249.992355,167.716965,-249.992355
2.169434,5.40332,-5.939697,-249.992355,144.790649,165.153488,-1.348877,2.07251,-0.059082,249.992355,178.817734,-249.992355
0.848877,3.924561,-1.885254,-249.992355,249.404892,209.083542,-1.4646,1.551758,0.013428,249.992355,68.344116,-249.900803
0.258301,2.753662,-0.55127,-249.992355,249.755844,225.975021,-1.560303,1.7771,0.010498,249.992355,115.173332,-249.992355
0.034668,2.249268,-0.121826,-249.992355,249.992355,236.206039,-1.443604,1.969971,0.052246,249.992355,154.960632,-249.992355
-0.101074,2.145996,-0.19751,-249.992355,229.469284,228.584274,-1.281494,2.104004,0.089111,249.992355,174.652084,-249.992355
-0.240234,2.223389,-0.253418,-249.992355,142.021179,208.549484,-1.30249,1.377441,0.026855,249.992355,27.816771,-249.847397
-0.188721,2.181396,-0.050293,-249.992355,47.363277,179.008469,-1.404785,2.138672,0.075684,249.992355,171.585068,-249.992355
-0.15625,2.001221,0.249268,-249.992355,-34.210205,147.216797,-1.435791,2.106934,0.046143,249.992355,166.442856,-249.992355
-0.181641,1.744141,0.421143,-249.992355,-94.169609,119.041435,-1.45752,2.150879,-0.066406,249.992355,163.581833,-249.992355
-0.13916,1.557861,0.406006,-249.992355,-133.201599,90.682976,-1.303711,2.174561,0.095703,249.992355,176.506027,-249.992355
0.986328,2.126709,-0.332764,249.992355,249.961838,20.103453,-1.032227,7.891602,-6.700439,-249.992355,249.992355,-53.153988
1.344482,7.999756,-7.999756,-249.992355,-229.454025,68.252563,-0.575439,3.047852,-1.020264,249.992355,-249.992355,2.098083
0.92041,1.81665,-0.429443,249.992355,249.320969,-34.515381,-0.19458,3.554443,-1.007568,249.877914,-243.225082,19.676208
0.254395,1.209717,0.19458,249.992355,-25.520323,140.922546,0.357178,3.679199,-0.862793,247.589096,-115.341179,53.794857
0.791992,1.51416,-0.467529,225.440964,158.958435,-63.880917,1.112305,3.539795,-0.562988,249.992355,73.120117,73.661804
-0.04834,1.447021,0.675537,249.992355,-236.022934,75.912476,1.514404,3.614502,-0.421875,249.992355,223.419174,73.951721
0.009277,1.712402,0.410645,-249.992355,-148.742676,31.990049,1.434326,3.635498,-0.337646,117.691032,249.992355,93.261711
0.147949,1.546143,0.506104,249.992355,-198.493942,110.961906,-0.710449,2.473145,-0.932373,249.961838,-248.512253,-1.693725
0.171875,1.558838,0.478271,249.992355,-175.285324,120.74279,1.018799,3.681641,-0.162354,-5.180358,247.230515,104.408257
0.173584,1.560791,0.456787,249.992355,-154.380798,129.837036,-1.273193,5.647949,-2.344727,-158.02002,249.992355,99.136345
0.197021,1.601807,0.455322,249.992355,-137.359619,137.298584,-2.470459,5.820801,-5.950684,-249.992355,123.26812,-21.072386
0.229004,1.618164,0.452148,249.992355,-119.216911,143.196106,-0.612061,2.123291,-0.538574,-249.992355,-61.355587,5.134582
0.280273,1.572266,0.425537,249.992355,-96.687309,149.642944,-1.053223,3.546143,-1.020264,-249.992355,-40.283199,-13.313293
0.353027,1.515381,0.375244,249.992355,-69.145203,155.723572,-0.736328,2.971436,-0.654297,-249.992355,-37.124634,11.749267
0.413574,1.482666,0.307617,249.992355,-39.611816,159.042358,-0.566162,2.500732,-0.628662,-249.992355,-44.868465,16.616821
0.429199,1.450684,0.238037,249.992355,-13.96942,160.270691,-0.670166,1.906006,-0.406494,-249.992355,-72.059631,-1.13678
0.425293,1.411133,0.197998,249.992355,3.089905,159.0271,-0.636963,1.803955,-0.211914,-249.992355,-68.374634,0.267029
0.405273,1.35498,0.177734,249.984726,7.17926,156.204224,-0.517334,1.753662,0.020752,-249.992355,-47.058102,1.518249
0.338623,1.25415,0.18335,249.656662,-2.578735,150.344849,-0.392578,1.746338,0.133789,-249.992355,-11.299132,4.829407
0.254395,1.217285,0.186523,249.992355,-55.625912,123.832695,-0.37915,1.759033,0.08374,-249.992355,37.04071,23.53668
0.309814,1.197998,0.162109,230.926498,-79.689026,95.359795,-0.396973,1.757324,0.087402,-249.992355,91.094963,46.989437
0.360352,1.141113,0.137451,206.619247,-86.72332,62.011715,-0.843994,2.166748,-0.794922,249.992355,-249.633774,6.034851
0.41748,1.126465,0.07373,190.101608,-78.948975,33.52356,-1.597656,4.518311,-3.039551,-249.992355,-21.621702,-16.822815
0.506348,1.137695,-0.002686,186.309799,-58.2962,10.993957,-0.972656,2.001221,-0.630371,249.992355,-249.992355,10.231017
0.588379,1.169922,-0.078857,195.594772,-26.657103,-9.819031,-0.477539,1.745605,0.252197,-249.992355,139.694214,66.116333
0.611816,1.247559,-0.169189,205.596909,11.596679,-30.197142,-1.020996,1.566406,-0.280762,249.992355,-249.984726,-8.613586
0.641357,1.327393,-0.265625,205.184921,53.512569,-48.194881,-1.219482,1.855713,0.037109,249.992355,195.816025,-249.992355
0.701172,1.410156,-0.383057,205.741867,102.371208,-59.29565,-1.203857,1.859863,0.037109,249.992355,183.464035,-249.992355
0.879395,1.623535,-0.447266,247.962936,220.344528,-59.68475,-1.206787,1.847412,0.048096,249.992355,176.162704,-249.992355
0.076172,1.49707,0.547607,249.992355,-219.482407,97.129814,-1.27417,1.885498,0.097656,249.992355,171.668991,-249.992355
0.139404,1.780273,0.523682,-249.992355,-134.620667,17.494202,-1.064453,1.796143,0.142334,249.992355,199.935898,-249.992355
0.292725,1.864502,0.735596,-249.992355,-89.973442,8.987427,-1.299316,1.915527,0.131592,249.992355,150.337219,-249.992355
-1.643555,0.599365,1.093506,249.992355,-249.992355,106.338493,-1.314697,1.848145,0.120117,249.992355,107.681267,-249.992355
-0.807373,1.135742,1.013184,249.923691,-249.923691,154.785156,-1.340088,1.702393,0.109863,249.992355,49.911495,-249.992355
0.041504,1.575439,0.943115,249.778732,-249.481186,182.464584,-1.330566,1.559814,0.080322,249.992355,-11.940001,-249.992355
0.371582,1.75415,0.86499,249.992355,-249.992355,207.321152,-1.237793,1.450928,0.107422,249.992355,-63.957211,-249.992355
0.508545,1.755859,0.783691,248.222336,-249.595627,236.556992,-1.018066,1.789795,-0.440918,249.992355,-249.984726,4.882813
0.573242,1.732666,0.75,226.49382,-214.233383,249.992355,-1.115479,1.389648,0.158203,249.992355,-102.333061,-249.992355
0.611328,1.698486,0.718262,195.487961,-172.180161,249.992355,-0.951904,1.30835,0.132324,249.992355,-157.775879,-249.68718
0.700928,1.686523,0.64209,165.771469,-139.450073,249.992355,-0.859375,1.233643,0.112549,249.992355,-173.484787,-249.992355
0.725586,1.673828,0.555664,139.427185,-113.6856,249.992355,-0.713867,1.156738,0.110596,249.992355,-180.7556,-249.519333
0.670166,1.611084,0.446533,94.429008,-64.186096,249.992355,-0.614014,1.075195,0.065186,249.992355,-182.838425,-226.295456
-1.439697,0.139893,0.973877,249.992355,-249.992355,60.531612,-0.615967,0.993652,-0.060547,249.992355,-184.318527,-187.995895
0.687012,1.579834,0.422119,78.353882,-32.920837,249.992355,-0.668457,0.919434,-0.133545,249.992355,-192.626938,-142.608643
0.522949,1.480713,0.360596,68.267822,52.177425,249.992355,-0.718262,0.907959,-0.101318,249.992355,-218.139633,-102.638237
0.462646,1.444092,0.286133,72.998047,97.961418,249.992355,-0.781738,0.99707,-0.094238,249.992355,-246.307358,-75.111389
0.405273,1.410156,0.213623,81.497185,142.364502,249.465927,-0.861328,1.162354,-0.118164,249.992355,-249.992355,-53.695675
0.373779,1.339355,0.135742,95.4132,182.113632,249.992355,-0.960449,1.353027,-0.183105,249.992355,-249.992355,-30.731199
0.354492,1.247803,0.025146,115.356438,217.514023,249.992355,-1.016113,1.356934,0.165527,249.992355,-133.102417,-249.946579
0.361816,1.167236,-0.120361,138.221741,244.964584,226.028427,-0.590576,1.820557,0.400146,-249.992355,173.271164,94.772331
0.469238,1.085449,-0.288818,163.726791,249.992355,181.205734,-0.749023,1.191406,-0.367188,249.992355,-249.839767,-249.992355
0.644775,1.001465,-0.376221,197.059616,249.992355,140.579224,-0.643555,1.98584,0.427979,-249.992355,183.326706,164.215073
0.776123,0.95459,-0.332275,235.458359,249.992355,107.688896,0.617432,-0.034424,0.52124,249.343857,249.992355,-249.992355
0.257813,1.820068,0.648193,-249.992355,-113.555901,7.30133,0.998779,0.223389,0.560547,249.992355,249.992355,-249.992355
0.597168,1.52832,0.414307,69.80896,7.652282,249.984726,1.419922,0.854492,0.771484,249.839767,249.984726,-249.992355
-0.787598,-0.119385,0.720703,249.992355,-249.992355,33.52356,1.219727,1.430176,0.773193,249.748215,249.992355,-249.992355
0.657227,1.638672,0.500488,115.898125,-88.729851,249.992355,0.177246,1.757813,0.44873,249.992355,249.992355,-249.992355
-0.007324,-0.38501,1.173096,243.843063,-249.992355,-10.292052,-0.692383,1.914307,0.16333,245.300278,249.290451,-249.992355
-0.295654,-0.29541,0.75,249.992355,-249.992355,9.887695,-1.031982,2.000977,0.070801,215.217575,249.992355,-249.992355
0.366943,1.834961,0.848145,-249.992355,-57.220455,42.938229,-1.225342,2.080811,0.137695,186.164841,249.992355,-249.992355
0.373291,1.929688,0.82373,-249.992355,-51.406857,55.14526,-1.49707,2.183838,0.310059,160.499573,216.369614,-249.992355
0.300293,2.110352,0.817627,-249.992355,-56.65588,65.093994,-1.918457,2.136963,0.496094,141.433716,47.866817,-249.992355
0.206299,2.267822,0.844238,-249.992355,-68.992615,70.320129,0.580811,0.043701,0.669189,204.528793,249.992355,-244.903549
0.141602,2.328857,0.882813,-249.992355,-87.791435,58.624264,-1.788818,2.02832,0.415771,138.877869,-27.229307,-249.992355
0.016602,2.207764,0.868896,-249.992355,-106.491081,42.358395,-1.534668,1.733154,0.195313,148.300171,-126.075737,-249.992355
-0.149658,1.680176,0.818359,-249.992355,-114.501945,51.330563,-1.478027,1.539551,0.056641,171.394333,-160.797104,-249.992355
-0.087891,1.525391,0.892334,-249.992355,-120.925896,48.324581,-1.372803,1.343262,-0.040771,202.896103,-195.854172,-249.992355
0.048828,2.355957,1.008545,-249.992355,-133.087158,6.629943,-1.28418,1.256836,-0.125732,238.235458,-225.036606,-249.946579
-0.136963,2.427002,0.876465,-249.977097,-148.590088,-13.984679,-1.095947,1.252441,-0.259766,249.992355,-243.278488,-249.389633
0.327637,1.851318,0.812012,-249.992355,-70.648193,24.963377,-0.63623,0.995117,-0.424316,249.992355,-249.992355,-249.992355
-0.210938,1.295654,1.325684,-249.992355,-229.751572,-4.432678,-0.922607,0.73999,-0.431885,249.992355,-249.992355,-211.135849
-0.134277,1.986816,1.012207,-249.992355,-181.396469,-16.105652,-1.217041,0.585693,-0.212646,249.992355,-249.992355,-158.27179
-0.594482,-0.736816,1.954346,50.788876,-249.992355,-79.00238,-1.285889,0.65918,0.055908,249.992355,-249.992355,-123.64196
-1.128418,-0.76123,1.969482,-29.487608,-249.992355,-127.273552,-0.590332,1.947754,0.417969,-249.992355,187.324509,129.562378
-1.157227,-0.93457,1.907715,-65.177917,-249.992355,-136.428833,-1.609375,1.887451,0.311768,137.214661,-84.259026,-249.992355
-0.655762,-1.14209,1.967285,-112.960808,-249.992355,-104.804985,0.706299,0.027832,0.886719,138.832092,249.992355,-191.390976
-0.11377,-0.597656,1.626953,166.625961,-249.992355,-34.477234,-1.784668,2.204102,0.464111,144.569397,136.405945,-249.992355
-0.220703,-0.596436,1.88208,-249.992355,-249.992355,-53.497311,1.645752,-0.454346,1.79541,81.199638,249.992355,-64.437866
-0.279297,0.04541,1.627686,-249.755844,-249.992355,-33.14209,0.9375,-0.183105,1.310303,124.702446,249.992355,-126.808159
-0.241211,0.67041,1.404785,-249.107346,-249.839767,-12.062072,-0.946045,2.082275,0.455078,-249.992355,97.129814,198.982224
-0.262207,-1.074463,2.033203,-218.749985,-249.992355,-73.196411,-0.926758,2.11499,0.425293,-249.992355,37.55188,206.96257
0.758301,1.296631,0.866455,65.185547,22.041319,249.992355,-0.824707,2.18457,0.451904,-249.992355,1.937866,216.339096
0.890625,1.933838,1.254639,47.33276,-13.488769,249.992355,-0.736328,2.302002,0.580078,-249.992355,-5.226135,234.329208
0.886719,1.747803,1.240234,39.031982,4.402161,249.992355,-0.738281,2.304688,0.80127,-249.992355,5.935668,249.206528
0.916992,1.584717,1.237793,44.372555,19.546509,249.992355,-0.697754,2.158691,1.020996,-249.992355,18.684387,249.992355
0.951904,1.529541,1.212646,49.72839,30.807493,249.992355,-0.650391,2.039307,1.056641,-249.992355,17.51709,249.992355
0.898438,1.511963,1.174072,48.858639,36.209106,249.992355,-0.685059,2.030273,0.838623,-249.992355,-1.365662,249.992355
0.854248,2.085205,1.256836,48.492428,-37.55188,249.992355,-0.709473,1.975342,0.689697,-249.992355,-46.295162,249.992355
0.743408,1.484619,1.056396,58.54034,38.543701,249.992355,-0.715332,1.802979,0.640869,-249.992355,-112.480156,249.992355
0.714355,1.416748,0.930176,66.543579,31.974791,249.992355,-0.822266,2.023926,0.473389,-249.992355,154.266357,186.767563
0.853027,1.135986,0.80542,64.720154,11.138915,249.992355,-0.513428,1.178223,0.619629,-249.984726,-200.324997,249.992355
1.694824,0.831543,0.793945,182.037338,115.730278,249.992355,-0.718262,1.492676,0.549316,-249.992355,-170.890793,249.603256
1.057861,0.855469,0.671875,92.308037,-10.635375,249.992355,2.087891,-0.367188,2.014404,-104.11834,172.042831,54.779049
1.202881,0.760986,0.659912,111.091606,-15.388488,249.992355,1.702637,-0.23291,1.799072,-160.804733,40.702816,90.744011
1.453125,0.728271,0.705078,127.082817,-4.341125,249.992355,1.391846,-0.138672,1.671143,-214.111313,-58.265682,117.752068
1.65332,0.74707,0.760254,148.68927,35.720825,249.992355,1.250732,0.025146,1.450195,-249.992355,-125.923149,139.564514
1.63916,1.040039,0.791504,224.586472,216.339096,249.992355,2.155762,-0.512207,2.057373,-15.563964,247.100815,6.256103
1.705566,1.342529,0.851807,249.038681,249.93895,249.954208,0.663818,0.545898,0.998291,-249.214157,-192.275986,200.263962
1.789795,1.724609,0.901611,249.992355,249.992355,249.992355,0.248779,0.747314,0.835938,-249.992355,-203.460678,232.933029
1.481934,2.296387,0.837158,249.93895,249.992355,249.992355,-0.190918,0.927979,0.709717,-249.992355,-207.313522,249.992355
1.406494,2.794922,0.810791,249.992355,246.978745,247.673019,1.030273,0.281982,1.182617,-249.992355,-167.739853,168.006882
0.846191,2.206787,1.223389,30.456541,-66.253662,249.992355,-1.335205,1.458496,-0.093262,249.992355,-58.479305,-249.992355
0.971436,0.981445,0.730713,74.356079,-0.617981,249.992355,-1.889648,2.577148,0.20874,249.992355,226.226791,-249.992355
0.901367,2.345215,1.158203,2.830505,-101.264946,249.992355,-1.937988,2.496094,0.27832,249.992355,208.648666,-249.992355
1.78833,3.093994,0.920166,249.992355,249.992355,249.992355,-2.095947,2.422607,0.359863,249.992355,162.658676,-249.992355
0.919922,2.406006,1.151611,-87.921135,-200.767502,249.992355,-2.107422,2.29248,0.371582,249.992355,87.371819,-249.992355
0.312988,2.13623,0.891357,-249.984726,133.399963,-249.992355,-1.853516,2.068359,0.348145,249.992355,7.843017,-249.992355
-0.047852,1.623535,0.829346,-249.992355,157.806396,-249.992355,-1.594482,1.881104,0.24707,249.992355,-42.579647,-249.992355
-0.221191,1.305176,0.6875,-249.847397,170.288071,-249.984726,-1.937988,2.634766,0.093994,249.992355,228.675827,-249.992355
-0.27417,1.071533,0.577637,-249.008163,152.412415,-249.992355,-1.453613,1.776123,0.079346,249.992355,-60.417171,-249.992355
-0.465576,0.77002,0.637695,-249.992355,113.754265,-249.992355,-1.366699,1.640137,-0.036133,249.992355,-62.751766,-249.992355
-0.721924,0.39624,0.791992,-248.870834,84.190361,-249.29808,-1.298828,1.291504,-0.122314,249.992355,-52.566525,-249.992355
-0.855469,-0.070068,1.048584,-176.696762,64.300537,-249.992355,-1.563965,1.052246,-0.245361,249.992355,-203.430161,-196.464523
-1.094727,-0.601318,1.334717,-61.088558,38.05542,-249.992355,-1.337646,1.018555,-0.169434,249.992355,-67.596436,-249.992355
-1.812256,-0.880615,1.303711,27.687071,-22.789,-223.129257,-1.452393,0.938721,-0.185547,249.992355,-95.718376,-249.992355
-2.616943,-0.794678,1.228271,36.651611,-121.307365,-159.706116,-1.55835,0.949707,-0.236572,249.992355,-140.968323,-227.264389
0.94165,2.401367,1.096191,-37.452698,-145.179749,249.992355,-1.436523,1.24707,-0.198242,249.992355,-247.077927,-171.890244
-3.225342,-0.81958,1.411377,9.292603,-215.957626,-131.095886,-1.317139,1.502686,-0.221191,249.992355,-249.992355,-155.075073
-3.81958,-1.990479,1.780762,249.992355,-249.992355,-71.914673,-1.257324,1.794678,-0.342041,249.992355,-249.977097,-145.042419
-3.054688,-0.990723,1.060791,249.992355,-249.992355,86.425774,-1.248779,1.975342,-0.458252,249.992355,-249.992355,-134.460449
-2.33374,0.110107,0.109131,77.49176,-249.992355,160.003662,-1.1521,2.124268,-0.489014,249.992355,-249.992355,-122.25341
-2.446533,0.590576,-0.189941,-52.001949,-249.992355,221.527084,-1.147949,2.879883,-0.625,249.992355,-249.038681,-99.372856
-1.968262,1.287598,0.098389,-90.400688,-249.992355,249.992355,-1.938232,2.682617,-0.046631,249.992355,227.676376,-249.992355
-1.129395,1.94165,0.856445,-122.360222,-249.992355,249.992355,-1.284424,1.148438,-0.155273,249.992355,-53.596493,-249.565109
-0.038574,2.345459,1.33252,-158.401489,-249.877914,249.992355,-1.878174,2.674316,-0.113281,249.992355,226.020798,-249.992355
0.475586,2.447998,1.431152,-178.443893,-249.336227,249.992355,-1.476074,3.718262,1.390137,-249.992355,-249.992355,249.992355
0.620605,2.464111,1.356689,-168.823227,-249.992355,249.992355,-1.545654,2.409912,-0.098877,249.992355,211.227402,-249.992355
0.80542,2.445557,1.243652,-136.016846,-248.5504,249.992355,-0.893311,3.815186,-0.595215,249.916061,-249.992355,-90.705864
-3.637451,-1.357178,1.866699,30.754087,-249.992355,-155.235291,-0.437988,3.425537,1.241455,-249.992355,-249.992355,249.992355
1.358398,3.476807,1.029297,247.077927,249.992355,249.992355,-0.097168,2.807373,0.99585,-249.992355,-249.900803,249.992355
-3.702881,-2.050781,2.135986,157.501221,-249.992355,-182.64769,-0.05957,2.30835,0.753906,-249.992355,-249.519333,249.984726
-1.006104,4.950195,0.405029,249.992355,-195.388779,8.499146,0.269775,1.837158,0.766846,-249.984726,-249.992355,249.992355
0.411621,2.307129,-0.061035,-249.992355,137.748718,-81.512444,0.6604,1.486084,0.940674,-249.992355,-248.5504,249.824509
0.295166,2.363525,-0.060547,-249.992355,127.609245,-85.510246,1.157959,1.145508,1.305908,-249.908432,-215.667709,249.160751
0.051025,2.162598,0.065918,-249.992355,106.018059,-69.709778,1.67749,0.855225,1.695557,-248.840317,-185.424789,249.992355
-0.097412,2.171387,0.211182,-249.992355,79.574585,-70.19043,2.169434,0.659668,2.153809,-249.992355,-158.294678,247.383102
-0.01709,2.210205,0.313965,-249.992355,61.111446,-107.444756,2.673584,0.573486,2.76709,-249.992355,-141.319275,185.676559
-0.097412,1.759521,0.580566,-249.992355,72.70813,-132.286072,3.211182,0.706543,3.422852,-180.839523,-109.489433,119.499199
-0.035156,1.827637,0.676758,-249.992355,102.500908,-119.209282,3.659912,0.821289,3.905762,-91.018669,-29.136656,70.213318
-0.084473,1.22168,0.841309,-249.587997,136.375427,-80.055237,3.602539,0.600342,4.177246,21.957396,85.502617,-0.404358
-0.121338,0.419434,1.172852,-249.54985,166.931137,-77.262878,3.080078,0.512207,3.953857,143.89801,185.585007,-110.862724
-0.2854,-0.439697,1.699219,-236.968979,170.92131,-96.076958,2.458008,0.51123,3.219727,237.800583,243.606552,-213.699326
0.529785,2.083984,0.067627,-249.992355,135.726929,-82.328789,2.077148,0.654541,2.6604,249.992355,249.992355,-249.992355
-0.556885,-0.702148,1.864502,-170.883163,121.566765,-84.465019,2.019287,1.124512,2.186279,249.992355,249.488815,-249.992355
-0.286133,-1.427979,2.159424,-12.001037,-27.137754,-58.79974,2.013184,1.501465,1.963135,249.992355,249.992355,-249.992355
0.226074,-1.774902,2.088867,149.589539,-62.103268,-80.963127,1.179688,1.767334,1.605957,249.992355,249.992355,-249.992355
0.332031,-1.610352,1.720947,246.53624,-75.836182,-89.317314,0.083252,1.991699,0.886963,249.992355,226.036057,-249.992355
0.028564,-1.056641,1.145752,249.992355,-98.472588,-70.457458,-0.66748,2.086426,0.370117,249.992355,202.697739,-249.992355
-0.377686,-0.475586,1.078857,249.992355,-134.132385,-45.3186,-1.087158,2.164063,0.065186,249.992355,198.27269,-249.992355
-0.804199,-0.027344,1.193604,249.992355,-171.730026,-17.463684,-1.324463,2.283691,-0.044922,249.992355,201.988205,-249.992355
-1.043945,0.360352,1.340576,249.992355,-202.857956,11.512755,-1.724121,2.554199,-0.08667,249.992355,219.512924,-249.992355
-0.772461,0.73291,1.252686,249.992355,-232.269272,29.106138,-0.511963,3.879883,-0.380371,249.992355,-249.992355,-119.338982
-0.321777,1.199463,0.889648,249.992355,-242.332443,48.683163,-0.097412,3.78833,-0.252686,249.992355,-213.310226,-124.65667
-0.142822,4.157959,0.806152,249.992355,88.874809,147.964478,0.615967,3.850342,-0.424316,246.650681,-87.676994,-76.828003
-0.629883,-1.025879,2.098633,-108.886711,43.449398,-64.544678,-1.263916,2.239746,0.483887,-249.992355,-231.025681,249.992355
0.675781,1.906982,0.185791,-249.992355,122.978203,-103.790276,-1.391602,2.322021,0.499268,-249.992355,-249.992355,249.992355
-0.146729,-0.104248,1.491699,-249.992355,184.928879,-89.050285,-1.166504,2.394043,0.459473,-249.992355,-249.992355,249.992355
0.705322,1.642822,0.249512,-249.992355,64.842224,-129.577637,-0.567139,2.137207,0.44458,-249.992355,-249.992355,249.80162
0.480469,4.619873,0.562988,112.770073,-249.992355,111.396782,-0.071777,1.583008,0.694824,-249.992355,-249.969467,249.80162
0.733398,1.730957,0.237793,-249.992355,98.579399,-126.777641,0.093018,1.066895,0.667236,-249.992355,-249.534592,249.992355
7.999756,7.145752,-3.035156,-249.992355,-88.798515,-249.992355,0.333008,0.760498,0.745605,-249.992355,-249.992355,243.705734
7.234863,5.486084,-4.569092,-236.495956,149.375916,-208.106979,0.745117,0.576172,0.907471,-249.649033,-249.992355,208.251938
4.88623,3.843506,-2.62207,-162.666306,249.992355,-45.661922,1.174805,0.423096,1.052979,-248.992905,-223.022446,173.843369
3.112061,3.656494,-0.543457,-210.426315,249.984726,43.853756,1.486328,0.216797,1.354248,-249.992355,-190.086349,142.837524
1.932129,3.488525,0.376709,-249.992355,249.992355,91.331474,-1.100342,2.29126,0.48877,-249.992355,-186.370834,249.992355
1.11377,2.869873,0.801758,-249.992355,249.992355,89.546196,1.559326,-0.052734,1.824463,-241.516098,-165.916428,94.66552
0.505859,1.992676,0.801025,-249.992355,249.412521,60.722347,2.175293,-0.711182,2.543945,-18.936157,-87.211601,-28.678892
0.16333,1.489502,0.590332,-249.992355,249.732956,43.251034,2.151123,-0.483154,2.633789,85.304253,23.223875,-60.920712
0.001221,1.467773,0.362793,-249.992355,249.992355,45.56274,1.809814,0.035645,2.456543,113.05999,125.495903,-102.073662
0.026123,1.604736,0.258789,-249.992355,229.911789,46.691891,1.497559,0.1875,2.157227,133.68988,165.916428,-137.565613
4.94043,5.536377,-0.302002,-128.15094,-249.992355,10.581969,1.115479,0.186768,1.690674,155.860901,168.556198,-166.412338
0.546631,1.532227,0.247559,-249.992355,34.744263,-113.456718,0.79834,0.220215,1.210205,183.288559,177.925095,-215.705856
0.085938,1.345215,0.461914,-249.992355,67.970276,33.149719,0.619873,0.324463,0.890625,213.584885,205.650314,-247.451767
0.141357,1.134277,0.55542,-249.992355,11.19995,10.749816,0.676758,0.557129,0.781738,237.068161,228.561386,-249.992355
0.167969,1.070313,0.551025,-249.992355,-22.621153,-18.058777,0.560547,0.982178,0.884766,249.992355,231.330856,-249.992355
0.21167,1.128906,0.43042,-249.992355,-39.558411,-46.600338,0.128174,1.432617,0.77417,249.992355,205.520615,-249.992355
0.247314,1.224365,0.325439,-249.992355,-40.504452,-68.023682,1.762207,-0.397705,2.213867,-147.483826,-143.65387,27.412413
0.340088,1.293213,0.275391,-249.992355,-29.785154,-82.122795,-1.072998,2.357178,0.470459,-249.992355,-154.144287,249.992355
0.35791,1.338135,0.293945,-249.992355,-11.878966,-88.317863,-0.564697,1.679932,0.431641,249.992355,196.525558,-249.992355
0.400146,1.403076,0.274658,-249.992355,9.979248,-97.503654,-1.522217,2.606201,0.467285,-249.992355,-110.153191,249.992355
0.030518,1.560791,0.354248,-249.992355,146.476746,41.40472,1.053955,3.216309,-0.743164,248.458847,72.441101,-40.710445
-1.125,0.16626,2.137207,249.992355,-236.091599,13.099669,1.378174,3.37085,-0.857422,249.992355,218.42955,-33.348083
-0.86377,-0.271484,2.169189,249.992355,-164.154037,-38.299561,0.768311,5.624512,-1.822754,135.795593,247.383102,40.260311
-0.88916,-1.113281,2.402588,249.992355,-20.378111,-45.974728,-0.943115,7.999756,-5.083252,-224.281296,249.992355,176.300034
-1.229736,-2.797119,2.726563,249.992355,182.159409,-8.308411,-2.069336,7.14209,-5.709473,-249.992355,249.992355,186.737045
0.476563,2.8479,0.05127,249.870285,-207.435593,249.992355,-2.11792,4.241943,-4.088135,-249.992355,137.786865,111.602776
-2.074463,-2.275635,3.80127,135.238647,249.992355,78.88031,-1.280518,2.466064,0.425781,-249.992355,-132.392883,249.992355
-1.536865,-2.072754,3.818848,100.20446,248.184189,-16.227722,-0.9729,2.275391,-0.930908,-249.992355,-111.000053,82.695
-1.05542,0.652588,1.834229,249.496445,-249.992355,46.913143,-0.666504,1.84082,-0.54248,-249.992355,-127.197258,79.986572
-1.605713,-2.360596,3.446289,73.989868,249.992355,-105.239861,-0.502197,1.408691,-0.260742,-249.992355,-95.108025,67.359924
-2.159912,-3.293213,3.679199,236.495956,249.992355,65.139771,-0.418213,1.205078,-0.188965,-249.992355,-18.90564,74.714661
-0.725586,1.190918,1.373779,249.992355,-249.992355,54.733273,-1.335693,2.838379,-2.045166,-249.992355,-32.928467,86.730949
0.382324,2.885742,0.55249,156.158447,-219.108566,154.556274,-0.391113,1.284668,-0.307617,-249.992355,166.709885,115.493767
-0.142578,2.155273,0.771484,224.266037,-249.992355,81.611626,-0.575195,1.435791,-0.31958,-249.992355,207.519516,141.227722
-0.097168,2.358643,0.903076,193.35173,-249.908432,102.966301,-0.849121,1.58252,-0.30957,-249.992355,202.217087,163.650497
0.03125,2.647705,0.842773,165.969833,-244.308456,115.95916,-1.138184,1.704102,-0.158447,-249.992355,163.833603,203.231796
0.310547,2.875732,0.689453,146.835327,-228.569016,126.358025,-1.202148,1.897461,0.018311,-249.992355,110.145561,243.522629
0.390137,2.869629,0.484619,169.708237,-216.079697,181.350693,-1.131104,2.084961,0.148193,-249.992355,62.667843,249.992355
0.416016,2.839111,0.407715,183.471664,-211.921677,203.422531,-1.202393,2.231934,0.357422,-249.992355,29.182432,249.992355
0.430664,2.793457,0.298096,200.935349,-206.954941,228.691086,-1.401367,2.421631,0.522461,-249.992355,0.289917,249.992355
0.45752,2.762451,0.185547,221.374496,-203.086838,247.734055,-1.533691,2.61377,0.573486,-249.992355,-36.590576,249.992355
0.466309,2.775391,0.102051,241.699203,-203.392014,249.992355,-1.573975,2.685791,0.539795,-249.992355,-77.697754,249.992355
-1.950439,-2.12793,2.779785,-51.36871,249.992355,-112.060539,-0.334229,1.199219,-0.260986,-249.992355,81.253044,92.597954
-0.32251,1.733887,0.89624,249.992355,-249.961838,64.239502,1.603271,0.985107,1.223877,232.070908,249.992355,-235.351547
-1.957031,-1.363525,2.036133,-193.122849,247.444138,-111.41967,1.180664,0.366211,1.566406,249.992355,249.778732,-238.510117
0.566162,2.943359,0.013672,249.900803,-208.488449,249.992355,1.389893,-0.080811,1.853271,249.961838,249.725327,-249.992355
-1.241211,-0.298096,1.700684,-249.992355,-92.742912,-171.264633,2.170166,-0.145996,2.153809,249.496445,244.13298,-246.009811
1.124023,3.029053,0.33374,-249.992355,249.992355,-148.994446,3.573486,-0.083252,3.59375,65.498352,-11.482238,-17.547607
0.662109,3.131592,0.547607,-249.992355,249.992355,-106.62841,3.290039,0.738525,3.100098,164.443954,149.917603,3.128052
0.439209,3.220703,0.657471,-249.992355,225.639328,-93.376152,3.666016,0.873047,3.200439,127.914421,89.179985,22.163389
0.38916,3.314697,0.733643,-249.992355,156.265259,-91.76635,3.833984,0.229248,3.460205,119.239799,29.403685,-35.797119
0.503418,3.258545,0.852783,-249.992355,115.287773,-95.390312,2.918213,0.164551,2.72876,229.553207,199.1577,-141.662598
0.557373,3.12915,0.937988,-249.992355,109.016411,-92.330925,1.723145,1.36499,1.07251,174.797043,241.126999,-249.992355
0.579102,3.043701,0.946533,-249.992355,109.191887,-87.181084,-1.582031,2.877197,0.261719,176.742538,200.744614,-249.992355
0.505127,2.896729,0.947266,-249.992355,102.142326,-100.173943,-0.290771,1.812256,0.526123,162.948593,192.863449,-249.992355
0.213867,2.766357,0.980713,-249.992355,90.621941,-114.974968,-0.891602,2.109863,0.315674,158.676147,192.237839,-249.992355
0.051758,2.665527,1.017334,-249.992355,70.907593,-115.554802,-1.161621,2.223877,0.244629,160.858139,180.068954,-249.992355
0.025146,2.488281,1.064697,-249.992355,44.601437,-94.123833,-1.254883,2.310303,0.209229,164.787277,163.604721,-249.992355
-0.001709,2.251465,0.998779,-249.992355,10.864257,-63.217159,-1.19458,2.404541,0.205811,156.272888,162.506088,-249.992355
-0.21582,2.053467,0.880615,-249.992355,-45.593258,-50.315853,-1.188721,2.523926,0.252197,139.640808,171.18071,-249.992355
-0.571289,1.871094,0.849854,-249.992355,-143.707275,-43.128963,-1.318115,2.655273,0.292969,131.790161,179.405197,-249.992355
-0.833496,1.97583,0.910156,-249.992355,-235.725388,-44.81506,-1.403076,2.723877,0.297363,142.066956,182.044968,-249.992355
-0.9021,2.420654,1.086914,-249.992355,-249.992355,-127.075188,-1.447754,2.776611,0.260498,154.823303,187.042221,-249.992355
-1.074951,2.011963,1.286621,-249.992355,-249.984726,-236.457809,-1.476563,2.821289,0.267822,166.748032,194.297775,-249.992355
-1.414063,1.459717,1.537109,-249.992355,-249.977097,-249.992355,3.010986,0.599121,3.179688,-70.861816,-25.367735,98.266594
-1.282959,1.575684,1.569092,-249.992355,-249.992355,-249.763474,0.815674,1.485107,0.813965,159.194946,204.849228,-249.992355
-1.300781,1.507324,1.462158,-249.977097,-249.580368,-249.93895,2.468994,1.340332,2.536377,-208.930954,-15.846251,167.350754
-1.338623,1.018555,1.501221,-249.992355,-248.229965,-249.992355,-1.900391,3.214111,-0.13916,-229.51506,-86.311333,249.992355
-1.196533,0.439453,1.692139,-249.992355,-249.992355,-241.607651,1.566895,1.052002,1.345703,-249.992355,-46.165462,234.886154
-1.078613,0.038086,1.69043,-248.809799,-242.477402,-205.512985,-1.733154,2.851318,0.274414,192.237839,201.812729,-249.992355
-1.634766,-0.705322,1.729736,-249.992355,131.904602,-141.288757,-1.708008,2.731689,0.677979,-249.992355,-116.477959,249.992355
0.666748,3.050293,-0.029785,249.992355,-204.101547,249.992355,-1.833496,2.939209,0.53125,-249.992355,-118.034355,249.992355
0.289551,2.035645,0.766357,-249.992355,79.437256,-249.992355,-1.859863,3.025635,0.385498,-249.992355,-129.356384,249.992355
0.887207,3.24585,-0.220703,234.657272,-183.670029,249.992355,-1.827637,2.975098,0.317383,-249.992355,-158.493042,249.992355
-0.050781,3.317139,0.557617,-249.992355,243.75914,111.961357,-1.780518,2.789795,0.250488,-249.992355,-196.945175,249.992355
-0.332031,2.530273,0.474609,-249.992355,168.525681,95.756523,-1.728516,2.636719,0.131592,-249.992355,-227.767929,249.992355
-0.271729,2.060547,0.217041,-249.992355,75.775146,83.518974,-1.673828,2.651123,0.114258,-249.992355,-248.870834,249.992355
-0.179932,1.938721,0.165771,-249.992355,-12.176513,70.739746,-1.605469,2.798584,0.2229,-249.93895,-246.643051,249.992355
-0.164307,1.919922,0.260742,-249.992355,-85.235588,52.276608,-1.384766,2.77832,0.220215,-249.862656,-199.295029,249.992355
-0.213623,1.932373,0.413574,-249.992355,-145.401001,29.747007,1.907471,1.250488,1.95459,-249.992355,-16.075134,194.351181
-0.21875,1.828125,0.530273,-249.992355,-201.820358,-3.65448,-1.130859,2.623291,0.070557,-249.992355,-109.832756,249.992355
-0.239746,1.689209,0.54541,-249.992355,-243.263229,-42.144772,-1.642578,3.167969,-0.198975,-236.480698,-33.851624,249.992355
-0.214111,1.665527,0.507568,-249.992355,-249.992355,-78.399658,-1.79126,3.523438,0.213623,-244.506821,-107.650749,249.992355
0.054932,1.431396,0.574463,-249.992355,-249.992355,-156.005859,-1.487549,4.208984,0.627686,-249.992355,-93.063347,249.992355
0.412354,3.619385,0.266602,-249.992355,249.992355,105.079643,-0.547607,3.63623,1.001953,-249.992355,-121.7575,249.992355
0.079346,1.389404,0.601807,-249.992355,-249.992355,-193.115219,0.593018,3.155762,0.947998,-249.992355,-166.976913,249.992355
0.109375,2.064453,0.735107,-249.992355,-249.992355,-243.103012,0.897705,2.892334,0.961914,-249.992355,-157.470703,249.992355
0.213867,1.435059,0.781982,-249.992355,-249.961838,-249.992355,0.900146,2.351563,1.057373,-249.977097,-133.132935,249.992355
0.275146,1.665283,0.78833,-249.992355,-249.504074,-249.992355,1.008301,1.869385,1.075684,-249.992355,-125.579826,249.595627
0.36792,2.058594,0.83667,-249.992355,-249.992355,-249.992355,1.064941,1.425781,1.003906,-249.992355,-113.861076,249.992355
0.395752,2.066406,0.908447,-249.992355,-249.992355,-249.992355,1.27124,1.148438,0.974121,-248.954758,-84.922783,249.992355
0.400635,1.937988,0.750977,-249.992355,-219.406113,-249.992355,-1.271729,2.763672,-0.114746,-248.481735,-33.905029,249.992355
0.589111,1.802002,0.545654,-249.992355,-171.531662,-249.992355,-1.880371,2.787109,0.295898,211.608871,189.491257,-249.992355
0.701172,1.750488,0.444092,-249.992355,-103.919975,-249.992355,-2.009521,2.740234,0.305908,228.157028,148.979187,-249.992355
0.466309,1.763184,0.584473,-249.992355,-12.901305,-249.992355,-2.112061,2.671143,0.301758,237.976059,77.857971,-249.992355
0.774658,3.17334,-0.10498,247.734055,-195.648178,249.992355,-1.287354,3.005371,-1.114502,-249.992355,-138.74054,10.681151
0.081299,1.733398,0.672363,-249.992355,-249.992355,-220.024094,-0.700439,2.262451,-0.747803,-249.992355,-164.176926,-9.109497
0.885742,3.500977,-0.289063,-249.992355,249.145493,64.712524,-0.743164,1.859131,-0.365723,-249.992355,-159.942627,-13.85498
-0.080811,1.59375,0.542725,-249.992355,-249.992355,-115.19622,-0.652344,1.825195,-0.057129,-249.992355,-127.502434,5.531311
1.858643,3.915527,-1.854736,-249.992355,232.696518,-5.226135,-0.399902,1.86792,-0.068604,-249.992355,-59.448238,38.780212
1.25,3.620361,-1.123291,-249.992355,249.725327,18.859863,-0.139404,1.828613,-0.120605,-249.992355,62.370296,79.093933
1.176025,3.0,-0.57251,213.050827,-148.078918,249.992355,-0.02002,1.686523,-0.026367,-249.992355,205.96312,114.677422
1.347412,2.726807,-0.71167,202.56041,-106.056206,249.992355,-0.198486,1.597168,0.140381,-249.992355,249.992355,160.057068
1.462891,2.458496,-0.759766,202.064499,-49.011227,249.992355,-0.668457,1.661621,0.251465,-249.992355,249.992355,224.433884
1.51123,2.205078,-0.792236,227.874741,13.374328,249.992355,-1.108643,1.841797,0.331055,-249.992355,249.473557,249.992355
1.679443,2.034668,-0.814697,249.122604,84.686272,249.992355,-2.016357,3.709473,-2.277832,-249.992355,-80.024719,11.627196
1.950439,1.93335,-0.789307,249.992355,182.701096,249.580368,-1.317139,2.108643,0.439697,-249.992355,249.168381,249.992355
1.000488,3.18335,-0.391846,223.281845,-170.249924,249.992355,-1.455078,2.299805,0.558594,-249.992355,234.619125,249.992355
2.385254,1.752197,-0.708008,249.992355,249.969467,249.992355,-1.594482,2.45874,0.325928,-249.992355,137.382507,249.992355
2.337891,1.741455,-0.792969,249.984726,249.992355,230.895981,-1.642822,2.677979,0.119629,-249.992355,46.035763,249.992355
2.259033,1.953369,-1.059814,249.946579,248.207077,213.279709,-1.553467,2.859863,0.096191,-249.992355,-44.944759,249.992355
2.209473,1.838135,-0.766846,249.992355,247.169479,249.992355,-1.604492,3.082764,0.150146,-249.992355,-124.176018,249.992355
0.950195,2.657227,-1.800781,249.771103,249.992355,105.796806,-1.560547,3.301025,0.134277,-249.992355,-163.833603,249.992355
1.993896,2.303955,-1.373291,249.992355,245.590195,187.217697,-1.346924,3.297363,0.149414,-249.992355,-161.460861,249.992355
2.871826,4.947266,-3.496338,-182.594284,4.653931,80.917351,-1.397461,3.236816,0.313232,-249.992355,-147.68219,249.992355
3.272217,5.440674,-6.007568,-32.165527,-50.872799,86.769096,-1.549316,3.30127,0.605713,-249.992355,-169.151291,249.992355
4.465088,6.167725,-7.999756,28.068541,-141.685486,18.951416,-1.545654,3.282227,0.917236,-249.992355,-231.780991,249.992355
4.602539,6.565186,-7.205322,-51.559444,-249.992355,-8.407593,-1.396729,2.244873,0.567139,-249.992355,249.992355,249.992355
2.548828,4.443604,-2.421387,-247.100815,121.711723,20.294188,-2.686035,3.95874,-5.854248,-249.992355,55.587765,32.88269
0.397217,5.054932,-3.358398,249.992355,-247.749313,49.713131,-1.677002,3.494873,1.230225,-249.992355,-249.992355,249.992355
-0.514404,4.072266,-2.669434,249.992355,-160.148621,15.35797,-3.415527,7.865479,-6.695313,-233.108505,249.992355,44.082638
-0.367432,3.044189,-2.287598,246.673569,204.055771,27.030943,-2.064209,2.564697,0.297363,239.898666,-2.372742,-249.992355
2.464844,5.488281,-4.932617,61.866756,-249.992355,38.032532,-1.88916,2.328125,0.227539,234.80986,-70.999146,-249.992355
-0.148926,1.87207,0.239502,-249.992355,-229.782089,-43.151852,-1.810791,2.055664,0.088379,236.564621,-115.966789,-249.992355
-0.0271,1.762939,0.179932,-249.992355,-249.992355,-30.914305,-1.79248,1.855225,-0.043457,247.29155,-145.217896,-249.992355
-0.078369,1.509766,-0.084717,-249.992355,-249.969467,4.737854,-1.801025,1.743408,-0.202881,249.992355,-174.560532,-249.992355
0.023193,1.605957,-0.168945,-249.992355,-249.992355,-4.364014,-1.914307,1.653809,-0.387939,249.992355,-216.484055,-249.992355
0.25,2.071045,0.061768,-249.992355,-249.992355,-90.88134,-3.850342,5.250977,-7.999756,-249.992355,249.511703,55.625912
-0.252197,2.136475,0.426025,-249.977097,-248.725876,-138.816833,-2.105713,1.28418,-0.805664,249.992355,-249.992355,-249.992355
-0.177002,2.476563,0.905029,-249.992355,-249.626144,-188.384995,-2.117676,1.156006,-0.880127,249.992355,-249.992355,-249.664291
0.080078,1.812256,1.321045,-249.992355,-249.992355,-240.98204,-2.121582,1.222168,-0.810791,249.992355,-249.992355,-249.992355
0.098633,0.882813,1.396484,-249.244675,-205.551132,-249.984726,-2.081299,1.470459,-0.719482,249.992355,-249.992355,-249.992355
-0.150146,0.353027,1.326416,-249.214157,-6.057739,-249.992355,-2.062988,1.494629,-0.595215,249.992355,-248.062119,-249.992355
-1.207275,-0.015869,2.196289,249.992355,-246.879562,114.31884,-1.664551,2.151611,-0.760254,249.992355,-249.93895,-203.399643
-1.575439,-0.354492,2.157715,-226.089462,249.992355,-249.42778,-1.53418,2.51416,-0.924072,249.992355,-249.992355,-169.029221
-2.053467,-0.545166,3.016846,-103.424065,249.908432,-249.992355,-1.235352,2.803711,-1.19873,249.992355,-249.954208,-102.409355
-1.719971,-0.674316,3.975098,-6.92749,248.184189,-249.992355,-0.522217,3.148926,-1.497559,249.893173,-246.612534,-31.944273
-1.518799,-1.209229,4.728516,73.631287,249.992355,-229.286179,-0.145996,3.674316,-1.624756,249.992355,-249.992355,-15.724181
-2.155273,-1.483643,4.489502,157.653809,249.992355,-171.112045,0.225342,3.912598,-2.112793,249.992355,-249.992355,-23.826597
-2.686523,-0.912354,3.819824,225.1129,144.424438,-155.410767,0.721924,3.621826,-2.319824,245.613083,-59.768673,-5.523681
-2.563232,-0.884521,2.880371,249.992355,-28.778074,-136.436462,1.391602,3.094482,-1.728027,249.992355,206.047043,40.489193
-1.921631,-1.631592,2.546875,249.992355,-200.202927,-69.55719,2.352051,4.170898,-1.396484,249.992355,249.603256,14.030456
-1.417969,-1.059814,2.531738,249.992355,-249.992355,35.293579,0.227783,5.713379,-2.825439,81.05468,246.810898,7.987976
-0.047119,1.847412,0.244141,-249.992355,-144.256592,-46.913143,-1.936523,1.814941,-0.683105,249.992355,-249.992355,-237.373337
-0.733643,-0.036865,1.563965,-249.992355,200.958237,-249.992355,0.448486,2.701172,0.714844,-249.984726,-249.969467,249.992355
0.152344,1.871826,0.263428,-249.992355,-76.187134,-66.398621,-0.440674,2.847656,0.391602,-231.269821,-249.992355,249.977097
4.7146,1.525635,-7.849121,-109.329216,-179.893478,-45.341488,-1.203369,2.277344,0.090576,-182.350143,-223.014816,249.992355
0.161621,2.018555,0.317627,-249.992355,-11.734008,-97.419731,-1.525391,1.761963,-0.094727,-230.979904,-91.094963,249.992355
-1.254883,0.583496,1.831299,249.992355,-192.672714,135.559082,-0.59082,2.411133,0.942383,-249.992355,-106.307976,249.992355
2.308105,4.251465,-3.984863,-81.04705,-123.291008,-44.509884,-0.960449,1.744141,0.405762,-249.771103,38.726807,249.992355
2.28125,4.115723,-2.474609,-120.819084,-80.375664,-14.213561,-0.716797,2.003418,0.561768,-249.443039,20.561216,249.992355
2.607666,3.864258,-1.899414,-138.778687,65.101624,-23.475645,-0.66333,2.171143,0.731934,-249.992355,-36.010742,249.992355
2.322266,3.557617,-1.303955,-155.509949,221.893295,-67.443848,-1.373535,1.640381,0.147461,-249.992355,13.755797,249.992355
1.643311,3.193604,-0.505371,-183.166489,249.412521,-99.517815,0.917969,1.855469,1.197998,-249.992355,-249.992355,249.992355
1.05957,3.229004,0.137207,-207.801804,249.992355,-96.542351,2.367676,0.74292,2.280029,249.992355,249.992355,-249.992355
0.739014,3.309326,0.345947,-239.074692,249.992355,-66.795349,1.527588,1.051758,1.396484,-249.389633,-248.519882,249.992355
0.769043,3.338135,0.327393,-249.992355,226.882919,-35.682678,2.291016,0.727051,1.830078,-248.939499,-249.992355,249.992355
0.998779,3.340332,-0.012451,-249.992355,185.272202,-39.413452,3.106445,0.563232,2.841309,-249.992355,-249.992355,218.994125
0.204834,1.944092,0.26001,-249.992355,-39.054871,-88.012688,3.691895,0.44458,4.065186,-232.612595,-184.944138,119.705193
1.10791,2.353516,-0.367432,-249.992355,181.602463,-70.701599,4.474365,0.174072,4.917725,-108.222954,-54.916378,-1.625061
-0.018799,2.323242,0.099854,-249.992355,73.616028,-69.549561,4.411377,0.08374,5.325928,68.016052,34.973145,-175.308212
0.053223,2.111084,0.0354,-249.992355,2.784729,-69.908142,3.538086,0.791748,4.646484,235.305771,124.847404,-247.901901
0.203125,2.010498,0.053955,-249.992355,-44.830318,-69.725037,3.435059,0.500244,2.770264,249.992355,234.130844,-249.992355
0.335693,2.046875,0.141846,-249.992355,-57.327267,-71.037292,2.701904,-0.243164,2.400391,249.992355,249.992355,-249.992355
0.411865,2.210938,0.310303,-249.992355,-37.864685,-77.430725,2.467529,0.148682,2.804688,249.43541,249.992355,-249.992355
0.38501,2.373779,0.480713,-249.992355,-2.380371,-87.417595,-0.772217,2.757813,0.887939,-249.984726,-146.79718,249.992355
0.278809,2.393066,0.595703,-249.992355,30.006407,-92.658989,1.124268,1.32251,1.361084,-249.992355,-249.992355,249.17601
0.192871,2.307617,0.620605,-249.992355,43.403622,-95.16906,-1.295654,2.581543,0.631836,-249.992355,-165.229782,249.992355
0.110596,2.233643,0.557373,-249.992355,35.270691,-96.862785,-1.543213,2.412109,0.486328,-249.992355,-34.599304,249.992355
0.090332,2.134277,0.448486,-249.992355,14.282226,-97.640984,-1.253662,2.258789,0.551514,-249.992355,-211.647018,249.992355
0.492432,2.718506,-0.262695,-249.992355,177.803024,-57.510372,1.061523,1.193115,1.518066,249.992355,249.992355,-249.992355
-1.168945,1.08252,1.067627,249.992355,-167.930588,137.306213,-5.337891,5.573242,-5.764404,-249.732956,249.992355,204.986557
0.111328,2.742432,-0.013672,-249.992355,141.845703,-64.277649,-6.376709,3.687744,-7.853271,-249.992355,249.992355,191.940292
-0.486084,2.288574,0.430908,249.954208,-206.634506,136.97052,-5.652832,3.188477,-7.471191,-249.443039,167.091354,209.800705
1.654297,1.970703,-1.185547,249.992355,249.992355,119.659416,-3.949463,3.273682,-4.384277,-234.542831,-64.13269,221.290573
0.952148,2.275879,-1.87207,245.742783,249.992355,32.897949,-3.072021,3.193359,-2.171875,-245.246872,-172.355637,234.30632
-0.223633,2.887207,-1.944824,249.992355,112.648003,-2.128601,-2.351563,3.078613,-0.976807,-249.992355,-189.231857,248.626694
-0.344727,4.101318,-1.835693,249.992355,-222.122177,93.429558,-1.638916,2.942383,-0.543701,-249.992355,-152.206421,249.992355
2.728027,4.623291,-2.519775,64.849854,-249.870285,199.943527,-1.521484,2.698242,-0.369873,-249.992355,-89.87426,249.992355
6.112793,4.040283,-4.106201,-198.570236,-248.306259,158.691406,-1.706787,2.490967,-0.296631,-249.992355,-41.893002,249.992355
7.999756,3.6604,-6.526123,-249.992355,-249.992355,-92.712395,-1.463379,2.254395,0.486816,-249.992355,-188.400253,249.992355
7.978271,2.593506,-7.618652,-208.694443,-249.992355,-138.237,-1.897461,2.390381,-0.228027,-249.992355,-20.553587,249.992355
6.306396,2.65332,-5.101074,-140.426636,-151.420593,-213.668808,-1.840332,2.460693,0.135742,-249.992355,-21.446226,249.992355
4.652832,3.48291,-2.074951,-85.3424,154.953003,-249.992355,-1.290039,2.246582,0.61792,-249.992355,-41.107174,249.992355
1.991211,1.70459,-0.563721,249.992355,246.246323,181.053146,-1.266602,2.044922,0.596191,-249.992355,-38.063049,249.992355
3.682373,3.104492,-1.591309,-103.096001,246.429428,-248.939499,-1.394531,1.975342,0.468506,-249.992355,-35.507202,249.992355
1.87793,2.852295,-0.89502,-152.519226,249.992355,-181.709274,-1.474121,1.984375,0.409668,-249.992355,-51.99432,249.992355
1.585938,2.983398,-0.699707,-166.419968,249.992355,-180.25206,-1.519043,2.020752,0.402588,-249.992355,-94.276421,249.992355
1.605225,3.216553,-0.496094,-179.267868,249.992355,-187.591537,-1.501953,2.083496,0.419189,-249.992355,-151.58844,249.992355
1.818115,3.136963,-0.382813,-190.597519,249.992355,-179.840073,-1.417236,2.186035,0.461426,-249.992355,-203.666672,249.992355
2.033936,2.921875,-0.406982,-210.220322,249.992355,-164.779648,-1.318848,2.322998,0.535156,-249.992355,-229.89653,249.992355
1.84668,2.869873,-0.362061,-241.661057,249.984726,-152.71759,-1.220947,2.394043,0.595215,-249.992355,-226.959213,249.992355
1.523193,2.831055,-0.275879,-249.992355,249.992355,-151.176453,-1.956543,2.377441,-0.092041,-249.992355,-15.419005,249.992355
1.157227,2.947754,-0.212891,-249.992355,249.992355,-140.113831,-0.082275,1.876221,0.493896,228.561386,249.992355,-249.992355
1.071533,3.408691,0.004639,-249.992355,249.359116,-148.727417,-0.709229,2.250244,0.152588,167.037949,249.755844,-249.992355
-0.97583,1.752686,0.709961,249.893173,-180.946335,135.063171,-1.032471,2.387695,0.138672,127.159111,249.992355,-249.992355
2.618652,2.849365,-1.159424,-132.17926,249.992355,-208.084091,-1.873047,2.215576,-0.786377,249.992355,-249.992355,-187.484726
2.344727,1.564941,-0.353271,249.908432,249.992355,229.911789,-1.516113,2.438965,-1.082031,249.992355,-249.992355,-101.478569
5.294678,3.363281,-2.700684,-109.115593,-14.47296,-248.779282,-1.139648,2.885254,-1.455322,249.900803,-248.176559,-4.196167
2.613281,1.522461,-0.369629,225.807175,249.908432,249.992355,-1.106201,3.616455,-1.927979,249.992355,-249.793991,33.332825
2.524902,1.520996,-0.316895,249.717697,249.992355,249.992355,-1.068359,4.276611,-2.373047,249.992355,-249.992355,49.537655
0.344971,2.372559,0.292725,246.330246,-227.592453,168.815598,-0.292725,3.958496,-2.461914,244.728073,-184.959396,107.124321
0.485107,2.464844,0.363037,231.018051,-221.95433,191.413864,0.688232,3.825439,-2.647217,249.992355,90.736382,145.492554
0.505615,2.572266,0.367432,216.392502,-214.973434,214.179977,0.868652,4.352295,-3.081787,249.992355,245.368942,138.969421
0.503174,2.66748,0.334473,200.41655,-218.276962,237.655624,0.170898,5.202148,-3.72168,-15.930175,248.329147,106.575005
0.493896,2.75293,0.303467,187.973007,-234.649643,249.633774,-3.572021,5.53418,-7.329834,-249.992355,249.992355,31.35681
0.55835,2.822998,0.199707,174.156174,-249.992355,249.992355,-2.311035,2.13623,-0.714355,249.992355,-249.954208,-235.351547
0.638184,2.801758,0.134766,167.861923,-249.992355,249.992355,-2.486816,4.701904,-7.912842,-249.992355,156.87561,78.010559
0.677002,2.779053,0.130859,166.542038,-249.992355,249.992355,-1.460693,3.395752,-3.090088,-249.992355,234.107956,148.735046
0.76123,2.810303,0.16333,161.705002,-249.992355,249.992355,-1.979492,3.108643,-1.997803,-249.992355,249.992355,181.350693
0.858398,2.826904,0.13623,147.621155,-249.992355,249.992355,-2.710205,2.932861,-1.174072,-249.992355,249.992355,182.907089
0.501221,2.80957,0.262695,180.961594,-248.764023,249.992355,-3.064209,3.056885,-1.025146,-249.992355,220.771774,191.84111
2.508789,1.529053,-0.456787,171.623215,237.281784,249.511703,-2.634766,3.017334,-0.921631,-249.992355,121.780388,234.05455
0.902344,2.82666,0.098877,131.484985,-249.992355,249.992355,-2.178223,2.645752,-0.511963,-249.992355,11.596679,249.992355
2.151855,1.604492,-0.452637,124.534599,110.313408,249.992355,-2.310547,2.364258,-0.073486,-249.992355,-69.023132,249.992355
1.859131,1.825928,-0.4375,97.450249,-33.599854,249.992355,-2.243408,2.331787,0.146729,-249.992355,-114.94445,249.992355
1.716797,2.03125,-0.412354,87.989799,-124.374382,249.984726,-1.961182,2.421875,0.310547,-249.992355,-126.647942,249.992355
1.630615,2.22998,-0.343262,82.221977,-192.680344,249.992355,-1.739746,2.550537,0.559082,-249.992355,-120.033257,249.992355
0.065186,2.274902,0.231689,249.992355,-226.234421,145.072937,-1.531006,3.733398,-4.936523,-249.992355,166.809067,109.626762
1.272949,2.670166,-0.134521,85.517876,-249.992355,249.992355,-2.591064,1.899414,-0.730713,249.992355,-249.992355,-249.992355
1.05127,2.765869,-0.038818,98.373405,-249.55748,249.992355,-1.62915,5.961426,-5.182861,-243.00383,249.992355,34.637451
0.941162,2.816162,0.04541,113.525383,-249.778732,249.992355,-1.979492,1.359863,-0.787598,249.992355,-238.800034,-249.633774
1.513916,2.47998,-0.229004,78.50647,-243.782028,249.992355,-2.346924,1.562988,-0.768799,249.992355,-249.992355,-249.992355
0.268555,1.66626,0.251221,-249.992355,-55.297848,-88.119499,-1.056152,2.373535,0.000732,83.618156,240.341171,-249.992355
0.081787,2.269043,0.524414,-249.992355,-9.132385,76.74408,-1.01123,2.503662,0.067139,80.177307,221.229538,-249.992355
0.099121,2.04834,0.498535,-249.992355,-32.966614,60.241695,-1.029785,2.628906,0.204834,69.282532,212.203964,-249.992355
0.134766,1.904785,0.509277,-249.992355,-44.364925,43.991085,-1.077637,2.645508,0.382324,61.546322,206.115707,-249.992355
0.118164,1.703613,0.502441,-249.992355,-53.512569,32.722473,-1.110352,2.652344,0.509521,59.089657,190.696701,-249.992355
0.119629,1.561035,0.469971,-249.992355,-67.939758,15.945434,-1.107178,2.642822,0.52417,53.88641,157.432556,-249.992355
0.147949,1.461182,0.44751,-249.992355,-81.474297,-9.414673,-1.095215,2.50708,0.532471,56.823727,109.741203,-249.992355
0.189453,1.36084,0.418945,-249.992355,-86.631767,-27.32086,-1.140625,2.373047,0.437744,67.253113,54.588314,-249.992355
0.291504,1.368164,0.374512,-249.992355,-85.487358,-37.918091,-1.180908,2.26001,0.382813,83.930962,-12.947082,-249.992355
0.311035,1.547363,0.34082,-249.992355,-75.485229,-54.13055,-1.207275,2.179199,0.395752,116.043083,-90.820305,-249.992355
0.106934,2.884033,0.719971,-249.992355,25.688169,94.360344,-1.102295,2.456299,0.05127,95.29113,249.992355,-249.992355
-0.093506,1.914551,-0.176514,-249.992355,-95.581047,-13.46588,-1.136719,2.125,0.381348,220.725998,-216.438278,-249.992355
0.318604,1.47998,0.144531,-249.992355,-10.284423,-128.471375,-1.193848,2.137939,0.385498,162.368759,-161.804184,-249.992355
0.368408,1.680664,0.087158,-249.992355,4.470825,-133.44574,-1.677734,1.429443,-0.559082,249.992355,-178.306564,-249.992355
0.407715,1.699463,-0.000977,-249.992355,17.868042,-136.238098,-1.602051,1.513916,-0.304688,249.992355,-177.558884,-249.992355
0.395264,1.70874,-0.091064,-249.992355,28.770445,-128.959656,-1.547607,1.632813,-0.121826,249.992355,-186.004623,-249.992355
0.385498,1.746094,-0.126709,-249.992355,33.149719,-117.820732,-1.470947,1.784668,0.026855,249.992355,-205.20018,-249.992355
0.379639,1.778076,-0.124268,-249.992355,34.057617,-107.002251,-1.787842,1.346191,-0.729736,249.992355,-197.364792,-249.992355
0.330322,1.750732,-0.139893,-249.992355,23.887632,-90.75164,-1.210938,1.945068,0.216064,249.992355,-247.482285,-249.992355
0.23999,1.706787,-0.171875,-249.992355,-4.165649,-57.846066,-1.121094,2.046875,0.248047,249.992355,-249.992355,-249.992355
0.091797,1.703369,-0.222412,-249.992355,-49.148556,-19.508362,-1.091797,2.11499,0.30835,249.450668,-245.750412,-249.992355
0.19165,3.670898,0.766357,-249.992355,66.703796,116.470329,-1.347656,1.870605,0.1521,249.992355,-228.477463,-249.992355
0.439697,1.25708,0.161865,-249.992355,-26.382444,-125.343315,-1.306641,1.525391,0.213623,-249.992355,139.060974,249.992355
0.458984,3.795166,0.628174,-249.992355,107.872002,127.387993,-0.749756,2.259521,0.508057,-249.992355,-27.503965,86.059563
0.47876,1.960693,-0.135986,248.313889,-115.119926,249.992355,-0.662598,1.91333,0.500244,-249.992355,14.808654,91.621391
0.686035,3.984619,0.291016,-249.992355,149.604797,108.795158,-0.650391,1.63623,0.433838,-249.992355,50.201412,104.537956
0.474609,2.004395,-0.078613,249.67955,-143.173218,249.923691,-0.706787,1.464111,0.312744,-249.992355,81.314079,125.816338
-0.106445,2.284424,0.000488,-249.992355,-145.172119,-57.235714,-0.707764,1.385986,0.22876,-249.992355,103.889458,150.802612
0.544922,1.83667,-0.252441,249.908432,-74.775696,249.992355,-0.749268,1.376953,0.189941,-249.992355,118.988029,178.543076
0.50293,1.70459,-0.377686,249.992355,-40.740963,246.864304,-0.799805,2.544678,0.523193,-249.992355,-74.256897,84.892265
0.60498,1.651367,-0.434326,249.992355,-12.619018,244.735703,-0.919189,1.38916,0.174805,-249.992355,133.171082,212.905869
1.023438,1.511963,-0.491943,249.992355,65.010071,249.992355,-1.111572,1.420654,0.182617,-249.992355,142.250061,243.926987
1.57373,1.259033,-0.640869,249.992355,207.130417,249.992355,-1.426758,1.760986,0.254639,-249.992355,128.318787,249.992355
1.743896,1.266357,-0.735107,249.992355,249.992355,218.063339,-1.785645,2.302734,0.178955,-249.992355,-147.834778,249.992355
1.518311,1.583252,-0.624023,249.992355,249.992355,148.3078,-1.150635,2.006348,0.552246,-249.992355,50.033566,249.992355
1.444824,1.81665,-0.370605,249.885544,244.88829,118.667595,-1.35083,2.025635,0.505371,-249.992355,-14.373778,249.992355
0.513672,1.67041,-0.54248,249.992355,249.992355,25.711058,-1.677002,2.172363,0.306641,-249.992355,-83.580009,249.992355
-1.957764,2.179932,-1.167725,249.992355,249.992355,-190.185532,-1.658936,2.223633,0.030029,-249.992355,-184.043869,249.992355
-3.080811,2.013916,-1.848877,245.376572,48.400875,-249.992355,-1.491211,2.036621,-0.105713,-249.580368,-181.808456,249.992355
-3.908936,0.878418,-2.857178,249.755844,-247.520432,-193.183884,-1.45874,2.058594,-0.103027,-249.778732,-163.482651,249.992355
-1.09375,2.719971,-3.116211,249.992355,-249.992355,111.579887,-1.637451,2.238037,-0.01001,-249.992355,-184.829697,249.992355
4.012451,7.546387,-4.734863,84.152214,-242.317184,141.242981,-1.849854,2.510742,-0.034668,-235.908493,-239.791855,249.992355
1.749512,7.999756,-7.876709,-249.992355,-249.992355,183.601364,-1.650146,2.708496,-0.166992,-201.805099,-249.069199,249.992355
1.106689,3.803955,-7.999756,-148.902893,-193.298325,50.445553,-0.962646,2.87793,0.454346,-249.992355,-109.542839,76.10321
1.317627,5.144287,-5.203369,-56.65588,46.539303,-26.000975,-1.260742,1.981689,0.390869,-249.992355,100.20446,249.992355
0.909912,5.225342,-2.174072,-95.214836,72.647095,12.489318,-1.29541,3.288574,0.137451,-249.992355,-135.192871,67.901611
0.95752,5.370605,-1.339111,-149.749756,77.224731,62.83569,-1.826904,1.994141,-0.104492,158.966064,-53.344723,-249.992355
0.975098,5.50415,-0.452393,-230.415329,103.202812,89.988701,-1.476563,3.500488,-0.804199,-249.992355,-168.724045,92.071526
0.872559,4.835205,0.171387,-249.992355,131.492615,100.341789,-1.172363,3.309814,-0.123535,-244.064316,-249.992355,249.984726
0.575928,3.754395,0.434326,-249.992355,139.930725,120.346062,-1.650635,1.666016,-0.216553,156.936646,-175.621017,-249.992355
-0.438965,2.121338,0.260498,-249.992355,-170.585617,-78.720093,-1.385254,1.340088,-0.221436,180.50383,-247.528061,-249.992355
-1.333252,0.238037,3.008301,249.992355,-140.197754,66.223145,-1.395752,1.098633,-0.267334,226.646408,-249.992355,-249.633774
-0.445068,1.589111,0.697266,-249.992355,-185.745224,-95.146172,-1.383057,0.922119,-0.271729,249.710068,-249.992355,-249.992355
0.775146,2.283936,-0.470703,249.946579,-186.126694,247.810349,-1.320313,0.856689,-0.199951,249.992355,-249.992355,-249.992355
0.886963,2.346924,-0.560547,249.351486,-177.795395,249.992355,-1.229736,0.946777,-0.149658,249.992355,-249.992355,-235.549911
0.915527,2.355957,-0.67627,249.992355,-156.181335,249.992355,-1.016357,1.152588,-0.171875,249.992355,-249.992355,-186.981186
0.90625,2.344971,-0.798828,249.992355,-125.991814,249.877914,-0.880615,1.434326,-0.346191,249.992355,-249.900803,-99.57122
0.857178,2.230469,-0.906738,212.089523,-86.326591,249.778732,-0.773926,1.717285,-0.653564,249.961838,-249.992355,17.501831
0.893066,1.875977,-1.000244,185.180649,-44.754025,249.992355,-0.682129,2.156006,-0.976318,249.923691,-249.992355,87.051384
0.998047,1.467773,-1.096191,199.676498,1.976013,246.589645,-1.063477,3.255615,-1.139893,249.992355,-245.185837,79.88739
1.005615,1.156494,-1.180908,240.196213,52.955624,217.704758,-1.401855,3.998291,-1.343262,248.962387,-249.992355,115.409843
1.078857,0.924561,-1.226318,249.992355,124.839775,171.943649,-0.592773,3.265381,-1.762451,244.300827,-249.992355,236.976608
-0.512939,1.982178,0.409912,-249.992355,-181.472763,-83.305351,1.526611,2.498535,-2.334473,249.992355,-45.272823,233.55101
0.640137,2.223389,-0.387207,249.992355,-183.448776,226.531967,3.122803,3.786865,-3.281738,237.091049,237.953171,89.653008
1.419434,0.792236,-1.31665,249.992355,249.885544,48.454281,1.021484,6.085205,-5.33667,-136.146545,247.192368,102.47039
1.645996,1.427002,-1.35498,249.992355,249.992355,-102.401726,-2.885742,7.895508,-7.758301,-249.992355,249.992355,235.656723
1.424805,1.902344,-1.310547,249.923691,245.117172,-172.790512,-4.031738,6.261719,-7.999756,-249.992355,249.992355,192.626938
1.306152,2.426025,-1.295166,249.992355,249.992355,-214.3936,-3.345459,5.519531,-7.151855,-249.992355,124.473564,142.38739
-1.217041,2.279297,-1.731445,249.992355,249.992355,-242.973312,-2.382568,4.454834,-3.189941,-249.992355,-37.025452,121.307365
-4.380859,1.416016,-2.414795,247.138962,64.430237,-249.992355,-2.060791,3.807129,-1.352539,-249.992355,-114.234917,104.331963
-3.988525,1.462402,-2.061523,246.223434,-249.992355,-190.689072,-1.824707,3.631348,-1.026367,-249.992355,-153.175354,99.975578
-2.521729,1.46582,-2.550537,249.992355,-249.992355,197.830185,-1.377441,3.438232,-0.365234,-249.992355,-161.35405,76.156616
1.185303,4.743652,-4.387939,162.887558,-248.359665,249.992355,-0.198242,3.279053,0.048828,-249.969467,-249.992355,249.977097
3.798828,6.421387,-6.998047,-228.500351,-249.992355,180.801376,-1.139404,4.972412,-4.868408,-144.599915,247.734055,-17.631531
7.294922,2.835205,-7.999756,-249.992355,-249.992355,26.80969,1.333496,1.356689,0.813477,-249.992355,-115.44799,249.649033
1.840576,0.99707,-1.36377,249.992355,249.992355,-21.530149,-1.390625,2.093018,0.410889,95.733635,166.557297,-249.992355
0.536133,2.215576,-0.323486,249.992355,-170.829758,205.604538,-1.46875,2.084961,0.387939,99.113457,120.796196,-249.992355
1.174561,0.807617,-1.239258,249.992355,220.619186,110.832207,-1.593262,2.024902,0.358887,110.66436,61.271664,-249.992355
0.479492,2.212891,-0.214355,249.992355,-122.528069,196.197495,-1.69751,1.954102,0.310547,123.489372,0.808716,-249.992355
0.500244,2.201904,-0.254639,249.992355,-148.635864,197.074875,-1.694092,1.861328,0.26416,124.710075,-47.8363,-249.992355
-0.396729,1.169189,0.855469,-249.977097,-172.264084,-117.897026,-1.612305,1.685547,0.204102,123.01635,-81.962578,-249.992355
-0.462402,0.599365,1.074463,-249.992355,-135.292053,-136.116028,-1.540771,1.442139,0.084229,132.553101,-108.90197,-249.992355
-0.563477,-0.054932,1.452881,-249.992355,-96.137993,-151.611328,-1.52832,1.192139,-0.083984,162.574753,-134.635925,-249.992355
-0.7771,-0.564453,1.972168,-249.290451,-83.69445,-153.7323,-1.557861,1.00708,-0.231445,213.577255,-166.90062,-249.992355
-1.218994,-0.800537,2.845215,-249.000534,-93.093864,-132.858276,-1.640381,0.891113,-0.320313,248.054489,-213.859543,-249.877914
-1.961914,-0.469238,4.540283,-228.691086,4.928589,-177.391037,-1.360107,2.09082,0.427246,93.856804,195.198044,-249.992355
-2.003662,0.142334,4.018311,-59.700008,14.09912,-128.700256,-1.779297,0.834717,-0.372559,249.992355,-247.871384,-249.55748
-1.863281,-1.035156,3.329834,162.712082,-104.820244,-16.25824,-2.100342,1.12915,-0.272217,249.992355,-249.992355,-247.53569
-1.634766,-2.492676,3.156006,249.992355,-245.254501,35.163879,-2.083252,1.401123,-0.264893,249.992355,-249.961838,-211.067184
-1.460449,-1.159668,3.512451,249.992355,-236.839279,19.073486,-2.118408,1.653564,-0.431885,249.992355,-249.908432,-152.839661
-1.577637,-0.80957,4.078125,-249.992355,-76.034546,-140.213013,-2.281738,1.849121,-0.599609,249.954208,-249.992355,-90.301506
0.162598,1.612793,0.397705,249.992355,-92.544548,149.551392,-2.399658,2.24585,-0.764648,249.946579,-249.04631,-56.037899
-0.678223,1.230469,1.602539,249.992355,-82.107536,125.755302,-1.949463,2.880127,-0.915527,249.992355,-243.492111,-21.919249
0.615479,2.08374,-0.306396,249.992355,-102.661125,201.370224,-0.67334,3.134277,-1.570557,248.611435,-249.992355,64.186096
0.679443,2.112305,-0.315186,249.992355,-107.536308,199.737534,0.690674,2.969238,-2.826172,244.979843,-243.347153,192.237839
0.715332,2.188965,-0.30249,249.992355,-119.049065,192.626938,1.812012,3.432617,-4.12207,249.992355,148.170471,173.919662
0.722656,2.217529,-0.264404,249.992355,-133.369446,182.723984,1.701172,4.433105,-4.654541,221.504196,249.992355,-14.129638
0.525146,2.156494,-0.254395,249.992355,-105.834953,198.539719,-1.975586,0.914551,-0.358887,249.992355,-249.992355,-249.992355
0.630859,2.26416,-0.128662,249.992355,-140.083313,159.820557,-1.359375,2.127686,0.431396,91.072075,215.553268,-249.992355
0.575684,2.170898,-0.081543,249.992355,-129.188538,153.869629,0.788574,2.144775,0.562012,-249.992355,-190.002426,249.992355
0.470459,1.901611,-0.0271,249.992355,-112.388603,154.693604,-1.473145,2.282959,0.4375,101.196281,240.432724,-249.992355
0.688965,2.228027,-0.208984,249.992355,-142.112732,170.852646,1.676758,0.951416,1.072266,-248.748764,-49.552914,248.435959
-0.965088,7.523682,-2.446777,-54.222103,-249.992355,-42.709347,2.269043,0.67334,1.419434,-249.992355,-13.137816,249.992355
1.589111,1.442383,-0.165771,247.085556,66.505432,238.250717,3.153564,0.303223,1.94043,-249.992355,-29.380796,244.079575
2.268066,1.555664,-0.087646,249.992355,184.082016,249.992355,3.643555,0.091309,2.662598,-197.975143,-89.431755,125.328056
2.295654,1.599854,-0.007324,249.984726,247.566208,249.992355,4.070801,0.640869,3.484131,-82.153313,-157.562256,5.554199
1.533447,1.634277,-0.164307,249.885544,249.992355,246.757492,4.937988,1.2771,4.115234,14.366149,-178.123459,-56.800838
0.796387,2.38501,0.034668,249.992355,248.054489,247.520432,-1.381104,2.1875,0.436035,91.827385,230.957016,-249.992355
0.53833,3.13916,0.214844,249.992355,248.405441,249.992355,4.423584,0.375732,3.586426,240.791306,196.914658,-140.37323
-0.14624,3.909424,0.137451,243.766769,249.992355,249.992355,3.338623,0.436768,3.056641,249.992355,249.992355,-218.43718
-0.753662,4.950684,-0.405762,249.992355,186.729416,172.714218,2.558838,0.799805,2.525635,249.992355,249.992355,-249.992355
-1.179688,5.813965,-1.739258,249.992355,-114.685051,-8.857727,1.853271,1.209961,1.873291,213.836655,249.954208,-249.992355
4.880859,7.999756,-4.621826,-249.992355,-117.637627,-184.219345,5.198486,0.965332,4.207764,134.933472,-42.503353,-89.736931
0.80127,1.574707,-0.126953,211.517319,-44.364925,190.635666,-0.364014,1.665527,0.64502,166.809067,249.992355,-249.992355
1.681885,6.649902,-6.419922,-243.804916,108.337395,-36.552429,-0.847168,1.835938,0.401855,157.096863,249.343857,-249.992355
1.59375,4.489502,-2.377441,-249.511703,227.119431,48.095699,-1.152344,1.947998,0.283936,156.082153,235.710129,-249.992355
1.043457,4.116943,-0.848877,-249.992355,249.992355,82.603447,-1.428711,2.058838,0.177002,162.414536,228.691086,-249.992355
0.863281,4.481934,-0.132568,-249.992355,248.153671,90.187065,-1.571777,2.195313,0.175781,166.526779,226.211533,-249.992355
0.656738,4.606689,0.488037,-249.992355,234.397873,91.148369,-1.64209,2.312744,0.231445,166.160568,225.898727,-249.992355
0.609131,4.008545,0.858887,-249.992355,216.278061,87.944023,-1.679688,2.36792,0.286133,159.843445,229.133591,-249.992355
0.52417,3.111572,1.14624,-249.992355,189.743027,78.102112,-1.647705,2.404785,0.339111,146.453857,232.513412,-249.992355
0.239258,2.520264,0.985596,-249.992355,139.961243,60.653683,-1.605225,2.408936,0.388916,132.247925,235.298141,-249.992355
-0.008789,2.315674,0.598389,-249.992355,60.249325,32.485962,-1.582031,2.373535,0.421631,117.248528,240.699753,-249.992355
-0.015869,2.253418,0.338135,-249.992355,-38.955688,-11.96289,0.727539,1.462402,1.170654,181.823715,249.793991,-249.992355
4.581299,7.999756,-7.999756,-249.992355,39.276123,-236.95372,0.443604,4.547852,-2.284912,249.992355,163.635239,52.597042
0.455811,1.78125,-0.035645,178.604111,-124.183647,164.794907,0.17041,3.997314,-2.062988,249.992355,-17.715454,-14.457702
0.261475,1.950928,0.589355,-249.992355,-242.744431,-136.177063,-0.117188,3.313721,-1.653809,247.467026,-181.785568,-29.632566
0.259033,2.011475,0.208008,196.678146,-171.485886,183.685287,-0.438965,2.973877,-1.414551,249.992355,-249.992355,-29.769896
-0.55542,-0.164551,1.283691,249.992355,1.739502,53.359982,-1.169922,1.206055,-0.091797,249.992355,-249.969467,-186.416611
-0.53418,0.243164,1.033447,249.992355,48.728939,55.152889,-1.065186,2.092529,-0.760742,249.946579,-248.451218,-57.479855
-0.473877,0.48291,0.998291,249.992355,71.31958,67.573547,-1.241455,1.675781,-0.426758,249.992355,-249.992355,-109.489433
-0.303711,0.802002,0.994629,249.992355,62.744137,74.287415,-1.256104,1.407715,-0.17749,249.992355,-249.992355,-154.411316
-0.108643,1.169189,0.886719,249.992355,21.919249,67.230225,-0.732422,2.584229,-1.106445,249.992355,-249.992355,-35.118103
-0.01001,1.480713,0.841064,249.992355,-22.605894,65.925598,0.587402,4.602295,-2.322021,141.281128,247.352585,106.910698
0.18335,1.677246,0.644775,249.992355,-63.186642,71.746826,-1.108154,2.187256,0.250488,-249.992355,17.250061,111.755363
0.304443,1.907959,0.504883,249.992355,-102.279655,72.723389,-0.455322,7.52124,-4.78833,-246.124252,249.992355,207.115158
0.223633,2.080566,0.531006,249.992355,-137.962341,74.72229,-1.891113,6.962402,-6.277344,-249.992355,249.992355,131.401062
0.199219,1.996094,0.534424,249.992355,-166.343674,80.520622,-2.386475,5.595215,-5.484375,-249.992355,87.493889,81.077568
0.249268,1.812744,0.490234,249.992355,-180.053696,90.385429,-2.005859,4.303955,-2.484375,-249.992355,-41.572567,48.866268
0.249512,1.753418,0.451172,249.992355,-182.472214,108.291618,-1.513916,4.09668,-0.786377,-249.992355,-90.019218,41.65649
0.239502,1.848145,0.465576,249.992355,-180.206284,130.912781,-1.08374,3.886475,-0.792725,-249.992355,-114.860527,33.302307
0.292725,2.027588,0.487793,249.992355,-176.864609,151.954651,-1.089355,3.401855,-1.111084,-249.992355,-122.123711,34.14917
0.38623,2.143555,0.491211,249.992355,-170.074448,169.128403,-1.145508,2.877441,-1.0,-249.992355,-103.4851,48.690792
0.462158,2.187744,0.475098,249.992355,-156.562805,181.770309,-1.127197,2.448486,-0.602051,-249.992355,-68.023682,74.905396
0.467285,2.209717,0.477051,249.992355,-139.556885,193.962082,-1.162354,2.233643,0.040527,-249.992355,-17.189026,104.324333
0.41626,2.201904,0.521729,249.992355,-125.228874,207.229599,-1.150391,1.009033,-0.127441,249.992355,-249.992355,-215.820297
0.339844,2.17041,0.536377,249.710068,-115.524284,218.345627,-0.098145,5.571289,-2.981445,-107.742302,247.177109,148.803711
0.247803,2.14624,0.495361,249.992355,-111.412041,218.246445,-1.193848,0.832031,-0.128906,249.992355,-249.992355,-242.057785
0.096191,2.185059,0.468506,249.992355,-118.431084,207.527145,-1.406982,2.191895,0.371582,210.731491,151.596069,-249.992355
-0.042725,2.216309,0.423828,239.395126,-137.382507,196.487411,-1.164063,0.85791,-0.00293,249.992355,-249.992355,-249.992355
0.005859,2.133301,0.336426,211.654648,-157.974243,189.521774,-1.156738,2.179199,0.043701,-249.992355,25.512693,129.257202
0.419678,1.929443,0.065918,180.770859,-164.588913,172.538742,1.540039,-0.068848,0.926758,211.807236,249.992355,-235.939011
0.125732,2.178467,0.351807,-249.992355,-131.858826,-63.751217,1.426514,0.239502,0.672607,196.975693,249.481186,-246.749863
0.041748,2.314941,0.664795,-249.992355,160.591125,-154.335022,1.445557,0.632324,0.663818,164.87883,249.992355,-249.992355
0.165771,1.893311,0.639893,-249.992355,-249.992355,-163.063034,1.389893,1.036377,0.717285,142.791748,249.992355,-249.992355
-0.655029,-2.44751,2.104736,245.223984,-189.857468,-57.899471,0.737549,1.401123,0.607422,119.36187,229.782089,-249.992355
-0.869629,-2.09082,1.594727,249.992355,-204.338058,-11.611938,-0.046143,1.727051,0.317139,118.209831,183.799728,-249.992355
-1.38916,-0.980469,2.243652,249.992355,-129.501343,20.462034,-0.662109,2.064941,0.06543,142.745972,167.938217,-249.992355
-1.385742,0.024902,2.336914,249.992355,-38.772583,29.579161,-1.098145,2.313965,0.045898,170.051559,178.077682,-249.992355
-0.588379,0.924316,1.465332,249.992355,-24.444578,52.8717,-1.414063,2.51123,0.118652,192.192062,195.945724,-249.992355
-0.206299,1.591309,0.876709,249.992355,-49.003597,78.033447,-1.172363,0.76001,-0.059082,249.992355,-249.992355,-249.992355
-0.039307,1.980225,0.318604,249.992355,-104.850761,93.070976,-1.663574,2.57959,0.174316,216.400131,204.269394,-249.992355
0.19165,2.158691,0.140381,249.992355,-172.637924,84.228508,-1.719482,2.299316,0.286865,227.836594,172.386154,-249.992355
0.358887,2.36084,0.111572,249.992355,-217.742905,90.011589,-1.366455,2.149658,0.425049,199.844345,128.417969,-249.992355
0.706299,2.579102,0.10498,249.93132,-208.145126,128.929138,-1.55249,2.094238,0.443848,197.952255,92.803947,-249.992355
0.698975,2.643311,0.121338,249.977097,-187.217697,144.454956,-1.591309,1.918701,0.478516,198.036179,46.516415,-249.992355
0.603027,2.548828,0.161133,249.992355,-173.377975,145.179749,-1.451904,1.692871,0.538574,198.944077,-12.893676,-249.992355
0.563477,2.353516,0.177246,247.749313,-169.677719,135.566711,-1.308105,1.621826,0.525146,196.922287,-77.346802,-249.992355
0.523438,2.240479,0.120605,243.179306,-175.659164,140.365601,-1.184082,1.6521,0.424805,193.496689,-138.648987,-249.992355
0.529053,2.18335,0.051758,249.153122,-178.832993,156.822205,-1.04248,1.605225,0.251221,208.518967,-205.139145,-249.992355
0.633545,2.084717,-0.018555,249.992355,-177.848801,169.837936,-1.043213,1.390869,0.086426,240.4785,-247.79509,-249.992355
0.718262,2.014648,-0.056396,249.992355,-175.903305,185.966476,-1.15625,1.089355,0.033447,249.992355,-249.992355,-249.786362
0.728271,1.991699,-0.07373,249.992355,-176.47551,205.512985,-1.830322,2.472412,0.199219,234.298691,193.092331,-249.992355
0.672607,1.98291,-0.065674,249.984726,-175.987228,228.88945,-1.134033,2.234375,-0.121094,-249.992355,19.752502,156.387329
0.600586,1.956543,-0.049561,249.977097,-169.273361,247.734055,-1.061523,2.24292,-0.021484,-249.992355,11.871337,180.564865
0.535156,1.966064,-0.057373,249.992355,-159.004211,249.992355,-1.0896,2.201904,0.231689,-249.992355,11.039733,205.986008
-1.497803,-1.429443,2.670654,111.213676,-136.909485,-54.817196,2.352539,0.306396,3.343262,249.992355,192.337021,-200.03508
-2.040039,-0.723145,3.092041,-46.585079,-82.496635,-94.78759,1.986816,0.242432,2.483154,249.992355,248.016342,-238.449081
0.534668,2.475586,0.107422,249.992355,-225.898727,112.464897,1.714111,0.399902,1.695557,249.992355,249.992355,-249.992355
-0.807617,-1.313721,3.310791,-61.813351,51.345821,-174.362167,1.213379,0.712891,1.287109,249.992355,249.992355,-249.992355
-1.488525,-0.820068,3.380615,-53.749081,-3.807068,-138.145447,0.869873,1.261475,1.1521,249.992355,249.992355,-249.992355
-0.012451,1.820068,0.647217,-249.992355,-249.992355,-197.097763,0.352295,1.889893,0.986816,249.992355,249.992355,-249.992355
0.07251,1.73877,0.669678,-249.992355,-249.992355,-215.293869,-0.535156,2.342529,0.539063,249.992355,249.992355,-249.992355
0.175781,1.687988,0.700195,-249.992355,-235.420212,-234.046921,-1.17627,2.480957,0.252686,249.992355,249.992355,-249.992355
0.217773,1.881104,0.783447,-249.992355,-203.857407,-246.955856,-1.465088,2.544678,0.346436,249.992355,249.992355,-249.992355
0.292725,2.30957,0.939209,-249.992355,-161.155685,-246.971115,-1.582275,2.682129,0.400879,249.992355,249.992355,-249.992355
0.531006,2.237549,0.894775,-249.992355,-88.706963,-233.711227,3.439941,0.421143,4.233887,226.432785,77.087402,-135.383606
0.490723,1.738525,0.899414,-249.992355,10.910033,-222.000107,-1.524902,2.775391,0.290039,249.992355,249.992355,-249.992355
0.394287,2.251953,0.8125,-249.992355,101.455681,-222.656235,-1.533447,2.717041,0.105713,249.992355,249.984726,-249.992355
0.207031,2.429199,0.664307,-249.992355,162.116989,-211.639389,-1.343018,2.599609,0.211182,249.992355,249.580368,-249.992355
0.125977,2.352783,0.648438,-249.992355,177.215561,-188.323959,-1.191406,2.549316,0.380371,249.992355,249.992355,-249.992355
0.022705,1.856934,0.640137,-249.992355,-249.732956,-182.479843,-1.117676,2.474854,0.499268,249.992355,249.992355,-249.992355
-0.467041,-1.263184,2.805176,-180.641159,68.29071,-211.547836,-1.199951,2.411377,0.471191,249.900803,226.036057,-249.992355
-0.106934,2.39917,0.621826,-249.992355,151.054382,-128.585815,-1.251465,2.354248,0.449463,249.870285,190.406784,-249.992355
-0.034424,2.418457,0.562988,-249.992355,153.640747,-172.447189,-1.222412,2.291504,0.461426,249.992355,154.205322,-249.992355
-0.151367,1.93457,0.625,-249.992355,152.130127,-219.207748,-1.205078,2.277588,0.4646,247.047409,125.770561,-249.992355
-0.422852,1.420166,0.616699,-249.961838,144.882202,-200.515732,-1.165039,2.311279,0.375244,229.309067,104.507439,-249.992355
-0.516846,1.236328,0.733154,-249.992355,112.525932,-199.569687,-1.270264,2.275146,0.243408,206.283554,80.512993,-249.992355
-0.5979,1.225586,0.909668,-249.992355,83.19854,-201.751694,-1.519531,2.757568,0.163086,249.992355,249.992355,-249.992355
-0.638916,0.97876,1.131104,-248.344406,77.941895,-200.691208,4.057617,0.196533,4.541992,179.016098,-0.511169,-68.557739
-0.551025,0.261719,1.613525,-249.992355,85.380547,-205.406174,-1.573242,2.192627,0.08252,178.260788,30.677794,-249.992355
-0.408203,-0.58667,2.229004,-249.992355,80.459587,-218.261703,3.727051,-0.845215,3.714111,70.3125,-21.026609,-16.25824
0.230225,2.023926,0.509277,-249.992355,-201.04216,-104.522697,-1.149414,2.206543,0.385986,-249.992355,9.727478,222.892746
0.568604,1.506836,0.176758,249.992355,141.159058,249.717697,-1.224854,2.246094,0.455322,-249.992355,-0.762939,229.873642
0.519775,1.515137,0.23999,246.719345,101.997368,249.992355,-1.287842,2.337402,0.503418,-249.992355,-16.540527,240.943893
0.470215,1.521973,0.311523,229.476913,58.54034,249.992355,-1.369141,2.472168,0.567871,-249.992355,-26.504515,249.618515
0.398926,1.518799,0.397217,213.203415,14.72473,249.992355,-1.475342,2.67749,0.667236,-249.992355,-31.646727,249.992355
0.048584,1.458008,0.671875,178.749069,-163.902267,249.320969,-1.489746,2.884277,0.794678,-249.992355,-37.704468,249.992355
0.205566,1.554932,0.566895,193.695053,-65.2771,249.992355,3.970703,-0.362793,4.20752,150.627136,-14.816283,-58.357235
0.141357,1.506836,0.600098,188.278183,-101.600639,249.992355,-1.553955,3.184814,0.894287,-249.992355,-84.106438,249.992355
0.081543,1.455566,0.650635,182.746872,-134.231567,249.992355,-1.577393,3.013184,0.75,-249.992355,-110.702507,249.992355
0.611084,1.528076,0.132324,249.992355,174.247726,249.992355,-1.517822,2.826416,0.711426,-249.992355,-122.322075,249.992355
0.298096,1.547363,0.498535,201.942429,-26.908873,249.992355,-1.353516,2.782471,0.765625,-249.992355,-125.885002,249.992355
0.6521,1.572266,0.095459,249.992355,203.353867,249.992355,-1.471436,3.083984,0.918457,-249.992355,-54.321285,249.992355
0.512695,2.116943,-0.017822,249.992355,118.431084,107.482903,-1.227783,2.481689,0.867188,-249.992355,-196.052536,249.992355
0.734619,1.508057,-0.001709,249.992355,234.352097,213.89006,-1.196045,2.928223,0.792725,-249.992355,-245.079025,249.992355
0.641113,1.529297,-0.014404,249.992355,227.012619,196.098312,-0.808838,3.232422,0.842041,-249.977097,-249.465927,249.977097
0.550781,1.672119,-0.037109,249.992355,200.477585,173.629745,-0.053467,2.733154,0.933105,-249.984726,-249.992355,249.992355
0.518066,1.919434,-0.054932,249.992355,161.277756,140.457153,0.719971,1.833984,1.257324,-249.992355,-245.483383,249.992355
0.571533,2.291992,-0.044189,249.992355,74.401855,77.377319,1.20752,1.141357,1.597412,-249.328598,-197.990402,248.962387
0.602783,2.510498,-0.058105,249.992355,32.577515,48.301693,1.592285,0.681885,1.959717,-248.306259,-147.666931,249.992355
0.644775,2.634521,-0.099854,249.992355,6.446838,21.034239,1.981934,0.207764,2.257324,-249.992355,-99.975578,249.992355
0.770264,2.468506,-0.213379,249.992355,8.895874,-1.289368,2.536377,-0.391357,2.705811,-232.955917,-64.292908,204.833969
0.859619,2.102783,-0.296875,249.992355,38.978577,-13.22174,3.224854,-0.874512,3.206055,-75.210571,-40.672298,91.178886
0.938965,1.877686,-0.233398,249.992355,98.884575,-2.159119,-1.188965,2.540527,0.887695,-249.992355,-143.65387,249.992355
0.723877,1.559082,0.04834,249.992355,225.120529,236.686691,-1.02832,1.286133,0.444092,185.867294,-175.994858,-249.610886
0.001221,1.466309,0.718506,176.605209,-191.482529,242.523178,-1.036133,1.303223,0.505615,156.959534,-156.394958,-249.961838
-0.317383,2.739014,1.205566,-249.992355,93.1549,-40.863033,-1.045898,1.496582,0.470947,111.701958,-128.379822,-249.992355
-0.268799,1.233154,0.890625,186.0504,-223.251328,210.296616,-0.984131,1.693359,0.39502,69.511414,-95.588676,-249.992355
1.145752,2.001465,-0.032715,249.992355,184.616074,32.554626,-0.657471,2.137695,0.19873,-101.875298,109.649651,-249.992355
-0.396973,2.557617,1.121582,-249.992355,72.418213,-33.050537,-0.87207,1.760254,0.206299,-7.743835,-13.786315,-249.992355
-0.246094,2.959961,1.321045,-249.992355,38.795471,-88.806145,-0.871094,1.854736,0.11084,-47.157284,29.899595,-249.992355
-0.599854,2.694092,1.305908,-249.977097,-0.968933,-77.911377,-0.768066,1.999268,0.118408,-80.467216,69.877625,-249.992355
-0.761475,2.090332,1.345703,-249.992355,-53.710934,-55.320736,-0.903076,1.748291,0.324463,32.432556,-57.617184,-249.992355
-0.673096,1.227539,1.523682,-249.992355,-111.686699,-59.890743,-1.059814,1.39209,0.361572,197.799667,-179.138168,-249.992355
-0.658936,0.664063,1.596924,-249.000534,-159.553528,-68.016052,-1.891113,3.318604,0.165771,249.992355,-249.969467,-249.320969
-0.851318,0.221191,1.67041,-249.992355,-177.093491,-72.914124,-0.999512,1.596436,0.095459,240.707382,-127.944939,-226.654037
-0.870117,-0.241211,1.890381,-249.992355,-175.170883,-82.580559,-1.063965,1.591553,-0.098877,249.992355,-96.069328,-201.774582
-0.689453,-0.656494,2.177002,-204.44487,-176.986679,-89.87426,-1.134033,1.502197,-0.164551,249.992355,-81.93206,-176.97142
-0.068359,1.408691,0.783691,178.245529,-213.188156,230.888351,-1.223389,1.449463,-0.172119,249.992355,-96.107475,-157.470703
-0.682617,-1.11792,2.468018,-108.467094,-204.650864,-86.814873,-1.383545,1.50708,-0.207275,249.992355,-142.471313,-149.368286
-1.193115,-1.477051,2.670898,43.060299,-249.992355,-94.429008,-1.463135,1.631104,-0.131104,249.992355,-203.926071,-151.405334
-1.268311,-1.276123,2.545166,79.017639,-249.992355,-86.769096,-1.41626,1.837891,-0.070313,249.992355,-246.124252,-153.930664
-0.839111,-0.987793,2.437012,143.638611,-249.992355,-86.578362,-1.417969,2.31665,0.037354,249.992355,-249.992355,-162.437424
-0.293945,-0.816895,2.092041,222.114548,-249.992355,-89.309685,-1.51416,2.996826,0.22998,249.992355,-249.992355,-190.673813
-0.294434,-0.698975,1.813477,249.961838,-249.992355,-57.586666,-1.720703,3.406006,0.287109,249.992355,-249.992355,-229.64476
-0.594971,-0.369141,1.54126,249.572739,-249.732956,18.52417,-0.621826,2.212158,0.220215,-105.590813,148.06366,-249.992355
-0.794678,0.147949,1.404785,249.992355,-249.992355,72.494507,-1.013916,1.508057,0.266357,214.073166,-161.842331,-249.992355
-0.941162,0.464355,1.316406,249.992355,-249.992355,90.682976,-0.537598,2.173096,0.122803,-97.869865,185.768112,-249.992355
-0.954834,0.644775,1.226318,223.747238,-238.304123,123.916618,3.32251,0.450439,1.995361,-106.079094,247.886642,185.943588
-0.680664,0.957031,1.045654,198.127731,-224.945053,172.18779,0.262939,1.841553,0.056152,-66.650391,249.992355,-249.992355
-0.901123,-1.423828,2.730957,-13.435363,-245.437607,-94.490044,-1.850586,3.223145,-0.047607,249.992355,-249.984726,-249.992355
1.244385,2.530273,0.225586,249.992355,245.491013,78.071594,-0.087891,2.770752,0.852539,-249.992355,-249.977097,249.992355
1.111572,2.894775,0.27832,249.992355,249.908432,119.659416,0.094971,2.245605,0.709961,-249.992355,-249.992355,249.992355
0.912354,2.7854,0.092529,249.984726,249.992355,163.86412,0.366699,1.769775,0.886719,-249.992355,-249.908432,249.992355
-0.119385,3.089844,1.173584,-249.992355,-122.032158,48.553463,0.529785,1.397705,0.852783,-249.725327,-248.504623,249.992355
0.141602,2.469238,1.239014,-249.992355,-136.627197,20.324705,0.63623,1.038086,1.027344,-249.916061,-249.992355,249.992355
0.072998,2.881592,1.282959,-249.992355,-127.227776,10.772704,0.66748,0.729248,1.293701,-249.992355,-249.992355,249.992355
-0.126465,2.950684,1.280518,-249.992355,-116.798393,21.934507,0.710693,0.546875,1.405273,-240.417465,-163.734421,249.992355
-0.231934,2.403076,1.22168,-249.992355,-120.010368,35.28595,0.840576,0.449219,1.350342,-203.369125,-62.927242,249.55748
-0.456787,2.01001,1.090332,-249.992355,-129.814148,68.939209,1.05835,0.358398,1.315918,-167.289719,7.705688,249.992355
-0.396484,2.485596,1.10498,-249.992355,-133.31604,51.292416,-0.242676,2.035156,-0.009033,-85.945122,231.857285,-249.992355
-0.231201,2.841797,1.143799,-249.992355,-119.911186,10.147094,1.47583,0.177246,1.388428,-136.360168,39.268494,249.992355
-0.349609,2.403564,1.128418,-249.992355,-98.854057,32.066345,2.878174,-0.003906,1.778809,-91.941826,181.846603,198.65416
-0.427734,1.631592,1.411865,-249.992355,-83.534233,45.509335,2.689453,0.629639,2.285156,-84.846489,249.992355,117.118828
-0.237305,2.608887,0.970947,-249.992355,-77.842712,75.85144,1.745117,0.081299,1.974365,34.576416,249.992355,25.421141
-0.544189,0.930908,1.607178,-249.992355,-74.905396,55.610653,1.668457,-0.568115,1.220459,196.823105,249.992355,-61.218258
-0.422119,0.173096,1.725586,-249.992355,-77.49939,28.785704,1.979736,-0.331787,0.888428,249.992355,249.992355,-139.015198
-0.467041,-0.046387,1.905762,-249.862656,-88.020317,10.559081,2.175781,0.415283,0.710938,214.691147,249.984726,-166.976913
-0.416992,-0.210449,2.004395,-249.198898,-129.417419,-27.999876,2.435547,0.888428,0.499512,128.196716,249.992355,-231.307968
-0.532227,-0.450439,2.067871,-249.992355,-206.420883,-65.605164,1.431152,1.101563,0.459229,76.599121,249.992355,-249.992355
-0.924805,-0.77002,2.063965,-248.352036,-248.825058,-52.711483,0.704834,1.304443,0.379395,27.8244,249.534592,-249.992355
-1.011475,-1.287598,2.169434,-182.243332,-249.992355,-12.489318,0.622559,1.584229,0.285156,-26.68762,249.992355,-249.992355
-0.406494,-1.852295,2.689209,-52.11639,-248.764023,-27.931211,2.089111,-0.051025,1.623779,-109.878532,79.803467,233.093246
0.447998,-2.063477,3.0,91.835014,-249.992355,-58.814999,-1.724854,3.406006,-0.315674,249.984726,-249.992355,-249.67955
0.50415,-1.703369,2.93042,200.630173,-249.992355,-57.334896,1.984375,-0.333984,1.505371,192.337021,249.992355,-222.755417
0.060791,-1.187988,2.436523,248.260483,-199.989304,-22.338865,-0.982178,3.751953,-1.007324,249.992355,-247.680649,-249.992355
-0.447021,0.494385,1.612793,-249.992355,-73.432922,44.517513,-1.002686,3.040527,0.8396,-249.992355,-61.363216,249.992355
-0.133545,2.233887,1.018066,-249.992355,-16.044617,102.027885,-0.747803,3.150146,0.975098,-249.992355,-94.840996,249.992355
-0.350586,-0.663818,1.832275,249.992355,-81.977837,30.311583,-0.50708,3.09375,1.148438,-249.992355,-117.713921,249.992355
0.022217,2.417969,1.139893,-249.992355,98.205559,123.809807,-0.435791,2.825195,1.234131,-249.992355,-129.051208,249.992355
0.764404,3.395508,0.20874,249.992355,249.992355,197.700485,-0.456543,2.366943,1.218994,-249.992355,-137.886047,249.992355
0.244141,4.46582,0.372803,249.992355,245.475754,218.521103,-0.449951,2.013672,1.029541,-249.992355,-159.683228,249.992355
-0.660156,4.368164,0.243408,249.404892,249.992355,232.482895,-0.43042,2.083008,0.80249,-249.992355,-180.191025,249.992355
-1.513428,4.240723,-0.137695,248.847946,249.992355,190.933212,-0.25,2.436768,0.71875,-249.992355,-178.085312,249.992355
-1.799072,4.114746,-0.623779,249.992355,45.860287,9.19342,0.132324,2.486816,0.810303,-249.992355,-163.757309,249.992355
-2.679199,4.098389,-1.261719,233.383163,-224.327072,-230.003342,0.566895,1.324707,1.228027,-249.992355,-131.68335,249.992355
-0.070801,2.274414,1.115723,-249.992355,47.58453,119.552605,-1.134766,2.85376,0.68457,-249.992355,-22.003172,249.992355
0.898438,7.996582,-5.722656,-130.088806,-249.992355,-110.092155,0.680664,0.784912,1.381836,-249.984726,-98.175041,249.717697
4.461914,7.999756,-7.999756,-249.992355,-249.992355,-241.87468,1.099609,0.391113,0.900146,-249.916061,-68.878174,249.992355
1.824219,6.115723,-5.772217,-249.992355,-155.052185,-103.012077,1.46875,0.297119,0.806885,-249.099716,-61.233517,237.136826
1.059326,4.137695,-2.208252,-249.992355,-35.873413,3.02124,1.883545,0.12915,1.041992,-249.992355,-42.388912,217.079147
-2.835938,5.756592,-3.197754,95.962517,-247.825607,-202.270493,2.155518,-0.147949,1.353271,-249.992355,-12.741088,172.706589
0.983398,3.536133,-0.330811,-249.992355,89.660637,79.177856,2.288086,-0.5,1.727051,-188.621506,24.665831,95.565788
1.046387,3.425781,0.200928,-249.992355,158.782959,97.846977,2.395996,-0.747559,1.98291,-95.993034,91.873161,53.12347
0.819336,3.109863,0.643311,-249.992355,201.683029,116.020195,2.77417,-0.696533,2.046143,-25.337217,194.221481,52.742001
0.581543,2.634766,0.887207,-249.992355,209.411606,130.493164,3.134033,-0.636719,2.181641,41.442867,248.710617,-5.92041
0.433105,2.177246,0.935791,-249.992355,199.241623,137.901306,2.751709,-0.543945,2.049561,122.673027,249.984726,-136.444092
0.253174,2.101563,0.713623,-249.992355,192.451462,137.458801,-1.480713,3.684326,-0.631836,249.93132,-249.038681,-249.816879
0.12207,2.300293,0.692871,-249.992355,185.089096,135.07843,0.823242,0.513184,1.217285,-249.992355,-76.293945,249.992355
0.100098,2.570801,0.856201,-249.992355,165.283188,126.426689,-1.253174,2.680664,0.594482,-249.992355,16.288757,249.992355
0.136719,2.708984,0.992676,-249.992355,144.53125,119.369499,0.406494,2.003418,0.924561,-249.992355,-152.061462,249.992355
0.145752,2.608398,1.097412,-249.992355,126.190178,120.758049,-1.160889,2.258301,0.805176,-249.992355,73.745728,249.992355
0.824219,3.601563,-1.061035,-249.992355,24.459837,57.777401,-0.327148,3.178467,-1.278076,249.725327,-249.992355,-239.181503
-0.881592,-0.04834,1.557617,249.992355,-74.401855,47.348019,-1.266846,2.483398,0.611328,-249.992355,43.960567,249.992355
-1.120361,-0.674316,2.025635,249.992355,-76.446533,0.152588,0.493652,2.27417,-1.264893,246.009811,-225.158676,-199.356064
-1.187256,-1.343018,2.459961,249.992355,-81.771843,-36.048889,1.245605,2.373047,-0.830322,249.992355,24.497984,-150.642395
-0.968506,-1.93335,3.285645,241.851791,-112.457268,-34.065247,1.624756,3.361328,-0.82666,249.992355,236.618027,-45.906063
-0.629639,-0.021973,1.621094,-249.992355,-249.420151,-236.145004,1.721924,4.204834,-1.505127,8.300781,248.756393,35.40802
-1.29248,-1.673828,2.964111,-3.959656,-213.363632,-56.358334,-0.140625,5.61792,-2.402588,-230.232224,249.473557,75.645447
-1.373047,-0.784424,2.227783,-135.002136,-249.992355,-107.780449,-4.320557,5.39917,-3.450684,-249.992355,207.382187,92.437737
-1.036377,-0.201904,1.812744,-222.770676,-249.992355,-182.723984,-3.125488,3.782715,-2.679443,-249.992355,67.5354,54.756161
-0.972168,-2.093262,3.427979,149.162292,-159.751892,-34.988403,-2.305664,2.882813,-1.249023,-249.992355,20.523069,35.926819
-0.606934,0.368896,1.109375,249.992355,-78.536987,85.502617,-1.94165,2.897949,-0.848389,-249.992355,-4.943848,55.236813
0.533447,1.729492,0.236816,240.509018,-60.958858,215.888962,-3.152588,6.356689,-2.942871,-249.992355,249.992355,65.170288
-0.369629,0.782471,0.772705,249.908432,-132.392883,150.901794,-1.554443,3.1875,-0.791504,-249.992355,-60.905453,97.984306
-0.347656,1.100098,0.83667,249.870285,-155.525208,165.374741,-1.072266,2.095459,0.895264,-249.992355,100.769035,249.17601
-0.30957,1.299072,0.883789,249.992355,-163.803085,174.873337,-1.768066,3.27417,-0.866211,-249.992355,-38.261414,80.253601
-0.117188,1.467529,0.723145,247.16185,-165.809616,193.366989,-0.849854,2.037109,0.177246,-249.992355,76.065063,184.005722
0.125488,1.604492,0.557373,232.711777,-167.701706,205.924973,-0.888428,1.981201,0.025635,-249.992355,41.450497,161.293015
0.251465,1.748779,0.42749,228.00444,-163.665756,212.203964,-0.915527,1.804688,0.107666,-249.992355,13.633727,138.465881
0.389648,1.933594,0.377197,228.393539,-151.657104,214.073166,-0.972656,2.040039,0.546143,-249.992355,101.585381,224.678024
0.496094,1.990479,0.331299,228.424057,-132.728577,216.491684,-1.055176,1.383057,0.531006,-249.992355,-7.202148,102.615349
0.545166,1.926514,0.271729,231.170639,-112.167351,220.06987,-1.118652,1.669678,0.296387,-249.992355,-30.448912,105.957024
0.555664,1.815186,0.25,235.343918,-89.843742,219.604477,-1.263672,2.456055,-0.216797,-249.992355,-54.687496,107.116692
-0.330566,0.100586,1.158447,-249.992355,-249.946579,-248.03923,-0.9646,1.545898,0.416016,-249.992355,3.349304,114.433281
-0.408936,0.534912,0.835205,249.992355,-102.912895,121.536247,0.428467,0.739746,0.739258,249.992355,249.992355,-104.934685
-0.311035,0.184082,0.960449,-249.328598,-249.992355,-228.25621,1.942627,-0.572266,2.542725,-33.401489,7.392883,66.299438
-0.154785,3.040527,1.092529,-249.992355,67.573547,-149.284363,2.208252,-0.518066,2.718018,47.966,19.264221,66.345215
-0.640869,0.470459,1.307373,-249.992355,-249.992355,-153.297424,2.058594,-0.255615,2.742432,112.716667,90.385429,74.607849
0.537842,1.690918,0.215088,248.191818,-21.102903,212.852463,1.626709,0.060303,2.478516,159.797668,184.188828,66.15448
-0.64502,3.140381,-0.37085,-249.992355,-222.938522,-24.650572,1.008545,0.26709,2.1875,190.940842,244.804367,50.552364
-0.448486,3.085205,0.017334,-249.992355,-241.61528,-55.259701,0.480469,0.317383,1.832764,226.11998,249.992355,23.223875
-0.259766,3.134766,0.273926,-249.992355,-234.046921,-101.173393,0.128906,0.267578,1.342041,248.222336,249.992355,-17.494202
0.010742,3.087402,0.570557,-249.992355,-201.454147,-147.033691,0.067383,0.301514,1.067627,249.992355,249.992355,-60.539242
0.212646,2.839844,0.897949,-249.992355,-155.174255,-172.012314,0.256348,0.47168,0.853027,249.992355,249.893173,-87.60833
0.223877,2.532471,1.083496,-249.992355,-113.029472,-179.840073,0.475342,1.069336,0.794434,249.992355,249.992355,-123.802177
0.183594,2.412842,1.128906,-249.992355,-84.32769,-186.378464,-1.280273,2.609619,0.122314,249.992355,154.518127,-197.685226
0.170898,2.531006,1.063232,-249.992355,-60.05859,-197.235092,-0.68457,1.697266,0.477295,249.992355,240.783676,-166.885361
0.237793,2.761475,0.9729,-249.992355,-35.293579,-203.514084,-1.161377,1.920898,0.468018,249.992355,246.940598,-175.117477
-0.457031,0.254395,1.109619,-249.992355,-249.992355,-192.253098,-1.303467,2.094971,0.498779,249.992355,249.725327,-182.495102
0.272461,3.014404,0.962402,-249.992355,-9.58252,-198.249802,-1.379639,2.23291,0.534912,249.992355,249.992355,-192.680344
0.026123,2.875488,1.16626,-249.992355,48.271175,-171.386703,-1.406006,2.231445,0.516846,249.992355,249.382004,-207.496628
-0.274902,3.603271,1.106934,-249.992355,63.957211,-143.52417,-1.420898,2.15625,0.413818,249.992355,228.454575,-218.223557
-0.29541,3.131348,0.966064,-249.992355,46.997066,-154.434204,-1.412842,2.165771,0.274658,249.992355,199.134811,-221.549973
-0.223145,2.481934,0.493896,-249.992355,25.466917,-176.666245,-1.32666,2.290283,0.189941,249.992355,174.919113,-214.385971
-0.134033,2.568848,0.618164,-249.992355,0.526428,-165.458664,-1.276367,2.477539,0.170166,249.992355,163.74205,-203.178391
-0.02124,2.435547,0.992676,-249.992355,-42.92297,-111.473076,1.664551,-0.412842,2.284424,-140.579224,41.90826,92.300407
-0.175781,2.804443,1.343262,-249.992355,-84.9533,-75.401306,0.081543,1.410889,0.600586,249.992355,245.918259,-148.841858
-0.311523,3.0979,1.495361,-249.992355,-126.838676,-120.292656,1.545166,-0.158447,2.040039,-236.473068,90.011589,134.277344
-0.650391,1.905029,1.551514,-249.992355,-189.506516,-131.744385,-2.054443,2.772949,-0.15625,-249.992355,-64.651489,249.160751
-0.783691,0.949951,1.508301,-249.984726,-244.056686,-122.283928,1.108887,0.199707,1.688965,-249.252304,93.193047,178.497299
0.191406,3.081543,1.06665,-249.992355,18.013,-187.499985,-1.356445,2.580078,0.023193,249.992355,139.427185,-197.685226
0.568604,1.705566,0.184082,249.992355,27.549742,209.10643,-1.750732,2.843506,0.062744,-249.992355,-56.808468,249.992355
-0.066162,3.303467,1.398193,-249.992355,106.719963,-74.783325,-1.687012,2.70874,0.427734,-249.992355,-36.117554,249.992355
0.594727,1.657227,0.065186,249.992355,117.393486,195.602402,-1.722656,2.421143,0.807617,-249.992355,-27.503965,249.992355
-3.708252,1.952637,-0.959473,249.992355,-232.910141,-14.785766,-1.824707,2.366943,0.908447,-249.992355,-47.386166,249.992355
-5.68335,5.206055,-1.861572,249.992355,-249.992355,-222.251877,-1.9375,2.599854,0.79834,-249.992355,-93.338005,249.992355
-5.154297,7.999756,-3.633789,-109.390251,-249.992355,-248.390182,-2.016846,2.825195,0.939453,-249.992355,-137.962341,249.992355
2.125732,7.916504,-5.326904,-249.992355,-249.992355,-193.801865,-1.961426,2.898438,1.328857,-249.992355,-160.316467,249.992355
1.414551,6.778809,-3.546143,-249.992355,-249.984726,-110.702507,-1.8479,2.840332,1.704834,-249.992355,-163.24614,249.992355
0.587402,4.640381,-1.905518,-249.992355,-249.992355,-53.710934,-1.781494,2.78833,2.018799,-249.992355,-179.931625,249.992355
0.167969,3.323486,-0.78833,-249.992355,-249.992355,-37.010193,-1.764648,2.765137,2.218018,-249.992355,-222.412094,249.992355
0.071777,3.082031,-0.42749,-249.992355,-249.359116,-49.400326,-1.803711,2.662598,2.355957,-249.992355,-249.191269,249.992355
-0.070068,3.139893,-0.207764,-249.992355,-249.992355,-65.116882,-1.890381,2.690674,2.427002,-249.992355,-249.992355,249.992355
-0.003418,3.261963,0.664307,-249.992355,-220.375046,-80.627434,-1.827637,2.862549,2.481689,-249.992355,-249.992355,249.992355
-2.831299,2.792969,-0.632568,242.607101,-25.871275,151.252747,-1.628418,2.82251,2.546631,-249.992355,-249.969467,249.992355
-0.084961,2.955811,1.134766,-249.992355,-176.261887,-85.83831,-1.395264,2.656982,2.486084,-249.992355,-249.992355,249.992355
0.006348,2.815186,1.253662,-249.992355,-137.191772,-103.431694,-1.143066,2.838867,2.342529,-249.992355,-249.992355,249.992355
0.14502,2.870361,1.15625,-249.992355,-105.262749,-118.125908,-0.549072,3.080078,2.168457,-249.992355,-248.718246,249.763474
0.184326,3.064453,1.055176,-249.992355,-66.40625,-128.730774,0.102783,2.657471,2.104248,-249.992355,-249.992355,249.992355
0.148682,3.263916,1.049316,-249.992355,-28.099058,-133.255005,0.495361,1.795654,2.053467,-249.984726,-249.992355,249.992355
0.075439,3.29126,1.272217,-249.992355,9.010315,-122.619621,0.725342,1.080566,1.770752,-249.992355,-199.569687,241.378769
0.013916,3.172363,1.357178,-249.992355,36.453247,-101.013176,0.805176,0.631592,1.682129,-249.992355,-64.620972,212.989792
0.133545,3.589355,1.300049,-249.992355,53.451534,-99.586479,0.947998,0.353271,1.674561,-249.534592,35.949707,190.597519
0.216064,4.560791,1.385986,-249.992355,75.286865,-114.036552,1.337158,0.052246,1.848145,-249.992355,113.037102,165.267929
0.188965,4.323975,1.425293,-249.992355,94.650261,-106.262199,-1.368896,2.343018,-0.106934,249.992355,120.079033,-195.335373
0.607178,1.6875,0.135254,249.992355,75.820923,202.117905,-0.500488,3.052002,0.929932,-249.992355,-240.539536,249.992355
-0.126953,2.819336,1.309814,-249.992355,-151.847839,-92.613213,-1.065186,1.903809,-0.49292,249.992355,99.433891,-180.557236
-2.34668,3.87793,-0.769775,249.969467,221.122726,234.222397,-2.549316,3.412598,0.785889,-249.992355,249.992355,49.97253
-0.038086,3.306152,0.173096,-249.992355,-249.992355,-75.912476,-2.563721,3.375,0.452393,-249.992355,249.68718,53.215023
-0.492432,3.341797,-0.187744,249.862656,247.856125,249.793991,-2.424072,2.913574,0.328613,-249.992355,249.992355,54.954525
-1.554932,3.724609,-0.500244,249.992355,249.992355,249.992355,-2.163818,2.352539,0.255127,-249.992355,249.992355,67.329407
0.602539,1.463623,-0.074951,249.992355,172.218307,172.302231,-1.998047,2.201416,0.136963,-249.992355,234.466537,91.178886
0.585938,1.349854,-0.140381,249.992355,186.958298,154.266357,-1.869385,2.466309,0.085693,-249.992355,210.708603,119.384758
0.549316,1.295898,-0.215088,249.992355,192.756638,134.391785,-1.689697,2.74707,0.185059,-249.992355,195.655807,150.047302
0.502686,1.323242,-0.319336,249.992355,190.33812,116.798393,-1.468018,2.728027,0.396484,-249.992355,189.277634,178.970322
0.499512,1.414551,-0.464355,249.992355,181.709274,102.210991,-1.391357,2.40332,0.503418,-249.992355,192.504868,201.713547
0.534912,1.536865,-0.641846,249.992355,171.295151,85.304253,-1.234863,1.993164,0.615479,-249.992355,198.509201,214.3936
0.519287,1.619141,-0.760986,249.992355,160.926804,66.345215,-2.880371,3.817383,0.912842,-249.992355,249.992355,33.77533
0.434082,1.6521,-0.782471,249.992355,146.507263,48.805233,-0.981201,1.813721,0.653076,-249.992355,190.803513,227.104172
0.354248,1.685303,-0.738281,249.992355,128.471375,36.03363,-1.022217,2.020996,0.499268,-249.992355,171.905502,249.992355
0.341553,1.740967,-0.725098,249.992355,111.976616,30.784605,-1.062012,2.297119,0.493408,-249.992355,187.599167,249.992355
0.595215,1.588379,-0.005127,249.992355,149.06311,186.988815,-0.890625,2.614746,0.80957,-249.992355,210.884079,249.992355
0.440186,1.977783,-0.608643,249.992355,115.798943,41.78619,-0.855225,2.840088,1.215332,-249.992355,235.000595,249.992355
0.409668,1.824951,-0.703613,249.992355,104.530327,31.967161,-1.002441,2.947754,1.423828,-249.992355,246.963486,249.992355
0.193115,3.362793,-0.042236,249.992355,249.992355,245.674118,-1.102539,3.053467,1.441162,-249.992355,225.654587,249.992355
-0.075684,3.029297,-0.12915,249.992355,249.984726,187.18718,-1.197754,3.20874,1.333252,-249.992355,170.4254,249.992355
-0.241211,2.580078,-0.391357,249.992355,249.969467,137.947083,-1.161377,3.253906,1.280518,-249.992355,91.796867,249.992355
-0.226807,2.400146,-0.526123,249.992355,249.992355,126.327507,-0.900879,3.15918,1.084473,-249.992355,-13.801574,249.992355
0.307617,3.362549,-0.048584,249.984726,248.947128,249.534592,-0.708984,3.16333,0.860107,-249.992355,-142.906189,249.992355
0.173584,2.486084,-0.679199,249.992355,227.539047,89.141838,-0.935547,1.89917,0.647461,-249.992355,174.156174,246.795639
0.337402,2.334229,-0.667969,249.992355,183.265671,79.38385,-2.208496,4.68335,0.98584,-249.992355,249.992355,20.561216
0.401367,2.163818,-0.593018,249.992355,143.90564,61.561581,-1.247803,2.052002,-0.289307,249.992355,104.698174,-190.269455
-0.049561,2.471924,-0.600586,249.992355,249.168381,105.659477,3.211426,4.20166,3.279785,-48.751827,249.992355,108.871452
-0.212402,2.613281,1.188477,-249.992355,-74.043274,7.064819,-0.902344,1.952393,-0.682617,249.992355,107.711784,-167.877182
0.241455,3.895264,-0.433105,-249.992355,-249.992355,-88.729851,-0.75415,2.021973,-0.788574,249.992355,126.525871,-153.007507
0.316895,3.875732,-0.318359,-249.992355,-171.928391,-98.983757,-0.694336,1.981445,-0.859863,249.992355,143.89801,-134.552002
0.203857,4.336426,-0.057861,-249.992355,-62.32452,-115.272514,-0.773926,1.893066,-0.972168,249.992355,146.820068,-119.079582
-0.049316,5.136719,0.256836,-249.992355,13.130187,-156.539917,-0.896729,1.797852,-1.002197,249.992355,120.353691,-122.962944
-0.30835,4.810791,0.390869,-249.992355,45.211788,-140.441895,-1.051758,1.734863,-0.969727,249.992355,63.606258,-141.136169
-0.399902,3.753906,0.700195,-249.992355,23.490904,-71.800232,-1.225098,1.776367,-0.950684,249.992355,-15.441894,-152.954102
-0.0979,3.618408,-0.542236,-249.992355,-249.992355,-87.364189,-1.42749,1.920654,-0.862793,249.992355,-110.41259,-152.244568
-0.268555,3.681885,1.047852,-249.992355,-22.605894,-66.596985,-1.536621,2.125732,-0.66333,249.984726,-211.082443,-147.30072
-0.195557,3.208008,1.141602,-249.992355,-59.738155,-40.100098,-1.44458,2.341797,-0.546387,249.992355,-249.107346,-141.426086
-0.132568,1.869141,1.060303,-249.992355,-58.715816,26.733397,-1.209717,2.458496,-0.53833,249.992355,-249.793991,-135.08606
-0.382813,0.226807,2.255371,-249.992355,-112.258904,37.284851,-0.990234,6.346191,0.885498,-246.360764,249.992355,203.834518
-0.140869,1.0896,1.234131,-249.992355,19.973755,0.915527,-0.200439,2.604736,-0.690186,249.900803,-218.627914,-132.896423
-0.337158,0.779785,1.554932,-249.992355,42.381283,-1.579285,0.174316,2.738281,-0.860107,249.343857,-101.364128,-119.628899
-0.427246,0.452881,1.917725,-249.061569,7.93457,17.01355,0.156494,2.834717,-0.953857,249.992355,-5.989074,-100.601189
-0.197754,-0.013916,2.468506,-249.992355,-236.793503,27.458189,0.056396,3.149414,-0.823486,249.992355,78.941345,-70.114136
0.022705,-0.339355,2.529297,-211.730942,-249.992355,-18.508911,0.085938,3.515869,-0.571777,223.85405,195.24382,-37.910461
0.184082,-0.644287,2.433838,-95.886223,-249.984726,-67.817688,0.291992,3.368652,-0.482422,168.930038,249.954208,-15.86151
-0.148193,-0.839111,2.390381,79.544067,-249.992355,-56.488033,0.440674,2.57373,-0.168457,143.348694,249.992355,-2.494812
-0.914551,-0.653564,2.397949,230.438217,-249.992355,11.70349,0.074951,2.046875,0.482422,132.522583,249.992355,33.584595
-1.146973,0.053711,2.320068,249.992355,-249.374374,51.719662,-0.364502,2.313965,0.736572,184.082016,249.992355,192.756638
-0.467041,3.035156,-0.456299,-249.992355,-248.458847,-99.090569,2.446777,2.565674,1.375488,200.637802,249.992355,181.793198
-0.031738,1.405518,1.021484,-249.977097,-25.527952,19.165039,-0.842285,2.487305,-0.565918,249.328598,-249.992355,-132.568359
-0.581055,2.606934,-0.171143,-249.992355,-249.992355,-90.309135,-0.325439,3.343018,1.292725,-249.992355,-249.992355,127.395622
-0.829102,-0.176025,2.173828,249.992355,-249.229416,48.332211,-0.883545,3.354004,1.034912,-249.992355,-249.992355,139.762878
-0.881592,2.637695,0.123779,-249.992355,-249.969467,-2.563476,-1.411133,3.472656,0.714111,-249.992355,-248.985275,168.838486
-0.218506,3.282715,-0.689941,249.992355,249.984726,125.465385,-1.451904,3.80542,0.54126,-249.992355,-249.992355,197.326645
-0.487549,3.767578,-0.494385,249.961838,249.946579,112.770073,-1.88208,3.876465,0.571045,-249.992355,-160.28595,249.771103
-0.894287,3.912598,-0.369629,249.992355,249.992355,82.557671,-1.817139,4.025635,0.606445,-249.992355,-249.977097,249.992355
-1.292725,3.557617,-0.413574,249.992355,249.565109,51.277157,-2.01123,4.215576,0.608154,-249.992355,-248.687729,249.992355
-1.694092,3.239746,-0.781738,248.153671,246.681198,9.292603,-2.0,4.025635,0.575195,-249.992355,-210.594162,249.626144
-2.425049,3.511963,-1.562744,249.992355,249.992355,-40.962215,-0.291504,2.988525,1.449219,-249.992355,-209.266647,167.663559
-3.564697,3.768311,-2.578857,249.992355,248.504623,-58.0368,-1.597168,3.808105,0.563965,-249.992355,-249.992355,235.511765
-4.765625,4.089844,-4.212158,174.133286,21.720884,-36.056519,-0.141602,2.4646,1.242188,-249.992355,-113.021843,199.951157
-5.54834,4.218994,-6.119629,-8.811951,-213.76799,-17.01355,1.106689,-0.078125,2.375,-249.992355,28.434752,117.805473
-5.12207,4.099609,-6.729248,-178.649887,-249.992355,21.812437,0.387695,0.82959,1.344238,-249.992355,34.751892,181.022629
-0.646973,2.559326,0.074951,-249.992355,-249.992355,-54.542538,0.497559,0.625244,1.590576,-249.992355,45.31097,168.212875
-4.036865,3.975342,-6.010742,-248.031601,-249.992355,48.400875,0.666992,0.366211,1.936768,-248.748764,39.352417,149.291992
-2.615967,3.224609,-3.887207,-249.992355,-249.992355,33.195496,1.608154,-0.622559,2.938232,-249.992355,44.914242,80.444328
-2.125732,2.477051,-2.196289,-249.992355,-249.992355,76.217651,2.024658,-0.833008,3.526123,-191.436752,115.173332,64.247131
-1.650635,2.250488,-1.055908,-249.992355,-218.727097,104.164116,2.180908,-0.561768,4.100342,-120.033257,213.821396,86.517326
-1.429199,2.404053,-0.685791,-249.992355,-158.447266,124.618523,1.820557,-0.199219,4.161865,-89.843742,249.992355,95.146172
-1.356934,2.675049,-0.38623,-249.992355,-105.766289,142.700195,1.163086,-0.110352,4.059326,-9.82666,249.992355,3.570556
-1.237549,2.856934,-0.034668,-249.992355,-94.955437,163.581833,0.785645,-0.223877,3.717285,168.479904,249.992355,-76.271057
-1.140869,2.600342,0.093018,-249.992355,-134.078979,168.098434,-1.853271,3.648926,0.65332,-249.992355,-151.222229,232.742294
-1.227051,2.328125,0.028564,-249.992355,-212.669357,140.579224,0.204346,1.11377,1.257813,-249.977097,5.195617,195.960983
-1.236816,2.289063,-0.04541,-249.992355,-249.961838,101.280205,-1.941406,3.479492,0.734375,-249.992355,-159.614563,199.012741
-1.108154,2.519775,0.02124,-249.992355,-249.992355,53.428646,-3.173584,2.186768,-4.457031,-249.992355,-52.856441,147.918701
-0.20459,3.054932,-0.860352,249.992355,249.992355,96.67205,-1.984131,2.812012,0.479004,-249.992355,-129.745483,124.565117
-0.433594,-0.709717,2.195313,249.992355,-249.992355,48.332211,-0.402832,3.255371,-0.71582,249.992355,-164.314255,-3.379822
-2.901855,3.814453,-4.961914,-249.992355,-249.359116,24.528502,-0.472656,3.21167,-0.565186,249.916061,-18.562317,-0.328064
-0.536377,-0.111816,1.653076,249.992355,-123.458855,95.115654,-0.594238,2.919189,-0.785156,249.992355,100.067131,1.182556
0.214844,2.159668,-0.52417,249.992355,120.544426,90.690605,-0.647461,2.726074,-1.222656,249.992355,185.729965,10.902404
0.143311,2.234619,-0.455078,249.992355,81.764214,61.286922,-0.231445,2.851807,-1.838623,245.788559,242.790207,25.80261
0.172607,2.44043,-0.513916,249.992355,55.473324,41.763302,0.165771,2.752197,-2.436035,249.992355,249.946579,72.036743
0.307129,2.626221,-0.544922,249.992355,50.216671,31.158445,0.123535,3.016602,-2.717773,249.992355,249.992355,156.646729
0.371338,2.698242,-0.528076,249.992355,58.029171,33.77533,0.123047,4.522217,-2.507568,57.91473,249.992355,177.330002
0.434814,2.832031,-0.413086,249.992355,77.919006,58.364864,-1.470703,5.188721,-2.559326,-220.718369,247.41362,143.379211
0.66748,2.950684,-0.310303,249.992355,158.546448,117.59948,-3.348877,4.56543,-3.316406,-249.992355,249.992355,124.496452
0.76123,2.971436,-0.169678,249.93895,243.988022,191.558823,-2.040771,3.301758,0.68335,-249.992355,-152.114868,160.629257
0.527344,3.860596,0.106201,249.992355,249.992355,223.419174,-4.329834,3.044434,-4.299805,-249.992355,249.992355,92.926018
-0.090088,4.416016,0.081543,249.992355,248.992905,221.45842,1.146729,-0.25293,2.88916,249.793991,249.992355,-48.46191
0.359131,2.164063,-0.602783,249.992355,157.943726,121.841423,-2.422607,1.903809,-2.602539,-249.992355,-146.339417,105.636589
-0.889404,4.015381,-0.119141,247.711166,248.275742,209.449753,-2.000244,1.67334,-1.267334,-249.992355,-180.534348,61.500546
-1.502686,4.31543,-1.141602,249.992355,221.092209,77.377319,-1.677002,1.624756,-0.604004,-249.992355,-179.038986,28.381346
-2.134766,4.800781,-2.0271,170.875534,-4.608154,-38.803101,-1.310791,1.675049,-0.334473,-249.992355,-163.11644,13.47351
-3.022705,5.776855,-3.127441,-128.219604,-224.174484,-130.004883,-1.03833,1.831299,-0.421875,-249.992355,-145.172119,19.462585
-2.67627,6.605957,-4.361084,-249.18364,-248.855576,-191.078171,-1.028076,2.047119,-0.731201,-249.992355,-120.529167,48.957821
-1.052979,6.366211,-5.201416,-249.992355,-249.992355,-179.061874,-1.183105,2.279785,-0.769531,-249.992355,-95.596306,76.385498
-0.032471,5.402832,-4.663086,-249.992355,-249.992355,-120.536797,-1.47876,2.437744,-0.415527,-249.992355,-89.340202,84.243767
-0.014404,4.460205,-3.472168,-249.992355,-199.65361,-59.417721,-1.805176,2.468994,0.133057,-249.992355,-104.49218,97.373955
-0.324219,3.755371,-2.35791,-249.992355,-138.046265,-29.762266,-4.199951,2.244873,-4.75708,-249.992355,142.326355,146.965027
-0.621582,3.312012,-1.367676,-249.992355,-146.324158,-18.592834,1.478516,-0.09375,2.677002,249.992355,249.992355,-22.590635
-0.695313,3.204346,-0.823486,-249.992355,-187.324509,-14.244079,0.048828,1.668701,1.258301,-249.992355,-44.609066,206.741318
-1.348145,4.081543,-0.469482,249.168381,249.992355,170.92894,2.021729,0.643555,2.203857,249.992355,249.992355,-159.729004
0.527344,2.154053,-0.552002,249.992355,181.114182,149.589539,-1.456299,2.828369,-0.257813,249.992355,-234.855637,-129.814148
-0.317383,-0.618408,1.98584,249.992355,-230.773911,61.897274,-1.451172,2.90332,-0.211182,249.992355,-249.992355,-139.831543
0.519531,2.031738,-0.362061,249.992355,185.020432,178.436264,-1.047363,2.983154,-0.30127,249.992355,-249.992355,-154.823303
-0.829834,0.196289,1.454346,249.992355,-32.310486,136.665344,-1.075928,3.076172,-0.416748,249.992355,-249.374374,-141.738892
-1.056396,0.389404,1.233398,249.793991,34.988403,172.195419,-0.811035,3.078857,-0.522705,249.992355,-249.885544,-114.562981
-0.91748,0.703613,1.050537,249.992355,67.344666,197.936996,-0.155029,3.366943,-0.695801,249.992355,-249.992355,-77.545166
-0.505859,0.971191,0.880859,249.992355,59.890743,215.599045,-0.353027,3.796143,-0.864746,249.992355,-227.935776,-40.130615
-0.220703,1.215332,0.763428,239.501938,34.912109,226.715073,-0.568604,3.544434,-0.870605,249.908432,-161.628708,-29.342649
-0.123047,1.392822,0.715332,225.807175,18.730164,228.904709,0.998535,2.666748,-1.263672,249.992355,73.08197,-26.283262
0.5625,2.074463,-0.447266,249.992355,187.477097,169.052109,0.439209,2.454834,-1.139893,246.124252,242.950424,89.347832
-0.027832,1.738281,0.520264,234.664902,-3.547668,235.687241,-1.306396,2.574463,-0.214355,249.992355,-156.784058,-131.713867
0.063965,1.875244,0.424316,237.091049,-12.062072,240.974411,-0.040039,1.894043,-0.608887,249.992355,249.992355,63.972469
0.113281,1.831787,0.321045,242.103561,-12.947082,243.415817,2.746826,4.072754,-0.215576,99.266045,249.992355,166.51152
0.112305,1.727783,0.225098,249.43541,-7.064819,242.889389,3.065674,6.753906,-0.935791,-221.397385,249.80925,217.643723
-0.082764,1.539551,0.632813,225.99028,8.285522,230.758652,-1.68042,6.302002,-3.10498,-249.992355,248.237595,198.40239
0.177246,1.641357,0.220459,249.992355,27.481077,239.608749,-4.560303,4.779785,-3.216797,-249.992355,249.992355,245.796188
0.214355,1.669678,0.161133,249.992355,57.79266,239.463791,-4.199219,3.864746,-2.764404,-249.992355,249.992355,219.726547
0.226074,1.707275,0.114746,249.992355,89.759819,238.914474,-3.332764,2.997803,-1.599365,-249.992355,144.424438,192.962631
0.243652,1.749756,0.069824,249.992355,117.858879,237.159714,-2.75415,2.721436,-0.705078,-249.992355,55.419918,191.200241
0.294189,1.812012,0.031494,249.992355,141.838074,232.566818,-2.606201,2.790283,-0.658691,-249.992355,-5.363464,201.957687
0.345215,1.878418,-0.023926,249.992355,161.590561,224.502548,-2.433838,2.75708,-0.543701,-249.992355,-46.607967,229.873642
0.376953,1.869873,-0.100586,249.992355,173.309311,215.698227,1.836426,0.199219,2.595947,249.992355,249.992355,-76.217651
0.418701,1.859863,-0.179443,249.992355,177.490219,207.664474,0.352051,2.203369,-0.220703,249.992355,249.969467,34.210205
0.457031,1.9104,-0.236572,249.992355,179.382309,198.493942,-1.187256,2.302002,-0.245117,249.992355,-90.553276,-137.031555
0.481445,1.977051,-0.282715,249.992355,181.320175,187.744125,0.207031,2.934082,-0.958496,249.992355,-110.618584,-42.701717
0.14209,1.640137,0.266846,249.992355,4.608154,239.952072,-0.969238,2.027588,-0.333008,249.992355,-54.702755,-164.466843
0.340332,2.637695,0.953613,-249.992355,154.174805,-3.425598,1.388184,1.155029,1.628662,249.992355,249.992355,-235.153183
0.514404,2.89502,1.072998,-249.992355,176.902756,-3.631592,-1.052246,2.131348,-0.28833,249.992355,-60.928341,-148.4375
0.878418,3.01123,1.287598,-249.992355,169.273361,-16.159058,-0.595215,2.143311,0.820313,249.992355,249.992355,-249.992355
1.281494,3.287842,1.192627,-249.992355,126.625053,-40.939327,-0.878174,2.416504,0.802246,249.992355,249.992355,-249.992355
2.624268,6.871094,-4.77832,-249.992355,-249.992355,-158.187866,-0.920654,2.549316,0.785645,249.992355,249.992355,-249.992355
1.29248,3.905273,0.245605,-249.992355,-37.42981,-78.552246,-0.947021,2.721924,0.802002,249.916061,249.992355,-249.992355
1.35376,4.413574,-0.323486,-249.992355,-132.759094,-80.459587,-1.068604,2.875488,0.671631,249.54985,249.443039,-249.992355
1.651855,5.174316,-1.5271,-249.992355,-226.631149,-88.36364,-1.178467,3.003906,0.387451,249.992355,249.992355,-249.992355
1.345947,3.674072,0.814209,-249.992355,54.702755,-64.727783,-1.136719,3.027344,0.224609,249.992355,249.992355,-249.992355
0.259277,2.265625,0.957275,-249.992355,122.154228,-9.590149,-1.101563,2.88501,0.15332,249.992355,221.031174,-249.992355
-0.084229,3.085449,0.991699,-249.992355,-218.170151,-129.28009,-1.136963,2.700439,0.174072,249.992355,177.108749,-249.992355
0.139404,1.758301,0.743652,-249.992355,65.620422,-19.981384,0.151367,1.679443,1.002686,249.992355,249.992355,-249.992355
0.02832,1.724121,0.622314,-249.992355,36.735535,-30.784605,-1.070068,1.838867,-0.355713,249.992355,-75.454712,-212.272629
-0.03418,1.811279,0.622314,-249.992355,6.507873,-44.921871,-1.304688,2.435303,0.106445,249.992355,76.858521,-249.992355
0.046631,1.94873,0.686035,-249.992355,-21.438597,-59.005733,-1.373291,2.24292,0.007568,249.992355,25.787352,-249.992355
0.012207,2.03125,0.807617,-249.992355,-46.524044,-61.859127,-1.373535,2.019531,-0.133789,249.992355,-23.15521,-249.984726
-0.085205,2.05127,0.826904,-249.992355,-76.271057,-61.134335,-1.330566,1.74585,-0.194092,249.992355,-62.95013,-249.855026
-0.144775,2.052734,0.870117,-249.992355,-114.509575,-73.348999,-1.242432,1.552734,-0.22168,249.992355,-85.426323,-249.992355
-0.199463,2.041016,0.914551,-249.992355,-152.381897,-89.126579,-1.079102,1.552734,-0.278076,249.992355,-93.475334,-249.954208
-0.16333,2.069336,0.887207,-249.992355,-186.279282,-93.070976,-1.000488,1.665771,-0.335449,249.992355,-92.842094,-240.768417
-0.127686,2.45752,0.883545,-249.992355,-209.182724,-99.227898,-1.05249,1.768799,-0.366943,249.992355,-85.784904,-229.103073
3.084961,7.999756,-5.552246,-249.992355,-249.778732,-249.992355,-0.99292,1.92749,-0.365967,249.992355,-63.812252,-188.06456
0.19458,1.941406,0.942139,-249.992355,92.407219,-14.60266,-1.205566,2.5896,0.177734,249.992355,128.242493,-249.992355
-1.259277,7.999756,-3.288574,-168.525681,-249.328598,-249.992355,-0.884277,2.486328,-0.429688,-249.992355,-171.791061,31.990049
0.468506,1.003662,-0.170166,249.992355,249.992355,161.804184,-0.962891,2.651367,-0.344238,-249.992355,-194.190964,37.30011
-2.838867,4.098633,-0.980957,249.992355,-213.561996,-190.864548,-1.041748,2.777344,-0.13623,-249.992355,-201.683029,40.573116
-0.001709,2.664795,0.848633,-249.992355,-202.56041,-150.718689,-1.193359,2.781006,-0.037109,-249.992355,-200.653061,44.952389
0.56665,1.877441,0.341797,249.916061,-158.416748,211.456284,-1.373047,2.749512,0.649902,-249.992355,-29.273985,249.992355
0.590576,1.822754,0.425781,249.732956,-125.869743,234.100327,-1.722656,3.143311,-0.65332,-249.992355,-201.202377,53.047176
0.503174,1.739502,0.493164,249.992355,-87.98217,248.93187,-2.382324,4.147217,-2.559814,-249.992355,-156.417847,84.602348
0.36377,1.623291,0.509766,248.04686,-49.530025,249.992355,-0.97583,2.296387,-0.217041,-249.992355,-136.650085,40.122986
0.219727,1.53125,0.486816,225.60881,-14.274596,249.992355,-4.184814,6.128174,-5.037109,-249.992355,49.018856,171.203598
0.114746,1.500488,0.435791,201.698288,16.365051,249.93895,-1.428955,2.781494,0.024414,-249.992355,-202.606186,47.485348
0.048584,1.491943,0.369873,187.583908,43.846127,249.656662,-1.01709,2.175049,0.227051,-249.992355,-101.142876,77.568054
0.100098,1.453613,0.268066,187.599167,68.717957,249.992355,-1.151855,2.811768,0.491699,-249.992355,-27.259825,189.392075
0.207764,1.375732,0.131836,196.624741,98.930351,249.412521,-0.799805,2.191895,0.588379,-249.992355,-59.371944,129.714966
-3.980469,6.306885,-1.970703,207.962021,-249.992355,-248.008713,-0.937256,2.329346,0.562988,-249.992355,-56.823727,147.254944
0.261963,1.255859,-0.036377,213.058456,141.220093,224.548325,-1.087891,2.48584,0.474121,-249.992355,-57.495113,166.839584
0.410156,1.013916,-0.163574,249.992355,237.647995,171.737656,-1.116211,2.63208,0.452637,-249.992355,-47.813412,181.182846
0.524658,1.113037,-0.0896,249.992355,249.992355,160.324097,-1.174805,2.939697,0.558594,-249.992355,-11.085509,207.511887
0.561035,1.373047,0.035156,249.992355,249.992355,163.284286,-1.089844,2.943604,0.593506,-249.992355,-0.968933,237.602219
0.548096,1.585938,0.0625,249.992355,249.916061,170.92894,-1.004639,2.774902,0.530518,-249.992355,3.936767,249.992355
0.571533,1.810303,-0.012451,249.992355,249.992355,187.286362,-1.107422,2.673584,0.4104,-249.992355,1.205444,249.992355
0.672119,2.504639,0.073975,249.946579,249.992355,209.617599,-1.279541,2.756592,0.432129,-249.992355,-10.19287,249.992355
0.290039,3.207764,-0.006592,249.954208,246.070847,236.862167,-3.907959,7.999756,-5.948242,-249.992355,249.992355,249.992355
-0.507324,3.773438,-0.292236,249.992355,249.992355,224.060043,-0.839844,2.172363,0.478271,-249.992355,-75.286865,110.061638
-1.621582,4.362061,-0.448242,248.260483,249.992355,140.663147,-2.095459,7.999756,-4.952881,-232.505783,249.992355,224.586472
-2.073486,4.10376,-0.499512,245.124802,77.331543,-21.514891,-1.252197,1.646484,0.334717,199.920639,98.304741,-249.992355
0.331055,1.106445,-0.134766,240.089401,191.917404,193.878159,0.693604,3.654541,-0.580078,249.992355,129.653931,-87.997429
0.008057,1.661865,0.442871,-249.992355,-180.389389,-138.427734,-1.282471,3.065674,0.907471,-249.992355,-48.606869,249.992355
-0.224365,1.872314,0.221191,-249.992355,-154.968262,-135.765076,-1.168213,1.663574,0.35083,191.894516,59.814449,-249.992355
-0.116455,2.166504,0.246094,-249.992355,-128.860474,-211.563095,-1.192139,1.668213,0.299805,169.960007,21.423338,-249.992355
0.221191,1.235596,0.378662,171.211227,-74.829102,194.229111,-1.22998,1.560059,0.27832,142.219543,-24.139402,-249.992355
0.189697,1.152588,0.378906,175.285324,-70.960999,198.745712,-1.178955,1.342285,0.327148,127.975456,-72.502136,-249.992355
0.197998,1.035156,0.365234,175.933823,-59.631344,200.172409,-1.032715,1.119141,0.278809,137.634277,-117.012016,-249.992355
0.243652,0.89624,0.375,177.238449,-40.801998,196.746811,-0.887207,0.907715,0.094238,168.319687,-158.073425,-249.732956
0.29541,0.772461,0.375244,181.327805,-12.283324,190.978989,-0.857422,0.696289,-0.071045,215.919479,-208.900436,-249.992355
0.348145,0.734375,0.29834,190.383896,24.093626,184.455856,-0.977295,0.568115,-0.104736,248.443588,-246.971115,-249.992355
0.359619,0.75708,0.197021,200.759872,61.958309,178.749069,-1.098145,0.564941,-0.113037,249.992355,-249.992355,-239.860519
0.3479,0.820313,0.156006,211.669907,93.460075,177.22319,-1.109131,0.653076,-0.116211,249.992355,-249.992355,-214.607224
0.342285,0.95166,0.13623,223.190292,116.943352,180.809006,-1.019775,0.799561,-0.100342,249.992355,-249.992355,-199.249252
0.343994,1.12793,0.126953,238.533005,130.912781,186.058029,-0.943848,0.966797,-0.137939,249.992355,-249.824509,-182.701096
0.203369,1.258789,0.334961,159.217834,-68.878174,186.965927,-1.447266,1.705811,0.2854,204.0634,148.017883,-249.992355
0.364014,1.299561,0.091309,249.008163,140.388489,188.758835,-1.007568,1.109375,-0.206543,249.992355,-249.992355,-164.24559
0.384766,1.609619,-0.080566,249.992355,169.334396,193.771347,-1.093018,1.305176,-0.260254,249.992355,-249.992355,-147.819519
0.418213,1.812744,-0.198242,244.155869,192.283615,198.997482,-1.160645,1.702393,-0.276611,249.992355,-242.408737,-136.314392
0.483154,2.031006,-0.324951,231.857285,225.410446,205.139145,-1.164551,2.474854,-0.280762,249.992355,-230.354294,-132.003784
0.537842,2.243896,-0.455078,218.093857,248.626694,210.36528,-1.248535,3.311768,-0.3396,249.900803,-216.850266,-111.015312
0.564697,2.423828,-0.611328,201.66777,249.992355,205.932602,-1.37207,3.515625,-0.262695,249.992355,-201.278671,-75.927734
0.511475,2.608887,-0.690918,182.289108,249.992355,181.610092,-0.827148,3.299316,-0.181885,249.992355,-169.754013,-94.001762
0.263672,2.764648,-0.727051,160.331726,249.992355,142.410278,-0.10376,3.013428,-0.102051,245.986923,-97.56469,-106.895439
-0.071289,2.88916,-0.695313,142.860413,249.992355,97.541801,-0.039795,2.658691,-0.167236,249.992355,2.120972,-58.502193
-0.228516,2.930176,-0.633057,151.771545,249.992355,57.983395,-0.070801,6.721924,-1.895752,102.272026,235.794052,-1.220703
-0.310059,2.80542,-0.679932,208.496078,249.992355,43.876644,-0.850098,3.465088,1.077148,-249.992355,-61.653133,249.992355
0.371582,1.448242,0.016113,249.992355,152.22168,190.734848,-0.541016,1.046387,-0.740723,134.605408,173.454269,-111.80114
0.172119,1.263916,0.323242,146.591187,-51.017757,178.367599,-0.15918,1.951172,1.028076,-249.977097,-50.674435,249.984726
-0.330566,2.844482,-0.835693,248.702988,249.992355,60.729977,-0.834961,1.851807,0.030518,249.992355,131.858826,-167.762741
0.171387,1.365723,0.39502,154.602051,-6.278991,177.444443,-0.688477,1.607666,0.027344,249.992355,140.853882,-173.843369
-0.426025,2.110352,0.689697,-249.977097,-126.449577,-227.394089,-0.659424,1.372559,-0.001953,230.743393,149.475098,-175.926193
-0.91626,2.875977,0.894531,-249.992355,-162.414536,-201.522812,-0.615967,1.157959,-0.07666,213.058456,152.023315,-172.18779
-1.349121,2.578369,0.923584,-249.763474,-214.988693,-182.945236,-0.520264,0.980225,-0.164551,201.6754,150.611877,-160.484314
-1.28418,1.121826,1.228271,-248.451218,-248.222336,-175.674423,-0.448975,0.861084,-0.258057,191.84874,152.999878,-139.373779
-1.056885,0.06543,1.513916,-249.992355,-249.992355,-168.121323,-0.437012,0.812256,-0.323486,175.765976,161.239609,-118.782036
-0.93335,-0.770264,1.901367,-248.229965,-249.977097,-157.325745,-0.477783,0.833008,-0.447998,154.350281,169.830307,-108.360283
0.181885,1.326416,0.356689,144.454956,-28.182981,174.247726,-0.519043,0.907959,-0.610596,139.335632,174.209579,-108.27636
-1.759277,-0.980469,2.231934,-117.904655,-249.992355,-175.628647,-0.589844,1.247559,-0.783203,139.045715,158.340454,-114.44854
-2.371582,-0.567871,2.129639,-155.74646,-249.153122,-176.414474,-0.868164,1.985352,0.131836,249.664291,125.862114,-158.538818
-2.151611,-0.576904,1.927734,-140.258789,-249.992355,-126.655571,-0.690186,1.506592,-0.739502,151.481628,113.632195,-116.348259
