ax,ay,az,gx,gy,gz,ax,ay,az,gx,gy,gz
-0.763428,-1.303223,-0.091553,-113.243095,83.213799,100.791924,-0.137207,-0.161133,-0.893311,-12.4588,30.418394,16.456604
-0.048584,-0.743652,0.509521,14.244079,29.251097,-31.440733,0.023438,-0.143311,-0.982666,39.619446,8.735657,6.980896
0.006348,-0.703857,0.413086,15.624999,47.508236,-33.226013,-0.139893,0.02002,-0.932617,-18.486023,29.609678,6.233215
-0.02417,-0.670654,0.338867,16.700745,65.910339,-33.050537,0.014404,-0.080078,-0.975098,-69.259644,-11.436461,-9.69696
-0.410645,-1.529541,-0.059082,134.078979,-129.379272,-65.765381,0.104248,-0.285889,-1.204346,50.498959,46.340939,-19.325256
-0.497559,-1.68457,-0.134033,155.204773,-149.406433,-73.58551,0.034424,-0.307373,-1.072998,49.781796,34.164429,-16.609192
-0.671875,-1.641602,-0.351318,156.517029,-176.177963,-79.605103,0.000488,-0.30249,-0.991699,54.168697,22.560118,-10.56671
-0.832275,-1.408203,-0.548828,133.255005,-210.586533,-94.314568,0.005615,-0.274414,-1.037842,60.470577,13.252257,-2.960205
-0.890625,-1.257324,-0.450684,102.34832,-243.988022,-80.688469,0.021729,-0.247803,-1.060791,63.690182,7.034301,3.40271
-0.709717,-1.269531,0.040283,106.056206,-249.992355,-50.621029,0.046387,-0.239014,-1.070557,62.622066,2.799988,7.057189
-0.317627,-1.37915,0.389404,148.986816,-232.559189,-37.223816,0.063721,-0.229004,-1.095215,59.654232,0.488281,9.429932
0.050049,-1.499023,0.299072,199.15007,-178.047165,-27.420042,0.083008,-0.197021,-1.124512,55.412289,0.404358,11.337279
0.19873,-1.563721,-0.025635,235.939011,-116.882317,-25.772093,0.113037,-0.135742,-1.104492,48.294064,2.502441,10.734557
0.062988,-1.553223,-0.349609,242.691025,-66.215515,-48.110958,-0.164063,-0.058594,-0.919678,-20.187376,26.725767,12.245177
-0.446045,-1.294189,-0.054199,114.715569,-111.335747,-50.941463,0.113525,-0.078125,-1.105469,39.527893,5.424499,8.18634
-0.215332,-1.432129,-0.675537,221.549973,-41.442867,-63.560482,0.038574,-0.107666,-1.066895,35.072327,8.514404,6.309509
-0.388916,-1.177734,-1.010498,166.90062,-70.838928,-42.320248,0.000732,-0.117188,-0.963135,42.16766,9.971619,7.911682
-0.322266,-1.261719,-0.610596,183.807358,-80.833427,-38.078308,-0.022705,-0.0271,-1.024902,37.246704,13.572692,7.766723
-0.117432,-1.312012,-0.131592,220.19957,-77.415466,-34.370422,-0.057861,0.066406,-1.0979,26.924131,19.844055,7.293701
0.070068,-1.266357,-0.035156,243.392929,-64.01062,-26.679991,-0.077393,0.085938,-1.129883,18.424988,24.688719,8.674622
0.063965,-1.135498,-0.231201,242.546066,-44.776913,-19.53125,-0.064209,0.022949,-1.046387,15.083312,28.07617,10.025024
-0.034912,-0.914551,-0.427979,219.902023,-28.57971,-17.570496,-0.022461,-0.033447,-0.985352,13.923644,33.096313,9.735107
-0.104248,-0.680176,-0.602783,179.939255,-21.90399,-10.604857,0.017822,-0.025635,-0.993896,10.406493,38.482666,7.568359
-0.12915,-0.549316,-0.737793,136.787415,-20.858763,-0.946045,-0.006348,0.008545,-1.007568,3.044128,40.542599,4.722595
-0.107178,-0.594971,-0.676758,108.489983,-20.675657,3.051758,-0.075439,0.037354,-0.987549,-7.865905,36.354065,3.692627
-0.067871,-0.75293,-0.436768,107.620232,-13.954162,0.190735,0.079346,-0.068115,-1.117432,34.133911,7.415771,6.385803
-0.401611,-1.236328,-0.96167,189.32341,-48.034664,-53.268429,-0.026123,-0.140381,-0.942383,-76.477051,-4.631042,-13.885497
-0.566895,-1.066162,-0.121338,106.918327,-89.935295,-43.228146,-0.07373,-0.246826,-0.896484,-77.728271,-9.19342,-15.701293
-0.056641,-0.894287,-0.257324,127.395622,-0.114441,-11.45172,-0.083008,-0.305664,-0.838379,-80.169678,-21.789549,-14.846801
-0.604004,-0.848145,-0.44873,150.9552,-50.178524,-41.870113,0.110596,-0.541016,-0.50293,-176.177963,26.336668,-30.105589
-0.130615,-0.649658,0.251953,19.90509,78.163147,-29.693602,0.109375,-0.548584,-0.455078,-178.764328,31.677244,-26.756285
-0.213379,-0.613281,0.18042,30.3421,74.363708,-25.024412,0.104004,-0.614014,-0.385986,-173.377975,36.491394,-24.131773
-0.310791,-0.542236,0.153809,37.979126,58.532711,-21.575926,0.112793,-0.71167,-0.313477,-163.169846,39.131165,-22.3999
-0.472412,-0.468018,0.119873,37.521362,38.764954,-16.25824,0.109863,-0.794189,-0.256104,-156.295776,38.116455,-20.76721
-0.56665,-0.329834,0.000488,30.052183,21.110533,-15.3656,0.089844,-0.861816,-0.247803,-154.983521,32.066345,-19.210815
-0.474121,-0.180908,-0.213623,2.906799,21.369932,-16.174316,0.079346,-0.914795,-0.297363,-154.884338,22.468565,-17.333984
-0.626709,-0.904785,-0.277588,118.247978,-69.412231,-43.907162,0.065918,-0.927002,-0.398193,-154.907227,11.665343,-15.800475
-0.414307,-0.625732,-0.333984,-3.913879,-1.815796,26.367186,0.050781,-0.906006,-0.479492,-156.112671,2.319336,-13.97705
-1.304443,-1.09082,-0.894287,57.861324,-73.455811,67.047119,0.06958,-0.909424,-0.513672,-155.731201,-3.166198,-12.481688
-2.306152,-1.125488,-1.498779,93.963615,-172.714218,76.873779,0.110352,-0.601318,-0.499023,-164.855942,21.057127,-32.196045
-2.313965,-0.995117,-1.463379,58.364864,-192.260727,21.354673,0.083252,-0.957764,-0.508545,-149.742126,-1.571655,-13.168334
-0.2771,-0.256836,-0.30127,-22.15576,26.779173,-5.043029,0.114258,-1.053223,-0.467773,-135.185242,-0.411987,-13.137816
-0.377686,-0.664307,-1.14502,152.427673,-79.719543,-12.130736,0.099365,-1.080078,-0.501221,-130.363464,-3.280639,-11.95526
-0.369629,-0.638428,-0.385254,149.215698,-89.721672,-36.003113,0.081787,-1.090088,-0.556152,-126.678459,-6.66809,-11.726378
-0.51123,-0.720215,-0.221436,147.659302,-97.099297,-50.262447,0.080322,-1.104492,-0.617676,-122.375481,-9.529114,-11.848449
-0.558105,-0.736328,-0.075684,155.586243,-96.191399,-39.093018,0.100342,-1.099609,-0.63623,-117.294304,-12.21466,-11.184691
-0.453613,-0.793457,0.014404,162.292465,-93.048088,-2.89154,0.106201,-1.081787,-0.63916,-112.030022,-14.930724,-10.131835
-0.269287,-0.925293,0.070068,185.020432,-79.01001,13.85498,0.101563,-1.072998,-0.652832,-105.758659,-18.745422,-7.659912
-0.199219,-1.044189,-0.070313,217.720016,-58.555599,9.017944,0.077637,-1.080566,-0.658691,-97.259514,-26.56555,-2.250671
-0.231934,-1.074463,-0.275635,236.938461,-43.937679,-8.483887,0.05957,-1.089111,-0.65332,-87.135307,-39.588928,5.455017
-0.373779,-0.998779,-0.444092,229.949936,-34.698486,-27.870176,0.04541,-1.095459,-0.642822,-77.507019,-55.160519,13.71765
-0.52417,-0.891602,-0.52002,195.701584,-35.78949,-38.05542,0.103516,-1.008301,-0.480713,-142.051697,0.091553,-13.84735
-0.837402,-0.894531,-1.38501,121.24633,-147.30835,-52.947994,0.120361,-0.713623,-0.414795,-150.421143,18.127441,-33.325195
-0.301758,-0.134033,-0.932373,36.048889,-43.571468,-26.046751,0.060547,-0.888428,-0.510254,-157.180786,-2.929687,-12.626647
-0.32666,-0.102051,-0.9375,28.96118,-26.931761,-11.871337,0.171387,-0.783936,-0.305664,-142.730713,11.413573,-28.915403
-0.385742,-0.050049,-0.953125,17.547607,-7.453918,-3.486633,0.158447,-0.794434,-0.32959,-144.950867,16.25061,-32.447815
-0.449707,-0.017578,-0.950439,11.047362,5.020141,-10.246276,-0.071289,-0.269531,-0.782227,-92.109673,-56.419369,-10.292052
-0.510742,-0.138428,-0.96875,47.71423,24.322508,-45.021053,-0.033936,-0.268555,-0.744873,-96.42791,-71.166992,-7.759094
-0.454102,0.032227,-1.028809,24.116514,7.194519,-46.203609,0.010254,-0.320557,-0.75293,-101.028435,-79.025269,-8.262634
-0.479248,0.022461,-1.056641,39.421082,12.847899,-49.949642,0.077637,-0.415527,-0.73999,-108.13903,-81.901543,-12.733459
-0.509033,-0.062012,-1.0,49.163815,21.125792,-45.333858,0.142334,-0.537842,-0.667725,-109.382622,-83.290092,-19.294739
-0.460938,0.000977,-0.962891,13.206481,6.965637,-29.121397,0.143555,-0.616699,-0.601563,-104.591362,-82.649223,-23.216246
-0.294678,-0.11084,-0.972656,30.937193,-51.040646,-32.455444,0.108887,-0.556396,-0.641113,-109.626762,-78.987122,-22.178648
-0.328369,-0.083252,-1.003418,-6.088256,-7.499694,4.592896,0.102295,-0.415771,-0.767334,-127.525322,-69.084167,-17.967224
-0.305664,0.08374,-1.032227,-10.833739,-31.997679,-4.020691,0.122314,-0.341797,-0.80542,-141.189575,-54.359432,-19.371033
-0.272461,0.143311,-0.986328,-26.260374,-18.470764,14.244079,0.152588,-0.367188,-0.717773,-140.602112,-39.108276,-28.045652
-0.248535,0.115723,-0.916992,-27.030943,-13.565063,21.842955,-0.084473,-0.301025,-0.818115,-85.868828,-38.711548,-13.252257
-0.251953,0.026611,-0.894287,-17.349243,-19.210815,16.838074,0.240967,-0.667725,-0.384277,-129.104614,-21.820066,-33.279419
-0.27417,-0.080322,-0.946777,-7.575988,-29.922483,4.470825,0.213379,-0.480957,-0.563721,-135.742188,-28.694151,-34.324646
-0.303467,-0.1604,-0.999512,-6.202697,-35.247803,-4.920959,0.105957,-0.520996,-0.427734,-139.511108,-0.434875,-25.993345
-0.327393,-0.175781,-1.01416,-13.168334,-29.71649,-7.019042,0.13208,-0.432617,-0.488037,-140.457153,-8.422852,-25.779722
-0.311035,-0.135254,-0.984619,-20.690916,-19.203186,-6.019592,0.148193,-0.378418,-0.601074,-149.154663,-18.569946,-25.207518
-0.269531,-0.100098,-0.939941,-21.690367,-12.565612,-5.92041,0.141846,-0.401367,-0.676025,-147.377014,-28.07617,-26.481627
-0.275879,-0.085205,-0.952148,-15.830993,-10.879516,-3.875732,0.138428,-0.671875,-0.349121,-141.136169,5.386352,-27.473448
-0.468018,-0.163086,-0.995361,41.389462,17.288208,-49.438473,0.127441,-0.717041,-0.498047,-123.031609,-37.055969,-30.357359
-0.304199,-0.023682,-1.023438,12.481688,-46.348568,-23.765562,0.121582,-0.792969,-0.399902,-124.229424,-31.906126,-28.503416
-0.420898,-0.171387,-0.993896,39.031982,0.617981,-51.269527,0.179443,-0.791016,-0.335205,-123.947136,-22.521971,-29.808043
-0.608643,-0.478271,-1.063232,108.482353,27.565001,-39.69574,0.141113,-0.544189,-0.628174,-132.095337,-35.079956,-29.197691
-0.470703,-0.146729,-0.969238,50.239559,-40.512081,-42.831417,0.826172,-0.925537,-0.10498,-62.667843,75.126648,20.011902
-0.347412,-0.071777,-1.055908,2.548218,-3.913879,13.336181,0.303955,-0.906006,-0.115723,-45.089718,-227.310165,30.242918
-0.219238,-0.496094,-1.131104,22.453306,94.322197,-6.774902,0.360107,-0.863037,-0.153809,-40.214535,-225.006088,33.042908
-0.152588,-0.547607,-0.999268,20.942686,72.113037,-20.164488,0.427734,-0.835205,-0.174316,-36.964417,-209.182724,32.875061
-0.198975,-0.667969,-0.741943,25.985716,53.421017,-43.80035,0.520996,-0.821045,-0.170898,-31.86035,-182.38829,33.622742
-0.310791,-0.751221,-0.720215,31.867979,27.534483,-54.603573,0.594971,-0.789795,-0.123047,-30.914305,-147.064209,36.4151
-0.408691,-0.763672,-0.862549,43.327328,-6.484985,-44.265743,0.624512,-0.772705,-0.083008,-37.208557,-103.645317,37.376404
-0.43457,-0.711426,-1.053223,55.664059,-36.087036,-20.103453,0.25415,-0.950928,-0.080566,-53.344723,-216.384872,23.590086
-0.39917,-0.598877,-1.302246,61.775204,-47.698971,-0.091553,0.648926,-0.804688,-0.049072,-45.295712,-54.206844,33.988953
-0.307129,-0.505371,-1.358643,63.400265,-35.858154,-1.251221,0.716553,-0.862549,-0.063477,-54.00848,4.547119,27.275084
-0.20459,-0.521729,-1.07251,68.817139,-9.536743,-18.913269,0.957031,-1.032471,-0.162354,-66.368103,164.779648,10.627746
-0.418701,-0.174072,-0.955811,42.518612,-21.263121,-48.240658,0.500732,-1.62793,-0.345459,110.458366,249.992355,28.686522
-0.218262,-0.579102,-0.832764,81.344597,15.892028,-33.073425,1.21167,-1.36792,-0.219482,-33.004761,249.992355,-6.347656
-0.507813,-0.55542,-0.946533,107.185356,33.195496,-36.140442,1.23877,-1.563721,-0.247314,5.859375,249.992355,-13.298034
-0.623291,-0.389404,-1.14502,96.717827,14.366149,-49.354549,0.991455,-1.740234,-0.253174,67.298889,249.992355,2.746582
-0.587891,-0.354248,-1.104004,78.636169,1.091003,-59.150692,0.350098,-1.456787,-0.708008,89.309685,249.992355,44.486996
-0.573486,-0.375977,-0.926514,64.949036,-3.112793,-60.287472,0.455811,-1.425049,-0.476563,74.134827,249.847397,49.674984
-0.562988,-0.372803,-0.807373,59.997555,-1.808166,-55.053707,0.437256,-1.404785,-0.285156,83.183281,249.992355,52.139278
-0.542236,-0.331543,-0.80835,62.400814,-3.669739,-51.147457,0.395508,-1.386963,-0.239014,94.779961,249.992355,45.356747
-0.563477,-0.287598,-0.84082,68.252563,-11.444091,-47.813412,0.401855,-1.349121,-0.239014,105.934135,242.996201,33.119202
-0.60376,-0.228516,-0.892822,72.288513,-23.979185,-42.259212,0.341553,-1.27124,-0.281738,112.129204,226.226791,31.35681
-0.586914,-0.160645,-0.957764,69.709778,-39.0625,-37.597656,0.225342,-0.99292,-0.057617,-62.301632,-193.22966,15.068053
-0.531982,-0.126709,-0.996338,60.661312,-47.58453,-38.146973,1.085205,-1.189453,-0.19751,-57.044979,240.715012,2.738952
-0.3479,-0.595703,-0.832275,95.939629,29.777525,-36.392212,0.20752,-1.020996,-0.053955,-70.785522,-161.697372,4.684448
-0.331055,-0.025146,-1.126709,6.401062,-4.585266,15.670775,0.240967,-0.823486,-0.209229,-105.560295,-46.463009,-87.265007
-0.270752,-0.546387,-0.931396,41.007992,115.669243,-23.53668,0.15625,-1.073975,-0.084473,-82.878105,-92.155449,-14.091491
-0.219727,-0.002686,-1.063477,-0.320435,-11.878966,15.457152,0.208008,-1.242432,-0.314453,117.652885,199.005112,31.501768
-0.151611,-0.54126,-0.021484,-133.827209,96.183769,85.372917,0.247559,-0.834961,-0.174561,-101.097099,-48.072811,-90.209953
-0.107666,-0.580566,-0.018799,-110.313408,124.534599,85.136406,0.260498,-0.838135,-0.160889,-99.456779,-51.094051,-90.957634
-0.218994,-0.501953,-0.154297,-111.061089,144.332886,83.206169,0.263916,-0.848389,-0.175781,-100.944511,-54.954525,-91.51458
-0.367432,-0.391846,-0.309082,-138.656616,149.230957,84.037773,0.271973,-0.859131,-0.236328,-105.400078,-58.723446,-92.025749
-0.4104,-0.345947,-0.352295,-172.157272,138.290405,88.584892,0.293701,-0.87915,-0.265381,-108.665459,-63.446041,-91.445915
-0.383545,-0.384033,-0.261719,-186.920151,126.9226,93.261711,0.296387,-0.90332,-0.226318,-107.170097,-68.16864,-91.278069
-0.334229,-0.47876,-0.138672,-178.367599,124.061577,99.32708,0.294678,-0.933105,-0.206543,-102.09655,-73.852539,-92.353813
-0.268311,-0.58374,-0.033447,-156.158447,129.264832,102.287285,0.289063,-0.951904,-0.200195,-95.66497,-79.727173,-92.8955
-0.224365,-0.657471,0.005371,-135.871887,138.633728,99.334709,0.279053,-0.947754,-0.214844,-88.813774,-82.084648,-91.995232
-0.229004,-0.680176,0.008545,-126.762383,146.957397,96.778862,0.279297,-0.921143,-0.229492,-84.83886,-77.796936,-90.75164
-0.293213,-0.406494,-0.160156,-167.358383,67.459106,85.121147,0.313477,-0.919189,-0.248535,-83.786003,-68.458557,-88.142387
-0.267578,-0.672119,0.026123,-130.935669,152.290344,97.320549,0.35083,-0.949219,-0.247803,-82.145683,-55.702206,-85.029594
-0.377197,-0.650146,0.058594,-162.460312,146.446228,101.21154,0.397705,-0.97998,-0.232666,-81.17675,-40.977474,-81.695549
-0.401611,-0.686035,0.053711,-177.131638,133.415222,105.514519,0.451904,-0.999268,-0.228516,-82.038872,-26.588438,-76.965332
-0.383301,-0.768066,0.01709,-182.220444,118.377678,109.916679,0.453857,-1.009033,-0.219971,-84.213249,-13.191222,-70.4422
-0.353027,-0.852539,-0.037354,-175.849899,106.597893,113.159172,0.423096,-1.025879,-0.210205,-86.318962,-6.858825,-62.347408
-0.36499,-0.921875,-0.035645,-165.725693,102.943413,116.34063,0.39209,-1.053467,-0.190674,-87.188713,-7.720947,-54.809566
-0.389648,-0.972656,0.056396,-156.455994,104.927055,123.146049,0.389893,-1.070557,-0.163818,-88.676445,-9.971619,-48.507687
-0.383301,-0.982178,0.121338,-146.606445,111.190788,126.800529,0.37085,-1.0896,-0.146973,-91.163628,-13.618468,-42.312618
-0.376465,-0.965332,0.131836,-140.449524,121.276848,124.618523,0.309326,-1.121338,-0.113037,-89.99633,-22.460936,-35.667419
-0.408203,-0.938721,0.128418,-144.927979,129.386902,122.734062,0.255371,-1.130127,-0.073486,-86.456291,-38.917542,-28.152464
-0.48291,-0.933594,0.095215,-159.14917,127.914421,124.588005,0.201904,-1.106445,-0.06665,-84.144585,-62.942501,-20.492552
-0.320801,-0.654053,0.042969,-144.638062,152.709961,98.94561,0.171143,-1.045898,-0.085449,-78.712463,-126.052849,-5.943298
-0.401611,-0.251221,-0.331543,-185.729965,53.146358,80.169678,0.174561,-1.234619,-0.308105,127.685539,160.339355,34.858704
-0.288086,0.007813,-1.128174,4.051208,-8.232117,14.465331,0.171387,-1.210205,-0.315674,140.098572,128.959656,42.449947
-0.432129,-0.105225,-0.475586,-150.71106,70.549011,67.909241,0.101318,-1.101807,-0.317139,151.199341,104.026787,62.690731
-0.161865,-0.009277,-1.044678,-4.577637,-11.642455,17.211914,-0.128174,-1.003418,0.111572,134.819031,64.422607,15.99121
-0.14502,-0.011963,-1.037598,-8.880615,-5.332946,15.060424,-0.074219,-1.088867,0.029785,154.052734,29.190062,14.320373
-0.170166,-0.040527,-1.017578,-10.375976,8.06427,9.132385,0.012451,-1.01709,-0.190918,162.277206,14.328002,9.208679
-0.198975,-0.089111,-1.005859,-6.904602,23.269651,5.325317,0.040283,-0.818359,-0.458252,149.261475,23.010252,7.492065
-0.21167,-0.114502,-1.037842,-0.740051,34.225464,6.950378,-0.028564,-0.60498,-0.708496,119.392387,43.55621,7.858276
-0.216064,-0.108643,-1.094971,3.860473,39.421082,12.992858,-0.1521,-0.516846,-0.842285,93.467705,53.596493,7.713317
-0.466309,-0.126953,-0.467041,-175.781235,58.54034,71.82312,-0.243652,-0.562012,-0.742188,86.97509,37.857056,7.362365
-0.213379,-0.073486,-1.058594,3.189087,32.920837,31.654356,-0.272217,-0.636963,-0.509766,95.504753,6.92749,6.439209
-0.243408,-0.060547,-1.000244,3.311157,24.688719,33.39386,-0.223145,-0.676025,-0.446533,111.351006,-23.376463,6.019592
-0.280518,-0.081787,-0.893555,7.141113,20.469664,27.6947,-0.140625,-0.654785,-0.486816,122.474663,-41.351315,5.119323
-0.313721,-0.12915,-0.790283,13.259887,25.291441,25.009153,-0.116455,-0.84082,0.095459,116.378777,109.367363,9.986877
-0.215332,-0.09375,-1.102539,4.341125,39.207458,22.308348,-0.076904,-0.612793,-0.647217,121.849052,-42.823788,2.624511
-0.335449,-0.101563,-0.813232,6.362915,52.810665,44.395443,-0.077637,-0.508301,-1.108154,106.086723,-10.246276,-6.317138
-0.299316,-0.033691,-0.851807,-10.009766,55.801388,55.259701,-0.078369,-0.451416,-1.193115,95.626823,9.056091,-11.726378
-0.263916,-0.008545,-0.788574,-25.703428,56.938168,54.450985,-0.075439,-0.406982,-1.157227,84.648125,18.325806,-14.328002
-0.275391,-0.054932,-0.71167,-36.323547,60.958858,49.232479,-0.124268,-0.383789,-1.07251,77.316284,15.396117,-13.572692
-0.285156,-0.111328,-0.665039,-46.554562,64.994812,43.952938,-0.184082,-0.405273,-1.023926,76.774597,4.524231,-11.795043
-0.313477,-0.134766,-0.613525,-54.76379,69.068909,45.600887,-0.172852,-0.44165,-1.013672,80.024719,-7.881164,-9.07135
-0.338135,-0.12085,-0.574707,-70.426941,75.820923,51.422115,-0.0979,-0.453857,-1.039307,82.054131,-12.916564,-4.798889
-0.309326,-0.12793,-0.520752,-95.977776,81.336967,57.083126,0.016846,-0.424316,-1.115723,81.321709,-5.050659,-1.068115
-0.281006,-0.150879,-0.440186,-114.906303,84.693901,64.163208,0.137207,-0.372559,-1.18042,76.61438,14.373778,-2.700805
-0.31958,-0.150146,-0.410645,-129.753113,80.162048,67.726135,0.202881,-0.308594,-1.218994,67.840576,36.354065,-9.819031
-0.345703,-0.141602,-0.78125,14.503478,40.351864,31.448362,-0.05957,-0.567383,-0.899414,114.860527,-30.570982,-1.13678
-0.369873,-1.340576,0.139893,-63.163754,-51.696774,156.669617,-0.032227,-0.703125,0.020508,107.719414,147.544861,2.616882
-0.39917,-1.340576,0.193115,-84.732048,-51.040646,169.113144,0.182373,-0.271484,-1.245361,57.357784,48.957821,-16.983032
-0.437012,-1.287598,0.191406,-103.347771,-44.364925,175.392136,0.209717,-0.762451,-0.158691,121.032707,171.592697,2.922058
-0.449219,-1.230957,0.182129,-115.295403,-31.036375,177.85643,0.171387,-0.9646,-0.361084,150.878906,75.469971,79.849243
-0.420654,-1.287109,0.013184,-51.269527,20.027161,160.934433,0.262207,-1.016602,-0.344727,147.30072,45.547482,64.598083
-0.411377,-1.086914,0.074707,-107.093803,2.593994,171.340927,0.190918,-1.099854,-0.220215,171.325668,19.493103,51.185604
-0.397217,-1.088867,0.058838,-84.434502,12.794494,165.550217,0.166748,-1.140381,-0.157959,197.746262,1.319885,67.78717
-0.410645,-1.187012,0.017822,-62.385555,16.159058,161.987289,0.235107,-1.161621,-0.143066,216.659531,-9.94873,73.280334
-0.44043,-1.151367,0.135254,-117.858879,-13.275146,176.300034,0.259521,-1.142822,-0.199707,241.409286,-10.971068,53.75671
-0.333252,-1.291992,0.102051,-44.876095,-49.194332,147.773743,0.102295,-0.665771,-0.101807,107.574455,169.120773,-0.480652
-0.624268,-0.909668,-0.109131,-43.685909,36.277771,-27.496336,0.234375,-0.975098,-0.37793,249.916061,11.779784,41.206356
-0.350586,-1.093018,0.0979,-26.351927,-42.472836,132.080078,0.144287,-0.94458,-0.390869,249.992355,32.020569,50.674435
-0.407715,-0.997803,0.006836,-26.176451,-43.006893,117.858879,0.126953,-1.005127,-0.362061,249.969467,43.189999,55.290218
-0.439941,-0.88916,-0.116455,-32.043457,-48.057552,105.613701,0.162109,-1.087891,-0.262207,249.992355,48.622128,60.104366
-0.449951,-0.772217,-0.162354,-41.610714,-50.163265,94.848625,0.266846,-1.066406,-0.333984,249.923691,-3.845215,39.749146
-0.425049,-0.694824,-0.115479,-50.895687,-45.272823,81.550591,0.290527,-1.108887,-0.199707,247.581467,71.342468,52.284237
-0.396973,-0.685547,-0.097412,-56.137081,-35.324097,66.02478,0.314453,-0.984131,-0.22168,238.555893,90.599052,41.41235
-0.39917,-0.707031,-0.119873,-58.616634,-21.827696,49.262997,0.273193,-0.781738,-0.250977,213.874802,110.305779,34.744263
-0.424561,-0.740234,-0.127441,-60.539242,-6.462097,31.761168,0.187012,-0.619141,-0.242188,179.473862,125.15258,31.929014
-0.465576,-0.789063,-0.111084,-59.204098,8.117676,13.374328,0.086914,-0.601807,-0.163818,154.556274,131.660461,31.661985
-0.536621,-0.84668,-0.108398,-53.573605,22.590635,-7.415771,0.048828,-0.74707,-0.038818,146.903992,130.241394,32.531738
-0.416504,-1.300781,0.056641,-52.87933,27.046202,161.788925,0.071777,-0.955322,0.060303,149.726868,127.16674,31.272886
-0.311523,-1.192139,0.116943,-33.096313,-45.82214,142.623901,0.137207,-1.092529,0.045166,156.021118,129.882813,25.68054
-0.407715,-1.247803,0.062256,-59.783932,31.539915,165.245041,0.218506,-1.082764,-0.022461,158.01239,141.395569,17.677307
-0.410156,-0.934326,0.001709,-82.94677,93.78051,154.136658,0.253418,-0.945068,-0.112061,144.454956,158.798218,9.819031
-0.356201,-1.16333,0.116211,-56.747433,27.740477,169.280991,0.227539,-1.135498,-0.213379,249.977097,56.77795,60.401913
-0.650391,-0.954102,-0.068848,-32.829285,48.995968,-44.158932,0.033691,-0.190186,-0.866699,-30.487059,-8.178711,4.119873
-0.433105,-0.94873,-0.085449,-77.865601,101.860039,81.336967,0.073242,-0.182861,-0.901123,-32.600403,-3.974914,8.239746
-0.454102,-1.131104,-0.092529,-56.396481,104.888908,82.06176,0.127686,-0.18042,-0.977539,-35.209656,-6.790161,13.107299
-0.475098,-1.197754,-0.114746,-41.198727,105.712883,84.57946,0.144775,-0.199219,-1.025879,-33.294678,-16.052246,20.568846
-0.474121,-1.105713,-0.124268,-38.879395,104.87365,90.980522,0.026855,-0.093994,-0.958252,2.616882,24.29199,24.757383
-0.456299,-0.914063,-0.084961,-50.559994,106.201164,100.45623,0.02417,-0.184814,-0.991943,-24.429319,-29.823301,31.524656
-0.377686,-0.772461,0.013916,-68.023682,108.825676,109.03167,-0.02124,-0.13501,-1.024658,-21.072386,-20.51544,30.158995
-0.319092,-0.720947,0.079102,-78.193665,111.686699,112.510674,-0.021729,-0.103027,-1.029541,-11.634826,0.610352,27.145384
-0.317627,-0.737549,0.077881,-77.362061,113.098137,113.807671,0.099609,-0.211182,-1.010742,-28.060911,-26.359556,28.160093
-0.341797,-0.785889,0.080566,-72.036743,110.137932,117.431633,0.023926,-0.192139,-0.894775,-33.195496,-16.593933,0.862122
-0.381836,-1.187256,0.083984,-61.492916,30.990599,168.212875,0.179443,-0.111572,-0.854004,-74.371338,-42.495724,-28.144835
-0.367188,-0.842041,0.054932,-69.160461,103.248589,125.740044,0.046143,-0.1875,-0.957031,-42.572018,-36.773682,-0.610352
-0.408447,-0.922119,0.000488,-76.278687,93.749992,146.224976,0.027832,-0.17627,-0.959961,-44.746395,-46.791073,-1.571655
-0.416992,-0.958008,0.049072,-89.576714,95.695488,161.483749,0.022705,-0.138916,-0.963623,-47.698971,-59.257504,-2.601623
-0.4104,-1.004395,0.11792,-89.523308,95.825188,165.588364,0.039795,-0.100342,-0.938477,-54.534908,-74.066162,-3.173828
-0.400635,-1.059082,0.177734,-80.856316,92.788689,166.984543,0.066895,-0.113525,-0.869385,-60.340878,-86.715691,-3.15094
-0.393066,-1.124023,0.208496,-69.839478,82.603447,171.05101,0.11377,-0.185791,-0.79126,-57.205196,-91.392509,-5.325317
-0.445068,-1.172852,0.169434,-61.462399,67.54303,174.354538,0.178223,-0.250732,-0.769775,-47.317501,-86.72332,-11.337279
-0.488281,-1.182129,0.099609,-57.746883,51.078793,176.185593,0.232666,-0.245605,-0.814453,-46.005245,-75.59967,-17.555237
-0.46582,-1.174316,0.087646,-55.107113,37.193298,175.994858,0.24292,-0.176025,-0.879395,-57.258602,-61.56921,-20.820616
-0.419678,-1.168457,0.129883,-51.696774,28.480528,173.088058,0.217285,-0.10376,-0.885254,-69.618225,-49.591061,-23.735044
-0.374512,-1.163818,0.141357,-51.689144,25.634764,170.272812,0.111084,-0.092285,-0.92041,14.213561,37.841797,24.841307
-0.403809,-0.887939,0.016846,-71.327209,97.290031,136.535645,0.039795,-0.189453,-0.939453,-38.322449,-26.80969,0.068665
-0.652588,-0.984619,-0.02124,-24.147032,60.951229,-53.276058,0.199707,-0.107178,-0.989014,20.03479,34.309387,26.344297
-0.429932,-0.787842,-0.084473,-95.390312,95.619194,85.601799,0.08374,-0.391357,-1.035645,72.105408,-12.809752,2.670288
-0.757813,-1.127197,0.097168,3.311157,68.954468,-67.016602,0.194824,-0.212158,-1.164551,31.036375,-3.829956,23.803709
-0.143799,-1.181152,-0.17749,239.555344,-249.992355,-68.649292,0.166504,-0.168213,-0.845215,-73.577881,-41.038509,-31.166075
-0.09668,-1.205811,-0.064453,243.476852,-249.626144,-57.006832,-0.0354,-0.475342,-0.640625,69.18335,47.07336,3.570556
-0.101318,-1.27002,0.054443,249.481186,-249.992355,-46.340939,-0.061035,-0.539795,-0.465332,65.39917,28.366087,5.378723
-0.092529,-1.268066,0.181152,249.992355,-249.992355,-38.032532,-0.050049,-0.638916,-0.398438,73.905945,3.517151,3.639221
-0.028564,-1.195313,0.229004,249.740585,-229.927048,-32.783508,0.029541,-0.674316,-0.36792,81.832878,-16.571045,-0.022888
0.036865,-1.088379,0.218994,249.992355,-197.105392,-28.190611,0.108643,-0.630859,-0.458984,87.783806,-23.338316,0.297546
0.06958,-0.991455,0.161621,249.992355,-161.735519,-25.489805,0.116455,-0.523193,-0.61084,93.261711,-16.815186,6.225585
0.047607,-0.928711,0.019287,238.189682,-124.450676,-24.108885,0.07251,-0.401611,-0.697021,92.26989,-2.662658,12.168883
0.047363,-0.890381,-0.145264,214.675888,-88.432304,-20.538328,0.0271,-0.329346,-0.724121,84.762566,9.162903,13.748168
0.088623,-0.900879,-0.19043,193.031296,-54.13055,-17.089844,0.009766,-0.312744,-0.755859,76.080322,10.864257,12.245177
-0.223145,-1.168457,-0.218506,241.905197,-249.992355,-79.76532,0.232178,-0.156006,-1.091553,24.459837,17.494202,26.19171
0.078857,-0.985352,-0.067383,181.671127,-19.165039,-18.081665,0.005615,-0.316406,-0.838867,69.290161,3.242492,9.140015
0.052734,-1.259277,0.097168,196.739182,39.131165,-31.570433,0.037598,-0.385254,-1.016602,68.107605,-13.22174,4.371643
-0.029785,-0.960938,-0.087891,186.027512,56.991573,-14.35089,0.119873,-0.32666,-1.095947,70.114136,-6.034851,1.89209
-0.054688,-0.586182,-0.232422,127.021782,75.363159,-13.114928,0.120117,-0.225342,-1.162598,60.9436,3.990173,1.342773
0.059814,-1.067871,-0.109131,102.355949,99.105827,-29.602049,0.097656,-0.159912,-1.19873,54.252621,10.612487,1.304626
0.060059,-1.124268,0.004395,89.195244,118.896477,-32.073975,0.089111,-0.165527,-1.152344,54.946896,7.919311,2.784729
0.003906,-1.150391,0.093018,105.758659,136.184692,-27.862547,0.100098,-0.200195,-1.063721,54.229733,-2.738952,5.821228
-0.030273,-1.016602,-0.03418,149.650574,152.694702,-51.261898,0.113525,-0.20752,-1.05542,47.889706,-16.067505,10.147094
-0.06665,-0.883789,-0.242432,148.635864,157.844543,-70.762634,0.121338,-0.206055,-1.110107,41.137691,-26.756285,14.640807
-0.0896,-0.755859,-0.444824,116.638176,146.652222,-76.881409,0.126953,-0.225342,-1.154785,37.757874,-29.800413,17.913818
-0.19458,-0.64624,-0.660889,75.675964,131.401062,-57.327267,0.146729,-0.237549,-1.177734,35.850525,-21.621702,20.606993
0.075684,-1.115723,0.05957,183.067307,11.810302,-26.016233,0.01123,-0.343506,-0.949463,65.986633,-6.431579,6.42395
-0.274902,-1.167725,-0.198486,248.80217,-249.565109,-91.76635,0.147705,-0.239258,-0.840332,-70.678711,-44.273373,-29.83856
-0.699463,-1.051025,0.047363,-12.115478,68.04657,-59.188839,0.108398,-0.302246,-0.845947,-65.185547,-51.803585,-26.763914
-0.170166,-1.30957,-0.02832,249.93132,-232.254013,-114.791862,0.093994,-0.355469,-0.852539,-58.624264,-65.887451,-25.894163
-0.793701,-1.162354,0.080566,13.786315,60.867306,-76.36261,0.366211,-1.046387,-0.57251,-73.936462,-22.315977,-86.242668
-0.83252,-1.162598,0.032959,16.578674,42.861935,-86.395256,0.278076,-0.840576,-0.667236,-97.854607,-23.79608,-72.853088
-0.877686,-1.155518,0.043945,15.747069,16.014099,-94.779961,0.212891,-0.709717,-0.640869,-115.241997,-31.143187,-53.367611
-0.90625,-1.162109,0.083984,14.640807,-17.349243,-101.028435,0.225098,-0.722168,-0.523926,-115.310661,-40.206905,-43.251034
-0.885986,-1.218262,0.10498,14.846801,-52.734371,-103.530876,0.279541,-0.874512,-0.393555,-100.46386,-49.423214,-48.835751
-0.89917,-1.356934,0.120361,25.741575,-85.411064,-103.301994,0.271484,-1.084961,-0.303711,-87.379448,-52.101131,-56.854244
-0.25,-1.220703,-0.133545,249.992355,-240.150436,-105.735771,0.3125,-1.19751,-0.271484,-80.039978,-50.567623,-60.722347
-0.982422,-1.575439,0.119141,85.815422,-156.448364,-109.947197,0.392578,-1.071533,-0.324951,-81.954948,-44.769283,-62.660213
-0.876953,-1.555664,0.074951,109.664909,-187.133774,-115.57769,0.379395,-0.818848,-0.428223,-96.504204,-38.703918,-64.460754
-0.825684,-1.486816,-0.005127,118.659966,-204.658493,-119.461052,0.314697,-0.666504,-0.477783,-105.567924,-36.766052,-66.612244
-0.786621,-1.384033,-0.016357,121.177666,-219.43663,-131.43158,0.441162,-1.169678,-0.410645,-58.937069,-29.151915,-86.21978
-0.984375,-1.503418,0.131104,52.383419,-118.72863,-104.431145,0.276123,-0.657471,-0.4104,-102.622978,-38.017273,-67.993164
-0.586182,-1.191162,0.077881,112.220757,-246.116623,-147.140503,0.270996,-0.91626,-0.249268,-97.579948,-35.568237,-71.624756
-0.55957,-1.180908,0.143311,108.070366,-249.847397,-144.615173,0.269531,-1.055908,-0.275879,-93.986504,-33.180237,-78.971863
-0.583984,-1.246826,0.187256,116.767876,-249.992355,-141.181946,0.284912,-1.0354,-0.321533,-92.224113,-34.637451,-86.769096
-0.556396,-1.266846,0.218018,132.347107,-249.992355,-135.658264,0.252197,-0.866699,-0.348145,-92.864983,-39.825439,-88.775627
-0.479492,-1.29126,0.256592,153.869629,-249.992355,-128.234863,0.202393,-0.693604,-0.307129,-95.329277,-46.173092,-84.609978
-0.386963,-1.348633,0.267578,187.538132,-249.992355,-125.366203,0.185547,-0.608643,-0.237793,-97.099297,-50.47607,-80.307007
-0.295898,-1.430908,0.291504,230.056747,-249.816879,-126.9226,0.197266,-0.614014,-0.262695,-98.831169,-51.689144,-77.682495
-0.205811,-1.495117,0.266357,249.67955,-249.992355,-125.885002,0.218506,-0.666504,-0.317627,-101.661674,-49.530025,-77.24762
-0.137207,-1.486816,0.198486,249.992355,-249.992355,-123.313896,0.229736,-0.738037,-0.342529,-104.148857,-46.836849,-79.124451
-0.114746,-1.417236,0.096191,249.954208,-239.585861,-121.299736,0.229248,-0.779541,-0.310547,-107.879631,-45.166012,-81.535332
-0.683594,-1.269531,0.026611,118.637077,-235.473618,-143.760681,0.265137,-0.740723,-0.30127,-100.5783,-37.811279,-68.405151
-0.412109,-0.204102,-0.803467,12.435912,-142.860413,42.213436,0.445068,-1.114746,-0.321777,-62.408443,-41.740414,-74.371338
-0.486084,-0.213623,-0.821777,20.545958,-172.080978,39.550781,0.231689,-0.803711,-0.261719,-109.443657,-45.372005,-83.786003
-0.578857,-0.271729,-0.753906,29.037474,-178.451523,31.22711,0.299072,-0.790283,-0.499512,-91.232292,-59.417721,-63.995358
-0.687256,-0.33252,-0.659668,24.757383,-158.981323,30.319212,0.10791,-0.381836,-0.8396,-57.754513,-86.181633,-26.657103
-0.57373,-0.309082,-0.755127,63.957211,90.057365,-24.955748,0.152344,-0.398682,-0.833984,-63.095089,-106.063835,-26.786802
-0.868896,-0.330322,-0.767822,32.554626,-62.812801,-7.896423,0.221191,-0.441162,-0.857422,-64.491272,-114.57061,-27.175901
-0.900879,-0.299805,-0.827148,47.622677,-0.587463,-25.42877,0.326172,-0.507324,-0.862061,-58.837887,-104.843132,-31.204222
-0.763184,-0.291504,-0.805908,52.131649,50.140377,-35.774231,0.408447,-0.534912,-0.848145,-53.63464,-81.18438,-37.590027
-0.795654,-0.351318,-0.689453,21.125792,-119.979851,17.593384,0.395752,-0.500977,-0.843262,-53.787228,-54.939266,-43.899532
-0.396973,-0.220459,-0.743896,10.31494,-102.684013,38.482666,0.391846,-0.943848,-0.368164,-77.804565,-54.870602,-64.888
-0.400879,-0.060791,-0.93042,-40.161129,-18.486023,-10.971068,0.270996,-0.451416,-0.819336,-61.035152,-40.885921,-52.330013
-0.533447,-0.226074,-0.806885,16.929626,-36.468506,10.269164,0.225342,-0.505371,-0.795166,-62.355038,-54.801937,-53.398129
-0.617432,-0.227783,-0.886719,16.304016,-17.181396,-4.325867,0.211182,-0.56958,-0.804688,-60.508724,-72.685242,-50.125118
-0.677002,-0.226807,-0.953613,11.32965,-7.80487,-9.109497,0.23877,-0.590332,-0.853271,-60.066219,-83.251945,-44.639584
-0.665283,-0.239502,-0.947998,7.530212,-9.628296,-9.056091,0.342773,-0.463135,-0.839111,-57.304379,-39.779663,-48.820492
-0.598877,-0.265625,-0.87915,9.941101,-22.979734,-12.626647,0.371582,-0.613037,-0.867188,-64.750671,-66.184998,-40.924068
-0.563232,-0.26709,-0.860352,15.045165,-39.047241,-19.981384,0.396484,-0.629639,-0.794434,-62.080379,-52.543636,-43.205257
-0.561768,-0.225342,-0.9104,13.137816,-46.936031,-26.290892,0.367676,-0.655029,-0.702637,-57.968136,-44.342037,-49.942013
-0.501953,-0.166504,-0.915527,0.724792,-46.417233,-28.175352,0.343506,-0.709717,-0.647461,-54.527279,-43.083187,-59.547421
-0.447998,-0.111084,-0.891357,-16.784668,-41.755672,-22.789,0.343506,-0.790283,-0.617676,-51.040646,-43.022152,-67.146301
-0.421387,-0.071533,-0.900391,-31.60095,-32.241821,-14.793395,0.372314,-0.862793,-0.628174,-44.860836,-38.871765,-70.877075
-0.389648,-0.298584,-0.730957,77.865601,107.284538,-13.641356,0.407959,-0.845215,-0.698242,-44.044491,-31.517027,-76.004028
-0.448242,-0.226318,-0.747314,13.710021,-65.39917,27.420042,0.36084,-0.74585,-0.79541,-59.837337,-31.85272,-82.969658
-0.281982,-0.25293,-0.835449,88.653557,103.996269,-9.231567,0.20752,-0.692871,-0.807129,-82.077019,-42.533871,-80.833427
-0.078369,-0.828857,0.050049,186.752304,-72.944641,-60.379025,0.185791,-0.709473,-0.678467,-94.245903,-53.588863,-71.19751
-0.342773,-0.290527,-0.931152,108.535759,73.043823,-18.257141,0.29541,-0.596436,-0.880371,-63.392635,-79.13208,-41.801449
-0.428223,-0.081543,-0.927734,-41.542049,-6.118774,-8.094788,0.618896,-0.729492,0.106445,-23.986814,-133.19397,-71.220398
-0.564941,-1.600098,-0.390381,200.370773,-99.525444,-140.907288,0.658691,-0.754883,0.088623,-8.659363,-124.740593,-99.723808
-0.266602,-1.365967,-0.224365,209.617599,-110.41259,-116.806023,0.75293,-0.824951,0.113037,7.141113,-120.155327,-127.532951
0.182861,-1.332275,0.144043,239.944443,-76.820374,-100.555412,0.846436,-0.952637,0.187256,25.924681,-117.362968,-153.045654
0.448486,-1.321777,0.192383,249.992355,-23.452757,-99.624626,0.875244,-1.255859,0.509521,97.43499,-113.838188,-228.454575
0.272461,-1.231934,-0.003906,249.992355,30.532835,-105.461113,0.874023,-1.158691,0.275391,60.897823,-114.265434,-185.096725
-0.064453,-1.121826,-0.152588,215.713486,52.215572,-112.876884,0.868408,-1.159424,0.3396,75.592041,-118.10302,-199.142441
-0.264648,-1.05542,-0.353271,159.011841,28.57971,-119.018547,0.822266,-1.19458,0.422607,87.7304,-118.400566,-214.01976
-0.297852,-1.049072,-0.669922,127.128593,-19.294739,-108.802788,0.881104,-1.086182,0.23999,43.457027,-114.830009,-172.378525
-0.246094,-1.069092,-0.790283,132.781982,-63.278194,-86.296074,0.681885,-0.708496,0.147705,-43.746944,-143.623352,-46.188351
-0.302979,-0.242432,-0.952881,98.899834,90.660088,-7.80487,0.931396,-0.798828,0.114746,-69.229126,120.903008,-7.04956
-0.110352,-1.027588,-0.459961,166.801437,-94.139091,-66.757202,0.851318,-0.768066,0.194824,-77.583313,-153.121948,2.89917
-0.003418,-0.861572,0.141113,209.022507,-96.031181,-56.129452,0.902588,-0.83667,0.213867,-92.170708,-146.705627,26.573179
-0.09668,-0.812744,-0.152832,167.007431,-58.212276,-63.102718,0.964111,-0.935059,0.249268,-105.422966,-133.079529,46.897884
-0.108887,-0.754883,-0.387939,167.098984,-47.531124,-51.650997,0.994141,-1.062012,0.311768,-113.731377,-113.212578,61.920162
-0.114502,-0.65918,-0.501709,173.995956,-35.469055,-33.988953,1.009521,-1.182861,0.352539,-116.34063,-88.882439,68.595886
-0.076172,-0.574463,-0.417236,166.870102,-20.187376,-32.76062,1.056396,-1.266846,0.370361,-110.328667,-61.614986,63.400265
-0.083496,-0.541016,-0.288818,146.697998,-3.288269,-45.783993,1.085693,-1.262939,0.342041,-98.518364,-30.448912,52.673336
-0.181152,-0.548096,-0.319336,129.554749,11.123656,-55.511471,1.085449,-1.1875,0.28418,-86.936943,7.125854,39.360046
-0.274658,-0.512695,-0.494385,121.009819,21.873472,-55.168148,1.091553,-1.081787,0.226074,-76.774597,48.423763,19.973755
-0.320313,-0.453369,-0.654297,117.85125,34.347534,-48.72131,1.016602,-0.931396,0.162598,-70.594788,87.867729,2.876281
-0.33667,-0.368896,-0.800293,115.310661,52.024837,-35.820007,0.948242,-1.289063,0.584473,100.868217,-113.067619,-238.708481
0.031738,-0.937744,-0.030273,202.751144,-109.664909,-58.937069,0.784668,-0.718506,0.179199,-62.042233,-151.618958,-22.041319
-0.83252,-1.87085,-0.288574,212.951645,-42.892452,-153.579712,0.924316,-1.313721,0.654785,101.34124,-116.180412,-244.674667
-0.440918,-0.113525,-0.922852,-37.902832,-1.800537,-5.638122,0.949951,-0.951416,0.802734,140.663147,-162.788376,-249.992355
-0.474365,-0.102783,-0.974609,-39.146423,-21.01898,-6.935119,0.918701,-1.35376,0.69873,96.786491,-122.184746,-249.992355
-0.520508,-0.529297,-0.650391,-65.200806,93.948357,31.013487,0.894531,-0.724854,0.090576,-65.414429,151.313782,-17.89856
-0.495361,-0.590332,-0.624512,-56.426998,93.948357,39.283752,0.65918,-0.624023,0.514893,199.821457,-179.36705,-146.247864
-0.437012,-0.649658,-0.654541,-53.070065,96.900932,47.180172,0.53833,-0.648438,0.56665,198.860153,-179.092392,-163.169846
-0.393066,-0.686279,-0.69751,-55.915829,100.784294,53.169247,0.533203,-0.63916,0.647461,201.576218,-175.659164,-180.488571
-0.366211,-0.692139,-0.701172,-64.743042,104.812614,55.458065,0.606445,-0.63501,0.713379,203.758224,-166.297897,-194.648727
-0.361816,-0.666992,-0.687988,-77.590942,108.345024,56.365963,0.69458,-0.656006,0.773438,204.57457,-152.22168,-207.267746
-0.391113,-0.635254,-0.618164,-88.676445,111.015312,59.43298,0.791504,-0.682861,0.807373,201.087936,-134.895325,-221.008286
-0.455322,-0.635498,-0.497803,-91.323845,111.846916,62.820431,0.903076,-0.700439,0.808105,190.658554,-115.554802,-232.315048
-0.51001,-0.717529,-0.411133,-85.983269,107.872002,64.483643,0.918457,-0.722656,0.790527,172.248825,-102.775566,-234.329208
-0.462158,-1.019775,-0.278564,-47.256466,99.655144,73.0896,0.824463,-0.797119,0.80127,156.028748,-108.894341,-232.398972
-0.516113,-0.478027,-0.739258,-74.951172,101.081841,25.169371,0.905273,-1.338867,0.697754,100.013725,-119.255058,-248.435959
-0.485596,-0.980713,-0.361572,-47.996517,104.454033,85.685722,0.74707,-0.898926,0.809082,152.633667,-128.089905,-240.043625
-0.433105,-0.718262,-0.473389,-112.892143,114.799492,88.172905,0.912109,-0.955811,0.89502,148.399353,-164.833054,-249.885544
-0.461182,-0.676514,-0.340576,-121.177666,125.770561,77.903748,0.995117,-1.014893,0.686768,130.332947,-151.550293,-249.992355
-0.487793,-0.727295,-0.266602,-108.512871,125.312798,66.78772,0.970215,-1.095459,0.594727,113.327019,-139.328003,-243.911728
-0.508789,-0.918213,-0.228027,-82.534782,111.473076,58.525082,0.924316,-1.150879,0.560547,99.082939,-126.945488,-241.783127
-0.558838,-1.120361,-0.194824,-50.811764,92.124931,55.740353,0.943604,-1.171875,0.5625,92.384331,-117.988579,-245.422348
-0.595215,-1.109863,-0.175781,-34.744263,76.156616,62.644955,0.938721,-1.179932,0.604004,89.813225,-117.820732,-245.002731
-0.60498,-0.912109,-0.188965,-52.474972,68.580627,77.095032,0.843262,-1.20752,0.656494,85.708611,-123.062126,-246.444687
-0.540527,-0.756836,-0.164063,-85.449211,70.335388,89.080803,0.829834,-1.273438,0.659424,85.960381,-128.585815,-248.649582
-0.467041,-0.732178,-0.103516,-100.769035,83.038322,90.919487,0.876953,-1.321533,0.659912,88.973991,-129.310608,-249.771103
-0.450928,-0.12793,-0.949707,-35.301208,-8.644104,-5.714416,0.907959,-1.347168,0.682861,92.8955,-125.968925,-249.992355
-0.474609,-0.826416,-0.505615,-80.230713,107.963554,92.666618,0.831543,-0.967285,0.85498,155.36499,-150.291443,-248.817429
-0.487793,-0.449951,-0.854492,-79.307556,112.915031,22.804258,0.811768,-0.665283,0.050781,-59.120174,190.223679,-28.549192
-0.501709,-0.876953,-0.348633,-69.770813,101.058952,66.90979,0.687744,-0.571289,0.491943,209.045395,-182.464584,-133.125305
-0.349365,-0.483887,-0.912109,-60.699459,121.917717,25.421141,0.823242,-0.64624,0.020264,-32.432556,249.732956,-58.601376
-0.435303,-0.458008,-0.913574,-73.234558,122.146599,23.025511,0.170654,-1.435791,-0.671387,199.66124,141.197205,25.199888
-0.435059,-0.068115,-0.864502,-57.426449,-30.769346,-2.426147,-0.068848,-1.43042,-0.675049,177.215561,110.900871,38.17749
-0.393311,-0.067871,-0.825684,-58.616634,-22.232054,-1.289368,-0.101074,-1.537109,-0.371338,180.236801,63.514706,47.5769
-0.353027,-0.074707,-0.796875,-51.818844,-12.550353,-0.236511,0.082031,-1.616211,-0.133545,191.101059,22.140501,53.016659
-0.338867,-0.098389,-0.769287,-39.886475,-8.453369,6.080627,0.265625,-1.584473,-0.151611,206.809982,4.898071,45.249935
-0.359863,-0.096924,-0.797852,-29.098509,-9.910583,20.874022,0.361572,-1.415283,-0.299316,218.43718,14.686584,28.015135
-0.393066,-0.057129,-0.880859,-25.917051,-10.925292,37.086487,0.282715,-1.146484,-0.555176,204.200729,40.832516,17.601013
-0.395264,-0.030029,-0.931152,-33.721924,-7.881164,43.067928,0.081787,-0.954346,-0.720703,169.586166,59.494015,21.179197
-0.350586,-0.056641,-0.864014,-46.920773,-1.76239,32.432556,-0.158936,-1.020752,-0.635498,150.749207,52.963253,32.569885
-0.310303,-0.119141,-0.837646,-59.30328,12.351989,20.03479,-0.300781,-1.258301,-0.378662,171.661362,26.733397,44.692989
-0.324951,-0.172119,-0.837402,-63.926693,35.232544,13.21411,0.36792,-1.576172,-0.495361,221.031174,141.830444,1.945495
-0.467041,-0.073975,-0.936035,-48.805233,-30.700682,-5.615234,-0.143555,-1.371338,-0.166504,207.313522,-0.816345,53.604122
-0.363281,-0.290039,-0.81958,-58.219906,67.359924,2.6474,0.26709,-1.125,-0.522217,210.639938,22.216795,34.851074
-0.353516,-0.23999,-0.82959,-61.508175,56.205746,7.209777,0.350098,-0.939453,-0.716309,178.680405,60.928341,16.685486
-0.322754,-0.452148,-0.918701,-53.840633,92.64373,30.746458,0.258301,-0.802246,-0.657959,144.607544,85.395805,2.296448
-0.365234,-0.412842,-0.88208,-55.152889,73.013306,30.517576,-0.005371,-0.800781,-0.422119,135.765076,81.527702,-4.760742
-0.368408,-0.375977,-0.831787,-57.418819,59.04388,26.832579,-0.235352,-0.852783,-0.159912,150.749207,52.848812,-1.930237
-0.383057,-0.315674,-0.840576,-62.934872,52.253719,24.139402,-0.313721,-0.839111,-0.077637,151.786804,28.343199,-1.403808
-0.296875,-0.483643,-0.910889,-52.925106,110.992424,28.602598,-0.20459,-0.781006,-0.319092,144.973755,17.463684,-2.815246
-0.440186,-0.240479,-0.893799,-65.879822,52.406307,21.354673,-0.088135,-0.676025,-0.508057,137.59613,21.980284,-1.121521
-0.422852,-0.272461,-0.837402,-62.69836,59.692379,12.992858,-0.068848,-0.570068,-0.646729,115.379326,39.848328,-0.022888
-0.385254,-0.302246,-0.810303,-59.333797,67.108154,4.455566,-0.059814,-0.495117,-0.75415,87.669365,52.696224,0.831604
-0.422363,-0.257568,-0.896973,-67.138672,50.384518,24.009703,0.100342,-1.282715,-0.230469,222.511276,-4.898071,50.765987
-0.71167,-1.650391,0.929199,180.679306,121.025078,240.829453,0.44458,-1.659668,-0.2854,224.494919,125.564568,5.645751
-0.54248,-1.303711,1.164307,210.945114,125.961296,228.492722,0.808594,-0.653076,0.009277,-50.209042,231.307968,-42.92297
-0.529297,-1.367676,1.108643,214.225754,126.731865,227.218613,0.260498,-1.416992,-0.05249,206.390366,115.58532,66.963196
-0.504395,-1.440918,1.039307,210.433945,125.083916,224.235519,0.766602,-0.599365,0.048828,-9.162903,249.992355,-61.859127
-0.52417,-1.526855,1.040771,197.875961,119.346611,232.009872,0.674561,-0.535156,0.031006,8.682251,249.992355,-45.028683
-0.585449,-1.594482,1.096436,191.032394,113.075249,240.386948,0.533936,-0.515625,-0.009766,20.019531,249.992355,-20.187376
-0.636963,-1.645752,1.104004,192.909225,109.466545,244.224533,0.381104,-0.526855,-0.057373,34.317017,249.992355,-3.501892
-0.542725,-1.248535,1.152344,210.044846,127.365105,220.664963,0.402344,-0.534424,-0.118652,51.74255,249.992355,4.196167
-0.63623,-1.65918,1.04248,194.526657,110.099785,239.700302,0.50293,-0.537842,-0.171875,64.949036,249.992355,7.736206
-0.641113,-1.662842,0.97876,188.644394,114.288322,237.922653,0.354736,-1.565918,-0.135986,218.147263,114.128105,39.543152
-0.707764,-1.649658,0.846436,175.7202,123.77166,241.813644,0.458252,-0.5271,-0.194092,89.469902,249.992355,0.175476
-0.789063,-1.394531,0.504639,119.430534,46.69952,249.969467,0.362305,-0.52124,-0.186279,103.431694,249.641403,3.181457
-0.662842,-1.628174,0.616211,162.559494,97.572319,235.794052,0.270752,-0.522217,-0.230469,110.481255,249.992355,10.437011
-0.754639,-1.601563,0.540527,151.832581,77.819824,236.373886,0.179932,-0.533447,-0.295898,108.924858,249.992355,13.008117
-0.837646,-1.515869,0.538086,132.774353,62.118526,248.435959,0.512451,-0.539551,-0.193115,77.24762,249.992355,4.798889
-0.748047,-1.309326,0.417236,108.703606,31.059263,249.832138,0.216553,-0.759277,-0.344238,116.676323,198.677048,6.080627
-0.739746,-1.241211,0.344238,101.394646,18.058777,249.992355,0.171631,-0.617676,-0.339355,109.848015,236.358627,11.238097
-0.666992,-1.171875,0.246582,94.703667,1.197815,249.717697,0.243652,-1.255371,-0.244873,170.822128,150.024414,44.410702
-0.640381,-1.059814,0.145508,80.245972,-19.454956,238.113388,0.330811,-1.140625,-0.388428,155.754089,159.080505,34.088135
-0.682861,-0.918457,0.059326,56.694027,-41.259762,225.1129,0.415771,-1.134033,-0.4375,158.493042,158.416748,24.55139
-0.703857,-0.773926,0.025879,27.130125,-64.38446,210.670456,0.443115,-1.192383,-0.430908,163.444504,147.460938,18.302917
-0.465576,-1.213623,1.128662,217.628464,127.838127,202.68248,0.206543,-1.354004,-0.07959,192.321762,132.568359,64.399719
-0.670898,-1.649902,0.744385,170.051559,116.485588,243.347153,0.337646,-1.195068,-0.358887,159.660339,131.286621,20.828245
-0.399902,-1.169434,1.112549,225.082382,127.395622,187.850937,0.270752,-1.121338,-0.38208,149.734497,138.61084,16.731262
-0.693115,-0.657471,0.032471,-7.93457,-83.229057,191.917404,0.235107,-1.016846,-0.381592,138.237,153.72467,10.437011
-0.444824,-1.054932,1.164307,219.299301,132.324219,176.269516,0.230957,-0.901855,-0.349609,127.464287,173.545822,6.111145
-0.227051,-0.365723,0.18457,169.563278,188.407883,-8.010864,0.407471,-1.228027,-0.391113,164.161667,134.841919,19.538879
-0.241943,-0.378906,0.261963,173.286423,194.435104,-7.095336,0.891602,-0.056396,-0.587891,24.253843,1.579285,30.937193
-0.181152,-0.389404,0.330078,181.274399,195.732101,-2.02179,0.941162,-0.059814,-0.573486,23.353575,8.934021,27.961729
-0.114258,-0.420166,0.38501,191.017136,194.663986,1.373291,1.018555,-0.066895,-0.590576,22.377012,10.719298,29.106138
-0.087402,-0.455322,0.416504,199.172958,192.741379,2.159119,1.079102,-0.093994,-0.58667,23.468016,9.544373,28.976439
-0.097412,-0.490967,0.45752,205.20018,192.657455,3.486633,1.13916,-0.091309,-0.592773,24.29962,6.080627,26.069639
-0.140625,-0.52124,0.507813,210.525497,193.519577,6.79779,1.183838,-0.069092,-0.599854,23.757933,1.693725,23.612974
-0.196045,-0.5354,0.564209,216.438278,189.727768,11.756896,1.205811,-0.039551,-0.599121,22.735594,-4.753113,22.926329
-0.219238,-0.537842,0.629639,221.214279,179.542526,20.164488,1.225342,-0.013916,-0.588623,20.530699,-12.825011,20.683287
-0.242432,-0.529785,0.675293,220.489487,167.938217,29.342649,1.253906,-0.000244,-0.570801,16.311646,-20.416258,16.677856
-0.406494,-1.122314,1.142822,223.625168,128.570557,183.067307,1.277344,0.018799,-0.560547,10.047912,-20.03479,10.307311
-0.272705,-0.508301,0.699951,209.213242,159.339905,40.367123,1.259277,-0.052979,-0.73877,16.456604,62.545773,-21.369932
-0.121582,-0.574707,0.892334,187.454208,160.27832,69.30542,1.256836,0.013916,-0.554688,-3.341675,4.989624,-6.752014
-0.082031,-0.651123,1.01709,189.277634,169.197067,77.552795,1.217773,0.019531,-0.569824,-8.758545,17.539978,-13.809203
-0.105225,-0.728027,1.095947,193.405136,179.573044,83.259575,1.156006,0.016602,-0.604492,-12.855529,25.596617,-19.760132
-0.182861,-0.800781,1.12793,197.563156,189.628586,91.911308,1.080078,-0.010742,-0.618652,-14.671325,29.518126,-23.910521
-0.270264,-0.858398,1.148193,204.368576,195.793137,98.663322,1.026611,-0.064209,-0.644043,-12.748717,31.318663,-25.817869
-0.397461,-0.901123,1.158691,212.989792,195.693954,102.684013,1.005127,-0.123047,-0.677734,-7.469177,30.029295,-24.681089
-0.48584,-0.934082,1.120361,221.763596,187.347397,108.551018,1.014404,-0.165771,-0.699707,-0.053406,27.44293,-21.987913
-0.506348,-0.948242,1.102295,225.654587,171.462997,123.542778,1.069092,-0.163086,-0.723877,7.156372,27.748106,-19.340515
-0.517334,-0.954102,1.135498,224.517807,154.99115,143.180847,1.161621,-0.137207,-0.746826,13.229369,32.814026,-17.807007
-0.499023,-0.983398,1.1604,221.321091,141.624451,161.460861,1.236572,-0.09375,-0.749512,16.609192,44.670101,-19.676208
-0.218018,-0.520264,0.77124,194.129929,156.433105,55.679317,0.780029,-0.106689,-0.529541,26.496885,-5.935668,42.175289
-0.679688,-0.588867,0.051025,-43.518063,-94.245903,168.937668,1.271484,0.018555,-0.553955,3.40271,-9.407043,1.533508
-0.645264,-0.591797,0.089355,-73.524475,-96.755974,143.867493,0.66626,-0.108887,-0.524414,27.481077,-10.482787,62.644955
-0.615967,-0.627197,0.115723,-99.777214,-90.25573,116.996758,0.743652,-0.571533,0.2854,91.590874,91.911308,133.995056
-0.503418,-0.672607,-0.001709,-29.312132,-228.736862,-69.259644,0.672607,-0.124023,-0.451904,31.867979,-27.809141,89.820854
-0.469482,-0.804932,0.060059,-25.138853,-247.238144,-62.026974,1.265625,-0.072998,-0.742432,17.807007,80.909721,-22.918699
-0.426758,-0.966553,0.112061,-13.153075,-249.992355,-60.714718,1.101074,-1.052246,0.235596,-227.333054,249.984726,110.855095
-0.385742,-1.127197,0.150146,6.790161,-249.992355,-62.69836,1.355469,-1.128174,0.242432,-202.81218,249.992355,66.215515
-0.359131,-1.228027,0.201904,30.410765,-249.992355,-65.635681,1.620361,-1.119141,0.287842,-184.333786,249.93132,10.101317
-0.35791,-1.268555,0.269775,54.687496,-249.992355,-67.955017,1.563965,-1.238281,0.332031,-174.430832,249.252304,-33.607483
-0.346924,-1.269287,0.277344,71.617126,-249.984726,-69.252014,1.187988,-1.426514,0.280273,-147.117615,249.992355,-35.125732
-0.28833,-1.265381,0.295166,82.588188,-249.595627,-72.105408,0.85376,-1.403564,0.158936,-107.795708,249.992355,30.799864
-0.201172,-1.285889,0.283447,90.652458,-249.992355,-75.027466,0.57373,-1.266357,0.156982,-59.837337,205.375656,132.606506
-0.122559,-1.368652,0.249756,102.401726,-249.992355,-75.302124,0.290771,-1.044678,0.15625,-25.184629,160.125732,201.91954
-0.513428,-0.578857,-0.061279,-24.627684,-204.3228,-75.828552,0.387695,-0.986084,0.198242,6.591796,128.875732,221.359238
-0.026855,-1.522705,0.238037,123.878471,-226.669296,-77.972412,0.638184,-0.097168,-0.521484,28.678892,-14.991759,77.682495
0.179199,-1.829102,0.263428,203.002914,-137.466431,-103.935234,0.670898,-0.861572,0.27124,34.835815,113.510124,193.962082
0.273926,-2.03418,0.250244,244.300827,-76.705933,-131.04248,0.774902,-0.618408,0.396484,83.145134,102.455132,138.023376
0.340576,-2.14502,0.200684,249.351486,-13.702392,-152.275085,0.822266,-0.568359,0.209717,104.415886,102.462761,122.230522
0.169678,-1.85791,0.000977,249.992355,29.602049,-168.319687,0.847168,-0.500488,0.135498,102.325432,115.95916,121.551506
-0.046143,-1.536377,-0.464844,239.288315,40.054321,-189.361557,0.739014,-0.444092,-0.005371,86.463921,115.760796,124.870293
-0.149902,-1.43457,-0.965088,167.961105,34.820557,-198.77623,0.68042,-0.397705,-0.119141,67.810059,100.059502,126.480095
-0.036377,-1.550293,-0.958984,119.552605,34.355164,-185.317978,0.655029,-0.37915,-0.214844,51.856991,75.233459,126.846306
0.151611,-1.80127,-0.355469,138.877869,47.149654,-185.913071,0.576416,-0.364014,-0.300049,44.204708,43.258663,120.704643
0.091797,-1.986816,0.334229,207.946762,63.690182,-211.029037,0.478027,-0.314209,-0.292236,46.157833,6.515502,112.495415
-0.337158,-2.010986,0.40332,249.992355,64.453125,-214.729294,0.692871,-0.2229,-0.319092,46.333309,-35.28595,110.725395
0.083984,-1.685303,0.248779,155.586243,-186.752304,-87.257378,0.690674,-0.15625,-0.457275,38.589478,-33.454895,101.577751
-0.489746,-0.517578,-0.110352,-11.734008,-183.074936,-77.522278,0.861816,-0.736328,0.39917,64.735413,110.069267,156.227112
-0.814941,-1.999268,0.044922,244.239792,27.297972,-182.228073,1.23999,-0.112061,-0.762695,21.308897,98.785393,-22.094725
-0.508789,-0.502686,-0.100586,31.158445,-132.232666,-77.400208,1.169678,-0.115967,-0.784424,26.855467,116.828911,-21.415709
-0.64209,-0.700195,0.152344,-121.055595,-75.881958,86.830132,0.579834,-0.552246,0.45752,219.367966,-195.068344,-120.475761
-0.732666,-0.817139,0.222412,-133.163452,-57.151791,56.442257,-0.004639,-0.37793,-0.422607,-22.377012,-64.247131,-18.501282
-0.848877,-0.986084,0.306396,-132.102966,-38.490295,27.412413,-0.154297,-0.425537,-0.492188,-11.642455,-93.261711,-17.883301
-0.955078,-1.214355,0.349854,-115.623466,-26.245115,-0.160217,-0.202148,-0.501709,-0.534912,3.936767,-123.497002,-15.914916
-1.010254,-1.4646,0.316406,-86.105339,-27.084349,-22.895811,-0.170898,-0.5896,-0.549561,26.573179,-148.017883,-15.846251
-1.013428,-1.65332,0.28125,-48.133846,-39.390564,-39.901733,-0.078857,-0.669922,-0.540283,56.854244,-164.009079,-18.058777
-0.488525,-0.49585,-0.11792,9.414673,-159.27887,-77.911377,0.054688,-0.708984,-0.509277,90.454094,-170.555099,-22.125242
-0.862549,-1.573242,0.208496,23.223875,-69.129944,-56.167599,0.141602,-0.671387,-0.442627,118.392937,-170.135483,-30.448912
-0.756348,-1.411865,0.169434,46.806332,-75.195313,-60.455318,0.164551,-0.544922,-0.350586,130.645752,-169.776901,-37.895203
-0.657715,-1.223145,0.14502,58.769222,-74.272156,-64.559937,0.161133,-0.410645,-0.167236,131.111145,-172.203049,-39.497375
-0.576904,-1.049805,0.13208,59.791561,-70.838928,-67.565918,0.070557,-0.358154,-0.010498,142.326355,-174.018845,-41.114803
-0.966064,-1.674072,0.245361,-10.047912,-55.541988,-50.933834,0.177979,-0.352051,-0.389648,-30.433653,-46.150204,-17.13562
-0.493408,-0.793457,0.046631,47.721859,-68.145752,-70.716858,0.026611,-0.322266,0.008301,147.491455,-179.351791,-44.105526
-0.469727,-0.719727,0.010742,44.761654,-69.137573,-73.028564,0.155518,-0.340576,0.100586,152.870178,-201.576218,-58.685299
-0.417236,-0.678711,0.00708,46.508785,-68.466187,-72.303772,0.223877,-0.39209,0.134521,161.239609,-209.091171,-65.811157
-0.361328,-0.678467,-0.011719,51.979061,-65.597534,-71.678162,0.260742,-0.440918,0.188965,175.315842,-218.872055,-68.267822
-0.360107,-0.691406,-0.02832,59.898373,-61.19537,-71.960449,0.2229,-0.476563,0.23584,191.253647,-232.460007,-68.962097
-0.371826,-0.697998,-0.026123,67.398071,-56.137081,-72.273254,0.169922,-0.495605,0.273682,205.497726,-243.194565,-72.525024
-0.376221,-0.680176,-0.026855,69.580078,-55.595394,-76.377869,0.215088,-0.49707,0.336426,216.728195,-247.276291,-77.453613
-0.412109,-0.640137,-0.019775,64.537048,-63.888546,-76.583862,0.32373,-0.512451,0.369141,222.900375,-242.462143,-82.740776
-0.47168,-0.582764,-0.03833,55.923458,-81.764214,-73.799133,0.43457,-0.536377,0.380371,224.876389,-230.255112,-90.576164
-0.518066,-0.533936,-0.061279,46.424862,-105.049126,-74.295044,0.50293,-0.550781,0.42041,224.769577,-213.64592,-103.759758
-0.522705,-0.904053,0.095215,53.909298,-68.763733,-69.023132,1.218506,-0.127197,-0.783691,24.55139,112.43438,-22.216795
-0.640381,-0.558838,0.081055,-165.695175,249.992355,-249.992355,0.062744,-0.301758,0.041504,149.337769,-191.009506,-50.010677
-0.548096,-0.669434,0.084229,-170.692429,249.992355,-249.732956,0.295898,-0.340576,-0.45166,-36.888123,-44.654842,-14.129638
-0.351318,-0.77124,0.032959,-167.533859,249.992355,-249.992355,0.135742,-0.366699,-0.030273,134.979248,-173.477158,-39.512634
-0.14624,-0.865234,-0.073975,-145.812988,249.992355,-249.992355,0.15625,-0.290771,-0.552979,-51.795956,-59.852596,-11.123656
-0.108398,-2.047119,0.228516,-91.865532,74.981689,-249.992355,0.280762,-0.328369,-0.531738,-43.739315,-53.825375,-11.550902
-0.026855,-1.364746,-0.173584,-90.446465,210.899338,-249.992355,0.928467,-0.094482,-0.779785,29.533384,87.394707,-12.878417
-0.052734,-1.653809,-0.079346,-75.782776,148.170471,-249.992355,0.818848,-0.086426,-0.775635,29.953001,58.235165,-7.873535
-0.07251,-1.870361,0.091309,-77.041626,104.911797,-249.992355,0.786133,-0.087402,-0.743896,33.13446,31.883238,-4.966736
-0.036865,-1.060059,-0.141846,-116.424553,248.588547,-249.992355,0.898926,-0.072266,-0.710205,36.193848,19.981384,-4.058838
-0.728027,-0.434814,0.130859,-160.560608,249.694809,-249.992355,1.070313,-0.037109,-0.658691,36.071777,23.269651,-2.906799
-1.149658,0.199707,0.925293,-34.576416,21.102903,-37.261963,1.152832,-0.004883,-0.624023,32.150269,37.612915,-3.181457
-0.806641,-0.224121,0.302734,-155.586243,249.992355,-216.026291,1.108643,0.002686,-0.592041,27.008055,59.188839,-6.187438
-0.836914,-0.146484,0.375732,-151.054382,237.876877,-195.198044,1.021729,-0.009033,-0.568359,21.64459,82.099907,-12.489318
-0.871582,-0.085449,0.440918,-139.24408,205.093369,-172.576889,0.918945,-0.003662,-0.550293,15.411376,98.419182,-22.064207
-0.888916,-0.033447,0.49707,-121.406548,171.791061,-150.596619,0.768799,0.031738,-0.536865,7.8125,102.767937,-31.089781
-0.92041,-0.00415,0.52832,-103.652946,140.235901,-131.92749,1.062744,-0.103271,-0.77832,28.83148,108.100883,-17.623901
-0.983643,0.021729,0.550293,-90.515129,112.640373,-116.500847,0.567383,0.019043,-0.484863,-7.17163,74.043274,-32.997131
-1.035889,0.04541,0.616211,-77.529907,89.057915,-99.32708,0.635986,0.057373,-0.518066,-0.984192,93.215935,-34.645081
-1.038818,0.078857,0.673096,-62.141415,69.046021,-81.359856,-0.069824,-0.054688,-0.513916,-57.769772,-18.4021,-11.421203
-1.054688,0.123535,0.72998,-49.385067,53.291317,-65.078735,0.060791,0.029541,-0.530762,-45.631405,39.253235,-34.347534
-1.102539,0.168701,0.82666,-40.390011,37.689209,-50.186153,0.414307,-0.003418,-0.490723,-27.732847,77.217102,-36.369324
-0.193115,-2.23999,0.333984,-103.72924,49.270626,-249.992355,0.666992,-0.030518,-0.412598,-13.97705,84.548943,-23.178099
-0.787842,-0.318848,0.235596,-157.806396,249.992355,-236.282333,0.054443,-0.213623,-0.542725,-57.66296,-53.62701,-7.789611
-0.340576,-2.459717,0.493408,-105.651848,28.968809,-249.992355,0.678467,-0.111572,-0.398682,2.380371,55.847164,-21.881102
-0.826416,-0.904297,0.649658,-232.17009,-249.992355,45.280453,0.637695,-0.119385,-0.419434,-0.061035,49.018856,-25.741575
-0.369141,-2.835938,0.780029,-124.877922,-28.884886,-249.992355,0.587891,-0.05957,-0.452148,-6.217956,55.709835,-28.95355
-1.153564,0.203857,0.949951,-29.693602,4.760742,-27.427671,0.727051,-0.067383,-0.380371,-2.89917,71.983337,-19.096375
-0.543945,-1.174561,0.857178,34.629822,-199.523911,-65.666199,0.576416,-1.107178,-0.496582,65.742493,-82.44323,-86.860649
-0.311523,-1.184326,0.724609,73.471069,-249.992355,-58.135983,0.369629,-1.273193,-0.597656,37.094116,-112.289421,-136.711121
-0.094482,-1.239014,0.602539,106.452934,-249.992355,-47.431942,0.381592,-1.279785,-0.577393,39.176941,-108.612053,-129.135132
-0.022217,-1.227539,0.453857,121.604912,-249.992355,-47.370907,0.379395,-1.296631,-0.519043,43.029781,-106.864922,-122.039787
-0.079102,-1.200195,0.282471,115.722649,-249.992355,-42.976376,0.412354,-1.308105,-0.442627,47.790524,-106.613152,-115.264885
-0.259033,-1.223877,0.085205,94.741814,-249.992355,-30.944822,0.446777,-1.304443,-0.412842,51.574703,-106.094353,-108.741753
-0.436035,-1.206543,-0.111084,72.944641,-249.992355,-15.258788,0.494385,-1.291016,-0.438232,55.801388,-102.958672,-103.637688
-0.558594,-1.115723,-0.241699,47.645565,-249.992355,0.068665,0.337646,-1.261719,-0.596436,34.370422,-117.378227,-142.730713
-0.656982,-0.981934,-0.292725,8.499146,-249.992355,14.85443,0.537598,-1.250488,-0.466797,60.997005,-96.405022,-98.960869
-0.457275,-2.695557,0.673584,-107.543938,9.109497,-249.992355,0.56665,-1.182373,-0.478027,64.346313,-88.874809,-93.460075
-0.796387,-0.801025,-0.253174,-44.410702,-249.992355,33.432007,0.559082,-1.04126,-0.486816,68.328857,-77.476501,-79.00238
-1.02124,-0.760986,0.313721,-172.744736,-249.992355,63.491817,0.649414,-0.809082,-0.41333,90.850822,-42.442318,-45.577999
-0.488525,-0.987305,0.833984,-249.954208,-249.992355,19.523621,0.571289,-0.969238,-0.368164,82.397453,-66.497803,-66.246033
-0.190918,-0.989014,0.996338,-249.382004,-249.977097,-23.803709,0.592285,-0.924316,-0.334473,89.828484,-60.363766,-59.631344
-0.171631,-1.202148,1.279785,-249.992355,-249.992355,-83.580009,0.615967,-0.87085,-0.35498,92.224113,-52.87933,-52.604671
-0.024414,-1.904297,1.583252,-249.992355,-249.992355,-141.51001,0.632813,-0.739014,-0.456787,88.150017,-28.877256,-36.766052
0.122314,-2.0896,1.38208,-215.133652,-248.977646,-210.952744,0.557617,-0.691895,-0.435547,84.976189,-13.458251,-26.069639
0.287109,-2.320313,1.175049,-181.701645,-249.992355,-249.320969,0.497314,-0.673584,-0.356445,81.459038,1.663208,-15.747069
0.276123,-2.552734,0.869141,-164.337143,-249.992355,-249.992355,0.486572,-0.683594,-0.287109,74.462891,16.777039,-5.432128
0.114746,-2.676514,0.686279,-161.59819,-212.593063,-249.992355,0.474121,-0.704102,-0.258545,63.591,31.723021,4.15802
-0.13623,-2.796387,0.756836,-150.306702,-100.555412,-249.992355,0.451172,-0.737549,-0.23291,50.140377,46.82159,11.260985
-0.96875,-0.675293,-0.016846,-104.423515,-249.992355,54.489132,0.313965,-1.229248,-0.588623,29.922483,-123.374931,-146.92688
-1.133789,0.196533,0.9021,-26.397703,-9.017944,-20.507811,0.546631,-0.999023,-0.431152,73.638916,-72.441101,-71.792603
-1.114258,0.193115,0.855469,-23.574827,-21.125792,-11.932372,0.300049,-1.196533,-0.579834,23.994444,-130.851746,-149.864197
-1.102051,0.180908,0.866943,-21.560667,-30.395506,-3.585815,0.45752,-0.781738,-0.186523,38.68103,60.714718,14.808654
-1.003662,-0.019775,0.13916,21.713255,-249.969467,81.192009,0.257813,-1.170898,-0.483643,10.749816,-149.917603,-153.190613
-0.864014,-0.08667,0.015869,30.021666,-249.763474,74.661255,0.005859,-0.675537,-0.306641,-124.748222,-148.475647,-51.315304
-0.782227,-0.138428,0.077148,41.15295,-249.992355,71.82312,0.020264,-0.768799,-0.25415,-120.925896,-155.586243,-68.061829
-0.736572,-0.157227,0.141357,51.010128,-249.992355,70.976257,0.010498,-0.781738,-0.25708,-118.553154,-166.90062,-85.494987
-0.667725,-0.143555,0.096191,56.678768,-234.481796,69.206238,-0.020508,-0.708252,-0.276367,-119.766228,-178.184494,-96.04644
-0.569336,-0.151611,0.010742,63.133236,-211.959824,62.973019,-0.0625,-0.626465,-0.278076,-122.360222,-187.461838,-103.172295
-0.49707,-0.177002,-0.115723,69.839478,-181.823715,58.79974,-0.089111,-0.597412,-0.302246,-123.207085,-196.273788,-106.353752
-0.417969,-0.186768,-0.257568,78.62854,-148.490906,60.096737,-0.104492,-0.637939,-0.304199,-121.147148,-202.026352,-106.674187
-0.343018,-0.186523,-0.355713,85.739128,-115.692131,61.126705,-0.08252,-0.744629,-0.255371,-117.637627,-204.841599,-110.824577
-0.291748,-0.187012,-0.359863,86.639397,-83.236687,57.54089,-0.02417,-0.857178,-0.222168,-113.113396,-206.481918,-119.033806
-1.199951,0.044189,0.324707,14.259337,-249.992355,84.037773,-0.003174,-0.919434,-0.218262,-108.612053,-207.870468,-127.090446
-0.269287,-0.205078,-0.307861,83.183281,-50.308224,52.337643,0.28418,-1.179199,-0.536865,17.845154,-139.74762,-151.954651
-0.194336,-0.24707,-0.259521,81.947319,24.101255,44.410702,-0.009766,-0.924561,-0.225586,-104.675285,-212.768539,-133.361816
-0.11084,-0.271729,-0.237549,85.350029,56.480404,38.574219,-0.06543,-0.871582,-0.229248,-97.343437,-237.106308,-138.870239
-0.112549,-0.289063,-0.188965,88.638298,86.105339,30.494688,-0.059814,-0.883057,-0.232422,-89.973442,-247.932419,-139.297485
-0.152832,-0.298096,-0.110107,93.879692,110.244743,23.849485,-0.01001,-0.921387,-0.273926,-80.093384,-249.992355,-140.136719
-0.184326,-0.310791,-0.04541,103.279106,125.976555,16.700745,0.061523,-0.983154,-0.339355,-68.702698,-249.992355,-141.731262
-0.213379,-0.329346,-0.00708,116.378777,135.192871,8.384705,0.158936,-1.050537,-0.377197,-56.297298,-242.179855,-142.63916
-0.194824,-0.352783,0.05249,132.843018,139.839172,4.03595,0.243652,-1.116699,-0.360107,-42.991634,-227.157578,-143.814087
-0.128906,-0.376709,0.102539,151.351929,142.242432,4.241943,0.283936,-1.166016,-0.36084,-28.671263,-209.930405,-147.575378
-0.103271,-0.378906,0.084229,165.031418,150.192261,4.03595,0.292236,-1.178467,-0.411133,-15.899657,-192.634567,-151.245117
-0.134766,-0.361328,0.092773,170.585617,164.741501,2.227783,0.278809,-1.170166,-0.455811,-6.378173,-176.193222,-152.900696
-0.267578,-0.226074,-0.275879,80.406181,-12.664794,48.156734,0.258789,-1.16748,-0.468506,2.174377,-161.811813,-153.450012
-1.383057,0.075439,0.439453,6.965637,-249.992355,79.948425,-0.033936,-0.896484,-0.233154,-101.577751,-223.213181,-137.443542
-0.175781,-0.354492,0.131104,170.516953,178.115829,-2.525329,0.492188,-0.795898,-0.108398,27.862547,73.104858,16.929626
-1.404785,0.092041,0.616943,0.038147,-239.929184,54.367062,-0.023438,-0.582275,-0.32666,-125.518791,-147.392273,-40.870663
-1.098389,0.176758,0.867676,-22.140501,-37.261963,2.555847,0.510254,-0.83667,0.024414,10.139464,88.058464,22.102354
-1.11792,0.144775,0.852051,-23.765562,-43.746944,8.232117,0.538086,-1.01123,0.316406,-172.782883,152.938843,176.834091
-1.170654,0.088135,0.840088,-20.111082,-52.131649,14.633178,0.550293,-1.051025,0.336182,-168.045029,182.060226,179.481491
-1.26001,0.033936,0.793701,-10.528563,-64.89563,18.348694,0.596436,-1.108887,0.327637,-164.131149,206.283554,180.038437
-1.371094,0.010254,0.756104,0.579834,-87.791435,19.035339,0.633057,-1.170166,0.317871,-159.347534,222.915634,181.503281
-1.40918,0.019531,0.745361,8.537292,-116.149895,21.713255,0.605713,-1.213623,0.327393,-153.282166,234.374985,183.799728
-1.434082,0.077881,0.540039,2.14386,-249.992355,69.68689,0.555664,-1.265137,0.340088,-146.911621,239.532455,187.576279
-1.166992,0.029541,0.679443,16.174316,-129.570007,18.928528,0.490967,-1.32373,0.331787,-142.967224,236.160263,189.308151
-1.198486,0.022461,0.698975,19.851685,-115.310661,16.784668,0.402832,-1.3479,0.30835,-142.692566,224.533066,191.59697
-1.212158,0.030518,0.709717,21.034239,-103.149406,19.180298,0.336914,-1.364258,0.266602,-147.972107,207.756027,194.854721
-1.254639,0.039795,0.688232,19.447327,-97.000114,18.638611,0.276123,-1.384766,0.20752,-155.380249,193.183884,197.738632
-1.272461,0.030029,0.709717,11.947631,-132.392883,23.139952,0.571533,-0.947998,0.303223,-176.773056,123.458855,168.342575
-1.274658,-0.004395,0.736328,19.485474,-91.728203,16.494751,0.22168,-1.409668,0.138916,-162.376389,182.540878,199.272141
-1.187012,0.001221,0.74707,27.381895,-80.810539,18.959045,0.151611,-1.330078,0.04126,-189.056381,170.021042,213.958725
-1.163574,0.031494,0.751709,35.652161,-64.338684,11.909484,0.171875,-1.2771,0.011963,-207.527145,165.588364,227.050766
-1.266602,0.089844,0.775635,40.237423,-52.330013,1.937866,0.252441,-1.241699,0.007324,-227.684006,165.283188,238.84581
-1.377441,0.155029,0.808105,41.007992,-58.013912,-0.312805,0.342285,-1.244141,0.075195,-240.142807,168.296799,242.042526
-1.425049,0.195068,0.818604,36.964417,-79.963684,0.030518,0.418457,-1.250732,0.160156,-243.2556,173.118576,233.749374
-1.442139,0.220215,0.773438,32.051086,-110.946648,5.363464,0.531006,-1.248047,0.185791,-241.020187,183.563217,216.445908
-1.427002,0.237061,0.678711,24.101255,-149.726868,17.036438,0.735107,-1.223145,0.181396,-234.123215,206.924423,187.606796
-1.419434,0.217773,0.599609,9.643555,-185.157761,29.640196,0.879883,-1.121826,0.199951,-227.767929,240.470871,162.536606
-1.401611,0.152588,0.595947,-0.358582,-212.715134,41.78619,0.910889,-0.994385,0.279541,-228.622421,249.992355,153.289795
-1.30957,0.023193,0.679199,17.059326,-94.833366,14.656066,0.981934,-0.967773,0.251953,-233.459457,249.992355,139.36615
-0.501465,-1.203369,0.049805,54.115292,249.847397,129.631042,0.190918,-1.384033,0.076172,-174.316391,174.873337,203.582748
-0.466553,-1.188477,0.114258,48.660275,249.877914,130.371094,0.583984,-0.859863,0.310303,-179.283127,95.268242,154.99115
-0.447754,-1.205322,0.148193,37.796021,249.992355,128.77655,0.530518,-0.814941,-0.036865,17.791748,83.328239,18.684387
-0.42334,-1.18335,0.159912,22.224424,249.992355,124.427788,0.506104,-0.729492,0.273926,-194.938644,54.962154,124.679558
-0.053223,-0.935547,0.059326,-36.827087,249.992355,122.734062,0.437012,-0.890381,0.087158,5.844116,83.625786,26.451109
-0.369873,-1.108154,0.007568,-7.240295,249.992355,117.637627,0.364502,-0.953857,0.149658,5.851745,70.960999,29.350279
-0.247314,-1.052734,-0.018799,-18.928528,249.992355,118.988029,0.342529,-0.993896,0.194092,8.842468,54.466244,28.984068
-0.13623,-0.991943,0.02417,-27.420042,249.992355,120.796196,0.345703,-1.006348,0.192871,10.650634,37.216187,26.298521
-0.414307,-1.143066,0.119141,7.064819,249.992355,119.308464,0.326416,-1.009033,0.156738,5.943298,19.393921,25.711058
-0.563477,-1.241211,0.010986,60.340878,249.992355,130.569458,0.274414,-0.995117,0.103516,-1.197815,1.51062,28.686522
-0.496582,-1.470459,-0.017578,91.735832,20.866392,136.444092,0.560059,-0.782959,0.312256,-184.562668,70.365906,139.656067
-0.61377,-1.293213,-0.052734,72.20459,223.808273,125.007622,0.155518,-0.877686,0.062988,-15.083312,-29.136656,30.235289
-0.683594,-1.348877,-0.066162,79.750061,195.25145,129.348755,0.186035,-0.852783,0.062256,-27.870176,-39.932251,27.244566
-0.759766,-1.384277,-0.10376,85.96801,157.142639,140.724182,0.240479,-0.830078,0.056641,-41.801449,-49.110409,27.038572
-0.776855,-1.390625,-0.119873,86.738579,113.212578,148.506165,0.252686,-0.776855,0.041504,-55.52673,-52.047726,27.458189
-0.733398,-1.403809,-0.110352,84.236137,73.577881,149.009705,0.209961,-0.932861,0.06543,-6.301879,-15.708922,30.97534
-0.668457,-1.419189,-0.101074,81.321709,44.296261,149.505615,0.288086,-0.592773,-0.06665,-93.543999,-37.200928,26.496885
-0.621094,-1.442871,-0.067139,80.833427,27.076719,153.823853,0.270508,-0.689697,-0.009766,-72.357178,-48.553463,26.901243
-0.630371,-1.473633,-0.011475,82.489006,18.760681,156.997681,0.390625,-0.556641,0.24585,-201.492294,55.992123,94.169609
-0.611328,-1.493408,0.01123,85.250847,14.251708,155.982971,0.285156,-0.503906,0.236328,-189.880356,64.186096,77.758789
-0.559814,-1.508545,-0.000732,88.836662,14.831542,149.131775,0.21582,-0.506348,0.218506,-178.390488,68.580627,65.505981
-0.006592,-0.866699,0.077881,-46.096798,249.992355,123.146049,0.226563,-0.538818,0.17041,-176.528915,68.527222,55.747982
-0.59082,-1.264648,-0.022217,67.222595,246.231064,129.112244,0.457275,-0.647705,0.248047,-203.826889,51.353451,109.916679
-0.031006,-0.807617,0.052734,-51.36871,249.992355,120.758049,0.237549,-0.536865,0.085938,-182.487473,59.913631,34.164429
-0.223633,-0.608887,-0.107666,-100.425713,67.443848,28.297422,0.225098,-0.473145,0.041992,-171.56218,43.441769,29.922483
-0.090576,-0.769287,0.005615,-58.013912,246.688828,104.896538,0.236572,-0.445801,-0.030518,-146.858215,16.494751,29.08325
-0.426758,-1.393555,-0.020996,90.896599,30.448912,122.055046,0.271729,-0.496094,-0.078857,-118.667595,-13.839721,27.755735
-0.31665,-0.580078,-0.529053,-20.622252,81.909172,-57.044979,0.237793,-0.5625,0.111084,-180.618271,66.604614,44.075008
-0.436035,-0.562988,-0.538574,-31.646727,80.093384,-58.807369,-0.299316,-0.843994,-0.786621,32.37915,-2.120972,0.061035
-0.52417,-0.553955,-0.508545,-41.954037,70.091248,-55.564877,-0.249512,-0.868408,-0.808105,38.9328,-2.822876,-3.623962
-0.554443,-0.535645,-0.444092,-50.155636,56.083675,-48.034664,-0.236084,-0.87207,-0.821045,43.601986,-0.63324,-5.264282
-0.507568,-0.527344,-0.344971,-54.458614,41.633602,-39.276123,-0.233154,-0.862793,-0.856201,43.075558,1.770019,-5.699157
-0.411621,-0.555176,-0.269043,-54.740902,32.409668,-31.265257,-0.223389,-0.841309,-0.909424,41.275021,1.014709,-6.866455
-0.294434,-0.583252,-0.263184,-54.214474,34.698486,-25.695799,-0.225342,-0.814209,-0.91748,40.077209,-3.684997,-6.553649
-0.205811,-0.547119,-0.30542,-63.83514,51.780697,-23.208616,-0.260254,-0.818848,-0.924072,40.64941,-10.887145,-3.410339
-0.240723,-0.487793,-0.351074,-88.378899,70.846558,-15.258788,-0.293213,-0.817627,-0.938721,44.372555,-20.874022,1.281738
-0.068359,-0.777344,0.024902,-54.191586,249.992355,114.463799,-0.298096,-0.812256,-0.944824,46.752926,-29.151915,4.737854
-0.319092,-0.450684,-0.381104,-115.287773,79.780579,1.525879,-0.266846,-0.814941,-0.957764,46.470638,-30.296324,5.020141
-0.297363,-0.488281,-0.260742,-123.229973,75.065613,23.04077,-0.160645,-0.768799,-0.920654,28.091429,-31.318663,-1.38092
-0.150391,-0.720703,-0.055176,-73.638916,66.02478,37.193298,-0.22876,-0.799805,-0.937256,43.388363,-16.937256,-3.623962
-0.086914,-0.7229,-0.136719,-62.042233,74.951172,50.918575,-0.213379,-0.789551,-0.916504,39.024353,-11.131286,-7.781982
-0.069092,-0.613037,-0.229492,-70.785522,97.30529,66.177368,-0.200195,-0.805664,-0.9104,36.300659,-7.637023,-8.682251
-0.080811,-0.501953,-0.24292,-89.576714,126.632683,76.416016,-0.191895,-0.812256,-0.922119,35.369873,-4.798889,-7.919311
-0.103027,-0.461182,-0.185547,-104.064934,154.273987,81.329338,-0.178223,-0.786133,-0.93457,33.210754,-3.852844,-4.592896
-0.111816,-0.498535,-0.124756,-106.1325,176.513657,83.244316,-0.195557,-0.770508,-0.947266,31.677244,-6.660461,-0.38147
-0.099609,-0.59082,-0.075928,-94.726555,191.688522,85.014336,-0.228271,-0.751465,-0.968994,31.539915,-11.428832,0.556946
-0.09375,-0.688721,-0.042969,-77.636719,205.337509,89.172356,-0.209229,-0.731445,-0.979248,30.96771,-17.929077,0.473022
-0.101807,-0.747803,-0.010986,-64.89563,225.654587,96.015923,-0.17627,-0.727783,-0.964355,28.900145,-24.116514,1.693725
-0.337891,-0.438477,-0.377441,-129.119873,80.894463,16.654968,-0.182373,-0.749023,-0.93335,28.106688,-29.144285,1.419067
-0.38916,-1.339844,-0.006104,89.889519,42.869564,108.116142,-0.333008,-0.818848,-0.76001,25.711058,3.639221,1.403808
-0.241943,-0.60498,-0.538086,-10.894774,75.012207,-50.834652,-0.237549,-0.80957,-0.958496,45.745846,-24.734495,1.861572
-0.458008,-1.289795,0.044678,97.579948,71.82312,84.465019,-0.324951,-0.793213,-0.737793,20.050049,13.305663,-1.029968
-0.52832,-0.555176,0.346924,20.668028,-111.358635,-105.239861,-0.257568,-0.759277,-0.347656,32.020569,147.911072,11.260985
-0.541748,-0.647217,0.231689,17.066956,-81.878654,-119.064323,-0.323975,-0.780518,-0.689209,15.792846,36.857605,-7.217407
-0.426025,-0.754395,0.000488,9.185791,-32.966614,-128.463745,-0.133545,-0.767578,-0.962646,26.863096,-25.917051,-4.501343
-0.270508,-0.779297,-0.211914,1.792908,30.410765,-131.233215,0.067139,-0.840332,-0.208984,62.57629,221.984848,93.040459
-0.210693,-0.663818,-0.161865,-9.674072,92.338554,-129.798889,0.064209,-0.84082,-0.20752,62.416073,227.668747,88.203423
-0.301025,-0.480225,-0.043701,-39.459229,140.87677,-132.225037,0.047852,-0.809814,-0.204346,62.011715,230.552658,82.160942
-0.351318,-0.312744,0.007813,-81.314079,171.081528,-141.700745,0.037354,-0.749756,-0.199463,61.859127,229.76683,75.088501
-0.153809,-0.182617,0.040283,-124.885551,180.12236,-152.97699,0.018555,-0.686523,-0.189453,60.066219,226.478561,68.344116
0.083984,-0.080322,-0.024414,-166.854843,182.373032,-159.240723,-0.022461,-0.654785,-0.181152,55.725094,221.20665,62.32452
0.166748,-0.050537,-0.098877,-204.368576,200.065598,-160.102844,-0.062988,-0.666748,-0.168701,52.543636,212.974533,56.648251
-0.422363,-0.520264,0.354492,15.373229,-123.77166,-84.396355,-0.084961,-0.687256,-0.171143,53.283688,200.515732,51.658627
0.124756,-0.109375,-0.104492,-231.071457,236.244186,-159.27124,-0.121094,-0.711426,-0.183594,51.399227,188.163742,45.112606
-0.011719,-0.40625,0.04541,-229.377731,249.992355,-151.725769,-0.324219,-0.779053,-0.723633,16.532898,24.986265,-4.394531
-0.127197,-0.544922,0.165039,-208.549484,249.992355,-143.508911,-0.157227,-0.75,-0.232666,46.676632,176.559433,36.384583
-0.289795,-0.591553,0.407959,-188.407883,249.977097,-133.216858,-0.227783,-0.766113,-0.329102,37.139893,156.074524,19.104004
-0.387207,-0.562256,0.717041,-179.62645,249.992355,-120.277397,-0.289795,-0.763428,-0.351074,27.267454,139.823914,4.646301
-0.482666,-0.531738,0.850098,-182.754501,249.771103,-104.064934,-0.31665,-0.785889,-0.343018,24.04785,131.118774,-1.747131
-0.635254,-0.603027,0.863281,-184.608444,248.283371,-94.91729,-0.333252,-0.807861,-0.342285,23.246763,121.37603,-7.751464
-0.748535,-0.77124,0.880371,-168.014511,249.992355,-91.50695,-0.326904,-0.805664,-0.368896,22.338865,110.275261,-11.398314
-0.816406,-0.935303,0.893799,-133.163452,249.04631,-84.915154,-0.309814,-0.793213,-0.419189,20.774839,97.900383,-12.5885
-0.85791,-1.093994,0.92041,-76.705933,131.187439,-71.807861,-0.313965,-0.777588,-0.461182,19.142151,85.189812,-12.33673
-0.770752,-1.17334,0.912109,-14.22882,-36.361694,-65.216064,-0.320801,-0.774902,-0.506592,17.532349,72.288513,-11.764525
0.05542,-0.25,-0.032715,-239.21965,249.992355,-156.929016,-0.320313,-0.782715,-0.56665,16.441345,59.440609,-10.871886
-0.369141,-0.526855,0.261475,10.124206,-129.112244,-57.189938,-0.318359,-0.786865,-0.62915,15.892028,47.904964,-9.422302
-0.416016,-1.312256,0.016602,92.857353,57.02972,95.321648,-0.191895,-0.770264,-0.287842,41.91589,165.328964,27.687071
-0.438721,-0.652588,0.249023,32.058716,-128.913879,-14.213561,-0.130859,-0.757568,-1.003174,25.42877,-15.754699,-6.782531
-0.463135,-1.250244,0.060791,101.661674,87.539665,76.156616,0.057129,-0.818848,-0.205322,62.240597,215.400681,96.946709
-0.453369,-1.186035,0.078369,103.782646,104.309074,69.114685,-0.230957,-0.727051,-1.045654,21.354673,-4.592896,-6.317138
-0.447021,-1.109619,0.084717,104.316704,122.047417,58.28857,-0.070801,-0.506104,-0.888184,28.182981,-121.917717,-13.771056
-0.425781,-1.030518,0.083984,102.996819,137.710571,43.609615,-0.060547,-0.539551,-0.863525,22.048948,-121.177666,-11.238097
-0.381348,-0.94873,0.102051,99.281303,144.325256,29.548643,-0.037842,-0.547363,-0.865723,13.870238,-114.70031,-8.964539
-0.389404,-0.888428,0.140869,95.230095,140.579224,18.157959,0.0,-0.512207,-0.856689,6.713867,-102.569572,-6.034851
-0.400146,-0.570068,0.20874,17.13562,-131.332397,-32.821655,0.016113,-0.456055,-0.81665,1.235962,-86.72332,-3.318786
-0.442383,-0.82666,0.23584,87.265007,116.500847,5.989074,0.026855,-0.423096,-0.769043,-0.961304,-69.869995,-3.738403
-0.416992,-0.830811,0.258789,82.473747,100.151054,5.722045,0.046143,-0.436035,-0.728516,-1.38092,-53.146358,-6.04248
-0.434082,-0.852295,0.25293,75.675964,83.061211,8.590698,0.044922,-0.491211,-0.717285,-3.105163,-39.825439,-7.690429
-0.48999,-0.869873,0.24585,66.482544,64.575195,14.259337,0.02832,-0.541016,-0.70752,-7.003784,-33.538818,-7.530212
-0.4375,-0.847656,0.193115,91.285698,130.477905,10.055541,0.013428,-0.568848,-0.705566,-13.534545,-32.814026,-8.018494
-0.508789,-0.949219,0.338623,52.314754,20.622252,28.07617,-0.087646,-0.486816,-0.915771,31.974791,-120.506279,-14.701842
-0.492432,-1.000977,0.411377,51.132198,-1.38092,33.081055,0.008789,-0.561279,-0.714844,-23.704527,-36.560059,-9.841919
-0.467773,-1.042725,0.481934,50.369259,-20.965574,37.239075,-0.037109,-0.4021,-0.602539,-51.376339,-45.989986,-3.005981
-0.441162,-1.054443,0.523682,47.431942,-38.642883,40.801998,-0.020996,-0.394775,-0.503906,-61.82098,-45.249935,0.411987
-0.416504,-1.039551,0.526123,43.533321,-54.862972,41.15295,-0.001465,-0.448486,-0.435791,-68.435669,-44.570919,-1.304626
-0.371582,-1.011719,0.50415,42.243954,-70.426941,36.506653,0.012207,-0.553467,-0.407959,-73.143005,-47.821041,-5.813598
-0.344238,-0.972168,0.484131,44.93713,-83.892815,27.275084,0.003906,-0.635254,-0.410156,-78.147888,-56.52618,-10.437011
-0.355225,-0.917969,0.466797,50.2243,-97.541801,20.164488,-0.029785,-0.640869,-0.427734,-85.266106,-72.174072,-15.449523
-0.404297,-0.835938,0.408691,51.834103,-110.321037,13.122558,-0.07666,-0.595215,-0.431396,-94.978325,-93.513481,-19.104004
-0.434814,-0.744629,0.320801,45.082088,-121.093742,0.572205,-0.102295,-0.533447,-0.401367,-105.300896,-116.424553,-20.942686
-0.523438,-0.901123,0.269531,57.197567,43.701168,21.781919,-0.094482,-0.504883,-0.352295,-113.639824,-135.795593,-24.574278
0.158447,-0.913574,-0.292969,15.930175,-108.802788,-51.574703,-0.058594,-0.519531,-0.318604,-121.025078,-146.034241,-31.875608
0.194824,-0.864258,-0.218994,4.951477,-133.468628,-45.837399,-0.012939,-0.474609,-0.6875,-37.597656,-42.617794,-8.308411
0.261475,-0.821777,-0.150391,-3.463745,-163.124069,-38.787842,-0.114014,-0.463867,-0.890625,35.720825,-118.629448,-12.954711
0.315186,-0.854248,-0.077637,-4.402161,-200.263962,-31.761168,-0.173828,-0.744385,-1.02417,23.864744,-7.850646,-7.408142
0.025879,-0.934814,0.157959,-41.450497,-249.992355,-42.999264,-0.224365,-0.422852,-0.835938,44.868465,-100.494377,-9.040833
0.291504,-0.959473,0.08252,-12.71057,-249.992355,-23.002623,-0.168945,-0.431885,-0.858154,40.939327,-112.503044,-10.57434
0.205566,-0.967773,0.126953,-21.797178,-249.755844,-26.031492,-0.233154,-0.691406,-1.043701,20.446775,-3.250122,-7.377624
0.119385,-0.964111,0.161377,-31.997679,-249.740585,-32.089233,-0.200684,-0.651855,-1.021484,19.119263,-1.541138,-10.543822
0.338867,-0.929688,0.01416,-5.348205,-241.760239,-25.703428,-0.193115,-0.651611,-1.001465,14.923095,0.213623,-10.81848
0.153076,-0.944824,-0.375488,23.582457,-87.333672,-53.695675,-0.224609,-0.690674,-0.991211,13.22174,2.586365,-8.827209
-0.170654,-0.860107,-0.861816,40.840145,-34.454346,-6.652832,-0.27124,-0.70166,-0.998535,14.717101,5.66101,-7.4234
0.101318,-0.948486,-0.53125,32.951355,-51.269527,-49.201962,-0.300781,-0.657471,-1.030518,13.114928,6.141662,-6.629943
0.065186,-0.930908,-0.606201,36.193848,-38.993835,-45.883175,-0.313477,-0.676514,-1.019287,8.033752,-0.175476,-12.268065
0.023926,-0.911621,-0.67627,35.987854,-31.990049,-41.442867,-0.25,-0.69043,-1.010254,16.410828,-4.302979,-14.213561
-0.026855,-0.908691,-0.726074,34.736633,-27.816771,-35.346985,-0.210938,-0.626221,-0.970703,17.875671,-3.471374,-14.22882
-0.074219,-0.916504,-0.746826,35.03418,-23.803709,-29.70886,-0.178711,-0.626465,-0.988281,17.341614,-1.075745,-13.603209
-0.109619,-0.908936,-0.744873,36.628723,-20.88928,-25.314329,-0.327881,-0.631592,-1.033447,8.117676,3.311157,-7.972717
-0.158936,-0.902588,-0.755127,38.742065,-20.988462,-22.010801,-0.160889,-0.607666,-0.953857,25.3067,-1.411438,-9.437561
-0.211426,-0.91333,-0.791016,42.327877,-24.978636,-18.424988,-0.173828,-0.567139,-0.913086,30.891417,-5.012512,-7.759094
-0.230225,-0.906982,-0.822021,43.960567,-31.303404,-14.244079,-0.19458,-0.55542,-0.905029,34.240723,-9.292603,-9.918213
-0.210693,-0.88916,-0.85083,42.213436,-35.453796,-9.910583,-0.260742,-0.44165,-0.834229,45.57037,-84.518425,-9.69696
-0.04834,-0.908691,0.13623,-44.624325,-249.992355,-58.128353,-0.177979,-0.579346,-0.952881,35.423279,-14.915465,-13.137816
0.133545,-0.955322,-0.459473,28.495787,-67.970276,-52.284237,-0.150879,-0.592773,-0.99585,35.03418,-20.675657,-15.586852
-0.111572,-0.901855,0.124268,-40.229794,-249.992355,-75.759888,-0.143799,-0.571045,-0.990723,36.735535,-28.320311,-19.462585
-0.268066,-1.136475,0.141602,-13.908385,-249.397263,-197.998032,-0.160889,-0.535889,-0.959229,39.581299,-39.024353,-23.208616
-0.211914,-0.931641,0.076172,-26.908873,-249.992355,-111.961357,-0.206787,-0.496582,-0.929443,41.801449,-52.238461,-21.507261
-0.148438,-0.850098,-0.839844,42.831417,-27.000425,-6.92749,-0.252686,-0.464355,-0.885742,44.18182,-67.825317,-14.572143
-0.159912,-1.009277,0.213623,-39.718628,-45.730587,-133.384705,-0.170166,-0.630127,-0.973633,20.111082,0.099182,-12.321471
-0.17334,-0.90332,0.207275,-48.599239,-43.106075,-140.426636,-0.030273,-1.264648,-0.037598,-104.957573,-80.871574,-91.567986
-0.216064,-0.848389,0.204346,-58.837887,-44.044491,-147.277832,-0.031494,-1.270264,-0.03125,-111.999504,-53.245541,-99.403374
-0.256104,-0.878662,0.211426,-62.294003,-48.179623,-154.945374,-0.078857,-1.261719,-0.043457,-117.553703,-29.220579,-106.674187
-0.27832,-0.980957,0.226074,-53.810116,-57.144161,-164.016708,-0.184082,-1.004395,0.000244,-126.937859,65.765381,-140.563965
-0.292969,-1.087646,0.220947,-39.100647,-72.006226,-173.713669,-0.144043,-1.199707,-0.025879,-122.192375,11.291503,-118.255608
-0.302002,-1.137939,0.188965,-29.724119,-90.446465,-182.197556,-0.180908,-1.139648,-0.015381,-124.710075,28.877256,-123.474113
-0.296631,-1.132813,0.161865,-29.067991,-112.701408,-187.065109,-0.195557,-1.071533,-0.008545,-126.296989,48.149105,-131.43158
-0.281006,-1.092285,0.153564,-31.089781,-139.701843,-190.238937,-0.061035,-1.255615,-0.051758,-98.640434,-111.518852,-84.922783
-0.171875,-0.928223,0.099854,-33.454895,-249.992355,-93.605034,-0.122314,-1.236816,-0.03833,-120.384209,-7.064819,-113.296501
-0.281738,-1.044922,0.14624,-31.257627,-169.074997,-192.985519,-0.026855,-1.268555,-0.064209,-91.13311,-138.847351,-83.114616
-0.294189,-1.07251,0.165771,-22.247313,-232.322678,-196.00676,0.263428,-1.003662,-0.331299,-49.34692,-76.019287,-54.603573
-0.241699,-1.180908,0.137939,-3.990173,-249.992355,-200.508102,0.041992,-1.266113,-0.167969,-75.370789,-158.210754,-77.667236
-0.214355,-1.194092,0.127441,3.578186,-249.992355,-202.17131,0.061035,-1.209717,-0.227051,-73.173523,-158.77533,-74.356079
-0.19751,-1.191162,0.087646,6.462097,-249.992355,-202.957138,0.114014,-1.143555,-0.214111,-70.358276,-159.988403,-72.761536
-0.196289,-1.1604,0.036133,5.973815,-249.992355,-199.592575,0.168701,-1.074463,-0.166504,-66.436768,-159.973145,-71.487427
-0.215576,-1.083984,0.019043,1.747131,-249.992355,-189.491257,0.20166,-1.025391,-0.14917,-63.07983,-156.410217,-70.152283
-0.239502,-1.008301,0.026855,-3.868103,-249.992355,-177.658066,0.203613,-0.99585,-0.160156,-61.218258,-149.047852,-68.54248
-0.22998,-0.972656,0.0354,-8.659363,-249.992355,-164.184555,0.207031,-0.982666,-0.185303,-60.478207,-138.923645,-66.78772
-0.220703,-0.961182,0.042236,-12.893676,-249.992355,-148.910522,0.223633,-0.978271,-0.22583,-58.92181,-126.831047,-64.445496
-0.214844,-0.940918,0.061035,-19.088745,-249.992355,-131.469727,0.244141,-0.974121,-0.268555,-56.510921,-112.098686,-61.752316
-0.299805,-1.029785,0.163574,-28.350828,-199.836716,-194.801315,0.255371,-0.983643,-0.30127,-53.665157,-94.810478,-58.433529
-0.142822,-0.850342,-0.800781,46.020504,-17.974854,-9.902954,-0.163574,-0.935791,0.00708,-127.578728,77.74353,-148.5672
-0.167969,-1.097412,0.209961,-37.849426,-50.033566,-126.342766,0.029541,-1.289551,-0.09375,-81.512444,-153.953552,-81.947319
-0.218506,-0.894043,-0.808105,49.842831,-7.019042,-13.22174,-0.1604,-0.868408,0.01001,-128.181458,83.045952,-153.671265
-0.459717,-0.76001,-0.91748,-3.173828,38.871765,28.526304,-0.018555,-0.758545,-0.220947,-70.106506,-71.075439,-65.216064
-0.47998,-0.692871,-0.938477,-9.269714,28.030394,38.536072,-0.192139,-0.722412,-0.061523,-125.312798,83.709709,-151.550293
-0.445068,-0.633301,-0.924805,-11.337279,18.615723,40.145874,0.260254,-0.708252,-0.469727,-66.040039,-15.2359,-84.548943
-0.349854,-0.638916,-0.80957,-5.432128,16.51001,34.317017,0.267334,-1.024902,-0.35791,-44.357296,-56.335445,-49.995419
-0.257813,-0.683594,-0.706299,2.876281,22.109983,26.741026,0.280029,-0.88916,-0.358887,-43.251034,-68.458557,-49.201962
-0.24585,-0.718506,-0.679443,9.803772,35.705566,23.979185,0.281494,-0.871582,-0.381836,-38.398743,-81.05468,-37.155151
-0.294922,-0.732666,-0.720947,14.152526,52.520748,26.130674,0.272949,-0.814941,-0.455078,-41.847225,-88.905327,-25.360106
-0.345215,-0.693848,-0.783447,13.763427,67.474365,24.29962,0.21582,-0.781006,-0.482422,-49.064632,-95.054619,-15.663146
-0.352295,-0.644287,-0.807129,10.238647,74.501038,17.158508,0.150391,-0.789307,-0.43335,-51.338192,-96.099846,-14.129638
-0.36792,-0.585449,-0.795166,5.302429,72.639465,9.841919,0.136963,-0.821045,-0.376221,-53.855892,-92.041008,-18.707275
-0.399902,-0.761963,-0.865723,-0.679016,46.669003,20.599363,0.106689,-0.87793,-0.353516,-57.876583,-85.84594,-27.763365
-0.404297,-0.580811,-0.771729,2.723694,71.105957,4.28772,0.061035,-0.934082,-0.332031,-58.090206,-81.420891,-38.719177
-0.472168,-0.720459,-0.675781,6.744384,75.004578,-5.432128,0.041748,-0.923584,-0.291016,-55.633541,-82.18383,-46.562191
-0.48999,-0.751465,-0.689209,8.491516,73.944092,-8.750916,0.029053,-0.851563,-0.249512,-55.6488,-85.59417,-50.209042
-0.516357,-0.731201,-0.739014,5.508422,69.572449,-7.942199,-0.014648,-0.773438,-0.229248,-59.875484,-86.34948,-53.581234
-0.566162,-0.675049,-0.75293,0.88501,65.254211,-5.493164,-0.060303,-0.727051,-0.235107,-67.03949,-80.955498,-58.738705
-0.567383,-0.611328,-0.707764,-2.990722,57.319637,-7.148742,0.074219,-0.808105,-0.169922,-68.748474,-58.189388,-74.668884
-0.528564,-0.591797,-0.678711,-4.013062,46.585079,-12.275695,0.108643,-0.816895,-0.169434,-69.587708,-43.022152,-86.174004
-0.493896,-0.608398,-0.642822,-2.01416,39.81781,-19.638062,0.074951,-0.773193,-0.187988,-74.447632,-28.755186,-96.611015
-0.428467,-0.638672,-0.606201,0.236511,39.810181,-28.381346,0.068115,-0.7146,-0.206543,-80.276489,-15.464782,-109.306328
-0.331299,-0.655273,-0.599854,0.205994,47.45483,-35.896301,0.084717,-0.648438,-0.221191,-87.135307,2.586365,-126.319878
-0.24707,-0.639404,-0.578125,-3.608703,61.141964,-42.930599,0.027344,-0.582031,-0.221436,-98.022453,25.650023,-136.21521
-0.435059,-0.644775,-0.718506,3.257751,72.845459,-0.816345,-0.064697,-0.559082,-0.216797,-109.619133,47.683712,-139.770508
-0.331543,-0.699951,-0.82251,-0.694275,52.581783,16.777039,-0.155029,-0.591797,-0.203125,-118.431084,65.101624,-143.051147
-0.169189,-0.85791,-0.786621,48.156734,-11.634826,-11.993407,-0.193848,-0.649902,-0.150146,-123.481743,77.445984,-147.415161
-0.270264,-0.633057,-0.878662,-2.075195,56.037899,16.944885,-0.179443,-0.798584,-0.002686,-127.067558,84.716789,-154.350281
-0.276855,-0.926514,-0.833496,50.956722,-3.639221,-13.84735,0.282715,-0.834473,-0.386963,-53.153988,-45.867916,-65.170288
-0.310059,-0.902344,-0.850586,48.828121,-3.013611,-13.671874,0.27832,-1.042969,-0.38208,-38.94043,-36.018372,-44.265743
-0.314941,-0.866211,-0.848877,45.738216,-1.091003,-15.731811,0.287354,-1.065186,-0.443115,-28.472898,6.530761,-33.470154
-0.279541,-0.821045,-0.7771,42.655941,3.64685,-18.630981,0.139893,-1.395996,-0.080566,97.778313,12.405395,92.247002
-0.24292,-0.801758,-0.753906,38.551331,11.924743,-19.767761,0.126709,-1.337891,-0.061279,92.109673,2.433777,88.951103
-0.248047,-0.798584,-0.786865,36.026001,23.193357,-23.071287,0.106934,-1.262939,-0.054932,86.326591,-6.980896,87.394707
-0.297119,-0.654785,-0.834717,-1.220703,57.53326,16.593933,0.099365,-1.179688,-0.066162,82.069389,-13.832091,86.830132
-0.300049,-0.793945,-0.811768,31.768797,39.047241,-30.281065,0.104492,-1.075684,-0.07373,78.277588,-16.960144,87.364189
-0.321045,-0.771973,-0.853516,23.117064,44.387814,-30.418394,0.106934,-1.002686,-0.061279,75.3479,-15.61737,89.683525
-0.378662,-0.787598,-0.888916,15.197753,45.82214,-28.503416,0.103271,-0.982666,-0.050781,75.332642,-10.116576,91.224663
-0.463623,-0.827393,-0.903076,13.008117,35.858154,-23.445127,0.102295,-0.966553,-0.054932,78.727722,-1.899719,90.858452
-0.280273,-0.801025,-0.802979,35.224915,32.836914,-27.832029,0.106689,-0.919434,-0.068359,81.619255,7.949829,90.2481
-0.545654,-0.836426,-0.90625,21.14868,-18.470764,-7.331848,0.142822,-0.74707,-0.155273,74.813843,30.662535,94.802849
-0.483887,-0.793457,-0.868164,25.985716,-46.150204,-3.440857,0.159912,-1.433105,-0.091309,104.843132,21.194456,96.748344
-0.324219,-0.727783,-0.826172,24.536131,-60.630795,-4.104614,0.169434,-0.693604,-0.203857,68.885803,46.936031,97.740166
-0.132568,-0.690918,-0.859619,18.585205,-57.266232,-6.965637,0.191895,-0.701904,-0.260742,67.077637,93.65081,99.739067
0.003662,-0.717773,-0.873291,21.049498,-40.702816,-13.000487,0.178223,-0.75415,-0.267334,65.193176,119.689934,100.112907
0.009033,-0.732666,-0.838623,29.098509,-17.181396,-20.599363,0.158447,-0.794678,-0.263428,63.903805,143.630981,99.441521
-0.037354,-0.691406,-0.85791,29.08325,6.935119,-26.252745,0.149902,-0.782715,-0.243164,62.553402,163.452133,98.716728
-0.065674,-0.669678,-0.898438,20.545958,23.506163,-25.260923,0.155273,-0.736816,-0.203857,60.661312,178.329453,98.464958
-0.147705,-0.674072,-0.909912,12.702941,35.667419,-11.276244,0.141846,-0.716309,-0.175049,59.082027,189.598068,98.335258
-0.235352,-0.641357,-0.905762,4.226685,48.179623,7.667541,0.122314,-0.728516,-0.180176,59.326168,197.76915,98.114006
-0.530029,-0.849365,-0.90332,15.86151,12.298583,-15.762328,0.098145,-0.751709,-0.193848,60.714718,203.30809,98.518364
-0.102051,-0.8479,0.156006,11.680602,225.242599,148.445129,0.068604,-0.783203,-0.19751,61.576839,208.85466,98.793022
-0.136475,-0.833008,0.138428,10.932921,193.09996,143.257141,0.283203,-1.060059,-0.411621,-33.279419,-15.167235,-38.391113
-0.17041,-0.836182,0.119873,9.605408,171.363815,134.780884,0.187012,-0.685059,-0.237549,67.237854,68.405151,99.044792
-0.192871,-0.838867,0.121826,6.988525,156.143188,124.740593,0.195313,-1.463135,-0.113037,113.800041,24.650572,102.561943
-0.166504,-0.77124,0.263672,-29.647825,101.814262,92.849724,0.117432,-0.842285,-0.101074,80.162048,18.363953,91.743462
-0.175049,-0.809082,0.144775,-4.753113,138.023376,111.412041,0.263184,-1.439453,-0.198486,123.580925,15.083312,116.447441
-0.171631,-0.786865,0.1604,-13.145446,127.845757,106.712334,0.236816,-1.478516,-0.151611,120.613091,22.071836,109.40551
-0.16748,-0.773193,0.195557,-21.942137,115.69976,100.349419,0.333496,-1.02417,-0.488037,-18.424988,50.834652,-26.298521
-0.193359,-0.829834,0.131348,2.288818,146.064758,116.409294,0.313477,-1.009521,-0.505859,-12.748717,69.259644,-22.506712
-0.061523,-0.893799,0.190186,15.251159,248.519882,151.451111,0.274658,-0.999023,-0.515381,-6.67572,82.328789,-17.883301
-0.492676,-1.593262,0.625,218.154892,249.992355,99.601738,0.220215,-0.992432,-0.514648,0.274658,88.409416,-11.184691
-0.009033,-1.042236,0.302246,31.539915,249.992355,151.924133,0.155029,-0.986328,-0.508545,8.148193,86.425774,-1.617432
-0.052246,-1.128906,0.362061,43.090816,249.992355,153.076172,0.094238,-0.983643,-0.49707,16.906738,76.881409,10.559081
-0.073975,-1.210205,0.410156,55.564877,249.992355,152.069092,0.044678,-0.993408,-0.484863,26.283262,64.025879,23.445127
-0.056152,-1.280518,0.445557,68.252563,249.992355,147.567749,0.030518,-1.001221,-0.495605,35.614014,50.590511,36.109924
-0.053711,-1.338135,0.495605,81.18438,249.992355,139.938354,0.070313,-1.000977,-0.529053,44.410702,36.056519,48.789974
-0.100098,-1.409668,0.557861,96.374504,249.992355,129.28009,0.125732,-0.99292,-0.515869,52.230831,22.216795,61.927792
-0.182617,-1.490234,0.65332,119.644157,249.992355,121.711723,0.313232,-1.049072,-0.465576,-23.689268,29.060362,-29.762266
-0.281006,-1.542236,0.689697,145.362854,249.992355,117.568962,0.139648,-0.949219,-0.457031,66.215515,-3.471374,86.013786
-0.394531,-1.578613,0.695801,170.051559,249.992355,115.547173,0.148926,-0.977539,-0.485352,59.05151,10.246276,74.462891
-0.471924,-1.606934,0.675781,195.198044,249.984726,111.404411,0.281006,-1.249268,-0.325684,127.311699,-8.300781,126.388542
-0.181885,-0.792969,0.328369,-33.752441,87.036125,80.963127,0.277832,-1.177734,-0.388916,130.607605,-21.720884,129.669189
-0.016113,-0.954102,0.235596,21.720884,249.992355,152.046204,0.247314,-1.126953,-0.384521,132.392883,-36.331177,132.858276
-0.247803,-0.83667,0.369629,-37.620544,74.356079,63.140865,0.187744,-1.085938,-0.335449,131.752014,-50.209042,133.06427
-0.954346,-0.634277,0.286377,23.66638,-82.900993,171.981796,0.277588,-1.348633,-0.254883,124.885551,4.005432,122.51281
-0.454346,-0.830811,0.334229,-76.637268,65.193176,39.611816,0.085205,-1.018311,-0.310791,107.89489,-56.343075,121.009819
-0.579834,-1.515869,0.513184,224.822983,249.992355,90.049736,0.084717,-0.957275,-0.352051,90.164177,-41.816708,109.947197
-0.973633,-0.420898,-0.043701,87.028496,18.081665,81.55822,0.108398,-0.931641,-0.407471,75.820923,-21.751402,97.55706
-0.958252,-0.351318,-0.070313,75.195313,-0.991821,91.735832,0.129395,-1.063232,-0.308838,124.15313,-59.013363,128.53241
-0.926514,-0.293213,-0.01709,61.56921,-24.879454,100.07476,-0.070801,-1.042969,-0.490967,37.590027,17.585754,16.487122
-0.953369,-0.282471,0.087402,49.629208,-53.184505,109.687798,0.044678,-1.061523,-0.243164,37.93335,115.432732,46.44775
-0.991455,-0.301514,0.197266,41.351315,-79.627991,123.184196,0.037109,-1.050781,-0.237305,37.773132,95.405571,42.831417
-0.94165,-0.324951,0.262207,34.721375,-100.158684,139.953613,0.017578,-1.055664,-0.238281,40.290829,76.133728,39.009094
-0.857666,-0.364258,0.226807,27.297972,-112.55645,153.091431,-0.010254,-1.072021,-0.255371,43.113705,58.92181,34.27124
-0.849609,-0.432373,0.118164,20.225523,-114.295952,159.362793,-0.021484,-1.088867,-0.308838,44.090267,45.501705,28.991697
-0.877686,-0.509277,0.065186,15.663146,-110.992424,164.939865,-0.036621,-1.074463,-0.378174,43.17474,35.591125,24.505613
-0.362305,-0.872559,0.36499,-50.941463,66.932678,47.531124,0.053711,-1.086182,-0.237061,39.634705,135.864258,50.422665
-0.891357,-0.565918,0.084717,13.839721,-106.941216,170.608505,-0.048828,-1.04834,-0.425537,40.512081,29.014585,20.706175
-0.928711,-0.642578,0.219971,22.109983,-92.941277,177.093491,-0.044434,-1.039551,-0.46875,38.711548,23.483274,18.028259
-0.952393,-0.609131,0.286377,14.564513,-67.03949,152.069092,-0.08374,-1.04248,-0.509277,37.17041,11.512755,13.008117
-0.80127,-0.582275,0.210449,-6.500244,-49.926754,117.614738,0.098877,-0.821045,-0.683838,21.568296,6.851196,-0.717163
-0.57959,-0.556641,0.106689,-34.629822,-37.094116,87.844841,0.012451,-0.916016,-0.596191,28.007505,6.355285,7.980346
-0.485596,-0.531738,0.057861,-64.422607,-23.895262,66.963196,0.009521,-0.890381,-0.620117,26.908873,3.433227,6.462097
-0.587402,-0.5271,0.079834,-86.357109,1.304626,44.349667,0.074219,-0.854248,-0.650635,26.580809,2.593994,1.464844
-0.653076,-0.523926,0.147217,-99.723808,34.40094,25.115965,0.099854,-0.838623,-0.713135,16.387939,7.43103,-1.930237
-0.560059,-0.519775,0.269043,-111.137383,58.219906,18.836975,0.130371,-0.898193,-0.733398,15.266418,1.922607,-2.708435
-0.456055,-0.573486,0.357422,-115.69976,66.505432,25.512693,0.161133,-0.965332,-0.780518,16.166687,-6.04248,-3.005981
-0.455811,-0.695557,0.351318,-103.584282,66.230774,34.469604,0.196533,-1.013184,-0.834961,17.814636,-13.076781,-3.280639
-0.910645,-0.616943,0.144775,16.548157,-100.730888,175.292953,0.240723,-1.022949,-0.870361,21.873472,-16.571045,-3.288269
-0.914551,-0.474854,0.024902,91.995232,35.163879,68.862915,0.279053,-1.006104,-0.898193,28.465269,-17.326355,-3.540039
-0.717529,-1.480957,0.377686,218.063339,249.267563,83.923332,0.058105,-1.104248,-0.213379,41.969296,154.86145,54.557796
-0.904785,-1.373535,0.279541,204.345688,249.992355,66.864014,-0.026611,-0.989014,-0.55249,33.821106,7.5531,8.766174
-0.486572,-0.803223,0.163574,16.235352,-125.289909,-120.231621,0.076904,-1.091553,-0.177002,46.333309,169.296249,59.349056
-0.465332,-0.77417,0.191895,5.722045,-132.377625,-126.579277,0.287354,-0.966309,-0.903076,38.230896,-19.836426,-4.669189
-0.461182,-0.78418,0.19873,-4.127502,-137.405396,-129.730225,0.111816,-1.07666,-0.120361,56.961056,189.590439,66.711426
-0.439697,-0.82251,0.217041,-13.519286,-141.098022,-129.951477,0.243896,-0.67041,-0.310059,63.003536,62.294003,80.276489
-0.405273,-0.87793,0.256592,-20.462034,-144.203186,-127.479546,0.241211,-0.656494,-0.342773,66.513062,56.632992,85.510246
-0.386475,-0.951416,0.292236,-23.468016,-145.759583,-123.939507,0.243408,-0.644287,-0.330811,67.878723,48.71368,91.430656
-0.362061,-1.026611,0.321045,-25.192259,-145.851135,-120.635979,0.245605,-0.672363,-0.296631,70.983887,42.869564,96.611015
-0.342529,-1.086914,0.360107,-29.70886,-145.545959,-116.035454,0.242188,-0.719971,-0.263672,74.035645,39.649963,102.180473
-0.322021,-1.145508,0.387207,-35.110474,-144.165039,-110.008232,0.242676,-0.780029,-0.231445,78.643799,42.617794,108.497612
-0.277344,-1.330811,0.416504,-39.550781,-133.956909,-96.771233,0.252686,-0.824707,-0.216309,84.510796,50.361629,114.349358
-0.50415,-0.861572,0.143555,25.833128,-118.408195,-111.099236,0.25,-0.83374,-0.207031,89.523308,57.449337,118.682854
-0.26416,-1.425781,0.424561,-37.475586,-126.571648,-91.369621,0.246582,-0.853027,-0.20752,91.51458,63.667294,122.177116
-0.212646,-1.443604,0.393799,-36.476135,-108.108513,-83.839409,0.274414,-0.877686,-0.218994,92.26989,74.981689,124.02343
-0.163818,-1.393555,0.377197,-38.414001,-96.885674,-82.557671,0.106689,-1.077393,-0.148682,52.688595,179.695114,63.575741
-0.12793,-1.333008,0.360596,-40.428158,-83.740227,-83.030693,0.297363,-0.905518,-0.216797,92.689507,92.842094,123.504631
-0.098389,-1.276855,0.334961,-43.830868,-69.80896,-85.327141,0.301758,-0.967285,-0.208984,89.736931,142.837524,118.370049
-0.08667,-1.21875,0.299805,-48.927303,-58.303829,-89.378349,0.299316,-0.989502,-0.212158,87.074272,168.724045,113.243095
-0.105713,-1.1604,0.255371,-54.794308,-51.918026,-93.574516,0.287842,-1.008545,-0.200928,84.732048,190.505966,107.620232
-0.144531,-1.132324,0.225586,-58.0368,-51.155087,-98.770134,0.26123,-1.026367,-0.179443,80.444328,207.374557,101.577751
-0.186035,-1.141113,0.213379,-53.611752,-53.306576,-106.521599,0.233398,-1.055176,-0.161621,75.660706,218.925461,94.940178
-0.189453,-1.140381,0.208496,-43.960567,-53.337093,-116.943352,0.206055,-1.062012,-0.151367,71.365356,223.960861,89.057915
-0.844727,-1.441406,0.294189,209.175095,249.992355,77.102661,0.174561,-1.052246,-0.131836,65.948486,223.625168,84.556572
-0.24292,-1.466064,0.412598,-35.629272,-118.003838,-86.898796,0.167725,-1.074219,-0.119873,63.217159,220.336899,78.735352
-0.486084,-0.924805,0.171143,32.394409,-112.907402,-99.891655,0.14502,-1.078369,-0.109863,61.401363,212.356552,73.83728
-0.29248,-1.227539,0.401123,-38.68866,-140.289307,-103.111259,0.114258,-1.071533,-0.107178,59.272762,200.729355,70.137024
-0.468018,-0.991211,0.21167,28.541563,-106.529228,-65.910339,0.304199,-0.9375,-0.206787,92.117302,116.073601,121.910088
-0.455322,-0.975098,0.209473,33.607483,-108.459465,-85.227959,0.257324,-0.901367,-0.896973,50.163265,-26.901243,-3.639221
-0.916504,-1.196289,0.227783,189.32341,158.233643,56.27441,0.276611,-0.675293,-0.274658,57.716366,59.951778,74.607849
-0.898682,-1.148682,0.202637,176.147446,106.62841,54.031368,0.215088,-0.831055,-0.987549,69.023132,-45.082088,6.347656
-0.887695,-1.114258,0.213135,166.603073,59.43298,52.291866,0.214844,-0.714111,-0.616943,0.701904,-78.536987,-11.413573
-0.885498,-1.078369,0.205078,158.859253,15.403747,50.659176,0.178711,-0.682861,-0.651123,-2.304077,-80.604546,-21.972654
-0.8479,-1.013428,0.174072,149.040222,-26.741026,52.505489,0.233398,-0.660156,-0.715576,-3.288269,-91.697685,-35.15625
-0.811279,-0.940186,0.134033,134.979248,-60.714718,53.88641,0.259766,-0.616455,-0.713379,-3.974914,-102.752678,-49.964901
-0.805908,-0.903809,0.117432,121.795647,-88.546745,52.330013,0.254639,-0.578613,-0.727051,-3.257751,-109.092705,-64.77356
-0.806885,-0.870361,0.12207,108.612053,-113.090508,52.734371,0.255127,-0.540039,-0.75293,-1.113892,-112.30468,-73.066711
-0.779785,-0.856201,0.133301,95.222466,-134.429932,53.710934,0.23291,-0.531006,-0.784912,3.204345,-110.54229,-78.643799
-0.766602,-0.848877,0.148193,82.328789,-150.70343,55.831905,0.20874,-0.535889,-0.819092,8.613586,-106.613152,-86.288445
-0.927246,-1.282959,0.284912,199.966415,217.315659,58.509823,0.225098,-0.549316,-0.827637,12.123107,-104.042046,-91.964714
-0.756592,-0.854492,0.157227,55.992123,-173.118576,63.720699,0.28833,-0.567139,-0.798828,10.391234,-104.728691,-95.367424
-0.772461,-0.846436,0.155273,68.733215,-163.192734,60.111996,0.251221,-0.657471,-0.652344,-4.463196,-74.829102,-3.089905
-0.630859,-0.881348,0.157959,14.389037,-110.717766,-20.347593,0.334229,-0.566162,-0.759277,3.799438,-109.52758,-97.953789
-0.614258,-0.837646,0.116699,11.634826,-121.086113,7.316589,0.405029,-0.460938,-0.756348,-4.707336,-130.661011,-90.476982
-0.574219,-0.823486,0.108887,11.383056,-136.360168,33.737183,0.419189,-0.390137,-0.734375,-13.22174,-150.604248,-83.869926
-0.580078,-0.821777,0.130371,14.938354,-153.022766,52.886959,0.451172,-0.418457,-0.728027,-27.137754,-158.500671,-86.944572
-0.559082,-0.953613,0.189697,20.271299,-106.857292,-44.486996,0.611572,-0.519775,-0.745605,-39.810181,-132.461548,-92.704765
-0.680664,-0.825684,0.169678,28.221128,-181.297287,68.397522,0.77002,-0.592285,-0.753662,-45.372005,-78.414917,-89.515678
-0.734375,-0.836426,0.171631,36.491394,-184.295639,67.779541,0.697754,-0.567627,-0.750732,-53.054806,-14.091491,-96.000664
-0.747559,-0.851563,0.156738,45.364376,-181.114182,65.803528,0.50293,-0.499512,-0.709961,-67.733765,32.829285,-109.100334
-0.62085,-0.821777,0.148438,20.980833,-170.036301,63.934322,0.355713,-0.472656,-0.661377,-81.413261,49.690243,-109.565727
-0.345459,-0.974609,0.221436,-78.018188,-133.918762,-123.428337,0.293945,-0.496826,-0.625488,-86.143486,41.168209,-104.690544
-0.375488,-1.025635,0.227539,-61.462399,-105.49926,-131.347656,0.249756,-0.576172,-0.561035,-78.895569,16.838074,-98.991386
-0.347168,-1.026855,0.216309,-61.050411,-119.720451,-126.838676,0.359863,-0.536377,-0.756104,-1.228333,-117.401115,-97.503654
-0.334473,-1.02417,0.203857,-61.904903,-132.18689,-123.329155,0.10376,-0.630859,-0.586426,6.79779,-64.346313,15.075683
-0.336914,-1.007568,0.19873,-64.056396,-142.471313,-120.23925,0.232422,-0.848633,-0.918945,61.721798,-36.78894,0.946045
-0.343018,-0.99292,0.205078,-67.008972,-149.414063,-118.087761,0.099121,-0.862305,-0.545898,25.939939,-44.357296,44.540401
-0.335449,-0.959473,0.216064,-71.838379,-151.130676,-119.079582,0.248535,-0.852295,-1.098389,71.205139,-51.094051,11.169433
-0.39917,-1.011719,0.235352,-62.499996,-89.965813,-137.397766,0.323486,-0.874512,-1.178955,69.030762,-54.359432,16.937256
-0.328125,-0.943115,0.220215,-77.209473,-148.155212,-122.337334,0.36792,-0.862793,-1.186523,65.788269,-51.277157,21.438597
-0.333008,-0.957031,0.224365,-79.826355,-141.944885,-124.366753,0.36377,-0.804688,-1.171143,59.394833,-43.594357,20.89691
-0.377686,-0.98877,0.216797,-72.883606,-124.870293,-123.718254,0.33374,-0.74292,-1.141602,46.943661,-32.684326,20.378111
-0.422119,-0.904785,0.089111,-48.187252,-77.003479,-87.944023,0.344971,-0.712158,-1.07666,37.353516,-15.434264,18.806458
-0.439941,-0.995361,0.168701,-61.347958,-110.16082,-116.798393,0.368408,-0.720459,-1.050049,30.85327,7.148742,13.46588
-0.428711,-0.977783,0.144287,-56.190487,-102.317802,-107.429497,0.358398,-0.785156,-1.074463,22.552488,31.723021,10.787963
-0.418457,-0.939941,0.116943,-51.61285,-91.201775,-97.412102,0.335693,-0.874023,-1.081543,16.441345,53.657528,15.151977
-0.424072,-0.894531,0.062744,-44.860836,-58.898922,-79.536438,0.190918,-0.966309,-1.026611,18.424988,74.737549,26.214598
-0.432617,-0.900635,0.030029,-39.18457,-36.781311,-73.669434,0.007324,-1.001221,-0.92041,21.965025,91.194145,45.158382
-0.442871,-0.914063,-0.006836,-32.699585,-14.175414,-70.56427,0.134277,-0.744873,-0.584961,18.501282,-55.328365,32.035828
-0.475586,-0.918701,-0.030518,-28.289793,3.440857,-68.79425,-0.205566,-0.966553,-0.737793,26.725767,96.511833,51.23901
-0.567627,-0.917725,-0.039795,-25.581358,15.823363,-67.03186,-0.019775,-0.953857,-0.713867,24.528502,91.598503,28.32794
-0.657959,-0.921631,-0.036133,-22.315977,22.300718,-64.956665,0.195557,-0.912842,-0.757324,27.893064,79.025269,21.080015
-0.415283,-0.993164,0.247803,-62.980648,-74.493408,-143.859863,0.209229,-0.899902,-0.787354,31.372068,65.994263,21.621702
-0.423584,-1.000488,0.194092,-66.688538,-116.828911,-122.718803,0.145508,-0.867676,-0.807617,23.03314,49.926754,29.754637
-0.409912,-0.9729,0.257568,-62.744137,-61.973568,-148.513794,0.037354,-0.886475,-0.796875,9.773254,29.449461,38.887024
-0.741943,-0.918701,-0.023682,-14.297484,24.162291,-60.768124,-0.022461,-0.926758,-0.768311,8.392334,6.072998,46.188351
-0.35498,-0.939453,0.286621,-62.58392,-51.597591,-154.525757,-0.088867,-0.968506,-0.666016,14.411925,-15.464782,56.27441
-0.386963,-0.988525,0.335205,-56.137081,-3.89862,-87.669365,-0.143066,-1.012695,-0.538574,23.300169,-30.456541,65.597534
-0.387207,-0.983154,0.326172,-43.319698,-5.516052,-91.76635,-0.064209,-0.987061,-0.495361,29.571531,-37.918091,60.859676
-0.39917,-0.925537,0.293945,-37.956238,-11.566161,-93.460075,-0.111328,-0.98584,-0.828369,24.963377,95.558159,60.783382
-0.407959,-0.829834,0.26416,-41.549679,-20.774839,-94.474785,-0.029541,-0.873535,-0.470703,-134.468079,-56.167599,-90.637199
-0.425049,-0.728271,0.23584,-49.926754,-32.554626,-96.656792,-0.022949,-0.757324,-0.499268,-142.51709,-50.216671,-92.063896
-0.450684,-0.6604,0.215088,-58.937069,-44.281002,-98.57177,0.017578,-0.701904,-0.533203,-148.086548,-42.03796,-96.328728
-0.480713,-0.641113,0.199463,-65.841675,-55.007931,-100.196831,0.061035,-0.730225,-0.545654,-149.131775,-33.348083,-101.280205
-0.491455,-0.662354,0.179688,-68.557739,-63.911434,-103.851311,-0.037598,-0.834473,-0.43457,-148.262024,-22.262571,-98.56414
-0.495361,-0.698486,0.171631,-67.001343,-69.313049,-109.748833,0.030762,-0.945313,-0.453125,-143.630981,-21.789549,-106.857292
-0.476074,-0.71875,0.167725,-65.376282,-70.549011,-117.767326,0.00293,-0.96167,-0.431885,-146.957397,-19.78302,-103.599541
-0.384766,-0.955078,0.271973,-62.461849,-54.38995,-151.855469,-0.015625,-0.921875,-0.419678,-147.857666,-20.072937,-99.777214
-0.447266,-0.725586,0.169434,-65.90271,-65.826416,-126.052849,0.010986,-0.980225,-0.459961,-127.532951,-59.059139,-92.628471
-0.436035,-0.732666,0.185059,-69.885254,-43.601986,-140.235901,0.065186,-0.839111,-0.504883,-145.240784,-26.214598,-104.988091
-0.452393,-0.739502,0.195313,-71.105957,-32.104492,-145.210266,0.069092,-1.054688,-0.456787,-123.710625,-60.676571,-94.627373
-0.478271,-0.76001,0.19458,-73.21167,-24.681089,-147.567749,0.125,-1.075439,-0.470215,-98.861687,-99.052422,-81.794731
-0.503174,-0.795166,0.202148,-74.584961,-23.506163,-147.232056,0.062744,-1.039795,-0.433105,-111.251823,-80.871574,-86.410515
-0.496582,-0.833984,0.210449,-74.012756,-27.961729,-147.727966,0.028809,-1.03125,-0.440674,-106.101982,-90.171806,-82.672112
-0.464844,-0.862793,0.225586,-72.189331,-33.508301,-149.787903,0.042969,-1.044922,-0.459717,-101.84478,-97.145073,-81.588737
-0.423828,-0.884277,0.233887,-70.739746,-37.719727,-153.251648,0.177979,-1.070068,-0.475098,-97.18322,-96.458427,-82.122795
-0.378174,-0.903076,0.247803,-69.213867,-40.290829,-156.356812,0.178955,-1.033936,-0.475098,-96.16851,-93.421928,-81.512444
-0.341064,-0.923096,0.272705,-66.307068,-43.823238,-156.87561,0.166016,-1.003174,-0.459961,-94.268791,-90.660088,-80.169678
-0.335938,-0.934814,0.293945,-63.171383,-49.156185,-155.899048,0.1521,-0.98584,-0.437256,-89.11132,-88.371269,-79.368591
-0.436035,-0.730225,0.172607,-67.573547,-55.641171,-133.636475,0.150879,-0.987061,-0.400146,-82.626335,-86.326591,-78.422546
-0.827637,-0.891357,-0.007813,-5.012512,23.071287,-55.076595,0.177002,-1.005371,-0.382324,-77.613831,-84.57946,-76.820374
-0.393066,-0.959961,0.318604,-65.574646,-7.583618,-83.023064,-0.025879,-0.741211,-0.463867,-146.942139,-26.077269,-96.214287
-0.918213,-0.805176,-0.009521,3.364563,14.183043,-43.785091,0.086182,-1.065918,-0.442627,-116.035454,-71.517944,-91.25518
-1.223877,-0.837646,-0.345215,-13.771056,20.576475,-39.924622,0.020264,-0.686768,-0.464844,-146.17157,-30.891417,-91.522209
-1.286865,-0.61792,0.028809,11.528014,27.923582,-49.22485,0.048828,-0.353027,-0.570557,-106.552116,-23.460386,-32.096863
-1.254883,-0.561523,0.148682,15.213012,23.66638,-48.97308,0.03833,-0.608643,-0.522461,-150.520325,-44.769283,-76.194763
-1.197754,-0.640137,0.152588,18.943787,12.741088,-44.05975,0.150635,-0.353516,-0.702637,-28.381346,-45.043941,-3.14331
-1.214844,-0.745117,0.111084,27.236937,-9.918213,-36.048889,0.182129,-0.397217,-0.739258,-32.112122,-32.913208,-8.430481
-1.327881,-0.803223,0.099854,38.482666,-43.502804,-28.068541,0.168701,-0.331299,-0.758301,-42.243954,-15.335082,-9.69696
-1.35498,-0.807129,0.134033,50.781246,-81.30645,-17.26532,0.128418,-0.248047,-0.742432,-53.50494,2.838135,-8.979797
-1.273193,-0.795898,0.085693,59.516903,-108.329765,1.998901,0.103027,-0.213135,-0.672607,-59.410091,14.411925,-10.810851
-1.201416,-0.781494,-0.018066,60.623165,-116.973869,22.804258,0.083496,-0.24292,-0.567627,-58.250423,16.448975,-16.113281
-1.131592,-0.751953,-0.099854,57.189938,-111.556999,30.548094,0.060059,-0.321045,-0.491211,-54.878231,10.620116,-21.682737
-1.002441,-0.969971,-0.544434,-49.865719,2.037048,-23.048399,0.055664,-0.416016,-0.506104,-54.901119,1.434326,-26.725767
-0.998291,-0.689209,-0.093018,54.824825,-96.862785,25.894163,0.072754,-0.454834,-0.578125,-59.417721,-6.912231,-30.555723
-0.839355,-0.584717,0.034424,64.933777,-72.013855,22.605894,0.093262,-0.421387,-0.644775,-71.899414,-11.741637,-31.539915
-0.97998,-0.605225,-0.01001,77.796936,-48.789974,29.129026,0.05127,-0.647217,-0.473389,-148.979187,-37.963867,-83.717339
-0.936768,-0.623779,-0.004639,92.155449,-25.970457,35.522461,0.096924,-0.375,-0.678223,-88.310234,-14.175414,-30.731199
-0.910889,-0.608154,-0.042236,101.249687,7.148742,36.125183,0.196533,-1.034424,-0.400635,-72.555542,-83.251945,-75.424194
-0.823486,-0.52417,-0.04834,98.44207,43.182369,28.800962,0.020996,-0.415771,-0.490967,-109.687798,-25.177,-34.591675
-0.762695,-0.424561,-0.039307,84.33532,69.778442,20.942686,0.019531,-0.491943,-0.455322,-111.831657,-23.063658,-38.597107
-0.780273,-0.377441,-0.03125,70.327759,82.458488,17.776489,0.045898,-0.523438,-0.442627,-114.212029,-19.096375,-43.487545
-0.847412,-0.391357,-0.005615,65.811157,83.206169,22.27783,0.059814,-0.521729,-0.437256,-118.85833,-16.319275,-48.889156
-0.857178,-0.450195,0.042236,73.554993,71.624756,35.263062,0.046631,-0.541016,-0.440674,-124.793999,-16.799927,-54.832455
-0.857666,-0.491211,0.063232,85.998528,53.359982,52.74963,0.042725,-0.576904,-0.457275,-128.692627,-21.675108,-59.974667
-0.825439,-0.612061,0.021729,56.838985,-84.083549,21.789549,0.039307,-0.602051,-0.482422,-131.713867,-30.3421,-62.599178
-0.965332,-0.834961,-0.487549,-54.672237,-12.290954,-25.596617,0.019287,-0.60083,-0.526611,-138.366699,-39.871216,-65.383911
-0.881104,-0.849854,-0.003662,1.266479,19.340515,-48.751827,0.015625,-0.591797,-0.549805,-146.400452,-45.928951,-70.4422
-1.153076,-0.679932,-0.178955,3.433227,-17.814636,-68.145752,0.076904,-0.34668,-0.651611,-100.341789,-18.64624,-30.525206
-0.972412,-0.762695,-0.028076,2.983093,7.92694,-40.107727,0.201416,-1.054443,-0.424805,-66.459656,-82.748405,-74.34845
-1.030518,-0.729004,-0.053955,1.800537,-1.235962,-33.309937,0.096436,-1.080811,-0.453613,-120.063774,-64.292908,-94.245903
-1.089111,-0.717285,-0.087646,-1.045227,-10.551452,-23.986814,0.197754,-1.05249,-0.494141,-58.753963,-81.016533,-72.921753
-1.123779,-0.729248,-0.092285,-0.610352,-17.379761,-15.99121,0.366699,-1.156494,-0.190918,-11.871337,112.838737,52.833553
-1.137939,-0.741455,-0.095215,2.777099,-20.751951,-8.575439,0.348633,-1.190186,-0.147461,-19.454956,121.147148,49.758907
-1.146484,-0.750977,-0.099121,6.965637,-21.171568,-2.212524,0.296631,-1.196045,-0.101318,-27.618406,126.007072,46.546932
-1.105957,-0.668701,-0.35083,-23.025511,-21.202085,-49.766537,0.268066,-1.175293,-0.090088,-34.759521,123.970024,42.785641
-1.214355,-0.780273,-0.013428,17.814636,-21.057127,1.63269,0.253906,-1.117676,-0.11377,-41.854855,116.989128,38.215637
-1.264893,-0.756104,0.018311,19.943237,-22.216795,-3.112793,0.251221,-1.039795,-0.140625,-49.21722,108.322136,32.814026
-1.290039,-0.697266,0.014648,16.479492,-23.590086,-11.245727,0.264648,-0.973389,-0.157471,-54.855343,102.09655,27.854918
-1.273193,-0.624756,0.008057,7.644653,-22.994993,-21.232603,0.28125,-0.913086,-0.16748,-58.357235,101.46331,23.551939
-1.161621,-0.774658,-0.062744,12.741088,-21.026609,1.800537,0.294922,-0.852783,-0.155029,-59.333797,104.507439,22.079466
-1.169922,-0.604004,0.083252,3.936767,-18.264771,-44.128414,0.272217,-0.816895,-0.115234,-56.106564,107.307426,22.964476
-1.136963,-0.645508,0.106445,13.534545,-11.398314,-52.131649,0.351074,-1.07959,-0.23999,-7.995605,103.691093,54.199215
-1.119385,-0.696289,0.125732,26.44348,1.304626,-54.809566,0.212891,-0.82959,-0.063721,-46.585079,105.010979,24.383543
-1.12207,-0.714111,0.145752,39.520264,21.102903,-54.718014,0.169189,-0.849365,-0.042969,-15.823363,86.524956,29.33502
-1.162598,-0.661621,0.126953,47.111507,42.587276,-55.107113,0.180664,-0.804932,-0.093262,-7.003784,78.445435,32.020569
-1.253906,-0.567871,0.075928,43.891903,59.188839,-59.547421,0.1875,-0.743896,-0.180664,-1.00708,69.229126,34.675598
-1.344727,-0.492676,0.039307,31.425474,65.391541,-64.781189,0.168213,-0.654785,-0.246582,4.615784,54.321285,39.657593
-1.348389,-0.472412,0.018311,15.73944,55.244442,-65.376282,0.157471,-0.587891,-0.2771,8.964539,34.957886,46.56982
-1.29248,-0.514404,-0.05127,3.578186,31.692503,-66.520691,0.184814,-0.578125,-0.287842,14.85443,18.928528,51.460262
-1.233398,-0.61084,-0.12915,2.441406,4.257202,-70.3125,0.217529,-0.593994,-0.303955,22.40753,11.970519,55.290218
-1.213135,-0.588867,0.039307,1.693725,-21.354673,-32.691956,0.230469,-0.608643,-0.306885,28.907774,12.901305,57.052608
-0.340576,-0.533936,-0.270752,-81.916801,131.202698,115.394585,0.306152,-0.654785,-0.300293,37.590027,23.559568,57.075497
-0.31543,-0.664307,-0.211182,-67.596436,125.694267,103.569023,0.206543,-1.056641,-0.463135,-61.775204,-81.817619,-73.814392
-0.287842,-0.739746,-0.126709,-69.168091,118.453972,93.597404,0.161621,-0.854736,-0.025879,-31.066893,96.694939,26.382444
-0.297119,-0.640381,-0.125488,-89.683525,114.143364,87.745659,0.303223,-0.987549,-0.279541,-6.195068,96.984856,54.13818
-0.341553,-0.504639,-0.333496,-48.896786,42.846676,65.155029,0.342041,-0.693359,-0.27417,49.85046,44.55566,64.239502
-0.303223,-0.339111,-0.368652,-123.352043,95.626823,87.783806,0.218506,-0.894287,-0.172852,-4.920959,93.521111,49.377438
-0.306396,-0.316162,-0.44458,-110.893242,77.400208,87.051384,0.246338,-0.938232,-0.252441,-4.364014,93.894951,53.0014
-0.31665,-0.391357,-0.415039,-79.185486,57.739254,78.605652,0.181641,-1.087891,-0.48877,-48.377987,-91.110222,-66.467285
-0.310059,-0.467041,-0.226563,-112.983696,108.116142,86.616508,0.171875,-1.113037,-0.44458,-40.344234,-103.668205,-60.989376
-0.337891,-0.464844,-0.276611,-96.763603,134.544373,120.887749,0.179199,-1.143555,-0.409668,-30.784605,-118.400566,-54.77142
-0.415527,-0.935059,-0.198242,-43.991085,110.420219,167.060837,0.194336,-1.176514,-0.399658,-20.64514,-131.225586,-49.110409
-0.352051,-0.571777,-0.185547,-94.863884,139.022827,113.304131,0.226563,-1.199951,-0.421387,-12.573241,-138.046265,-45.56274
-0.342773,-0.697266,-0.116211,-80.688469,138.725281,113.586418,0.280029,-1.198975,-0.488281,-9.185791,-136.741638,-43.55621
-0.341797,-0.831787,-0.103027,-68.04657,137.023926,118.270866,0.31543,-1.185547,-0.554688,-8.201599,-128.234863,-42.129513
-0.381836,-0.926025,-0.143311,-60.974117,133.735657,125.259392,0.316895,-1.167236,-0.548828,-5.867004,-117.073051,-41.336056
-0.421387,-0.928955,-0.18042,-59.341427,126.808159,133.583069,0.321045,-1.143311,-0.492188,-1.724243,-105.834953,-40.420528
-0.432861,-0.883789,-0.197998,-60.592648,118.270866,140.968323,0.310303,-1.099609,-0.438965,2.02179,-95.466606,-37.406921
-0.412109,-0.841797,-0.166992,-61.866756,110.229485,147.163391,0.187744,-1.066895,-0.513672,-54.588314,-83.328239,-70.709229
-0.389893,-0.840088,-0.109619,-59.669491,105.812065,152.961731,0.30542,-1.040283,-0.421387,4.78363,-84.091179,-32.226563
-0.392334,-0.86499,-0.071533,-53.192135,105.743401,159.042358,0.306396,-0.970947,-0.441162,5.096435,-67.329407,-27.687071
-0.403076,-0.901367,-0.124268,-47.050472,107.223503,164.863571,0.308594,-0.89917,-0.491943,2.487183,-43.205257,-24.398802
-0.373535,-0.549561,-0.256348,-39.993286,35.766602,54.153439,0.313477,-0.816406,-0.562012,-3.868103,-13.633727,-19.203186
-0.341553,-0.486572,-0.250244,-101.921074,137.588501,118.110649,0.321777,-0.732666,-0.59375,-13.664245,15.998839,-11.657714
-0.427734,-0.468506,-0.318848,-50.369259,37.788391,49.148556,0.325684,-0.694824,-0.5354,-23.406981,43.067928,-3.89862
-0.41748,-0.410156,-0.590088,-26.031492,68.328857,11.276244,0.330566,-0.714111,-0.416992,-26.367186,66.246033,1.88446
-0.477051,-0.344727,-0.581787,-51.284786,52.825924,39.237976,0.349854,-0.731934,-0.290527,-24.757383,83.084099,8.087158
-0.419434,-0.966797,-0.227783,-43.197628,114.868156,166.656479,0.334229,-0.746582,-0.202881,-21.919249,92.323296,17.272949
-0.436768,-0.392822,-0.815918,10.505675,45.478817,-5.737304,0.28125,-0.786133,-0.145508,-16.296387,95.787041,28.32794
-0.438721,-0.301514,-0.804688,6.759643,42.961117,-4.730225,0.244141,-0.84082,-0.133789,-9.262085,94.749443,40.420528
-0.459229,-0.230713,-0.796875,-1.670837,38.05542,-1.876831,-0.131348,-0.43457,-0.602295,17.860413,-1.655578,-20.64514
-0.482666,-0.230957,-0.80835,-9.765625,32.608032,2.212524,-0.135986,-0.4646,-0.539307,23.307798,5.1651,-19.523621
-0.451172,-0.318604,-0.743652,-8.666992,27.877806,3.616333,-0.147461,-0.538086,-0.458252,30.746458,14.793395,-18.39447
-0.392822,-0.411621,-0.642578,-0.488281,23.895262,1.358032,-0.16333,-0.581055,-0.370605,34.851074,26.954649,-15.808105
-0.391846,-0.387207,-0.63501,2.563476,21.888731,1.869202,0.012451,-0.613281,-0.331055,78.338623,67.718506,16.777039
-0.425049,-0.261475,-0.693848,-6.332397,20.881651,9.140015,-0.189453,-0.480713,-0.359619,37.010193,58.464046,-2.372742
-0.43457,-0.131348,-0.765137,-23.757933,22.430418,16.387939,-0.137207,-0.413574,-0.447266,38.085938,71.228027,6.034851
-0.470703,-0.353271,-0.502441,-59.211727,44.372555,46.173092,-0.050537,-0.467285,-0.429199,56.037899,73.265076,11.245727
-0.414551,-0.084961,-0.756592,-38.993835,31.211851,20.591734,-0.185303,-0.559326,-0.304443,37.895203,41.755672,-10.528563
-0.364502,-0.268555,-0.636475,-40.313717,59.974667,16.609192,-0.115967,-0.484375,-0.625244,21.942137,-5.91278,-22.964476
-0.493896,-0.491699,-0.565918,-10.375976,70.045471,7.919311,0.093018,-0.54541,-0.95874,15.159606,12.947082,-25.3067
-0.511719,-0.45459,-0.614746,-5.119323,66.268921,9.689331,-0.023438,-0.577881,-0.697998,28.289793,-10.940551,-27.816771
-0.498291,-0.339844,-0.685303,-15.937804,63.903805,13.824462,0.012939,-0.565918,-0.794189,24.383543,-8.476257,-27.778624
-0.477539,-0.255371,-0.642822,-31.257627,64.933777,15.846251,0.050537,-0.553223,-0.883789,19.53125,-0.068665,-27.038572
-0.445801,-0.262939,-0.514404,-37.986755,67.321777,15.914916,0.086182,-0.517578,-1.06665,14.709472,48.439022,-17.028809
-0.41333,-0.345215,-0.438965,-34.858704,68.969727,17.707825,0.105225,-0.500244,-1.016602,10.055541,28.312681,-24.459837
-0.408447,-0.417236,-0.437988,-29.08325,69.221497,20.042419,0.099121,-0.445801,-1.065674,5.111694,42.182919,-25.024412
-0.41333,-0.440918,-0.469971,-28.182981,66.65802,22.552488,0.089844,-0.446777,-1.051758,3.036499,51.086422,-25.154112
-0.439453,-0.411133,-0.532959,-36.03363,60.729977,29.518126,0.084229,-0.494141,-1.001221,4.150391,55.496212,-24.391172
-0.37915,-0.144043,-0.693604,-45.57037,46.234127,20.355223,0.106201,-0.536377,-0.990234,6.874084,56.877132,-23.933409
-0.393066,-1.009521,-0.22876,-45.57037,122.726433,164.604172,0.108887,-0.548584,-1.027588,11.512755,55.252071,-22.384642
-0.359619,-1.05957,-0.16626,-48.057552,134.185791,160.995468,0.04248,-0.70752,-0.259766,85.563652,60.897823,27.183531
-0.348145,-1.158691,-0.050049,-42.121883,144.554138,157.722473,-0.074707,-0.552979,-0.638184,28.488157,-9.178162,-26.092527
-0.758057,-0.931152,-0.097656,41.397091,51.452633,58.258053,0.053955,-0.725098,-0.227295,87.417595,56.327816,39.329529
-0.709229,-0.865723,-0.122559,34.370422,23.963926,52.215572,0.178223,-0.79541,-0.303711,141.548157,88.798515,110.084526
-0.681885,-0.845947,-0.143066,29.403685,-7.141113,47.676083,0.043457,-0.76709,-0.134277,101.34124,63.308712,57.716366
-0.707764,-0.843262,-0.142578,28.778074,-39.680481,45.57037,0.061035,-0.453613,-1.106201,14.564513,35.926819,-8.010864
-0.730225,-0.825439,-0.096436,29.930113,-72.135925,43.693539,0.346436,-0.937256,-0.398193,159.78241,19.172668,105.11779
-0.717529,-0.795654,-0.059326,30.662535,-102.081291,41.816708,0.343506,-0.94873,-0.416016,158.64563,31.204222,109.291069
-0.667725,-0.766357,-0.038086,31.173704,-125.305168,37.063599,0.334229,-0.946289,-0.4021,158.714294,44.30389,111.778252
-0.583252,-0.733154,-0.029297,30.242918,-140.029907,29.96826,0.321289,-0.91748,-0.38208,159.591675,54.702755,113.777153
-0.489502,-0.674072,-0.04248,22.506712,-146.903992,24.42169,0.273682,-0.893799,-0.339355,160.636887,60.028072,115.020744
-0.422607,-0.623779,-0.08252,8.232117,-146.270752,18.806458,0.251953,-0.905029,-0.266602,164.207443,59.814449,116.172783
-0.790039,-1.048096,-0.06665,45.951839,77.140808,63.011166,0.260742,-0.920166,-0.202637,169.448837,56.571957,117.59948
-0.402832,-0.621826,-0.073242,-4.608154,-141.059875,9.841919,0.262939,-0.91626,-0.195557,170.448288,54.38232,118.522636
-0.45752,-0.726074,0.116699,-18.928528,-125.503532,-11.383056,0.270752,-0.909424,-0.235107,166.236862,56.999203,118.85833
-0.480713,-0.829102,0.178223,-23.315428,-120.23925,-23.208616,0.055908,-0.743408,-0.190674,94.459526,56.816097,48.866268
-0.489746,-0.94458,0.203857,-25.878904,-117.187492,-33.729553,0.281006,-0.898926,-0.281738,160.629257,64.224243,117.84362
-0.477539,-1.070313,0.22998,-27.526854,-114.166252,-41.923519,0.222412,-0.834717,-0.309082,149.559021,82.138054,112.846367
-0.446777,-1.171387,0.268555,-28.45764,-107.177727,-48.08807,0.171143,-0.812012,-0.239746,136.322021,94.91729,106.872551
-0.392578,-1.227539,0.31665,-27.854918,-94.093315,-52.772518,0.162842,-0.859375,-0.161133,132.926941,101.646416,104.751579
-0.348633,-1.225586,0.341064,-29.006956,-76.225281,-58.174129,0.14209,-0.871094,-0.14209,129.241943,106.330864,100.685112
-0.3396,-1.169678,0.349365,-35.873413,-56.304928,-64.125061,0.130127,-0.843018,-0.147705,124.534599,106.613152,94.001762
-0.354492,-1.077393,0.352295,-46.32568,-38.398743,-69.55719,0.102295,-0.806885,-0.135986,119.369499,104.11834,86.700432
-0.383789,-0.988037,0.3396,-56.571957,-24.902342,-74.325562,0.068848,-0.776367,-0.124512,113.609306,99.540703,80.093384
-0.427246,-0.657715,0.01001,-12.96997,-133.293152,-0.465393,0.048584,-0.748535,-0.128662,108.169548,91.728203,75.744629
-0.779785,-1.170898,-0.0271,46.058651,103.591911,64.575195,0.036377,-0.743408,-0.114258,104.690544,82.633965,72.044373
-0.396729,-0.947021,0.32251,-64.399719,-15.029906,-78.620911,0.036621,-0.764893,-0.109375,103.652946,72.731018,66.619873
-0.644043,-1.315674,0.041992,38.734436,141.75415,68.092346,0.26709,-0.87915,-0.298096,155.403137,73.59314,115.692131
-0.38623,-1.243408,-0.017334,-30.250547,150.192261,155.334473,0.049072,-0.410889,-1.1521,13.504027,19.302368,-1.243591
-0.427002,-1.235596,-0.055908,-23.429869,152.175903,154.159546,0.33252,-0.937256,-0.351318,159.431458,10.856627,100.318901
-0.435059,-1.185791,-0.109131,-21.194456,152.72522,153.85437,0.086182,-0.465576,-1.145508,20.088194,-15.014647,4.089355
-0.41748,-1.168213,-0.147949,-16.88385,154.281616,152.702332,0.166504,-0.409424,-1.182617,7.820129,39.741516,4.020691
-0.407471,-1.159668,-0.170166,-10.749816,158.8974,151.687622,0.083984,-0.352783,-1.111084,13.22174,32.234192,5.1651
-0.446533,-1.131348,-0.16748,-6.04248,163.276657,152.061462,0.003174,-0.3479,-1.066895,22.262571,15.289306,7.011413
-0.711914,-1.26416,0.017578,42.686459,127.30407,65.315247,-0.02832,-0.359863,-1.038818,26.43585,-3.372192,8.399963
-0.529541,-1.15625,-0.059082,8.926392,160.148621,146.156311,-0.009033,-0.366211,-1.033203,26.55792,-17.654419,8.964539
-0.54248,-1.168701,-0.000244,12.123107,153.938293,143.65387,0.026367,-0.356201,-1.093506,22.506712,-29.495237,6.912231
-0.56958,-1.177734,-0.020264,13.580321,145.942688,139.320374,0.032471,-0.308105,-1.129883,13.008117,-40.832516,3.913879
-0.608154,-1.164307,-0.059814,14.839171,135.574341,133.987427,0.012451,-0.24292,-1.12915,2.296448,-51.834103,2.731323
-0.496826,-1.138916,-0.150391,0.312805,163.848862,150.009155,0.009277,-0.180176,-1.079346,-6.271362,-62.843319,3.890991
-0.618164,-1.143311,-0.095703,10.276793,119.537346,129.684448,0.010498,-0.153076,-0.998535,-11.619567,-70.755005,7.499694
-0.617676,-1.164795,-0.056641,14.335631,116.84417,124.420158,0.192383,-0.477051,-1.248535,9.361267,36.819458,8.537292
-0.584229,-1.187012,-0.011475,20.584105,117.080681,118.270866,0.043457,-0.172607,-0.916016,-11.024474,-76.469421,9.025574
-0.538574,-1.21167,-0.006592,27.397154,118.385307,114.028923,0.094971,-0.323486,-0.809814,-1.808166,-83.290092,-0.808716
-0.524902,-1.219482,-0.026611,34.667969,121.208183,110.824577,0.12207,-0.342041,-0.877686,-2.838135,-87.402336,-4.165649
-0.529785,-1.218994,-0.038574,38.05542,124.725334,105.75103,0.134033,-0.272461,-0.924316,-13.908385,-87.509148,-3.288269
-0.53125,-1.23999,-0.062744,35.873413,128.204346,97.877495,0.130127,-0.200439,-0.908936,-23.902891,-81.001274,-0.007629
-0.541992,-1.279053,-0.084717,32.104492,133.110046,88.470451,0.118164,-0.169922,-0.86377,-27.359007,-69.831848,1.968384
-0.570557,-1.30835,-0.060303,31.440733,139.701843,79.994202,0.101807,-0.166748,-0.837646,-25.192259,-59.120174,1.480102
-0.601563,-1.327393,0.00708,34.858704,144.508362,73.33374,0.072754,-0.168945,-0.805176,-23.086546,-52.467342,0.595093
-0.615723,-1.139648,-0.092773,12.313842,126.113884,131.713867,0.062012,-0.164063,-0.777588,-25.29907,-50.4837,2.937317
-0.0979,-1.147217,0.312012,98.449699,-249.992355,-164.489731,0.082764,-0.174316,-0.752441,-28.587339,-51.307674,5.28717
-0.103027,-1.163086,0.329102,99.594109,-249.992355,-169.349655,0.11792,-0.24707,-0.718262,-28.472898,-51.200863,3.15094
-0.120605,-1.178955,0.321289,103.546135,-249.855026,-171.447739,0.084229,-0.240967,-0.818359,-7.377624,-80.26123,4.432678
-0.15918,-1.200684,0.300537,104.919426,-249.992355,-168.586716,0.168213,-0.461426,-1.290283,9.124756,26.908873,15.014647
-0.579834,-1.31665,0.405518,110.931389,-213.76799,-184.890732,0.052979,-0.421143,-1.172852,15.61737,0.50354,1.739502
-0.339844,-1.196777,0.327148,105.62896,-249.992355,-173.164352,0.126953,-0.399414,-1.258301,17.944336,13.038634,9.864807
-0.457764,-1.218018,0.342041,108.695976,-247.41362,-177.749619,0.126465,-0.510742,-1.135986,23.429869,-20.584105,6.591796
-0.539795,-1.269775,0.373291,111.991875,-232.681259,-181.121811,0.174072,-0.529053,-1.180908,27.679441,-17.051697,9.338379
-0.234131,-1.201904,0.313232,104.591362,-249.992355,-168.556198,0.206055,-0.509277,-1.205566,31.936644,-8.880615,10.246276
-0.116699,-1.082275,0.341064,101.188652,-240.966782,-160.40802,0.221924,-0.437012,-1.218994,32.722473,-3.326416,7.30133
0.140869,-0.697021,-0.099121,1.739502,-85.33477,-72.776794,0.217773,-0.353027,-1.208984,29.098509,-5.455017,1.243591
-0.05249,-0.885742,0.304932,93.574516,-205.589279,-149.475098,0.177002,-0.334229,-1.194336,26.100157,-15.090941,-3.311157
-0.003906,-0.862793,0.264893,89.50042,-181.411728,-144.424438,0.143555,-0.411377,-1.287354,10.581969,16.50238,15.007018
0.026123,-0.888672,0.208008,87.303154,-155.24292,-139.846802,0.111328,-0.452148,-1.149414,36.605835,-20.828245,0.106812
0.006104,-0.942383,0.115479,83.290092,-131.256104,-136.024475,0.176025,-0.470703,-1.204102,44.464108,-5.561828,-1.190186
-0.061035,-0.978027,0.033447,77.835083,-113.304131,-130.645752,0.208984,-0.445068,-1.273193,47.935482,14.900207,-5.867004
-0.144531,-0.960205,-0.026611,69.244385,-104.843132,-122.222893,0.154785,-0.380615,-1.279053,45.974728,30.72357,-6.874084
-0.196777,-0.879395,-0.095215,54.672237,-105.812065,-112.487785,0.117188,-0.389893,-1.150879,28.663633,-23.368834,-2.784729
-0.18042,-0.734619,-0.211914,29.151915,-110.023491,-100.07476,0.0979,-0.237793,-1.187256,32.424927,21.873472,-2.616882
-0.116699,-0.629883,-0.331543,1.25885,-110.382072,-87.951653,0.112061,-0.288818,-1.241699,39.916992,33.691406,-3.463745
-0.002197,-0.626953,-0.297852,-9.559631,-102.287285,-78.613281,-0.004639,-0.380615,-1.076416,26.412962,30.410765,4.455566
-0.613281,-1.310791,0.36792,101.226799,-195.182785,-188.789352,-0.009766,-0.312744,-1.130859,21.446226,42.068478,-0.320435
-0.093506,-0.968262,0.344727,99.57122,-226.081833,-155.082703,0.070801,-0.254395,-1.258057,14.572143,48.889156,-8.338928
-0.656982,-1.23291,0.280518,86.067192,-176.422104,-192.176804,0.175293,-0.264893,-1.331543,14.190673,42.79327,-14.686584
-0.742188,-0.940186,0.088867,73.005676,-81.901543,-140.182495,0.073242,-0.407471,-1.172852,24.719236,19.02771,6.340026
-0.701904,-1.101563,0.197998,79.689026,-137.008667,-198.486313,0.244629,-0.404053,-1.298096,20.774839,-2.685547,-8.087158
0.207764,-0.775391,-0.029297,17.654419,-61.752316,-71.594238,0.1875,-0.447021,-1.196777,23.780821,-18.753052,-5.355834
-0.930176,-1.381104,0.120361,42.083736,-176.536545,-59.93652,0.116211,-0.413818,-1.07251,26.641844,-16.63208,-6.637573
-0.889648,-1.437256,0.172363,56.846615,-183.723434,-69.42749,0.092529,-0.303711,-1.089355,28.564451,0.442505,-5.531311
-0.82666,-1.442139,0.198486,76.156616,-185.142502,-78.948975,0.237793,-0.33252,-1.34375,17.990112,22.514341,-13.85498
-0.751953,-1.375732,0.195801,88.340752,-175.254807,-86.013786,0.004883,-0.476563,-0.546631,-67.825317,-113.822929,-61.256405
-0.641602,-1.284424,0.131104,90.637199,-152.885437,-92.330925,0.020508,-0.51123,-0.602539,-87.059013,-107.452385,-69.038391
-0.512695,-1.233887,0.050293,89.050285,-118.804924,-101.272575,0.055176,-0.55249,-0.560547,-105.339043,-90.591423,-77.133179
-0.474854,-1.229248,0.007568,86.532585,-78.987122,-110.603325,0.089355,-0.603516,-0.390137,-108.14666,-70.411682,-88.027946
-0.606445,-1.230225,-0.005859,86.379997,-50.521847,-117.446892,0.093262,-0.666992,-0.18335,-104.881279,-53.894039,-99.624626
-0.722168,-1.207031,0.015625,87.249748,-44.342037,-127.815239,0.09082,-0.722656,-0.078857,-107.26165,-43.289181,-108.673088
-0.693604,-1.138916,0.209229,77.644348,-156.707764,-195.75499,0.0979,-0.753418,-0.040039,-111.633293,-40.809628,-113.273613
-0.770752,-1.149658,0.095947,86.769096,-49.430843,-135.002136,0.07251,-0.768555,-0.022949,-115.402214,-42.274471,-113.792412
-0.784668,-0.988281,0.132324,79.490662,-73.295593,-139.23645,0.03833,-0.77832,-0.037598,-122.062675,-43.106075,-112.17498
-0.70874,-0.933838,0.060547,66.230774,-82.626335,-145.401001,0.02417,-0.805908,-0.049561,-130.012512,-40.199276,-111.465446
-0.690186,-0.950928,0.053711,60.340878,-80.169678,-154.426575,0.229492,-1.135986,-0.058105,-105.476372,-62.614437,-90.538017
-0.658936,-0.983154,0.049805,55.809017,-79.711914,-164.352402,0.074951,-0.93042,0.056396,-133.590698,-36.2854,-111.076347
-0.602783,-1.056396,0.067139,56.900021,-80.871574,-174.293503,0.097412,-0.966797,0.089355,-133.728027,-37.139893,-110.610954
-0.535645,-1.136719,0.150391,65.490723,-82.900993,-185.096725,0.144287,-0.997559,0.091309,-131.68335,-37.948608,-109.458916
-0.489258,-1.183105,0.250488,77.148438,-88.981621,-194.450363,0.175049,-1.030518,0.089844,-128.90625,-37.528992,-107.849113
-0.532715,-1.194092,0.263428,85.945122,-95.855705,-199.40184,0.179932,-1.064697,0.08252,-125.450127,-36.857605,-106.25457
-0.606689,-1.170654,0.240479,88.676445,-104.949944,-200.904831,0.174316,-1.088867,0.056396,-122.329704,-38.490295,-103.523247
-0.662109,-1.122314,0.21582,85.46447,-119.270317,-200.263962,0.162598,-1.116699,0.039063,-120.086662,-43.586727,-100.143425
-0.782959,-1.06958,0.150146,84.213249,-60.226437,-138.450623,0.174805,-1.153809,0.018555,-116.882317,-49.713131,-97.198479
0.179932,-0.795898,-0.167725,24.345396,-35.232544,-71.769714,0.199951,-1.171631,-0.015869,-113.258354,-53.489681,-95.108025
-0.97168,-1.303955,0.080566,34.660339,-167.388901,-51.948544,0.226074,-1.152588,-0.047852,-110.321037,-56.556698,-92.918388
0.079102,-0.684814,-0.458496,13.015746,4.905701,-69.374084,0.014404,-0.465088,-0.490967,-61.119076,-113.945,-51.452633
-0.640381,-0.619873,-1.02832,17.837524,-40.90118,-14.656066,0.040039,-0.878906,-0.024414,-132.324219,-37.338257,-111.465446
-0.662354,-0.702881,-0.988281,20.423887,-35.476685,-16.792297,0.028809,-0.478027,-0.441895,-61.172482,-110.923759,-43.17474
-0.669189,-0.770264,-0.952637,27.313231,-30.624388,-18.852234,0.250732,-0.650391,-0.682861,-61.019894,-21.347044,-9.986877
-0.72998,-0.765625,-0.980469,34.942627,-33.401489,-22.102354,0.066895,-0.628418,-0.501709,-60.104366,-94.360344,-32.302856
-0.818115,-0.673584,-1.04541,35.28595,-46.310421,-23.757933,0.2229,-1.133789,-0.03833,-97.999565,-75.370789,-87.875359
-0.864746,-0.552979,-1.11499,28.770445,-63.346859,-22.804258,0.138672,-0.463623,-0.598389,-40.718075,-28.32794,-10.513305
-0.848145,-0.484131,-1.162354,21.514891,-76.133728,-20.523069,0.141113,-0.472412,-0.600586,-41.862484,-29.602049,-11.993407
-0.787842,-0.473877,-1.167236,17.158508,-79.13208,-16.029358,0.152344,-0.496826,-0.620117,-45.272823,-33.073425,-12.786864
-0.684326,-0.51416,-1.087158,17.997742,-73.936462,-11.009215,0.15918,-0.541748,-0.647949,-47.271725,-37.979126,-12.756347
-0.569336,-0.586426,-0.961914,26.290892,-67.199707,-10.543822,0.170166,-0.546875,-0.695557,-50.23193,-42.640682,-11.45935
-0.642334,-0.559326,-1.075684,17.471313,-39.215088,-8.232117,0.187012,-0.486328,-0.742432,-57.991024,-44.532772,-10.19287
-0.517578,-0.638428,-0.923828,38.536072,-61.06567,-16.944885,0.1875,-0.446045,-0.75293,-61.683651,-44.799801,-9.536743
-0.557861,-0.577148,-0.989014,46.966549,-41.549679,-21.957396,0.178467,-0.464111,-0.72583,-57.830807,-46.56982,-8.522034
-0.559814,-0.511719,-1.019287,41.427608,-24.856565,-18.005371,0.175049,-0.504883,-0.683594,-55.351254,-49.049374,-4.730225
-0.541992,-0.473145,-0.979736,34.599304,-6.767272,-16.494751,0.048096,-0.532959,-0.447021,-60.630795,-104.789726,-37.857056
-0.493896,-0.483398,-0.890625,32.981873,7.095336,-17.410278,0.185791,-0.554688,-0.631104,-56.03027,-48.049923,-0.831604
-0.486816,-0.500977,-0.884033,34.217834,17.01355,-17.990112,0.236084,-0.6521,-0.635986,-58.273312,-29.052732,-6.019592
-0.525635,-0.476074,-0.922363,29.670713,24.650572,-16.555786,0.229004,-0.563721,-0.741943,-65.628052,-19.27948,-11.100768
-0.552002,-0.429688,-0.950439,20.202635,30.105589,-13.908385,0.172607,-0.431885,-0.739502,-70.831299,-22.293089,-5.599975
-0.549072,-0.406006,-0.955078,11.268615,35.91156,-12.283324,0.128906,-0.359619,-0.670654,-69.923401,-31.532286,-0.045776
-0.505127,-0.432861,-0.874512,8.079529,41.78619,-10.391234,0.086914,-0.390625,-0.597412,-60.165401,-45.196529,-0.709534
-0.456787,-0.446533,-0.810303,9.819031,45.051571,-7.438659,0.049316,-0.464355,-0.558594,-54.595943,-58.998104,-2.14386
-0.544189,-0.628174,-0.949463,46.554562,-52.970882,-22.583006,0.087158,-0.569824,-0.554688,-54.405209,-70.175171,-6.256103
-0.647949,-0.562988,-1.099609,19.65332,-31.60858,-0.617981,0.131592,-0.718506,-0.558105,-52.810665,-74.516296,-12.382506
0.124756,-0.746826,-0.317383,21.202085,-12.96234,-70.648193,0.123779,-0.804199,-0.582764,-55.809017,-76.126099,-17.456055
-0.605713,-0.643066,-0.957764,23.178099,-15.052794,8.453369,0.091064,-0.747803,-0.568115,-58.746334,-83.206169,-24.330137
0.058594,-0.662354,-0.58667,6.889343,19.714355,-69.740295,0.209961,-0.614258,-0.611084,-56.28204,-40.374752,-1.922607
0.020752,-0.69458,-0.66333,6.706237,33.325195,-72.113037,0.222656,-1.13916,-0.003662,-91.163628,-92.330925,-84.091179
-0.052002,-0.738525,-0.742676,7.141113,46.241756,-73.539734,0.163574,-0.455322,-0.647461,-41.976925,-30.624388,-8.712769
-0.121582,-0.738525,-0.850586,4.745483,57.136532,-72.364807,0.30249,-1.185791,-0.063232,-82.489006,-109.542839,-81.100456
-0.193604,-0.709961,-0.922119,0.671387,63.354488,-70.747375,0.7229,-0.736816,-0.3479,45.776363,23.246763,36.811829
-0.279541,-0.694092,-0.962402,-2.197266,60.8139,-69.656372,0.796631,-0.787842,-0.410889,41.114803,50.60577,48.21014
-0.609375,-0.612793,-1.033936,23.269651,-22.766111,5.119323,0.895508,-0.881592,-0.421875,41.687008,86.807243,57.106014
-0.391113,-0.729248,-0.981445,6.469726,27.030943,-60.867306,0.939697,-1.017334,-0.332275,51.353451,139.198303,65.628052
-0.411133,-0.756104,-0.911621,17.295837,9.162903,-52.703854,0.953857,-1.16333,-0.275635,66.635132,202.941879,73.654175
-0.415283,-0.734375,-0.91626,26.100157,-3.486633,-42.968746,0.967041,-1.270264,-0.282715,79.071045,246.02507,70.602417
-0.403809,-0.66626,-0.995117,30.784605,-9.536743,-33.210754,0.880615,-1.315674,-0.28125,89.805595,249.992355,66.230774
-0.347656,-0.696045,-1.006348,-1.312256,47.004696,-67.100525,0.712891,-1.337158,-0.260986,98.281853,249.656662,65.589905
-0.339355,-0.574707,-1.054443,28.793333,4.837036,-26.367186,0.54541,-1.377441,-0.224121,105.224602,249.992355,67.443848
-0.315186,-0.588379,-1.046631,24.353025,21.583555,-24.909971,0.4021,-1.406494,-0.18457,115.760796,235.94664,66.146851
-0.361328,-0.624268,-1.077881,19.073486,41.038509,-22.010801,0.677734,-0.715332,-0.325195,50.262447,-0.419617,25.352476
-0.450684,-0.63916,-1.098877,13.191222,57.296749,-20.004272,0.420654,-1.430664,-0.206543,120.475761,204.788193,61.94305
-0.552246,-0.631592,-1.09668,8.18634,62.637325,-17.76886,0.433105,-1.390869,-0.236816,124.984734,173.240646,59.745785
-0.642822,-0.616211,-1.089844,7.797241,54.428097,-13.587951,0.423584,-1.344482,-0.206299,130.905151,164.398178,59.120174
-0.717041,-0.590332,-1.052979,10.902404,37.139893,-6.629943,0.309814,-1.301758,-0.175781,138.656616,144.828796,61.843868
-0.761963,-0.571777,-1.019531,12.901305,17.456055,0.50354,0.240723,-1.249268,-0.147705,147.994995,115.478508,65.994263
-0.748779,-0.572754,-0.995361,13.46588,1.296997,4.981995,0.246826,-1.173584,-0.133301,155.288696,83.106987,73.417664
-0.675781,-0.613037,-0.960449,17.715454,-8.407593,8.087158,0.260742,-1.095703,-0.151367,157.302856,54.351803,82.069389
-0.378174,-0.600586,-1.048828,31.158445,-6.767272,-27.847288,0.256104,-1.036865,-0.20166,157.203674,32.234192,86.379997
-0.305908,-0.813477,-0.273193,40.573116,237.304672,-10.482787,0.2771,-0.972656,-0.266846,156.471252,16.998291,90.057365
-0.278076,-0.73999,-0.349365,12.672423,198.928818,-14.411925,0.311035,-0.939941,-0.311279,156.936646,9.056091,95.680229
-0.381592,-0.540283,-0.495605,-20.057678,155.62439,4.425049,0.247314,-1.159912,-0.015869,-86.441032,-105.918877,-82.107536
-0.421143,-0.376953,-0.559326,-37.68158,116.653435,15.144347,0.41748,-1.430908,-0.246338,122.482292,183.212265,61.470028
-0.574951,-0.510742,-0.586914,-20.606993,-24.497984,46.592709,0.646973,-0.716309,-0.335693,49.858089,-24.505613,13.320922
-0.44458,-0.314941,-0.602051,-41.809078,48.042294,28.144835,0.427002,-1.39917,-0.208008,110.633842,249.992355,69.496155
-0.463379,-0.327393,-0.625,-40.229794,18.638611,36.895752,0.583008,-0.781006,-0.362793,37.353516,-68.717957,-4.722595
-0.522217,-0.392822,-0.626709,-32.730103,-5.805969,44.654842,0.621826,-0.737061,-0.358643,44.090267,-48.439022,3.097534
-0.431885,-0.330566,-0.581299,-41.488644,81.390373,19.836426,0.318115,-1.118896,-0.178711,-86.433403,-93.048088,-75.973511
-0.435059,-0.726318,-0.371094,42.343136,249.992355,10.44464,0.274658,-1.107422,-0.19873,-93.421928,-87.631218,-71.899414
-0.204346,-0.675049,0.13208,-12.619018,82.771294,140.586853,0.282959,-1.151123,-0.167725,-96.000664,-83.82415,-68.054199
-0.68335,-0.293701,-0.575684,-19.004822,213.111862,23.841856,0.324463,-1.222412,-0.076172,-94.41375,-77.919006,-63.255306
-0.677002,-0.17334,-0.509521,-31.10504,174.774155,33.462524,0.358398,-1.289551,-0.025635,-90.797417,-72.181702,-57.052608
-0.537109,-0.180908,-0.357422,-22.064207,135.047913,44.601437,0.322754,-1.335693,-0.015869,-85.769646,-72.517395,-51.99432
-0.34375,-0.27124,-0.18335,-9.269714,108.940117,53.695675,0.277832,-1.348389,-0.024414,-84.129326,-83.908073,-48.690792
-0.233398,-0.384033,-0.064209,4.631042,97.976677,66.978455,0.30127,-1.348633,-0.046875,-85.372917,-96.092216,-44.532772
-0.231445,-0.452393,-0.090088,4.981995,96.939079,83.290092,0.297607,-1.328857,-0.082764,-87.394707,-107.063286,-37.864685
-0.310303,-0.44165,-0.165039,-12.481688,100.181572,102.043144,0.307617,-1.311768,-0.106445,-86.318962,-118.35479,-34.683228
-0.366699,-0.444336,-0.16626,-32.38678,101.47094,118.60656,0.345703,-1.162109,-0.125732,-81.230156,-102.577202,-78.857422
-0.347168,-0.483154,-0.086182,-38.566589,98.258965,129.631042,0.388916,-1.262207,-0.072754,-69.740295,-134.063721,-31.173704
-0.272461,-0.578857,0.0271,-27.603148,90.591423,135.574341,0.476318,-0.876953,-0.369385,18.806458,-93.849174,-15.823363
-0.610596,-0.612305,-0.507324,-11.024474,-33.950806,38.757324,0.4375,-0.9021,-0.356201,6.874084,-100.929253,-21.530149
-0.57251,-0.520508,-0.5,13.809203,241.554245,20.13397,0.422119,-0.925293,-0.306396,-3.952026,-108.100883,-25.459288
-0.677246,-0.632324,-0.432129,-12.351989,-27.580259,24.726866,0.424561,-0.971436,-0.241699,-12.115478,-113.777153,-28.114317
-0.594482,-0.453125,-0.628174,-35.903931,64.414978,30.258177,0.358887,-1.303955,-0.095703,-79.025269,-127.67791,-33.39386
-0.749756,-0.432373,-0.494629,-40.229794,22.453306,11.413573,0.406006,-1.113525,-0.144043,-31.326292,-125.91552,-33.485413
-0.174316,-0.721924,0.175293,-9.490967,76.286316,149.398804,0.389404,-1.167969,-0.101563,-45.684811,-131.965637,-33.416748
-0.607178,-0.567383,-0.644287,7.987976,-38.818359,7.263183,0.389648,-1.20752,-0.073975,-58.79974,-135.467529,-31.562803
-0.599609,-0.635498,-0.644043,9.231567,-29.617308,8.31604,0.425781,-1.04126,-0.192871,-19.744873,-119.300835,-31.166075
-0.579102,-0.644043,-0.677246,8.19397,-19.27948,8.666992,0.531006,-0.830811,-0.363525,29.304502,-84.121696,-10.215758
-0.547363,-0.583984,-0.71167,3.715515,-10.169982,8.956909,-0.090576,-0.783936,-0.239746,28.137205,81.253044,-15.769958
-0.532227,-0.510986,-0.721436,-3.494262,-0.915527,9.94873,-0.052002,-0.821289,-0.697266,9.83429,-4.936218,-24.734495
-0.538574,-0.475586,-0.697021,-10.963439,11.672973,11.543273,-0.071533,-0.823242,-0.269531,25.360106,62.278744,-19.104004
-0.528076,-0.473633,-0.640381,-17.250061,26.367186,13.21411,-0.065674,-0.840088,-0.326172,21.247862,45.524593,-21.873472
-0.514404,-0.520264,-0.571289,-22.071836,41.252132,15.388488,-0.058105,-0.838135,-0.380615,17.234802,31.990049,-24.566648
-0.506592,-0.619385,-0.51123,-21.133421,55.091854,18.096924,-0.05249,-0.81958,-0.433594,14.205932,21.492002,-26.420591
-0.741699,-0.562012,-0.426514,-25.29907,-6.29425,13.946532,-0.054688,-0.790283,-0.476807,12.725829,13.610839,-26.969908
-0.52002,-0.69043,-0.5,-18.440247,65.048218,20.439146,-0.067139,-0.77002,-0.530273,12.275695,7.453918,-26.649473
-0.602539,-0.554688,-0.616699,-29.273985,68.405151,29.617308,-0.074219,-0.768555,-0.595947,11.657714,2.182007,-25.80261
-0.571045,-0.400146,-0.599609,-37.254333,63.598629,27.923582,-0.067871,-0.791016,-0.64917,10.70404,-2.067566,-25.085447
-0.532959,-0.42041,-0.5271,-33.52356,68.122864,25.772093,0.032715,-0.740479,-0.870361,6.690979,-9.613037,-18.928528
-0.485107,-0.508301,-0.445313,-24.864195,74.028015,24.444578,0.001465,-0.759277,-0.811768,5.516052,-7.858276,-20.347593
-0.466553,-0.61792,-0.395752,-13.580321,79.864502,21.659849,0.01709,-0.745361,-0.840332,6.065368,-8.682251,-19.317627
-0.524658,-0.672363,-0.442139,-7.385253,85.823051,16.212463,-0.087158,-0.733398,-0.237305,30.448912,99.563591,-11.909484
-0.607666,-0.605225,-0.568115,-13.671874,89.263908,11.093139,0.042725,-0.76001,-0.892822,6.828308,-9.513855,-18.692017
-0.665527,-0.465088,-0.665283,-28.266905,85.105888,8.384705,0.061523,-0.791992,-0.922119,6.16455,-8.712769,-18.951416
-0.710205,-0.350098,-0.678955,-41.481014,72.143555,8.31604,0.092285,-0.782715,-0.961914,5.470275,-8.026123,-20.339964
-0.732178,-0.330811,-0.593018,-45.646664,50.47607,10.665893,0.113525,-0.731445,-1.012207,4.951477,-7.438659,-21.40045
-0.570557,-0.663574,-0.558105,-21.347044,69.381714,24.67346,0.122314,-0.680908,-1.026611,5.325317,-7.751464,-20.484922
-0.160156,-0.73584,0.150635,-16.899109,70.014954,160.057068,0.133057,-0.685547,-0.99292,7.446289,-7.888793,-18.928528
-0.633545,-0.52832,-0.697266,7.003784,-42.007442,5.279541,0.135254,-0.723633,-0.973633,11.398314,-7.064819,-17.349243
-0.098145,-0.752686,0.124268,-33.348083,56.488033,174.804672,-0.011475,-0.781006,-0.797607,5.66101,-6.774902,-22.094725
-0.196045,-1.363525,0.425781,-38.192749,167.434677,95.390312,-0.042725,-0.723145,-0.247314,36.628723,115.570061,-8.255005
-0.233887,-1.386963,0.430176,-11.20758,189.689621,99.594109,0.086182,-0.747803,-0.162109,60.005184,125.114433,16.670227
-0.223145,-1.406982,0.373535,16.891479,209.930405,103.317253,0.059082,-0.786621,-0.22168,46.089169,131.393433,-2.059937
-0.266113,-1.377686,0.304199,40.77911,224.243149,107.429497,0.248535,-0.841064,-0.297119,151.191711,-3.952026,128.852844
-0.37793,-1.301025,0.22876,57.212826,228.332504,108.840935,0.231689,-0.817871,-0.259521,154.281616,-5.950927,134.307861
-0.466797,-1.198975,0.221924,71.907043,222.061142,105.689995,0.201416,-0.794434,-0.210693,157.478333,-5.828857,137.039185
-0.453125,-1.085938,0.210449,85.769646,202.888474,102.363579,0.17041,-0.771729,-0.174805,157.791138,-5.134582,136.795044
-0.459717,-0.998779,0.087402,90.179436,179.893478,101.142876,0.150879,-0.760742,-0.166992,155.281067,-2.822876,133.026123
-0.571289,-0.974121,-0.018799,92.506401,158.233643,94.963066,0.166992,-0.753418,-0.186523,152.732849,2.197266,128.288269
-0.685059,-0.923584,-0.06958,95.947258,128.265381,87.364189,0.184814,-0.739014,-0.181641,148.872375,11.230468,123.931877
-0.189209,-1.329834,0.414307,-56.343075,135.543823,93.582146,0.181396,-0.733154,-0.160645,144.607544,22.994993,118.431084
-0.749756,-0.833496,-0.127686,90.530388,97.358696,81.703178,0.173096,-0.726074,-0.148926,139.61792,36.613464,112.014763
-0.765625,-0.68042,-0.196777,55.313107,43.624874,73.059082,0.170654,-0.723633,-0.1521,132.919312,52.139278,104.766838
-0.741943,-0.656494,-0.193848,37.918091,24.238585,65.582275,0.168457,-0.727783,-0.157715,126.045219,69.122314,96.542351
-0.759277,-0.688477,-0.150391,27.793882,13.099669,53.741451,0.166748,-0.72583,-0.1521,118.721001,86.441032,87.516777
-0.798828,-0.752441,-0.072021,26.519773,1.342773,36.857605,0.166504,-0.702637,-0.144531,111.373894,102.928154,77.766418
-0.821533,-0.821777,-0.057373,24.887083,-18.493652,18.600464,0.158203,-0.679932,-0.125732,103.72924,117.980949,68.161011
-0.876221,-0.911377,-0.048828,24.971006,-45.654293,2.296448,0.12915,-0.765381,-0.981201,17.425537,-6.454467,-16.38031
-0.991211,-0.986328,-0.035645,24.932859,-74.569702,-13.900756,0.129639,-0.691162,-0.081543,90.492241,138.504028,51.788326
-1.079102,-1.061523,0.014893,26.252745,-103.263847,-27.6947,0.099365,-0.694824,-0.075195,84.693901,141.326904,44.097897
-1.094238,-1.143066,0.052246,28.556822,-130.455017,-37.574768,0.07373,-0.704102,-0.080811,79.681396,138.86261,37.68158
-1.047852,-1.2229,0.061523,30.754087,-152.626038,-44.708248,0.060791,-0.716309,-0.100098,74.310303,133.926392,32.531738
-0.772705,-0.743408,-0.17749,74.661255,68.824768,76.545715,0.056885,-0.72998,-0.12207,68.946838,129.013062,27.816771
-0.266846,-1.344238,0.432129,-61.996456,106.536858,92.712395,0.070068,-0.739014,-0.140869,64.605713,125.747673,22.544859
-0.134766,-0.736328,0.119629,-25.978086,63.217159,169.006332,0.0896,-0.76123,-0.1875,55.252071,127.326958,10.093688
-0.4104,-1.466064,0.433105,-73.875427,79.399109,87.753288,0.083496,-0.78125,-0.207275,50.125118,130.378723,3.52478
-0.092773,-0.800537,0.175049,-36.460876,51.574703,177.9785,0.011475,-0.761475,-0.231934,42.610165,127.037041,-5.805969
-0.107422,-0.839111,0.248047,-40.222164,50.262447,179.573044,0.14917,-0.682129,-0.097168,96.778862,130.470276,59.547421
-0.137451,-0.89209,0.277588,-46.722408,52.047726,181.083664,-0.031738,-0.817871,-0.752441,7.774353,-6.034851,-23.895262
-0.17749,-0.935303,0.287109,-53.794857,56.373592,182.167038,0.163818,-0.723633,-1.061768,23.071287,-10.131835,-9.986877
-0.194336,-0.983398,0.316895,-60.127254,61.653133,181.465134,0.153076,-0.621094,-0.978271,14.389037,-1.13678,2.624511
-0.194824,-1.043945,0.341797,-65.513611,66.383362,179.48912,0.113525,-0.597168,-0.974854,9.44519,-8.537292,6.561279
-0.346436,-1.403076,0.444336,-65.422058,87.814323,90.3778,0.098145,-0.609131,-0.922852,8.514404,-17.745972,8.94165
-0.21167,-1.16626,0.391113,-69.877625,75.057983,173.690781,0.122314,-0.665771,-0.829346,11.276244,-23.315428,9.078979
-0.235352,-1.205811,0.403809,-72.227478,78.163147,170.219406,0.17334,-0.71167,-0.788818,14.213561,-24.444578,7.6828
-0.258789,-1.228271,0.395508,-76.538086,81.596367,166.26738,0.213623,-0.6875,-0.804688,13.175963,-24.581907,5.249023
-0.2854,-1.23999,0.39209,-83.732597,83.595268,160.324097,0.214355,-0.608154,-0.865234,6.629943,-27.755735,2.525329
-0.200684,-1.112061,0.367432,-68.450928,70.777893,177.017197,0.188477,-0.547852,-0.900391,-0.328064,-33.798218,1.792908
-0.328857,-1.30542,0.401123,-95.741264,81.909172,143.928528,0.170898,-0.555908,-0.877441,-4.981995,-38.040161,3.90625
-0.323486,-1.351563,0.39917,-96.611015,82.092278,133.895874,0.184082,-0.609619,-0.827881,-7.255554,-39.596558,5.41687
-0.322754,-1.372314,0.389404,-96.832268,84.129326,123.229973,0.169189,-0.623535,-0.96167,19.233704,2.26593,0.030518
-0.34375,-1.364014,0.380859,-98.297112,88.676445,115.684502,0.19165,-0.641357,-0.764404,-7.453918,-38.955688,4.653931
-0.377197,-1.326904,0.356445,-102.081291,94.108574,108.077995,0.130615,-0.565674,-0.7146,-5.203247,-45.860287,6.530761
-0.423584,-1.311768,0.321289,-107.88726,97.976677,100.135796,0.103027,-0.535156,-0.662842,-4.905701,-54.588314,7.057189
-0.449707,-1.341309,0.31665,-112.068169,98.44207,93.833916,0.099609,-0.535156,-0.641602,-11.009215,-63.682552,6.591796
-0.48584,-1.396973,0.347412,-110.41259,93.894951,88.951103,0.126709,-0.564941,-0.677979,-19.470215,-71.540833,3.982544
-0.489014,-1.458496,0.373291,-101.913445,85.975639,86.456291,0.16333,-0.571777,-0.708496,-24.772642,-76.873779,1.274109
-0.467773,-1.485596,0.403076,-87.646477,79.444885,86.357109,0.204834,-0.566162,-0.693359,-31.09741,-74.760437,-0.37384
-0.318604,-1.262695,0.395996,-91.598503,83.030693,152.519226,0.247803,-0.562744,-0.700928,-37.445068,-63.323971,-2.433777
-0.21875,-0.94458,0.102295,23.460386,-249.992355,-148.658752,0.248535,-0.526367,-0.709473,-41.717525,-48.744198,-4.737854
-0.219971,-0.952637,0.108643,24.978636,-249.992355,-151.329041,0.208008,-0.477539,-0.6875,-43.29681,-37.033081,-6.912231
-0.224121,-0.953613,0.127197,24.67346,-249.992355,-154.36554,0.149414,-0.760498,-1.025146,23.567198,-6.500244,-13.107299
-0.235352,-0.942871,0.150635,23.780821,-249.992355,-157.951355,0.172607,-0.615234,-0.739746,-6.721496,-40.046692,4.989624
-0.288086,-0.891357,0.194824,34.942627,-229.034409,-176.399216,0.14624,-0.613037,-0.955811,24.223326,3.196716,0.328064
-0.28833,-0.898193,0.155029,24.261473,-249.992355,-163.978561,0.132568,-0.7854,-0.991455,22.605894,-6.034851,-15.304564
-0.317871,-0.876465,0.151611,26.641844,-249.992355,-168.441757,0.106689,-0.677246,-0.921143,29.235838,7.965087,-0.709534
-0.305908,-0.877441,0.1604,30.776976,-249.542221,-173.32457,0.116943,-0.627686,-0.956055,28.373716,5.332946,0.610352
-0.253906,-0.92334,0.157715,23.559568,-249.992355,-161.415085,0.171631,-0.690674,-1.052246,21.041868,-23.628233,-4.722595
-0.210205,-0.945801,0.093506,20.019531,-249.992355,-144.65332,0.185547,-0.710205,-1.051758,19.561768,-29.159544,-2.441406
0.102539,-1.028809,-0.277344,-5.851745,67.604065,-96.664421,0.204346,-0.734375,-1.060547,18.455505,-30.746458,0.297546
-0.156006,-1.00293,0.06958,12.145995,-249.732956,-135.734558,0.234863,-0.746582,-1.071289,18.836975,-26.420591,2.63977
-0.136963,-1.036621,0.048584,5.561828,-249.992355,-130.439758,0.268311,-0.728271,-1.091553,20.538328,-16.906738,2.861023
-0.125488,-1.063721,0.027344,-2.76947,-249.992355,-123.245232,0.267822,-0.680908,-1.113525,21.621702,-6.195068,1.586914
-0.119873,-1.071777,0.002686,-11.680602,-239.715561,-114.654533,0.244629,-0.654785,-1.111328,21.751402,-0.160217,-0.579834
-0.089844,-1.049561,-0.018555,-20.545958,-207.588181,-106.307976,0.223633,-0.65332,-1.089111,24.787901,-0.061035,-1.548767
-0.014648,-1.022705,-0.028564,-26.130674,-170.166,-100.654594,0.194824,-0.640381,-1.088867,29.258726,-2.418518,-0.038147
0.077148,-1.01416,-0.023193,-24.681089,-125.28228,-97.579948,0.169678,-0.643066,-1.125732,34.034729,-5.371093,1.670837
0.161865,-1.012207,-0.005127,-18.585205,-74.34845,-95.054619,0.165283,-0.696533,-1.060059,22.15576,-16.525269,-6.790161
0.192383,-1.012695,-0.026855,-12.779235,-20.973204,-93.582146,0.1604,-0.66626,-1.161621,40.161129,-1.976013,5.081176
0.166016,-1.020508,-0.122803,-8.277893,28.305052,-95.695488,0.137451,-0.634277,-1.160156,40.092468,4.310608,6.027221
-0.280029,-0.897705,0.205078,36.651611,-187.347397,-179.260239,0.130371,-0.580566,-1.141357,37.414551,7.453918,5.462646
-0.187012,-0.968506,0.085938,16.227722,-249.992355,-139.762878,0.140625,-0.546387,-1.111084,31.661985,5.828857,4.829407
-0.284668,-0.897217,0.227051,38.314819,-151.573181,-183.090195,0.148438,-0.557373,-1.106445,24.971006,2.616882,2.861023
-0.563477,-0.834229,0.103271,109.329216,173.896774,-227.050766,0.190674,-0.60791,-1.109131,21.194456,0.602722,0.091553
-0.350342,-0.874756,0.274658,44.769283,-82.771294,-194.35881,0.229004,-0.650635,-1.111084,17.776489,2.105713,-2.258301
0.018555,-1.031006,-0.42041,-4.966736,96.450798,-94.200127,0.226807,-0.669678,-1.120605,14.47296,5.531311,-3.593445
-0.303467,-1.69873,0.186768,80.00946,-84.136955,-31.059263,0.186768,-0.682129,-1.087158,15.968322,7.690429,-4.15802
-0.248535,-1.75293,0.240723,114.212029,-58.303829,-41.328426,0.142334,-0.697998,-0.987793,23.29254,8.621216,-3.547668
-0.219482,-1.732422,0.170898,139.450073,-28.45001,-58.403011,0.116211,-0.696777,-0.906006,28.320311,8.834839,-1.815796
-0.19873,-1.659912,0.134521,153.831482,4.03595,-80.398552,0.167236,-0.660645,-1.1521,38.337708,-6.072998,2.922058
-0.137939,-1.555176,0.092773,161.773666,37.42981,-103.202812,0.083496,-0.904541,-0.290527,-57.28149,-11.688231,-8.552551
-0.108887,-1.468506,0.056396,166.77092,74.356079,-128.517151,0.094971,-0.82373,-0.29248,-62.69836,-7.499694,-10.940551
-0.144043,-1.38501,0.056641,173.683151,109.268181,-153.022766,0.097168,-0.754639,-0.299561,-68.283081,0.015259,-11.45935
-0.193604,-1.213379,0.055908,178.787216,139.511108,-175.361618,0.031006,-0.804688,-0.535889,-36.590576,32.981873,-41.053768
-0.22583,-0.996826,0.08667,170.303329,166.030869,-194.854721,0.078857,-0.706055,-0.379639,-71.990967,21.835325,-20.63751
-0.310303,-0.888672,0.262695,41.458126,-117.874138,-188.4384,0.068848,-0.711426,-0.44043,-67.192078,31.143187,-27.740477
-0.263428,-0.8396,0.134521,146.972656,184.944138,-208.22142,0.07373,-0.734619,-0.501953,-58.380123,36.155701,-34.072876
-0.519287,-0.812744,0.127441,108.566277,194.465622,-211.715683,0.0625,-0.77002,-0.53833,-47.782894,36.659241,-39.169312
-0.613525,-0.831055,0.07373,109.596245,154.10614,-240.196213,0.09082,-0.717285,-0.332031,-71.868896,10.44464,-14.160155
-0.615234,-0.817383,0.05957,101.325981,140.899658,-244.300827,0.068604,-0.990479,-0.294434,-52.604671,-13.809203,-5.477905
-0.615234,-0.823242,0.098389,90.049736,126.358025,-245.6436,0.011719,-0.983154,-0.241943,-43.571468,26.878355,-28.70178
-0.620117,-0.836914,0.13208,80.825798,106.788628,-243.13353,0.031494,-1.156982,-0.231689,-43.922421,-18.287659,-10.078429
-0.572266,-0.828613,0.189209,70.358276,81.031792,-236.976608,0.034668,-1.201416,-0.200195,-40.52734,-14.564513,-13.999938
-0.522705,-0.818604,0.246826,60.203548,52.947994,-227.104172,0.037598,-1.167969,-0.207275,-39.512634,-5.401611,-17.089844
-0.469727,-0.820557,0.25415,51.078793,21.377562,-215.942368,0.035156,-1.081543,-0.231201,-40.801998,8.834839,-22.354124
-0.42749,-0.841309,0.240723,46.234127,-13.572692,-207.420334,-0.022461,-0.897461,-0.251709,-49.179073,46.157833,-34.263611
-0.390381,-0.864014,0.25708,45.783993,-48.393246,-200.775131,-0.045166,-0.837891,-0.23291,-58.387753,64.704895,-37.330627
-0.382568,-0.789795,0.157715,121.612541,196.197495,-211.868271,-0.047607,-0.814209,-0.158691,-67.146301,82.092278,-38.734436
-0.35376,-1.546143,0.095215,49.636837,-107.543938,-20.095823,-0.04248,-0.833252,-0.064453,-72.868347,97.251884,-40.39764
-0.077393,-1.01416,-0.51123,-5.531311,112.770073,-89.675896,-0.069092,-0.869873,0.014648,-75.843811,108.451836,-42.4118
-0.31665,-0.949707,-0.652588,-7.843017,99.189751,-73.707581,0.007813,-0.822021,-0.501709,-26.504515,26.237486,-38.978577
-0.786133,-0.649414,-0.855713,29.411314,-44.586178,-15.579223,-0.093994,-0.905273,0.073975,-79.109192,112.54882,-42.79327
-0.731201,-0.591309,-0.836182,25.779722,-55.747982,-7.4234,0.040039,-1.075684,-0.276611,-48.583981,-16.548157,-5.531311
-0.678467,-0.613037,-0.776123,25.444029,-55.923458,-3.959656,0.05957,-0.845703,-0.505859,-21.041868,17.242432,-36.727905
-0.615479,-0.693848,-0.724121,31.532286,-47.599789,-3.166198,0.094482,-0.821777,-0.53833,-35.469055,-81.855766,-33.073425
-0.579102,-0.733398,-0.779541,36.010742,-35.720825,-3.669739,0.154297,-0.887939,-0.623047,-24.002073,-9.83429,-36.193848
-0.614258,-0.745361,-0.857178,36.247253,-24.116514,-5.92041,-0.115967,-0.954834,0.106934,-81.138603,106.079094,-41.358944
-0.669434,-0.735352,-0.871338,34.011841,-16.746521,-7.591247,-0.025146,-0.843262,-0.397217,-59.394833,-49.453732,-53.779598
-0.707764,-0.714355,-0.849609,30.418394,-12.977599,-7.347106,-0.013916,-0.914795,-0.416016,-54.580685,-57.670589,-50.407406
-0.706787,-0.688232,-0.816895,27.793882,-8.041382,-6.828308,0.022705,-0.96167,-0.445068,-49.156185,-61.523434,-48.767086
-0.592529,-0.690674,-0.733887,27.359007,11.405944,-5.241394,0.050293,-0.990723,-0.479492,-45.707699,-62.004086,-46.363827
-0.811523,-0.699219,-0.881348,32.669067,-25.779722,-24.398802,0.052246,-1.00293,-0.506836,-43.525692,-60.653683,-43.083187
-0.586426,-0.689697,-0.723633,25.535582,24.726866,-4.463196,0.052002,-0.968262,-0.511719,-41.442867,-59.867855,-40.817257
-0.63916,-0.64917,-0.746094,14.709472,49.369808,-2.464294,0.049805,-0.901367,-0.503662,-40.336605,-62.080379,-38.612366
-0.638672,-0.621094,-0.740234,8.789063,58.784481,-3.288269,0.043457,-0.839844,-0.483887,-39.398193,-67.54303,-36.727905
-0.620605,-0.620361,-0.714111,5.737304,65.109253,-5.867004,0.058594,-0.809082,-0.439209,-37.80365,-75.454712,-35.018921
-0.609863,-0.645264,-0.651855,7.377624,67.771912,-8.857727,0.115967,-0.874268,-0.562012,-21.369932,5.691528,-36.628723
-0.631104,-0.671875,-0.63623,9.925842,61.744686,-11.070251,0.072266,-0.803467,-0.409424,-36.407471,-83.183281,-33.370972
-0.694336,-0.700928,-0.709961,11.909484,44.319149,-13.099669,0.094727,-0.835938,-0.479492,-35.949707,-86.875908,-33.462524
-0.773926,-0.708252,-0.752197,15.060424,17.990112,-13.061522,0.07251,-0.783203,-0.579102,-35.217285,-74.729919,-33.416748
-0.784424,-0.645752,-0.735352,14.86206,-10.917663,-7.614135,0.067871,-0.776855,-0.56665,-32.455444,-69.892883,-32.455444
-0.708252,-0.557373,-0.72168,9.963989,-33.26416,0.343323,0.071533,-0.797852,-0.51123,-28.022764,-68.122864,-29.792784
-0.195557,-0.993164,-0.583008,-6.484985,113.487236,-82.641594,0.084961,-0.838379,-0.476563,-24.116514,-68.832397,-27.229307
-0.615234,-0.675049,-0.737061,20.652769,37.68158,-3.364563,0.099365,-0.876709,-0.483398,-23.54431,-69.740295,-25.901793
-0.778809,-0.726318,-0.871338,36.598206,-4.150391,-30.578611,0.128174,-0.91626,-0.53833,-23.902891,-68.511963,-26.44348
-0.652588,-0.680664,-0.765137,27.046202,0.053406,-6.134033,0.173096,-0.92627,-0.60498,-23.765562,-61.988827,-28.20587
-0.664551,-0.746582,-0.749023,42.839046,27.328489,-37.17041,0.19873,-0.911621,-0.643555,-24.909971,-47.409054,-30.784605
-0.719971,-0.741943,-0.818359,40.618893,15.693664,-35.110474,0.190186,-0.896484,-0.654053,-25.80261,-28.45001,-33.927917
-0.418457,-0.901123,-0.77832,-11.085509,37.559509,-55.27496,0.076416,-0.818604,-0.429199,-36.460876,-87.310783,-33.103943
-0.420166,-0.897705,-0.799805,-8.69751,3.723144,-45.791622,-0.014404,-0.774902,-0.372559,-63.514706,-40.489193,-58.372494
-0.414063,-0.883545,-0.785889,-6.156921,-24.711607,-36.781311,-0.160889,-1.000977,0.138916,-79.040527,90.728752,-37.67395
-0.409668,-0.861816,-0.80957,-6.233215,-44.235226,-28.121946,-0.204346,-1.132568,0.217285,-70.4422,44.113155,-25.0473
-0.387939,-0.851807,-0.78833,-1.304626,-55.130001,-21.331785,0.385742,-0.688965,-0.437988,8.377075,52.047726,39.169312
-0.359619,-0.851074,-0.709473,12.741088,-59.471127,-17.402649,0.409424,-0.701172,-0.404053,9.44519,77.400208,48.728939
-0.397217,-0.835449,-0.700439,24.955748,-56.732174,-17.730713,0.423584,-0.756348,-0.37085,13.885497,102.241508,57.525631
-0.450928,-0.824219,-0.78125,29.861448,-48.362728,-21.240232,0.440186,-0.844238,-0.355225,20.004272,125.732414,65.414429
-0.464355,-0.827881,-0.838135,30.921934,-37.712097,-25.367735,0.455811,-0.961426,-0.361816,27.618406,143.424988,73.883057
-0.492188,-0.847412,-0.860352,29.350279,-25.085447,-29.548643,0.452881,-1.087646,-0.361816,37.155151,154.853821,80.444328
-0.390381,-0.9104,-0.724854,-10.360717,71.960449,-64.712524,0.444092,-1.215088,-0.347656,45.173641,160.598755,85.388176
-0.578857,-0.790039,-0.922119,19.882202,-3.02124,-33.706665,0.437744,-1.3479,-0.333496,51.277157,163.017258,89.675896
-0.536133,-0.845703,-0.879395,26.031492,-12.947082,-32.684326,0.423584,-1.463379,-0.334473,60.409542,160.987839,91.63665
-0.627686,-0.710693,-0.845215,33.180237,21.568296,-30.899046,0.392578,-1.526611,-0.342773,69.519043,150.970459,95.504753
-0.651855,-0.743896,-0.877686,30.685423,15.129088,-30.319212,0.35498,-0.714111,-0.439453,10.223388,26.992796,29.106138
-0.669434,-0.818848,-0.827637,32.745361,12.550353,-32.295227,0.350586,-1.564941,-0.351318,75.393677,129.837036,98.846428
-0.658447,-0.883057,-0.804688,31.845091,11.215209,-34.179688,0.322021,-1.645752,-0.333496,85.067741,76.042175,96.946709
-0.629639,-0.725342,-0.749023,39.581299,27.9541,-34.675598,0.442383,-1.650391,-0.326416,94.131462,80.749504,94.886772
-0.612061,-0.842529,-0.740723,16.197205,10.391234,-37.330627,0.395508,-1.537354,-0.301025,105.781548,92.132561,93.414299
-0.628174,-0.776367,-0.790283,10.047912,10.131835,-37.42218,0.266602,-1.412598,-0.280029,117.980949,81.588737,94.268791
-0.616455,-0.735596,-0.901123,11.428832,5.149841,-35.293579,0.21875,-1.305176,-0.278076,125.854485,57.044979,98.281853
-0.624512,-0.888672,-0.781982,24.932859,9.963989,-35.850525,0.210693,-1.204102,-0.290039,132.316589,34.362793,103.118889
-0.412842,-1.106201,0.126465,-48.019405,62.942501,51.277157,0.214844,-1.099609,-0.307617,135.513306,17.311096,108.02459
-0.338379,-0.939697,0.240234,-60.600277,74.21875,49.026485,0.227051,-1.010498,-0.319336,138.694763,7.92694,113.830559
-0.317627,-0.934814,0.251221,-63.896175,85.853569,47.805782,0.248047,-0.939453,-0.328125,143.707275,3.189087,119.270317
-0.312988,-0.94165,0.259766,-65.345764,95.29113,46.768185,0.256104,-0.88208,-0.322266,147.956848,-0.595093,123.527519
-0.324463,-0.9646,0.251465,-64.971924,101.264946,46.127316,0.295166,-1.597412,-0.344727,79.429626,98.472588,99.136345
-0.34082,-0.984863,0.23999,-62.660213,102.630608,46.302792,0.332031,-0.743164,-0.393555,11.436461,0.953674,21.530149
-0.366455,-1.012695,0.216553,-59.196468,98.617546,46.874996,-0.195557,-1.0625,0.17334,-74.867249,69.007874,-31.158445
-0.362549,-0.945801,0.223633,-55.641171,60.478207,51.506039,0.240723,-0.755371,-0.299072,8.911133,-41.816708,14.98413
-0.396484,-1.046143,0.182861,-55.549618,89.073174,48.164364,-0.188232,-1.233643,0.275391,-63.186642,20.317076,-22.727964
-0.406982,-1.078369,0.155273,-52.070614,75.897217,49.858089,-0.134766,-1.328613,0.294922,-51.269527,1.335144,-26.344297
-0.404053,-1.117676,0.098145,-44.013973,52.780148,52.398678,-0.050537,-1.352295,0.20874,-43.533321,-13.076781,-30.136106
-0.307617,-1.093018,0.032227,-16.88385,56.457516,58.639523,0.008545,-1.293945,0.096924,-41.465755,-20.256041,-30.296324
-0.33252,-1.120117,0.089844,-36.880493,46.432491,53.939816,-0.01123,-1.19458,0.027344,-40.092468,-23.231504,-27.336119
-0.296631,-1.124023,0.091309,-31.501768,48.690792,55.320736,-0.050049,-1.099121,0.005859,-37.902832,-26.641844,-25.665281
-0.290527,-1.117432,0.07251,-23.53668,52.37579,56.686398,0.291748,-0.754883,-0.342041,10.45227,-23.521421,17.211914
-0.307617,-1.059326,-0.017578,-12.901305,59.913631,60.836788,-0.07251,-1.022705,0.021729,-35.644531,-30.586241,-23.79608
-0.281982,-1.026123,-0.04126,-8.712769,62.904354,61.981197,-0.047363,-1.034424,0.030762,-34.248352,-29.685972,-23.269651
-0.246094,-1.000977,-0.046875,-2.990722,66.490173,61.882015,-0.000244,-1.050049,0.030762,-32.577515,-27.57263,-22.071836
-0.234863,-1.005615,-0.055908,4.051208,71.434021,61.302181,0.030762,-1.053955,0.036377,-31.524656,-26.603697,-19.050598
-0.234131,-1.039307,-0.072266,11.512755,78.201294,59.150692,-0.070557,-1.042236,0.008301,-36.254883,-29.510496,-24.612425
-0.197998,-1.093506,-0.085205,18.692017,84.518425,55.084225,0.013672,-1.070068,0.065674,-25.260923,-41.168209,-7.8125
-0.37085,-0.93042,0.196777,-53.306576,45.417782,57.220455,-0.002197,-1.087891,0.078857,-21.331785,-58.593746,-0.63324
-0.371582,-1.119629,0.083984,-40.542599,47.21069,52.986141,-0.002441,-1.125488,0.065186,-16.029358,-79.078674,5.15747
-0.367432,-0.883301,0.16333,-53.565975,32.814026,63.941952,0.05542,-1.1521,0.028564,-7.751464,-96.969597,7.980346
-0.163086,-1.157959,-0.088867,24.314878,88.523857,50.971981,0.144043,-1.128174,-0.049072,-0.526428,-106.269829,10.246276
-0.467773,-0.830566,-0.015381,-46.783443,27.984617,74.195862,0.225586,-1.043213,-0.159424,2.281189,-105.018608,12.489318
-0.316406,-0.458252,-0.168701,-34.721375,40.328976,45.173641,0.279785,-0.934814,-0.244873,3.250122,-94.90966,13.145446
-0.300781,-0.546387,-0.116943,-33.309937,39.619446,48.912045,0.292725,-0.853516,-0.27417,5.546569,-81.512444,13.336181
-0.294434,-0.708984,-0.070313,-23.124693,38.787842,49.98016,0.260498,-0.802979,-0.263428,8.293152,-68.199158,13.908385
-0.324707,-0.814209,-0.068359,-13.244628,38.261414,52.711483,0.226807,-0.77002,-0.262451,8.834839,-55.580135,14.266967
-0.357178,-0.818848,-0.096924,-11.856078,38.917542,58.006283,0.02832,-1.062744,0.051758,-29.251097,-30.250547,-14.251708
-0.364502,-0.726563,-0.122559,-18.875122,41.366573,65.444946,0.263184,-1.103271,-0.654053,24.276731,69.953918,-0.63324
-0.352051,-0.600586,-0.146973,-31.967161,46.546932,71.922302,0.272705,-1.067871,-0.651367,24.017332,79.109192,-3.105163
-0.315186,-0.517578,-0.140381,-42.549129,53.398129,74.111938,0.279297,-1.051514,-0.674072,25.062559,87.112419,-6.095886
-0.281738,-0.502441,-0.103271,-46.394344,63.20953,73.120117,0.29834,-1.047607,-0.686768,28.015135,90.782158,-7.6828
-0.271973,-0.523438,-0.057373,-47.897335,76.499939,71.907043,0.243164,-1.059814,-0.481689,50.354,41.252132,-5.187988
-0.407227,-0.845703,0.086426,-52.24609,27.084349,68.565369,0.343262,-1.064941,-0.636963,38.818359,78.422546,-5.935668
-0.280029,-0.555176,-0.043701,-50.819393,90.988152,71.731567,0.344238,-1.059814,-0.581055,43.41888,64.682007,-4.669189
-0.375488,-0.640869,-0.065186,-54.077145,112.960808,73.661804,0.320801,-1.064453,-0.515381,47.599789,51.078793,-4.440308
-0.448975,-0.688477,-0.046631,-50.773617,116.958611,75.149536,0.326416,-1.055908,-0.670166,33.432007,87.875359,-7.194519
-0.495361,-0.744141,-0.023926,-43.289181,113.281242,76.644897,0.266113,-1.146729,-0.68457,25.886534,60.913082,1.38092
-0.528809,-0.802002,-0.009033,-33.287048,104.446404,77.972412,0.212402,-0.877197,-0.682861,6.645202,10.124206,20.294188
-0.57251,-0.847656,0.018066,-23.483274,93.757622,78.971863,0.251465,-1.170654,-0.730713,29.159544,38.642883,8.285522
-0.60376,-0.883545,0.0354,-16.189575,81.161491,80.436699,0.234863,-1.186279,-0.719482,30.174253,28.022764,12.100219
-0.605225,-0.918457,0.035645,-13.999938,66.642761,81.68029,0.260498,-1.189941,-0.718262,30.029295,22.102354,14.335631
-0.582031,-0.943604,0.016846,-17.196655,53.482052,82.153313,0.313232,-1.138428,-0.746338,26.43585,23.658751,14.10675
-0.556885,-0.920166,-0.029785,-24.635313,43.251034,82.359306,0.356934,-1.067383,-0.771729,21.202085,31.524656,13.252257
-0.520752,-0.854004,-0.064941,-36.323547,34.126282,80.00946,0.359863,-1.030518,-0.762695,16.662598,42.266842,12.359618
-0.308105,-0.596191,-0.057129,-53.50494,103.584282,72.357178,0.312988,-1.013428,-0.742676,13.580321,48.690792,12.687682
-0.165771,-1.220703,-0.081055,28.190611,89.416496,47.676083,0.234619,-0.985352,-0.708008,11.520385,45.593258,13.885497
-0.304688,-0.467041,-0.202148,-27.099607,40.138245,40.504452,0.182617,-0.945313,-0.669434,10.856627,33.866882,15.289306
-0.250488,-1.260498,-0.060059,29.251097,78.681946,42.648312,0.184814,-0.898926,-0.651855,9.391785,20.088194,17.402649
0.200684,-1.011963,0.3396,-169.28862,8.682251,63.934322,0.162354,-1.003174,-0.500488,52.169796,35.324097,-5.455017
0.249268,-1.084229,0.371338,-153.930664,43.853756,55.01556,0.268066,-1.16626,-0.722412,27.816771,50.354,4.455566
0.262695,-1.144287,0.374268,-133.506775,80.604546,47.348019,0.16333,-0.954834,-0.603027,54.992672,30.769346,-6.431579
0.240967,-1.184326,0.368164,-109.336845,117.294304,42.320248,-0.045654,-1.137695,-0.361816,93.513481,-0.411987,4.66156
0.1875,-1.196289,0.344727,-82.321159,152.71759,35.743713,0.265869,-1.063477,-0.598633,66.101074,4.425049,-3.64685
0.13208,-1.171387,0.270264,-57.365414,180.686935,27.427671,0.233154,-0.876953,-0.708252,3.761291,6.91986,22.979734
0.043213,-1.116211,0.18042,-38.269043,198.341354,24.696348,0.107178,-0.929199,-0.346924,93.559258,44.105526,23.460386
-0.043945,-1.048584,0.085449,-25.787352,201.705917,26.161192,0.103271,-0.984375,-0.344482,94.238274,34.179688,23.933409
-0.13208,-0.99292,-0.002441,-15.922545,189.651474,27.648924,0.086182,-1.009033,-0.340332,94.795219,23.597715,23.811338
-0.200195,-0.967285,-0.080078,-3.02124,164.039597,26.863096,0.0979,-1.03418,-0.336426,95.634453,15.846251,24.085997
0.136963,-0.94165,0.263184,-175.979599,-22.773741,74.165344,0.115479,-1.048584,-0.330322,96.206657,13.46588,23.971556
-0.280518,-0.940918,-0.155029,11.474608,131.454468,23.948668,0.111328,-1.065674,-0.307617,97.244255,12.634276,23.193357
-0.403809,-0.813721,-0.235352,25.962828,63.430782,20.027161,0.09668,-1.086182,-0.296631,97.778313,11.535644,22.003172
-0.433594,-0.712891,-0.256836,18.722534,27.931211,18.058777,0.08252,-1.110107,-0.299561,97.702019,11.589049,19.805908
-0.443359,-0.625977,-0.258545,3.059387,-6.317138,17.021179,0.062988,-1.138916,-0.277344,98.869316,11.932372,15.968322
-0.457764,-0.608154,-0.23877,-13.084411,-37.879944,16.975403,0.220703,-0.986572,-0.636475,59.700008,22.331236,-6.614685
-0.471436,-0.668701,-0.209717,-21.232603,-66.436768,16.807556,0.04248,-1.170654,-0.259277,100.990288,12.702941,11.230468
-0.462646,-0.787109,-0.18457,-18.65387,-93.101494,14.541625,-0.016846,-1.17041,-0.329834,97.251884,7.911682,4.943848
-0.480957,-0.925537,-0.164795,-8.911133,-114.250175,10.101317,-0.059814,-1.109619,-0.37793,89.973442,-11.802672,5.630493
-0.504395,-1.070557,-0.120117,2.342224,-127.883904,1.876831,-0.0625,-1.104736,-0.39917,87.318413,-24.940489,6.149292
-0.48999,-1.20752,-0.030273,14.47296,-131.637573,-5.744934,-0.044434,-1.11499,-0.399414,86.227409,-38.963318,5.577087
-0.419678,-1.361816,0.037109,29.090879,-124.137871,-11.688231,0.030518,-1.126465,-0.372314,86.753838,-53.558346,6.79779
-0.362793,-0.898682,-0.195557,22.712706,98.892204,21.812437,0.10376,-1.11377,-0.359863,86.21978,-64.720154,9.33075
0.108887,-0.925781,0.193359,-169.181808,-48.812862,84.442131,0.142334,-1.093018,-0.399414,85.319511,-67.726135,9.475708
-0.206299,-1.254883,-0.070557,29.479979,86.135857,45.600887,0.191406,-1.096436,-0.453369,84.434502,-61.202999,6.629943
0.185547,-0.913818,0.150391,-142.616272,-94.093315,99.502556,0.24585,-1.116211,-0.51416,81.398003,-44.578548,2.510071
-0.239502,-1.219238,-0.047607,25.718687,72.532654,35.499573,0.269531,-1.114502,-0.564453,74.47052,-20.332335,-0.63324
-0.157959,-1.157471,-0.031006,19.340515,73.753357,28.167723,0.022705,-1.184814,-0.291992,100.883476,11.886596,7.30133
-0.10083,-1.151855,0.022705,18.432617,79.338074,20.568846,0.240234,-0.874268,-0.71875,0.297546,8.834839,23.262022
-0.090088,-1.196777,0.072754,25.825499,84.503166,12.092589,0.140137,-0.897461,-0.357666,94.192497,55.908199,22.056578
-0.104736,-1.200928,0.050049,32.615662,85.227959,7.362365,0.185303,-0.811768,-0.691895,-1.449585,9.773254,25.512693
-0.154541,-1.086914,0.007813,30.85327,83.374016,9.307861,-0.098145,-0.602051,-0.60376,-23.406981,28.07617,-32.981873
-0.239746,-0.90332,0.051025,22.079466,82.298271,11.917113,-0.095459,-0.625244,-0.499023,-29.350279,22.300718,-32.928467
-0.272217,-0.801025,0.093018,16.273499,77.407837,15.197753,-0.066895,-0.70874,-0.389648,-33.714294,12.779235,-33.203125
-0.261475,-0.787109,0.068359,14.114379,64.880371,23.658751,-0.024902,-0.760742,-0.344482,-37.963867,0.87738,-36.430359
-0.256348,-0.80127,0.029297,10.848998,44.05212,35.552979,-0.009033,-0.765137,-0.341797,-42.533871,-10.330199,-41.213985
-0.258789,-0.825684,-0.005859,6.195068,15.167235,49.407955,-0.008545,-0.762451,-0.356201,-45.097347,-19.630432,-43.05267
0.164307,-0.927002,0.165771,-156.455994,-72.151184,92.681877,-0.020508,-0.688232,-0.368896,-49.247738,-28.190611,-41.023251
-0.234131,-0.890869,0.029297,-4.264832,-53.573605,74.035645,-0.065186,-0.615723,-0.384277,-54.565426,-35.728455,-40.367123
-0.174072,-0.933838,0.05127,-9.277344,-86.318962,82.931511,-0.093018,-0.615967,-0.365967,-55.839535,-40.870663,-41.130062
-0.099121,-0.974121,0.08374,-14.427184,-115.135185,91.026299,-0.049805,-0.670654,-0.298096,-56.434628,-45.104977,-38.085938
-0.054688,-1.042236,0.137207,-18.539429,-139.389038,100.021355,-0.038818,-0.635742,-0.665039,-16.532898,26.725767,-31.211851
-0.046143,-1.094238,0.152832,-21.842955,-155.36499,106.483452,-0.009277,-0.755371,-0.209961,-55.717464,-47.042843,-37.376404
-0.01123,-1.05957,0.113037,-34.561157,-159.919739,109.626762,0.015381,-0.9021,-0.248779,-57.571407,-44.250484,-43.975826
0.030518,-0.967285,0.06958,-60.272213,-154.464722,110.78643,0.036133,-0.865234,-0.306396,-63.507076,-43.891903,-48.21014
0.051514,-0.897949,0.07251,-88.088982,-143.02063,109.504692,0.029053,-0.748047,-0.345947,-67.008972,-44.151302,-52.314754
0.092773,-0.882813,0.097656,-110.214226,-129.402161,106.643669,0.001953,-0.626953,-0.373291,-73.509216,-44.166561,-53.398129
0.148682,-0.892578,0.124756,-127.944939,-112.922661,103.584282,-0.007568,-0.558594,-0.355469,-79.292297,-41.793819,-53.771969
-0.252197,-0.855469,-0.004639,1.068115,-18.692017,62.896725,-0.011475,-0.553223,-0.314697,-80.848686,-37.567139,-54.817196
-0.182129,-1.222168,0.036377,120.666496,4.249573,-5.798339,-0.021973,-0.585449,-0.298096,-79.284668,-34.156799,-55.656429
-0.139404,-1.209717,-0.010254,111.938469,-12.817382,0.999451,-0.013184,-0.630127,-0.306152,-77.255249,-32.554626,-57.106014
-0.125732,-1.143311,-0.15625,96.30584,-31.372068,6.912231,-0.001953,-0.676025,-0.320557,-73.493958,-32.325745,-59.799191
-0.11084,-1.049316,-0.281982,92.185966,-47.737118,8.987427,-0.003174,-0.724365,-0.342773,-68.199158,-34.622192,-60.974117
0.011719,-1.292725,0.10376,153.625488,-156.242371,0.686645,-0.001953,-0.850586,-0.200928,-53.108212,-45.982357,-40.740963
-0.065186,-1.063232,-0.20459,134.124756,-79.76532,6.492614,0.001465,-0.710693,-0.694824,-7.972717,19.966125,-28.060911
-0.059082,-1.147461,-0.087402,157.661438,-100.730888,4.837036,0.21875,-0.849121,-0.718506,-1.686096,10.925292,23.437498
-0.01416,-1.235352,0.031006,166.740402,-127.67028,3.501892,-0.050537,-0.758301,-0.733887,2.807617,5.622863,-15.99121
-0.259766,-1.174072,-0.008301,119.224541,14.587401,-9.056091,0.168213,-0.781738,-0.649414,-0.183105,5.012512,28.121946
-0.080811,-1.015869,-0.293457,107.589714,-63.346859,8.781433,0.169189,-0.777832,-0.624268,0.862122,-0.915527,28.900145
-0.350342,-1.101807,-0.075928,110.046379,16.014099,-10.871886,0.176758,-0.793213,-0.643066,-0.671387,-5.310058,27.130125
-0.598389,-1.0979,-0.155518,67.558289,-47.7066,-13.900756,0.193115,-0.807617,-0.681152,-3.944397,-7.164001,24.429319
-0.471436,-1.026367,-0.227783,84.556572,-4.020691,-9.819031,0.219238,-0.808594,-0.702881,-8.087158,-6.698608,22.201536
-0.495117,-1.039307,-0.25,76.225281,-17.799377,-9.727478,0.214355,-0.806641,-0.716064,-13.534545,-2.830505,19.515991
-0.5354,-1.071533,-0.194336,72.08252,-31.959532,-11.543273,-0.02002,-0.771973,-0.713867,-0.274658,11.878966,-22.270201
-0.647461,-1.119385,-0.176514,61.477657,-63.865658,-14.678954,0.142334,-0.86084,-0.69873,-20.492552,3.746032,14.823913
-0.67041,-1.116699,-0.212158,55.816647,-78.361511,-14.122008,0.098877,-0.848633,-0.662354,-19.989014,-0.061035,14.625548
-0.657227,-1.055908,-0.260986,43.884274,-88.752739,-13.565063,0.061279,-0.806641,-0.631592,-18.424988,-7.858276,16.265869
-0.602783,-0.98877,-0.285645,24.765013,-90.179436,-13.96942,0.037598,-0.775635,-0.629639,-18.692017,-13.984679,17.692566
-0.525635,-0.989746,-0.216797,11.695861,-80.841057,-15.403747,0.177979,-0.831299,-0.720459,-18.39447,2.113342,16.784668
-0.48584,-1.03418,-0.144287,7.286071,-63.537594,-18.2724,0.041748,-0.781494,-0.694092,-20.26367,-15.907287,15.014647
-0.081055,-1.284668,0.075195,119.834892,-179.801926,-7.6828,0.039063,-0.791992,-0.660645,-18.836975,-14.35089,15.930175
-0.430664,-1.047852,-0.152344,96.839897,8.705139,-10.856627,-0.025879,-0.7229,-0.723145,1.495361,0.892639,-12.489318
-0.197021,-1.243896,-0.004883,87.013237,-192.558273,-23.704527,-0.006104,-0.752197,-0.690186,-2.349854,0.816345,-10.963439
-1.355225,-1.199951,-0.075439,-19.836426,-132.995605,-4.257202,0.019287,-0.757813,-0.672119,-8.766174,0.022888,-7.064819
-0.311523,-1.221436,-0.051514,73.677063,-195.106491,-58.868404,0.039551,-0.763428,-0.678467,-16.464233,-2.761841,-2.479553
-0.531982,-0.695313,0.222656,58.341976,84.785454,-52.673336,-0.047607,-0.721924,-0.742432,2.563476,2.212524,-13.061522
-0.619141,-0.686523,0.183838,69.099426,58.204647,-63.362118,0.082031,-0.786377,-0.696533,-27.603148,-13.641356,8.247375
-0.733154,-0.65918,0.150146,77.941895,24.604795,-72.341919,0.091797,-0.811035,-0.69043,-27.336119,-17.990112,11.154174
-0.823242,-0.652588,0.129395,81.237785,-19.294739,-67.687988,0.069824,-0.811279,-0.687744,-25.344847,-19.737244,13.290404
-0.792969,-0.670898,0.120361,81.382744,-70.884705,-54.473873,0.044922,-0.782471,-0.693604,-23.017881,-19.172668,15.1062
-0.735352,-0.690186,0.084229,82.290642,-114.517204,-40.817257,0.056396,-0.765869,-0.69165,-24.085997,-7.843017,3.158569
-0.699707,-0.686523,0.003662,80.80291,-145.957947,-18.882751,0.346436,-1.200439,-0.455078,-109.069817,-68.717957,-66.146851
-0.651855,-0.64917,-0.028076,68.67218,-159.713745,-1.274109,0.334229,-1.18042,-0.506592,-104.148857,-77.346802,-62.126156
-0.572021,-0.575439,-0.098145,37.071228,-147.766113,-9.658813,0.335938,-1.157227,-0.54834,-100.769035,-86.326591,-56.320187
-0.584473,-0.579834,-0.143311,-8.934021,-126.380913,-33.851624,0.353027,-1.13916,-0.583496,-99.113457,-92.353813,-50.003048
-0.272461,-1.206299,-0.052734,73.249817,-196.441635,-42.022701,0.365723,-1.145264,-0.587402,-97.320549,-95.726006,-43.159481
-0.749023,-0.697266,-0.067383,-34.866333,-133.460999,-47.431942,0.380615,-1.177002,-0.522461,-94.474785,-99.105827,-34.965515
-0.502197,-1.10791,-0.132568,6.034851,-43.434139,-23.674009,0.383789,-1.233643,-0.461914,-89.469902,-101.325981,-27.641294
-1.049561,-1.31543,-0.131348,22.544859,-132.225037,-61.462399,0.390137,-1.276855,-0.432617,-81.016533,-103.256218,-20.820616
-0.866699,-1.226318,-0.018066,17.814636,-132.987976,-99.70092,0.369873,-1.274414,-0.401123,-71.121216,-106.620781,-13.59558
-0.567383,-1.136963,0.0354,-1.266479,-134.620667,-110.603325,0.346924,-1.249512,-0.372803,-62.19482,-112.144463,-7.057189
-0.466064,-1.177002,0.07373,0.640869,-143.913269,-116.897575,0.164795,-0.861572,-0.225098,53.054806,-177.337631,13.557433
-0.444824,-1.292236,0.148682,16.082764,-159.187317,-114.555351,0.328613,-1.236328,-0.389404,-47.531124,-124.389641,2.922058
-0.395996,-1.363037,0.164307,34.217834,-171.539291,-108.657829,0.344238,-1.236572,-0.395264,-40.100098,-128.364563,7.507324
-0.307617,-1.381348,0.12793,51.62048,-180.084213,-101.264946,0.355225,-1.234863,-0.344727,-30.319212,-129.966736,10.353087
-0.302002,-1.350586,0.060303,65.78064,-185.852036,-89.363091,0.373779,-1.227051,-0.304443,-17.593384,-130.142212,11.558532
-0.32373,-1.2854,-0.008789,73.410034,-191.062912,-74.928284,0.368652,-1.171631,-0.272217,-5.851745,-129.844666,12.489318
-1.193115,-0.926758,-0.003906,-42.366024,-145.324707,-19.950867,0.327148,-1.103027,-0.24585,3.128052,-131.744385,13.259887
-0.521729,-1.201416,-0.134033,10.208129,-27.153013,-31.433104,0.283691,-1.049561,-0.22876,13.542174,-138.298035,13.97705
-0.509766,-0.665771,0.223633,45.898434,109.497063,-48.690792,0.23291,-1.003174,-0.197266,25.840757,-148.155212,15.045165
-0.582764,-1.278564,-0.210205,23.300169,-10.688781,-42.060848,0.200928,-0.947998,-0.173096,36.636353,-159.27124,15.800475
-0.512939,-0.861816,-0.598633,-5.989074,-13.710021,-17.990112,0.177246,-0.89917,-0.186523,45.127865,-169.944748,15.304564
-0.427734,-0.895508,-0.5896,3.730774,-8.354187,-19.218445,0.349609,-1.220947,-0.400146,-114.974968,-62.599178,-68.80188
-0.37085,-0.908691,-0.564453,17.204285,5.691528,-23.597715,0.328369,-1.231689,-0.364746,-54.603573,-118.675224,-1.76239
-0.346191,-0.854492,-0.566895,23.361204,20.706175,-28.07617,0.353027,-1.22998,-0.371094,-121.459953,-58.265682,-69.732666
-0.386719,-0.773926,-0.644043,15.457152,32.241821,-26.985167,0.172119,-0.968262,-0.012451,-140.25116,-13.259887,-89.080803
-0.476074,-0.704346,-0.706299,0.549316,35.377502,-16.593933,0.321533,-1.193604,-0.448975,-131.973267,-50.384518,-71.853638
-0.554443,-0.654297,-0.730957,-13.931273,27.168272,-2.784729,0.170166,-0.812744,-0.249756,59.196468,-178.070053,12.08496
-0.562744,-0.586182,-0.697021,-27.587889,11.779784,5.004883,0.073242,-0.53833,-0.07373,-70.899963,-45.043941,-107.826225
-0.487305,-0.602539,-0.564697,-36.903381,-3.64685,5.645751,0.092041,-0.606201,-0.091064,-76.805115,-36.4151,-111.640923
-0.339355,-0.754395,-0.391113,-28.030394,-9.666443,7.858276,0.085938,-0.615234,-0.113525,-83.282463,-30.906675,-114.234917
-0.590576,-0.856934,-0.608154,-11.009215,-9.101868,-17.936707,0.075684,-0.581299,-0.112793,-93.551628,-26.573179,-113.388054
-0.195801,-0.914795,-0.294434,-2.166748,-0.106812,13.023376,0.080078,-0.549805,-0.0979,-106.582634,-21.354673,-110.511772
-0.142822,-0.812744,-0.345215,23.078917,42.060848,10.749816,0.090332,-0.571777,-0.053711,-114.883415,-16.143799,-108.589165
-0.157715,-0.6521,-0.388428,10.025024,49.125668,7.469177,0.095947,-0.643311,0.001953,-117.538445,-11.924743,-107.582085
-0.225342,-0.54834,-0.461914,-6.217956,45.181271,11.680602,0.116943,-0.70874,0.038086,-119.880669,-9.635925,-105.545036
-0.267578,-0.52124,-0.494385,-18.234253,37.704468,19.889832,0.134033,-0.762939,0.043213,-124.786369,-8.300781,-102.340691
-0.255615,-0.601074,-0.399658,-18.531799,30.921934,23.994444,0.342773,-1.218018,-0.390625,-127.746574,-54.298397,-70.121765
-0.23584,-0.75415,-0.220459,-3.40271,27.275084,24.742125,0.13501,-0.827148,0.030273,-130.187988,-7.56073,-98.94561
-0.226318,-0.85083,-0.122314,13.450622,27.511595,26.56555,0.1604,-0.917725,-0.007813,-137.931824,-9.963989,-92.01049
-0.23584,-0.831787,-0.121582,19.081116,30.4718,30.738829,0.188965,-1.025391,-0.023193,-140.533447,-17.684937,-87.196342
-0.230469,-0.703857,-0.159424,9.681702,34.423828,34.77478,0.219971,-1.073975,-0.037598,-139.137268,-23.231504,-84.823601
-0.255371,-0.55542,-0.204102,-10.223388,38.253784,37.513733,0.235596,-1.124512,-0.066406,-137.35199,-29.022215,-82.160942
-0.152344,-0.949463,-0.309326,20.713804,22.071836,15.045165,0.25415,-1.178711,-0.099121,-134.986877,-34.332275,-79.711914
-0.61084,-0.875244,-0.618408,-14.35852,1.029968,-18.417358,0.276123,-1.218994,-0.139648,-132.011414,-38.108826,-77.522278
-0.544189,-1.263916,-0.150146,19.134521,-16.693115,-38.497925,0.292725,-1.237305,-0.194824,-128.78418,-40.588375,-75.942993
-0.568604,-0.893799,-0.597412,-19.287109,19.607544,-21.377562,0.306641,-1.236816,-0.264893,-127.372734,-42.518612,-74.623108
-0.611572,-1.23999,-0.260498,19.241333,-9.475708,-41.313168,0.306885,-1.219971,-0.357422,-128.677368,-43.945309,-74.028015
-0.631836,-1.143066,-0.291992,8.735657,-13.168334,-37.17804,0.301025,-1.193848,-0.446289,-131.866455,-46.493526,-73.806763
-0.654785,-1.071045,-0.332764,-3.631592,-22.209166,-32.623291,0.140869,-0.878174,0.003418,-134.437561,-7.93457,-95.481865
-0.679443,-1.060547,-0.380615,-10.2005,-34.812927,-28.282164,0.039551,-0.437744,-0.10376,-66.970825,-54.443356,-104.064934
-0.686035,-1.047363,-0.398193,-12.733459,-47.264095,-22.895811,0.189941,-0.766602,-0.257568,61.500546,-170.166,11.604308
-0.66626,-1.011719,-0.423096,-18.753052,-57.365414,-16.143799,0.196533,-0.788818,-0.239746,58.601376,-138.198853,9.994507
-0.58667,-0.892822,-0.605469,-17.63916,11.741637,-20.011902,0.311035,-0.583008,0.02124,-2.26593,75.370789,12.931823
-0.595947,-0.973389,-0.461426,-31.539915,-63.20953,-7.156372,0.284912,-0.538574,-0.014404,-2.090454,93.315117,12.725829
-0.545166,-1.023926,-0.424316,-28.762815,-60.638424,-6.065368,0.265625,-0.521973,-0.056885,-2.563476,110.183708,12.008666
-0.510254,-1.079346,-0.440674,-22.521971,-54.618832,-7.286071,0.253174,-0.544678,-0.093262,-0.63324,124.252312,13.160705
-0.505371,-1.102539,-0.466064,-15.007018,-45.623775,-9.849548,0.273682,-0.601807,-0.114746,5.050659,135.993958,18.516541
-0.63501,-0.971924,-0.468262,-27.122496,-62.896725,-10.44464,0.308105,-0.682373,-0.112061,16.967773,149.131775,26.496885
-0.490723,-0.974365,-0.491943,-8.110046,-24.597166,-14.442443,0.347656,-0.761475,-0.123291,32.867432,165.916428,33.302307
-0.470459,-0.895752,-0.540283,-13.519286,-12.878417,-16.410828,0.396729,-0.790527,-0.166992,46.669003,184.905991,35.858154
-0.462402,-0.87915,-0.594482,-17.974854,0.099182,-18.447876,0.416016,-0.77124,-0.241211,52.276608,203.483566,31.639097
-0.46875,-0.903564,-0.596436,-17.250061,12.832641,-21.003721,0.445801,-0.677734,-0.402344,56.632992,230.52977,22.071836
-0.49292,-0.924561,-0.577393,-14.190673,22.186277,-23.262022,0.320068,-0.627441,0.046875,-6.584167,56.312557,12.527465
-0.530762,-0.92749,-0.575684,-12.20703,26.832579,-25.199888,0.413818,-0.679199,-0.40625,59.341427,236.030563,25.146482
-0.556641,-0.912354,-0.581055,-11.672973,27.206419,-26.123045,0.29126,-0.715576,-0.431152,66.932678,210.403427,31.234739
-0.563965,-0.896484,-0.603027,-12.641906,25.314329,-25.413511,0.286133,-0.712402,-0.399658,73.860168,188.507065,30.647276
-0.569336,-0.889893,-0.629883,-15.693664,23.941038,-23.895262,0.219727,-0.717529,-0.359619,77.934265,165.466293,29.930113
-0.573486,-0.887451,-0.625244,-18.516541,23.086546,-22.499083,0.146729,-0.745117,-0.362793,79.963684,139.015198,30.700682
-0.504883,-1.06543,-0.471924,-8.483887,-35.491943,-12.222289,0.14209,-0.758301,-0.326172,83.45031,113.769524,32.119751
-0.610107,-1.351318,0.020264,-35.301208,64.819336,178.329453,0.161621,-0.779541,-0.29541,86.807243,93.940727,31.646727
-0.540039,-1.345215,0.054443,-37.452698,72.532654,177.642807,0.156006,-0.812256,-0.289307,88.706963,78.025818,28.854368
-0.483398,-1.30835,0.084717,-39.894104,78.37677,175.910934,0.155273,-0.865234,-0.312012,90.202324,67.657471,25.131224
-0.436768,-1.257568,0.094971,-42.892452,83.541862,174.568161,0.167725,-0.905273,-0.345703,93.643181,63.354488,22.361753
-0.237061,-0.982422,0.109131,-47.32513,93.612663,164.657578,0.197266,-0.756836,-0.262207,60.409542,-156.1203,11.291503
-0.327393,-1.152344,0.10791,-46.874996,90.736382,172.134384,0.336914,-0.703857,-0.411133,62.187191,228.813156,28.968809
-0.289307,-1.096191,0.109619,-47.630306,92.582695,169.403061,0.310059,-0.632813,0.047607,-16.700745,36.819458,12.557982
-0.263916,-1.038086,0.108154,-48.118587,93.086235,167.02269,0.431152,-0.7229,-0.3396,54.603573,218.742355,23.597715
-0.378662,-1.205322,0.101807,-45.639034,87.471001,173.904404,0.244873,-0.609863,0.034424,-34.317017,9.910583,13.046264
-0.662109,-1.329102,-0.03418,-35.636902,56.831356,179.49675,0.228271,-0.844238,-0.191162,54.946896,-116.485588,9.597778
-0.833252,-1.309326,-0.127197,-33.027649,80.024719,67.001343,0.291504,-0.61084,0.038086,-27.519224,19.91272,12.863158
-0.6875,-1.251709,-0.139404,-42.938229,49.087521,178.543076,0.292725,-0.909912,-0.177734,47.370907,-90.286247,10.787963
-0.701172,-1.255859,-0.110352,-41.580196,46.691891,174.407944,0.35083,-0.968018,-0.191895,37.643433,-58.509823,11.024474
-0.737305,-1.273682,-0.0896,-38.902283,44.082638,169.654831,0.388672,-1.0,-0.175293,27.534483,-24.253843,9.819031
-0.784912,-1.280762,-0.103271,-35.255432,40.40527,163.696274,0.392578,-1.024902,-0.107178,17.181396,8.880615,7.972717
-0.840576,-1.263916,-0.119629,-31.669615,35.110474,156.867981,0.363525,-1.050781,-0.039307,7.278442,37.261963,6.347656
-0.888428,-1.220703,-0.151367,-32.00531,29.58679,148.368835,0.287109,-1.089355,0.057129,-11.360168,75.202942,3.662109
-0.895752,-1.181152,-0.207031,-37.307739,28.633116,137.069702,0.265869,-1.097168,0.074219,-20.858763,83.892815,2.571106
-0.842529,-1.160156,-0.234619,-43.525692,35.095215,122.161858,0.258789,-1.079102,0.084229,-29.724119,89.965813,0.656128
-0.772705,-1.174561,-0.202148,-45.593258,48.194881,104.278557,0.286377,-1.049805,0.089111,-38.833618,94.528191,-0.938415
-0.763672,-1.243896,-0.149414,-41.183468,64.704895,86.044304,0.319824,-1.070557,0.016357,-1.785278,59.860226,4.737854
-0.19751,-0.931885,0.119629,-45.806881,94.268791,161.949142,0.271484,-1.009033,0.117188,-54.176327,99.205009,-0.045776
-0.68457,-1.282471,-0.109375,-39.764404,51.834103,180.801376,0.204102,-0.634033,0.053955,-37.689209,5.744934,14.160155
-0.162354,-0.878906,0.130859,-44.067379,95.062248,159.584045,0.298828,-1.019043,0.107666,-47.21069,98.045341,-1.319885
-0.189697,-0.334717,-0.124268,-37.704468,142.471313,119.407646,0.188965,-0.770264,0.093262,-43.518063,13.832091,16.677856
-0.139648,-0.771973,0.148682,-39.268494,94.963066,156.341553,0.189697,-0.868652,0.0979,-47.355648,25.138853,14.465331
-0.887695,-1.289795,-0.128906,-26.481627,89.408867,48.507687,0.169434,-0.97168,0.123779,-51.071163,38.993835,10.246276
-0.215088,-0.217773,-0.371582,20.881651,31.455992,43.037411,0.187744,-0.688477,0.073242,-40.199276,6.958007,16.410828
-0.17627,-0.187988,-0.341309,16.929626,41.65649,53.344723,0.161865,-1.047363,0.164063,-59.783932,69.664001,4.379272
-0.133545,-0.149414,-0.332275,7.957458,56.137081,61.683651,0.178955,-1.027588,0.146729,-61.69891,84.266655,3.486633
-0.127197,-0.137207,-0.327881,-1.914978,70.983887,67.573547,0.227295,-1.009277,0.128418,-59.585567,94.566338,2.113342
-0.150391,-0.153809,-0.325439,-8.430481,84.114067,73.638916,0.16626,-1.036865,0.159668,-55.366512,53.512569,6.385803
-0.165527,-0.193848,-0.331543,-11.528014,95.634453,79.193115,0.235107,-0.980713,-0.949463,-11.360168,4.386902,-9.613037
-0.161133,-0.254395,-0.309814,-12.71057,103.012077,83.969109,0.064941,-0.925049,-0.621826,-28.564451,8.537292,-10.772704
-0.166992,-0.340576,-0.250488,-8.888245,108.009331,87.631218,0.087402,-0.934082,-0.643555,-28.244017,8.308411,-12.153625
-0.185059,-0.424805,-0.188721,-3.379822,113.128654,91.598503,0.113037,-0.929688,-0.681885,-28.57971,8.369446,-12.939452
-0.140137,-0.827881,0.139893,-41.984554,95.230095,157.775879,0.121094,-0.935547,-0.736816,-28.511045,7.93457,-12.96997
-0.193115,-0.458008,-0.179932,-5.905151,118.309013,99.212639,0.124756,-0.949463,-0.777344,-27.45056,6.118774,-12.557982
-0.183838,-0.352051,-0.19043,-30.693052,134.216309,115.70739,0.136719,-0.956055,-0.814941,-25.161741,3.425598,-11.474608
-0.189209,-0.347656,-0.044678,-37.597656,148.254395,122.497551,0.154053,-0.960205,-0.859619,-22.247313,1.319885,-10.238647
-0.173096,-0.406982,0.013916,-34.767151,147.323608,125.457756,0.162842,-0.983398,-0.891846,-19.477844,0.953674,-8.666992
-0.181152,-0.506592,0.021973,-29.365538,139.648438,129.714966,0.195313,-1.007568,-0.914307,-15.823363,2.174377,-8.018494
-0.203125,-0.591797,0.032715,-24.162291,129.310608,134.971619,0.234619,-0.915039,-0.996094,-9.132385,5.989074,-10.742187
-0.224854,-0.6521,0.059082,-23.498533,119.10247,140.968323,0.292725,-1.11377,-0.994141,49.461361,-39.993286,17.14325
-0.228027,-0.679443,0.073242,-26.863096,109.550468,146.759033,0.20459,-0.911133,-1.043213,-8.544922,0.1297,-3.837585
-0.20459,-0.680664,0.082764,-30.792234,101.867668,150.894165,0.221191,-0.984131,-1.049561,-4.882813,-6.050109,-0.12207
-0.177002,-0.689697,0.108643,-33.882141,97.091667,153.244019,0.280762,-1.056152,-1.061035,0.938415,-9.208679,-0.328064
-0.155029,-0.723877,0.133545,-36.224365,95.16143,154.945374,0.34375,-1.105957,-1.087891,7.575988,-9.32312,-1.716614
-0.195313,-0.419189,-0.197266,-17.066956,125.328056,108.985893,0.365234,-1.11084,-1.114746,13.336181,-8.781433,-2.166748
-0.236572,-0.216797,-0.427979,21.797178,25.779722,32.684326,0.343506,-1.071289,-1.119385,19.096375,-11.405944,0.526428
-0.906982,-1.190186,-0.139893,-27.931211,94.963066,34.873962,0.287109,-1.026123,-1.074463,26.252745,-18.714905,7.255554
-0.76123,-1.055664,-0.141357,-40.176388,105.728142,22.987364,0.216309,-1.02832,-1.016846,34.233093,-28.411863,13.748168
-0.217285,-1.016602,0.432617,-103.797905,-171.073898,49.011227,0.203613,-1.071533,-0.98584,42.678829,-36.529541,16.654968
-0.186035,-0.992188,0.388428,-92.880241,-159.40094,45.845028,0.050781,-0.912598,-0.611572,-29.548643,9.269714,-9.925842
-0.154785,-0.957764,0.337158,-78.979492,-145.7901,40.954586,0.210449,-0.876709,-1.021729,-8.979797,5.027771,-8.651733
-0.119141,-0.896484,0.313721,-67.306519,-129.981995,34.629822,0.021973,-0.905029,-0.595947,-29.953001,11.100768,-9.155273
-0.083496,-0.818359,0.300293,-59.165951,-111.694328,27.084349,0.163086,-0.651855,0.009521,29.502867,184.478745,72.547913
-0.072998,-0.747559,0.282959,-53.466793,-91.102592,19.561768,-0.033936,-0.883301,-0.542969,-27.984617,18.745422,-6.256103
-0.071533,-0.668457,0.265625,-52.406307,-71.083069,12.306212,0.376465,-1.132324,-1.027588,52.398678,-38.230896,15.892028
-0.063721,-0.608398,0.253662,-54.077145,-50.666805,5.500793,0.159912,-0.652344,0.013184,24.620054,187.080368,67.344666
-0.067383,-0.586426,0.231201,-53.649899,-28.694151,-0.808716,0.154053,-0.654541,0.005615,20.39337,187.530502,63.58337
-0.103271,-0.615234,0.162842,-39.0625,23.002623,-20.202635,0.143066,-0.660889,0.000732,16.365051,185.119614,61.210629
-0.253662,-1.050781,0.449219,-108.77227,-182.090744,50.750729,0.115479,-0.681885,0.001953,12.947082,179.336533,59.242245
-0.104004,-0.645752,0.165527,-25.222776,54.313656,-32.684326,0.075195,-0.699707,0.008057,10.841369,169.433578,57.624813
-0.150879,-0.644287,0.174316,1.823425,115.45562,-50.682064,0.035156,-0.701904,0.008789,8.956909,155.395508,56.52618
-0.236328,-0.597168,0.161377,6.599426,137.557983,-56.838985,-0.000977,-0.699219,-0.004883,7.080078,138.191223,55.595394
-0.293457,-0.537842,0.155029,5.203247,150.009155,-62.507626,-0.032471,-0.700439,-0.030518,5.455017,118.644707,54.664608
-0.332764,-0.487549,0.168213,-1.869202,155.822754,-64.979553,-0.061523,-0.712891,-0.065186,4.074097,98.495476,53.344723
-0.351563,-0.484619,0.173828,-6.881713,159.179688,-60.096737,-0.080322,-0.718018,-0.113525,3.211975,78.857422,51.284786
-0.345459,-0.515625,0.164551,-2.975464,159.072876,-54.336544,-0.088623,-0.716309,-0.169189,2.693176,60.211178,48.805233
-0.384277,-0.559326,0.18457,8.903503,157.531738,-54.809566,-0.088623,-0.704834,-0.219482,1.617432,44.502254,45.295712
-0.439453,-0.592285,0.194336,20.317076,146.316528,-53.63464,-0.074219,-0.701172,-0.267334,-0.099182,33.874512,40.428158
-0.479248,-0.626709,0.201172,32.623291,128.990173,-50.514217,-0.038818,-0.713135,-0.31543,-1.808166,28.121946,35.041809
-0.859863,-1.092285,-0.147949,-35.224915,99.845879,27.748106,-0.025879,-0.745605,-0.35791,-3.005981,26.046751,29.510496
-0.100098,-0.660156,0.178467,-9.70459,86.288445,-43.075558,-0.032715,-0.774414,-0.390625,-4.15802,25.970457,23.986814
-0.2854,-1.103271,0.474121,-111.892693,-191.520676,50.559994,-0.03833,-0.780518,-0.42041,-6.095886,27.000425,18.1427
-0.085205,-0.591064,0.194092,-48.553463,-4.66156,-9.040833,-0.040283,-0.771729,-0.450928,-10.06317,29.159544,12.680053
-0.340088,-1.142578,0.500977,-128.669739,-200.012192,48.84338,-0.042969,-0.759277,-0.486328,-15.937804,30.914305,7.629394
-0.312256,-1.143311,0.496582,-118.301384,-197.479233,50.056454,-0.053467,-0.756592,-0.52832,-21.995543,30.746458,3.356933
-0.63916,-1.193115,-0.051758,-22.949217,124.305717,9.994507,-0.069824,-0.7771,-0.544434,-26.123045,27.931211,-0.198364
-0.586426,-1.248291,-0.034668,-3.410339,135.635376,1.869202,-0.064209,-0.829102,-0.53125,-27.435301,23.597715,-3.532409
-0.520508,-1.233643,-0.054199,12.7182,147.911072,-7.774353,-0.007813,-0.901855,-0.567627,-29.006956,14.190673,-7.911682
-0.470215,-1.165527,-0.082275,23.91815,159.568787,-19.927979,0.409668,-1.124512,-1.05542,49.957272,-34.927368,15.480041
-0.440918,-1.060303,-0.114746,31.150816,163.124069,-31.188963,0.023438,-0.354492,-0.179932,-66.192627,-64.033508,-100.517265
-0.448975,-0.960693,-0.182129,33.447266,154.434204,-38.520813,0.377686,-1.047119,-1.043701,36.201477,-29.327391,17.341614
-0.491699,-0.878174,-0.244385,33.294678,136.558533,-44.372555,0.161133,-0.604004,-0.664795,37.406921,-1.060486,27.862547
-0.536621,-0.806396,-0.222168,31.898497,110.870354,-49.240108,0.115967,-0.567139,-0.61377,38.246155,-0.679016,25.0473
-0.546631,-0.714844,-0.175781,22.994993,77.796936,-52.543636,0.067627,-0.54126,-0.550049,39.0625,-4.135132,22.109983
-0.541504,-0.640869,-0.145752,2.471924,44.288631,-53.825375,0.047363,-0.463379,-0.560547,36.270142,-9.712219,12.153625
-0.678711,-1.0979,-0.101074,-36.979675,113.616936,17.333984,0.056396,-0.322266,-0.663574,27.290342,-15.419005,-0.770569
-0.5354,-0.644043,-0.117432,-47.821041,-16.792297,-48.881527,0.056641,-0.207764,-0.72168,16.983032,-20.683287,-9.094238
-0.568115,-0.633301,-0.077393,-74.188232,-47.302242,-39.215088,0.036133,-0.180908,-0.678467,10.208129,-28.419493,-11.528014
-0.597412,-0.689697,-0.020996,-103.187553,-80.703728,-27.084349,0.002197,-0.236328,-0.579102,6.843566,-40.771481,-11.093139
-0.610107,-0.806396,0.045898,-120.124809,-113.746635,-16.967773,-0.038086,-0.331543,-0.480713,6.988525,-57.434078,-12.611388
-0.584961,-0.898193,0.16626,-122.901909,-143.287659,-7.987976,-0.064453,-0.428223,-0.39209,10.45227,-75.431824,-18.028259
-0.513428,-0.944336,0.299805,-119.86541,-167.259201,1.106262,0.195068,-0.633301,-0.739502,35.255432,-4.989624,33.439636
-0.455566,-0.943848,0.401367,-118.415825,-183.647141,12.756347,-0.075928,-0.460449,-0.35376,10.551452,-92.788689,-25.627134
-0.425049,-0.962402,0.450928,-123.596184,-193.10759,26.741026,-0.005859,-0.291992,-0.474609,-8.674622,-109.916679,-47.111507
-0.406738,-0.999512,0.4646,-132.133484,-198.478683,39.649963,0.012451,-0.213135,-0.48999,-16.334534,-107.597343,-54.779049
-0.375,-1.067627,0.469971,-135.780334,-200.53862,46.897884,0.006836,-0.218262,-0.427002,-19.973755,-102.72979,-56.671139
-0.526367,-0.626953,-0.116211,-23.15521,12.382506,-52.780148,0.017822,-0.294189,-0.333008,-21.797178,-97.595207,-59.112545
-0.176025,-0.829102,-0.352783,-22.216795,19.111633,2.632141,0.0354,-0.397461,-0.265381,-22.476194,-91.094963,-65.52124
-0.140137,-0.822998,-0.328857,-23.216246,10.650634,0.083923,0.041748,-0.464355,-0.246094,-24.902342,-84.281914,-75.210571
-0.075439,-0.811523,-0.29834,-25.291441,0.37384,-4.53186,0.034912,-0.452393,-0.257324,-29.434202,-79.292297,-85.868828
-0.036865,-0.762207,-0.133301,-41.709896,-69.374084,-40.435787,0.025146,-0.385254,-0.288574,-38.337708,-76.965332,-92.178337
0.009766,-0.774414,-0.254395,-31.677244,-27.229307,-17.333984,0.019531,-0.320068,-0.288086,-51.185604,-75.378418,-94.840996
0.011475,-0.775146,-0.222168,-34.301758,-42.900082,-25.909422,0.019287,-0.309326,-0.252441,-62.088009,-71.594238,-97.328178
-0.005127,-0.776611,-0.175537,-37.513733,-57.266232,-33.851624,-0.052734,-0.398438,-0.390381,2.746582,-105.674736,-35.842896
-0.062744,-0.750488,-0.091309,-44.692989,-80.459587,-48.004147,0.196533,-0.637695,-0.800781,34.362793,-9.681702,39.237976
-0.016846,-0.791748,-0.27124,-28.480528,-12.245177,-10.398864,0.396729,-1.081543,-1.062988,42.488094,-31.98242,16.098022
-0.193848,-0.827881,-0.374268,-22.850035,25.825499,5.1651,0.16626,-0.695313,-0.759033,40.672298,-4.119873,47.370907
-0.463867,-0.884277,-0.472656,-23.445127,12.382506,25.962828,0.378174,-1.033447,-0.984619,34.004211,-23.193357,17.776489
-0.271729,-0.841553,-0.423828,-24.833677,29.403685,11.497497,0.422607,-1.021729,-0.964111,32.943726,-11.268615,15.808105
-0.333984,-0.867188,-0.447266,-24.208067,25.772093,15.434264,0.462646,-1.012207,-0.970703,31.73065,4.180908,12.96997
-0.401367,-0.884033,-0.463867,-23.452757,19.638062,20.584105,0.459473,-1.011475,-0.980713,31.768797,18.417358,10.246276
-0.517334,-0.881836,-0.482666,-23.246763,5.172729,29.71649,0.427734,-0.989258,-0.973389,32.752991,26.397703,10.925292
-0.56543,-0.881104,-0.499756,-23.910521,-1.953125,32.073975,0.361328,-0.972656,-0.924561,35.53009,26.710508,15.541076
-0.605469,-0.886719,-0.521973,-26.260374,-10.459899,34.332275,0.186035,-0.666992,-0.808838,36.987305,-10.284423,43.67828
-0.644531,-0.905029,-0.548584,-28.305052,-20.76721,37.086487,0.260498,-1.00293,-0.854736,54.122921,19.233704,19.699097
-0.684082,-0.916016,-0.574951,-29.350279,-31.814573,40.107727,0.348145,-0.97876,-0.91748,57.250973,18.951416,23.056028
-0.708496,-0.952881,-0.599609,-29.396055,-41.526791,43.022152,0.399658,-0.938477,-0.989258,54.458614,23.895262,27.740477
-0.079834,-0.769775,-0.040283,-45.761105,-91.590874,-56.419369,0.380127,-0.870605,-0.996094,52.36816,31.501768,29.617308
-0.713379,-1.001465,-0.590088,-24.879454,-47.752377,45.249935,0.268311,-0.988037,-0.864258,43.907162,22.819517,19.004822
-0.22168,-0.832764,-0.39624,-24.307249,29.624937,7.957458,0.249023,-0.721436,-0.907471,44.502254,30.654905,39.260864
-0.101074,-0.79834,0.004639,-47.271725,-102.653496,-64.483643,0.212646,-0.704102,-0.869141,39.710999,21.423338,45.227047
-0.207764,-0.687256,0.065918,57.945248,-119.682304,-140.190125,0.236084,-0.729736,-0.871582,36.880493,14.434813,50.704952
-0.168701,-0.783691,0.074951,-46.928402,-121.963493,-81.237785,0.315186,-0.76709,-0.884033,36.026001,17.341614,54.313656
-0.441895,-0.89917,0.160156,157.501221,38.444519,-192.993149,0.356445,-0.793457,-0.895752,37.216187,29.342649,53.962704
-0.43457,-0.882324,0.142822,155.586243,34.538269,-190.223679,0.313477,-0.764648,-0.884277,38.330078,38.848877,53.092953
-0.422607,-0.861084,0.143066,151.351929,26.977537,-188.034042,0.251953,-0.712891,-0.833984,37.971497,39.413452,54.153439
-0.4104,-0.837646,0.1521,146.118164,17.593384,-186.248764,0.227295,-0.712158,-0.753906,40.321346,33.088684,53.665157
-0.387451,-0.819092,0.153564,139.99939,7.545471,-184.234604,0.205078,-0.724854,-0.702637,44.883724,21.598814,51.460262
-0.352051,-0.805664,0.151855,133.102417,-3.417969,-181.465134,0.17627,-0.713135,-0.716064,44.891354,7.377624,49.827572
-0.308838,-0.808594,0.134033,125.083916,-15.693664,-177.360519,0.316162,-0.782471,-0.963379,49.186703,34.927368,33.294678
-0.288086,-0.828857,0.101318,117.797844,-29.167173,-173.286423,0.129395,-1.013672,0.046143,-102.516167,-65.406799,-92.620842
-0.288086,-0.845703,0.081543,112.457268,-44.540401,-169.273361,0.141602,-1.02832,0.030762,-101.501457,-59.280392,-96.099846
-0.27832,-0.830566,0.086182,105.140678,-61.370846,-164.512619,0.169922,-1.043701,0.015137,-101.440422,-57.296749,-100.006096
-0.130371,-0.799316,0.052002,-48.103329,-112.853996,-72.822571,0.158691,-1.037598,0.004883,-100.669853,-58.227535,-102.119438
-0.255127,-0.813965,0.084717,95.558159,-78.346252,-158.576965,0.126953,-0.98877,0.077393,-78.140259,-37.780762,-96.67205
-0.216309,-0.724854,0.070557,72.212219,-108.009331,-145.41626,0.147705,-1.032471,0.013916,-92.552177,-53.688046,-102.47802
-0.203369,-0.674316,0.059326,43.411251,-128.570557,-136.138916,0.141602,-1.032715,0.036865,-87.509148,-50.567623,-101.188652
-0.20874,-0.677002,0.059082,29.342649,-135.009766,-132.164001,0.130127,-1.014404,0.061523,-82.93914,-45.379635,-98.762505
-0.219238,-0.686035,0.063232,15.922545,-138.801575,-127.685539,0.145752,-1.033203,0.00415,-97.450249,-56.449886,-102.371208
-0.228516,-0.706787,0.064941,3.570556,-141.189575,-122.657768,0.157715,-1.017578,0.061279,-104.522697,-68.191528,-88.020317
-0.235107,-0.726563,0.059814,-8.781433,-142.524719,-116.188042,0.289551,-1.27124,0.075684,-114.868156,-153.213501,32.745361
-0.237061,-0.737305,0.06958,-21.263121,-142.021179,-109.519951,0.134033,-1.056152,0.064453,-112.518303,-78.926086,-72.006226
-0.235107,-0.746826,0.081543,-32.623291,-139.48822,-102.714531,0.111816,-1.090088,0.072266,-115.982048,-88.264458,-63.232418
-0.218994,-0.754395,0.083984,-40.878292,-135.505676,-95.359795,0.141357,-1.131592,0.071533,-121.12426,-97.755424,-54.420467
-0.197266,-0.764404,0.08374,-45.242306,-129.737854,-88.439934,0.189453,-1.18042,0.060547,-125.213615,-102.020256,-44.776913
-0.231689,-0.775146,0.07666,84.724419,-94.055168,-151.901245,0.203613,-1.229004,0.059326,-127.189629,-104.49218,-30.158995
-0.708008,-1.019531,-0.581543,-18.844604,-50.537106,47.142025,0.199463,-1.259033,0.068359,-128.875732,-112.083427,-12.825011
-0.724609,-1.018799,-0.625,-14.167785,-50.47607,48.950191,0.202393,-1.28418,0.081543,-128.494263,-125.473015,1.998901
-0.808838,-1.046875,-0.720215,-4.455566,-46.981808,47.988888,0.204834,-1.298828,0.081299,-127.609245,-141.456604,14.633178
-0.736572,-0.900879,-0.728516,35.652161,-19.004822,-78.613281,0.229492,-1.292725,0.073486,-126.312248,-154.014587,24.848936
-0.791992,-0.822266,-0.776123,31.997679,-23.315428,-78.948975,0.25708,-1.28125,0.080566,-121.643059,-156.845093,32.188416
-0.825928,-0.764648,-0.742188,31.814573,-30.632017,-79.177856,0.137451,-0.961914,0.083008,-74.081421,-28.411863,-95.581047
-0.763916,-0.781738,-0.633057,40.90118,-36.407471,-79.376221,0.140869,-1.025635,0.069824,-108.726494,-71.960449,-80.55114
-0.661621,-0.830566,-0.569824,58.692928,-34.179688,-80.726616,0.143555,-0.933105,0.072754,-70.999146,-19.744873,-94.520561
-0.604004,-0.841309,-0.5979,74.012756,-22.003172,-83.991997,0.084229,-0.446533,0.020264,-33.859253,-22.384642,-109.954826
-0.580566,-0.813721,-0.679932,78.353882,-5.92041,-86.379997,0.132324,-0.865723,0.065674,-63.354488,-7.545471,-93.612663
-0.575439,-0.72583,-0.743408,71.784973,9.025574,-86.273186,0.334229,-1.263428,0.053955,-106.872551,-143.081665,26.481627
-0.590576,-0.616211,-0.760498,60.729977,19.104004,-83.724968,0.057129,-0.68042,-0.08374,23.53668,-131.149292,-56.396481
-0.62085,-0.529785,-0.732422,52.024837,22.048948,-81.855766,0.02832,-0.712891,-0.060791,15.266418,-129.165649,-67.298889
-0.725098,-0.945313,-0.643555,38.726807,-20.690916,-77.354431,0.021729,-0.72998,-0.018799,8.407593,-125.473015,-77.537537
-0.654541,-0.505859,-0.657227,49.797054,17.593384,-81.55822,0.028564,-0.714111,0.009033,3.967285,-120.346062,-88.539116
-0.625977,-0.560791,-0.564941,62.759396,-9.963989,-66.940308,0.044434,-0.669678,0.022949,1.754761,-112.800591,-98.69384
-0.558594,-0.538574,-0.573242,66.818237,-26.268003,-54.77142,0.070068,-0.606445,0.016357,-0.793457,-101.837151,-106.239311
-0.482666,-0.456299,-0.582764,64.437866,-36.651611,-41.259762,0.086426,-0.540527,-0.007568,-5.706787,-88.172905,-111.2976
-0.392822,-0.325684,-0.588135,56.686398,-39.932251,-26.336668,0.095459,-0.486084,-0.030273,-11.83319,-73.455811,-115.104668
-0.330811,-0.194092,-0.610596,46.386715,-34.133911,-14.671325,0.106689,-0.452881,-0.039795,-17.25769,-59.364315,-116.935722
-0.316162,-0.116455,-0.602295,36.026001,-19.073486,-8.018494,0.141357,-0.9021,0.067383,-67.573547,-13.122558,-93.727104
-0.295898,-0.099854,-0.561523,28.724669,-3.479004,-2.174377,0.098145,-0.431152,-0.023682,-21.972654,-46.615597,-116.401665
-0.262939,-0.126465,-0.533447,25.466917,8.399963,4.219055,0.088135,-0.433594,-0.002197,-29.273985,-27.595518,-113.380424
-0.243896,-0.164795,-0.513916,24.261473,16.242981,11.940001,0.088623,-0.4729,0.022705,-38.711548,-17.181396,-106.88781
-0.243408,-0.197021,-0.48291,22.842405,21.598814,21.987913,0.095947,-0.504639,0.026611,-42.762753,-12.123107,-105.026237
-0.662598,-0.5354,-0.586914,55.191036,6.523132,-77.537537,0.095215,-0.543457,0.032471,-46.157833,-7.965087,-103.401176
-0.749512,-0.931152,-0.583984,38.246155,-26.710508,-74.386597,0.092041,-0.586182,0.039307,-48.362728,-5.775451,-101.531975
-0.764404,-1.014893,-0.681641,-10.032654,-48.835751,49.629208,0.089355,-0.625488,0.04834,-50.811764,-6.149292,-98.892204
-0.848877,-0.853027,-0.699707,28.999327,-36.872864,-65.734863,0.092773,-0.673828,0.056152,-53.733822,-6.29425,-96.313469
-0.833984,-1.100586,-0.744873,4.859924,-45.288082,44.349667,0.110352,-0.727051,0.064697,-55.686947,-4.798889,-94.894402
-0.846924,-1.142822,-0.760742,15.350341,-41.839596,39.375305,0.127686,-0.775146,0.072266,-57.090755,-2.952575,-94.680779
-0.87207,-1.172363,-0.763428,24.719236,-33.699036,32.821655,0.13208,-0.824463,0.072021,-59.692379,-3.349304,-94.245903
-0.892578,-1.204834,-0.765869,34.27887,-22.567747,22.720335,0.090576,-0.429688,-0.010498,-25.886534,-35.255432,-115.371696
-0.902588,-1.211914,-0.791992,44.593807,-12.573241,8.552551,0.112549,-0.639893,-0.107422,33.729553,-131.30188,-44.502254
-0.929688,-1.144043,-0.830078,50.285336,-5.622863,-5.859375,0.360107,-1.23584,0.01001,-98.777763,-131.355286,15.007018
-0.798828,-0.883057,-0.609131,32.997131,-33.416748,-70.236206,0.287354,-1.127686,-0.10498,-86.715691,-136.695862,1.274109
-1.06543,-1.033936,-0.849121,38.566589,4.493713,-24.856565,0.332031,-1.233398,-0.001465,146.369934,-0.274658,137.565613
-1.078857,-1.060547,-0.788818,32.722473,8.544922,-32.615662,0.28125,-1.174561,0.014893,148.117065,-13.282775,138.076782
-1.062744,-1.129639,-0.702393,32.989502,12.825011,-43.601986,0.25293,-1.099854,0.02832,148.078918,-27.9541,138.435364
-1.032227,-1.191895,-0.645752,34.439087,14.869689,-55.084225,0.265137,-1.012695,0.024658,144.004822,-36.514282,139.038086
-1.00293,-1.060791,-0.854004,46.516415,-0.213623,-16.853333,0.277832,-0.923096,-0.000732,137.565613,-36.109924,138.748169
-1.001709,-1.207764,-0.629639,32.051086,7.705688,-67.276001,0.28418,-0.860596,-0.035645,132.209778,-32.585144,139.251709
-1.001953,-1.153809,-0.634766,29.319761,-3.288269,-65.994263,0.286865,-0.821045,-0.047363,129.219055,-27.770994,141.242981
-1.00708,-1.080078,-0.637451,27.839659,-15.61737,-63.827511,0.272461,-0.793213,-0.049316,126.716606,-21.339415,141.75415
-0.969971,-1.0271,-0.610107,29.418943,-24.757383,-62.805172,0.267822,-0.763672,-0.056885,122.970573,-14.038085,140.365601
-0.864258,-1.0271,-0.559814,36.781311,-28.068541,-62.988277,0.296631,-0.724121,-0.064209,114.120476,7.164001,137.8479
-0.7771,-1.054199,-0.565918,45.288082,-25.901793,-64.849854,0.365723,-1.280029,-0.016846,145.736694,10.078429,138.35907
-0.782471,-1.065186,-0.645752,48.637386,-22.644041,-67.550659,0.30542,-0.720459,-0.058838,109.725945,22.674559,134.796143
-0.849121,-1.039551,-0.721191,46.371456,-22.796629,-68.412781,0.318359,-0.70752,-0.053711,99.304192,59.387203,124.870293
-0.890381,-0.972656,-0.759277,40.489193,-27.709959,-66.856384,0.314941,-0.69873,-0.040527,93.635551,80.032349,118.972771
-0.883545,-0.894287,-0.760254,32.722473,-34.179688,-64.971924,0.293945,-0.693604,-0.025146,86.952202,101.409904,113.082878
-1.009277,-1.22876,-0.636719,34.355164,13.671874,-63.819881,0.255615,-0.699707,-0.008545,79.116821,122.138969,107.559196
-0.200928,-0.733887,0.197266,-43.472286,84.07592,93.338005,0.212891,-0.707764,0.01001,71.136475,140.808105,101.905815
-0.200439,-0.684326,0.179443,-41.252132,87.310783,89.836113,0.184326,-0.716797,0.021973,63.110348,155.601501,95.527641
-0.202637,-0.628662,0.164795,-38.68103,90.064995,86.547844,0.161377,-0.705322,0.02002,54.733273,166.610703,88.836662
-0.197266,-0.568848,0.151367,-34.667969,92.033379,83.915703,0.150391,-0.682861,0.01001,45.417782,174.621567,83.000175
-0.160645,-0.39209,0.10498,-2.563476,91.773979,78.552246,0.156494,-0.661133,0.008789,36.521912,180.389389,77.934265
-0.178955,-0.473389,0.118896,-22.514341,94.230644,81.398003,0.331787,-1.185059,-0.058838,-92.292778,-127.151482,3.77655
-0.177734,-0.44458,0.114502,-15.60974,93.818657,80.467216,0.314453,-0.715332,-0.057129,104.698174,40.252682,130.386353
-0.168457,-0.41333,0.109619,-9.040833,93.032829,79.25415,0.403564,-1.36084,-0.020264,144.569397,16.578674,135.765076
-0.189453,-0.514893,0.131836,-29.251097,93.627922,82.366936,0.28125,-0.737061,-0.063477,118.537895,-5.050659,139.23645
-0.206299,-0.792725,0.219482,-44.837948,79.391479,96.969597,0.340576,-1.5,-0.040039,142.456055,29.701231,126.6632
-0.279541,-1.044434,0.293457,-37.506104,-44.593807,147.148132,0.233887,-1.098633,-0.12207,-79.13208,-157.142639,7.5531
-0.218262,-0.896729,0.259277,-45.639034,65.979004,105.812065,0.407227,-1.449951,-0.024414,142.066956,18.562317,128.65448
-0.220459,-0.939209,0.278809,-45.120235,57.365414,111.732475,0.175293,-1.095459,-0.137695,-69.05365,-177.017197,15.441894
-0.218262,-0.980713,0.294434,-43.876644,47.615047,117.385857,0.178711,-1.086914,-0.179443,-55.801388,-185.844406,16.990662
-0.220459,-1.014404,0.306396,-41.770931,36.521912,122.467033,0.269287,-1.027588,-0.246582,-41.442867,-170.623764,8.338928
-0.233154,-1.036865,0.314697,-39.222717,23.330687,127.609245,0.378174,-0.975098,-0.311768,-26.702879,-137.748718,-5.40924
-0.250244,-1.037109,0.318848,-37.979126,8.789063,132.759094,0.408936,-0.961182,-0.345947,-11.474608,-99.517815,-19.889832
-0.265381,-1.031982,0.318848,-38.360596,-6.04248,137.870789,0.382813,-1.027588,-0.437256,34.881592,-21.89636,-48.522945
-0.274658,-1.037598,0.317383,-38.803101,-19.615173,142.585754,0.367188,-1.070313,-0.503174,67.733765,12.229918,-61.454769
-0.283691,-1.046631,0.308105,-38.467407,-30.792234,145.7901,0.354736,-1.111328,-0.624268,101.97448,39.154053,-68.55011
-0.284424,-1.05127,0.299561,-38.002014,-39.070129,147.094727,0.351563,-1.09668,-0.721436,126.518242,62.187191,-67.359924
-0.157959,-0.375977,0.099609,3.677368,90.072624,77.903748,0.388916,-0.988037,-0.38623,7.873535,-60.501095,-34.355164
-0.210205,-0.847412,0.243164,-45.539852,73.287964,100.936882,0.273193,-1.090088,-0.847412,139.053345,86.34948,-33.088684
-0.152344,-0.36499,0.10083,9.880066,88.24157,77.201843,0.322754,-1.534668,-0.069336,143.386841,57.960506,124.717705
-0.193359,-0.61499,0.105469,54.786678,-15.159606,27.626036,0.300781,-1.083008,-0.808105,137.756348,78.742981,-57.968136
-0.146973,-0.368896,0.104736,20.309446,84.503166,76.271057,0.485352,-1.61792,-0.187256,136.444092,123.329155,102.058403
-0.277832,-1.030029,0.279053,-38.833618,-47.737118,146.697998,0.607422,-1.590576,-0.29834,128.051758,132.614136,84.45739
-0.592773,-0.986084,0.140625,127.822868,19.042969,-156.349182,0.637695,-1.502197,-0.42334,121.841423,128.234863,71.784973
-0.536621,-0.959961,0.177979,113.929741,5.195617,-134.902954,0.373291,-1.584229,-0.11377,143.005371,94.978325,117.004387
-0.477539,-0.913086,0.175049,103.23333,-2.502441,-120.124809,0.550781,-1.29541,-0.685303,123.580925,101.570122,39.222717
-0.500977,-0.893066,0.153076,96.954338,-11.260985,-107.452385,0.436279,-1.19873,-0.789307,128.326416,92.26226,18.981934
-0.497559,-0.905273,0.134033,94.383232,-24.497984,-95.260612,0.328125,-1.12915,-0.843506,134.971619,89.11132,-3.27301
-0.433105,-0.937988,0.131836,95.939629,-38.635254,-81.329338,0.603271,-1.392578,-0.557617,120.735161,117.103569,58.723446
-0.340576,-0.960449,0.140625,100.784294,-48.728939,-63.720699,0.210449,-1.396729,-0.733398,-87.692253,-55.862423,84.228508
-0.276855,-0.9375,0.132324,103.591911,-51.261898,-45.509335,0.282959,-1.121826,-0.302002,-145.011902,108.383171,21.095274
-0.259277,-0.871582,0.130615,100.135796,-45.127865,-29.884336,0.306152,-1.145508,-0.348389,-145.332336,102.98156,30.227659
-0.150146,-0.36377,0.10376,15.548705,86.563103,76.683044,0.324463,-1.170654,-0.388916,-143.310547,97.068779,37.590027
-0.250977,-0.767334,0.138428,90.347282,-35.629272,-15.220641,0.34082,-1.189697,-0.401123,-138.809204,87.707512,42.28973
-0.236084,-0.60376,0.109863,62.126156,-22.033689,14.236449,0.318359,-1.201172,-0.398926,-131.034851,70.213318,46.485897
-0.144043,-0.666504,0.108154,56.129452,-5.226135,37.239075,0.264404,-1.212891,-0.398682,-120.437614,42.861935,52.421566
-0.116943,-0.701416,0.118164,59.997555,8.148193,44.334408,0.230713,-1.224854,-0.424316,-110.206596,12.977599,57.983395
-0.100098,-0.691406,0.148438,60.523983,22.735594,51.063534,0.237305,-1.246826,-0.509766,-104.316704,-11.573791,64.414978
-0.085205,-0.645996,0.169189,57.174679,36.827087,57.693478,0.250977,-1.313477,-0.639893,-99.182121,-32.913208,73.951721
-0.085205,-0.577148,0.171143,51.528927,49.705502,64.033508,0.215332,-1.425781,-0.794922,-71.601868,-78.956604,81.855766
-0.099854,-0.505859,0.157715,44.097897,60.897823,68.840027,0.341064,-1.344727,-0.311768,-0.198364,52.795406,25.840757
-0.119629,-0.449951,0.145508,36.6745,70.022583,72.135925,0.415771,-1.229248,-0.734863,-56.228634,-81.512444,65.0177
-0.136719,-0.4104,0.131836,30.46417,76.576233,74.279785,0.344482,-1.149414,-0.646973,-64.476013,-64.437866,57.830807
-0.147705,-0.38623,0.105469,25.05493,81.329338,75.508118,0.321289,-1.156006,-0.602051,-73.898315,-53.794857,48.873898
-0.248535,-0.663574,0.129395,76.408386,-27.870176,-0.701904,0.372314,-1.245117,-0.50708,-76.164246,-52.413937,45.242306
-0.282959,-1.016846,0.259521,-43.647762,-49.316402,145.820618,0.366211,-1.364746,-0.36499,-73.898315,-48.110958,39.787292
-0.647461,-1.051758,0.059814,147.979736,43.861385,-177.452072,0.32959,-1.443604,-0.368164,-66.398621,-37.513733,32.852173
-0.278564,-1.021484,0.235107,-58.341976,-51.803585,138.130188,0.341553,-1.498535,-0.413818,-50.437923,-24.078367,25.764463
-0.512695,-0.933594,-0.104004,23.368834,-10.688781,27.099607,0.397217,-1.51416,-0.374023,-25.108335,-5.172729,17.39502
-0.59668,-1.037109,-0.124023,39.94751,-43.037411,34.431458,0.40625,-1.453613,-0.34668,-4.104614,20.874022,17.074585
-0.595215,-1.16748,-0.090576,56.541439,-62.316891,26.771544,0.236084,-1.063965,-0.252197,-144.073486,113.235466,13.870238
-0.522705,-1.282715,-0.076904,72.257996,-67.352295,6.278991,0.351318,-1.349121,-0.804443,-59.532162,-90.431206,70.81604
-0.528076,-1.338135,-0.080078,80.024719,-57.220455,-16.548157,0.19458,-0.959717,-0.248779,-140.571594,118.690483,6.324768
-0.532959,-1.378174,-0.083496,78.338623,-43.434139,-37.124634,0.041992,-0.437744,-0.172607,-17.196655,-15.99121,33.309937
-0.497803,-1.423096,-0.032959,75.302124,-28.022764,-54.969784,0.139648,-0.885498,-0.27417,-127.059929,136.016846,-13.801574
-0.480469,-1.466309,0.06958,75.172424,-13.031005,-69.160461,0.29834,-1.295898,-0.251221,-4.829407,87.623589,28.968809
-0.512695,-1.476807,0.154053,77.812195,-5.210876,-81.535332,0.0625,-0.432129,-0.152588,-17.791748,-8.056641,25.070189
-0.491943,-1.473145,0.192139,84.228508,-10.856627,-91.606133,0.073242,-0.407471,-0.124023,-18.089294,-2.502441,19.386292
-0.485107,-0.857178,-0.079102,10.864257,30.586241,17.654419,0.057129,-0.393555,-0.07959,-18.989563,0.679016,16.075134
-0.467529,-1.478027,0.214844,94.047539,-20.51544,-104.011528,0.043701,-0.404297,-0.035889,-21.14105,1.663208,13.572692
-0.442139,-1.346191,0.259521,108.978264,-31.776426,-131.919861,0.037109,-0.437256,-0.022949,-23.941038,1.12915,10.185241
-0.399658,-1.364014,0.19043,119.003288,-27.854918,-144.767761,0.027832,-0.489502,-0.041504,-24.322508,2.342224,3.746032
-0.453125,-1.317383,0.20459,128.77655,-15.594481,-159.744263,0.039307,-0.523926,-0.079346,-22.949217,7.453918,-4.493713
-0.439697,-1.245117,0.253662,138.694763,-11.917113,-172.012314,0.070801,-0.531738,-0.114014,-23.513792,16.136169,-11.566161
-0.384033,-1.156494,0.248779,146.66748,-3.77655,-182.716354,0.0896,-0.554932,-0.135742,-24.063108,28.282164,-17.448425
-0.346924,-1.059814,0.230713,150.71106,11.390685,-189.804062,0.091553,-0.581299,-0.130127,-23.597715,42.175289,-23.063658
-0.365723,-1.002686,0.236816,153.35083,26.298521,-195.213303,0.085449,-0.600342,-0.125488,-23.429869,55.480953,-28.556822
-0.414063,-0.968018,0.236816,155.075073,36.010742,-199.203476,0.077881,-0.600098,-0.122803,-24.078367,67.070007,-32.936096
-0.44043,-0.937256,0.209229,156.311035,40.130615,-199.264511,0.077637,-0.603027,-0.122314,-27.542112,76.728821,-35.713196
-0.440918,-0.914063,0.180908,157.371521,40.199276,-196.235641,0.102539,-0.635742,-0.105713,-35.133362,85.609428,-37.467957
-0.494873,-1.428223,0.210449,103.652946,-25.909422,-121.047966,0.130615,-0.693848,-0.107666,-46.386715,96.069328,-39.199829
-0.444824,-0.83252,-0.080078,5.0354,70.983887,10.581969,0.151855,-0.759766,-0.138916,-56.793209,108.673088,-42.137142
-0.281982,-1.016602,0.243652,-50.926205,-50.109859,143.318176,0.153564,-0.811768,-0.176758,-64.76593,121.437065,-44.486996
-0.32373,-0.896484,-0.023438,-2.906799,131.111145,-1.365662,0.156738,-0.822021,-0.203857,-72.921753,130.622864,-44.242855
-0.266846,-1.035889,0.226318,-65.223694,-52.993771,132.148743,0.155518,-0.834229,-0.210938,-83.038322,136.642456,-42.396542
-0.246826,-1.035889,0.192627,-75.912476,-51.574703,127.143852,0.1521,-0.848145,-0.223389,-93.879692,140.762329,-39.207458
-0.211426,-1.0271,0.147217,-94.177238,-44.517513,121.894829,0.147949,-0.861328,-0.244873,-105.49926,142.929077,-33.52356
-0.161621,-1.050781,0.112549,-115.280144,-27.084349,113.8153,0.139893,-0.87793,-0.259766,-117.149345,141.738892,-24.337767
-0.133789,-1.114502,0.094727,-130.302429,0.495911,101.287834,0.153076,-0.897217,-0.275391,-134.689331,127.342216,-3.753662
-0.160889,-1.178223,0.11792,-135.742188,30.555723,82.908623,0.376221,-1.312744,-0.216309,-2.14386,115.70739,27.030943
-0.369629,-0.862305,-0.056641,2.304077,105.285637,4.402161,-0.349121,-1.294189,-0.764404,124.374382,-249.992355,81.314079
-0.246094,-1.202148,0.237305,-129.821777,70.976257,47.32513,0.434814,-1.257324,-0.121582,-7.614135,151.71814,21.087645
-0.253418,-1.196289,0.30127,-127.143852,81.336967,36.079407,0.595703,-1.51709,-0.855225,176.101669,-249.992355,65.52124
-0.253662,-1.188232,0.314697,-128.65448,83.183281,31.654356,0.602051,-1.475342,-0.776855,170.761093,-243.858322,41.40472
-0.256592,-1.186768,0.316895,-132.316589,82.229607,25.466917,0.464844,-1.398438,-0.630615,169.128403,-185.218796,25.512693
-0.207764,-1.202393,0.179688,-134.658813,53.405758,64.147949,0.380859,-1.268555,-0.44751,172.56926,-149.139404,20.38574
-0.255127,-1.207031,0.327881,-127.616875,91.941826,19.920349,0.381592,-1.192383,-0.420898,160.926804,-125.816338,19.477844
-0.233887,-1.207275,0.328613,-117.866508,103.637688,22.125242,0.450195,-1.252197,-0.400635,151.824951,-94.932549,23.170469
-0.222656,-1.191895,0.319824,-105.491631,121.421806,24.902342,0.520752,-1.302979,-0.42627,143.447876,-55.450436,20.927427
-0.256592,-1.180664,0.295654,-91.484062,144.989014,26.93939,0.574463,-1.256592,-0.374023,134.849548,-12.870788,14.450072
-0.275391,-1.175781,0.249512,-75.332642,169.464096,26.046751,0.515381,-1.19751,-0.290527,127.616875,23.254393,8.300781
-0.264648,-1.139893,0.195557,-61.706539,187.492355,17.784119,0.405518,-1.131592,-0.200195,123.741142,40.412899,2.853393
-0.259521,-1.089844,0.133789,-48.332211,193.22966,8.003235,0.325684,-1.498779,-0.755859,168.449387,-249.29808,94.245903
-0.299805,-1.030029,0.087158,-34.408569,187.866196,-1.159668,0.307617,-1.070068,-0.100586,124.244682,40.672298,0.198364
-0.335693,-0.972656,0.050049,-20.881651,172.584518,-6.233215,0.214355,-0.947754,-0.018555,123.077385,13.839721,3.463745
-0.324951,-0.926758,0.011719,-10.543822,152.412415,-6.126403,0.218506,-0.914551,-0.085205,115.928642,-0.518799,4.753113
-0.250244,-1.194824,0.328613,-132.705688,84.159843,19.607544,0.239258,-0.896484,-0.14624,107.246391,-13.22174,6.591796
-0.429199,-0.92041,0.049805,-17.723083,-75.668335,86.250298,0.231689,-0.894043,-0.168701,98.892204,-24.520872,6.591796
-0.396973,-0.898682,0.044434,-12.001037,-70.022583,83.503716,0.202637,-0.882568,-0.155029,93.490593,-37.605286,4.203796
-0.380371,-0.883301,0.041992,-5.859375,-61.874386,79.795837,0.179688,-0.849365,-0.105713,87.577812,-54.298397,0.534058
-0.368896,-0.868408,0.045654,0.015259,-51.727291,75.431824,0.171875,-0.822754,-0.065674,80.665581,-73.348999,-4.79126
-0.223877,-0.720703,0.001465,22.331236,-66.864014,74.783325,0.172119,-0.786377,-0.046631,74.371338,-92.086784,-11.840819
-0.372314,-0.842285,0.027832,10.475158,-38.085938,70.640564,0.179932,-0.737305,-0.046387,67.497253,-107.704155,-18.928528
-0.337402,-0.812988,-0.000732,14.518737,-42.526241,71.632385,0.183594,-0.677979,-0.07251,57.479855,-118.995659,-25.985716
-0.28418,-0.767578,-0.01416,18.280029,-53.237911,72.914124,0.248291,-1.008789,-0.030518,125.885002,29.273985,1.449585
-0.374756,-0.855225,0.042969,5.40924,-41.992184,71.731567,-0.103271,-1.393066,-0.699707,142.51709,-249.748215,98.876945
-0.460205,-0.953613,0.057373,-21.64459,-78.727722,87.310783,0.16626,-0.641357,-0.111084,45.394894,-127.006523,-34.187317
-0.91626,-1.124023,-0.177979,-187.805161,249.992355,-26.176451,-0.24707,-1.299072,-0.8125,122.497551,-239.311203,46.333309
-0.535156,-1.034424,0.045654,-30.067442,-75.286865,85.395805,0.403564,-1.196777,-0.119873,-35.064697,159.515381,12.550353
-0.561035,-1.071533,0.010986,-38.505554,-65.010071,83.854668,0.285645,-1.170166,-0.078857,-49.049374,159.339905,12.672423
-0.575684,-1.088867,-0.042725,-47.889706,-45.585629,80.879204,0.21167,-1.313477,0.111816,-36.018372,148.757935,15.449523
-0.587402,-1.07251,-0.07373,-59.67712,-17.959595,74.142456,0.160645,-1.555908,0.216064,19.866943,154.983521,13.183593
-0.588379,-1.053467,-0.083984,-74.073792,17.723083,62.538143,0.39209,-1.506348,-0.287842,-56.083675,165.359482,9.140015
-0.576416,-1.028076,-0.114014,-88.623039,58.4259,47.248837,0.571289,-1.263184,-0.295898,-232.67363,187.774643,-29.914854
-0.570068,-0.977051,-0.154541,-104.766838,101.799004,32.417297,0.450684,-1.304688,-0.124512,1.464844,135.787964,26.56555
-0.607178,-0.943359,-0.186768,-125.90789,150.222778,16.624451,-0.039307,-1.179932,0.184814,-84.640495,236.312851,-76.133728
-0.648193,-0.986084,-0.24585,-148.017883,192.237839,2.655029,-0.019287,-1.175049,0.034912,-61.233517,205.764755,-54.222103
-0.720947,-1.059814,-0.26001,-169.456467,226.654037,-9.780884,-0.039063,-1.181152,0.025146,-53.764339,169.296249,-27.481077
-0.077637,-0.650879,0.020996,24.116514,-83.305351,76.23291,-0.043701,-1.256836,-0.001221,-39.520264,136.100769,-7.93457
-0.498779,-0.991455,0.05542,-24.80316,-78.781128,86.669914,0.297607,-1.112793,0.344238,-198.493942,231.513962,-97.640984
0.073242,-0.560791,0.030029,25.314329,-100.311272,78.49884,0.003174,-1.247559,-0.023926,-29.693602,89.569084,-7.011413
-0.396484,-0.379639,0.049072,-30.990599,-71.563721,-15.525817,-0.028076,-1.221436,-0.047852,-20.507811,72.952271,-9.231567
0.201904,-0.401611,0.078125,25.154112,-144.081116,79.162598,-0.081543,-1.171875,-0.15332,-23.54431,51.36108,-14.259337
-0.964111,-1.291504,-0.157959,-180.274948,249.992355,-26.44348,-0.124756,-1.168213,-0.273682,-27.618406,26.268003,-18.218994
-0.150146,-0.697754,0.171631,-27.709959,102.72216,-115.722649,-0.204346,-1.249023,-0.382568,-13.374328,-4.669189,-17.166138
-0.186279,-0.668701,0.190674,-29.510496,105.62133,-115.226738,-0.250488,-1.37085,-0.494873,11.848449,-41.236874,-11.825561
-0.228271,-0.635254,0.217041,-28.015135,103.141777,-112.960808,-0.237793,-1.50415,-0.589111,44.944759,-76.225281,-4.753113
-0.268311,-0.611084,0.221191,-21.614073,97.930901,-108.345024,-0.194824,-1.567139,-0.671387,81.993095,-104.530327,-0.984192
-0.2771,-0.575439,0.199219,-11.604308,91.285698,-101.84478,-0.153564,-1.50293,-0.751465,111.114494,-134.010315,7.011413
-0.27124,-0.513916,0.169189,-4.547119,83.145134,-92.979424,-0.141357,-1.391357,-0.798828,123.245232,-183.631882,20.950315
-0.298828,-0.42334,0.133545,-4.776001,72.227478,-81.329338,-0.031738,-1.23584,-0.042725,-36.949158,110.03875,-5.706787
-0.36499,-0.317871,0.083984,-14.976501,54.931637,-71.220398,0.255127,-1.032227,-0.256104,-39.077759,-85.128777,-12.908935
-0.424072,-0.244629,0.028076,-33.737183,30.448912,-63.407894,0.262207,-1.050293,-0.253662,-38.146973,-75.683594,-16.197205
0.18042,-0.47876,0.064209,25.794981,-121.170036,80.360405,0.268555,-1.080811,-0.224609,-36.888123,-66.871643,-19.630432
-0.448975,-0.233887,-0.003418,-50.155636,2.983093,-54.89349,0.26001,-1.094482,-0.195557,-37.826538,-60.409542,-23.979185
-0.415283,-0.323486,-0.007324,-48.942562,-47.790524,-29.571531,0.369873,-0.928223,-0.369629,-61.424252,-62.515255,-42.945858
-0.437012,-0.39502,0.150146,-7.942199,-93.872063,-4.829407,0.26416,-1.043457,-0.217529,-46.546932,-51.902767,-32.76062
-0.481934,-0.365479,0.247314,14.404296,-118.255608,5.53894,0.28833,-0.994385,-0.261963,-52.230831,-51.11694,-37.918091
-0.480225,-0.314209,0.285156,31.249998,-148.81134,18.196106,0.328613,-0.954102,-0.316162,-57.212826,-53.87878,-42.366024
-0.443115,-0.268311,0.272949,41.038509,-177.619919,32.707214,0.249268,-1.079834,-0.198242,-41.580196,-55.183407,-28.121946
-0.297852,-0.223389,0.21582,41.374203,-196.563705,45.791622,0.271973,-1.025879,-0.223145,-38.063049,-92.64373,-9.513855
-0.113281,-0.193848,0.193848,35.705566,-205.306992,59.29565,0.483398,-0.829834,-0.317871,9.132385,19.363403,-14.961242
-0.014404,-0.231201,0.197266,32.394409,-204.215988,66.53595,0.286865,-1.021484,-0.168457,-32.020569,-97.763054,-4.928589
0.098877,-0.271484,0.171143,28.472898,-190.902695,68.626404,0.266357,-1.018555,-0.182129,-27.709959,-95.91674,-3.631592
0.167236,-0.324463,0.11499,25.169371,-167.953476,72.937012,0.29541,-1.010986,-0.193604,-22.186277,-95.6726,-4.318237
-0.446533,-0.264648,-0.01416,-56.083675,-23.399351,-43.533321,0.33374,-0.985596,-0.206055,-16.021729,-94.40612,-6.027221
-0.104736,-0.727295,0.175049,-23.735044,93.643181,-113.876335,0.338379,-0.939941,-0.237793,-13.793944,-89.469902,-7.324218
-1.150635,-1.506836,0.048584,-143.081665,225.73851,-6.92749,0.35498,-0.904785,-0.260742,-11.528014,-80.79528,-8.583069
-1.673828,-1.204346,0.030273,-88.073723,122.772209,39.863586,0.376953,-0.867676,-0.286865,-8.56781,-67.619324,-9.048462
-0.225098,-1.163086,0.038818,-69.915771,-249.328598,149.353027,0.389404,-0.840332,-0.302002,-5.0354,-50.270077,-10.284423
-0.076904,-1.095215,0.015137,-69.709778,-249.992355,153.358459,0.401611,-0.82959,-0.314941,-1.098633,-28.388975,-12.527465
-0.023193,-0.916992,-0.001221,-95.458977,-249.992355,205.062851,0.444824,-0.822998,-0.317383,3.532409,-4.600525,-14.152526
-0.02124,-0.740234,-0.088379,-131.500244,-220.001205,236.778244,0.383545,-0.912842,-0.385498,-62.57629,-74.508667,-41.793819
0.22876,-0.759521,0.078613,-109.252922,-171.966537,139.419556,0.288574,-1.02002,-0.178711,-35.522461,-96.786491,-6.584167
0.152344,-0.875732,0.106689,-101.707451,-121.765129,115.356438,0.37915,-0.907471,-0.36499,-60.043331,-85.380547,-42.434689
0.348389,-0.960693,0.075439,-107.299797,-65.895081,103.469841,0.333008,-0.984131,-0.340332,-98.243706,-102.020256,-74.85199
0.499268,-1.195801,0.008545,-94.03228,1.518249,85.647575,0.27002,-0.883057,-0.270508,-61.866756,-80.718987,-44.525143
0.567139,-1.380371,-0.150635,-70.510864,66.688538,63.728329,0.520752,-0.847168,-0.323242,14.595031,43.464657,-14.701842
0.470215,-1.272461,-0.194336,-52.932735,178.1082,39.916992,0.152344,-1.219238,-0.415527,-121.208183,-73.814392,-55.786129
-0.304932,-1.148438,0.098145,-76.850891,-249.992355,149.627686,0.263184,-1.329834,-0.416504,-108.085625,-71.350098,-59.890743
0.529297,-1.26416,-0.30127,-35.499573,236.907944,5.012512,0.329834,-1.264648,-0.450928,-105.003349,-66.123962,-62.088009
0.842773,-1.591553,-0.298828,43.281551,249.984726,-139.24408,0.272217,-1.019287,-0.554688,-112.205498,-60.859676,-68.351746
0.282227,-1.481201,-0.18457,64.537048,249.984726,-190.605148,0.151123,-0.798096,-0.643066,-127.80761,-62.82806,-67.268372
-0.61499,-1.367432,-0.150879,50.506588,249.992355,-230.163559,0.114258,-0.764893,-0.588623,-132.751465,-75.012207,-65.895081
-1.441406,-1.550781,-0.230713,41.389462,249.664291,-249.992355,0.143066,-0.856201,-0.449463,-125.473015,-90.560905,-65.917969
-2.305176,-2.060791,-0.450195,110.313408,248.863205,-249.992355,0.164307,-1.00415,-0.327148,-117.401115,-102.798454,-63.560482
-2.874512,-2.274902,-0.881104,182.350143,249.992355,-249.374374,0.204102,-1.143066,-0.311768,-109.268181,-110.78643,-67.306519
-1.817627,-1.95874,-0.934326,189.048752,242.698654,-249.992355,0.321045,-0.907959,-0.313232,-58.883663,-88.851921,-43.724056
-0.974121,-1.553955,-0.286377,189.392075,157.859802,-249.992355,0.261719,-1.22876,-0.389404,-102.996819,-111.114494,-73.509216
-0.813965,-1.258301,-0.032959,177.703842,99.07531,-225.051865,0.35083,-1.13501,-0.455566,-100.425713,-100.631706,-76.004028
-1.721436,-1.36792,0.250977,-108.26873,201.621994,12.031554,0.279053,-0.873779,-0.261475,-95.993034,-106.170647,-73.959351
0.712402,-1.446777,-0.35791,3.791809,249.992355,-66.703796,0.267334,-0.839111,-0.262207,-90.415947,-107.688896,-73.272705
-0.48877,-1.157227,0.072021,-71.334839,-249.992355,135.231018,0.301758,-0.81958,-0.333252,-85.113518,-100.608818,-71.060181
0.498291,-1.379639,-0.220947,-57.441708,120.391838,51.162716,0.337402,-0.785889,-0.430664,-83.259575,-85.037224,-68.565369
-0.299561,-1.089355,0.161865,-23.437498,-249.992355,33.554077,0.360107,-0.758301,-0.487549,-84.877007,-66.627502,-65.681458
-0.441406,-1.14624,0.094238,-42.091366,-249.984726,74.59259,0.375,-0.751709,-0.474365,-85.189812,-52.886959,-62.606808
-0.862305,-1.174805,0.022949,-68.313599,-42.182919,102.98156,0.360352,-0.766357,-0.395752,-81.092827,-48.263546,-58.074947
-0.984131,-1.148438,-0.162842,-61.149593,-48.706051,96.916191,0.309326,-0.794922,-0.307861,-74.478149,-54.092403,-51.879879
-1.051025,-1.193359,-0.305664,-69.465637,-65.162659,91.674797,0.266846,-0.84082,-0.262451,-67.504883,-66.818237,-46.844479
-1.079102,-1.212158,-0.328613,-83.175652,-96.839897,93.177788,0.317627,-1.227783,-0.470459,-101.783745,-105.033867,-76.23291
-1.102051,-1.162354,-0.16333,-87.47863,-136.154175,99.273674,0.554932,-0.866943,-0.343994,19.523621,68.572998,-14.47296
-1.026611,-1.062744,0.097412,-82.93914,-168.846115,107.89489,0.575928,-0.872559,-0.368652,22.201536,93.437187,-14.915465
-0.864502,-1.008789,0.210205,-87.989799,-185.03569,100.952141,0.575439,-0.874023,-0.387451,22.338865,115.95153,-14.717101
-0.832031,-1.210205,0.232666,-101.783745,-211.952194,93.65081,0.179688,-1.230469,-0.13208,94.024651,99.349968,100.532524
-1.267334,-1.670898,0.389893,-76.637268,-245.727524,88.74511,0.151367,-1.279053,-0.086426,84.70153,98.419182,94.253532
-1.187744,-1.695557,0.622314,-47.546383,-249.992355,25.588987,0.125732,-1.300781,-0.034424,77.9953,95.748894,84.9533
-1.010254,-1.214844,-0.054443,-81.619255,-0.160217,85.3424,0.11499,-1.265625,-0.014404,73.410034,90.492241,75.714111
-0.914307,-1.310547,0.424316,-90.75927,-249.992355,24.765013,0.102783,-1.179932,-0.022461,68.359375,82.618706,68.946838
-0.816406,-1.136475,0.290039,-92.063896,-249.992355,-6.729125,0.082275,-1.080811,-0.047607,61.050411,73.181152,65.284729
-0.281494,-0.967529,0.270508,-1.373291,-249.992355,-2.601623,0.061035,-0.983398,-0.083008,54.38995,62.32452,62.355038
-0.291016,-1.011963,0.399414,24.29962,-249.992355,-27.908323,0.038574,-0.89917,-0.107666,48.46191,49.705502,59.982296
-0.192627,-1.114502,0.491699,44.425961,-249.992355,-44.403072,0.02124,-0.831299,-0.120605,42.343136,36.03363,58.67767
-0.079346,-1.214111,0.575684,43.54858,-249.992355,-35.453796,0.008545,-0.780762,-0.125977,37.727356,22.109983,57.838436
-0.257813,-1.00415,0.196045,-18.104553,-249.992355,16.731262,0.204102,-1.140625,-0.157471,102.004997,98.373405,105.758659
-0.263184,-1.402832,0.739258,-13.694762,-249.992355,4.234314,-0.002441,-0.74707,-0.131836,34.370422,9.391785,57.28912
-0.493652,-1.476074,0.747314,-44.601437,-249.992355,13.778686,0.006348,-0.674805,-0.165527,27.351377,-7.736206,55.824276
-0.698486,-1.487793,0.692871,-70.495605,-249.992355,22.941587,0.019287,-0.620117,-0.182373,23.338316,-9.971619,54.13055
-0.10498,-1.306885,0.671875,18.1427,-249.992355,-9.788513,0.029785,-0.567139,-0.197754,18.02063,-9.094238,53.657528
-0.646484,-0.95874,0.154297,-43.991085,98.014824,81.603996,0.025635,-0.53418,-0.202637,12.916564,-8.308411,53.0014
-0.446533,-0.852783,0.157715,-59.135433,126.838676,119.201653,0.011719,-0.510254,-0.200928,9.376526,-9.788513,50.804134
-0.497803,-0.821777,0.149658,-58.898922,128.585815,114.212029,0.008545,-0.471191,-0.18335,6.42395,-13.870238,48.690792
-0.540283,-0.797852,0.115967,-57.327267,125.595085,111.022942,0.014648,-0.420166,-0.167725,1.853943,-19.668579,48.324581
-0.547607,-0.775879,0.086914,-57.28912,122.51281,110.015862,0.016357,-0.390137,-0.172363,-5.386352,-24.475096,48.477169
-0.540039,-0.763672,0.088867,-58.059689,122.177116,107.536308,0.011719,-0.397949,-0.184326,-10.833739,-26.473997,47.760006
-0.553711,-0.7771,0.110352,-57.395931,122.444145,102.142326,0.016113,-0.412842,-0.194824,-13.397216,-26.115416,45.639034
-0.433105,-0.942383,0.165283,-52.680965,119.155876,121.360771,-0.002441,-0.718994,-0.14917,30.883787,-0.793457,56.915279
-0.57959,-0.818848,0.13501,-54.374691,119.804375,95.451347,0.219727,-1.05127,-0.178955,108.467094,97.404472,110.870354
-0.608398,-0.884521,0.153564,-49.766537,111.93084,88.226311,0.029785,-0.421875,-0.187988,-15.60974,-22.949217,40.977474
-0.695801,-1.007568,0.124023,-39.810181,81.695549,76.202393,0.245361,-1.005371,-0.201416,122.200005,98.602287,116.767876
-0.594971,-1.031982,0.121826,-57.144161,51.895138,62.522884,0.593262,-0.89502,-0.389648,22.979734,135.444641,-14.10675
-0.740234,-0.968506,0.034424,-49.179073,55.52673,70.213318,0.58374,-0.937744,-0.366943,26.496885,150.169373,-12.687682
-0.720703,-0.940918,0.048828,-58.570858,50.73547,69.854736,0.561279,-0.994141,-0.348389,31.166075,157.402039,-10.299682
-0.664795,-0.960938,0.091064,-61.729427,49.804684,67.695618,0.539063,-1.050293,-0.327148,35.514832,158.798218,-5.493164
-0.571289,-1.097412,0.147461,-48.385616,58.074947,54.336544,0.521729,-1.109375,-0.319336,42.846676,155.49469,0.602722
-0.550781,-1.128662,0.158936,-39.131165,64.468384,46.150204,0.517334,-1.148682,-0.338623,51.650997,148.468018,8.19397
-0.526611,-1.140381,0.137207,-29.678343,69.999695,39.230347,0.237549,-1.009033,-0.198486,115.631096,97.31292,115.180962
-0.490723,-1.125732,0.119141,-21.675108,76.828003,31.555174,0.574463,-1.158691,-0.365479,67.481995,130.615234,27.267454
-0.467773,-1.090576,0.094727,-17.730713,83.747856,26.084898,0.569824,-1.148682,-0.403809,76.049805,116.905205,35.163879
-0.493896,-1.039795,0.023926,-19.546509,86.158745,24.29962,0.555664,-1.13501,-0.437988,81.344597,98.281853,43.540951
-0.479004,-1.127441,0.140869,-42.274471,109.168999,120.010368,0.593506,-1.150391,-0.423584,87.081902,82.420341,51.658627
-0.734863,-1.00415,0.068115,-41.076656,66.719055,72.288513,0.549805,-1.159424,-0.359619,58.868404,139.73999,18.127441
-0.529053,-1.337158,0.068115,-39.535522,99.769585,122.093193,0.563965,-1.184814,-0.398926,104.972832,72.921753,64.704895
-0.566406,-0.999756,-0.02124,-25.321959,83.724968,23.231504,0.536621,-1.179199,-0.415039,110.321037,72.097778,67.672729
-0.374268,-1.259277,0.084961,-71.769714,82.572929,138.626099,0.49707,-1.163818,-0.475342,111.488335,72.044373,72.929382
-0.622559,-0.725586,-0.255859,-61.630245,89.035027,32.585144,0.452637,-1.158936,-0.532227,109.962456,74.943542,78.910828
-0.685059,-0.682617,-0.333984,-73.295593,74.806213,34.950256,0.419434,-1.158936,-0.508057,110.397331,80.818169,85.884087
-0.698975,-0.641357,-0.398682,-85.426323,54.51965,45.364376,0.393555,-1.141113,-0.43335,112.892143,87.448112,93.788139
-0.676758,-0.622559,-0.392334,-92.033379,35.339355,58.761593,0.343018,-1.101563,-0.333252,116.676323,95.321648,99.533073
-0.641113,-0.656006,-0.294678,-91.575615,22.361753,65.879822,0.291016,-1.066162,-0.250977,120.765678,101.081841,104.850761
-0.566895,-0.769287,-0.129883,-76.042175,17.875671,68.618774,0.253906,-1.038086,-0.185059,124.465935,101.875298,110.79406
-0.481934,-0.876221,-0.018311,-52.726742,19.325256,70.167542,0.235107,-1.016357,-0.168457,125.473015,100.769035,115.028374
-0.471436,-0.885742,-0.106689,-46.379086,24.070738,75.752258,0.59668,-1.164063,-0.409668,96.137993,74.867249,59.318539
-0.55127,-0.813232,-0.302979,-63.972469,28.778074,87.783806,-0.337891,-0.547852,-0.939453,29.167173,-10.894774,8.003235
-0.639893,-0.726563,-0.427734,-92.041008,27.648924,101.119987,-0.381104,-0.491699,-0.962646,27.595518,10.94818,5.424499
-0.485352,-1.392822,0.042236,-50.552364,90.690605,129.234314,-0.335205,-0.479736,-0.972656,28.068541,30.250547,1.274109
-0.637451,-0.666748,-0.433838,-114.135735,24.269102,111.618034,-0.266846,-0.518555,-0.926514,27.999876,40.672298,-0.762939
-0.456055,-0.697998,-0.267334,-136.924744,32.76825,125.297539,-0.268555,-0.514404,-0.796631,9.780884,55.633541,16.822815
-0.369873,-0.961914,-0.093262,-127.342216,45.211788,128.562927,-0.246338,-0.647705,-0.737305,25.398252,40.191647,4.058838
-0.366211,-1.29541,0.078369,-88.447563,56.587215,124.641411,-0.277588,-0.665527,-0.680664,22.598265,42.549129,5.043029
-0.488037,-1.450684,0.056152,-51.10931,58.662411,120.292656,-0.291992,-0.614258,-0.731934,16.334534,48.957821,8.270264
-0.609131,-1.294189,-0.144531,-50.636288,53.314205,127.479546,-0.234863,-0.584229,-0.837402,27.175901,41.564938,1.365662
-0.658203,-0.940186,-0.28125,-86.410515,46.630856,142.524719,-0.221191,-0.61499,-0.943359,35.606384,-30.235289,8.956909
-0.564697,-0.695068,-0.20166,-122.917168,41.893002,152.099609,-0.065186,-0.4646,-1.151611,30.021666,-0.869751,-2.624511
-0.425049,-0.667236,-0.062012,-134.185791,46.173092,155.166626,-0.079102,-0.664307,-0.95752,50.430294,-41.366573,6.050109
-0.325684,-0.796631,0.040039,-122.550957,59.204098,153.259277,-0.062744,-0.634033,-1.028076,53.718563,-33.752441,5.317688
-0.307373,-1.023682,0.092773,-98.747246,72.967529,147.132874,-0.065918,-0.577393,-1.097656,52.406307,-21.804808,5.653381
-0.555908,-0.631592,-0.368896,-127.975456,24.894712,119.453423,-0.074219,-0.52417,-1.137207,47.851559,-10.032654,4.508972
-0.593018,-0.989014,0.057373,-24.940489,78.613281,19.866943,-0.097168,-0.503906,-1.130127,42.755123,-1.487732,1.609802
-0.842773,-1.187012,0.260498,54.603573,-115.356438,-51.170345,-0.104492,-0.532715,-1.096191,40.367123,3.02124,-1.655578
-0.495117,-0.993896,0.233398,-8.125305,66.970825,14.640807,-0.077637,-0.579102,-1.043213,41.419979,6.752014,-4.676819
-0.799805,-1.174805,0.213623,52.764889,-126.6632,-49.766537,-0.015625,-0.600098,-1.016846,43.708797,9.918213,-6.576538
-0.759521,-1.222412,0.221924,59.104916,-127.563469,-55.030819,0.032471,-0.569824,-1.018799,40.931698,11.169433,-6.179809
-0.782227,-1.279785,0.206543,67.298889,-128.143311,-65.90271,0.011475,-0.511719,-1.09375,34.210205,8.079529,-4.043579
-0.841309,-1.269531,0.179688,70.274353,-126.731865,-80.963127,-0.195068,-0.455322,-0.794922,16.136169,55.747982,24.848936
-0.80127,-1.169922,0.141357,62.049862,-126.022331,-95.016472,-0.12915,-0.657959,-0.928955,43.67065,-40.893551,8.010864
-0.70752,-1.085693,0.100342,45.173641,-124.588005,-107.040398,-0.141357,-0.489746,-0.735596,29.914854,49.934383,27.6947
-0.611572,-1.043457,0.121094,29.479979,-121.170036,-119.247429,0.005371,-0.721436,-0.238037,75.523376,86.112968,80.413811
-0.508057,-1.030762,0.179932,21.728514,-118.507378,-131.04248,-0.178467,-0.581543,-0.552979,40.016174,37.986755,40.283199
-0.429932,-1.03418,0.213623,21.720884,-113.578789,-143.310547,-0.111572,-0.468506,-1.124756,31.921385,-12.496947,-2.098083
-0.37793,-1.016846,0.230957,21.308897,-103.721611,-154.594421,0.20752,-0.736572,-0.239258,110.511772,79.818726,99.784843
-0.840576,-1.158691,0.212646,51.025387,-125.442497,-49.934383,0.173584,-0.729736,-0.239502,105.278008,93.383781,98.533623
-0.348877,-1.008057,0.238525,14.900207,-91.339104,-161.60582,0.149658,-0.726318,-0.199463,102.416985,103.271477,97.175591
-0.325195,-1.134766,0.26709,5.630493,-67.054749,-162.040695,0.121338,-0.735596,-0.155273,99.456779,109.77935,95.687859
-0.294189,-1.256104,0.281494,6.401062,-51.475521,-159.584045,0.098145,-0.756592,-0.124756,97.213737,112.968437,93.27697
-0.253418,-1.367676,0.295166,6.065368,-32.165527,-154.563904,0.082031,-0.776123,-0.123535,96.04644,113.555901,90.347282
-0.213623,-1.438721,0.321289,8.758545,-12.329101,-148.544312,0.067139,-0.776123,-0.133545,94.421379,112.869255,87.707512
-0.191162,-1.417236,0.324463,12.878417,4.470825,-140.769958,0.055908,-0.766357,-0.159424,90.957634,111.099236,85.2127
-0.148438,-1.339844,0.300537,14.823913,17.791748,-132.118225,0.046143,-0.751465,-0.187744,86.280815,107.040398,84.32769
-0.106934,-1.210938,0.248291,12.016295,29.571531,-126.152031,-0.144775,-0.54834,-0.64502,37.918091,42.343136,32.371521
-0.072754,-1.069336,0.204834,4.997253,41.961666,-122.207634,0.018311,-0.740967,-0.205322,82.321159,101.753227,85.235588
-0.044922,-0.947754,0.162842,-3.738403,55.740353,-118.965141,-0.013916,-0.74707,-0.220459,79.574585,90.492241,82.351677
-0.02124,-0.851563,0.152588,-11.550902,68.786621,-115.501396,0.007324,-0.695313,-0.297119,69.93103,85.578911,77.667236
-0.340576,-1.046631,0.246094,7.820129,-79.399109,-163.375839,-0.001465,-0.699951,-0.342285,68.008423,89.447014,72.425842
-0.866211,-1.168945,0.2229,53.039547,-121.040337,-51.528927,-0.002686,-0.697754,-0.349121,67.245483,95.573418,66.177368
-0.047607,-0.777832,0.165283,-18.104553,81.123344,-113.250725,-0.008789,-0.637451,-0.388428,58.258053,100.303642,60.997005
-0.827881,-1.187744,0.31543,54.084774,-110.359184,-49.949642,-0.071777,-0.558105,-0.479004,44.548031,98.289482,56.426998
-0.478271,-0.985596,0.244629,1.144409,63.552853,13.740539,-0.184082,-0.548096,-0.474121,39.878845,86.036674,53.573605
-0.474121,-0.966064,0.236084,9.002686,58.914181,12.283324,-0.260986,-0.582764,-0.373047,42.907711,68.763733,52.047726
-0.489502,-0.93457,0.219971,13.168334,52.711483,11.306762,-0.24585,-0.601563,-0.373291,43.312069,52.37579,50.148006
-0.51123,-0.896973,0.195313,14.846801,44.189449,9.83429,-0.208984,-0.593018,-0.461426,41.549679,40.939327,46.874996
-0.537598,-0.860596,0.175049,15.335082,32.600403,8.361816,-0.016846,-0.748535,-0.215576,80.696098,96.450798,84.663383
-0.580566,-0.826172,0.174805,14.945983,17.997742,6.469726,-0.078613,-0.497803,-1.063477,36.04126,-19.53125,-1.541138
-0.540771,-0.992676,0.167725,-17.677307,71.609497,16.265869,0.240234,-0.765625,-0.202393,117.195122,63.354488,100.685112
-0.608154,-0.752686,0.199463,10.635375,-15.670775,0.213623,0.052002,-0.469727,-1.088135,42.022701,-5.142211,-3.433227
-0.577881,-0.744873,0.194092,7.469177,-25.466917,-4.196167,0.017334,-0.482666,-0.605469,-77.880859,-95.840446,16.525269
-0.563721,-0.773926,0.200684,7.148742,-27.458189,-9.780884,0.043701,-0.567139,-0.538574,-72.486877,-101.821892,16.860962
-0.5625,-0.821777,0.204102,9.70459,-23.170469,-16.387939,0.111328,-0.613037,-0.524658,-74.08905,-98.716728,13.793944
-0.614502,-0.7854,0.194336,13.549804,0.907898,3.555298,0.165283,-0.599609,-0.579346,-83.57238,-90.2481,8.44574
-0.568359,-0.875732,0.192627,11.016845,-6.729125,-29.289244,0.177979,-0.568848,-0.63501,-95.558159,-81.466667,3.379822
-0.669678,-0.856689,0.191406,5.195617,-6.965637,-32.447815,0.164307,-0.572754,-0.613037,-105.201714,-73.783875,-1.075745
-0.738281,-0.842041,0.215576,-1.487732,-15.029906,-34.263611,0.147705,-0.629883,-0.542969,-108.009331,-67.451477,-5.119323
-0.750977,-0.863037,0.240234,-4.188538,-27.847288,-37.17041,0.149658,-0.715576,-0.473877,-105.773918,-59.158321,-9.460449
-0.763916,-0.908691,0.268311,-3.135681,-41.40472,-39.81781,0.158203,-0.792725,-0.476807,-103.836052,-46.485897,-15.914916
-0.787109,-0.977783,0.294922,1.266479,-55.90057,-41.236874,0.181396,-0.808838,-0.532715,-107.116692,-29.808043,-24.726866
-0.807861,-1.058838,0.320557,10.047912,-69.992065,-42.282101,0.023926,-0.411621,-0.689209,-80.383293,-82.283012,13.565063
-0.822021,-1.129395,0.347412,23.582457,-83.099358,-43.495174,0.205322,-0.770752,-0.599121,-114.387505,-12.84027,-32.859802
-0.834717,-1.169434,0.364014,38.352966,-94.474785,-45.31097,0.115967,-0.721191,-0.61499,-123.962395,6.347656,-43.617245
-0.836426,-1.185547,0.352295,49.606319,-103.561394,-47.653194,0.079102,-0.751465,-0.57251,-127.098076,6.111145,-42.335506
-0.545654,-0.859863,0.206299,12.123107,-14.373778,-23.406981,0.074463,-0.838135,-0.46875,-124.938957,-0.022888,-41.099545
-0.031738,-0.61377,-0.460205,4.959106,-54.435726,-83.229057,0.108154,-0.919189,-0.422119,-118.431084,-13.328551,-45.524593
-0.032715,-0.691406,-0.329102,17.01355,-68.67981,-83.938591,0.145264,-0.895996,-0.497559,-119.438164,-27.763365,-52.62756
-0.025879,-0.78418,-0.171387,24.864195,-78.575134,-84.281914,0.137451,-0.797607,-0.607422,-129.898071,-37.612915,-54.367062
-0.009521,-0.845947,-0.079834,25.123594,-90.515129,-87.341301,0.079346,-0.747314,-0.634033,-138.557434,-44.029232,-50.86517
-0.118408,-0.567383,-0.138672,-3.89862,-187.04985,-76.919556,0.021484,-0.791992,-0.604248,-140.464783,-50.216671,-49.148556
0.041992,-0.889404,0.093262,16.265869,-133.537292,-82.733147,0.010498,-0.886475,-0.570801,-137.504578,-59.05151,-48.240658
0.028564,-0.82251,0.101074,-1.13678,-157.25708,-75.447083,0.051758,-1.016846,-0.501465,-134.933472,-69.190979,-47.775265
-0.05127,-0.663818,-0.046875,-17.89093,-175.262436,-71.052551,0.175781,-0.729492,-0.616455,-120.36132,0.030518,-40.039063
0.023438,-0.873047,0.016357,23.185728,-109.626762,-87.448112,0.027588,-0.388916,-0.726807,-73.150635,-67.604065,10.147094
0.032227,-0.643066,-0.417236,5.386352,-34.713745,-81.077568,-0.001953,-0.503174,-1.057617,40.367123,-16.845703,-1.533508
-0.257324,-0.806396,-0.915039,44.593807,53.039547,-92.803947,0.060059,-0.447998,-0.69043,-50.758358,-53.63464,9.979248
0.044678,-0.856445,-0.383789,40.336605,7.026672,-95.062248,0.060791,-0.412598,-1.135498,33.790588,7.743835,-5.096435
-0.080322,-0.89502,-0.537842,54.252621,11.161803,-105.155937,0.011719,-0.361816,-1.17627,17.623901,14.22119,-4.104614
-0.207764,-0.882324,-0.643311,63.690182,2.89917,-106.933586,-0.068359,-0.373779,-1.151611,5.836486,13.534545,-0.900268
-0.298584,-0.806885,-0.720215,61.805721,-11.360168,-100.913994,-0.081299,-0.440918,-1.065674,2.555847,5.859375,1.228333
-0.335938,-0.665039,-0.873291,45.333858,-21.034239,-95.375053,-0.010986,-0.504883,-0.956543,1.655578,-2.456665,1.00708
-0.267822,-0.552246,-0.984131,24.864195,-17.883301,-92.330925,0.060059,-0.527832,-0.918701,2.731323,-4.196167,0.900268
-0.124512,-0.585938,-0.843262,18.180847,-4.692078,-90.2481,0.03418,-0.411865,-0.703857,-60.928341,-57.754513,8.827209
-0.051514,-0.704346,-0.686523,24.009703,13.900756,-89.012138,0.022217,-0.528076,-0.971191,10.681151,2.151489,5.348205
-0.100586,-0.783936,-0.762207,29.747007,32.356262,-92.025749,-0.023682,-0.500244,-0.993164,8.666992,0.488281,8.68988
-0.201416,-0.810059,-0.889648,35.28595,45.3186,-94.543449,-0.032715,-0.464355,-1.01001,3.013611,-8.377075,11.657714
-0.147705,-0.65332,-0.08374,33.836365,-190.788254,-89.942924,-0.019287,-0.450439,-0.99707,-3.89862,-23.521421,14.434813
0.094727,-0.758057,-0.317383,22.476194,-11.543273,-83.839409,0.069336,-0.533936,-0.94873,7.484436,-0.854492,2.449036
-0.137207,-0.829102,0.029297,65.307617,-186.912521,-104.293816,0.026855,-0.506592,-0.970459,-8.857727,-47.592159,13.603209
-0.234619,-1.101318,0.247314,85.258476,-119.1101,-161.796555,-0.008789,-0.468994,-0.991699,-8.81958,-38.665771,15.533446
-0.112061,-0.933838,0.120361,80.955498,-174.209579,-122.192375,0.09082,-0.408203,-0.727295,-43.411251,-48.957821,13.633727
-0.284912,-0.750488,-0.910645,52.314754,59.707638,-87.562553,0.084961,-0.358154,-0.740479,-41.877743,-49.385067,15.670775
-0.351074,-1.542236,0.226074,121.902458,-0.900268,-185.462936,0.075439,-0.331055,-0.760742,-38.635254,-49.262997,17.364502
-0.332764,-1.480469,0.254883,114.341728,-2.822876,-186.309799,0.03833,-0.340088,-0.795898,-33.119202,-44.776913,19.760132
-0.32959,-1.39502,0.26709,105.903618,-6.858825,-186.866745,0.085693,-0.446045,-0.70874,-45.349117,-50.682064,11.322021
-0.320068,-1.327148,0.253174,96.664421,-14.755248,-186.714157,0.054199,-0.38623,-0.905029,-24.787901,-38.993835,15.640258
-0.314453,-1.269775,0.253418,87.715141,-25.459288,-185.226425,0.104248,-0.418701,-0.911865,-20.118711,-42.274471,13.84735
-0.315186,-1.226074,0.269287,80.764763,-37.101746,-183.860764,0.124756,-0.482178,-0.905273,-11.383056,-47.355648,12.321471
-0.306641,-1.189453,0.265869,77.178955,-49.362179,-181.655869,0.088623,-0.524414,-0.940186,-7.026672,-49.743649,11.70349
-0.297852,-1.143311,0.272217,75.019836,-60.806271,-178.161606,0.01709,-0.367432,-0.85791,-27.740477,-39.772034,18.966675
-0.286377,-1.117676,0.281006,72.547913,-71.502686,-174.629196,0.145508,-1.131592,0.107178,-91.26281,-69.976807,-91.743462
-0.115234,-0.927002,0.099854,76.438904,-180.656418,-114.540092,0.157227,-1.14624,0.112305,-96.435539,-75.691223,-83.541862
-0.266113,-1.10498,0.271729,71.922302,-82.397453,-170.974716,0.174561,-1.173828,0.120361,-99.563591,-81.329338,-75.6073
-0.249268,-1.091553,0.25,78.315735,-106.483452,-164.49736,0.210205,-1.210693,0.138428,-101.387016,-87.379448,-67.344666
-0.21582,-1.094971,0.243652,92.338554,-131.019592,-157.951355,0.233643,-1.245117,0.145508,-102.912895,-92.086784,-59.768673
-0.199463,-1.060059,0.239014,98.525993,-140.464783,-153.244019,0.257568,-1.273438,0.144043,-102.241508,-94.230644,-54.817196
-0.189697,-0.991211,0.23999,102.783195,-147.338867,-149.414063,0.275391,-1.277344,0.131592,-100.692741,-92.979424,-52.566525
-0.181641,-0.914307,0.233398,103.088371,-151.611328,-145.904541,0.293701,-1.265869,0.119141,-100.448601,-88.455193,-51.033016
-0.168701,-0.874512,0.219482,98.869316,-154.701233,-142.219543,0.321533,-1.253662,0.118164,-99.838249,-81.68792,-49.560543
-0.165039,-0.879883,0.185303,94.848625,-157.249451,-139.221191,0.349854,-1.23999,0.093018,-99.563591,-73.730469,-47.409054
-0.165283,-0.885254,0.161865,92.39196,-160.072327,-136.367798,0.203369,-1.093994,-0.057129,-37.979126,-191.116318,-27.847288
-0.1521,-0.903564,0.147705,89.706413,-163.86412,-132.774353,0.236328,-1.200195,0.090332,-94.352715,-89.584343,-38.894653
-0.125732,-0.923096,0.132324,86.21978,-168.495163,-128.662109,0.197998,-1.171143,0.080322,-88.157646,-113.632195,-34.477234
-0.257324,-1.090332,0.260498,73.883057,-94.15435,-167.343124,0.172363,-1.148682,0.062988,-82.900993,-139.785767,-32.188416
-0.30835,-0.63623,-0.956299,50.109859,71.205139,-79.101563,0.169434,-1.122559,0.04834,-79.353333,-161.933884,-30.296324
-0.261719,-0.52002,-1.009277,39.497375,87.371819,-70.350647,0.218018,-1.120605,0.036865,-76.065063,-173.095688,-27.648924
-0.174072,-0.488037,-0.97876,29.602049,99.533073,-64.178467,0.244385,-1.125244,0.040771,-70.297241,-172.042831,-27.748106
-0.990723,-0.391846,-0.894531,2.624511,79.193115,-22.468565,0.242188,-1.130127,0.022461,-63.08746,-169.380173,-30.311583
-0.955078,-0.351318,-0.874268,-16.159058,50.071712,-8.216858,0.204346,-1.129395,0.005859,-56.617733,-172.759995,-30.426023
-0.826172,-0.371094,-0.717285,-20.317076,24.032591,6.881713,0.166748,-1.12915,-0.003906,-50.949093,-183.502182,-29.693602
-0.688232,-0.418213,-0.543213,-14.343261,7.987976,21.614073,0.186523,-1.119873,-0.032227,-43.998714,-190.269455,-28.678892
-0.579834,-0.441406,-0.475098,-9.933472,7.453918,34.683228,0.130127,-1.118896,0.10791,-86.570732,-62.339779,-99.418633
-0.508545,-0.427734,-0.541748,-15.693664,19.348145,41.099545,0.302734,-1.223389,0.082275,-99.060051,-73.287964,-43.624874
-0.528076,-0.408447,-0.655273,-29.922483,38.299561,39.230347,0.128174,-1.091553,0.109619,-82.885735,-53.939816,-106.12487
-0.594482,-0.408447,-0.686768,-42.816158,58.364864,30.96771,-0.076416,-0.585205,-0.070313,-50.384518,-53.932186,-127.624504
-0.628418,-0.438721,-0.60498,-46.44775,70.976257,23.29254,0.127441,-0.99585,0.087158,-77.568054,-38.68866,-117.362968
-0.616211,-0.480957,-0.504639,-42.526241,74.295044,19.638062,0.237549,-1.049561,-0.075928,-35.354614,-185.859665,-27.786253
-0.898682,-0.483398,-0.794922,23.521421,103.652946,-31.326292,-0.08667,-0.594971,-0.207031,-26.542662,-118.995659,-22.819517
-0.609619,-0.509033,-0.458008,-40.77911,73.34137,17.021179,-0.045166,-0.570557,-0.213135,-29.479979,-135.551453,-33.790588
-0.666992,-0.503662,-0.520752,-64.002991,63.011166,20.195005,-0.023682,-0.533936,-0.225586,-28.022764,-143.959045,-38.513184
-0.680664,-0.540527,-0.49292,-70.587158,59.18121,23.628233,-0.033691,-0.532227,-0.22583,-30.105589,-148.635864,-40.718075
-0.652588,-0.604492,-0.387939,-61.393734,57.952877,25.901793,-0.02832,-0.626465,-0.188477,-32.737732,-150.054932,-51.101681
-0.621338,-0.642334,-0.27002,-44.80743,58.403011,27.923582,-0.015137,-0.756592,-0.14502,-32.341003,-147.56012,-65.0177
-0.627686,-0.611328,-0.247559,-37.216187,60.8139,31.745909,-0.006592,-0.821533,-0.127441,-31.173704,-141.998291,-78.00293
-0.638428,-0.530273,-0.340576,-46.44775,66.116333,35.987854,0.003906,-0.779541,-0.13916,-32.302856,-132.804871,-89.805595
-0.61499,-0.450928,-0.421387,-64.216614,74.310303,39.352417,0.000244,-0.69043,-0.155518,-37.750244,-118.60656,-99.205009
-0.574219,-0.445557,-0.402588,-77.056885,83.57238,40.023804,0.127197,-1.04541,0.102783,-79.544067,-45.745846,-112.358086
-0.544922,-0.525391,-0.316406,-78.308105,90.591423,37.460327,-0.033447,-0.602295,-0.169189,-45.730587,-100.608818,-107.269279
-0.527832,-0.646484,-0.224121,-69.564819,93.833916,35.202026,-0.091309,-0.552979,-0.12915,-54.229733,-66.970825,-120.788567
-0.635254,-0.506836,-0.48291,-49.064632,69.122314,17.021179,-0.036377,-0.612793,-0.035889,-48.698421,-42.526241,-133.613586
-0.722168,-0.558105,-0.687988,34.248352,116.737358,-30.677794,0.006836,-0.628174,-0.034668,-53.237911,-32.226563,-137.397766
-0.555176,-0.727783,-0.200684,-60.493465,94.528191,33.981323,0.008301,-0.646484,-0.041748,-58.311459,-24.92523,-137.176514
-0.497559,-0.606689,-0.599365,18.959045,92.422478,-12.763976,0.003662,-0.675049,-0.010498,-62.782284,-22.819517,-134.109497
-0.216553,-0.540283,-0.90918,27.168272,105.041496,-60.661312,-0.003174,-0.718262,0.032471,-66.520691,-24.131773,-131.271362
-0.330566,-0.625732,-0.892822,32.279968,96.130363,-59.143063,0.003418,-0.766113,0.063965,-69.000244,-26.18408,-129.135132
-0.432617,-0.705078,-0.90332,46.691891,65.185547,-56.808468,0.032715,-0.826172,0.078613,-71.296692,-27.809141,-126.937859
-0.515625,-0.735352,-0.883057,66.246033,21.90399,-47.607418,0.083984,-0.889893,0.078613,-73.654175,-29.373167,-124.885551
-0.547607,-0.665771,-0.880371,74.699402,-19.256592,-34.095764,0.124512,-0.947266,0.07373,-76.042175,-33.149719,-121.37603
-0.541504,-0.501709,-0.948486,62.431332,-47.279354,-19.172668,-0.072998,-0.554443,-0.171143,-52.429195,-82.641594,-114.280693
-0.571777,-0.596924,-0.612549,31.73065,113.105766,-22.712706,0.291992,-1.002441,-0.090088,-36.04126,-172.477707,-27.893064
-0.329346,-0.397949,-0.686768,31.402586,-55.206295,10.978698,-0.086914,-0.628662,-0.199463,-15.624999,-94.825737,-12.153625
-0.293213,-0.481934,-0.615234,31.127928,-44.197079,16.792297,0.304443,-0.972656,-0.093506,-36.682129,-136.116028,-30.982969
-0.381592,-0.52417,-0.738525,30.273436,-30.830381,15.754699,0.343994,-1.500977,-0.489014,154.327393,92.948906,74.172974
-0.473389,-0.563721,-0.822754,29.380796,-21.781919,12.573241,0.310547,-1.493408,-0.462646,153.335571,97.473137,65.925598
-0.458496,-0.372314,-0.908447,41.625973,-58.235165,-3.028869,0.257813,-1.466064,-0.417725,150.726318,97.290031,61.454769
-0.549561,-0.595459,-0.819336,20.721434,-8.81958,8.102417,0.246826,-1.449463,-0.334961,152.511597,97.373955,57.380672
-0.56543,-0.539551,-0.894287,0.900268,1.754761,9.254456,0.182129,-1.401611,-0.257324,156.959534,90.736382,54.870602
-0.574463,-0.517578,-0.878906,-18.630981,14.663695,9.246826,0.094482,-1.371094,-0.209229,159.561157,73.417664,55.969234
-0.592529,-0.557373,-0.768799,-26.847837,27.160643,4.478455,0.049316,-1.370605,-0.190918,159.927368,50.445553,58.464046
-0.628662,-0.625488,-0.668945,-22.544859,32.524109,-3.768921,0.052246,-1.361328,-0.20166,158.569336,29.991148,60.569759
-0.658203,-0.671387,-0.64624,-11.245727,29.624937,-8.285522,0.091309,-1.325684,-0.239746,153.823853,14.343261,63.575741
-0.669434,-0.646484,-0.708496,-4.524231,22.40753,-8.033752,0.154053,-1.281738,-0.240723,146.736145,3.166198,67.237854
-0.65332,-0.584229,-0.805664,-5.966186,20.973204,-8.262634,0.374756,-1.460938,-0.511475,151.794434,82.015984,81.077568
-0.604004,-0.553467,-0.786621,-4.974365,35.331726,-7.072448,0.205078,-1.226563,-0.185303,142.929077,-3.364563,70.724487
-0.52124,-0.579346,-0.666504,4.241943,62.667843,-6.782531,0.197998,-1.078369,-0.086914,143.218994,-7.072448,77.430725
-0.521973,-0.60791,-0.803955,29.190062,-16.120911,9.300232,0.187012,-1.020508,-0.084229,141.593933,-5.874633,81.42852
-0.173096,-0.927734,0.282227,6.652832,19.798279,163.169846,0.179932,-0.98877,-0.103027,138.923645,-2.380371,84.533684
-0.177979,-0.879395,0.283447,11.95526,12.855529,164.710983,0.181885,-0.956299,-0.131836,135.284424,1.998901,87.295525
-0.19043,-0.820313,0.276123,14.900207,9.674072,165.534958,0.19751,-0.917725,-0.164551,131.164551,5.355834,90.682976
-0.193359,-0.767822,0.273193,18.218994,10.2005,164.710983,0.220215,-0.882568,-0.161865,126.91497,7.80487,94.566338
-0.136963,-0.659424,0.276855,35.385132,47.279354,155.075073,0.239746,-0.854736,-0.144775,124.717705,11.444091,98.716728
-0.200684,-0.693848,0.262695,26.81732,20.690916,161.376938,0.244629,-0.83374,-0.139893,123.214714,18.936157,101.959221
-0.195801,-0.677979,0.262207,31.10504,28.442381,160.461426,0.242676,-0.815674,-0.163086,121.795647,30.570982,103.599541
-0.166748,-0.668213,0.270996,34.156799,37.467957,158.454895,0.243164,-0.796143,-0.18042,120.574944,46.241756,102.622978
-0.193115,-0.727051,0.272461,22.392271,14.389037,162.895187,0.208008,-1.156982,-0.123535,143.15033,-6.248474,73.921204
-0.175293,-0.969482,0.281494,-1.89209,30.914305,161.430344,0.387695,-1.393066,-0.534668,146.92688,69.061279,86.013786
0.005615,-1.338379,0.534912,-204.925522,249.992355,74.111938,0.30957,-0.975586,-0.109375,-37.773132,-154.151917,-28.869627
-0.202881,-1.049316,0.270264,-25.108335,58.151241,153.938293,0.422607,-1.275391,-0.631836,132.797241,39.497375,82.93914
-0.181396,-1.073242,0.269287,-39.550781,74.760437,149.871826,0.299561,-0.993896,-0.041016,-31.158445,-117.767326,-33.058167
-0.155273,-1.098389,0.272949,-55.656429,95.802299,145.385742,0.297119,-1.032471,-0.023682,-21.575926,-96.221916,-37.597656
-0.136963,-1.133301,0.288818,-72.921753,117.210381,136.802673,0.309814,-1.068604,-0.033691,-8.903503,-71.014404,-44.082638
-0.12793,-1.178467,0.311523,-90.293877,137.496948,125.953667,0.326172,-1.072754,-0.057373,3.372192,-45.341488,-50.811764
-0.132324,-1.223877,0.322266,-106.513969,157.806396,118.217461,0.309082,-1.050537,-0.107666,11.787414,-22.674559,-55.442806
-0.117188,-1.22998,0.338867,-124.038689,177.429184,114.158623,0.27832,-1.029053,-0.167969,17.356873,-2.098083,-56.40411
-0.060547,-1.200684,0.354248,-148.635864,194.152817,105.026237,0.4021,-1.329102,-0.571533,141.136169,56.106564,87.669365
-0.039551,-1.25,0.406738,-173.988327,214.477524,95.008842,0.295898,-1.000732,-0.341553,21.675108,38.040161,-49.858089
-0.014404,-1.292969,0.463867,-192.886337,239.517197,84.945671,0.312744,-0.988037,-0.425781,22.293089,57.510372,-46.44775
-0.122803,-0.654785,0.284424,35.652161,56.289669,151.512146,0.316406,-0.971436,-0.464111,26.908873,74.60022,-43.647762
-0.188721,-1.012939,0.276855,-12.680053,44.418331,158.477783,0.290039,-0.962402,-0.484619,34.576416,85.441582,-38.536072
-0.110107,-0.654541,0.304688,35.415649,63.537594,148.178101,0.272461,-1.014648,-0.243652,21.14868,17.967224,-54.13818
-0.149658,-0.205322,-0.114746,43.67065,21.614073,61.836239,0.240479,-0.949707,-0.596436,48.904415,81.275932,-23.818968
-0.108154,-0.692871,0.255859,37.55188,74.111938,138.427734,0.305908,-0.946289,-0.636719,53.87878,75.813293,-17.021179
-0.018799,-1.324463,0.616211,-212.402328,249.992355,60.264584,0.348633,-0.954346,-0.651855,58.052059,77.194214,-4.768372
-0.468506,-0.702148,0.052979,85.815422,6.637573,-77.705383,0.312012,-0.954102,-0.669922,62.408443,75.424194,7.736206
-0.435059,-0.733887,0.062256,87.699883,5.561828,-72.471619,0.257324,-0.98999,-0.677002,69.953918,65.208435,17.822266
-0.368896,-0.753174,0.053467,93.933098,10.841369,-67.230225,0.214844,-1.032959,-0.670166,79.811096,49.140926,27.488707
-0.330566,-0.729736,0.009033,98.777763,22.949217,-61.309811,0.19458,-1.064453,-0.660645,90.698235,30.860899,41.427608
-0.333984,-0.671875,-0.024658,96.221916,37.094116,-53.100582,0.177002,-1.081055,-0.653809,100.952141,15.686034,58.92944
-0.383545,-0.608154,-0.050781,87.295525,47.21069,-41.702267,0.234375,-1.124756,-0.647705,111.2976,9.239197,70.991516
-0.453369,-0.560303,-0.109619,76.301575,49.423214,-27.526854,0.371338,-1.207031,-0.647217,122.055046,19.485474,76.980591
-0.477539,-0.528564,-0.150391,70.274353,41.374203,-14.404296,0.244141,-0.961914,-0.532227,42.785641,87.135307,-30.548094
-0.435791,-0.516357,-0.15625,72.944641,25.886534,-3.417969,-0.442383,-1.246826,-0.587891,-42.999264,-9.536743,51.36108
-0.100098,-0.664307,0.299072,36.300659,69.328308,143.974304,-0.399658,-1.300049,-0.570801,-46.440121,7.377624,49.690243
-0.360107,-0.49292,-0.139404,80.253601,11.360168,9.58252,-0.314941,-1.30835,-0.547852,-54.702755,23.872374,48.995968
-0.192871,-0.301758,-0.12793,69.458008,6.988525,45.0592,-0.234131,-1.288574,-0.520752,-63.446041,37.902832,49.926754
-0.129639,-0.153809,-0.103027,15.266418,43.846127,77.438354,-0.143555,-1.081299,-0.422363,-78.544617,82.679741,52.154537
-0.155273,-0.168701,-0.128174,-7.240295,69.168091,90.293877,-0.19043,-1.178955,-0.522217,-76.698303,56.999203,52.62756
-0.220459,-0.253174,-0.091309,-14.816283,90.415947,95.840446,-0.18042,-1.119629,-0.523926,-79.177856,65.849304,51.788326
-0.225098,-0.357422,-0.013428,-6.614685,100.227348,97.572319,-0.166016,-1.086182,-0.484375,-80.093384,74.653625,51.177975
-0.177734,-0.469971,0.06665,5.783081,100.761406,101.524345,-0.194092,-1.241699,-0.510742,-71.296692,48.355099,51.147457
-0.155029,-0.574219,0.13501,15.205382,95.771782,108.383171,-0.450928,-1.225586,-0.609619,-44.975277,-27.801512,52.551266
-0.171875,-0.656494,0.175537,21.881102,89.958183,116.493217,-0.208008,-1.389893,-0.766357,-33.149719,-11.45935,-5.302429
-0.160645,-0.701416,0.204346,28.930662,83.877556,124.755852,-0.335449,-1.406738,-0.618408,-44.486996,-59.188839,48.492428
-0.128418,-0.71167,0.229004,35.110474,78.300476,132.125854,-0.281006,-1.454102,-0.642822,-43.281551,-65.284729,40.52734
-0.265137,-0.416504,-0.127197,82.023613,3.852844,26.786802,-0.259277,-1.487793,-0.693848,-43.525692,-62.774654,29.632566
-0.094482,-1.333984,0.686768,-211.669907,249.992355,46.211239,-0.259277,-1.48291,-0.743652,-43.060299,-53.070065,17.745972
-0.470215,-0.685547,0.055664,90.75927,10.887145,-83.892815,-0.306885,-1.407471,-0.783936,-44.166561,-39.1922,10.025024
-0.289063,-1.295898,0.798828,-176.925644,249.992355,24.162291,-0.369141,-1.313477,-0.778076,-46.089169,-28.602598,6.858825
-0.882813,-0.883301,0.057373,174.468979,-102.615349,51.055904,-0.381104,-1.290527,-0.685059,-44.288631,-26.336668,4.714966
-0.997314,-0.913574,-0.055664,174.858078,-149.81842,52.551266,-0.324219,-1.344238,-0.579346,-39.68811,-28.320311,1.182556
-1.050293,-0.944336,-0.118164,185.501083,-199.470505,51.99432,-0.275879,-1.398438,-0.599365,-36.216736,-26.748655,-4.119873
-0.965332,-0.969482,-0.164063,202.68248,-241.348251,46.279903,-0.225586,-1.41626,-0.697998,-33.821106,-20.858763,-5.798339
-0.844238,-1.01001,-0.282959,209.266647,-249.992355,41.923519,-0.123291,-1.079346,-0.371826,-76.164246,89.75219,52.062984
-0.775146,-1.063965,-0.357422,202.575668,-249.885544,36.140442,-0.416504,-1.309082,-0.616943,-46.95892,-45.616146,52.520748
-0.750977,-1.118652,-0.377197,192.199692,-249.992355,20.339964,-0.104248,-1.07373,-0.329834,-74.958801,96.359245,51.574703
-0.721191,-1.18335,-0.352051,185.836777,-249.992355,2.220154,-0.068359,-0.679688,0.014648,-58.189388,229.621872,31.86035
-0.669678,-1.258301,-0.296875,187.446579,-245.78093,-23.231504,-0.055664,-1.064453,-0.268311,-74.59259,107.780449,52.261349
-0.629639,-1.369873,-0.216797,189.399704,-229.492172,-39.405823,-0.18042,-1.323486,-0.780273,-30.937193,-3.90625,-6.156921
-0.759033,-0.915771,0.202393,176.666245,-65.536499,51.437374,0.193359,-0.712158,-0.142822,23.948668,166.870102,64.51416
-0.593994,-1.425293,-0.19165,183.494553,-206.58873,-44.288631,0.204346,-0.698486,-0.126953,16.410828,189.331039,54.779049
-0.449219,-1.568359,-0.106934,173.408493,-143.821716,-70.419312,0.193359,-0.700684,-0.094727,9.277344,210.662827,45.890804
-0.373291,-1.678955,-0.019287,170.310959,-106.918327,-86.105339,0.177246,-0.702148,-0.063721,2.296448,230.445847,37.445068
-0.363037,-1.753662,0.094238,171.028122,-70.343018,-103.263847,0.147949,-0.698242,-0.0354,-5.729675,245.826706,30.883787
-0.352539,-1.750732,0.18335,171.569809,-41.519161,-121.223442,0.099854,-0.696045,0.003906,-15.350341,249.992355,25.978086
-0.292969,-1.701416,0.229736,170.265182,-22.331236,-138.442993,0.051758,-0.703125,0.018555,-24.345396,249.992355,21.163939
-0.278564,-1.635254,0.245361,166.702255,-7.896423,-151.069641,0.014648,-0.693359,0.013672,-31.166075,249.992355,16.471863
-0.317383,-1.587646,0.2229,155.982971,1.76239,-160.949692,-0.016113,-0.676514,0.007324,-37.887573,249.885544,14.22882
-0.360107,-1.591309,0.207764,145.088196,5.28717,-170.074448,-0.083496,-1.070557,-0.296143,-74.72229,102.294914,51.818844
-0.381348,-1.590088,0.213867,137.199402,3.852844,-177.680954,-0.025879,-0.662109,0.001221,-45.303341,249.992355,15.624999
-0.375977,-1.577637,0.2146,129.562378,1.00708,-182.922348,-0.063477,-0.65332,-0.02002,-57.693478,245.986923,27.130125
-0.539307,-1.474609,-0.156494,178.382858,-177.192673,-56.037899,-0.030762,-0.72998,0.057861,-57.701107,210.082993,37.033081
-0.640137,-0.949219,0.307617,166.90062,-39.299011,54.939266,0.001221,-0.806885,0.062744,-59.547421,190.551743,42.785641
-0.203857,-1.361328,0.757813,-196.037277,249.992355,32.981873,0.014648,-0.884766,0.011475,-62.759396,173.690781,46.943661
-0.591553,-0.966797,0.490479,87.127678,-18.65387,79.521179,0.021484,-0.934814,-0.048584,-65.666199,159.507751,49.888607
-0.314697,-1.21582,0.814209,-155.906677,249.992355,20.469664,0.0271,-0.953369,-0.096436,-68.138123,146.591187,52.383419
-0.287598,-1.145996,0.814453,-137.893677,249.992355,16.998291,0.008789,-0.969238,-0.130615,-70.014954,134.643555,53.771969
-0.259766,-1.081055,0.854248,-120.849602,249.992355,11.337279,-0.013916,-0.999756,-0.160645,-70.579529,124.65667,53.87878
-0.336182,-1.018555,0.881592,-110.66436,249.916061,12.298583,-0.028076,-1.029541,-0.197021,-71.327209,118.148796,53.115841
-0.320801,-1.014648,0.886719,-97.854607,249.565109,11.054992,-0.03125,-1.052246,-0.238525,-73.234558,113.067619,52.543636
-0.314209,-1.037598,0.942139,-75.073242,249.992355,5.393981,-0.032227,-0.649658,-0.021484,-53.009029,249.992355,21.072386
-0.635498,-1.003662,0.368896,134.19342,-25.314329,68.649292,0.172852,-0.715576,-0.130127,32.188416,144.851685,75.584412
-0.291992,-1.030762,0.87915,-43.411251,217.727646,27.511595,-0.159424,-1.279785,-0.72168,-25.985716,-4.234314,-5.500793
-0.510742,-0.968018,0.841309,-35.949707,184.15831,49.949642,-0.107666,-1.381592,-0.555664,-8.392334,-27.275084,-4.211426
-0.437744,-0.894775,0.790771,-31.013487,157.409668,67.321777,0.144531,-0.947754,-0.365234,68.67981,-73.135376,26.451109
-0.232666,-0.835449,0.804199,-24.063108,138.565063,70.495605,0.168701,-0.952881,-0.332275,70.571899,-78.300476,29.113768
-0.289795,-1.044922,0.92334,-57.495113,248.954758,12.397765,0.215576,-0.95752,-0.318115,74.768066,-78.895569,29.830931
-0.271729,-0.81543,0.726074,-26.641844,118.690483,84.114067,0.257813,-0.947998,-0.315918,76.385498,-70.121765,29.655455
-0.319336,-0.832275,0.6521,-28.57971,103.904716,96.443169,0.292725,-0.909424,-0.360107,70.541382,-54.412838,29.487608
-0.352783,-0.860107,0.59668,-25.184629,86.196892,104.347221,0.303711,-0.845947,-0.401855,65.093994,-40.725704,28.007505
-0.419678,-0.87915,0.597168,-16.693115,62.179562,112.030022,0.263916,-0.773193,-0.381592,61.523434,-32.028198,28.625486
-0.431396,-0.884521,0.597412,-6.988525,34.492493,123.619072,0.208252,-0.719238,-0.364014,57.365414,-29.037474,31.494139
-0.383057,-0.895996,0.573975,3.997802,18.882751,129.302979,0.178955,-0.696289,-0.352051,55.587765,-29.235838,30.990599
-0.338379,-0.884766,0.582764,16.616821,8.888245,128.829956,0.187744,-0.708496,-0.352783,50.674435,-19.065857,27.961729
-0.330566,-0.86377,0.529785,23.826597,-0.007629,120.292656,0.158936,-0.950439,-0.437988,67.100525,-67.459106,23.475645
-0.382813,-0.86084,0.507813,31.074522,-4.356384,104.49218,0.210693,-0.739502,-0.372559,47.508236,-3.64685,24.085997
-0.488281,-0.89917,0.521973,50.720211,-8.827209,89.675896,0.187744,-0.772461,-0.360107,44.235226,22.773741,14.85443
-0.235107,-0.814941,0.766357,-23.28491,128.547668,75.584412,0.124023,-0.772705,-0.337646,39.497375,21.606443,10.910033
-0.628418,-1.141602,0.022705,-83.244316,-215.400681,136.329651,0.079346,-0.720215,-0.352783,32.676697,9.941101,9.437561
-0.610107,-1.034912,0.122803,-89.256279,-248.863205,164.947495,0.056885,-0.62915,-0.356689,23.902891,-6.240844,9.124756
-0.601318,-0.942139,0.205078,-89.668266,-249.992355,192.993149,0.030762,-0.566406,-0.331543,16.410828,-20.576475,7.606506
-0.572021,-0.891846,0.291748,-86.837761,-249.534592,214.981064,0.019287,-0.54248,-0.327393,9.353638,-31.669615,5.256652
-0.054199,-0.461426,0.113037,-50.788876,-207.756027,225.898727,0.035156,-0.592529,-0.310059,3.700256,-41.763302,3.364563
-0.393311,-0.792969,0.439941,-60.409542,-249.992355,231.91832,0.018799,-0.659912,-0.240234,0.389099,-53.459164,0.549316
-0.294189,-0.6875,0.436768,-51.399227,-249.992355,232.231125,-0.037842,-0.667236,-0.200684,-5.15747,-70.747375,-4.730225
-0.140869,-0.57373,0.319336,-51.277157,-239.372238,230.590805,-0.137939,-1.30542,-0.608643,-17.997742,-14.045714,-3.555298
-0.482178,-0.855957,0.364258,-77.064514,-249.916061,228.294357,0.219482,-0.764404,-0.380859,46.897884,12.985229,19.012451
-0.697754,-1.210938,-0.123779,-82.664482,-179.11528,104.049675,0.20166,-0.984131,-0.48584,67.245483,-65.734863,20.942686
-0.24292,-1.452148,-0.270264,-61.637875,-95.306389,7.019042,0.176025,-0.694336,-0.340332,54.328915,-27.389524,29.014585
-0.883789,-1.185791,-0.342041,-105.903618,-138.130188,51.284786,0.255859,-1.097168,-0.482178,71.960449,-82.267754,19.256592
-0.89209,-1.143799,-0.291504,-117.553703,-133.018494,39.741516,-0.090576,-1.423828,-0.618652,-0.961304,-38.665771,-5.172729
-0.817871,-1.144287,-0.187744,-122.50518,-139.74762,37.849426,0.245605,-1.041992,-0.488037,69.30542,-71.472168,19.424438
-0.776855,-1.179199,-0.170654,-121.086113,-150.840759,39.596558,-0.094238,-1.436523,-0.681885,2.029419,-49.644466,-3.868103
-0.733154,-1.176758,-0.224854,-120.62072,-160.438538,39.810181,-0.105713,-1.446777,-0.736328,3.250122,-63.117977,-2.182007
-0.644531,-1.161377,-0.340088,-126.701347,-164.520248,37.086487,-0.081299,-1.455566,-0.741699,4.814148,-77.842712,-2.868652
-0.546875,-1.190186,-0.402344,-131.645203,-159.240723,32.966614,0.008545,-1.509033,-0.731201,7.980346,-87.707512,-5.867004
-0.455566,-1.241699,-0.352051,-125.389091,-145.500183,30.151365,0.073486,-1.487305,-0.760498,10.56671,-89.309685,-8.903503
-0.372559,-1.299072,-0.261963,-108.062737,-128.547668,25.566099,0.074951,-1.290283,-0.758301,21.949766,-88.500969,-5.714416
-0.292725,-1.379395,-0.228516,-85.411064,-111.824028,17.593384,0.065674,-1.219482,-0.775391,27.923582,-86.456291,-2.876281
-0.105713,-0.363037,-0.049072,-42.526241,-178.344711,211.593613,0.0625,-1.168945,-0.812256,27.565001,-82.977287,0.579834
-0.789551,-1.223877,-0.270752,-92.376701,-152.992249,72.685242,0.040283,-1.147461,-0.825439,29.174803,-82.992546,4.40979
-0.209717,-0.306152,-0.112061,-19.462585,-153.85437,190.101608,0.089111,-1.382568,-0.771484,14.663695,-88.890068,-8.522034
-0.197754,-0.410889,0.17041,-73.638916,26.05438,-175.598129,0.011963,-1.118408,-0.726318,36.560059,-105.094902,16.189575
-0.325195,-0.405518,0.083008,40.237423,-107.986443,141.357422,0.214844,-1.122314,-0.467285,72.967529,-90.988152,18.424988
-0.258057,-1.425781,-0.337402,-44.158932,-79.605103,-0.762939,0.024658,-1.122314,-0.779785,35.476685,-92.468254,10.528563
-0.497314,-0.773438,0.11084,6.271362,-12.054442,-206.481918,0.11792,-1.053711,-0.508057,61.126705,-82.664482,16.342163
-0.45874,-0.728516,0.154053,-6.324768,-22.163389,-205.673203,0.16748,-1.027588,-0.628662,55.02319,-76.530457,14.85443
-0.43335,-0.684082,0.152344,-21.415709,-34.034729,-205.512985,0.21167,-1.06665,-0.712646,49.194332,-79.25415,14.778136
-0.394287,-0.643799,0.144043,-36.254883,-45.845028,-209.503159,0.141846,-1.108887,-0.44458,69.107056,-90.438835,17.356873
-0.318115,-0.615234,0.151123,-49.438473,-53.764339,-218.856796,0.151367,-1.153076,-0.848877,34.133911,-104.782097,20.03479
-0.214844,-0.579346,0.167725,-59.898373,-56.175228,-227.676376,0.0896,-1.157471,-0.8396,33.805847,-114.501945,20.500181
-0.132813,-0.536621,0.214844,-65.956116,-49.865719,-230.468735,0.032227,-1.149902,-0.779053,34.751892,-114.288322,19.294739
-0.125732,-0.500244,0.264893,-69.778442,-32.058716,-231.384262,0.197998,-1.125732,-0.794678,40.420528,-90.553276,17.127991
-0.15625,-0.474854,0.273926,-75.85907,-10.2005,-232.315048,0.224365,-1.01416,-0.219482,-36.018372,-71.044922,-46.470638
-0.295654,-0.320068,-0.046143,12.817382,-129.348755,165.801987,0.212646,-1.071045,-0.057129,-65.887451,-42.060848,-69.664001
-0.171387,-0.470947,0.259033,-79.696655,7.919311,-227.729782,0.215576,-1.080566,-0.0625,-63.636776,-47.348019,-67.146301
-0.201904,-0.456787,0.208252,-75.790405,25.627134,-195.198044,0.221924,-1.09375,-0.068359,-59.623714,-49.758907,-65.040588
-0.195313,-0.342285,0.145508,-74.264526,21.858213,-154.006958,0.231689,-1.09375,-0.084717,-55.39703,-50.628658,-63.20953
-0.185791,-0.281006,0.127686,-78.910828,11.817931,-128.852844,0.231445,-1.083252,-0.104248,-51.643368,-52.093502,-61.06567
-0.189209,-0.265869,0.116699,-83.847038,-3.578186,-99.57885,0.216309,-1.063232,-0.122314,-47.904964,-56.411739,-58.341976
-0.166748,-0.325928,0.123291,-78.956604,-21.545408,-66.78772,0.205811,-1.037109,-0.154053,-44.754025,-62.355038,-55.496212
-0.104492,-0.433105,0.137939,-59.539791,-41.244503,-33.7677,0.212646,-1.019775,-0.186279,-41.557308,-67.352295,-52.482601
-0.076172,-0.54834,0.176514,-27.183531,-60.485836,1.960754,0.219238,-1.012207,-0.205811,-38.414001,-70.129395,-49.369808
-0.115479,-0.620605,0.215088,9.117126,-74.584961,40.847775,0.2229,-1.020264,-0.231201,-34.111023,-70.663452,-43.579098
-0.219482,-0.608887,0.236572,37.887573,-82.588188,81.04705,0.25293,-1.120605,-0.352051,-9.010315,-33.638,-1.953125
-0.29248,-0.522949,0.184326,49.812313,-92.178337,115.089409,0.217529,-1.034912,-0.254395,-31.73065,-69.465637,-36.834717
-0.190186,-0.473633,0.234619,-79.086304,19.950867,-213.966354,0.204834,-1.041016,-0.262207,-31.684874,-69.274902,-33.241272
-0.327637,-1.345459,-0.436523,-42.175289,-65.330505,-3.227234,0.206299,-1.052979,-0.266357,-31.211851,-68.458557,-29.58679
-0.543945,-0.796875,0.044434,13.580321,-1.914978,-207.077011,0.218018,-1.069336,-0.273926,-30.326841,-66.848755,-25.978086
-0.404297,-1.23584,-0.574707,-63.262936,-45.06683,-6.088256,0.234375,-1.079834,-0.2771,-29.403685,-64.628601,-21.942137
-0.203857,-1.393555,-1.059326,12.825011,27.748106,-150.642395,0.246094,-1.099121,-0.287109,-27.870176,-60.928341,-17.524719
-0.247803,-1.414551,-1.056152,23.338316,113.571159,-178.794846,0.253174,-1.125488,-0.306641,-24.841307,-54.916378,-13.084411
-0.525146,-1.431152,-0.983398,46.836849,176.261887,-199.27977,0.256348,-1.144287,-0.323242,-20.538328,-47.264095,-8.956909
-0.87915,-1.43457,-1.166016,43.434139,202.705368,-192.169174,0.253418,-1.143311,-0.343506,-15.61737,-39.894104,-5.180358
-1.034668,-1.494385,-1.299072,12.832641,189.758286,-159.065247,0.206543,-1.068359,-0.037842,-66.261292,-34.973145,-72.387695
-1.087891,-1.594727,-1.092773,-0.114441,157.951355,-134.32312,0.2229,-1.029053,-0.243652,-32.554626,-69.824219,-40.496822
-0.962891,-1.568604,-0.642822,23.483274,110.481255,-112.976067,0.201416,-1.072021,-0.029785,-65.612793,-27.328489,-74.897766
-0.650391,-1.418701,-0.310303,64.147949,84.678642,-104.377739,-0.075928,-0.94165,-0.256104,-45.707699,-67.237854,-47.424313
-0.483154,-1.280518,-0.286621,98.617546,84.365837,-93.093864,0.173828,-1.074707,-0.030762,-63.33923,-15.548705,-80.345146
-0.518555,-1.202637,-0.32373,116.531364,104.286186,-86.494438,0.252686,-1.071533,-0.338135,-1.472473,-28.388975,2.01416
-0.253174,-1.416748,-0.887695,16.532898,-58.433529,-124.961845,-0.041504,-0.900879,-0.256104,-45.799252,-71.929932,-49.987789
-0.436279,-1.176514,-0.339844,123.382561,126.586906,-90.698235,-0.040527,-0.743408,-0.280029,-48.385616,-76.332092,-51.452633
-0.380127,-1.203125,-0.33374,137.260437,154.006958,-109.28344,-0.046875,-0.5896,-0.297119,-54.13055,-78.460693,-55.053707
-0.460449,-1.195068,-0.172363,146.568298,152.549744,-123.191826,-0.056641,-0.488037,-0.321533,-62.805172,-74.325562,-57.212826
-0.540771,-1.141602,0.026123,154.319763,143.859863,-134.300232,-0.072754,-0.44751,-0.329102,-66.78772,-66.253662,-59.135433
-0.560547,-1.086426,0.156738,154.769897,128.067017,-138.35907,-0.084229,-0.455322,-0.280273,-65.795898,-59.272762,-62.339779
-0.552246,-1.060791,0.153564,150.108337,108.497612,-137.634277,-0.069336,-0.494141,-0.214844,-61.836239,-56.823727,-65.734863
-0.550293,-1.010986,0.134033,144.683838,86.189262,-133.071899,-0.049316,-0.53418,-0.161133,-58.158871,-57.907101,-68.130493
-0.560791,-0.922607,0.144775,136.817932,63.796993,-125.236504,-0.031738,-0.557617,-0.148438,-57.083126,-58.830257,-69.80896
-0.549805,-0.824707,0.156494,125.541679,43.945309,-115.745537,-0.019043,-0.572021,-0.174805,-57.487484,-56.701656,-71.960449
-0.520752,-0.746582,0.138428,112.472527,28.747557,-104.423515,-0.006104,-0.599854,-0.202881,-58.54034,-51.284786,-74.005127
-0.483154,-0.699463,0.098145,100.532524,17.860413,-92.735283,0.006836,-0.647705,-0.216797,-59.867855,-44.326778,-75.653076
-0.354248,-1.181885,-0.381348,129.53186,145.126343,-97.778313,0.027344,-0.700195,-0.201904,-58.967587,-38.375854,-77.156067
-0.342529,-1.450195,-0.690674,8.522034,-120.887749,-100.051872,0.047607,-0.746582,-0.144043,-56.869503,-34.40094,-79.177856
-0.387939,-1.281006,-0.544678,-51.208492,-52.719112,-4.806519,0.064209,-0.790039,-0.093994,-55.458065,-30.876158,-81.886284
-0.35498,-1.320557,-0.565918,30.654905,-175.598129,-70.617676,0.082275,-0.83252,-0.073975,-54.51202,-27.137754,-84.442131
-0.388916,-1.23291,-0.529785,-73.562622,-41.374203,-4.829407,0.092285,-0.875977,-0.079102,-54.565426,-23.635862,-85.739128
-0.375977,-1.288818,-0.469971,-82.832329,-36.521912,-2.334595,0.090332,-0.920898,-0.094971,-55.7785,-19.706726,-86.685173
-0.380859,-1.369873,-0.401855,-91.00341,-31.387327,-1.434326,0.105957,-0.958984,-0.097412,-56.709286,-15.289306,-87.615959
-0.36792,-1.449707,-0.322266,-94.329826,-29.090879,-2.960205,0.126221,-0.994385,-0.082764,-57.640072,-11.96289,-87.173454
-0.339355,-1.47168,-0.299316,-92.796318,-31.570433,-6.17218,0.139648,-1.026367,-0.070557,-59.417721,-10.69641,-85.922234
-0.332275,-1.36499,-0.383057,-97.427361,-43.998714,-3.334045,0.155762,-1.05249,-0.050293,-61.584469,-12.08496,-83.351128
-0.424072,-1.362549,-0.607178,4.371643,-154.785156,-79.124451,0.187256,-1.077637,-0.024414,-64.537048,-20.423887,-77.49939
-0.491943,-1.188965,-0.357666,-152.069092,-67.703247,26.489256,0.253174,-1.021484,-0.337158,4.928589,-23.216246,7.102966
-0.39209,-1.573975,-0.166992,-141.525269,-76.60675,46.928402,0.155029,-0.700928,-0.118652,40.817257,124.420158,86.357109
-0.290283,-1.839111,0.289307,-62.019344,-67.687988,28.236387,0.22998,-0.935547,-0.384521,16.487122,-11.413573,15.73944
-0.163818,-1.673828,0.241943,37.528992,-41.366573,-65.078735,0.140137,-0.980225,-0.223389,70.159912,-9.95636,38.848877
-0.417969,-1.168701,-0.434082,-124.038689,-59.288021,6.614685,0.161621,-0.958984,-0.236572,74.119568,-28.404234,49.568172
-0.686279,-1.877441,-0.52124,-43.632504,25.489805,63.850399,0.16626,-0.922607,-0.259033,77.171326,-45.997616,62.553402
-2.045654,-1.16333,-0.10376,-227.00499,165.199265,234.848007,0.18457,-0.853027,-0.2854,77.957153,-61.668392,74.867249
-0.077393,-0.693848,0.347412,-189.964279,89.508049,249.992355,0.224121,-0.770752,-0.297119,79.978943,-73.699951,87.554924
0.904785,-1.31958,-0.199463,-1.12915,-35.247803,69.259644,0.270996,-0.720215,-0.281982,86.21978,-80.909721,101.394646
-0.129395,-1.348877,-0.227539,10.513305,-6.278991,19.721985,0.293213,-0.700684,-0.261963,94.131462,-83.061211,114.334099
-0.475098,-1.317383,-0.344482,15.61737,-21.881102,13.031005,0.294189,-0.700439,-0.255615,101.21917,-80.253601,125.267021
-0.624512,-1.245361,-0.477539,14.915465,-71.174622,4.768372,0.290283,-0.702637,-0.263184,106.033318,-72.891235,133.605957
-0.55835,-1.304443,-0.664551,2.754211,-126.625053,-20.629881,0.293457,-0.694092,-0.292725,107.040398,-63.056942,139.11438
-0.531494,-1.39624,-0.509521,-13.046264,-165.245041,-35.339355,0.12915,-1.008789,-0.227295,68.473816,10.025024,28.900145
-0.425537,-1.459229,-0.356934,27.854918,-177.658066,-48.950191,0.292236,-0.64624,-0.327637,102.97393,-53.314205,143.173218
-0.164307,-1.987793,-0.42627,69.213867,-3.913879,-99.021904,0.271973,-0.605225,-0.290771,91.239922,-35.247803,144.78302
-0.134277,-1.121582,0.235107,-23.849485,106.147758,129.714966,0.263184,-0.643311,-0.236572,87.8601,-24.238585,143.470764
-0.111572,-1.075684,0.232666,-18.913269,92.361443,131.317139,0.259033,-0.674561,-0.191895,84.625237,-11.894225,141.860962
-0.109131,-1.043213,0.241455,-14.884948,76.927185,131.324768,0.250977,-0.683838,-0.162842,81.527702,2.26593,138.786316
-0.126709,-1.012939,0.227295,-15.724181,63.316341,131.42395,0.239258,-0.692383,-0.144043,78.277588,19.462585,133.209229
-0.124756,-0.767334,0.096191,-23.361204,27.275084,134.033203,0.228027,-0.687256,-0.134766,75.401306,39.535522,125.885002
-0.156738,-0.945801,0.001465,-26.260374,45.852657,138.465881,0.205811,-0.654053,-0.14502,69.267273,59.608456,118.904106
-0.124756,-0.874512,-0.035156,-26.374815,39.237976,139.572144,0.181885,-0.630615,-0.158691,61.416622,77.011108,111.961357
-0.124512,-0.814941,0.024658,-22.079466,34.393311,136.474609,0.150635,-0.632324,-0.14502,54.580685,92.048637,103.752129
-0.163086,-0.985107,0.13916,-20.63751,54.046627,134.063721,0.140869,-0.664551,-0.124268,48.057552,106.918327,95.573418
-0.175293,-1.145752,0.266602,-26.084898,116.615288,126.9226,0.282715,-0.605469,-0.332764,96.343987,-44.456478,145.553589
-0.348145,-1.075195,0.319824,-45.997616,146.812439,55.198666,0.120117,-1.046143,-0.222656,69.244385,30.807493,18.859863
-0.188721,-1.160889,0.298096,-29.479979,128.738403,121.604912,0.246338,-0.976563,-0.356934,11.314391,-17.349243,11.45935
-0.193604,-1.15625,0.309814,-32.539368,134.002686,116.683952,0.072998,-1.125244,-0.239502,69.755554,75.256348,6.271362
-0.19751,-1.14917,0.317383,-34.690857,140.24353,110.778801,0.22583,-0.907227,-0.416016,19.599915,-6.149292,20.790098
-0.203613,-1.148926,0.307373,-37.338257,148.094177,104.690544,0.242676,-0.879883,-0.45752,22.354124,-1.480102,25.169371
-0.213135,-1.14624,0.32959,-40.939327,155.303955,98.838799,0.272461,-0.843994,-0.480469,24.894712,3.875732,28.541563
-0.242676,-1.143555,0.340332,-43.235775,160.095215,91.835014,0.290527,-0.820801,-0.472412,27.404783,11.489867,31.196592
-0.275635,-1.145996,0.3396,-43.472286,161.621078,83.770744,0.290283,-0.819092,-0.448486,31.555174,22.430418,32.409668
-0.310059,-1.138672,0.342529,-44.120785,159.950256,75.668335,0.275146,-0.831055,-0.420898,37.994385,34.545898,33.119202
-0.331055,-1.121826,0.344238,-45.227047,155.456543,68.389893,0.251953,-0.874268,-0.371338,55.908199,57.487484,37.216187
-0.339111,-1.101563,0.333984,-45.806881,150.283813,61.69891,0.240479,-0.896729,-0.37207,63.301083,69.099426,38.032532
-0.119141,-0.697998,0.121094,-31.547544,18.859863,134.437561,0.227783,-0.91748,-0.365967,68.496704,78.88031,37.940979
-0.187012,-1.155029,0.296631,-27.313231,123.413078,124.618523,0.228516,-0.94043,-0.360352,70.877075,85.563652,38.032532
-0.11377,-0.615479,0.115479,-41.007992,10.902404,133.743286,0.262695,-0.85083,-0.388184,46.813961,46.035763,34.873962
-0.2854,-0.743896,-0.248535,-31.387327,17.608643,76.164246,0.251465,-1.022461,-0.35376,71.556091,96.237175,33.798218
-0.140137,-0.512451,0.000244,-59.906002,0.900268,130.760193,0.240479,-0.974854,-0.370361,71.403503,90.370171,36.552429
-0.355713,-1.061035,0.296143,-45.753475,144.91272,48.59161,0.11792,-1.172607,-0.260742,73.318481,111.724846,2.044678
-0.334229,-0.533691,-0.300293,-13.282775,85.647575,-44.570919,0.169189,-1.204834,-0.280518,74.638367,122.535698,2.479553
-0.38916,-0.601807,-0.302979,-20.278929,91.026299,-41.847225,0.216797,-1.238037,-0.288574,75.111389,125.984184,5.516052
-0.425049,-0.713623,-0.286133,-23.15521,83.847038,-35.995483,0.232178,-1.25,-0.272949,77.140808,122.38311,8.750916
-0.452637,-0.849121,-0.22876,-17.684937,65.856934,-25.650023,0.0896,-1.14624,-0.252686,70.968628,96.130363,3.540039
-0.44165,-0.885254,-0.179932,-9.292603,44.624325,-11.810302,0.252197,-1.211426,-0.272705,75.965881,111.251823,18.074036
-0.363525,-0.779053,-0.132324,-6.767272,27.603148,3.784179,0.270752,-1.150146,-0.291992,72.479248,106.262199,24.757383
-0.251953,-0.640381,-0.09668,-8.392334,19.813538,18.859863,0.272461,-1.082275,-0.322266,71.372986,101.325981,29.983519
-0.207764,-0.569336,-0.08667,-9.368896,23.948668,29.785154,0.239258,-1.242432,-0.265381,78.193665,116.355888,12.199401
-0.240234,-0.562256,-0.101563,-12.817382,32.371521,36.743164,0.092285,-1.090576,-0.223633,69.580078,52.047726,11.07788
-0.111328,-0.553223,0.09375,-50.285336,4.196167,132.003784,0.157715,-1.053223,-0.828369,14.633178,-9.849548,-8.140564
-0.280029,-0.625977,-0.138184,-16.12854,35.720825,43.380733,0.094727,-0.996582,-0.709229,-12.474059,-15.289306,-9.384155
-0.305908,-0.730225,-0.241211,-24.444578,24.955748,63.400265,0.109863,-0.995605,-0.73999,-12.260436,-14.22882,-9.178162
-0.228516,-0.698486,-0.165283,-31.059263,14.396667,88.340752,0.126221,-1.008545,-0.77124,-11.238097,-11.222838,-9.239197
-0.167725,-0.637695,-0.088379,-25.032042,17.929077,95.405571,0.144531,-1.0271,-0.792725,-8.491516,-7.186889,-9.529114
-0.131348,-0.575439,-0.022705,-18.135071,25.93231,99.174492,0.165283,-1.036621,-0.79126,-4.364014,-3.128052,-10.154723
-0.119385,-0.496338,-0.00708,-17.417908,33.859253,106.819145,0.177002,-1.034668,-0.782227,-0.030518,-0.915527,-10.70404
-0.12915,-0.393066,-0.067627,-29.273985,37.42981,116.950981,0.178955,-1.052734,-0.78125,5.393981,-1.029968,-12.428283
-0.15625,-0.32373,-0.183838,-51.315304,33.210754,124.931328,0.174805,-1.073242,-0.786133,10.162353,-3.044128,-12.4588
-0.185059,-0.322754,-0.264893,-70.381165,22.91107,129.837036,0.1604,-1.077393,-0.807861,11.95526,-6.645202,-9.918213
-0.20459,-0.371094,-0.255127,-76.095581,11.779784,130.1651,0.143799,-1.001709,-0.754639,19.447327,85.350029,-17.234802
-0.202881,-0.451172,-0.153076,-70.228577,3.570556,130.180359,0.224854,-0.993896,-0.857422,20.179747,-1.38092,-4.272461
-0.304199,-0.695557,-0.190186,-17.921448,32.783508,52.009579,0.236572,-1.000244,-0.843994,19.91272,0.762939,-4.051208
-0.27002,-0.552734,-0.319336,-4.798889,69.664001,-43.403622,0.242188,-1.012695,-0.813477,18.234253,0.411987,-2.906799
-0.356689,-1.046631,0.270996,-46.669003,143.737793,42.533871,0.248779,-1.030518,-0.790527,13.748168,0.007629,-1.289368
-0.407471,-1.038574,0.252441,-49.438473,137.611389,32.646179,0.280762,-1.057861,-0.758545,11.383056,3.173828,-2.052307
-0.647461,-1.242188,0.052246,45.608517,-74.859619,-107.345573,0.31665,-1.072998,-0.746094,10.688781,13.626098,-4.310608
-0.710938,-1.260498,0.064453,39.093018,-76.461792,-111.93084,0.332031,-1.085449,-0.75,11.825561,32.806396,-8.621216
-0.724609,-1.289063,0.114502,33.996582,-81.489555,-112.213127,0.309326,-1.099365,-0.748291,16.113281,57.502743,-13.137816
-0.665039,-1.323975,0.157471,31.98242,-84.510796,-113.197319,0.215576,-1.052002,-0.768555,18.821716,77.308655,-14.060973
-0.577393,-1.341064,0.189941,31.700132,-81.695549,-118.232719,0.070557,-1.010986,-0.667969,-12.20703,-13.656615,-9.70459
-0.503906,-1.345703,0.205566,31.341551,-72.9599,-127.037041,0.176758,-1.019531,-0.846436,17.051697,-9.613037,-7.087707
-0.490967,-1.351074,0.197021,30.693052,-59.829708,-136.924744,0.055908,-1.009033,-0.620117,-11.306762,-10.505675,-9.605408
-0.497314,-1.334961,0.182861,27.931211,-44.616695,-145.355225,-0.005127,-0.820313,-0.361084,6.156921,27.473448,0.038147
-0.508545,-1.289307,0.173828,22.666929,-27.687071,-153.778076,0.064209,-1.006592,-0.576416,-12.283324,-5.310058,-9.407043
-0.51709,-1.24585,0.169189,17.150879,4.837036,-170.379623,0.03125,-0.706543,-0.190918,62.004086,0.160217,32.371521
-0.574707,-1.187988,0.077637,48.278805,-75.134277,-101.501457,0.00293,-0.725342,-0.184814,60.56213,-1.472473,31.341551
-0.516602,-1.22876,0.178467,16.815186,17.677307,-177.062973,-0.01001,-0.741211,-0.197021,58.738705,-3.761291,29.563902
-0.509277,-1.177979,0.234131,27.45056,39.222717,-190.383896,0.005127,-0.761475,-0.217529,55.130001,-6.050109,27.854918
-0.487549,-1.186279,0.25,41.862484,49.621578,-199.386581,0.014404,-0.798584,-0.236816,51.391598,-6.340026,26.016233
-0.475342,-1.179199,0.245117,59.585567,58.822628,-207.954391,0.025879,-0.823242,-0.253906,48.301693,-4.173279,24.078367
-0.457031,-1.080078,0.220215,70.43457,64.048767,-212.783798,0.026123,-0.825439,-0.265625,44.395443,-0.679016,21.873472
-0.487793,-0.943115,0.149414,65.597534,61.538692,-215.919479,0.020508,-0.831055,-0.271973,38.467407,4.173279,18.875122
-0.564697,-0.833008,0.060547,51.460262,52.810665,-217.658981,0.028809,-0.844238,-0.283691,32.012939,9.666443,15.182494
-0.613037,-0.764893,0.00415,37.109375,39.749146,-215.576157,0.039063,-0.842773,-0.298584,26.321409,16.448975,10.32257
-0.614014,-0.754639,-0.009521,25.779722,24.559019,-210.937485,0.060791,-1.010986,-0.595459,-10.520934,-7.247924,-9.780884
-0.589844,-0.776367,0.002441,18.341064,10.31494,-208.084091,0.048584,-0.828125,-0.316895,21.163939,23.200987,5.958557
-0.373779,-1.032471,0.260986,-48.72131,141.578674,37.42218,0.019531,-0.801514,-0.354248,10.528563,29.067991,1.846313
-0.519531,-1.193604,0.200439,19.073486,29.136656,-184.051498,0.13623,-1.029541,-0.668945,18.455505,84.403984,-16.639709
-0.508545,-1.109375,0.106445,45.57037,-75.523376,-93.742363,-0.008789,-0.854004,-0.358154,0.923157,23.170469,-1.930237
-0.523682,-1.26123,0.163574,19.14978,-10.223388,-162.704453,-0.010254,-0.89917,-0.372314,-3.768921,17.570496,-3.707886
-0.4646,-0.961914,0.103027,29.396055,-74.333191,-71.304321,-0.014404,-0.921387,-0.405273,-6.500244,10.513305,-5.203247
-0.470215,-1.033691,0.11377,38.375854,-75.767517,-82.756035,-0.02124,-0.931885,-0.422363,-9.277344,3.044128,-5.950927
-0.448242,-1.078125,0.251709,-42.343136,122.085564,24.139402,-0.015869,-0.951172,-0.44873,-11.45172,-2.861023,-6.393432
-0.462891,-1.078369,0.245605,-38.871765,110.137932,21.804808,0.004395,-0.965332,-0.491455,-12.809752,-5.867004,-7.270813
-0.477539,-1.069092,0.234863,-36.529541,97.412102,19.958496,0.0271,-0.980225,-0.530273,-13.313293,-5.973815,-8.735657
-0.484375,-1.065674,0.228516,-34.095764,84.190361,18.661499,0.052002,-0.995361,-0.555908,-13.130187,-5.241394,-9.300232
-0.491211,-1.068848,0.215088,-30.616758,71.357727,16.517639,0.040771,-0.807617,-0.333496,15.686034,27.809141,3.318786
-0.494141,-1.063965,0.197754,-25.833128,60.775753,13.671874,0.166504,-1.112793,-0.572021,15.220641,78.010559,-13.488769
-0.483154,-1.049316,0.1875,-20.324705,52.650448,10.856627,0.201904,-1.003662,-0.863037,19.104004,-5.737304,-5.386352
-0.452393,-1.011475,0.176025,-16.304016,47.302242,7.568359,0.168457,-1.180176,-0.60083,13.938903,64.552307,-12.626647
-0.428467,-0.972412,0.163086,-14.98413,45.356747,3.196716,0.144531,-0.940674,-0.609863,-3.929138,-40.466305,54.649349
-0.433105,-0.943359,0.140625,-13.824462,43.876644,-0.869751,0.146729,-0.927002,-0.637207,-7.598876,-44.364925,53.787228
-0.435791,-1.062256,0.24707,-46.966549,131.484985,27.648924,0.144775,-0.877441,-0.648193,-13.145446,-44.548031,54.351803
-0.449951,-0.906738,0.111816,-7.102966,34.378052,-10.238647,0.126465,-0.873535,-0.592773,-16.914368,-41.610714,54.710384
-0.443359,-0.921875,0.117676,-11.71112,40.061951,-5.332946,0.094482,-0.915771,-0.511475,-12.939452,-36.590576,52.36816
-0.537598,-0.82959,0.072266,20.63751,-58.349606,-50.079342,0.072021,-0.918701,-0.462158,-6.805419,-32.142639,49.697872
-0.5271,-0.801758,0.075195,24.581907,-45.761105,-42.640682,0.054199,-0.845215,-0.446777,-5.531311,-28.32794,46.730038
-0.496094,-0.808594,0.097412,29.052732,-30.815123,-37.55188,0.024414,-0.777588,-0.45874,-9.147644,-26.527403,42.526241
-0.465088,-0.83667,0.108398,29.319761,-15.792846,-34.172058,0.008789,-0.735107,-0.511963,-14.999389,-27.32086,38.597107
-0.505859,-0.891113,0.091309,22.552488,-68.572998,-59.440609,0.001709,-0.643066,-0.562256,-31.036375,-26.512144,28.19824
-0.419189,-0.887451,0.09668,15.266418,9.773254,-24.780272,0.145508,-0.948486,-0.575439,0.045776,-33.332825,53.039547
-0.422607,-0.896729,0.100342,7.080078,19.447327,-19.554138,-0.030029,-0.650635,-0.539063,-32.615662,-25.634764,22.628782
-0.434814,-0.900391,0.108398,-0.457764,27.336119,-14.892577,-0.091064,-0.789307,-0.401855,-31.616209,-36.811829,13.435363
-0.4375,-0.869141,0.098633,23.712156,-1.998901,-30.22003,-0.09375,-0.876953,-0.322754,-27.153013,-46.653744,6.507873
-0.377197,-1.130859,-0.225586,-17.456055,16.235352,15.296935,-0.11084,-0.886719,-0.311279,-27.091978,-55.709835,-1.899719
-0.167236,-0.783691,-0.010498,-35.934448,-62.431332,18.577576,-0.102539,-0.838379,-0.37085,-30.502317,-60.989376,-10.162353
-0.115967,-0.855225,-0.003906,-38.818359,-55.007931,21.553038,-0.081787,-0.73877,-0.447998,-36.193848,-59.875484,-15.960692
-0.091553,-0.938477,0.010498,-35.65979,-41.328426,22.644041,-0.090576,-0.669678,-0.482666,-37.971497,-55.01556,-21.728514
-0.108154,-1.010742,-0.001465,-30.235289,-24.787901,23.094175,-0.130371,-0.613525,-0.504883,-41.28265,-53.543087,-25.161741
-0.157471,-1.058594,-0.046631,-25.848387,-9.101868,21.591185,-0.143555,-0.626953,-0.477783,-52.093502,-57.441708,-28.633116
-0.212891,-1.093262,-0.108398,-22.094725,3.410339,19.142151,-0.116699,-0.805908,-0.345459,-51.956173,-62.362667,-38.764954
-0.224854,-0.753174,-0.006348,-28.038023,-62.461849,13.015746,0.178467,-1.157471,-0.641357,9.757996,44.258114,-10.19287
-0.269287,-1.125488,-0.162109,-19.058228,12.016295,17.127991,-0.080811,-0.684326,-0.493652,-33.7677,-28.633116,18.569946
-0.322266,-1.135986,-0.200684,-17.677307,16.372681,15.731811,0.157227,-0.958252,-0.543457,1.716614,-26.580809,50.590511
-0.422607,-1.140625,-0.241699,-15.258788,12.359618,15.441894,0.010254,-0.669434,-0.558105,-24.147032,-27.748106,33.615112
-0.581787,-1.154541,-0.348877,5.40924,-12.664794,19.645691,0.173828,-0.941162,-0.605225,-5.676269,-18.562317,44.502254
-0.481445,-1.177246,-0.260986,-4.570007,0.0,17.440796,0.170898,-0.958252,-0.566406,-0.450134,-22.033689,47.859188
-0.510742,-1.172852,-0.280273,-0.686645,-4.882813,18.333435,0.237305,-1.035156,-0.715332,-0.946045,18.554688,-1.724243
-0.538818,-1.163086,-0.313477,2.227783,-8.842468,19.195557,0.253906,-1.008789,-0.70752,-2.883911,19.439697,2.365112
-0.626465,-1.134277,-0.378906,6.958007,-17.372131,18.974304,0.24707,-1.022705,-0.684814,-1.289368,22.628782,4.020691
-0.664551,-1.088135,-0.433105,2.182007,-23.185728,19.615173,0.2229,-1.043945,-0.665527,0.808716,23.574827,4.127502
-0.689697,-1.062744,-0.46875,-7.896423,-28.266905,20.675657,0.192139,-1.057617,-0.638184,0.793457,21.560667,7.453918
-0.701904,-1.116211,-0.42334,-11.680602,-30.479429,19.424438,0.180664,-1.095459,-0.625,-2.89917,17.028809,10.581969
-0.692871,-1.194824,-0.344482,-6.904602,-29.479979,15.930175,0.197998,-1.133057,-0.6604,-9.231567,10.902404,10.086059
-0.679932,-1.22998,-0.311035,-0.320435,-25.321959,11.001586,0.247314,-1.109619,-0.703369,-14.411925,6.607055,8.369446
-0.27124,-0.742676,-0.007324,-17.730713,-56.327816,6.29425,0.303467,-1.044189,-0.721191,-18.058777,8.781433,7.728576
-0.454102,-1.162598,-0.249023,-10.0708,6.309509,16.281128,0.335205,-0.988525,-0.736328,-21.911619,17.608643,7.530212
-0.303223,-0.742676,-0.016357,-4.386902,-46.463009,-0.907898,0.322998,-0.968262,-0.75415,-24.139402,29.876707,5.79071
-0.664551,-1.204102,-0.303711,5.767822,-18.035889,7.705688,0.211914,-1.10376,-0.681152,3.692627,26.176451,-6.622314
-0.333984,-0.773682,-0.020508,26.100157,-20.63751,-16.738892,0.16748,-0.897461,-0.618896,-12.870788,-13.801574,40.969845
-0.184082,-0.829346,0.01416,71.212769,-14.839171,-101.028435,0.225342,-1.011475,-0.693604,-17.25769,45.173641,7.972717
-0.187988,-0.778564,0.013672,69.076538,-3.509521,-100.532524,0.172119,-1.03833,-0.592773,-9.033203,45.280453,10.2005
-0.186279,-0.735596,0.021729,65.811157,6.477355,-100.425713,0.140137,-1.050781,-0.535645,-3.356933,40.588375,13.031005
-0.181885,-0.719238,0.02124,63.545223,14.373778,-100.440971,0.144287,-1.024902,-0.569336,-6.378173,33.203125,14.35852
-0.175781,-0.716553,0.025146,62.622066,20.835875,-100.33416,0.177002,-0.984131,-0.655029,-11.131286,25.001524,13.511657
-0.157471,-0.727783,0.039795,63.415524,27.435301,-99.685661,0.20752,-0.919189,-0.725586,-14.694213,17.662048,14.991759
-0.144531,-0.744629,0.055908,67.207336,35.369873,-99.098198,0.20874,-0.848877,-0.76709,-19.554138,10.002136,21.64459
-0.152588,-0.749023,0.058594,72.563171,43.563839,-98.472588,0.185547,-0.814453,-0.733643,-22.071836,1.876831,29.33502
-0.165527,-0.731445,0.056152,75.714111,50.933834,-97.381584,0.169922,-0.840088,-0.668945,-19.142151,-6.759643,35.949707
-0.15625,-0.705078,0.063232,75.569153,57.418819,-95.489494,0.277588,-0.981934,-0.751953,-22.552488,40.222164,5.859375
-0.322021,-0.753662,-0.019775,11.566161,-34.469604,-8.430481,0.248535,-1.050537,-0.179932,-48.622128,-6.904602,-49.911495
-0.142578,-0.689697,0.067383,75.614929,63.392635,-93.39904,0.254883,-1.032715,-0.180908,-49.362179,-11.520385,-52.650448
-0.141113,-0.689941,0.085449,82.389824,69.137573,-88.150017,0.255127,-1.015381,-0.189453,-50.6134,-16.700745,-55.801388
-0.165771,-0.684326,0.086426,84.793083,67.581177,-82.832329,0.255371,-1.00415,-0.189697,-50.659176,-23.582457,-59.059139
-0.186768,-0.673584,0.081543,83.290092,64.704895,-77.072144,0.224365,-1.019531,-0.118164,-45.959469,-50.6134,-68.42041
-0.187988,-0.672852,0.070068,79.01001,60.134884,-71.746826,0.236328,-0.997314,-0.159912,-49.446102,-39.375305,-64.735413
-0.180664,-0.693848,0.056396,74.249268,54.191586,-66.383362,0.223145,-1.006348,-0.145264,-48.187252,-44.342037,-66.612244
-0.178223,-0.723389,0.036133,68.984985,46.82922,-59.974667,0.219482,-1.013672,-0.129639,-46.95129,-47.386166,-67.78717
-0.191895,-0.748779,0.017334,62.591549,37.811279,-52.833553,0.243896,-1.070801,-0.19165,-48.423763,-2.39563,-47.439571
-0.235107,-0.766357,0.003418,53.985592,25.970457,-44.548031,0.249512,-0.997559,-0.17627,-50.163265,-31.959532,-62.07275
-0.29248,-0.780762,-0.007813,45.211788,11.283874,-35.087585,0.237305,-1.088379,-0.203369,-48.332211,1.586914,-44.715878
-0.330078,-0.788818,-0.014893,36.949158,-4.959106,-25.817869,0.110107,-1.074951,-0.214111,-41.801449,-53.512569,-22.5296
-0.136963,-0.6875,0.074219,78.353882,67.91687,-91.491692,0.186523,-1.120361,-0.215576,-49.079891,1.64032,-38.719177
-0.651123,-1.161377,-0.311279,12.748717,-8.491516,6.187438,0.157227,-1.126465,-0.214355,-49.110409,-5.607605,-35.392761
-0.648926,-1.138428,-0.328125,21.255491,1.785278,3.082275,0.135498,-1.124756,-0.204834,-48.095699,-18.089294,-31.799314
-0.644531,-1.160889,-0.334229,33.760071,11.45935,-2.822876,0.121582,-1.105957,-0.204346,-45.738216,-34.942627,-27.610777
-0.665527,-1.082764,-0.381104,-23.200987,1.274109,-6.530761,0.098145,-1.045166,-0.236816,-37.414551,-71.563721,-17.158508
-0.673828,-1.097412,-0.390381,-28.335569,5.783081,-5.249023,0.093506,-1.014893,-0.269531,-33.294678,-87.295525,-12.763976
-0.655273,-1.101318,-0.361328,-29.037474,12.512206,-6.057739,0.134766,-0.979248,-0.295898,-27.938841,-98.403923,-10.017395
-0.60791,-1.102539,-0.303467,-24.063108,24.574278,-10.261535,0.186035,-0.934814,-0.330322,-21.888731,-103.797905,-7.659912
-0.553711,-1.095215,-0.241211,-15.792846,41.610714,-19.393921,0.212646,-0.884521,-0.372803,-15.953063,-104.255669,-5.081176
-0.524658,-1.091553,-0.216309,-7.614135,60.600277,-31.761168,0.223633,-0.842773,-0.402588,-9.635925,-100.875847,-2.5177
-0.532959,-1.086426,-0.251221,-2.731323,77.705383,-44.975277,0.21582,-1.105957,-0.208008,-48.484798,3.578186,-41.679379
-0.554932,-1.019531,-0.307861,-4.043579,87.448112,-57.79266,0.233887,-1.027344,-0.111816,-44.960018,-54.725643,-68.443298
-0.63623,-0.890625,-0.381104,-14.068603,89.157097,-67.764282,0.234619,-0.813232,-0.420654,-2.456665,-93.032829,-0.259399
-0.763184,-0.786377,-0.408447,-27.206419,84.884636,-72.929382,0.237793,-1.046631,-0.095459,-42.015072,-64.956665,-67.626953
-0.648926,-1.060303,-0.372559,-16.746521,-3.677368,-8.995056,0.051514,-0.623047,-0.126709,-27.870176,-47.767635,-62.850948
-0.842773,-0.792969,-0.363281,-35.186768,71.723938,-73.730469,0.064209,-0.605957,-0.147461,-26.931761,-46.943661,-66.963196
-0.93042,-1.043213,-0.287354,-28.594969,14.671325,-68.023682,0.091553,-0.565674,-0.186279,-25.337217,-41.91589,-72.120667
-0.963623,-1.12207,-0.267822,-20.362852,-21.469114,-59.486385,0.085205,-0.498779,-0.243896,-28.160093,-32.165527,-73.371887
-0.923828,-1.080078,-0.244873,-14.152526,-54.779049,-48.957821,0.064941,-0.431641,-0.283447,-34.591675,-21.606443,-72.944641
-0.80249,-0.955811,-0.250732,-13.122558,-77.659607,-37.590027,0.034668,-0.410889,-0.285889,-40.138245,-13.679503,-73.554993
-0.687012,-0.834717,-0.28125,-16.624451,-85.426323,-26.55792,0.015381,-0.437744,-0.257324,-41.725155,-11.978148,-73.974609
-0.640381,-0.833008,-0.302002,-16.540527,-78.834534,-20.164488,0.010986,-0.489502,-0.203369,-40.695187,-15.350341,-73.84491
-0.587402,-0.916016,-0.307129,-7.881164,-65.826416,-18.959045,0.014404,-0.555176,-0.1521,-38.337708,-21.469114,-73.432922
-0.492676,-0.97168,-0.314697,1.853943,-46.859737,-20.904539,0.027588,-0.631836,-0.117432,-35.865784,-28.57971,-73.371887
-0.386475,-0.926025,-0.3125,6.263732,-19.775391,-23.948668,0.05835,-0.708496,-0.105713,-33.622742,-34.385681,-73.738098
-0.29126,-0.792725,-0.321777,5.172729,12.657165,-27.57263,0.089111,-0.761475,-0.096436,-32.699585,-38.223267,-73.394775
-0.882813,-0.89624,-0.30835,-35.041809,47.218319,-71.95282,0.111572,-0.797119,-0.097656,-33.676147,-40.435787,-71.792603
-0.634277,-1.060547,-0.351318,-10.116576,-11.062621,-11.596679,0.114502,-0.827393,-0.108643,-35.499573,-42.778011,-69.831848
-0.247803,-0.657959,-0.338867,1.815796,44.708248,-35.820007,0.115967,-0.870117,-0.085205,-35.03418,-46.333309,-68.786621
-0.635498,-1.113037,-0.237061,-0.228882,-35.118103,-13.008117,0.137939,-0.92749,-0.040771,-32.859802,-50.85754,-68.199158
-0.634521,-1.207764,-0.324951,49.842831,18.592834,-10.06317,0.162598,-0.974854,-0.005615,-32.089233,-55.679317,-67.207336
-0.639648,-1.23584,-0.30957,63.781734,22.178648,-18.02063,0.186279,-1.013916,-0.010498,-32.272339,-59.982296,-67.123413
-0.653564,-1.230225,-0.307617,69.992065,21.560667,-25.131224,0.208984,-1.030029,-0.025391,-33.187866,-64.002991,-66.429138
-0.655762,-1.196777,-0.333984,67.131042,15.670775,-28.274534,0.221191,-1.044434,-0.038574,-34.934998,-67.245483,-65.330505
-0.673828,-1.130859,-0.363281,58.189388,7.17163,-27.435301,0.224854,-1.056641,-0.056152,-36.399841,-69.206238,-64.933777
-0.683838,-1.071289,-0.331299,46.943661,-0.549316,-24.688719,0.229004,-1.060059,-0.065918,-38.131714,-69.725037,-65.223694
-0.626465,-1.078613,-0.296387,-3.936767,-22.430418,-12.84027,0.233398,-1.062012,-0.079102,-40.206905,-68.412781,-66.261292
-0.616211,-1.11792,-0.172852,38.230896,-15.815734,-17.349243,0.239014,-1.032715,-0.107422,-43.731686,-59.890743,-68.161011
-0.611572,-1.172852,-0.146973,37.490845,-25.123594,-16.288757,0.070801,-0.61792,-0.176025,-30.3421,-47.752377,-60.295101
-0.634033,-1.202148,-0.166748,33.538818,-34.309387,-15.151977,0.247559,-0.802979,-0.439209,4.455566,-80.596916,1.914978
-0.645996,-1.193604,-0.194092,25.756834,-42.449947,-13.992309,0.301514,-0.807129,-0.48999,18.264771,-42.335506,7.606506
-0.660156,-1.068848,-0.244385,40.077209,-7.751464,-20.446775,0.103516,-0.751709,-0.158936,66.383362,59.066769,38.490295
-0.610352,-1.083496,-0.152588,4.562378,-47.08099,-14.968871,0.102051,-0.720947,-0.154053,66.589355,52.162167,37.162781
-0.55835,-1.083252,-0.084961,0.144958,-45.104977,-16.593933,0.10083,-0.689941,-0.138916,67.321777,43.29681,36.857605
-0.54541,-1.117188,-0.065918,0.450134,-42.465206,-18.730164,0.10498,-0.661621,-0.128662,68.832397,33.790588,37.17041
-0.570068,-1.14624,-0.106689,1.281738,-42.060848,-21.14868,0.103271,-0.643799,-0.114258,70.358276,25.291441,37.528992
-0.601318,-1.162598,-0.160645,2.571106,-44.029232,-23.468016,0.100586,-0.656006,-0.096191,70.922852,17.974854,37.826538
-0.620361,-1.167236,-0.205322,2.960205,-47.119137,-24.261473,0.10498,-0.692139,-0.089111,71.464539,12.382506,37.574768
-0.64624,-1.153076,-0.235596,-0.320435,-50.666805,-22.102354,0.100586,-0.726074,-0.095947,72.9599,8.903503,35.78949
-0.677979,-1.129883,-0.247559,-4.53186,-53.443905,-17.967224,0.098389,-0.745361,-0.118408,73.883057,5.950927,33.706665
-0.684814,-1.126953,-0.239746,-5.0354,-52.589413,-14.259337,0.099609,-0.748535,-0.127441,74.035645,3.158569,32.600403
-0.660889,-1.131592,-0.2229,-1.800537,-46.188351,-12.870788,0.093506,-0.774658,-0.14624,66.986084,64.537048,40.283199
-0.642334,-1.13916,-0.205322,14.656066,-46.813961,-14.007567,0.095947,-0.744873,-0.130371,73.951721,0.411987,32.119751
-0.246582,-1.082031,0.358643,-39.398193,98.205559,69.290161,0.087891,-0.729736,-0.13623,72.158813,-5.523681,33.172607
-0.221436,-1.078369,0.361572,-40.229794,98.777763,72.067261,0.088135,-0.719971,-0.139893,71.121216,-8.911133,34.553528
-0.209229,-1.061035,0.352295,-42.388912,97.145073,75.828552,0.086426,-0.708496,-0.145996,70.320129,-11.802672,35.835266
-0.204834,-1.018066,0.32959,-43.891903,93.765251,80.184937,0.092041,-0.691162,-0.160156,69.831848,-14.747619,37.345886
-0.074707,-0.797607,0.271729,-29.426573,62.217709,102.97393,0.092529,-0.681152,-0.170898,69.206238,-16.159058,38.536072
-0.180176,-0.935059,0.306396,-37.063599,87.234489,89.614861,0.094238,-0.676025,-0.184326,68.626404,-14.999389,38.597107
-0.141846,-0.905762,0.272217,-33.462524,81.321709,94.139091,0.094727,-0.675537,-0.192139,67.558289,-11.695861,37.979126
-0.10083,-0.85083,0.269287,-32.104492,72.364807,99.136345,0.083984,-0.680908,-0.195557,65.925598,-7.102966,36.407471
-0.202881,-0.967773,0.315674,-41.778561,90.705864,84.884636,0.073975,-0.689453,-0.203613,64.52179,-2.784729,34.729004
-0.255127,-1.080811,0.344971,-38.871765,96.80938,66.65802,0.055176,-0.696045,-0.203613,63.522335,-0.091553,33.401489
-0.314697,-0.955811,0.199219,-57.685848,63.781734,51.979061,0.091064,-0.737549,-0.133789,73.265076,-2.540588,32.196045
-0.281738,-1.06665,0.341309,-36.857605,93.795769,63.064571,0.100342,-0.798096,-0.152832,67.237854,70.014954,41.633602
-0.29834,-1.061523,0.318115,-36.636353,90.850822,60.18066,0.271973,-0.804932,-0.466553,11.436461,-63.072201,3.929138
-0.294922,-1.063721,0.293213,-36.071777,89.645378,57.441708,0.138184,-0.842041,-0.20752,60.981747,80.92498,46.501156
-0.283691,-1.067139,0.28418,-35.743713,90.370171,55.221554,0.33252,-0.82373,-0.510254,23.361204,-19.615173,12.756347
-0.286865,-1.057861,0.268799,-35.507202,91.155998,53.176876,0.359131,-0.852783,-0.52417,27.9541,4.53949,18.562317
-0.297852,-1.031494,0.249268,-36.529541,89.706413,52.024837,0.376953,-0.883789,-0.517334,32.325745,28.549192,25.123594
-0.314453,-0.998535,0.226074,-40.107727,85.777275,51.36871,0.387939,-0.931641,-0.490723,36.880493,51.635738,31.570433
-0.318115,-0.973389,0.211914,-44.639584,80.863945,50.880428,0.384277,-0.986328,-0.464355,40.733334,73.783875,38.078308
-0.311279,-0.952881,0.201172,-49.278255,75.080872,50.956722,0.381836,-1.039063,-0.461426,42.549129,94.696037,44.319149
-0.310547,-0.945557,0.196289,-54.145809,68.954468,51.597591,0.118652,-0.819092,-0.175293,64.025879,75.85144,43.937679
-0.077881,-0.757324,0.236084,-24.54376,52.108761,104.896538,0.360107,-1.12207,-0.401611,42.5415,126.28936,50.109859
-0.26123,-1.077881,0.3396,-37.643433,95.848076,64.537048,0.335205,-1.167969,-0.357178,41.419979,135.139465,52.61993
-0.096191,-0.70874,0.201416,-21.438597,43.891903,107.292168,0.301758,-1.224121,-0.30957,39.985657,140.647888,55.435177
-0.185303,-0.582764,0.19458,34.233093,97.297661,90.705864,0.266602,-1.274414,-0.27124,39.131165,141.433716,57.189938
-0.14209,-0.588135,0.149902,-19.554138,36.91864,112.258904,0.376221,-1.087158,-0.442627,42.716976,112.831108,48.225399
-0.311279,-0.979004,0.200195,-59.883114,59.837337,51.74255,0.238281,-1.306641,-0.235107,43.479916,135.955811,56.739803
-0.190918,-0.907959,0.077148,23.849485,-10.337829,32.752991,0.244385,-1.273193,-0.242432,46.279903,135.704041,56.27441
-0.16748,-0.863037,0.076904,21.415709,12.023925,38.993835,0.250488,-1.194824,-0.244141,47.782894,137.832642,57.640072
-0.141602,-0.827393,0.098633,23.063658,36.66687,43.968197,0.207764,-1.098145,-0.227295,49.995419,133.926392,59.066769
-0.124756,-0.782471,0.168701,24.391172,60.012814,49.583431,0.149414,-1.025879,-0.220947,52.459713,120.712273,59.013363
-0.131836,-0.751709,0.222656,23.597715,78.842163,56.068417,0.125488,-0.994629,-0.222656,55.564877,104.942314,58.975216
-0.134033,-0.755859,0.222656,25.55847,91.941826,62.721249,0.133301,-0.985352,-0.224609,57.167049,92.658989,58.273312
-0.118896,-0.774902,0.197021,31.471251,100.524895,68.305969,0.154785,-0.96582,-0.234619,58.006283,86.608879,56.045528
-0.116699,-0.782715,0.168213,36.872864,107.421867,72.9599,0.170898,-0.930664,-0.240723,58.769222,85.304253,52.970882
-0.116943,-0.769043,0.149658,39.237976,112.243645,77.552795,0.160645,-0.883545,-0.233154,59.463497,84.297173,49.491879
-0.115723,-0.64917,0.17749,-20.721434,39.001465,110.351555,0.250488,-1.303955,-0.248047,40.298458,138.725281,57.640072
-0.134033,-0.726563,0.1521,38.818359,114.051811,81.878654,0.068359,-1.194092,-0.56958,-10.795592,34.469604,15.342711
-0.182129,-0.618896,0.198975,35.575867,106.109612,86.906425,0.050049,-1.162354,-0.56543,-6.713867,32.821655,17.997742
-0.192627,-0.555176,0.182617,32.981873,87.623589,94.459526,0.019775,-1.131348,-0.54248,-2.059937,34.957886,22.743223
-0.200684,-0.533203,0.172119,32.310486,77.919006,97.618095,-0.002441,-1.087646,-0.528076,1.663208,39.550781,28.022764
-0.209473,-0.51001,0.164551,31.913755,68.229675,99.990837,0.122803,-1.164307,-0.657471,4.196167,15.624999,44.105526
-0.235596,-0.477783,0.149902,27.793882,59.18121,102.622978,0.04248,-1.064209,-0.595703,6.721496,44.677731,34.317017
-0.253662,-0.452393,0.126953,19.515991,51.536556,105.865471,0.080078,-1.109619,-0.635986,7.064819,38.955688,37.109375
-0.250732,-0.446777,0.105957,9.69696,45.425411,108.825676,0.10791,-1.154541,-0.654541,6.019592,27.999876,40.40527
-0.224854,-0.456299,0.0979,-0.022888,41.290279,110.450737,0.00708,-1.054199,-0.554932,4.615784,44.082638,31.517027
-0.197021,-0.484619,0.104736,-8.659363,38.856506,110.992424,0.077148,-1.205322,-0.580322,-13.786315,37.620544,13.145446
-0.169678,-0.530273,0.127197,-15.518188,37.246704,111.854546,0.191406,-1.278809,-0.522461,-15.441894,47.790524,33.050537
-0.168213,-0.666504,0.178711,37.132263,112.075798,84.625237,0.076416,-1.178467,-0.518311,-16.670227,39.978027,11.222838
-0.297852,-0.997559,0.207275,-61.973568,58.570858,51.177975,0.06543,-1.194824,-0.457031,-15.86151,39.001465,12.512206
-0.287109,-1.029785,0.219238,-63.858028,59.516903,49.499508,0.075195,-1.217529,-0.435303,-15.815734,36.499023,13.679503
-0.276855,-1.073975,0.222412,-63.735958,61.111446,47.119137,0.078125,-1.243652,-0.4729,-18.852234,34.317017,14.259337
-0.351318,-1.353271,0.347656,4.989624,-147.331238,-18.65387,0.103516,-1.246338,-0.530273,-21.224974,32.920837,16.265869
-0.3125,-1.324951,0.35498,16.372681,-155.220032,-22.666929,0.145264,-1.230713,-0.536865,-23.262022,32.63855,19.035339
-0.282471,-1.251709,0.33252,20.744322,-158.737183,-27.259825,0.178223,-1.26001,-0.51709,-24.307249,36.384583,21.072386
-0.271973,-1.179443,0.318115,22.6593,-159.934998,-31.883238,0.220459,-1.330811,-0.506836,-23.849485,42.808529,23.132322
-0.280273,-1.137695,0.324219,27.992247,-161.300644,-36.117554,0.237793,-1.353516,-0.525635,-21.621702,48.286434,25.604246
-0.282471,-1.117188,0.312256,36.476135,-164.535507,-39.749146,0.225098,-1.309326,-0.53833,-19.248962,49.957272,29.58679
-0.286865,-1.092773,0.272949,46.150204,-169.609055,-45.028683,0.123535,-1.151611,-0.645508,3.440857,6.393432,46.844479
-0.301025,-1.026855,0.224365,51.498409,-174.125656,-52.276608,0.075684,-1.191406,-0.57251,-15.815734,39.833069,11.306762
-0.305176,-0.950195,0.181396,49.057003,-176.696762,-56.922909,0.109619,-1.143799,-0.609131,3.364563,3.013611,47.988888
-0.304199,-0.886719,0.140625,42.434689,-176.628098,-58.128353,0.072998,-0.862793,-0.135742,-17.364502,115.631096,12.886046
-0.368408,-1.303955,0.297607,-7.774353,-137.34436,-16.792297,0.070557,-1.113281,-0.496582,-2.372742,16.227722,46.386715
-0.279541,-0.857666,0.130859,37.712097,-174.224838,-58.952328,0.163086,-1.283203,-0.502686,-14.312743,43.655392,36.155701
-0.239258,-0.925049,0.127441,49.560543,-165.069565,-65.338135,0.151367,-0.549561,-0.106445,36.437988,22.880552,43.350216
-0.236328,-0.960205,0.123535,63.293453,-158.638,-70.419312,0.13916,-0.560791,-0.100586,31.616209,34.103394,41.007992
-0.243408,-0.949219,0.110107,73.410034,-150.695801,-75.080872,0.130859,-0.587646,-0.106201,25.878904,45.028683,38.009644
-0.245361,-0.874512,0.084229,74.85199,-141.12854,-77.880859,0.128662,-0.632813,-0.11792,21.011351,56.060787,33.508301
-0.23999,-0.767822,0.053711,68.641663,-129.188538,-79.658508,0.130371,-0.686523,-0.117432,16.532898,67.41333,28.648375
-0.231934,-0.68457,0.03833,58.883663,-114.143364,-81.214897,0.134277,-0.742432,-0.114746,11.726378,79.772949,23.460386
-0.208252,-0.66626,0.031738,52.268978,-96.542351,-83.488457,0.146484,-0.791992,-0.125,6.904602,93.574516,17.684937
-0.183105,-0.695313,0.024658,51.010128,-76.98822,-86.608879,0.154541,-0.822266,-0.128174,1.655578,107.093803,13.404845
-0.169678,-0.757568,0.030518,54.595943,-57.365414,-90.797417,0.151367,-0.838867,-0.125977,-3.40271,118.209831,10.505675
-0.167725,-0.82373,0.043457,62.568661,-40.603634,-96.04644,0.083008,-1.138916,-0.557861,1.182556,6.813049,47.46246
-0.250244,-0.877441,0.126953,39.428711,-170.310959,-61.210629,0.126953,-0.844971,-0.121338,-6.805419,124.877922,8.804321
-0.390869,-1.213867,0.242432,-13.488769,-125.976555,-17.76123,0.072998,-0.841064,-0.118652,-13.175963,122.222893,10.658263
-0.177002,-0.848633,0.031738,69.473267,-26.885984,-100.067131,0.080811,-0.913574,-0.176025,-19.119263,107.200615,15.11383
-0.441406,-1.083008,0.156982,-9.063721,-102.035515,-23.521421,0.090088,-0.972168,-0.2229,-18.661499,98.075859,18.363953
-0.264893,-1.133545,0.225098,-60.203548,63.415524,44.258114,0.0979,-1.032471,-0.258301,-18.791199,89.088432,23.193357
-0.258789,-1.196045,0.232666,-51.002499,65.834045,41.389462,0.10791,-1.102539,-0.296387,-18.722534,80.993645,27.778624
-0.253662,-1.233643,0.236328,-36.453247,67.771912,38.284302,0.118408,-1.156494,-0.335693,-17.021179,73.814392,30.84564
-0.244629,-1.223145,0.223877,-21.133421,69.999695,34.111023,0.112305,-1.176025,-0.383057,-15.274047,66.062927,33.813477
-0.25,-1.162109,0.20459,-11.436461,74.066162,30.250547,0.102783,-1.155273,-0.41626,-12.809752,55.809017,37.368774
-0.246582,-1.076172,0.199463,-6.561279,79.353333,26.992796,0.092041,-1.119873,-0.430908,-8.491516,43.106075,40.946957
-0.421631,-1.133301,0.196045,-12.542724,-113.807671,-20.606993,0.082031,-1.095947,-0.452637,-4.981995,29.075621,44.189449
-0.23584,-0.966797,0.185059,5.798339,86.547844,20.660398,0.094971,-0.841797,-0.116943,-9.544373,125.808708,9.056091
-0.255371,-0.931396,0.159912,13.85498,89.561455,15.998839,0.168213,-0.552979,-0.11792,39.405823,11.039733,45.547482
-0.266846,-0.897705,0.120361,19.813538,90.522758,10.246276,0.169922,-1.323975,-0.500732,-13.778686,39.260864,36.247253
-0.294922,-0.865967,0.084229,22.987364,88.539116,3.822326,0.176025,-1.347656,-0.574707,-8.31604,30.97534,30.929564
-0.22583,-1.009766,0.198242,-1.670837,83.343498,24.002073,0.233398,-0.970703,-0.414063,23.223875,-42.701717,6.134033
-0.361572,-0.825928,0.045654,26.611326,70.625305,-7.720947,0.205811,-0.905518,-0.421631,19.927979,-34.370422,1.831055
-0.392578,-0.824707,0.021729,27.6947,55.068966,-12.542724,0.151611,-0.80835,-0.424805,12.245177,-33.348083,1.907349
-0.416016,-0.828369,0.000244,27.366636,36.354065,-16.838074,0.119385,-0.74585,-0.36377,9.681702,-39.390564,-0.480652
-0.448975,-0.829102,-0.010986,24.79553,15.686034,-20.668028,0.086182,-0.773926,-0.285645,13.778686,-48.263546,-4.135132
-0.481934,-0.828125,-0.015869,19.088745,-6.54602,-24.078367,0.065918,-0.854736,-0.252441,14.488219,-57.746883,-5.744934
-0.508057,-0.837158,-0.006104,10.879516,-28.923033,-26.145933,0.087646,-0.922119,-0.268799,11.039733,-66.421509,-11.039733
-0.50708,-0.869629,0.027344,3.65448,-49.537655,-27.519224,0.111816,-1.001953,-0.297119,7.766723,-68.733215,-17.799377
-0.485352,-0.924072,0.062012,-0.862122,-66.421509,-27.923582,0.132324,-1.053467,-0.324707,4.211426,-64.910889,-21.514891
-0.473145,-0.980225,0.089111,-3.738403,-79.376221,-27.038572,0.138428,-0.904297,-0.33374,-2.784729,-53.62701,-33.187866
-0.459473,-1.037109,0.118164,-6.034851,-90.911858,-25.566099,0.229248,-1.004883,-0.421631,25.878904,-53.771969,10.31494
-0.328857,-0.843506,0.063721,25.169371,82.054131,-2.334595,0.099365,-0.772217,-0.337402,-11.558532,-51.078793,-35.27832
-0.354492,-1.045654,-0.080811,-20.126341,-52.040096,21.377562,0.059814,-0.668945,-0.234619,-16.014099,-62.095638,-41.191097
-0.339355,-1.039307,-0.056152,-20.736692,-48.71368,17.333984,0.047119,-0.689697,-0.203857,-15.693664,-71.159363,-41.40472
-0.326416,-1.067871,-0.039063,-19.065857,-42.999264,12.481688,0.048584,-0.734863,-0.211426,-19.40918,-79.193115,-41.076656
-0.312012,-1.092285,-0.012695,-17.684937,-35.964966,7.499694,0.057129,-0.826416,-0.209229,-20.835875,-83.534233,-44.006344
-0.209229,-0.794678,0.131592,-14.183043,-3.089905,-15.441894,0.081299,-0.886963,-0.237549,-19.317627,-82.115166,-47.485348
-0.252441,-1.029297,0.075439,-20.477293,-19.65332,-2.098083,0.10791,-0.852539,-0.256592,-21.194456,-75.386047,-49.087521
-0.210938,-0.942627,0.106445,-21.835325,-12.573241,-6.736755,0.114014,-0.769043,-0.276611,-26.229856,-65.422058,-51.406857
-0.199707,-0.86084,0.124023,-19.90509,-6.858825,-11.291503,0.094482,-0.686523,-0.28418,-30.151365,-55.587765,-55.198666
-0.29126,-1.082275,0.031494,-18.310547,-27.748106,2.609253,0.081543,-0.632813,-0.251221,-31.661985,-49.446102,-58.0368
-0.353027,-1.072998,-0.098389,-16.433716,-51.811214,23.628233,0.186768,-1.361084,-0.53833,-10.95581,35.621643,32.989502
-0.565674,-1.223877,-0.08374,-19.470215,-105.361931,34.767151,0.07251,-0.686523,-0.297607,-16.815186,-54.183956,-38.124084
-0.351807,-1.129395,-0.140869,-9.33075,-41.084286,22.369383,0.217041,-1.033936,-0.424805,28.610228,-63.056942,13.145446
-0.367676,-1.145996,-0.17334,-8.628845,-35.942078,21.446226,0.147705,-1.022949,-0.331299,1.167297,-58.990475,-26.603697
-0.405273,-1.1604,-0.222412,-9.277344,-34.40094,21.293638,0.169434,-1.025146,-0.510498,34.614563,-67.474365,16.136169
-0.46167,-1.157471,-0.255127,-11.19995,-37.42218,22.605894,0.199463,-1.039307,-0.441406,31.265257,-67.604065,15.838622
-0.521973,-1.140137,-0.283447,-14.72473,-45.654293,25.253294,0.108398,-1.17749,-0.619629,-9.971619,16.166687,31.47888
-0.573486,-1.108154,-0.309326,-20.164488,-59.623714,29.953001,0.09668,-1.106445,-0.641602,-7.865905,9.239197,29.21295
-0.619873,-1.093262,-0.297119,-26.31378,-76.728821,35.270691,0.093994,-1.077148,-0.660156,-4.974365,5.279541,26.626585
-0.651123,-1.12915,-0.224854,-27.603148,-91.354362,38.116455,0.100342,-1.081299,-0.686523,-3.196716,3.463745,24.314878
-0.64209,-1.167725,-0.149902,-24.627684,-102.661125,39.245605,0.095703,-1.089844,-0.718262,-3.14331,3.051758,22.392271
-0.612305,-1.199951,-0.108643,-21.034239,-107.650749,38.604736,0.088135,-1.09082,-0.716064,-0.389099,3.051758,20.278929
-0.213623,-0.748779,0.136475,-4.516602,-1.12915,-19.714355,0.081055,-1.08252,-0.681641,4.272461,1.602173,19.165039
-0.343994,-1.105225,-0.12085,-12.115478,-47.752377,23.696898,0.07251,-1.065674,-0.684814,9.20105,-1.197815,18.882751
-0.192871,-0.725098,0.140869,7.972717,-0.335693,-25.146482,0.062012,-1.039795,-0.709229,14.907836,-6.29425,19.454956
-0.212158,-0.540039,0.102051,76.210022,104.637138,-88.058464,0.056396,-1.015625,-0.717773,17.738342,-14.053344,19.668579
-0.188965,-0.713623,0.125977,35.301208,0.801086,-35.713196,0.140381,-1.274414,-0.596436,-8.644104,24.337767,31.143187
-0.478516,-1.237305,-0.086914,-19.577026,-97.389214,28.95355,0.075439,-1.010986,-0.78418,12.20703,-27.664183,15.541076
-0.148926,-0.632813,0.018799,70.716858,37.635803,-41.343685,0.060791,-1.009033,-0.751221,15.350341,-22.224424,18.096924
-0.148682,-0.562012,0.013428,65.971375,50.47607,-45.196529,0.081055,-0.970947,-0.599121,37.948608,-59.875484,15.060424
-0.146484,-0.501953,0.002686,59.669491,63.148495,-50.376888,0.112305,-1.001465,-0.57959,38.764954,-56.076046,13.580321
-0.153809,-0.473389,0.000977,55.458065,74.424744,-56.304928,0.136475,-1.063721,-0.575439,34.973145,-54.801937,11.528014
-0.1604,-0.479736,0.005615,55.000301,84.022514,-62.026974,0.128906,-1.114502,-0.599609,27.397154,-54.397579,10.231017
-0.171143,-0.503174,0.017578,57.624813,90.988152,-67.512512,0.105225,-0.99292,-0.589355,36.514282,-64.26239,14.945983
-0.173096,-0.531738,0.028809,62.667843,95.008842,-72.891235,0.131348,-1.125977,-0.578125,19.119263,-49.293514,9.277344
-0.165771,-0.559326,0.040771,68.939209,97.511284,-77.125549,0.114502,-1.060303,-0.656006,12.916564,-42.022701,13.534545
-0.161865,-0.576172,0.051514,74.058533,99.334709,-80.215454,0.090332,-1.01709,-0.753418,11.390685,-33.363342,14.808654
-0.176025,-0.71167,0.140381,21.728514,0.205994,-30.868528,0.125244,-1.141846,-0.582031,23.078917,-52.795406,8.140564
-0.168945,-0.571289,0.065918,76.499939,101.295464,-82.298271,0.181152,-0.833252,-0.31958,-13.702392,-67.382813,-1.602173
-0.195801,-0.543457,0.108643,76.560974,104.782097,-87.593071,0.228516,-1.079834,-0.343018,-22.270201,-52.742001,-26.000975
-0.228516,-0.544434,0.106934,76.217651,100.555412,-86.730949,0.227051,-1.055664,-0.393066,-21.957396,-55.168148,-21.949766
-0.26416,-0.564941,0.101807,76.61438,92.285149,-84.167473,0.209229,-1.039795,-0.393066,-21.65222,-60.798641,-17.028809
-0.303467,-0.594482,0.088623,77.003479,80.390923,-79.727173,0.212891,-1.024658,-0.350098,-20.240782,-67.459106,-13.175963
-0.320801,-0.633057,0.080078,77.033997,65.208435,-73.501587,0.231689,-0.997559,-0.309814,-18.440247,-71.95282,-10.757445
-0.310791,-0.675537,0.073486,76.553345,47.935482,-66.802979,0.241943,-0.958496,-0.314941,-17.967224,-73.051453,-9.368896
-0.299561,-0.716064,0.072021,74.607849,31.280516,-59.349056,0.226318,-1.115479,-0.311279,-24.79553,-52.078243,-29.846189
-0.278076,-0.735596,0.072266,69.984436,17.01355,-52.299496,0.237793,-0.925293,-0.324951,-17.616272,-72.143555,-8.399963
-0.245605,-0.737793,0.082275,60.958858,7.064819,-45.94421,0.219971,-0.888672,-0.322021,-15.060424,-69.93866,-6.278991
-0.212891,-0.725342,0.100098,48.408504,2.26593,-40.534969,0.148682,-0.796387,-0.309326,-15.213012,-64.453125,2.326965
-0.180908,-0.556641,0.093994,76.698303,103.347771,-84.747307,0.192139,-0.89917,-0.271729,-28.564451,-11.20758,12.481688
-0.419434,-1.245117,-0.119385,-20.500181,-83.786003,21.385191,0.177979,-0.848145,-0.257324,-19.393921,-49.919125,5.981445
-0.146484,-0.695068,0.023193,70.411682,24.574278,-36.842346,0.209473,-0.867188,-0.261475,-21.499632,-37.124634,8.140564
-0.397705,-1.226563,-0.154297,-23.330687,-54.748531,0.0,0.213867,-0.880371,-0.271973,-24.841307,-23.254393,10.108947
-0.804688,-1.061279,-0.436279,-31.974791,-36.994934,-38.352966,0.167725,-0.921387,-0.254883,-31.692503,-2.937317,14.930724
-0.718018,-1.0896,-0.268799,-25.024412,-44.868465,-40.184017,0.146973,-0.943604,-0.231689,-34.233093,1.914978,16.456604
-0.549561,-1.174561,-0.209961,-14.396667,-47.08099,-42.8009,0.136475,-0.970215,-0.20459,-36.727905,5.378723,16.906738
-0.506836,-1.203369,-0.339111,-6.408691,-39.894104,-43.754574,0.142822,-1.009277,-0.199707,-39.56604,8.644104,16.273499
-0.597412,-1.146484,-0.431885,-6.690979,-26.863096,-43.128963,0.142822,-1.041016,-0.216064,-41.465755,12.191772,14.846801
-0.678711,-1.097656,-0.441406,-9.223938,-12.321471,-40.695187,0.125,-1.047852,-0.222412,-42.236324,14.923095,13.137816
-0.734863,-1.041016,-0.415527,-11.367797,2.716064,-35.820007,0.224121,-1.12915,-0.320801,-32.974243,-50.773617,-34.553528
-0.750732,-0.992432,-0.39209,-18.585205,16.105652,-27.915953,0.148193,-0.80835,-0.280762,-17.791748,-59.204098,4.379272
-0.748291,-0.982666,-0.330322,-29.724119,26.840208,-21.240232,0.229492,-1.120117,-0.354248,-43.243404,-48.774715,-38.94043
-0.739502,-1.038818,-0.222656,-37.574768,33.195496,-18.112183,0.100586,-1.04126,-0.23291,-42.304989,15.670775,11.024474
-0.841553,-1.056152,-0.570557,-32.546997,-24.482725,-39.802551,0.224609,-1.068848,-0.46875,-55.511471,-48.171993,-48.294064
-0.675293,-1.087891,-0.153564,-40.550228,27.976988,-15.029906,0.0625,-0.835205,-0.404785,-95.642082,-19.966125,-60.386654
-0.610107,-1.127441,-0.131348,-25.466917,-8.308411,-6.507873,0.071289,-0.907227,-0.387451,-95.108025,-19.508362,-61.523434
-0.610352,-1.085938,-0.100586,-6.996154,-31.242369,-5.310058,0.09082,-0.97168,-0.394287,-93.788139,-17.959595,-63.926693
-0.574463,-1.01001,-0.053223,9.910583,-55.038448,-6.256103,0.10083,-1.023438,-0.418701,-92.300407,-15.792846,-65.284729
-0.485107,-0.929199,-0.012451,20.187376,-76.644897,-4.989624,0.101807,-1.056152,-0.442871,-90.576164,-13.801574,-65.429688
-0.381348,-0.888184,0.008789,26.969908,-90.713493,1.289368,0.092773,-1.061279,-0.473877,-88.470451,-12.756347,-66.314697
-0.328369,-0.900391,0.012939,33.691406,-92.880241,7.896423,0.075439,-1.050049,-0.507324,-86.463921,-14.144897,-66.947937
-0.332031,-0.929932,0.026367,35.514832,-83.503716,11.390685,0.061768,-1.050781,-0.507324,-83.717339,-17.929077,-67.115784
-0.309082,-0.974609,0.039063,32.470703,-67.123413,14.053344,0.060791,-1.053955,-0.484375,-80.192566,-25.268553,-67.085266
-0.250488,-1.001953,0.057129,30.540464,-48.950191,18.623352,0.068115,-1.054932,-0.470459,-76.965332,-33.927917,-66.734314
-0.214355,-0.972412,0.067139,28.358458,-30.120848,25.413511,0.233887,-1.09668,-0.401855,-50.643917,-47.32513,-43.823238
-0.618652,-1.119873,-0.147217,-38.520813,12.443542,-10.360717,0.084961,-1.050781,-0.474609,-74.623108,-39.024353,-67.169189
-0.869141,-1.073242,-0.627197,-23.727415,-9.162903,-44.56329,0.095215,-1.087402,-0.527344,-70.93811,-35.369873,-69.908142
-0.406982,-1.250488,-0.151367,-22.308348,-67.276001,10.581969,0.102783,-1.084961,-0.540039,-68.824768,-32.936096,-70.930481
-0.868408,-1.167725,-0.502686,-11.184691,26.718138,-58.79211,0.084961,-1.074707,-0.535645,-67.764282,-33.500671,-69.908142
-0.392822,-1.193604,-0.169189,-25.955198,-46.852108,-7.377624,0.071533,-1.082764,-0.511475,-65.39917,-36.979675,-67.832947
-0.407715,-1.193848,-0.152588,-27.626036,-39.199829,-13.938903,0.098145,-1.099609,-0.463135,-61.248775,-42.91534,-65.193176
-0.407715,-1.231201,-0.077148,-25.505064,-27.519224,-21.377562,0.140869,-1.115479,-0.419678,-57.487484,-48.736568,-62.339779
-0.388428,-1.273438,0.012695,-22.02606,-12.96234,-29.518126,0.173096,-1.131348,-0.408936,-55.961605,-53.031918,-59.638973
-0.385986,-1.320068,0.04126,-18.585205,0.930786,-37.773132,0.198486,-1.131836,-0.441406,-55.580135,-55.26733,-57.258602
-0.413574,-1.359131,0.014893,-17.875671,11.734008,-45.227047,0.207275,-1.097412,-0.476563,-56.381222,-54.550167,-54.443356
-0.869873,-1.123047,-0.588135,-13.59558,8.384705,-52.207943,0.212402,-1.062744,-0.493652,-57.403561,-51.437374,-51.544186
-0.494873,-1.351318,-0.091309,-34.52301,22.071836,-54.595943,0.091553,-1.063721,-0.498047,-72.814941,-39.0625,-68.084717
-0.535645,-1.332764,-0.120361,-46.600338,21.385191,-54.832455,0.076904,-1.028809,-0.246826,-41.732784,14.656066,8.483887
-0.571777,-1.336426,-0.092773,-53.573605,17.288208,-55.252071,0.065674,-0.791748,-0.426514,-95.001213,-19.752502,-61.477657
-0.584229,-1.369629,-0.042725,-54.779049,8.651733,-56.198116,0.046875,-1.022217,-0.289307,-39.619446,12.153625,0.526428
-0.456055,-1.371338,-0.039795,-22.720335,18.943787,-51.48315,0.139404,-0.936768,-0.135254,41.488644,47.927853,7.652282
-0.600342,-1.425537,-0.068115,-47.653194,-8.140564,-57.876583,0.131836,-0.902588,-0.13623,38.742065,44.93713,4.928589
-0.599854,-1.388672,-0.107422,-43.518063,-9.765625,-58.174129,0.117188,-0.852051,-0.134766,36.331177,40.725704,3.547668
-0.617188,-1.323975,-0.157471,-43.251034,-6.950378,-56.518551,0.111084,-0.782959,-0.122803,35.079956,35.133362,2.738952
-0.648193,-1.250488,-0.187256,-43.80798,-1.518249,-55.313107,0.106445,-0.709717,-0.103516,36.16333,28.686522,3.173828
-0.661377,-1.195801,-0.212158,-43.907162,4.699707,-58.219906,0.096191,-0.647217,-0.0896,37.68158,21.354673,5.371093
-0.666016,-1.16748,-0.256104,-40.924068,13.809203,-62.141415,0.078857,-0.623779,-0.095215,38.276672,13.137816,8.880615
-0.683594,-1.151367,-0.288574,-36.376953,25.421141,-63.743587,0.072021,-0.630615,-0.125,39.56604,3.89862,12.695312
-0.731934,-1.162109,-0.324219,-30.792234,35.331726,-64.857483,0.07959,-0.635254,-0.1521,41.442867,-5.699157,17.082214
-0.78833,-1.166016,-0.355225,-24.032591,40.267941,-64.376831,0.092285,-0.630859,-0.161133,42.045589,-13.999938,21.881102
-0.842285,-1.174561,-0.412354,-16.860962,38.261414,-62.286373,0.127197,-0.966797,-0.134033,45.204159,51.956173,11.245727
-0.595215,-1.407959,-0.042725,-52.536007,-1.342773,-56.724545,0.101807,-0.603516,-0.171875,41.572567,-20.584105,26.077269
-0.431641,-1.041992,-0.063721,-24.688719,0.25177,84.007256,0.124512,-0.524658,-0.170166,42.92297,-27.633665,32.661438
-0.431885,-1.013184,-0.118164,-20.011902,-3.700256,91.773979,0.115234,-0.49292,-0.158203,44.853207,-29.251097,35.743713
-0.45459,-1.03833,-0.084229,-6.401062,-9.246826,98.121635,0.100342,-0.480713,-0.134521,46.920773,-31.35681,38.085938
-0.461914,-1.094238,-0.022705,3.997802,-16.609192,103.439323,0.0896,-0.485107,-0.125,47.409054,-33.77533,40.794369
-0.570557,-1.073242,-0.299316,-10.101317,-24.589537,126.350395,0.096924,-0.496582,-0.139404,47.248837,-35.247803,42.938229
-0.493896,-1.122559,-0.003174,3.494262,-24.459837,111.007683,0.124268,-0.505859,-0.155029,47.126766,-34.812927,44.662472
-0.524658,-1.124268,-0.109375,-1.594543,-24.024961,115.303032,0.150146,-0.5271,-0.163086,45.982357,-30.944822,46.539303
-0.535889,-1.095459,-0.233643,-7.843017,-24.772642,121.772758,0.15918,-0.54834,-0.165527,44.235226,-23.399351,47.439571
-0.472656,-1.112793,0.023438,5.531311,-22.644041,107.925407,0.172852,-0.559082,-0.156006,42.045589,-13.061522,47.668453
-0.452881,-1.067627,0.075928,-22.087095,2.502441,75.454712,0.182129,-0.560791,-0.141113,40.641781,-1.266479,47.042843
-0.339355,-0.934814,0.114746,-29.571531,-29.769896,14.907836,0.117188,-0.563232,-0.17334,41.41235,-25.215147,29.365538
-0.423828,-1.068115,0.213623,-17.623901,4.28009,61.256405,0.121582,-0.99707,-0.129883,49.774166,58.204647,15.701293
-0.40332,-1.057861,0.216553,-17.39502,5.348205,54.88586,0.052979,-1.019287,-0.264648,-41.053768,13.09204,4.78363
-0.411621,-1.029541,0.20459,-20.1416,5.798339,48.263546,0.161621,-1.094727,-0.197021,58.624264,70.861816,26.763914
-0.413818,-1.008545,0.185547,-24.383543,3.952026,42.228695,0.052979,-1.024902,-0.324463,-36.422729,10.360717,-2.250671
-0.409668,-1.005127,0.18335,-26.962278,0.610352,36.422729,0.045166,-1.031738,-0.360107,-31.631468,6.980896,-3.372192
-0.400146,-1.02002,0.197998,-26.679991,-2.76947,29.83856,0.028809,-1.034424,-0.393555,-25.146482,3.662109,-3.417969
-0.383789,-1.030762,0.201416,-25.627134,-6.782531,24.085997,0.030518,-1.024902,-0.425049,-18.211365,2.098083,-2.944946
-0.377197,-1.028564,0.189941,-25.0473,-12.039184,20.416258,0.046875,-0.997559,-0.473633,-11.886596,4.425049,-2.02179
-0.376953,-1.01123,0.164551,-25.474546,-18.791199,17.906189,0.077148,-0.967041,-0.530762,-5.500793,9.925842,-0.450134
-0.369629,-0.984863,0.134521,-26.420591,-25.344847,15.937804,0.100586,-0.938477,-0.563721,2.105713,16.021729,3.562927
-0.652588,-1.08667,-0.324707,-6.66809,-20.408628,126.449577,0.104736,-0.922363,-0.562012,10.795592,22.720335,9.262085
-0.45459,-1.072754,0.17749,-19.233704,3.433227,67.886353,0.108398,-0.912598,-0.565186,17.623901,30.85327,14.495849
-0.710449,-1.134033,-0.288818,-0.144958,-10.971068,122.528069,0.130859,-0.911621,-0.574463,22.918699,40.725704,20.095823
-0.395508,-0.960205,-0.14917,-54.794308,67.871094,126.960747,0.173584,-0.921143,-0.580811,28.373716,49.201962,27.8244
-0.678955,-1.251221,-0.134521,-4.600525,22.178648,114.013664,0.137207,-1.036865,-0.134766,54.740902,65.048218,21.560667
-0.3125,-0.857422,0.081299,-39.672852,-30.868528,14.183043,0.221436,-0.957031,-0.563965,37.04071,55.755611,44.128414
-0.252686,-0.532227,-0.304688,-69.198608,110.885612,89.454643,0.260742,-0.987061,-0.547852,40.061951,60.073849,50.201412
-0.298584,-0.502686,-0.364746,-79.566956,103.523247,97.412102,0.293945,-1.039307,-0.504395,43.731686,69.198608,54.794308
-0.298096,-0.516113,-0.343262,-80.93261,94.894402,104.896538,0.287109,-1.095703,-0.452393,49.636837,77.75116,56.617733
-0.263184,-0.556396,-0.267822,-75.958252,88.073723,111.228935,0.23999,-1.145752,-0.401367,56.015011,80.604546,56.77795
-0.236572,-0.624512,-0.202637,-69.747925,84.167473,116.378777,0.181396,-1.199219,-0.351074,61.592098,77.140808,55.625912
-0.242676,-0.685547,-0.170898,-65.322876,81.382744,120.605461,0.137695,-1.248291,-0.311035,68.244934,70.274353,51.902767
-0.273438,-0.724121,-0.167969,-63.514706,77.980042,123.565666,0.138428,-1.26001,-0.311279,73.600769,65.971375,47.45483
-0.306885,-0.755127,-0.174805,-63.07983,74.234009,125.564568,0.171143,-1.233643,-0.342529,71.273804,69.419861,43.30444
-0.331299,-0.795898,-0.159424,-61.668392,71.205139,127.014153,0.151855,-1.189453,-0.359131,63.987728,74.539185,37.986755
-0.713623,-1.20459,-0.199707,1.434326,4.188538,117.897026,0.151611,-1.149902,-0.306885,60.005184,74.699402,31.898497
-0.341064,-0.851807,-0.141113,-58.79974,69.465637,128.013611,0.207764,-0.936523,-0.576172,32.676697,53.75671,36.933899
-0.367432,-0.932373,-0.136719,-54.626461,68.214417,128.27301,0.212646,-0.564697,-1.048096,20.195005,2.182007,-13.542174
-0.419434,-1.0,-0.150879,-53.482052,68.336487,124.954216,0.176758,-0.602051,-1.020508,22.941587,-3.120422,-13.488769
-0.447266,-1.046875,-0.142822,-50.590511,69.023132,122.772209,0.14209,-0.691406,-0.998291,23.727415,-8.31604,-15.274047
-0.484863,-1.106201,-0.138672,-45.112606,68.397522,120.269768,0.147461,-0.731201,-0.996826,15.754699,-11.169433,-20.469664
-0.520508,-1.1521,-0.150391,-38.787842,65.513611,117.805473,0.067627,-0.596436,-0.975342,4.753113,-10.841369,-23.338316
-0.546387,-1.158203,-0.176758,-35.926819,61.622616,115.70739,0.17749,-0.633301,-1.00293,-0.953674,-14.968871,-22.857664
-0.562256,-1.145996,-0.202881,-36.773682,57.998653,114.219658,0.159912,-0.589355,-0.978516,-0.816345,-17.349243,-21.514891
-0.568604,-1.163086,-0.179443,-34.431458,53.993221,113.021843,0.114014,-0.57373,-0.964355,1.182556,-16.830444,-21.888731
-0.575928,-1.213135,-0.123047,-24.696348,47.370907,111.663811,0.176025,-0.601563,-1.056396,23.178099,0.701904,-12.954711
-0.616699,-1.249268,-0.109131,-13.633727,37.193298,111.442558,0.162598,-0.696045,-1.009766,4.676819,-12.641906,-23.933409
-0.351807,-0.906006,-0.13208,-55.435177,68.840027,128.425598,0.105225,-0.583984,-1.064941,22.331236,-14.892577,-7.8125
-0.304199,-0.795166,0.044189,-57.014462,-30.250547,13.702392,0.055908,-0.518066,-1.010986,-2.288818,6.477355,-17.822266
-0.196777,-0.594727,-0.185303,-55.809017,112.960808,81.222527,0.175293,-0.696045,-0.975342,14.709472,-24.658201,-9.239197
-0.273926,-0.82666,0.064453,-81.115715,-26.161192,11.100768,0.188965,-0.709473,-0.952881,16.082764,-11.58142,-13.893126
-0.511719,-0.98999,0.035156,10.978698,-170.890793,-38.734436,0.137939,-0.617188,-1.000488,12.130736,-0.991821,-14.167785
-0.516113,-1.067383,0.024902,9.498596,-185.41716,-36.804199,0.080566,-0.528076,-1.022949,3.997802,5.180358,-15.480041
-0.491455,-1.148193,0.054932,11.627196,-197.097763,-35.629272,0.058105,-0.545166,-0.992188,-6.469726,3.746032,-17.562866
-0.464844,-1.197754,0.095703,13.565063,-206.08519,-33.439636,0.056641,-0.58252,-0.987793,-9.727478,-0.831604,-16.418457
-0.431885,-1.227295,0.125488,13.114928,-210.830673,-28.930662,0.064941,-0.643799,-0.980957,-10.292052,-7.751464,-16.075134
-0.378662,-1.248047,0.179443,14.434813,-210.288986,-23.422239,0.081543,-0.700684,-0.972168,-8.934021,-14.85443,-15.823363
-0.305664,-1.258057,0.222656,18.112183,-204.002365,-18.447876,0.088135,-0.721436,-0.958008,-6.29425,-18.15033,-15.914916
-0.250244,-1.25,0.238525,21.469114,-192.932114,-13.145446,0.059814,-0.635742,-0.966553,11.917113,-1.930237,-26.763914
-0.221436,-1.216553,0.235352,22.575377,-179.573044,-7.331848,0.035156,-0.54541,-1.04834,15.228271,-31.455992,-1.869202
-0.192871,-1.174316,0.221924,21.995543,-165.702805,-1.731872,0.08667,-0.663818,-0.928223,19.15741,4.966736,-30.563353
-0.504639,-0.943115,0.051514,14.770507,-152.984619,-40.138245,0.275879,-0.817383,-1.071045,36.125183,38.917542,-38.978577
-0.165771,-1.144775,0.210449,22.5296,-152.008057,3.036499,0.120605,-0.67749,-0.911865,23.513792,2.288818,-25.238035
-0.133789,-1.116943,0.203369,34.194946,-124.610893,8.31604,-0.04834,-0.716553,-1.181885,11.322021,-4.219055,-43.685909
-0.123535,-1.089111,0.185303,44.090267,-110.839836,6.744384,0.001221,-0.739502,-1.167725,14.373778,0.061035,-49.079891
-0.111816,-1.048828,0.153076,53.085323,-96.824638,3.921509,0.056152,-0.743408,-1.162109,16.296387,7.278442,-55.152889
-0.10791,-0.973877,0.114746,57.189938,-81.512444,0.762939,0.091064,-0.737305,-1.179199,18.363953,17.89856,-59.92889
-0.108643,-0.88208,0.085938,55.252071,-64.926147,-2.342224,0.118652,-0.742432,-1.173828,20.118711,29.159544,-61.332699
-0.111084,-0.802002,0.06958,49.942013,-48.233028,-5.226135,0.137695,-0.762451,-1.126953,19.828796,38.421631,-59.989925
-0.111328,-0.754395,0.0625,45.799252,-32.76825,-9.033203,0.134766,-0.795898,-1.091064,20.51544,42.030331,-58.433529
-0.116211,-0.742676,0.049805,47.599789,-17.883301,-15.426635,0.12085,-0.816895,-1.07373,22.987364,36.91864,-55.641171
-0.123291,-0.748291,0.040039,55.458065,-3.227234,-22.804258,0.124512,-0.818848,-1.05957,23.376463,25.924681,-51.704403
-0.132568,-0.736084,0.033936,64.613342,10.986327,-30.288694,0.190674,-0.842773,-1.030518,26.145933,16.967773,-48.332211
-0.148193,-1.131104,0.205566,26.405333,-138.221741,6.721496,0.109619,-0.679199,-0.906494,22.315977,6.599426,-29.685972
-0.518555,-0.928467,0.031006,18.745422,-131.599426,-40.626522,0.287109,-0.885986,-0.988525,33.935547,18.997192,-46.585079
-0.297852,-0.794922,0.039795,-72.58606,-28.854368,12.84027,0.092041,-0.698975,-0.932129,-1.953125,-15.029906,-17.204285
-0.474121,-0.993408,-0.030029,30.509947,-84.96093,-37.918091,0.186523,-0.751465,-1.083496,29.342649,35.850525,-31.394957
-0.232178,-0.856934,0.078857,-85.33477,-21.926878,9.918213,0.125732,-0.74585,-0.997803,28.022764,19.439697,-27.664183
-0.198242,-0.907715,0.086182,-86.318962,-15.037536,8.308411,0.131592,-0.796875,-0.879395,31.433104,-1.495361,-27.542112
-0.172852,-0.930176,0.098877,-87.127678,-5.767822,5.905151,0.165527,-0.877197,-0.825439,36.628723,-16.342163,-27.046202
-0.160889,-0.936768,0.099365,-92.155449,3.608703,4.180908,0.206299,-0.895264,-0.87085,39.306641,-21.713255,-24.940489
-0.171875,-0.952148,0.098877,-99.57885,10.650634,3.166198,0.233154,-0.809814,-0.958008,33.935547,-18.768311,-21.499632
-0.191895,-0.981934,0.106689,-105.056755,14.266967,2.563476,0.205811,-0.694336,-0.98877,25.604246,-12.908935,-19.523621
-0.513428,-0.94873,-0.012939,24.429319,-108.703606,-39.848328,0.155762,-0.638428,-0.962402,21.759031,-8.163452,-20.469664
-0.192627,-1.048828,0.164551,-101.173393,15.892028,1.12915,0.126709,-0.653076,-0.944092,22.567747,-3.509521,-22.315977
-0.178223,-1.096436,0.180664,-93.307487,17.028809,0.297546,0.320557,-0.88208,-1.011475,39.405823,29.998777,-44.761654
-0.171143,-1.142578,0.185059,-80.00946,18.4021,-1.38092,0.108154,-0.640869,-0.899414,3.784179,-8.377075,-18.90564
-0.172119,-1.167725,0.15918,-65.139771,19.744873,-3.921509,0.07251,-0.605957,-1.030762,12.20703,-34.172058,-1.785278
-0.203369,-1.013916,0.137451,-104.789726,15.434264,1.792908,0.041992,-0.547119,-0.892822,6.057739,-5.821228,-17.105103
-0.172119,-1.058594,0.096191,-49.949642,16.044617,0.526428,0.057373,-0.378174,-0.478516,-63.529964,-42.297359,-18.325806
-0.185303,-1.003174,0.110596,-40.817257,11.878966,3.471374,0.003418,-0.350342,-0.457764,-68.93158,-45.768734,-18.157959
-0.175537,-0.97168,0.10376,-28.984068,8.934021,3.005981,-0.042725,-0.393555,-0.401855,-67.466736,-52.536007,-21.217344
-0.167969,-0.952393,0.077637,-17.829895,6.408691,0.1297,-0.051758,-0.461182,-0.349365,-66.078186,-59.43298,-24.864195
-0.186768,-0.941895,0.060303,-8.003235,3.105163,-3.967285,-0.020508,-0.555664,-0.280518,-62.889095,-64.918518,-28.053282
-0.221436,-0.948242,0.052002,1.907349,-2.090454,-9.536743,0.008545,-0.633057,-0.272461,-60.234066,-69.580078,-31.990049
-0.26001,-0.977539,0.041504,11.95526,-10.124206,-17.01355,0.012939,-0.631348,-0.33667,-62.713619,-72.822571,-35.652161
-0.303711,-1.013184,0.027832,20.835875,-21.179197,-25.085447,0.01416,-0.574219,-0.395752,-68.138123,-74.707031,-38.757324
-0.342773,-1.041016,0.008789,27.809141,-38.024902,-31.532286,0.03125,-0.496582,-0.436035,-74.256897,-76.301575,-42.022701
-0.405518,-1.036621,-0.014404,32.13501,-60.348507,-35.40802,0.032715,-0.433594,-0.441406,-81.146233,-75.378418,-44.898983
-0.173584,-1.133301,0.116211,-55.534359,19.386292,-3.288269,0.084473,-0.492432,-0.442383,-52.047726,-43.632504,-18.89801
-0.679199,-0.676758,-0.777832,49.514767,48.316952,-4.974365,0.022949,-0.417969,-0.425049,-85.372917,-69.816589,-48.744198
-0.592041,-0.737061,-0.760742,54.466244,43.075558,-1.029968,0.019775,-0.506104,-0.370605,-82.702629,-53.0014,-58.92181
-0.520996,-0.846924,-0.711914,55.01556,27.259825,5.744934,0.018799,-0.532715,-0.344482,-81.024162,-45.974728,-61.866756
-0.535645,-0.976074,-0.649414,52.36816,6.942749,10.765075,0.005127,-0.530273,-0.338623,-82.069389,-41.580196,-62.843319
-0.589844,-0.960205,-0.791992,54.115292,-8.255005,7.598876,-0.006104,-0.538574,-0.352295,-85.174553,-39.321899,-63.720699
-0.685059,-1.007813,-0.774658,42.854305,-18.615723,8.361816,-0.003174,-0.57959,-0.37085,-86.97509,-38.444519,-65.093994
-0.68042,-0.964844,-0.787842,48.149105,-15.213012,6.91986,0.02124,-0.647949,-0.388184,-85.876457,-36.483765,-66.345215
-0.654541,-0.985352,-0.756104,56.617733,-8.636475,5.058288,0.061523,-0.710205,-0.392578,-85.601799,-32.745361,-66.558838
-0.629395,-1.052734,-0.67627,47.386166,-10.185241,10.742187,0.083496,-0.755615,-0.400391,-88.012688,-27.870176,-65.910339
-0.7146,-0.667725,-0.82251,43.365475,44.174191,-4.310608,0.084961,-0.772217,-0.416992,-90.438835,-23.612974,-64.880371
-0.917236,-0.588623,-0.756592,8.003235,-12.351989,-3.425598,0.087402,-0.584473,-0.888184,8.056641,-3.822326,-19.042969
-0.66748,-0.727051,-0.744873,42.533871,41.28265,8.003235,0.016113,-0.456543,-0.405273,-85.174553,-61.668392,-53.955074
-0.625244,-0.719238,-0.671875,39.497375,46.752926,11.177062,0.063721,-0.5979,-0.37915,-44.281002,-46.234127,-17.593384
-0.622803,-0.678467,-0.675781,31.997679,51.170345,7.911682,0.072754,-0.778564,-0.427734,-93.048088,-20.88928,-63.385006
-0.687988,-0.640625,-0.735596,26.458738,53.764339,1.792908,-0.020996,-0.555908,-0.381836,-39.56604,-35.186768,-11.444091
-0.769287,-0.593018,-0.786133,22.789,52.452084,-1.731872,0.01123,-0.595703,-0.36084,-41.809078,-44.097897,-14.595031
-0.842529,-0.544678,-0.817871,18.02063,47.676083,-1.533508,0.034424,-0.595947,-0.901367,-2.372742,-15.419005,-8.323669
-0.89209,-0.519531,-0.792969,14.205932,43.251034,0.434875,0.084961,-0.670898,-0.881104,-2.13623,-18.913269,-5.729675
-0.893799,-0.550293,-0.698975,13.191222,37.254333,0.152588,0.150879,-0.696045,-0.877197,-3.532409,-20.225523,-5.973815
-0.874268,-0.608643,-0.653809,12.832641,24.955748,-3.341675,0.176514,-0.639404,-0.893555,-7.56073,-17.089844,-4.455566
-0.896973,-0.624756,-0.708984,11.726378,6.66809,-4.463196,0.154053,-0.550781,-0.899658,-11.878966,-11.764525,0.442505
-0.571289,-0.852783,-0.898193,43.411251,-13.984679,15.281676,0.119873,-0.493896,-0.859131,-12.33673,-8.926392,4.867554
-0.70459,-0.695557,-0.823242,41.381832,39.825439,0.541687,0.095703,-0.475342,-0.802979,-10.902404,-7.43103,5.432128
-0.64209,-0.751953,-1.018799,35.667419,-20.64514,21.423338,0.093994,-0.494629,-0.770996,-9.811401,-5.92041,3.875732
-0.440674,-0.775635,-1.186768,-21.812437,29.289244,-1.907349,0.104248,-0.537109,-0.740967,-8.621216,-4.234314,3.52478
-0.763184,-0.782227,-1.208984,28.404234,-21.186827,21.339415,0.107666,-0.5625,-0.702637,-7.492065,-2.27356,4.585266
-0.887695,-0.551514,-0.746582,4.302979,-26.733397,-1.457214,0.01709,-0.542969,-0.903564,0.022888,-10.864257,-13.21411
-0.124756,-0.419189,-0.475342,-70.625305,-43.518063,-34.111023,0.093994,-0.571289,-0.663818,-1.495361,-6.462097,2.708435
-0.106689,-0.40625,-0.517334,-80.627434,-50.354,-32.745361,0.060547,-0.54248,-0.654785,-3.65448,-17.585754,1.014709
-0.072998,-0.472168,-0.453125,-77.758789,-53.871151,-30.174253,0.043457,-0.499512,-0.656006,-10.45227,-31.326292,0.709534
-0.038818,-0.564941,-0.376221,-68.901062,-50.643917,-25.505064,0.05127,-0.458496,-0.666992,-15.632628,-38.68866,-1.220703
-0.024414,-0.671387,-0.42334,-58.471676,-40.336605,-22.117613,0.084473,-0.430176,-0.663086,-20.835875,-36.888123,-3.921509
-0.053467,-0.744629,-0.491211,-42.907711,-25.016783,-21.690367,0.097656,-0.407471,-0.644043,-28.381346,-28.129576,-4.592896
-0.107422,-0.768555,-0.59082,-31.631468,-9.498596,-21.408079,0.074463,-0.39209,-0.623047,-34.919739,-19.439697,-5.508422
-0.177734,-0.767578,-0.754395,-28.984068,3.227234,-18.966675,0.04126,-0.402344,-0.582275,-37.208557,-15.800475,-8.255005
-0.258057,-0.744629,-0.903076,-28.923033,12.786864,-15.396117,0.005127,-0.430176,-0.504639,-39.901733,-17.616272,-8.857727
-0.717041,-0.736084,-1.14624,30.517576,-24.436949,22.460936,-0.025146,-0.494385,-0.418213,-40.573116,-24.505613,-9.002686
-0.318115,-0.716064,-1.01123,-28.884886,19.538879,-11.695861,0.105469,-0.577393,-0.688232,-4.676819,-2.326965,4.989624
-0.400635,-0.731445,-1.143311,-25.199888,28.19824,-4.768372,0.198975,-1.419678,-0.08252,156.326294,110.984795,138.946533
-0.496094,-0.813721,-1.241943,-18.028259,25.817869,1.800537,0.765381,-1.015381,-0.344238,46.218868,19.515991,92.933647
-0.568359,-0.835693,-1.2854,-12.664794,19.447327,7.011413,0.736572,-0.988281,-0.363037,42.106625,-6.523132,83.312981
-0.635742,-0.826904,-1.300781,-5.126953,13.160705,13.031005,0.661865,-0.989502,-0.394043,39.81781,-24.54376,71.174622
-0.707031,-0.804932,-1.296631,2.052307,10.162353,19.165039,0.40332,-0.909668,-0.435791,3.601074,-27.816771,2.388
-0.755127,-0.80249,-1.238281,9.368896,10.887145,24.513243,0.513428,-0.981689,-0.429443,33.111572,-37.406921,50.170895
-0.739502,-0.829834,-1.143066,16.471863,9.620667,26.237486,0.441406,-0.96167,-0.429199,27.839659,-37.979126,40.672298
-0.722168,-0.868408,-1.10498,22.392271,3.852844,24.841307,0.403809,-0.935547,-0.435303,20.26367,-36.026001,29.685972
-0.750244,-0.878906,-1.138916,27.458189,-3.372192,22.598265,0.387695,-0.921875,-0.436523,12.580871,-31.60095,16.235352
-0.77002,-0.835449,-1.182373,29.235838,-12.168883,21.537779,0.588623,-0.992432,-0.425049,36.437988,-33.660889,60.050961
-0.361328,-0.716553,-1.098389,-27.786253,24.467466,-7.965087,0.758545,-1.05957,-0.319336,52.49786,47.119137,98.800652
-0.118652,-0.489502,-0.409668,-55.404659,-38.30719,-38.589478,0.609375,-1.299316,-0.227539,93.254082,103.065483,119.773857
-0.828857,-0.547852,-0.72998,6.439209,-34.179688,-1.770019,0.667969,-1.174072,-0.27002,66.772461,78.781128,107.330315
-0.72876,-0.629883,-0.680664,24.711607,-35.110474,-11.299132,0.619385,-1.224854,-0.244873,77.217102,82.954399,108.840935
-0.458984,-0.554688,-0.423584,4.135132,-35.903931,0.999451,0.590332,-1.270996,-0.220459,87.432854,87.921135,114.524834
-0.402588,-0.49707,-0.462891,7.705688,-31.425474,6.088256,0.682617,-1.335938,-0.263672,95.993034,131.271362,119.514458
-0.376221,-0.391357,-0.546143,-4.402161,-24.818419,8.140564,0.779297,-1.453613,-0.28418,98.037712,172.981247,111.846916
-0.361816,-0.288574,-0.611084,-23.750303,-20.629881,8.605957,0.787109,-1.565186,-0.233887,108.7799,214.866623,106.460564
-0.34375,-0.234375,-0.602783,-39.94751,-18.096924,8.460999,0.621826,-1.538818,-0.164063,128.082275,231.086716,113.487236
-0.318359,-0.241943,-0.54541,-46.134945,-14.72473,10.772704,0.449463,-1.475098,-0.156494,140.197754,209.815964,122.550957
-0.303467,-0.290527,-0.448975,-44.509884,-8.43811,13.671874,0.32251,-1.452393,-0.112305,148.963928,164.787277,127.937309
-0.277588,-0.391357,-0.3396,-40.512081,0.12207,14.60266,0.429443,-0.879395,-0.43042,-6.057739,-27.908323,-10.31494
-0.246094,-0.480469,-0.304932,-38.619995,10.932921,16.098022,0.719238,-1.115479,-0.294434,59.280392,68.061829,104.209892
-0.244873,-0.436279,-0.397949,-57.182308,39.680481,24.871824,0.443359,-0.844971,-0.404785,-14.396667,-30.998228,-20.324705
-0.536377,-0.529541,-0.478271,-9.513855,-31.578062,-5.714416,0.437256,-1.335693,-0.101318,-81.420891,-140.670776,-78.109741
-0.244385,-0.366211,-0.388184,-71.601868,53.718563,29.800413,0.432129,-0.824219,-0.355469,-28.053282,-41.061398,-36.262512
-0.232422,-0.343506,-0.261963,-85.441582,82.481377,33.988953,0.225098,-1.432373,-0.066162,164.169296,68.626404,153.312683
-0.18457,-0.374756,-0.228271,-86.906425,96.092216,36.79657,0.150879,-1.514648,0.073486,-129.585266,-165.573105,-106.117241
-0.140869,-0.41333,-0.238281,-88.546745,106.712334,41.374203,0.169922,-1.532959,0.094727,-123.748772,-185.691818,-102.104179
-0.156494,-0.446045,-0.251221,-90.095512,115.493767,45.898434,0.147217,-1.563232,0.094971,-118.621819,-209.716782,-98.045341
-0.203857,-0.485107,-0.260742,-89.363091,118.888847,49.575802,0.135742,-1.586182,0.082031,-115.394585,-233.695969,-94.03228
-0.231445,-0.530518,-0.260498,-85.647575,114.746086,54.977413,0.224121,-1.569336,0.052246,-115.608208,-244.865402,-91.575615
-0.234863,-0.591309,-0.209961,-77.857971,108.421318,61.813351,0.293945,-1.523926,0.036621,-118.743889,-237.449631,-86.830132
-0.214111,-0.646973,-0.14209,-64.002991,106.437675,68.42041,0.324219,-1.490234,0.030762,-121.673576,-225.1129,-83.69445
-0.186523,-0.652344,-0.113525,-52.848812,109.626762,74.119568,0.361816,-1.513916,0.05957,-118.751518,-212.76091,-84.976189
-0.765625,-0.579346,-0.720703,14.999389,-36.346436,-6.41632,0.410889,-1.52832,0.080078,-113.868706,-196.868881,-83.915703
-0.242432,-0.336182,-0.329346,-81.55822,67.504883,32.371521,0.440186,-0.825439,-0.377197,-21.423338,-35.606384,-28.671263
-0.611572,-0.496826,-0.596436,-22.033689,-16.387939,-11.177062,0.462646,-1.538574,0.055908,-106.765739,-176.757797,-84.167473
-0.230957,-0.48999,-0.355225,-44.380184,24.749754,19.615173,0.445557,-1.454834,-0.02417,-88.180534,-147.590637,-83.160393
-0.688232,-0.514893,-0.618164,-29.556273,18.432617,-15.121459,0.430908,-1.229492,-0.172852,-77.537537,-133.224487,-75.454712
-0.659668,-0.499756,-0.647461,-28.594969,2.26593,-14.091491,0.412109,-1.155518,-0.209229,-73.204041,-126.022331,-75.614929
-0.731201,-0.604248,-0.662598,22.079466,-27.214048,-11.032104,0.386475,-1.099854,-0.21875,-68.641663,-119.201653,-73.539734
-0.744141,-0.547852,-0.745117,12.191772,-23.674009,-13.870238,0.376953,-1.046387,-0.226563,-63.4613,-109.161369,-69.778442
-0.771729,-0.505859,-0.772461,5.455017,-19.721985,-16.784668,0.385254,-0.99292,-0.258545,-58.105465,-95.367424,-65.124512
-0.788574,-0.50708,-0.76001,2.586365,-15.411376,-17.601013,0.388184,-0.947021,-0.301758,-52.978512,-80.169678,-60.363766
-0.775146,-0.529785,-0.770996,-0.808716,-10.238647,-18.135071,0.387451,-0.914063,-0.349609,-47.775265,-66.108704,-55.412289
-0.749268,-0.568848,-0.772217,-1.625061,-3.356933,-19.332886,0.404297,-0.875732,-0.36792,-41.580196,-54.916378,-49.713131
-0.705322,-0.598633,-0.737061,2.922058,3.707886,-19.775391,0.430908,-0.838379,-0.352295,-34.843445,-47.309872,-43.258663
-0.682617,-0.604492,-0.727295,7.865905,10.086059,-20.683287,0.467529,-1.535156,0.022217,-97.648613,-158.13446,-85.083
-0.680664,-0.58667,-0.748047,9.918213,16.960144,-21.858213,0.311279,-1.470215,-0.070068,176.841721,53.100582,165.397629
-0.683105,-0.552979,-0.763672,7.278442,25.222776,-20.042419,0.137451,-1.496338,0.014893,-135.246277,-149.902344,-109.27581
-0.734131,-0.642334,-0.637207,28.045652,-30.998228,-11.688231,0.293457,-1.33667,-0.136719,181.556686,39.604187,182.968124
-0.688477,-0.510986,-0.71875,-6.965637,47.195431,-19.363403,-0.010742,-0.659668,-0.069824,7.644653,92.39959,26.451109
-0.687988,-0.524658,-0.756348,0.25177,35.865784,-17.799377,-0.041992,-0.653809,-0.092773,2.494812,73.318481,25.955198
-0.698242,-0.497559,-0.587891,-25.985716,37.765503,-16.731262,-0.062988,-0.668213,-0.125244,-0.152588,54.565426,24.024961
-0.697266,-0.487305,-0.614014,-28.923033,43.060299,-16.082764,-0.062256,-0.690918,-0.171387,-0.595093,38.955688,21.827696
-0.719238,-0.511719,-0.641113,-31.578062,48.362728,-15.769958,-0.047607,-0.711182,-0.231201,-0.50354,28.305052,20.332335
-0.749756,-0.562256,-0.667236,-29.243467,54.840084,-17.211914,-0.048096,-0.713867,-0.319092,-1.869202,23.361204,17.539978
-0.69751,-0.509033,-0.582764,-27.175901,30.136106,-16.326904,-0.053955,-0.701172,-0.411621,-5.554199,23.529051,12.870788
-0.720947,-0.585205,-0.647949,-19.943237,65.216064,-25.199888,-0.065186,-0.690186,-0.486328,-10.253905,27.137754,7.232666
-0.693115,-0.547119,-0.649658,-17.478943,63.96484,-25.993345,-0.087158,-0.687256,-0.545166,-13.961791,31.242369,1.243591
-0.686035,-0.516113,-0.674561,-13.183593,57.495113,-22.994993,-0.121094,-0.680176,-0.601074,-16.944885,32.875061,-3.761291
-0.750244,-0.593262,-0.658691,-23.559568,61.248775,-20.912169,0.020508,-0.672852,-0.052246,13.328551,109.245293,27.587889
-0.780518,-0.774658,0.368408,-13.97705,57.678219,101.356499,-0.155029,-0.649902,-0.658936,-20.698545,29.945372,-6.401062
-0.660156,-1.179688,0.726074,-58.212276,194.396957,91.25518,-0.178467,-0.626953,-0.726563,-26.756285,14.976501,-12.771605
-0.620361,-1.116943,0.661377,-47.851559,180.343613,94.619743,-0.164307,-0.694824,-0.738525,-21.14868,6.408691,-17.623901
-0.614014,-1.031006,0.598633,-40.222164,168.472275,95.809929,-0.151611,-0.757324,-0.779053,-14.427184,-1.335144,-21.842955
-0.618896,-0.915771,0.570801,-41.038509,156.776428,100.990288,-0.142578,-0.77417,-0.869629,-9.95636,-6.752014,-25.436399
-0.593262,-0.871582,0.533203,-44.31152,147.636414,111.724846,-0.131836,-0.755127,-0.968994,-7.072448,-9.45282,-27.793882
-0.635498,-0.835449,0.508545,-41.053768,136.703491,112.42675,-0.134277,-0.73999,-1.037842,-3.913879,-9.719849,-29.563902
-0.666504,-1.232422,0.769531,-68.328857,210.311874,81.588737,-0.130859,-0.74292,-1.088623,0.38147,-8.94165,-32.63855
-0.700195,-0.803223,0.483643,-32.600403,115.119926,110.176079,-0.102539,-0.743652,-1.13623,4.898071,-9.643555,-36.04126
-0.742432,-0.787598,0.436768,-22.972105,87.318413,108.314507,-0.078369,-0.729736,-1.166016,7.514953,-9.727478,-38.024902
-0.825928,-0.748779,0.35376,-7.125854,30.72357,93.292229,-0.067627,-0.711182,-1.184814,9.048462,-7.713317,-39.802551
-1.129395,-0.773438,0.22998,20.095823,-55.877682,39.642334,-0.17749,-0.607422,-0.705811,-25.825499,23.178099,-8.453369
-0.846436,-0.719482,0.312012,-2.662658,-9.742737,83.305351,0.047363,-0.689941,-0.036865,18.455505,122.703545,30.418394
-0.95166,-0.762695,0.270264,4.669189,-22.247313,70.259094,0.315918,-1.418457,-0.118408,182.006821,48.606869,175.415024
-1.065674,-0.77832,0.21582,15.388488,-37.002563,52.993771,0.063477,-0.709717,0.001221,28.083799,139.511108,40.451046
-1.111084,-0.778564,0.285889,18.478394,-85.655205,34.812927,0.307373,-1.277588,-0.124023,179.038986,29.113768,190.315231
-1.086914,-0.808838,0.287842,21.156309,-118.377678,26.275633,0.321777,-1.239502,-0.095459,175.918564,23.956297,195.716843
-1.093018,-0.81665,0.294922,23.674009,-147.842407,19.714355,0.342041,-1.2146,-0.059814,172.340378,26.19171,198.944077
-1.021484,-0.809814,0.336182,23.490904,-170.303329,22.232054,0.363037,-1.192871,-0.034668,168.327316,33.622742,200.309738
-0.909668,-0.841553,0.36377,29.167173,-178.832993,23.689268,0.356445,-1.167236,-0.024902,163.734421,43.899532,199.226364
-0.865967,-0.92041,0.347412,44.357296,-178.329453,20.553587,0.331299,-1.140137,-0.018066,158.119202,53.916927,197.326645
-0.665771,-1.313965,0.833008,-74.996948,232.810959,65.567017,0.066895,-0.704102,-0.016846,22.964476,132.339478,34.721375
-0.829102,-0.711914,0.35498,-3.929138,6.767272,88.516228,0.282959,-1.085449,0.023438,144.78302,70.777893,189.735397
-0.531494,-1.435547,0.924316,-80.978386,245.300278,49.507137,0.26709,-1.05127,0.025146,137.329102,76.286316,182.945236
-0.841553,-1.024414,0.330566,63.995358,-184.974655,16.975403,0.262207,-1.003174,0.023682,129.142761,80.848686,174.850449
-0.454834,-1.503906,0.884033,-99.205009,239.341721,41.938778,0.268311,-0.967773,0.045898,120.841972,86.318962,166.061386
-0.219971,-0.969971,0.141602,-18.707275,98.022453,103.179924,0.306152,-1.118164,-0.000977,151.847839,62.767025,194.511398
-0.312988,-0.957031,0.160645,-36.643982,89.401237,110.450737,0.263428,-0.897217,0.079102,105.209343,101.21154,145.004272
-0.330322,-0.968506,0.219727,-50.567623,73.112488,123.199455,0.267334,-0.938477,0.06543,113.174431,93.01757,156.387329
-0.255615,-1.04248,0.290283,-50.491329,58.143612,132.629395,0.076904,-0.725586,0.03418,41.542049,150.299072,51.399227
-0.178711,-1.142578,0.37915,-40.374752,50.285336,137.794495,0.089844,-0.742188,0.054443,48.347469,153.335571,56.968685
-0.134521,-1.20752,0.405762,-36.231995,53.298946,140.060425,0.106201,-0.751221,0.074707,55.52673,154.319763,64.857483
-0.11792,-1.258545,0.366699,-45.303341,67.100525,140.296936,0.13623,-0.752197,0.088623,64.788818,153.381348,74.668884
-0.109375,-1.304932,0.425293,-60.516354,88.218681,141.616821,0.061035,-0.715576,0.018311,34.500122,145.584106,46.310421
-0.119141,-1.356689,0.505615,-72.021484,113.43383,143.989563,0.192139,-0.788086,0.104736,81.199638,142.044067,94.123833
-0.191162,-1.386963,0.533936,-74.295044,140.838623,143.90564,0.208496,-0.807617,0.105225,86.654655,131.866455,106.414787
-0.399414,-1.493896,0.938721,-90.827934,242.439255,41.465755,0.219971,-0.825195,0.103027,92.674248,120.353691,119.972221
-0.279541,-1.419922,0.581543,-73.58551,160.064697,141.723633,0.242432,-0.855957,0.087402,98.32,110.137932,132.873535
-0.373779,-1.438232,0.676514,-67.565918,164.810165,147.224426,0.166992,-0.763428,0.099609,74.279785,149.345398,84.20562
-0.355713,-1.408936,0.716797,-64.903259,159.332275,153.709412,-0.052002,-0.554199,-0.886719,1.266479,8.872986,24.650572
-0.350586,-1.392578,0.759033,-64.628601,152.21405,153.694153,-0.051758,-0.581543,-0.872559,2.159119,4.28772,25.268553
-0.373291,-1.423828,0.740234,-60.9436,149.971008,149.421692,-0.039551,-0.634277,-0.836426,5.310058,1.937866,25.077818
-0.35498,-1.445313,0.715576,-57.121273,155.776978,141.586304,-0.016602,-0.710449,-0.796387,9.262085,3.196716,21.789549
-0.341064,-1.417969,0.705811,-60.394283,169.273361,128.807068,0.009033,-0.768311,-0.821289,11.917113,5.867004,16.448975
-0.365479,-1.409912,0.714355,-71.884155,185.623154,113.136284,0.018555,-0.757568,-0.871094,9.82666,8.514404,14.076232
-0.436279,-1.4021,0.717529,-86.036674,201.91954,91.629021,0.013672,-0.693604,-0.882813,3.913879,11.291503,13.755797
-0.470215,-1.384033,0.73999,-100.845329,215.377792,70.701599,0.004883,-0.649414,-0.843506,0.434875,16.342163,15.037536
-0.481689,-1.447266,0.80957,-105.934135,228.752121,54.931637,-0.006592,-0.630615,-0.795898,-0.396728,23.239134,19.584656
-0.341797,-1.443848,0.638916,-71.334839,166.191086,142.555237,-0.026123,-0.614502,-0.789063,-0.419617,27.366636,24.971006
-0.858398,-1.138916,0.285645,87.570183,-196.083054,9.780884,-0.066162,-0.460938,-0.647461,6.988525,-24.139402,28.45764
-0.960938,-1.19751,0.303955,110.061638,-205.886826,3.829956,-0.050781,-0.569336,-0.734619,3.204345,26.466368,30.166624
-0.979248,-1.251953,0.266357,129.318237,-215.202316,-0.892639,-0.039063,-0.602051,-0.696045,3.532409,25.123594,31.936644
-0.154297,-0.942383,0.143799,126.190178,-110.473625,-188.346848,-0.026855,-0.678223,-0.67749,6.958007,22.514341,31.47888
-0.161133,-0.914551,0.138184,118.003838,-113.143913,-184.257492,-0.025391,-0.717529,-0.688477,10.604857,17.814636,29.182432
-0.166748,-0.900146,0.130859,109.451286,-117.080681,-178.085312,-0.016357,-0.70752,-0.711182,11.085509,10.238647,27.214048
-0.184814,-0.887207,0.125,101.051323,-120.49102,-168.060287,-0.01123,-0.657715,-0.741455,7.598876,3.181457,26.840208
-0.1875,-0.86792,0.127197,92.918388,-121.536247,-156.936646,-0.019531,-0.581543,-0.775391,3.105163,-1.525879,27.473448
-0.173584,-0.824951,0.129883,82.809441,-119.392387,-145.195007,-0.042236,-0.532471,-0.779297,2.14386,-4.844666,27.565001
-0.154053,-0.766357,0.141113,70.549011,-114.418022,-133.140564,-0.062012,-0.515869,-0.741699,5.836486,-7.568359,26.908873
-0.120361,-0.717529,0.141357,58.013912,-108.14666,-122.940056,-0.05249,-0.487061,-0.696533,8.781433,-12.390136,27.000425
-0.071533,-0.68335,0.116211,45.631405,-100.46386,-115.180962,-0.053711,-0.57666,-0.883057,3.013611,13.298034,22.033689
-0.017334,-0.646729,0.082764,32.478333,-91.316216,-107.910149,-0.042725,-0.587891,-0.773926,1.792908,27.359007,27.786253
-0.133545,-0.993164,0.156006,134.513855,-108.985893,-191.246017,-0.044189,-0.614502,-0.876221,3.433227,14.739989,18.508911
0.02417,-0.617188,0.044434,18.348694,-80.79528,-101.21154,0.023193,-0.867432,-0.916992,0.953674,25.627134,7.057189
0.074219,-0.566162,0.009033,-5.729675,-56.381222,-90.370171,-0.021729,-0.659668,-0.872314,1.098633,11.108397,13.992309
0.067627,-0.573242,0.000732,-13.488769,-44.197079,-86.34948,-0.127197,-0.470947,-0.578857,6.782531,-44.044491,29.96826
0.040039,-0.582275,-0.019287,-18.669128,-33.561707,-81.80999,0.077881,-0.812988,-0.900879,-14.160155,11.71112,-12.954711
0.01416,-0.577881,-0.04126,-22.308348,-25.917051,-76.751709,0.062012,-0.769775,-0.898926,-13.290404,9.048462,-7.957458
0.006836,-0.562256,-0.071045,-24.978636,-22.262571,-72.021484,0.062256,-0.749268,-0.913818,-13.153075,7.278442,-3.982544
0.005371,-0.549072,-0.111572,-25.794981,-21.240232,-66.757202,0.07251,-0.773682,-0.918457,-15.594481,10.757445,-1.075745
-0.015381,-0.532227,-0.13916,-26.176451,-21.194456,-60.661312,0.111084,-0.828613,-0.942139,-19.119263,19.332886,-0.495911
-0.047852,-0.546143,-0.175781,-26.977537,-22.552488,-54.962154,0.156982,-0.862549,-0.986572,-22.697447,28.022764,-0.38147
-0.084473,-0.561523,-0.237793,-29.197691,-26.206968,-50.47607,0.172852,-0.848633,-1.026123,-27.389524,34.248352,1.693725
-0.114502,-0.567871,-0.32251,-34.90448,-30.662535,-47.042843,0.161621,-0.81543,-1.034668,-29.006956,37.315369,3.585815
0.054199,-0.580078,0.015381,5.41687,-68.946838,-95.207207,0.138916,-0.793457,-1.023682,-25.80261,37.269592,5.1651
-0.119629,-1.058594,0.18042,144.798279,-107.536308,-194.282516,-0.026611,-0.643799,-0.869873,1.846313,13.488769,15.762328
-0.112305,-0.544189,-0.37793,-43.357845,-34.599304,-43.510433,0.116211,-0.799805,-1.027344,-20.683287,34.751892,6.935119
-0.124512,-1.171143,0.145996,165.702805,-105.36956,-195.968613,0.060303,-0.842285,-0.936279,-3.39508,26.535032,8.659363
-0.820801,-1.251953,0.391846,150.230408,-230.827316,-6.813049,0.000977,-0.852295,-0.958252,1.930237,24.734495,7.690429
-0.648193,-1.262207,0.522705,165.206894,-236.32048,-14.923095,-0.038086,-0.725342,-1.00415,-0.900268,17.982483,11.505126
-0.54541,-1.333984,0.509521,173.980698,-228.576645,-25.955198,-0.071045,-0.612061,-0.996338,-5.92041,8.857727,14.511107
-0.552734,-1.429688,0.450928,182.853683,-210.166916,-38.085938,-0.051758,-0.603027,-0.959229,-7.453918,3.730774,14.739989
-0.611328,-1.48291,0.449219,197.196945,-192.741379,-51.750179,-0.029297,-0.634521,-0.936768,-6.584167,1.914978,13.259887
-0.628662,-1.538574,0.490723,218.582138,-192.543015,-63.537594,-0.011963,-0.655029,-0.918213,-5.279541,2.662658,12.298583
-0.119629,-1.13208,0.165283,155.967712,-106.224052,-196.823105,0.004883,-0.655273,-0.912354,-4.463196,4.776001,12.794494
-0.48291,-1.645752,0.435791,249.992355,-192.375168,-105.033867,0.00415,-0.65918,-0.90332,-2.716064,7.324218,13.328551
-0.362061,-1.582275,0.388916,249.992355,-163.642868,-122.642509,-0.007324,-0.668701,-0.891113,0.366211,9.048462,13.275146
-0.350586,-1.495605,0.37085,245.254501,-121.330254,-127.685539,0.098145,-0.816406,-0.998291,-12.825011,30.517576,8.392334
-0.347412,-1.470215,0.395264,247.924789,-88.684074,-134.788513,-0.125,-0.484863,-0.56665,8.117676,-66.238403,26.878355
-0.591064,-1.613525,0.496826,242.729172,-199.447617,-79.536438,0.105713,-0.795166,-0.929688,-13.771056,11.573791,-16.235352
-0.370117,-1.4646,0.358398,249.992355,-51.689144,-165.122971,-0.041504,-0.29248,-0.699219,-15.533446,-77.87323,30.204771
-0.372803,-1.46582,0.296631,249.885544,-43.05267,-179.382309,0.0271,-0.742676,-0.253174,-79.345703,-48.156734,-48.576351
-0.410156,-1.516113,0.232178,249.992355,-40.809628,-190.780624,-0.007813,-0.795166,-0.177002,-82.321159,-43.121334,-52.856441
-0.431152,-1.516846,0.187744,249.992355,-43.266293,-197.280869,-0.035156,-0.867432,-0.116943,-83.564751,-41.763302,-57.518002
-0.376953,-1.445801,0.177246,245.65123,-49.133297,-201.652512,-0.036377,-0.919678,-0.097168,-85.983269,-40.809628,-62.95013
-0.294434,-1.328857,0.164307,231.65892,-57.594296,-203.659042,-0.003662,-0.958496,-0.110352,-89.912407,-39.527893,-67.680359
-0.258545,-1.267334,0.109375,214.561447,-67.466736,-203.475937,0.000488,-0.986816,-0.133789,-96.17614,-37.727356,-72.296143
-0.260498,-1.240723,0.073975,198.966965,-78.292847,-201.210007,-0.011719,-0.998535,-0.183838,-107.429497,-34.439087,-78.193665
-0.239258,-1.209229,0.092529,186.729416,-89.584343,-197.776779,0.004883,-1.008301,-0.212158,-119.949333,-28.480528,-84.541313
-0.173828,-1.183105,0.125732,175.979599,-100.006096,-195.091232,0.052979,-1.05542,-0.134033,-126.213066,-20.324705,-90.721123
-0.353027,-1.476807,0.373779,249.992355,-67.001343,-149.024963,0.091553,-1.13916,-0.02417,-135.2005,5.828857,-105.392448
-0.554199,-0.754395,-0.697021,1.991272,-15.1062,-5.447387,0.038086,-0.730469,-0.30542,-70.503235,-57.121273,-44.738766
-0.589355,-0.722656,-0.731201,-9.597778,-5.653381,-8.590698,0.075684,-1.19165,-0.022461,-139.259338,16.38031,-110.778801
-0.583984,-0.655518,-0.723389,-18.730164,8.537292,-11.734008,0.002686,-1.244873,-0.05957,-146.186829,12.001037,-115.097038
-0.567871,-0.585693,-0.736084,-24.772642,23.185728,-14.335631,-0.06665,-1.226563,-0.074707,-151.96228,-0.495911,-115.684502
-0.626221,-0.801758,-0.725098,8.338928,1.991272,-16.00647,-0.097412,-1.235596,-0.035645,-152.488708,-19.676208,-116.851799
-0.506104,-0.585205,-0.790283,-18.806458,30.494688,-10.475158,-0.064697,-1.280518,0.033203,-150.596619,-45.06683,-116.165154
-0.512451,-0.66748,-0.783936,-6.011962,21.64459,-8.522034,-0.036133,-1.340088,0.061768,-148.635864,-71.289063,-113.502495
-0.560303,-0.755371,-0.76123,4.638672,10.330199,-10.963439,-0.002197,-1.398193,0.04541,-144.65332,-94.589226,-112.258904
-0.535156,-0.550293,-0.77124,-25.825499,31.47888,-13.71765,0.037598,-1.442627,0.024414,-139.678955,-113.647453,-112.068169
-0.500977,-0.730713,-0.663818,10.505675,-18.997192,-2.63977,0.080322,-1.467285,-0.011719,-137.680054,-126.876823,-111.92321
-0.523438,-0.784912,-0.584473,15.213012,25.840757,-19.706726,0.122803,-1.478271,-0.033936,-137.924194,-137.611389,-111.427299
-0.489258,-0.614258,-0.706787,6.179809,-12.542724,-4.745483,-0.071289,-0.411865,-0.628662,-0.50354,-78.865051,24.284361
-0.514404,-0.596191,-0.762451,-0.747681,-6.91986,-7.476806,0.042236,-1.242432,-0.026123,-141.220093,18.318176,-113.853447
-0.536377,-0.601318,-0.806885,-7.537841,-0.679016,-8.491516,-0.005615,-0.735352,-0.298096,-57.746883,-66.65802,-40.847775
-0.55249,-0.639893,-0.809326,-12.054442,8.239746,-9.44519,0.087402,-1.10498,-0.046875,-130.073547,-8.506775,-98.266594
-0.526855,-0.673828,-0.755615,-12.168883,19.439697,-9.895325,-0.121582,-0.692871,-0.218262,-40.977474,-73.249817,-32.051086
-0.495361,-0.68335,-0.712402,-11.688231,29.533384,-9.895325,-0.082275,-0.722656,-0.248535,-46.760555,-73.020935,-36.254883
-0.514648,-0.695313,-0.719971,-11.634826,36.16333,-11.810302,-0.055908,-0.29834,-0.629395,-21.812437,-66.741943,30.822752
-0.565674,-0.729492,-0.696533,-8.44574,37.223816,-14.709472,-0.055908,-0.351318,-0.57251,-17.219543,-66.986084,25.657652
-0.5979,-0.771973,-0.645996,-1.464844,34.057617,-16.586304,-0.026367,-0.451172,-0.469482,-18.2724,-71.113586,24.215696
-0.584229,-0.790283,-0.618896,6.027221,29.655455,-18.318176,-0.02124,-0.579834,-0.352051,-13.84735,-77.980042,20.721434
-0.682373,-0.793945,-0.693604,5.516052,0.686645,-22.674559,-0.049072,-0.643311,-0.307861,-7.957458,-85.983269,15.396117
-0.4729,-0.670654,-0.676758,11.276244,-17.082214,-2.365112,-0.051514,-0.599854,-0.33374,-7.362365,-94.848625,12.268065
-0.69165,-0.769043,-0.692383,-0.38147,7.362365,-27.626036,-0.040771,-0.502197,-0.379883,-13.832091,-101.08947,10.391234
-0.680664,-0.922607,-0.666992,11.909484,-51.391598,-1.403808,-0.038574,-0.399902,-0.45459,-22.369383,-102.752678,6.790161
-0.607422,-0.799072,-0.727783,-5.889892,16.845703,-21.278379,-0.066406,-0.316406,-0.49292,-28.884886,-99.388115,3.868103
-0.484863,-0.748047,-0.540771,24.276731,24.147032,-19.416809,-0.087646,-0.275879,-0.473877,-30.769346,-95.733635,2.807617
-0.403809,-0.962891,-0.902344,35.552979,-11.062621,-13.603209,-0.036377,-0.247314,-0.691162,-25.604246,-71.372986,34.835815
-0.460693,-0.990967,-0.867188,37.734985,-8.392334,-13.580321,-0.143799,-0.285645,-0.359619,-31.974791,-100.036613,-0.053406
-0.512451,-1.022217,-0.827393,40.138245,-15.075683,-10.765075,-0.083496,-0.558594,-0.229492,-41.526791,-65.887451,-29.045103
-0.553955,-1.040527,-0.793213,44.616695,-23.239134,-8.872986,-0.053467,-0.479004,-0.277832,-46.57745,-67.733765,-27.503965
-0.580078,-1.015869,-0.717773,50.170895,-26.06201,-7.392883,-0.042236,-0.402344,-0.333984,-52.711483,-74.783325,-23.063658
-0.538818,-0.969727,-0.682373,50.758358,-21.949766,-6.309509,-0.041992,-0.344238,-0.374756,-55.122372,-84.487907,-17.021179
-0.472168,-0.912354,-0.697754,45.112606,-11.375426,-7.026672,-0.116211,-0.265137,-0.416992,-30.990599,-95.771782,2.105713
-0.409668,-0.860107,-0.703613,35.797119,0.984192,-9.094238,-0.057617,-0.341309,-0.352539,-42.694088,-101.547234,-10.055541
-0.4021,-0.825439,-0.685547,26.840208,8.979797,-11.627196,-0.088623,-0.354492,-0.326172,-36.064148,-105.812065,-7.522583
-0.646729,-0.769531,-0.716064,-4.844666,15.716552,-26.008604,-0.129883,-0.328613,-0.318848,-33.27179,-104.568474,-3.730774
-0.481201,-0.814941,-0.668457,19.638062,8.666992,-15.197753,-0.04834,-0.323975,-0.37793,-50.720211,-93.643181,-12.435912
-0.661377,-0.866699,-0.675537,7.308959,-26.80969,-9.735107,-0.113037,-0.633057,-0.209229,-39.924622,-69.015503,-29.724119
-0.649658,-0.954346,-0.639893,23.056028,-67.497253,7.8125,0.196777,-0.870117,-0.25415,133.613586,26.496885,76.728821
-0.57373,-0.905029,-0.623047,28.694151,-69.641113,15.563964,0.205566,-1.053711,-0.158936,155.326843,47.317501,108.184807
-0.490479,-0.806152,-0.6521,23.048399,-61.614986,16.326904,0.239746,-0.841797,-0.202637,136.940002,25.840757,81.18438
-0.469238,-0.737549,-0.690674,13.793944,-47.760006,10.177611,0.225098,-0.815918,-0.165527,138.122559,25.794981,85.502617
-0.519287,-0.724609,-0.692383,5.905151,-32.775879,2.380371,0.205078,-0.830322,-0.148193,140.380859,23.208616,89.042656
-0.586914,-0.758789,-0.713135,0.175476,-19.638062,-5.91278,0.198975,-0.873535,-0.136963,144.386292,19.073486,93.444817
-0.623047,-0.801758,-0.766846,-2.89917,-8.773804,-13.938903,0.200195,-0.922363,-0.128418,148.101807,18.692017,98.045341
-0.629395,-0.831787,-0.777344,-3.875732,1.457214,-18.707275,0.228271,-0.956299,-0.146729,150.375366,23.590086,100.852959
-0.613037,-0.83252,-0.744385,-4.707336,10.787963,-19.470215,0.249756,-0.979248,-0.174316,151.229858,31.654356,102.691643
-0.591553,-0.825439,-0.660645,11.970519,-3.982544,-15.48767,0.238525,-1.009766,-0.176514,152.557373,40.458675,105.422966
-0.51001,-0.685059,-0.553467,27.015684,25.352476,-20.172117,0.114258,-1.088867,-0.096924,170.654282,30.532835,121.955864
-0.557373,-0.591309,-0.605957,21.286009,24.887083,-22.53723,0.113037,-1.070313,-0.063965,169.91423,42.327877,117.179863
-0.591064,-0.504395,-0.654297,9.94873,20.019531,-22.956846,0.106445,-1.072266,-0.072266,171.325668,35.766602,120.025627
-0.178223,-0.362793,-0.233887,-34.996033,111.244194,16.494751,0.141113,-0.89209,-0.294434,131.828308,39.131165,73.226929
-0.301758,-0.348145,-0.289795,-38.17749,129.234314,6.401062,0.130371,-1.112305,-0.12207,167.564377,29.380796,121.353142
-0.361328,-0.333252,-0.270508,-43.403622,130.691528,1.617432,0.141602,-1.14624,-0.142334,163.963303,33.561707,118.446342
-0.336426,-0.321533,-0.237305,-47.897335,123.039238,4.180908,0.133545,-1.159668,-0.142334,160.02655,41.496273,114.95208
-0.30957,-0.325439,-0.201172,-49.644466,117.767326,8.300781,0.106934,-1.150879,-0.126221,155.006409,52.459713,109.863274
-0.281738,-0.334717,-0.145508,-47.477718,115.211479,9.498596,0.064209,-1.131104,-0.099609,151.664734,65.643311,102.134697
-0.265625,-0.366211,-0.130127,-45.204159,115.661613,11.627196,0.023682,-1.093262,-0.085205,148.262024,78.712463,94.001762
-0.27832,-0.419922,-0.124023,-44.425961,119.461052,15.701293,-0.026123,-1.036133,-0.092041,140.106201,90.026848,86.791985
-0.303467,-0.467285,-0.125244,-45.036312,125.251762,19.393921,0.141846,-1.082764,-0.069092,166.351303,47.477718,114.334099
-0.324707,-0.499756,-0.105713,-46.104427,130.271912,23.765562,0.145996,-0.894531,-0.313477,130.783081,61.782833,73.783875
-0.131348,-0.351807,-0.172119,-37.261963,83.915703,24.185179,0.231201,-0.994629,-0.260498,98.922722,111.862175,50.041195
-0.310059,-0.536865,-0.079102,-47.431942,131.286621,25.840757,0.180908,-0.840332,-0.360107,129.013062,99.967949,63.2019
-0.272461,-0.646973,-0.066406,-49.087521,127.80761,34.0271,0.290527,-0.813232,-0.51123,-27.862547,-127.502434,-56.632992
-0.26416,-0.702393,-0.05957,-50.430294,126.564018,45.738216,0.31665,-0.801514,-0.557129,-16.998291,-113.632195,-44.837948
-0.233398,-0.752686,-0.043457,-48.316952,126.365654,55.725094,0.353027,-0.787354,-0.601318,-8.239746,-95.024101,-30.456541
-0.218506,-0.807861,0.020752,-39.756775,128.15094,61.401363,0.393799,-0.781982,-0.635254,-2.731323,-72.715759,-15.823363
-0.227539,-0.85376,0.088135,-29.861448,127.716057,65.803528,0.453125,-0.807861,-0.649902,1.457214,-49.079891,-2.113342
-0.264648,-0.881348,0.093018,-24.253843,123.107903,70.785522,0.513672,-0.857666,-0.642822,6.263732,-24.467466,9.368896
-0.290527,-0.901367,0.098877,-22.811888,113.395683,77.224731,0.551758,-0.926758,-0.61792,11.619567,2.037048,18.844604
-0.291748,-0.914063,0.110596,-21.873472,102.432243,83.938591,0.56665,-1.002686,-0.605713,15.556334,28.221128,26.412962
-0.257813,-0.947021,0.131836,-19.554138,95.352165,89.363091,0.57959,-1.075928,-0.605225,17.631531,52.856441,30.281065
-0.211914,-0.996338,0.156738,-14.175414,94.573967,94.108574,0.588135,-1.137939,-0.581055,18.65387,78.697205,32.218933
-0.280762,-0.588379,-0.072754,-48.362728,129.844666,27.343748,0.574219,-1.20166,-0.545654,19.332886,105.888359,33.721924
-0.237061,-0.327881,-0.181641,-43.312069,55.183407,27.709959,0.547607,-1.280273,-0.496582,22.300718,131.408691,35.591125
-0.173828,-1.003174,0.155518,-10.772704,97.915642,98.388664,0.497803,-1.343262,-0.402588,30.189512,152.816772,36.155701
-0.513916,-0.388184,-0.292236,-34.667969,31.784056,24.314878,0.439453,-1.379639,-0.345215,40.756222,168.334946,33.699036
-0.603271,-0.466553,-0.680908,-1.838684,12.847899,-20.675657,-0.098389,-0.986816,-0.123779,125.564568,97.541801,80.657951
-0.595703,-0.508545,-0.678955,-8.44574,5.325317,-17.379761,0.316162,-1.270264,-0.419678,53.619381,168.220505,33.065796
-0.562988,-0.592529,-0.634277,-5.447387,0.190735,-14.686584,0.296631,-1.175049,-0.419922,53.062435,155.220032,35.644531
-0.504395,-0.64624,-0.518066,6.16455,-1.609802,-12.428283,0.291748,-1.106201,-0.371826,56.732174,144.378662,38.360596
-0.470947,-0.616699,-0.439209,14.137267,-3.028869,-8.407593,0.23999,-1.04834,-0.323975,64.13269,132.507324,41.435238
-0.494141,-0.490234,-0.50415,5.012512,-6.210327,-1.174927,0.230713,-1.022949,-0.280762,77.735901,120.414726,43.434139
-0.403564,-0.324463,-0.260742,-46.142574,35.072327,28.060911,0.231445,-1.000977,-0.255859,93.093864,113.471977,46.020504
-0.465332,-0.359863,-0.618408,-36.323547,-12.573241,10.223388,0.277588,-1.050293,-0.257568,111.022942,117.629997,50.689693
-0.403809,-0.466309,-0.580566,-35.987854,-5.493164,11.253356,0.235596,-0.966797,-0.293701,128.913879,115.875237,52.528378
-0.328613,-0.587158,-0.477295,-15.678405,14.572143,8.918762,0.173584,-0.840576,-0.342041,128.356934,81.230156,72.479248
-0.234863,-0.636719,-0.349365,14.053344,47.546383,5.599975,0.385498,-1.361084,-0.375244,49.995419,174.58342,31.929014
-0.507568,-0.359619,-0.599365,-18.005371,-10.467528,6.088256,0.171631,-1.081543,-0.111572,160.591125,49.507137,111.000053
-0.36792,-0.376465,-0.387939,21.133421,114.868156,1.953125,-0.146729,-0.84082,-0.118652,82.542412,102.142326,56.495663
-0.466797,-0.189941,-0.453857,-10.498046,125.686638,3.334045,-0.147461,-0.817139,-1.03418,8.476257,4.348755,-12.481688
-0.48291,-0.055176,-0.547852,-50.964352,114.379875,1.296997,-0.048096,-0.853027,-1.01416,11.718749,-4.798889,-14.877318
-0.477051,-0.068359,-0.554443,-75.790405,94.543449,1.00708,0.096924,-0.869873,-0.998047,16.639709,-7.102966,-20.278929
-0.422607,-0.153809,-0.448486,-76.820374,81.199638,3.974914,0.156982,-0.885986,-0.999023,23.262022,-4.188538,-25.604246
-0.37085,-0.317627,-0.330078,-65.330505,75.767517,5.607605,0.092773,-0.885986,-1.009033,31.265257,-0.724792,-27.397154
-0.340576,-0.520508,-0.224121,-42.198177,73.242188,3.944397,-0.016113,-0.829346,-1.037109,34.01947,-0.350952,-21.362303
-0.37085,-0.640625,-0.135742,-13.542174,68.443298,2.113342,-0.067139,-0.74585,-1.039063,29.769896,-3.250122,-11.650084
-0.439209,-0.620117,-0.134033,-1.411438,57.78503,5.737304,-0.053223,-0.721436,-0.988037,24.467466,-10.353087,-6.141662
-0.503418,-0.509277,-0.220215,-13.481139,42.388912,15.823363,-0.022461,-0.780762,-0.949463,22.071836,-21.362303,-7.30133
-0.24585,-0.547363,-0.316162,31.646727,85.388176,2.02179,0.018066,-0.867676,-0.920654,20.111082,-30.807493,-10.398864
-0.465332,-1.029541,-0.228516,175.08696,-60.333248,-77.598572,-0.160645,-0.804932,-1.074463,8.979797,16.830444,-16.174316
-0.505127,-1.073486,-0.166748,173.439011,-85.319511,-57.006832,0.076904,-0.903564,-0.937744,17.799377,-34.01947,-12.039184
-0.591309,-1.126465,-0.106934,161.018356,-105.781548,-40.153503,0.104492,-0.880371,-1.026611,9.32312,-17.76123,-18.562317
-0.671875,-1.163818,-0.073242,141.00647,-117.309563,-22.018431,0.037109,-0.834229,-1.023926,6.29425,-13.061522,-17.01355
-0.902344,-1.425781,-0.116943,70.640564,-77.850342,25.115965,-0.025146,-0.785645,-0.957764,8.392334,-14.022826,-14.427184
-0.815674,-1.235352,-0.116699,106.697075,-115.478508,5.439758,-0.010254,-0.765381,-0.861816,14.47296,-17.623901,-14.404296
-0.849365,-1.335205,-0.146729,97.679131,-106.117241,14.160155,0.035889,-0.802734,-0.800049,19.859314,-18.974304,-15.769958
-0.873291,-1.408936,-0.130859,86.685173,-93.414299,20.286558,0.065674,-0.847656,-0.839355,19.683838,-14.297484,-16.166687
-0.74707,-1.175537,-0.073975,120.643608,-120.017998,-5.981445,0.092529,-0.812744,-0.960449,10.757445,-5.91278,-14.549254
-0.526855,-0.990967,-0.23291,169.937119,-38.627625,-100.45623,0.103271,-0.735107,-1.030273,-3.463745,3.280639,-14.244079
-0.354248,-0.989014,0.203857,73.204041,62.019344,-216.094955,0.117432,-0.744629,-0.995117,-11.009215,8.285522,-16.265869
-0.673828,-1.029297,-0.176758,179.138168,-19.393921,-125.045769,-0.18335,-0.895752,-0.1604,95.79467,102.912895,64.63623
-0.570801,-0.975586,-0.179688,174.232468,-11.383056,-147.163391,0.117676,-0.900391,-0.984131,14.015197,-27.458189,-15.60974
-0.522217,-0.919189,-0.189941,151.908875,6.713867,-157.318115,-0.133057,-0.849854,-1.078613,10.238647,26.084898,-23.643492
-0.536865,-0.929443,-0.123047,136.169434,25.512693,-159.996033,-0.164795,-0.94873,-0.162354,109.466545,101.356499,73.265076
-0.519287,-0.920166,-0.072998,124.374382,37.338257,-171.516403,-0.072021,-0.925293,-0.992676,3.074646,14.259337,-26.298521
-0.45874,-0.888916,-0.005127,110.992424,44.906612,-184.295639,-0.090332,-0.914795,-1.040039,8.453369,25.253294,-27.633665
-0.393555,-0.895752,0.098389,102.439873,53.237911,-191.520676,-0.146484,-0.776611,-0.06958,60.203548,93.620293,45.471188
-0.372314,-0.902832,0.169678,97.351067,59.822079,-197.677597,-0.173584,-0.768799,-0.072266,51.567074,90.209953,40.306087
-0.362549,-0.93457,0.186035,90.309135,61.599728,-204.399094,-0.206299,-0.768311,-0.109131,42.358395,87.501518,34.667969
-0.351318,-0.973633,0.186035,82.672112,62.69836,-210.426315,-0.249512,-0.773682,-0.166504,32.867432,83.854668,28.419493
-0.939209,-1.405762,-0.122314,52.970882,-60.630795,29.418943,-0.286377,-0.770264,-0.214844,23.231504,78.353882,22.28546
-0.641113,-1.004883,-0.193359,170.80687,-25.238035,-114.341728,-0.325439,-0.748535,-0.251465,14.47296,72.616577,16.983032
-0.9375,-1.367676,-0.11792,36.6745,-43.113705,34.210205,-0.365479,-0.743896,-0.287109,6.355285,65.818787,13.427733
-0.414307,-0.918701,0.155273,-24.337767,121.276848,113.746635,-0.382813,-0.753418,-0.328857,-2.723694,55.625912,10.673522
-0.853271,-1.235596,-0.025879,13.908385,-5.615234,46.501156,-0.38916,-0.763672,-0.370117,-9.674072,44.578548,7.484436
-0.379883,-1.015137,0.235596,63.438412,56.495663,-220.916733,-0.344727,-0.782227,-0.382324,-12.428283,34.446716,3.608703
-0.328613,-1.466553,0.543701,-114.997856,146.980286,69.534302,-0.128906,-0.801758,-0.091064,70.251465,98.426811,50.514217
-0.36084,-1.486084,0.544678,-109.390251,155.479431,70.007324,-0.277832,-0.8396,-0.472168,-14.671325,15.655517,-3.677368
-0.392334,-1.506836,0.537598,-99.616997,160.743698,68.80188,-0.279785,-0.862061,-0.547607,-14.411925,8.163452,-8.331299
-0.405273,-1.513184,0.508057,-84.625237,164.665207,70.808411,-0.270752,-0.869629,-0.634277,-12.878417,4.112244,-13.526916
-0.369629,-1.4729,0.484863,-70.518494,169.799789,76.042175,-0.256104,-0.881836,-0.717041,-9.384155,4.020691,-18.356323
-0.36499,-1.409668,0.437988,-60.150143,178.398117,85.708611,-0.239014,-0.890381,-0.779053,-5.851745,5.073547,-21.759031
-0.389404,-1.330811,0.376465,-51.422115,182.350143,94.108574,-0.248535,-0.882813,-0.841309,-5.004883,5.142211,-23.468016
-0.423584,-1.245117,0.324707,-42.518612,177.680954,99.983208,-0.251709,-0.852051,-0.916748,-5.233764,1.487732,-23.15521
-0.431396,-1.174072,0.288086,-33.805847,168.113693,104.904167,-0.22168,-0.802246,-0.957764,-7.5531,-5.523681,-21.316526
-0.898438,-1.30542,-0.085205,23.826597,-24.978636,40.626522,-0.19458,-0.782715,-0.981689,-9.994507,-10.749816,-21.263121
-0.405518,-1.101563,0.269775,-27.511595,156.326294,110.046379,-0.128906,-0.814697,-0.972412,-8.171082,-10.108947,-22.293089
-0.395752,-0.970215,0.196533,-23.109434,132.736206,113.265984,-0.07959,-0.875488,-0.958984,-3.517151,-0.495911,-23.612974
-0.425537,-0.876953,0.101318,-27.809141,111.984245,115.364067,-0.288574,-0.805664,-0.408447,-13.954162,24.749754,0.221252
-0.453369,-0.86084,0.08667,-30.509947,104.446404,112.892143,-0.164063,-0.400635,-0.299072,-10.627746,9.269714,68.092346
-0.462646,-0.86377,0.080322,-31.913755,95.657341,105.232231,-0.155273,-0.362793,-0.333984,-13.999938,10.330199,71.44165
-0.444336,-0.881348,0.037354,-34.263611,91.522209,96.740715,-0.140625,-0.308594,-0.38623,-20.362852,5.584716,76.034546
-0.471436,-0.92627,0.047852,-32.440186,87.181084,88.48571,0.008545,-0.816895,-0.26123,8.789063,-0.75531,94.337456
-0.564453,-0.99585,0.049561,-27.038572,78.262329,79.536438,-0.062256,-0.381348,-0.397461,-14.595031,-6.637573,81.390373
-0.678467,-1.066162,0.053467,-17.50946,64.575195,67.520142,-0.010742,-0.544678,-0.333984,2.197266,-8.56781,81.207268
-0.753174,-1.106201,0.05835,-4.943848,41.389462,55.625912,0.015869,-0.702637,-0.262207,10.734557,-7.4234,84.381096
-0.799072,-1.151611,0.030273,3.89862,14.47296,51.132198,0.009277,-0.811035,-0.245117,13.656615,-3.990173,92.315666
-0.381592,-1.029297,0.228516,-24.520872,144.599915,112.831108,-0.111084,-0.298584,-0.41626,-23.399351,-1.220703,79.841614
-0.389404,-1.07666,0.288086,60.256954,46.06628,-224.960312,-0.183594,-0.404785,-0.292725,-7.80487,1.014709,65.864563
-0.309082,-1.460938,0.571289,-119.194023,134.513855,70.075989,-0.239014,-0.575195,-0.418457,6.881713,-77.812195,43.251034
-0.32373,-1.134277,0.374268,68.260193,22.346495,-225.822433,-0.237305,-0.432129,-0.282715,-2.601623,-24.917601,63.659664
-0.072754,-1.092285,-0.19751,-68.412781,-139.183044,-34.881592,-0.260742,-0.483398,-0.344727,-0.869751,-38.337708,59.623714
-0.081543,-1.106201,-0.281006,-57.060238,-126.388542,-31.570433,-0.249756,-0.514404,-0.393311,1.327515,-53.428646,55.007931
-0.081299,-1.107422,-0.372559,-46.95129,-114.44854,-29.228209,-0.228271,-0.54126,-0.401123,3.280639,-67.726135,49.957272
-0.083008,-1.095459,-0.478516,-39.535522,-102.020256,-30.166624,-0.240234,-0.613037,-0.44043,11.611938,-84.152214,35.720825
-0.096191,-1.065674,-0.588623,-34.240723,-90.034477,-29.541014,-0.242432,-0.642334,-0.455078,15.350341,-87.371819,30.540464
-0.114502,-1.027588,-0.700684,-31.959532,-77.575684,-30.84564,-0.274902,-0.669189,-0.466553,17.448425,-92.52166,27.06909
-0.158936,-0.994141,-0.802979,-30.4718,-67.054749,-31.425474,-0.301025,-0.695068,-0.480713,17.799377,-101.249687,22.682188
-0.234131,-0.987305,-0.880127,-27.290342,-58.647152,-32.821655,-0.287842,-0.717041,-0.491699,14.297484,-109.741203,16.059875
-0.307373,-0.998291,-0.92627,-21.430967,-53.184505,-35.469055,0.015137,-0.699951,-0.329102,-1.190186,-1.663208,92.964165
-0.35791,-1.023682,-0.963867,-13.938903,-50.567623,-36.6745,-0.255615,-0.730469,-0.498291,8.331299,-114.82238,8.430481
-0.06665,-1.03833,-0.108643,-81.573479,-152.305603,-38.703918,-0.210693,-0.40332,-0.285645,-4.249573,-11.589049,65.116882
-0.386475,-1.049805,-1.001465,-7.446289,-48.675533,-35.346985,0.012695,-0.550781,-0.451904,-7.003784,-6.744384,94.139091
-0.376465,-1.047852,-1.084229,-2.220154,-42.831417,-31.501768,0.090332,-0.990723,-0.643066,12.245177,50.354,53.38287
-0.367432,-1.006348,-1.099121,-0.289917,-38.17749,-29.556273,0.006104,-0.603271,-0.598877,-1.609802,-7.904052,93.536369
-0.379639,-0.985596,-1.10498,3.227234,-36.872864,-26.634214,-0.219971,-0.742676,-0.493164,4.333496,-117.828362,0.671387
-0.43042,-0.987061,-1.091553,10.040282,-39.649963,-23.590086,-0.123779,-0.852051,-0.812988,-9.078979,67.550659,36.094666
-0.490234,-0.971436,-1.033936,17.776489,-43.601986,-20.759581,-0.059082,-0.856201,-0.802002,-10.139464,61.851498,36.987305
-0.496826,-0.960449,-0.963135,22.819517,-47.737118,-15.640258,0.006104,-0.901367,-0.750977,-10.078429,58.319088,38.093567
-0.445313,-0.989014,-0.915283,26.893614,-48.545834,-11.245727,0.083496,-0.977295,-0.696045,-8.354187,58.830257,40.321346
-0.398438,-1.019043,-0.870117,32.615662,-42.442318,-9.788513,0.132568,-1.062012,-0.668945,-4.730225,62.187191,41.336056
-0.381104,-0.997559,-0.866211,36.102295,-31.799314,-10.711669,0.119873,-1.085938,-0.685547,-2.037048,66.329956,41.91589
-0.37915,-0.95874,-0.894287,35.247803,-20.523069,-11.863708,0.085693,-1.032715,-0.710449,-1.716614,68.313599,42.442318
-0.38916,-1.065918,-1.047119,-3.890991,-46.401974,-33.226013,0.045654,-0.941895,-0.716064,-0.984192,67.405701,44.56329
-0.04248,-1.012207,-0.049805,-93.360893,-164.421066,-47.004696,0.019775,-0.863525,-0.688477,0.709534,63.606258,47.828671
-0.361328,-1.121094,0.346436,64.529419,33.821106,-226.661667,0.011475,-0.52002,-0.540771,-4.79126,-9.765625,92.987053
-0.029053,-0.945557,0.003906,-109.870903,-184.104904,-60.462948,0.026367,-0.842773,-0.652588,4.737854,58.364864,49.47662
-0.307861,-1.143066,0.363281,70.930481,11.83319,-224.678024,0.059814,-0.914307,-0.635986,8.628845,50.720211,54.031368
-0.309326,-1.160156,0.351563,75.050354,1.487732,-224.372849,0.123047,-1.023438,-0.650879,12.428283,50.621029,51.887508
-0.312988,-1.190918,0.35376,79.76532,-9.849548,-223.861679,0.105225,-0.98291,-0.669434,8.026123,50.811764,53.535458
-0.315674,-1.228027,0.355713,84.19799,-23.193357,-222.145065,0.050781,-0.886719,-0.671387,4.592896,47.851559,58.334347
-0.310059,-1.255127,0.341064,86.997978,-37.719727,-219.520554,0.026367,-0.781738,-0.618896,4.371643,37.635803,64.842224
-0.293457,-1.245361,0.323975,85.411064,-52.543636,-215.15654,0.015137,-0.732178,-0.529053,6.027221,22.590635,72.502136
-0.012451,-0.982178,-0.018799,-104.255669,-175.285324,-54.573055,-0.004883,-0.778809,-0.44458,10.765075,8.575439,78.140259
-0.239746,-1.19458,0.269043,66.200256,-84.281914,-203.636154,0.002441,-0.876953,-0.418701,17.204285,0.030518,78.094482
-0.218262,-1.162598,0.25293,55.763241,-101.669304,-197.608932,0.017334,-0.891602,-0.47583,17.051697,-2.822876,81.405632
-0.19458,-1.133789,0.234131,44.357296,-119.98748,-191.322311,0.008301,-0.751465,-0.577881,6.820678,-5.004883,90.660088
-0.177979,-1.104736,0.219482,29.541014,-139.358521,-183.1436,0.047363,-0.859131,-0.640869,7.522583,53.352352,51.582333
-0.268311,-1.223145,0.299805,77.224731,-67.962646,-209.60997,-0.127197,-0.901855,-0.772705,-5.325317,69.648743,30.624388
-0.16333,-1.000732,0.207031,-5.805969,-173.583969,-163.345322,-0.172363,-0.776123,-0.469482,0.144958,-121.810905,-15.975951
-0.172852,-0.958252,0.21582,-25.55847,-186.080917,-153.846741,-0.167236,-0.801514,-0.484375,-2.708435,-122.558586,-25.062559
-0.181152,-0.920898,0.224121,-46.684261,-195.770248,-142.974854,0.182373,-1.239014,0.101563,-110.099785,-46.768185,-117.34771
-0.184082,-0.900635,0.239014,-65.559387,-202.415451,-131.072998,0.196777,-1.26001,0.102783,-108.787529,-54.328915,-110.801689
-0.171631,-0.911621,0.288086,-79.26178,-205.20018,-120.300285,0.215576,-1.293945,0.092041,-108.116142,-59.623714,-105.216972
-0.143066,-0.947266,0.313965,-88.302605,-205.017075,-109.90905,0.246826,-1.344971,0.062744,-107.13195,-61.080929,-100.891106
-0.107422,-0.981201,0.278809,-94.711296,-203.590378,-99.708549,0.272461,-1.391357,0.0354,-106.071465,-59.410091,-97.160332
-0.077637,-0.982178,0.20459,-100.013725,-201.576218,-88.897697,0.272217,-1.425293,0.009033,-105.323784,-59.753414,-93.170158
-0.073242,-0.955811,0.121582,-105.552666,-197.746262,-77.323914,0.247314,-1.424805,-0.020508,-105.590813,-66.452026,-88.005058
-0.062256,-0.953125,0.057861,-109.085075,-191.520676,-67.810059,0.238037,-1.421631,-0.035156,-106.201164,-76.911926,-84.136955
-0.168457,-1.055176,0.209961,12.435912,-157.806396,-173.0728,0.24292,-1.430908,-0.042236,-105.62896,-86.311333,-83.213799
-0.171875,-0.663818,-0.306396,-62.278744,-5.500793,84.403984,0.292725,-1.445068,-0.058105,-105.514519,-87.623589,-80.512993
-0.17627,-0.638428,-0.316406,-65.635681,-4.562378,89.103691,0.178955,-1.213135,0.097168,-111.244194,-38.223267,-124.183647
-0.146484,-0.574463,-0.355957,-68.336487,3.555298,86.814873,0.302734,-1.455566,-0.069092,-105.606071,-82.672112,-78.353882
-0.121582,-0.523193,-0.402832,-67.230225,18.318176,80.558769,0.243408,-1.411377,-0.127441,-102.584831,-95.306389,-81.390373
-0.040283,-0.62915,-0.432129,-20.988462,82.534782,24.322508,0.253418,-1.345703,-0.190674,-100.990288,-98.373405,-81.344597
-0.095703,-0.496094,-0.407959,-57.685848,57.273861,65.02533,0.238281,-1.280029,-0.226074,-99.060051,-100.761406,-82.283012
-0.080322,-0.546631,-0.40332,-46.653744,70.747375,56.388851,0.227539,-1.220459,-0.210938,-93.803398,-106.018059,-83.175652
-0.074707,-0.615479,-0.420166,-33.447266,80.360405,43.685909,0.217773,-1.158936,-0.208008,-84.70916,-113.8153,-84.281914
-0.111084,-0.498047,-0.420898,-63.682552,38.345337,72.990417,0.213379,-1.090332,-0.244629,-74.813843,-122.63488,-83.618156
-0.148926,-0.634033,-0.338135,-64.01825,3.547668,74.813843,0.220947,-1.010254,-0.307617,-66.520691,-131.088257,-80.80291
-0.852783,-0.590576,-0.119629,-93.635551,225.189194,-169.731125,0.224365,-0.942627,-0.374268,-58.311459,-137.428284,-77.232361
-0.217041,-0.587402,-0.501465,-80.581657,34.919739,47.752377,0.247559,-0.883545,-0.435059,-48.942562,-139.068604,-72.58606
-0.34668,-0.675049,-0.437744,-76.721191,50.582882,27.595518,0.276123,-0.835449,-0.473389,-38.94043,-136.09314,-66.001892
-0.504395,-0.79834,-0.255615,-53.489681,72.32666,-1.441955,0.239746,-1.452393,-0.081055,-104.385368,-86.929314,-80.589287
-0.555664,-0.898193,-0.164307,-13.96942,107.833855,-44.380184,0.178955,-1.192139,0.0896,-110.877983,-29.418943,-130.683899
-0.468262,-0.81665,-0.192139,21.957396,159.507751,-96.565239,-0.188721,-0.75293,-0.476318,2.410889,-120.292656,-7.484436
-0.413574,-0.591064,-0.301514,24.307249,220.802292,-133.018494,0.16748,-1.152588,0.105957,-104.515068,-14.060973,-142.448425
-0.443115,-0.384766,-0.445068,-9.017944,249.694809,-151.641846,-0.166748,-0.814209,-0.499023,-5.622863,-123.733513,-34.034729
-0.502441,-0.258301,-0.573975,-60.012814,249.351486,-160.957321,-0.162842,-0.80957,-0.507813,-9.277344,-127.79998,-41.999813
-0.588867,-0.225098,-0.582764,-104.99572,249.992355,-168.90715,-0.157959,-0.795654,-0.501953,-14.549254,-136.398315,-49.316402
-0.748779,-0.416016,-0.356689,-113.670341,249.992355,-173.797592,-0.138672,-0.787354,-0.466797,-20.545958,-147.979736,-57.609554
-0.023682,-0.605225,-0.456543,-9.651184,82.855217,7.629394,-0.090088,-0.801025,-0.412842,-23.109434,-157.699585,-68.161011
-0.156494,-0.577881,-0.422119,-72.669983,19.020081,62.843319,-0.019043,-0.821045,-0.372314,-21.705626,-159.561157,-78.834534
-0.022949,-0.555664,-0.56665,-6.04248,78.956604,-4.974365,0.171387,-1.177979,0.093018,-108.856194,-21.194456,-136.795044
-0.06958,-0.989258,-0.923828,32.028198,-29.510496,-50.209042,0.053467,-0.874756,-0.348877,-16.372681,-136.695862,-98.976128
-0.056396,-0.627441,-0.667725,1.296997,56.65588,-21.690367,0.031738,-0.925293,-0.333984,-13.305663,-119.705193,-109.870903
-0.753906,-0.570313,-0.012695,-72.998047,150.131226,-146.629333,0.008545,-0.978516,-0.275391,-8.911133,-104.61425,-120.49865
-0.088135,-1.015869,-0.804688,7.339477,-71.762085,-56.961056,0.001465,-0.977539,-0.237305,-8.903503,-93.963615,-130.271912
-0.088867,-0.963623,-0.872314,-2.182007,-68.641663,-52.841183,0.037354,-0.84668,-0.350342,-18.951416,-151.763916,-88.653557
-0.094727,-0.966553,-0.943604,-6.515502,-66.757202,-49.736019,0.013428,-0.997314,-0.22876,-23.925779,-77.537537,-144.813538
-0.092773,-0.969482,-0.998291,-5.859375,-64.964294,-48.171993,0.087646,-1.04248,-0.15332,-26.870726,-66.513062,-150.70343
-0.085693,-0.990967,-1.003174,-1.670837,-64.079285,-49.644466,0.166992,-1.090332,-0.049072,-32.577515,-52.986141,-153.671265
-0.071289,-1.059326,-0.945801,8.110046,-64.666748,-52.780148,0.200439,-1.096924,-0.001221,-41.53442,-37.689209,-156.829834
-0.065674,-1.12793,-0.90332,19.607544,-64.834595,-54.145809,0.210693,-1.054688,-0.013672,-53.771969,-23.41461,-158.592224
-0.093994,-1.13208,-0.929443,27.633665,-63.392635,-55.213924,0.209473,-1.007813,-0.01001,-68.260193,-12.46643,-157.173157
-0.135498,-1.031738,-0.974365,30.84564,-60.478207,-57.609554,0.198975,-1.00415,0.035645,-79.368591,-5.577087,-155.502319
-0.044678,-0.549561,-0.634521,-2.76947,68.191528,-15.007018,0.178467,-1.041016,0.091064,-85.906975,-2.433777,-154.800415
-0.150391,-0.888916,-0.987061,29.899595,-54.985043,-58.944698,0.168945,-1.088379,0.115967,-92.01049,-3.089905,-153.076172
-0.061523,-0.906494,-0.937744,30.372618,-41.625973,-54.595943,0.170166,-1.125488,0.111084,-98.220818,-7.575988,-148.536682
-0.102051,-0.995605,-0.970215,28.282164,-17.700195,-47.58453,-0.003906,-0.967041,-0.244873,-17.166138,-86.036674,-138.008118
-0.126465,-0.928467,-0.966553,20.866392,-12.489318,-46.043392,-0.403076,-1.282715,-0.075439,185.829147,-115.547173,47.554012
-0.137207,-0.852295,-0.921143,11.665343,-13.153075,-44.540401,-0.372314,-1.186035,-0.145752,184.165939,-103.828423,45.028683
-0.123779,-0.813232,-0.834717,5.0354,-14.701842,-43.624874,-0.328125,-1.093018,-0.202637,183.418259,-90.370171,41.755672
-0.070557,-0.862061,-0.724854,7.133483,-11.985778,-44.410702,-0.269043,-1.014404,-0.23584,182.327255,-74.737549,38.047791
-0.001709,-0.925781,-0.623047,13.679503,-3.631592,-44.288631,-0.25293,-0.777344,-0.397949,163.780197,-2.914428,32.897949
0.001465,-0.971924,-0.613281,14.556884,12.145995,-41.625973,-0.161133,-0.928467,-0.258057,179.87822,-42.984005,32.714844
-0.04834,-0.911621,-0.656738,10.711669,31.219481,-36.682129,-0.172607,-0.880371,-0.283936,176.292404,-28.335569,31.181334
-0.062988,-0.768799,-0.675537,5.500793,45.898434,-29.159544,-0.229248,-0.825439,-0.321289,171.089157,-14.564513,31.822203
-0.111572,-0.837158,-0.968994,28.244017,-49.270626,-58.341976,-0.203613,-0.968506,-0.245605,181.755051,-58.593746,35.27832
-0.540283,-0.498047,-0.034424,-62.637325,90.850822,-117.179863,-0.362061,-1.339111,-0.00415,188.041672,-128.242493,50.529476
-0.099121,-1.062012,-0.727539,14.915465,-76.60675,-61.973568,-0.456299,-1.17334,-0.327637,117.309563,-75.874329,74.165344
-0.255859,-0.450684,-0.218018,-55.816647,53.009029,-88.256828,-0.285889,-1.268066,-0.027832,178.771957,-147.895813,51.948544
-0.157471,-1.013184,0.334229,21.812437,30.548094,151.870728,-0.233887,-1.218262,-0.103516,168.769821,-155.761719,55.198666
-0.168701,-1.00293,0.391113,15.266418,29.060362,155.548096,-0.251465,-1.20459,-0.117676,162.86467,-163.124069,61.393734
-0.15918,-1.028564,0.401611,9.69696,25.001524,160.53772,-0.278564,-1.227051,-0.081543,156.433105,-165.840134,67.260742
-0.148682,-1.062012,0.40625,5.050659,21.202085,165.687546,-0.271484,-1.284668,-0.050537,151.71814,-160.858139,67.596436
-0.158203,-1.086182,0.410889,0.106812,18.821716,169.677719,-0.289063,-1.375732,-0.033203,152.458191,-148.635864,64.331055
-0.172119,-1.091309,0.4021,-5.15747,17.181396,172.050461,-0.318359,-1.40625,-0.056885,152.259827,-134.994507,64.369202
-0.180664,-1.083496,0.388916,-13.290404,16.12854,173.82811,-0.36499,-1.345947,-0.137939,144.889832,-123.886101,70.854187
-0.184326,-1.068604,0.370117,-26.145933,17.097473,175.384506,-0.457764,-1.251709,-0.236816,135.452271,-110.092155,75.668335
-0.185547,-1.078369,0.355957,-39.390564,19.538879,174.560532,-0.499023,-1.184082,-0.329102,126.258842,-92.994682,75.866699
-0.178955,-1.098389,0.351074,-50.674435,21.072386,171.493515,-0.198486,-0.73291,-0.48291,156.448364,5.638122,31.997679
-0.130371,-1.006104,0.251465,27.19116,27.938841,149.002075,-0.330078,-1.329102,0.015381,186.500534,-139.862061,51.628109
-0.173584,-1.108154,0.359375,-61.798092,22.178648,167.26683,-0.108154,-0.705078,-0.520752,150.466919,9.590149,29.525755
-0.162109,-1.101074,0.378174,-88.455193,27.488707,156.951904,-0.69165,-0.611816,-0.015625,14.060973,-94.596855,-51.155087
-0.143555,-1.090088,0.38501,-105.62133,33.065796,149.536133,0.025879,-0.678711,-0.525635,137.229919,0.061035,24.459837
-0.138916,-1.111572,0.40332,-122.322075,41.862484,139.976501,-0.334229,-1.174561,-0.273438,109.588615,-57.800289,71.929932
-0.138184,-1.160889,0.436523,-135.368347,52.970882,129.104614,-0.114258,-1.025879,0.185791,-49.179073,139.793396,-32.119751
-0.156494,-1.232666,0.486084,-142.883301,64.39209,116.874687,-0.127197,-0.973877,0.149658,-44.860836,153.121948,-38.238525
-0.209961,-1.331299,0.5354,-143.417358,75.050354,104.179375,-0.169189,-0.929199,0.103516,-43.121334,153.663635,-44.906612
-0.261963,-1.406738,0.57251,-139.610291,84.686272,91.88842,-0.276367,-0.875488,0.049072,-43.098446,136.634827,-49.537655
-0.277588,-1.456787,0.58252,-132.858276,92.849724,82.710258,-0.406738,-0.779053,0.001221,-46.180721,106.170647,-52.055355
-0.284668,-1.474365,0.569824,-126.693718,103.660576,76.560974,-0.447021,-0.67334,-0.015625,-53.062435,70.121765,-57.762142
-0.29834,-1.47583,0.57959,-122.566216,118.873589,72.715759,-0.419678,-0.617188,-0.029053,-58.387753,35.469055,-65.834045
-0.175781,-1.112061,0.374023,-73.867798,24.185179,162.666306,-0.419678,-0.620117,-0.048096,-55.068966,6.637573,-67.649841
-0.103271,-0.952637,0.169434,32.974243,20.439146,144.424438,-0.478271,-0.65625,-0.042969,-43.060299,-16.746521,-64.468384
-0.346436,-0.46582,-0.125732,-57.777401,59.196468,-99.266045,-0.024902,-0.689453,-0.537354,144.073486,7.133483,27.404783
-0.155518,-0.800537,0.122559,42.404171,1.876831,121.894829,-0.562256,-0.671143,-0.025635,-28.884886,-37.67395,-63.903805
-0.216553,-0.43042,-0.275146,-57.273861,58.471676,-80.085754,-0.695801,-0.620117,-0.006348,-1.312256,-79.528809,-58.113094
-0.21875,-0.443115,-0.337646,-58.891293,65.765381,-74.813843,-0.553467,-0.643799,-0.03125,33.187866,-99.876396,-45.272823
-0.251221,-0.486084,-0.401123,-53.947445,72.555542,-73.326111,-0.315918,-0.68457,-0.084717,54.038998,-93.383781,-39.44397
-0.278564,-0.525146,-0.441162,-44.174191,79.414368,-73.226929,-0.138916,-0.685303,-0.196045,71.388245,-79.25415,-30.84564
-0.297363,-0.566162,-0.46875,-33.584595,87.516777,-70.877075,-0.062988,-0.655762,-0.318848,83.793633,-65.727234,-19.584656
-0.311035,-0.604248,-0.47998,-23.651121,97.427361,-66.619873,-0.049561,-0.624512,-0.418945,92.77343,-54.031368,-7.568359
-0.108887,-0.870117,0.145996,40.855404,10.81848,133.857727,-0.043945,-0.618652,-0.501465,99.143974,-42.274471,2.082825
-0.358398,-0.709229,-0.473877,-6.591796,117.904655,-54.031368,-0.02124,-0.649414,-0.555908,108.879082,-30.662535,9.284973
-0.397461,-0.75415,-0.498291,-0.587463,122.665398,-46.287533,0.003418,-0.676025,-0.545898,121.734612,-19.615173,15.129088
-0.425049,-0.758301,-0.553955,0.274658,121.269218,-37.857056,0.034424,-0.673096,-0.51709,130.92804,-9.475708,19.721985
-0.449463,-0.781738,-0.572754,0.389099,114.57061,-25.863646,-0.644043,-0.649658,-0.006348,-15.304564,-58.700558,-63.385006
-0.32666,-0.652832,-0.475098,-14.625548,108.352654,-61.210629,-0.182129,-1.164795,-0.249023,100.357048,-39.367676,68.847656
-0.460938,-0.953857,-0.365723,54.977413,93.826286,3.982544,-0.119873,-1.178223,-0.243164,93.048088,-22.567747,64.163208
-0.472656,-0.927246,-0.291504,96.05407,86.555473,14.831542,-0.162598,-1.200439,-0.226807,90.606682,-10.345458,59.638973
-0.470459,-0.7771,-0.328125,115.028374,81.207268,25.0473,-0.02124,-0.97168,-0.785889,-3.944397,12.527465,45.852657
-0.485352,-0.624023,-0.455566,106.094353,77.796936,41.778561,-0.014648,-0.985107,-0.798096,-6.439209,12.145995,46.997066
-0.499756,-0.501221,-0.630127,73.120117,70.617676,63.186642,-0.008789,-1.007568,-0.800293,-7.827758,16.693115,45.997616
-0.517822,-0.411621,-0.697266,31.669615,53.779598,83.633415,-0.008789,-1.036377,-0.788086,-7.797241,23.864744,44.441219
-0.506104,-0.362305,-0.576416,4.66156,32.38678,99.632256,-0.018066,-1.040039,-0.782959,-9.33075,29.327391,43.342587
-0.461914,-0.416992,-0.330322,-0.328064,14.678954,108.863823,-0.024902,-1.001709,-0.799072,-13.946532,30.6015,43.464657
-0.375,-0.548584,-0.108643,13.000487,2.151489,111.556999,-0.045654,-0.95459,-0.842773,-18.341064,30.227659,44.372555
-0.248291,-0.696533,0.042236,30.868528,-2.655029,114.830009,-0.060791,-0.926514,-0.897949,-20.89691,28.930662,46.379086
-0.453857,-0.877197,-0.502686,16.975403,104.11834,-10.57434,-0.062988,-0.937988,-0.924561,-23.185728,28.945921,47.599789
-0.572021,-0.526611,-0.078369,26.168821,-91.293327,-4.402161,-0.042969,-0.972412,-0.957764,-25.039671,34.423828,46.836849
-0.540771,-0.514404,-0.054932,32.13501,-81.352226,-0.816345,-0.02832,-0.995361,-0.740723,-0.205994,17.097473,42.892452
-0.443604,-0.560303,-0.001953,46.70715,-74.996948,-0.396728,-0.015625,-0.974854,-0.981201,-27.435301,46.295162,44.845577
-0.375732,-0.588135,0.046143,60.775753,-76.263428,-1.274109,-0.009033,-0.924072,-0.95459,-21.339415,77.972412,33.370972
-0.353516,-0.375732,0.115723,17.318726,-86.196892,49.72076,-0.077637,-0.891846,-0.90625,-15.380858,87.715141,29.052732
-0.449463,-0.556152,-0.039795,32.577515,-92.117302,27.381895,-0.154053,-0.858398,-0.871582,-12.107848,88.386528,28.770445
-0.459229,-0.487061,-0.059814,10.406493,-93.322746,43.914791,-0.22168,-0.865723,-0.889893,-12.794494,82.725517,28.671263
-0.414063,-0.407959,-0.020264,4.463196,-90.12603,50.926205,-0.229004,-0.916504,-0.940186,-13.97705,75.073242,26.222227
-0.393066,-0.583496,0.013428,55.786129,-84.640495,8.056641,-0.17627,-0.958252,-0.97168,-14.373778,68.80188,23.422239
-0.54126,-0.602539,-0.067627,30.883787,-98.266594,-10.032654,-0.117188,-0.973877,-0.986816,-15.815734,65.483093,20.545958
0.009277,-1.652344,0.532227,199.859604,-179.008469,-42.427059,-0.071045,-0.976563,-0.943604,-18.196106,63.621517,18.638611
-0.511963,-0.796631,0.070068,70.846558,-113.616936,-31.059263,-0.048828,-0.989746,-0.872803,-17.89856,64.002991,19.187927
-0.525146,-0.851318,0.158936,95.405571,-131.072998,-40.969845,-0.01416,-0.987061,-0.805176,-13.000487,66.28418,18.630981
-0.546875,-0.873535,0.176025,113.471977,-157.707214,-45.494076,0.004395,-0.950928,-0.983643,-26.870726,62.301632,40.077209
-0.582275,-0.868652,0.125732,122.528069,-187.202438,-45.783993,-0.026367,-1.033447,-0.670654,4.905701,23.406981,39.382935
-0.556152,-0.852539,0.113281,122.940056,-209.808334,-44.296261,-0.052246,-0.966309,-0.763916,-6.41632,68.344116,21.301268
-0.470703,-0.855957,0.100098,117.126457,-219.352707,-40.847775,0.029785,-1.060547,-0.635986,6.843566,32.615662,37.261963
-0.387451,-0.918701,0.112305,114.723198,-214.111313,-33.52356,-0.270264,-1.185059,-0.229492,90.560905,-3.707886,56.114193
-0.304932,-1.034668,0.166016,119.331352,-204.353317,-28.297422,-0.39917,-1.137451,-0.266357,90.118401,-2.937317,54.534908
-0.21875,-1.198242,0.229004,130.989075,-196.792587,-28.442381,-0.526367,-1.097168,-0.331299,86.746208,-5.958557,56.396481
-0.138428,-1.424072,0.350586,156.669617,-188.621506,-32.180786,-0.572021,-1.062012,-0.385986,81.039421,-10.879516,57.777401
-0.327148,-0.403564,0.191406,47.683712,-83.95385,45.875546,-0.55127,-1.039795,-0.441406,74.417114,-13.519286,57.678219
-0.509766,-0.708252,-0.013184,46.82159,-103.782646,-19.462585,-0.489502,-1.032227,-0.482422,67.779541,-10.231017,54.573055
-0.31543,-0.507813,0.148926,75.363159,-82.633965,40.237423,0.005127,-1.053711,-0.624756,7.904052,29.251097,37.376404
0.231689,-0.719482,0.720947,74.531555,80.375664,45.379635,-0.227539,-1.052979,-0.361572,61.386105,-0.892639,45.295712
-0.296387,-0.709229,0.074463,63.598629,-54.435726,37.284851,-0.234619,-1.087158,-0.348633,58.807369,1.617432,44.540401
0.097168,-1.805664,0.679443,241.172775,-170.761093,-54.89349,-0.269287,-1.053467,-0.392578,53.833004,3.280639,44.227596
-0.008545,-0.621094,0.467529,-98.739616,127.113335,0.663757,-0.252686,-0.994629,-0.442139,46.241756,5.233764,44.55566
0.074463,-0.651611,0.448242,-95.649712,136.955261,-6.256103,-0.347168,-1.02832,-0.455078,63.652035,-4.829407,48.568722
0.098145,-0.689941,0.45874,-89.49279,141.349792,-12.21466,-0.215576,-1.016846,-0.51001,38.116455,12.5885,41.580196
0.09082,-0.741455,0.492676,-79.986572,134.376526,-11.405944,-0.18335,-1.054443,-0.519531,34.561157,18.196106,37.200928
0.139404,-0.822754,0.55249,-64.781189,120.567314,-1.991272,-0.153564,-1.026367,-0.53418,26.19171,21.827696,34.538269
0.229004,-0.895996,0.565918,-47.477718,110.359184,7.469177,-0.111084,-0.956299,-0.534912,17.730713,21.446226,33.622742
0.320801,-0.925537,0.578125,-35.27832,106.986992,11.093139,-0.098877,-0.907959,-0.558594,11.901855,17.532349,34.622192
0.386475,-0.956787,0.612061,-19.271851,106.971733,10.757445,-0.126465,-0.909912,-0.599365,8.247375,13.740539,36.804199
0.376221,-0.97998,0.655273,5.950927,105.224602,13.778686,-0.120117,-0.971924,-0.634521,6.278991,13.504027,37.67395
-0.313721,-0.643555,0.091064,79.89502,-73.21167,34.690857,-0.097168,-1.05249,-0.674805,5.363464,18.608093,36.4151
0.371094,-0.960205,0.671387,30.570982,99.044792,22.575377,-0.044189,-1.094482,-0.709961,4.699707,26.519773,35.171509
0.366211,-0.810791,0.704102,70.465088,85.800163,45.410152,0.02002,-1.080078,-0.689453,5.355834,31.799314,36.071777
0.116455,-0.679688,0.634521,75.561523,72.135925,47.927853,-0.232178,-0.976074,-0.488525,40.40527,7.942199,44.479366
0.059326,-0.694092,0.542725,76.812744,60.096737,56.90765,0.419189,0.074219,-0.255127,-49.499508,-162.467941,-249.992355
0.056641,-0.752441,0.463623,85.876457,46.211239,56.571957,0.307617,0.174072,-0.262451,-54.977413,-147.003174,-249.992355
0.069336,-0.806641,0.365234,99.395744,36.78894,39.764404,0.196289,0.252686,-0.190918,-49.697872,-111.602776,-249.992355
-0.023926,-0.786865,0.295898,104.553215,29.380796,24.147032,0.119385,0.297363,-0.223877,-31.806944,-68.115234,-249.992355
-0.19043,-0.652344,0.293457,90.805046,19.584656,28.747557,0.102295,0.189941,-0.425293,53.749081,-14.900207,-248.176559
-0.284912,-0.532471,0.341064,60.104366,3.700256,43.113705,0.254395,0.221924,-0.444336,9.765625,-0.892639,-249.992355
-0.290771,-0.561279,0.311523,35.316467,-15.045165,49.438473,0.182617,0.173096,-0.461914,26.535032,12.748717,-249.992355
-0.282471,-0.659668,0.149658,41.40472,-33.813477,45.555111,0.092285,0.16626,-0.414307,41.397091,3.097534,-248.741135
0.399414,-0.905518,0.674805,53.62701,91.423027,35.522461,0.169189,0.276855,-0.339111,-9.521484,-29.20532,-249.992355
-0.105469,-0.621094,0.517822,-97.122185,121.688835,6.767272,0.562012,-0.022949,-0.188232,-41.572567,-160.072327,-249.992355
0.012695,-1.790283,0.708008,249.877914,-165.138229,-59.967037,0.530029,-0.905518,-0.215088,-136.810303,-28.373716,-249.992355
-0.104736,-1.503174,0.424316,246.215805,-151.123047,-44.601437,0.692383,-0.181885,-0.190674,-37.483215,-148.529053,-249.992355
-0.037842,-1.118652,0.031494,76.133728,-87.059013,-77.171326,0.591553,-0.240479,-0.220947,-39.649963,-140.274048,-249.992355
-0.048584,-1.105957,0.020508,60.340878,-83.129875,-72.044373,0.570557,-0.300781,-0.272949,-44.570919,-136.497498,-249.992355
-0.065674,-1.041016,0.019043,44.754025,-76.538086,-65.437317,0.564209,-0.353516,-0.308838,-55.252071,-132.102966,-249.992355
-0.059326,-0.999023,-0.019531,34.255981,-69.839478,-65.689087,0.673096,-0.373291,-0.321777,-77.423096,-123.710625,-249.992355
-0.05127,-1.013672,-0.065674,26.168821,-64.552307,-68.382263,0.766602,-0.412354,-0.341064,-101.654045,-108.757011,-249.992355
-0.068359,-1.066162,-0.075684,23.178099,-61.897274,-72.792053,0.731689,-0.49707,-0.361328,-113.174431,-84.342949,-249.992355
-0.106934,-1.144043,-0.086426,26.237486,-62.522884,-78.636169,0.650879,-0.601807,-0.337646,-115.70739,-56.083675,-249.992355
-0.156982,-1.195313,-0.144775,27.877806,-66.421509,-82.160942,0.585938,-0.693115,-0.284424,-120.323174,-34.362793,-249.992355
-0.202881,-1.188232,-0.232666,23.41461,-74.958801,-79.528809,0.52832,-0.786133,-0.242188,-129.943848,-24.391172,-249.992355
-0.220215,-1.04834,-0.373779,11.131286,-94.65789,-68.359375,0.124756,0.169434,-0.445068,64.880371,-27.725218,-249.992355
-0.025391,-1.073242,0.060303,85.723869,-86.265556,-73.34137,0.721436,-0.102539,-0.170654,-38.253784,-154.342651,-249.992355
-0.152832,-1.02124,-0.362305,15.747069,-95.550529,-66.307068,0.102783,0.148926,-0.404053,70.831299,-36.491394,-248.962387
0.006104,-0.995605,-0.380859,28.480528,-69.755554,-69.168091,-0.325928,-0.094238,-0.878906,96.519463,-50.765987,-129.592896
-0.013184,-1.003174,-0.454102,24.55139,-53.985592,-73.104858,-0.015625,0.138428,-0.536621,85.044853,-32.653809,-230.65184
-0.046387,-1.04834,-0.525635,18.508911,-44.067379,-78.025818,0.593994,-0.992188,-0.165039,-138.420105,-37.956238,-249.992355
-0.097412,-1.10498,-0.605713,16.799927,-39.390564,-83.908073,0.130371,0.640625,-1.10791,-4.005432,-62.919613,-34.820557
-0.155518,-1.07959,-0.653564,14.144897,-40.145874,-85.83831,0.346191,0.66626,-1.124268,-14.144897,-80.665581,-45.364376
-0.205566,-1.008301,-0.704834,5.523681,-45.82214,-81.43615,0.686035,0.730957,-1.125244,-32.165527,-77.178955,-52.787777
-0.231201,-0.983398,-0.759766,-1.174927,-56.114193,-76.416016,0.501953,0.67627,-1.099854,-38.963318,-74.417114,-44.586178
-0.209717,-1.021484,-0.764893,2.960205,-68.870544,-72.593689,0.271484,0.601318,-1.090088,-34.286499,-90.301506,-45.494076
-0.147705,-1.064209,-0.71875,13.038634,-76.99585,-67.405701,0.371582,0.437744,-1.126953,-25.588987,-96.618645,-45.0592
-0.093262,-1.64624,0.581055,249.992355,-159.645081,-55.557247,0.4646,0.216309,-1.239014,-9.544373,-64.941406,-40.27557
-0.050049,-1.00415,-0.336426,24.92523,-86.265556,-66.200256,0.22583,0.09668,-1.372314,6.080627,-7.80487,-31.898497
0.05127,-1.063477,0.089844,96.80175,-82.031242,-71.380615,0.040283,0.040527,-1.422852,9.391785,35.552979,-28.251646
-0.23291,-1.113037,-0.317139,16.052246,-86.242668,-73.432922,0.05127,0.155273,-0.433105,77.156067,-37.345886,-241.065964
0.136475,-1.20459,0.067139,131.507874,-74.012756,-78.369141,-0.228027,-0.004883,-1.473145,7.949829,50.621029,-46.470638
0.121338,-1.137207,0.075195,114.852898,-76.60675,-75.828552,-0.090088,-0.120361,-0.751221,60.882565,-12.733459,-150.787354
0.115723,-1.585938,0.457031,216.728195,-108.451836,-37.231445,-0.375244,0.113037,-0.590088,90.591423,-21.347044,-134.941101
0.131104,-1.759766,0.565918,219.276413,-83.389275,-42.640682,0.010986,0.1521,-0.726074,88.85955,17.822266,-157.058716
0.17334,-1.909424,0.676025,233.482346,-68.710327,-56.90765,0.052734,0.178955,-0.801758,91.552727,37.757874,-182.914719
0.241699,-1.92749,0.73291,248.641953,-59.242245,-70.480347,-0.19751,0.205078,-0.735596,94.16198,25.81024,-204.765305
0.312744,-1.80542,0.640381,249.603256,-47.386166,-75.843811,-0.443359,0.199707,-0.756592,90.866081,-9.69696,-213.706955
0.405029,-1.703125,0.496826,237.052902,-27.252195,-78.041077,-0.402832,0.187012,-0.840576,90.057365,-48.110958,-212.699875
0.500732,-1.675293,0.422119,226.715073,-5.317688,-81.825249,-0.185791,0.160645,-0.844482,92.910759,-66.53595,-207.923874
0.486572,-1.687256,0.425537,223.937973,13.557433,-87.882988,-0.047852,0.123779,-0.824951,93.009941,-57.731625,-208.290085
0.336426,-1.720947,0.452148,226.585373,28.289793,-93.0252,-0.029785,0.118896,-0.701904,89.820854,-39.131165,-218.009933
0.250977,-1.743164,0.442627,236.297592,32.852173,-95.031731,-0.391602,-0.058838,-1.119141,20.042419,40.06958,-110.229485
0.01709,-1.473145,0.386719,227.584824,-134.262085,-37.467957,0.658691,-1.057617,-0.143555,-137.435913,-43.685909,-249.992355
0.291748,-1.674561,0.343262,249.877914,27.648924,-100.944511,0.137939,0.691895,-1.037598,1.716614,-26.718138,-42.610165
0.255371,-1.737549,0.40332,247.66539,31.211851,-96.847527,0.689453,-1.203857,-0.171875,-132.957458,-45.677181,-249.992355
0.051514,-1.236084,0.086182,156.562805,-61.424252,-80.284119,0.216064,-1.203125,-0.242432,-103.927605,54.145809,-91.308586
0.066895,-1.268799,0.071289,168.037399,-46.241756,-83.686821,0.149658,-1.079346,-0.223389,-100.059502,58.746334,-87.7304
0.118652,-1.310303,0.051025,184.951767,-31.112669,-88.073723,0.056641,-1.008057,-0.153564,-95.199577,57.868954,-82.420341
0.13208,-1.359619,0.056641,207.405075,-14.22119,-95.367424,-0.008301,-1.008789,-0.05957,-80.79528,51.185604,-79.185486
0.099854,-1.210693,0.083496,144.897461,-71.708679,-77.987671,-0.06543,-1.019287,-0.045898,-62.82806,42.572018,-77.865601
0.262207,-1.43335,0.201172,242.286667,11.413573,-100.746147,-0.08252,-1.013916,-0.0979,-46.768185,34.843445,-79.238892
0.339111,-1.502686,0.262451,249.992355,17.448425,-100.921623,-0.080322,-0.964355,-0.170654,-34.698486,27.839659,-81.001274
0.340576,-1.592041,0.310303,249.992355,21.514891,-101.21917,-0.112793,-0.851074,-0.283447,-35.110474,21.507261,-78.521729
0.170654,-1.394531,0.128174,228.25621,0.747681,-99.395744,-0.164307,-0.726074,-0.36377,-45.524593,18.188477,-75.820923
-0.60376,0.313721,-0.268555,231.765732,-98.56414,175.727829,-0.203613,-0.657715,-0.328857,-53.901669,16.487122,-72.341919
-0.33667,0.342285,-0.580811,240.943893,-12.649535,83.564751,0.239014,-1.320801,-0.247314,-111.030571,47.019955,-90.820305
-0.625488,0.252197,-0.595459,249.923691,-22.041319,93.284599,-0.253906,-0.660645,-0.195801,-56.770321,16.25061,-65.620422
-0.608154,0.279541,-0.723877,249.93132,-41.938778,105.789177,-0.38623,-0.78833,0.028809,-64.300537,10.620116,-48.370358
-0.445068,0.327881,-0.769531,249.992355,-54.13818,118.873589,-0.413574,-0.863525,0.101074,-68.031311,1.113892,-39.077759
-0.307129,0.349854,-0.663086,247.627243,-59.463497,131.958008,-0.403809,-0.950195,0.170654,-69.747925,-6.744384,-30.3421
-0.39917,0.325439,-0.504639,237.823471,-61.996456,138.458252,-0.354736,-1.052002,0.227783,-68.099976,-8.079529,-23.338316
-0.53833,0.099854,-1.117432,201.126083,-42.449947,123.428337,-0.272949,-1.140625,0.260498,-63.796993,1.167297,-18.386841
-0.532227,0.283936,-0.36377,237.609848,-77.445984,150.07019,-0.191162,-1.173828,0.249023,-61.035152,21.247862,-16.456604
-0.627197,0.268311,-0.317871,238.258347,-94.871513,165.290817,-0.146729,-1.169189,0.191406,-60.600277,47.630306,-19.340515
-0.391357,0.394287,-0.180664,213.348373,-93.734734,181.89238,-0.141113,-1.153564,0.15625,-59.356686,74.562073,-22.819517
-0.539063,0.249512,0.147217,181.755051,-34.683228,210.670456,-0.137451,-1.125488,0.174072,-56.610104,99.57122,-25.451658
-0.302246,0.429932,-0.080078,164.039597,-69.953918,193.244919,-0.117676,-1.077148,0.201416,-53.619381,121.276848,-28.564451
-0.431641,0.373291,-0.043457,152.648926,-50.2243,198.188766,-0.328613,-0.710205,-0.066895,-60.165401,15.922545,-57.136532
-0.504639,0.285889,0.053467,162.162766,-39.161682,201.446518,0.235107,-1.388916,-0.255127,-120.658867,37.42981,-87.547295
-0.539551,0.260254,0.172363,185.684189,-29.594419,221.481308,0.697754,-1.125977,-0.158447,-135.467529,-45.608517,-249.992355
-0.489258,0.302246,0.02832,171.638474,-18.005371,216.903671,0.217529,-1.40918,-0.288818,-137.619019,16.418457,-92.452995
-0.466797,0.336914,-0.177246,138.877869,2.754211,215.133652,0.668945,-1.274902,-0.169678,-129.272461,-43.769833,-249.992355
-0.41333,0.381592,-0.177246,105.422966,19.676208,213.844284,0.684082,-1.320068,-0.150879,-125.175468,-39.352417,-249.992355
-0.405029,0.41748,-0.052979,81.237785,32.341003,217.658981,0.694336,-1.327393,-0.129395,-121.337883,-32.852173,-249.992355
-0.561523,0.39917,0.006592,63.949581,44.494625,229.248032,0.647705,-1.335938,-0.125,-116.928093,-26.023863,-249.992355
-1.076416,-0.435547,-1.605957,147.460938,-102.890007,138.48877,0.593262,-1.351074,-0.152344,-112.55645,-18.119812,-249.992355
-0.238281,0.436279,-0.119385,187.393173,-86.540215,186.54631,0.563965,-1.355713,-0.203613,-110.725395,-8.537292,-249.992355
-1.173584,-0.477295,-1.652344,81.550591,-120.582573,86.441032,0.231445,-1.406982,-0.262939,-129.577637,25.901793,-86.570732
-0.650879,0.341797,0.038818,51.445004,59.440609,238.639816,0.535156,-1.345703,-0.282227,-112.884514,16.845703,-249.992355
-0.883057,0.301758,-1.641846,-32.913208,2.235413,30.563353,0.536377,-1.310791,-0.280273,-114.356987,30.044554,-249.992355
-0.726563,0.537842,-1.286133,-13.435363,60.279842,32.318115,0.531982,-1.253906,-0.23877,-115.753166,43.144222,-249.93895
-0.971924,0.428955,-1.338135,-16.571045,18.859863,30.09033,0.505615,-1.216553,-0.232178,-119.10247,58.303829,-249.992355
-1.094238,0.231689,-1.284912,3.089905,-54.176327,33.668518,0.537842,-1.356445,-0.245361,-110.977165,3.440857,-249.992355
-1.085449,0.188477,-1.050049,47.065731,-122.016899,49.766537,0.413574,-1.217285,-0.262939,-125.869743,89.569084,-247.581467
-0.910645,0.444092,-0.941162,71.891785,-141.693115,46.379086,0.455811,-1.21875,-0.242676,-122.215263,75.111389,-249.992355
-0.609619,0.597656,-0.965088,84.716789,-126.502983,32.409668,0.222168,-1.47876,-0.306641,-150.627136,15.907287,-117.439262
-0.413818,0.710693,-0.91748,90.324394,-85.525505,23.986814,0.288086,-1.504395,-0.288818,-155.441284,22.926329,-133.926392
-0.568848,0.780762,-0.907227,84.350578,-27.244566,14.968871,0.307373,-1.468018,-0.270752,-158.203125,29.663084,-148.773193
-0.949219,0.78833,-0.877197,77.545166,16.601563,31.547544,0.293701,-1.373779,-0.254883,-158.103943,36.941528,-160.957321
-0.969238,0.89209,-0.667236,78.857422,28.114317,39.352417,0.187744,-1.433105,-0.309814,-144.851685,12.451171,-103.218071
-1.076416,-0.156738,-1.745361,10.375976,-63.888546,35.873413,0.301025,-1.225586,-0.265869,-149.299622,70.350647,-193.98497
-0.895752,0.808838,-0.542969,98.739616,25.146482,12.413024,0.339355,-1.194824,-0.330566,-147.68219,90.423576,-211.761459
-0.68335,0.71167,-0.705078,99.876396,47.264095,-6.17218,0.362305,-1.202393,-0.366943,-143.89801,100.799553,-226.715073
-0.552734,0.867188,-0.671143,66.291809,69.496155,-31.303404,0.377686,-1.203857,-0.331299,-134.773254,98.754875,-238.784775
-0.595215,0.81543,-0.692627,40.458675,63.072201,-58.845516,0.274658,-1.28418,-0.248779,-153.846741,49.781796,-176.002487
-0.715088,0.761719,-0.67334,18.2724,43.159481,-58.074947,0.736572,-0.528564,0.361572,122.848503,113.090508,142.13562
-0.689209,0.716309,-0.556396,2.609253,30.303953,-45.631405,0.906982,-0.483643,0.013184,114.517204,140.869141,146.476746
-0.727051,0.680908,-0.470459,5.340576,39.657593,-1.182556,1.040771,-0.480469,-0.194092,95.596306,155.899048,145.019531
-0.653809,0.80957,-0.457275,4.547119,65.132141,31.913755,1.110596,-0.496582,-0.213135,71.144104,164.062485,146.209717
-0.503662,0.865234,-0.546387,-2.952575,72.639465,25.863646,1.098389,-0.528076,-0.190674,48.004147,168.266281,145.53833
-0.522705,0.765869,-0.853271,-20.568846,62.171932,11.802672,1.012451,-0.589111,-0.18042,32.936096,169.876083,143.135071
-0.624023,0.557861,-1.240479,-31.669615,38.993835,20.835875,0.914307,-0.627441,-0.172607,19.66095,169.868454,144.271851
-0.86499,0.628662,-0.659668,113.731377,28.823851,-2.89917,0.844727,-0.61499,-0.148193,5.119323,168.487534,151.397705
-0.552002,0.25293,0.080322,46.546932,71.128845,239.532455,0.83374,-0.598145,-0.086914,-4.745483,171.798691,157.951355
-0.408203,0.125244,0.087646,49.713131,86.395256,240.821823,0.8396,-0.591064,-0.010986,-7.17926,181.243881,160.758957
-0.310059,-0.009521,0.080566,52.581783,109.085075,248.390182,1.516846,-0.693359,0.136475,39.764404,249.954208,188.911423
-0.644775,-1.331055,0.635254,9.57489,-71.983337,249.992355,0.818848,-0.506836,0.037109,-4.798889,207.130417,167.800888
-0.73999,-1.313477,0.565918,-5.882263,-56.228634,249.992355,0.782715,-0.453857,-0.032715,-2.815246,215.576157,171.913132
-0.731201,-1.247314,0.47168,-38.925171,-30.22003,249.992355,0.72998,-0.404053,-0.175537,-3.921509,213.241562,175.033554
-0.619141,-1.168701,0.51123,-77.36969,3.967285,249.992355,0.679199,-0.383301,-0.314453,-6.523132,201.896652,179.428085
-0.557373,-1.138672,0.638672,-113.723747,41.702267,249.923691,0.746094,-0.370117,-0.388428,-10.269164,190.544113,181.76268
-0.567383,-1.227783,0.652832,-149.215698,75.798035,249.54985,0.908203,-0.373291,-0.416992,-11.688231,188.522324,182.937607
-0.525635,-1.348633,0.662842,-184.53215,98.533623,249.992355,1.072998,-0.374756,-0.386475,-13.076781,198.440536,187.423691
-0.458496,-1.4375,0.628174,-225.707993,117.553703,249.313339,1.215576,-0.426025,-0.299805,-10.688781,218.269333,194.74028
-0.347168,-1.570313,0.620361,-248.947128,138.031006,216.728195,1.266357,-0.51001,-0.193115,-4.66156,243.850693,198.875412
-0.310303,-1.702393,0.765869,-249.916061,144.897461,178.436264,1.379883,-0.605957,-0.051514,9.757996,249.992355,193.656906
-0.60083,-1.282715,0.641113,16.372681,-78.88031,249.992355,0.703857,-0.641846,0.501221,109.443657,74.676514,125.495903
-0.505371,-1.627686,0.955566,-249.992355,135.498047,155.784607,0.828125,-0.55542,0.044189,-6.92749,194.023117,163.536057
-0.681885,-1.320068,1.076904,-211.88353,88.554375,131.30188,0.943604,-0.737305,0.398438,75.454712,38.658142,95.79467
-0.662109,-1.193604,0.990723,-187.751755,67.230225,117.454521,0.851074,-0.694336,0.291504,-9.788513,-173.500046,23.445127
-0.577393,-1.074219,0.933838,-168.983444,53.466793,97.320549,1.377441,-0.658691,0.17627,34.088135,-7.629394,42.655941
-0.490479,-0.943604,0.884033,-158.51593,49.21722,76.576233,1.380127,-0.630615,0.114502,69.152832,249.992355,193.298325
-0.405518,-0.863037,0.835693,-153.85437,54.801937,61.584469,0.567627,-0.83667,0.232422,-34.309387,-89.630119,-20.202635
-0.33667,-0.825684,0.77832,-147.583008,65.292358,46.684261,0.555176,-0.86377,0.188232,-19.638062,-78.521729,-17.303467
-0.262695,-0.836914,0.706787,-134.666443,77.796936,31.913755,0.589355,-0.856201,0.089111,-17.341614,-71.510315,-19.836426
-0.188965,-0.846191,0.635254,-117.988579,91.041557,20.13397,0.632568,-0.861816,0.030029,-23.643492,-66.375732,-25.451658
-0.141846,-0.809082,0.585449,-103.378288,103.85894,12.420653,0.723145,-0.883057,0.082764,-27.458189,-62.385555,-30.303953
-0.115723,-0.737793,0.569092,-96.946709,113.609306,13.198852,0.7854,-0.876465,0.172852,-25.817869,-57.418819,-27.374266
-0.640869,-1.44873,1.094971,-242.279037,113.18969,141.952515,0.768799,-0.86792,0.231934,-20.500181,-50.086971,-18.39447
-0.623047,-1.27832,0.664795,30.151365,-76.164246,249.992355,0.669678,-0.887207,0.259766,-12.046813,-50.178524,-11.611938
-0.115967,-0.668213,0.548584,-95.329277,119.338982,11.970519,0.551025,-0.849854,0.251221,-10.253905,-68.252563,-3.868103
-0.80249,-1.327148,0.739014,45.005795,-33.958435,249.992355,1.266846,-0.720459,0.251953,44.540401,11.749267,63.476559
-0.33667,-0.119873,0.040039,48.667904,136.741638,249.992355,0.526367,-0.762939,0.195801,-20.698545,-104.911797,2.685547
-0.511963,-0.198975,-0.006836,41.046139,161.994919,249.992355,0.710693,-0.76123,0.265381,-14.900207,-177.650436,12.985229
-0.65918,-0.236084,-0.002441,29.472349,169.15892,249.992355,0.931396,-0.645508,0.248535,-15.426635,-143.226624,26.275633
-0.700928,-0.255859,0.034668,13.46588,150.8255,249.992355,0.840332,-0.585938,0.218262,-18.035889,-109.138481,19.615173
-0.725342,-0.333984,0.090088,0.427246,117.965691,249.992355,0.783203,-0.54248,0.227051,-13.931273,-97.55706,19.332886
-0.729248,-0.483398,0.16748,-1.327515,87.036125,249.992355,0.729492,-0.543701,0.193115,-3.921509,-95.237724,24.032591
-0.691895,-1.305908,0.727295,42.053219,-61.805721,249.992355,0.679932,-0.549805,0.124512,7.064819,-90.400688,32.562256
-0.662842,-0.767578,0.258057,10.57434,57.510372,249.992355,0.686523,-0.584473,0.034424,16.815186,-80.940239,36.842346
-0.705322,-0.904053,0.295898,12.908935,70.045471,249.992355,0.739746,-0.625977,-0.04126,25.543211,-63.903805,35.362244
-0.739502,-1.034668,0.294189,6.42395,95.848076,249.992355,0.939941,-0.630127,-0.000732,32.00531,-42.381283,33.798218
-0.76123,-1.100586,0.340332,-2.853393,127.532951,249.992355,1.215576,-0.623535,0.112061,34.080505,-23.437498,35.064697
-0.671631,-0.626221,0.222656,3.952026,64.109802,249.992355,0.588623,-0.73999,0.223633,-26.603697,-148.269653,6.16455
-0.740967,-1.135742,0.518555,-7.072448,183.830246,249.992355,1.095459,-0.414307,-0.116943,74.165344,249.992355,208.061203
-0.76001,-1.196289,0.555176,-6.973266,195.11412,249.992355,0.666748,-0.772461,0.157959,-51.918026,-105.888359,-26.992796
-0.816406,-1.284912,0.62793,-1.708984,194.435104,249.992355,0.878906,-0.256348,-0.366699,31.951902,248.245224,227.172836
-0.832275,-1.362305,0.720215,7.629394,182.235703,249.992355,-0.497559,0.337646,-1.018311,26.405333,1.029968,21.095274
-0.854248,-1.412354,0.792969,19.897461,161.819443,249.992355,-0.552002,0.305908,-0.997559,36.201477,-13.153075,-4.310608
-0.897217,-1.444092,0.785645,31.440733,137.641907,249.992355,-0.544434,0.362549,-1.028564,38.574219,-28.388975,-26.977537
-0.93042,-1.462402,0.737061,38.116455,112.068169,249.992355,-0.526367,0.502441,-1.099854,28.900145,-40.390011,-35.28595
-0.93335,-1.438232,0.698486,39.451599,83.152763,249.992355,-0.523438,0.564453,-1.198975,12.260436,-51.094051,-34.77478
-0.968506,-1.403809,0.677979,40.695187,47.676083,249.992355,-0.431885,0.600342,-1.278076,-3.990173,-56.846615,-32.585144
-0.925537,-1.365234,0.702881,43.762203,4.402161,249.992355,-0.282959,0.565918,-1.291016,-16.799927,-52.673336,-31.524656
-0.77417,-1.116455,0.443115,-6.614685,160.186768,249.992355,-0.241211,0.584473,-1.296387,-24.436949,-53.75671,-36.010742
-0.002441,-0.502686,1.124023,28.373716,-21.614073,-23.605345,-0.291748,0.587158,-1.320068,-34.347534,-65.628052,-45.326229
-0.0354,-0.563477,1.071533,32.318115,-46.417233,-0.976562,-0.191162,0.439941,-1.304688,-35.78186,-66.970825,-56.045528
-0.124268,-0.585449,1.034912,26.260374,-55.221554,15.449523,-0.451172,0.372314,-1.006348,20.919798,4.91333,38.414001
-0.188232,-0.532959,1.043945,14.450072,-50.170895,29.006956,0.106445,0.353027,-1.256348,-30.838011,-41.252132,-52.482601
-0.15625,-0.437012,0.91626,18.913269,-1.441955,32.966614,0.050293,0.430908,-0.921387,20.919798,45.410152,-63.224789
-0.258057,-0.420166,1.068359,10.841369,-22.27783,47.393795,-0.118652,0.591797,-0.802002,33.39386,35.987854,-75.767517
-0.307129,-0.416504,0.978027,12.664794,-11.276244,50.765987,-0.226318,0.649414,-0.913574,32.226563,7.30133,-69.740295
-0.216309,-0.410889,0.917725,13.984679,-5.020141,39.375305,-0.174561,0.643799,-1.101563,24.940489,-22.727964,-56.831356
-0.19458,-0.44751,1.064941,8.087158,-38.406372,37.567139,-0.034668,0.623779,-1.168213,18.203735,-42.221066,-47.729488
-0.05835,-0.434326,1.106934,19.096375,5.058288,-48.004147,0.108643,0.582764,-1.195557,15.121459,-44.326778,-45.646664
-0.453369,-0.529053,0.878906,-50.315853,-32.852173,-231.872543,0.203613,0.606689,-1.121582,15.068053,-32.707214,-43.624874
-0.431641,-0.341309,0.951904,-12.580871,23.635862,-80.230713,0.236328,0.646973,-1.066895,12.130736,-12.512206,-42.785641
-0.535889,-0.338379,0.858398,-41.770931,1.00708,-106.033318,0.204346,0.633057,-1.112793,11.672973,-0.801086,-45.425411
-0.581299,-0.423584,0.780518,-66.017151,-37.979126,-129.013062,0.151855,0.677734,-1.053223,7.858276,-4.257202,-47.317501
-0.619141,-0.529053,0.751221,-83.267204,-74.905396,-126.861565,0.211426,0.311035,-1.158203,-8.453369,13.618468,-49.461361
-0.61499,-0.594971,0.851563,-82.130424,-102.821342,-127.92205,-0.446533,0.391846,-0.98877,20.355223,8.216858,49.591061
-0.550781,-0.603516,0.910156,-65.719604,-129.837036,-156.356812,0.928223,-0.259033,-0.31958,52.001949,248.023972,223.121628
-0.477295,-0.564453,0.874023,-54.016109,-144.172668,-196.060165,-0.369629,0.388428,-1.06543,31.188963,22.300718,66.757202
-0.368896,-0.568604,0.837402,-50.094601,-132.148743,-223.648056,0.893066,-0.248779,-0.308105,30.189512,249.992355,223.72435
-0.249023,-0.57251,0.901123,-43.785091,-104.48455,-247.03978,0.804199,-0.128174,-0.163818,34.683228,249.992355,216.468796
-0.340576,-0.56543,0.899414,-45.593258,-60.546871,-248.657211,0.669678,-0.014404,-0.031982,35.232544,249.992355,203.514084
-0.185303,-0.475342,0.942383,26.382444,2.189636,29.037474,0.55957,0.016357,0.050781,37.651062,249.992355,190.086349
-0.233154,-0.374268,1.040527,7.400512,23.696898,-64.407349,0.499756,-0.030029,0.009033,50.292965,249.992355,186.569199
-0.236816,-0.549316,0.956299,30.227659,7.255554,27.671812,0.332764,-0.063965,-0.20166,74.165344,249.992355,194.61058
-0.358887,-0.270508,1.137451,21.224974,149.772644,10.69641,-0.407715,0.364014,-1.048828,22.819517,14.892577,60.05859
-0.199219,-0.594727,0.941895,17.700195,24.208067,33.325195,0.118408,0.066895,-0.483887,88.027946,249.992355,191.413864
-0.544922,-0.453125,0.788574,-63.163754,-32.531738,-216.194138,-0.020752,0.134766,-0.541992,82.672112,249.992355,188.323959
-0.862305,-0.507568,0.402832,-19.134521,79.109192,143.096924,-0.086426,0.215332,-0.566406,72.807312,249.771103,190.658554
-0.834473,-0.478271,0.615723,-30.059813,92.094414,132.415771,0.004395,0.242432,-0.594971,62.217709,249.954208,186.790451
-0.75293,-0.569336,0.7146,-33.050537,109.687798,124.626152,0.15918,0.014648,-0.321777,89.637749,249.992355,198.028549
-0.671631,-0.577393,0.786865,-33.462524,140.510559,108.596794,0.141602,0.347168,-0.531982,40.130615,242.004379,152.656555
-0.631836,-0.529541,0.833984,-40.176388,179.702744,92.948906,0.11084,0.41748,-0.439941,34.78241,207.237228,140.174866
-0.698486,-0.560791,0.886475,-36.315918,212.036118,77.728271,0.108643,0.451172,-0.365479,28.427122,162.895187,133.583069
-0.763428,-0.58252,1.081299,-18.661499,219.451889,47.21069,0.133301,0.349609,-0.356689,27.534483,110.78643,126.953117
-0.670654,-0.522217,1.278076,0.907898,213.256821,16.448975,0.035156,0.208496,-0.345947,42.106625,65.254211,120.071404
-0.368164,-0.464844,1.3125,14.671325,196.159348,-3.471374,-0.073975,0.220947,-0.400146,63.84277,39.451599,116.5924
-0.231201,-0.59668,0.951172,25.917051,12.054442,30.85327,-0.116211,0.338379,-0.674072,74.699402,32.531738,111.907951
-0.192383,-0.405518,1.269775,22.003172,171.722397,-6.507873,-0.058105,0.486816,-0.873047,55.77087,34.202576,94.139091
-0.351074,-0.317871,1.128418,24.314878,152.908325,9.407043,-0.130859,0.450195,-1.019287,43.792721,32.13501,80.093384
-0.290771,-0.252686,1.169434,14.625548,136.833191,9.803772,-0.325439,0.398926,-1.029541,43.510433,30.380247,72.410583
-0.200439,-0.289307,1.182373,8.911133,117.301933,8.628845,0.092773,0.29248,-0.575928,50.2243,249.992355,171.363815
-0.142334,-0.349121,1.128662,6.385803,98.602287,10.009766,0.355225,0.2854,-0.696045,-60.119625,-114.95208,-121.25396
-0.146484,-0.407471,1.076904,8.300781,87.562553,13.366698,0.31665,0.306885,-0.682373,-58.891293,-103.744499,-120.315544
-0.171631,-0.431396,1.056885,10.490417,79.093933,18.157959,0.29248,0.335449,-0.632813,-55.915829,-93.055717,-120.384209
-0.176514,-0.450684,1.080566,13.710021,70.014954,23.445127,0.287598,0.380859,-0.617188,-53.703304,-84.022514,-121.452324
-0.158936,-0.458496,1.091064,13.046264,62.423702,24.711607,0.218506,0.46167,-0.753418,-39.932251,-152.015686,-131.202698
-0.147217,-0.490967,1.05249,11.802672,54.397579,24.856565,0.223633,0.456299,-0.686768,-51.979061,-87.295525,-122.428886
-0.180908,-0.543213,0.981445,12.413024,41.358944,30.09033,0.233643,0.474854,-0.756104,-48.095699,-104.339592,-125.267021
-0.246094,-0.354736,1.20166,24.444578,155.845642,2.227783,0.293213,0.470215,-0.766602,-43.113705,-131.355286,-130.630493
-0.562988,-0.389404,0.696289,-80.162048,-61.523434,-211.563095,0.273438,0.423828,-0.63501,-53.230282,-81.573479,-121.894829
-0.554932,-0.35083,0.630859,-96.008293,-97.824089,-215.03447,0.431885,0.254639,-0.674805,-59.600826,-124.198906,-120.048515
-0.532959,-0.32666,0.622314,-107.696526,-127.967827,-222.228989,0.872314,-0.031006,-0.550049,-42.602535,-80.169678,-98.686211
0.129639,0.284424,0.057617,-120.277397,-249.969467,-111.2976,0.655273,0.205078,-0.670654,-55.282589,-108.993523,-120.422356
0.329834,0.358154,-0.104736,-106.185905,-248.664841,-114.959709,0.662109,0.185059,-0.658691,-51.376339,-90.209953,-120.292656
0.311279,0.419434,-0.320801,-103.332512,-249.992355,-118.316643,0.713135,0.162354,-0.663574,-48.454281,-76.942444,-120.24688
0.095947,0.422363,-0.451172,-101.654045,-249.992355,-127.723686,0.762207,0.155029,-0.680664,-47.142025,-71.090698,-120.414726
-0.131104,0.385498,-0.455566,-95.573418,-178.382858,-129.981995,0.755371,0.13501,-0.695557,-48.027035,-70.617676,-119.262688
-0.244873,0.372559,-0.454346,-85.418694,-95.375053,-133.094788,0.694824,0.107178,-0.666504,-48.690792,-70.098877,-116.920464
-0.363281,0.404541,-0.512939,-75.10376,-47.004696,-136.192322,0.670654,0.08252,-0.608887,-47.813412,-66.368103,-113.502495
-0.440186,0.522949,-0.526855,-73.989868,-22.712706,-146.232605,0.644287,0.046875,-0.594727,-46.531673,-65.010071,-108.695976
-0.492188,0.576416,-0.439209,-79.925537,-13.687133,-152.900696,0.641602,-0.000488,-0.582275,-45.486446,-72.021484,-102.775566
-0.529053,0.565674,-0.370361,-94.15435,-14.755248,-144.721985,0.772461,-0.026855,-0.567627,-44.097897,-78.529358,-97.778313
-0.345459,0.200195,0.220215,-136.688232,-249.992355,-104.560844,0.138672,0.469238,-0.74292,-36.872864,-153.610229,-124.931328
-0.483887,0.532471,-0.39209,-105.590813,-38.604736,-131.019592,0.57666,0.231689,-0.671875,-58.181759,-123.130791,-119.674675
-0.235107,0.47583,-0.568359,-72.677612,-81.43615,-81.130974,0.100586,0.489014,-0.725098,-33.103943,-140.113831,-116.828911
-0.021484,0.446777,-0.656494,-48.71368,-57.106014,-56.709286,-0.038574,0.609131,-0.937988,-28.999327,-89.057915,-84.518425
-0.01123,0.413086,-0.765381,-32.905579,-11.642455,-50.926205,0.015625,0.520508,-0.702881,-31.753538,-83.015434,-106.216423
-0.246582,0.401123,-0.871826,-26.245115,39.916992,-61.06567,0.910156,-0.039551,-0.541748,-43.830868,-81.825249,-99.647514
-0.458984,0.4104,-0.911133,-23.323057,70.213318,-65.055847,-0.534424,0.742676,-0.752197,13.130187,-72.08252,-50.125118
-0.630371,0.433594,-0.974365,-18.676758,73.852539,-54.328915,-0.463135,0.730713,-0.762695,9.140015,-71.922302,-52.215572
-0.766602,0.45459,-1.047363,-17.974854,66.879272,-34.049988,-0.38916,0.720459,-0.748779,3.089905,-66.139221,-57.655331
-0.775879,0.435547,-1.116699,-11.344909,56.495663,-20.744322,-0.343506,0.718018,-0.731445,-3.120422,-59.112545,-62.896725
-0.615967,0.451904,-1.203613,1.342773,52.726742,-10.040282,-0.29541,0.715088,-0.734131,-7.522583,-55.793758,-65.170288
-0.435059,0.543701,-1.225586,5.775451,63.758846,1.937866,-0.243164,0.697998,-0.745361,-10.32257,-57.624813,-67.91687
-0.415771,0.493652,-0.49585,-97.290031,-72.647095,-109.390251,-0.182861,0.664063,-0.780273,-12.46643,-65.231323,-72.891235
-0.934082,0.071777,0.362061,-158.210754,-249.977097,-106.742851,-0.129639,0.649902,-0.828857,-14.556884,-76.080322,-78.125
-0.492676,0.587891,-1.21875,-2.609253,73.493958,18.104553,-0.101563,0.653076,-0.853271,-17.349243,-85.792534,-81.115715
-1.576172,-0.041504,0.300049,-198.799118,-249.992355,-139.289856,0.063721,0.500977,-0.704834,-30.906675,-114.395134,-110.153191
-0.540039,-0.293701,0.637451,-118.827812,-147.155762,-224.082932,-0.116943,0.655029,-0.874512,-20.118711,-91.987602,-80.947868
-0.573975,-0.262939,0.626465,-132.514954,-149.200439,-216.072067,-0.097168,0.61377,-0.923828,-26.283262,-91.484062,-81.108086
-0.62085,-0.269531,0.574463,-149.848938,-139.083862,-203.552231,0.005371,0.611328,-0.938477,-30.380247,-90.270988,-90.00396
-0.704346,-0.312988,0.60791,-153.320313,-120.681755,-188.858017,0.046387,0.61084,-0.915771,-31.09741,-97.190849,-96.565239
-0.825684,-0.291992,0.720703,-143.188477,-104.057304,-176.925644,0.097656,0.597412,-0.894287,-32.165527,-108.833305,-102.783195
-1.006348,-0.201172,0.765869,-134.95636,-114.158623,-173.751816,0.150635,0.581543,-0.9021,-32.806396,-121.109001,-108.375542
-1.379395,-0.025146,0.388428,-185.249313,-249.992355,-122.924797,0.169922,0.584961,-0.934082,-34.40094,-126.930229,-114.265434
-1.58252,-0.067139,0.618408,-177.032455,-243.446335,-162.99437,0.20166,0.577637,-0.973145,-36.849976,-119.705193,-117.797844
-1.674072,-0.158203,0.769287,-208.045944,-249.992355,-117.424004,0.213135,0.575439,-0.968018,-38.871765,-96.359245,-115.211479
-1.38208,-0.378906,0.888672,-210.37291,-249.992355,-82.710258,0.167236,0.554688,-0.887207,-38.925171,-69.747925,-109.039299
-1.00293,-0.594727,0.697998,-163.61998,-249.992355,-73.532104,0.049072,0.536133,-0.765869,-35.194397,-63.430782,-104.972832
-1.277588,-0.105469,0.687256,-145.217896,-177.360519,-177.055344,-0.128418,0.63208,-0.895508,-23.132322,-93.620293,-80.276489
-1.207031,-0.041748,0.911621,-133.003235,-249.992355,-89.004509,-0.596436,0.744141,-0.730957,17.379761,-68.862915,-48.84338
-1.603271,0.269287,1.234863,-182.273849,-249.992355,-133.621216,0.879395,-0.039307,-0.512939,-45.753475,-80.688469,-97.618095
-1.57959,0.341309,1.388672,-230.056747,-249.992355,-162.300095,0.751221,-0.076172,-0.39502,-43.464657,-75.241089,-92.605583
-1.142578,0.255859,1.12793,-236.442551,-249.992355,-163.291916,0.699463,-0.236816,-0.428955,-88.661186,-32.104492,-96.527092
-0.882813,0.196533,1.035645,-209.411606,-249.992355,-141.677856,0.752441,-0.226807,-0.375,-90.209953,-25.474546,-93.986504
-0.51416,0.257568,0.911377,-176.048264,-249.992355,-125.541679,0.788574,-0.244141,-0.327148,-85.166924,-17.822266,-90.545647
-0.200684,0.272217,0.748535,-164.009079,-249.992355,-126.472466,0.855469,-0.310303,-0.295898,-79.277039,-14.122008,-90.042107
-0.327881,0.164063,0.521973,-170.005783,-249.992355,-133.544922,0.835449,-0.385986,-0.309082,-80.352776,-9.300232,-89.935295
-0.753418,0.055176,0.322021,-179.450974,-249.992355,-145.545959,0.789795,-0.46167,-0.363037,-80.894463,-4.737854,-91.522209
-1.306641,-0.002197,0.228271,-193.069443,-249.992355,-149.56665,0.893311,-0.533203,-0.390381,-72.113037,-1.350403,-100.135796
-0.890625,-0.46167,0.672119,-120.391838,-249.992355,-69.396973,0.952393,-0.545166,-0.426025,-66.429138,4.264832,-104.278557
-0.802734,0.60498,-0.52832,49.652096,91.690056,79.902649,0.907227,-0.555908,-0.458496,-66.970825,4.707336,-96.153252
-0.789063,0.604736,-0.552002,65.109253,111.93084,93.681328,0.876953,-0.656494,-0.579102,-63.446041,-36.491394,-89.271538
-0.827881,0.622314,-0.523193,65.040588,133.094788,103.370659,0.654785,-0.267334,-0.434326,-84.068291,-37.391663,-96.221916
-0.860107,0.648193,-0.451904,50.750729,142.189026,102.287285,0.94165,-0.670166,-0.615234,-73.028564,-69.671631,-90.087883
-0.849121,0.636719,-0.589355,59.67712,109.313957,68.237305,1.181641,-0.747314,-0.360352,-88.478081,-62.210079,-86.402885
-0.822754,0.779785,-0.449951,30.3421,131.698608,83.908073,1.029053,-0.749268,-0.223877,-88.211052,-24.032591,-68.504333
-0.846924,0.796143,-0.534668,39.802551,119.171135,81.100456,0.764404,-0.74292,-0.106445,-82.44323,-9.529114,-47.599789
-0.882568,0.724365,-0.592773,53.520199,110.763542,78.765869,0.530518,-0.817383,-0.004883,-62.240597,-29.350279,-34.843445
-0.841797,0.705811,-0.416748,34.286499,141.090393,93.048088,0.469482,-0.821777,-0.041992,-41.969296,-68.107605,-33.332825
-0.893799,0.616943,-0.417969,32.867432,86.647026,76.843262,0.592041,-0.705078,-0.183838,-45.799252,-112.632744,-37.063599
-0.9375,0.337158,-0.002197,47.035213,125.587456,112.777702,0.719971,-0.682617,-0.219238,-57.66296,-140.907288,-41.580196
-0.856689,0.560791,-0.174561,27.603148,100.677483,84.739677,0.789063,-0.695801,-0.121338,-62.843319,-141.441345,-42.327877
-0.88623,0.522217,-0.256592,31.799314,119.903557,103.080742,0.766113,-0.716064,0.019531,-61.874386,-125.053398,-35.499573
-0.825195,0.529297,-0.326172,32.264709,144.599915,122.329704,0.817627,-0.051514,-0.458252,-45.219418,-78.2547,-94.955437
-0.717041,0.530762,-0.315186,30.807493,165.267929,130.630493,1.090088,-0.691895,-0.5271,-84.274284,-83.282463,-91.690056
-0.636963,0.534424,-0.273193,24.948118,174.58342,123.161308,0.620605,-0.295166,-0.402344,-79.856873,-46.997066,-95.993034
-0.611816,0.507324,-0.197998,19.012451,165.275558,108.337395,0.865479,-0.613037,-0.499268,-63.415524,-8.277893,-89.569084
-0.677979,0.450684,-0.164795,21.781919,148.239136,97.30529,0.594482,-0.250244,-0.426514,-78.681946,-70.472717,-90.820305
-0.740967,0.398926,-0.137695,32.119751,130.363464,92.468254,0.718994,-0.083984,-0.379883,-43.136593,-69.953918,-91.369621
-0.843262,0.358398,-0.068604,39.375305,118.59893,94.955437,0.611816,-0.287598,-0.383057,-77.758789,-58.555599,-93.894951
-0.91626,0.339355,-0.012695,44.296261,117.179863,104.293816,0.703857,-0.092285,-0.430908,-45.120235,-67.29126,-91.964714
-0.795898,0.616455,-0.589111,54.611202,116.699211,56.518551,0.692627,-0.127197,-0.454346,-48.767086,-72.151184,-93.032829
-0.891602,0.618896,-0.262939,23.979185,92.750542,77.926636,0.69751,-0.157715,-0.467041,-53.276058,-79.13208,-92.52166
-0.766846,0.625977,-0.605225,49.85046,128.692627,53.680416,0.737549,-0.161865,-0.460693,-57.243343,-82.481377,-87.196342
-0.151367,0.684814,-0.923096,28.335569,122.741692,11.116027,0.799561,-0.164063,-0.388184,-59.753414,-83.061211,-79.177856
-0.658447,0.685791,-0.6604,45.967098,145.301819,55.305477,0.770996,-0.210205,-0.293945,-58.41827,-82.664482,-71.69342
-0.952881,0.342529,-0.01123,48.057552,129.905701,116.256706,0.740234,-0.211426,-0.335449,-55.847164,-81.977837,-74.150085
-0.172119,0.599609,-1.142578,52.604671,77.438354,-103.248589,0.717773,-0.202393,-0.388916,-56.259151,-81.489555,-78.346252
-0.148926,0.57959,-1.171143,49.858089,69.664001,-98.358147,0.672607,-0.190918,-0.417236,-60.249325,-81.802361,-81.443779
-0.118896,0.54541,-1.221436,52.207943,50.407406,-85.029594,0.802002,-0.189941,-0.309326,-59.982296,-83.610527,-73.921204
-0.09668,0.588867,-1.226074,50.918575,38.764954,-69.038391,0.697266,-0.151611,-0.445068,-72.509766,-93.39904,-86.288445
-0.048584,0.650879,-1.200928,44.967648,45.654293,-56.488033,0.583252,-0.202637,-0.472412,-80.184937,-80.383293,-88.478081
0.008057,0.656494,-1.146973,38.734436,65.208435,-44.80743,0.686523,-0.170654,-0.4375,-65.971375,-86.326591,-85.113518
0.084961,0.682861,-1.095459,29.563902,85.426323,-35.522461,0.568604,-0.185547,-0.443604,-77.011108,-93.185417,-85.891716
0.093994,0.718994,-1.024658,17.860413,99.159233,-28.060911,0.558838,-0.227295,-0.414063,-76.705933,-98.937981,-84.503166
0.028809,0.729004,-0.914063,10.093688,103.828423,-20.431517,0.578857,-0.249512,-0.393311,-75.950623,-103.446953,-83.526604
-0.732178,0.647461,-0.61792,48.149105,139.633179,55.297848,0.590576,-0.170654,-0.486084,-78.430176,-87.951653,-87.387077
-0.056152,0.689941,-0.871338,11.314391,108.505241,-13.763427,0.669189,-0.240479,-0.331543,-76.210022,-106.765739,-84.724419
-0.121582,0.664063,-0.921875,28.121946,115.20385,1.983642,0.69458,-0.230957,-0.310303,-76.065063,-109.878532,-86.959831
-0.179932,0.663574,-0.883301,30.311583,134.933472,18.638611,0.635498,-0.171875,-0.38916,-75.256348,-104.850761,-86.753838
-0.199219,0.657471,-0.836426,32.89032,143.638611,21.52252,0.614014,-0.255127,-0.344482,-76.477051,-105.11779,-82.832329
-0.255127,0.672607,-0.823975,32.730103,143.676758,22.041319,-0.133057,-0.562988,-0.890869,74.928284,109.519951,-96.595757
-0.336182,0.669434,-0.822021,33.088684,136.070251,24.009703,-0.08252,-0.548096,-0.95459,39.779663,96.145622,-56.091305
-0.374512,0.66333,-0.831543,38.673401,126.831047,27.618406,0.022461,-0.536377,-0.987305,51.582333,103.240959,-75.569153
-0.410889,0.65625,-0.814697,50.369259,123.76403,36.048889,-0.003418,-0.481201,-0.992676,62.530514,110.626213,-86.738579
-0.452148,0.672119,-0.794678,54.756161,129.821777,46.295162,-0.058838,-0.487305,-0.995605,72.58606,118.003838,-89.424126
-0.501465,0.697266,-0.770264,49.644466,139.945984,52.162167,-0.082031,-0.525879,-0.99707,80.642693,122.848503,-94.66552
-0.565186,0.700928,-0.722412,45.509335,145.561218,53.901669,-0.097656,-0.530518,-1.003662,85.136406,122.444145,-98.937981
-0.110107,0.633301,-0.873779,21.90399,113.204948,-7.629394,-0.129395,-0.526123,-0.994873,86.059563,119.583122,-99.166862
-0.997803,0.330811,-0.008789,48.263546,123.176567,117.889397,-0.148926,-0.550781,-0.962891,83.549492,114.723198,-97.412102
-0.184082,0.519775,-1.074463,58.79974,77.720642,-108.741753,-0.141846,-0.581055,-0.916992,79.26178,110.29052,-96.115105
-1.053711,0.245605,-0.025635,42.877193,104.698174,115.333549,-0.117676,-0.524658,-0.882568,71.563721,116.08123,-98.663322
-0.766357,-0.210693,0.571045,73.043823,152.252197,79.559326,-0.309326,-0.444824,-0.752197,71.098328,125.167839,-50.338741
-0.866211,-0.144531,0.547607,71.708679,155.49469,82.229607,-0.128906,-0.487793,-0.836914,60.729977,150.848389,-95.764153
-0.900146,-0.108887,0.424805,65.162659,145.271301,84.58709,-0.145508,-0.429932,-0.822754,53.787228,165.931686,-90.782158
-0.859619,-0.061523,0.44873,59.143063,129.859924,84.159843,-0.163086,-0.35791,-0.795654,50.506588,174.461349,-83.70208
-0.83667,-0.032959,0.465088,55.168148,117.164604,82.923882,-0.144531,-0.330811,-0.773193,51.23138,179.946884,-75.10376
-0.767578,-0.013428,0.459961,50.697323,108.810417,84.007256,-0.065918,-0.384033,-0.776367,52.833553,186.973557,-70.999146
-0.687256,-0.00708,0.44165,47.233578,109.970085,91.51458,0.00708,-0.472656,-0.807617,53.909298,189.590439,-71.548462
-0.698486,0.00708,0.405762,41.976925,123.611443,98.716728,-0.035645,-0.483643,-0.834473,54.122921,182.708725,-70.785522
-0.786865,0.028564,0.345459,30.479429,130.180359,101.615898,-0.126465,-0.486572,-0.806152,54.428097,168.02977,-67.947388
-0.84375,0.038818,0.228516,12.176513,116.149895,103.60717,-0.229492,-0.484619,-0.752686,60.821529,148.117065,-60.653683
-0.726563,-0.242676,0.490967,58.54034,136.535645,78.369141,-0.184326,-0.525391,-0.908447,30.563353,98.327629,-40.06958
-0.852295,0.008301,0.151611,-7.537841,86.624138,103.881828,-0.110107,-0.512695,-0.852539,67.405701,131.515503,-98.594658
-0.747559,-0.231201,0.347656,-11.322021,45.013424,112.472527,-0.216309,-0.498779,-0.851563,24.841307,105.560295,-29.273985
-0.716064,-0.347168,0.520264,3.15094,47.698971,120.582573,-0.329834,-1.115234,-1.102783,96.862785,-42.892452,-53.329464
-0.709229,-0.342773,0.671631,11.047362,62.545773,131.401062,-0.248779,-0.42627,-0.63208,15.823363,97.694389,-8.31604
-0.726318,-0.312744,0.714355,14.801024,82.893364,134.19342,-0.340332,-0.418213,-0.807129,79.559326,102.272026,-42.404171
-0.719971,-0.272949,0.783691,18.981934,94.90966,121.307365,-0.40625,-1.10498,-1.134521,100.067131,-11.024474,-47.500607
-0.768066,-0.287598,0.749756,29.113768,96.633904,110.511772,-0.291016,-1.030518,-1.102783,95.756523,23.353575,-35.591125
-0.792725,-0.331543,0.578369,35.011292,84.152214,107.490532,-0.231445,-0.968018,-1.042236,88.966362,41.503902,-19.287109
-0.82373,-0.353027,0.395508,25.527952,74.211121,108.489983,-0.19458,-0.89502,-0.958984,83.915703,39.588928,1.25885
-0.898682,-0.401123,0.204102,6.126403,66.047668,122.558586,-0.056396,-0.787842,-0.872314,77.110291,37.246704,18.997192
-0.915283,-0.513428,0.174805,-8.049011,63.96484,141.960144,0.002197,-0.692627,-0.79834,65.620422,35.331726,32.447815
-0.811768,-0.073242,0.214355,-18.165588,59.143063,105.911247,0.024902,-0.638428,-0.740723,52.680965,31.066893,41.435238
-0.750488,-0.213135,0.444824,43.67065,119.796745,73.539734,-0.005859,-0.592041,-0.703369,42.839046,24.993895,48.889156
-1.036133,0.292969,-0.029297,46.897884,111.633293,118.621819,0.025146,-0.557617,-0.64917,38.719177,16.349792,51.422115
-0.855957,-0.122314,0.454102,33.172607,118.003838,69.969177,0.09668,-0.531738,-0.637939,39.1922,7.492065,49.041744
-1.012207,0.212402,0.073975,38.398743,105.430595,110.908501,0.042725,-0.527832,-0.646729,40.206905,-0.541687,45.921322
-0.962402,0.195557,0.192871,38.284302,115.051262,109.489433,-0.050293,-0.52002,-0.66333,36.811829,-4.226685,43.113705
-0.965088,0.209961,0.242676,36.4151,131.515503,105.812065,-0.063477,-0.474121,-0.628418,29.747007,1.167297,40.664669
-1.040527,0.195313,0.203857,28.511045,138.320923,97.236626,-0.107422,-0.4375,-0.584229,23.445127,8.598328,37.742615
-1.115723,0.143555,0.109375,22.5296,125.144951,92.14782,-0.176758,-0.397705,-0.534424,18.951416,11.184691,35.552979
-1.150635,0.089111,0.083496,22.628782,103.385918,93.086235,-0.23877,-0.387939,-0.498047,15.571593,12.153625,35.964966
-0.814453,-0.155029,0.4375,35.118103,115.997307,68.489075,-0.26001,-0.421387,-0.506592,13.633727,15.396117,35.827637
-1.074951,0.030518,0.285156,26.756285,76.286316,92.796318,-0.260254,-0.446289,-0.589844,11.749267,19.973755,35.118103
-1.014648,0.007813,0.335449,27.19116,82.069389,94.863884,-0.239258,-0.482178,-0.661621,10.475158,28.007505,33.699036
-1.0271,-0.040039,0.387695,27.488707,97.457878,98.709099,-0.189453,-0.459961,-0.675049,10.879516,43.106075,27.038572
-1.054688,-0.054932,0.43042,29.594419,110.656731,98.251335,-0.162842,-0.393066,-0.643311,11.360168,62.126156,15.876769
-1.147217,0.051514,0.174316,24.955748,84.556572,93.40667,-0.198486,-0.388184,-0.607178,12.252807,80.062866,3.364563
-1.031494,-0.07251,0.368896,24.406431,109.184258,87.203972,-0.237793,-0.472168,-0.741943,20.462034,107.77282,-19.607544
-0.924561,-0.104004,0.311035,25.352476,99.372856,83.648674,-0.356445,-0.407715,-0.880615,82.710258,88.394157,-38.383484
-0.841553,-0.117432,0.31543,28.312681,92.788689,80.108643,-0.657715,0.741699,-0.713867,23.429869,-68.29834,-47.813412
-0.85376,-0.136963,0.340088,30.158995,89.195244,79.315186,-0.378418,-0.464355,-1.018311,79.25415,95.947258,-45.898434
-0.90625,-0.168213,0.318848,28.877256,91.247551,85.823051,-0.438232,0.244141,-0.785156,158.64563,-99.006645,32.409668
-0.897217,-0.195801,0.351563,28.533934,102.088921,92.712395,-0.294678,0.26123,-0.887695,163.475021,-65.620422,46.173092
-0.843994,-0.194824,0.493896,32.88269,113.395683,89.477531,-0.246338,0.258789,-1.015137,163.99382,-24.940489,52.352901
-0.850098,-0.182617,0.637695,39.451599,119.61364,81.481926,-0.269287,0.244629,-1.126221,166.656479,3.807068,52.597042
-0.899658,-0.163086,0.633301,40.809628,122.528069,76.095581,-0.327637,0.287354,-1.224121,166.061386,13.999938,50.033566
-0.891113,-0.135498,0.537598,36.78894,121.177666,73.158264,-0.370361,0.32251,-1.280029,162.99437,12.443542,46.401974
-1.071289,-0.04126,0.423828,27.404783,115.676872,92.468254,-0.481445,0.352539,-1.219238,156.951904,5.981445,44.754025
-0.448486,-0.495361,-0.418457,1.602173,-42.358395,36.567688,-0.657471,0.398682,-1.012451,148.002625,-5.66101,46.295162
-0.540527,-0.469727,-0.468994,-9.796143,-10.147094,24.063108,-0.737061,0.424561,-0.796631,137.8479,-16.00647,47.752377
-0.489258,-0.425781,-0.505615,-16.197205,36.743164,8.850098,-0.759766,0.423828,-0.694336,127.441399,-19.592285,44.883724
-0.388672,-0.381104,-0.499512,-16.914368,71.563721,-2.761841,-0.516357,0.240967,-0.787842,152.153015,-122.825615,11.390685
-0.469971,-0.453613,-0.497559,-9.681702,-26.275633,-21.881102,-0.786377,0.44165,-0.705078,116.493217,-22.880552,38.734436
-0.256104,-0.379883,-0.506348,-9.239197,57.876583,-11.642455,-0.766602,0.543701,-0.820557,96.839897,-46.768185,23.643492
-0.313232,-0.407959,-0.517334,-7.057189,22.933958,-10.154723,-0.76709,0.552246,-0.873535,87.303154,-59.997555,11.840819
-0.398926,-0.454834,-0.532471,-8.911133,-10.086059,-12.992858,-0.761719,0.547119,-0.905518,78.460693,-71.44165,-1.724243
-0.297119,-0.376465,-0.507324,-13.038634,77.919006,-10.147094,-0.763184,0.541748,-0.911865,72.479248,-81.596367,-13.236999
-0.221436,-0.490234,-0.406006,13.191222,-41.633602,39.367676,-0.78125,0.562988,-0.885254,69.000244,-88.798515,-20.324705
-0.333496,-0.717041,-0.828369,178.916916,-104.576103,56.602474,-0.800049,0.609375,-0.806885,63.827511,-89.477531,-24.559019
-0.063721,-0.502686,-0.465088,30.982969,25.871275,33.569336,-0.795654,0.648193,-0.745605,55.7785,-83.274834,-31.082151
-0.192383,-0.507568,-0.471436,39.245605,51.254269,28.991697,-0.784424,0.677246,-0.714844,46.005245,-74.195862,-38.246155
-0.330078,-0.531738,-0.469727,51.49078,49.964901,26.43585,-0.746094,0.702148,-0.690186,37.635803,-68.504333,-43.983456
-0.400635,-0.598389,-0.477783,76.728821,27.122496,33.714294,-0.704834,0.724609,-0.700684,30.776976,-68.336487,-46.874996
-0.389404,-0.649658,-0.485596,111.145012,2.372742,50.331112,-0.754639,0.503174,-0.739014,106.38427,-32.211304,31.646727
-0.302246,-0.624023,-0.466797,139.938354,-15.380858,58.822628,-0.457275,0.203857,-0.84082,150.390625,-142.448425,-11.322021
-0.17041,-0.631348,-0.485596,160.446167,-36.2854,48.385616,-0.358887,-0.447021,-0.942383,81.68792,87.09716,-41.366573
-0.125488,-0.711914,-0.654053,174.385056,-54.725643,40.184017,-0.204102,0.007813,-1.178467,156.097412,-200.706467,-33.569336
-0.188965,-0.737549,-0.759766,184.097275,-67.558289,43.449398,-0.419189,-0.466064,-1.056641,77.583313,107.612602,-47.21069
-0.262939,-0.725586,-0.799561,184.600815,-82.900993,49.362179,-0.453369,-0.428711,-1.046143,79.139709,112.747185,-47.439571
-0.556152,-0.473877,-0.458252,-4.714966,-22.15576,-25.650023,-0.442871,-0.372314,-1.002441,85.113518,109.809868,-47.096249
-0.047852,-0.493896,-0.435303,22.750853,-12.611388,36.460876,-0.474121,-0.30542,-0.942627,94.451897,94.932549,-40.168758
-0.574951,-0.511963,-0.446777,0.25177,-11.07788,-26.733397,-0.460205,-0.312256,-0.837891,105.583183,68.16864,-32.63855
-0.478271,-1.131104,-1.168945,85.014336,-55.236813,9.033203,-0.368164,-0.347412,-0.772461,113.43383,40.267941,-33.760071
-0.333252,-0.616943,-0.510986,-3.753662,-13.374328,-39.642334,-0.319824,-0.317383,-0.759277,117.546074,24.467466,-37.399292
-0.380127,-0.699707,-0.86792,170.661911,-133.216858,65.620422,-0.327148,-0.302002,-0.780273,115.669243,21.369932,-41.648861
-0.320068,-0.697021,-0.587402,-8.270264,97.793571,-22.163389,-0.333496,-0.289795,-0.800049,112.213127,19.294739,-44.479366
-0.325684,-0.681152,-0.570801,-9.368896,89.813225,-13.603209,-0.320557,-0.252441,-0.813232,111.900322,18.325806,-42.747494
-0.313965,-0.674805,-0.54126,-15.419005,79.818726,-10.231017,-0.308594,-0.226807,-0.830322,116.470329,19.180298,-41.511532
-0.300537,-0.675537,-0.513428,-23.185728,69.343567,-9.597778,-0.320068,0.140625,-1.00415,153.289795,-166.76329,-27.389524
-0.312988,-0.695801,-0.526367,-28.106688,61.19537,-6.088256,-0.338867,-0.11499,-0.724365,125.595085,-25.390623,-41.267391
-0.369385,-0.736816,-0.559814,-27.862547,58.242794,-0.839233,-0.312256,-0.076172,-0.786377,137.207031,-56.373592,-42.213436
-0.423096,-0.780273,-0.612793,-22.094725,53.657528,6.42395,-0.302734,-0.010254,-0.859375,144.241333,-84.976189,-46.905514
-0.428467,-0.82373,-0.692383,-11.192321,48.881527,13.511657,-0.330078,0.049805,-0.891113,141.052246,-108.306877,-48.835751
-0.428467,-0.909424,-0.809326,4.859924,46.913143,16.723633,-0.43042,0.062988,-0.921875,136.703491,-139.152527,-47.103878
-0.475098,-0.577637,-0.480713,-0.236511,-6.301879,-36.506653,-0.450439,-0.000488,-0.95166,140.7547,-176.773056,-48.698421
-0.468018,-1.040039,-0.937256,24.955748,39.985657,14.411925,-0.407227,0.019287,-1.003906,143.913269,-204.330429,-50.064083
-0.563721,-1.175049,-1.12085,73.547363,-15.663146,12.573241,-0.390381,-0.009277,-1.063965,147.705078,-224.182114,-53.482052
-0.403564,-1.058594,-1.161133,79.51355,-74.966431,-2.845764,-0.369141,0.01001,-1.152832,151.412964,-237.617477,-46.981808
-0.443359,-1.017822,-1.036133,69.831848,-71.403503,-10.398864,-0.272949,-0.001953,-1.210938,152.862549,-230.621323,-36.849976
-0.520508,-0.987305,-0.868652,65.1474,-68.389893,-13.420104,-0.31958,-0.194336,-0.781738,119.468681,3.761291,-42.381283
-0.555664,-0.927002,-0.710205,62.187191,-74.020386,-16.891479,-0.182373,0.099365,-0.505371,-161.941513,-37.689209,-41.694637
-0.532471,-0.840576,-0.670898,51.513668,-84.182732,-19.714355,-0.236572,0.13501,-0.465332,-157.844543,-31.082151,-41.610714
-0.507813,-0.762207,-0.646484,37.590027,-87.806694,-21.286009,-0.251221,0.177246,-0.470459,-150.634766,-30.4718,-44.227596
-0.43042,-0.737549,-0.611328,25.711058,-80.734245,-20.606993,-0.241943,0.208252,-0.52832,-139.022827,-36.613464,-52.352901
-0.378906,-0.715576,-0.606934,13.397216,-57.304379,-26.855467,-0.384766,0.193359,-0.394043,-112.640373,-58.41827,-69.389343
-0.327393,-0.620361,-0.560791,-0.457764,-31.196592,-34.927368,-0.205322,0.158203,-0.556396,-116.600029,-51.437374,-72.227478
-0.543701,-1.14917,-1.02124,50.86517,19.462585,13.679503,-0.228027,0.151855,-0.505859,-113.655083,-56.28204,-77.018738
-0.413574,-0.667236,-0.909424,162.307724,-155.166626,74.058533,-0.291992,0.171875,-0.46582,-113.708488,-58.784481,-74.516296
-0.331299,-0.675293,-0.576172,-8.773804,105.300896,-32.417297,-0.123291,0.073975,-0.569824,-165.695175,-41.099545,-42.442318
-0.312988,-0.63623,-0.943604,150.016785,-172.05809,74.172974,-0.221924,0.196777,-0.562744,-125.671379,-43.960567,-63.293453
-0.088379,-0.067383,-1.04126,123.664848,21.125792,-20.126341,-0.072266,0.042725,-0.633789,-171.119675,-38.124084,-42.060848
-0.065918,-0.01709,-1.025146,123.672478,48.103329,-23.483274,-0.147217,-0.04248,-0.674561,-208.129868,-54.351803,4.40979
-0.12085,-0.006592,-0.963379,131.492615,83.70208,-19.790649,-0.14917,0.059326,-0.631104,-190.170273,-18.875122,-22.621153
-0.299316,-0.045654,-0.898193,149.147034,124.0158,-15.907287,-0.203857,0.068848,-0.600586,-197.715744,-32.546997,-6.118774
-0.414063,-0.022217,-0.894287,167.617783,159.835815,-9.811401,-0.175781,0.021729,-0.60498,-203.956589,-46.867367,4.570007
-0.413818,0.087402,-0.925781,176.689133,187.606796,-0.663757,-0.130615,-0.093506,-0.743652,-211.280807,-60.356136,-0.419617
-0.437988,0.180664,-0.849854,181.297287,217.414841,-6.629943,-0.118896,-0.147461,-0.813232,-211.158737,-68.55011,-3.959656
-0.449707,0.220459,-0.776123,176.238998,238.47197,-14.73236,-0.118896,-0.156494,-0.89209,-208.114609,-74.645996,-2.39563
-0.439209,0.24707,-0.725098,169.441208,249.496445,-18.218994,-0.133545,-0.137939,-0.929688,-208.648666,-72.181702,1.670837
-0.383545,0.295166,-0.702881,166.191086,249.412521,-26.420591,-0.125488,-0.128174,-0.938965,-211.204514,-63.217159,4.829407
-0.169922,-0.150146,-1.008545,126.838676,4.753113,-17.677307,-0.11499,-0.142822,-0.955078,-212.066635,-53.009029,10.520934
-0.375977,0.34082,-0.777588,160.751328,249.992355,-37.376404,-0.497559,0.217773,-0.327881,-106.231682,-55.892941,-66.802979
-0.697021,0.370117,-0.971924,147.369385,207.954391,-61.927792,-0.067139,0.028809,-0.711914,-177.062973,-30.181883,-40.90118
-0.770996,0.399414,-1.125488,134.674072,148.612976,-75.256348,-0.59375,0.224609,-0.310059,-95.848076,-48.637386,-67.733765
-0.728027,0.423096,-1.194824,120.208733,86.067192,-89.416496,-0.943115,0.327393,-0.442139,-8.613586,-51.315304,-55.633541
-0.611816,0.463867,-1.18457,105.743401,44.273373,-98.541252,-0.69043,0.210449,-0.403564,-74.84436,-27.8244,-71.006775
-0.468994,0.486816,-1.122559,94.268791,31.631468,-108.413689,-1.071045,0.492432,-0.62207,17.402649,-5.775451,-4.020691
-0.387451,0.461914,-1.040283,86.479179,35.499573,-118.919365,-1.028809,0.465088,-0.661133,15.541076,-9.140015,-6.240844
-0.321045,0.429932,-0.973389,83.038322,43.395992,-122.604362,-1.001709,0.439453,-0.681641,17.074585,-11.665343,-12.374877
-0.222656,0.456543,-0.921143,81.001274,52.841183,-121.116631,-0.996094,0.444092,-0.671143,21.377562,-19.851685,-18.409729
-0.165283,0.503418,-0.915771,76.522827,62.393185,-120.536797,-0.971924,0.458252,-0.673828,22.872923,-27.847288,-20.957945
-0.162354,0.507813,-0.983643,67.512512,70.327759,-116.500847,-0.9646,0.443359,-0.682861,22.941587,-27.770994,-23.681639
-0.530273,0.332031,-0.858643,155.563354,249.336227,-49.942013,-0.972656,0.423096,-0.650391,22.109983,-24.253843,-27.664183
-0.191406,-0.105713,-1.108398,131.568909,5.973815,-24.322508,-0.999023,0.41333,-0.607178,16.967773,-21.369932,-31.532286
-0.389893,-0.640869,-0.934814,155.082703,-165.76384,77.23999,-1.036865,0.389648,-0.556641,12.321471,-22.102354,-34.080505
-0.223877,-0.162598,-0.977051,157.279968,42.022701,-20.217894,-1.050781,0.385498,-0.505127,8.659363,-27.847288,-40.626522
-0.311768,-0.63916,-0.937256,148.490906,-180.572495,65.856934,-0.65625,0.216553,-0.349854,-84.594719,-37.727356,-70.274353
-0.375244,-0.639893,-0.912598,143.417358,-192.863449,58.830257,-1.030762,0.400146,-0.473633,1.754761,-35.263062,-45.501705
-0.406006,-0.6604,-0.881836,130.081177,-205.375656,57.006832,-0.123291,-0.213623,-0.957275,-210.884079,-48.233028,19.065857
-0.366455,-0.676758,-0.884277,114.997856,-217.262253,58.876034,-0.904785,0.297852,-0.456055,-15.144347,-54.801937,-61.019894
-0.312012,-0.65332,-0.876953,103.347771,-225.952133,58.616634,-0.893311,0.287598,-0.470459,-21.743773,-53.909298,-61.653133
-0.293701,-0.611816,-0.880859,92.277519,-226.303085,53.726192,-0.906738,0.300293,-0.454834,-27.076719,-46.051022,-58.265682
-0.217773,-0.112061,-1.058105,145.515442,22.727964,-23.559568,-0.915283,0.319824,-0.455811,-32.699585,-36.102295,-57.807919
-0.209229,-0.541016,-0.815186,76.553345,-202.087387,28.106688,-0.871826,0.329834,-0.483398,-40.344234,-29.151915,-60.005184
-0.239502,-0.56543,-0.722412,86.250298,-185.173019,9.925842,-0.772461,0.319092,-0.502686,-47.21069,-23.170469,-64.186096
-0.312012,-0.597168,-0.661133,98.297112,-169.555649,-4.989624,-0.706299,0.295166,-0.533203,-52.642818,-18.798828,-67.054749
-0.279297,-0.612061,-0.713135,110.076897,-164.482101,-10.528563,-0.708008,0.266113,-0.558105,-59.55505,-18.592834,-67.41333
-0.263184,-0.571045,-0.872803,80.833427,-216.712936,43.251034,-0.709717,0.234619,-0.48584,-67.062378,-21.636961,-69.213867
-0.374023,-0.50293,-0.703125,122.268669,-146.911621,-8.926392,-1.012939,0.367188,-0.451904,-3.715515,-43.952938,-48.957821
-0.359375,-0.452148,-0.725098,122.367851,-131.324768,-9.101868,-0.143799,-0.306641,-0.95752,-208.47319,-54.283138,27.763365
-0.285645,-0.410645,-0.732422,121.620171,-108.116142,-16.426086,-0.077393,0.044189,-0.693848,-183.471664,-20.500181,-34.599304
-0.243164,-0.393311,-0.713867,126.800529,-80.818169,-24.887083,-0.074219,-0.379639,-0.945801,-204.597458,-68.916321,36.239624
-0.267578,-0.332031,-0.687988,136.711121,-56.297298,-27.8244,-0.366211,-0.949951,-0.654053,-13.21411,-50.010677,69.366455
-0.245117,-0.305908,-0.715332,142.234802,-33.599854,-30.235289,-0.320313,-0.919922,-0.681396,-7.614135,-73.104858,68.244934
-0.19043,-0.321289,-0.734375,144.424438,-9.613037,-26.290892,-0.289551,-0.866211,-0.690918,-5.325317,-91.072075,66.047668
-0.115479,-0.321777,-0.733887,153.709412,12.794494,-15.678405,-0.303711,-0.840088,-0.67041,-2.548218,-103.797905,61.103817
-0.102051,-0.328369,-0.811035,156.021118,32.424927,-13.450622,-0.323242,-0.828125,-0.657227,1.434326,-112.579338,52.947994
-0.146973,-0.266357,-0.872559,158.073425,46.44775,-17.219543,-0.321289,-0.816162,-0.691895,5.844116,-115.348808,41.870113
-0.297852,-0.572998,-0.739258,119.98748,-158.111572,-11.96289,-0.314453,-0.812012,-0.753662,10.284423,-114.31884,29.869078
0.274414,0.344482,-0.727783,-24.215696,25.833128,87.776176,-0.308594,-0.7771,-0.79834,13.84735,-113.342278,19.111633
0.325195,0.355469,-0.725342,-19.752502,29.823301,85.487358,-0.308105,-0.722168,-0.814209,14.831542,-112.388603,12.039184
0.370361,0.334473,-0.729004,-12.100219,32.417297,80.67321,-0.29248,-0.658936,-0.799316,12.619018,-110.79406,9.346008
0.393066,0.299805,-0.778564,-3.250122,33.973694,75.416565,-0.260742,-0.617676,-0.775146,6.446838,-105.651848,8.735657
0.436768,0.316162,-0.847656,17.585754,45.478817,62.469479,-0.226563,-0.619385,-0.744385,-1.968384,-93.994133,7.888793
0.376465,0.238525,-0.846924,11.58142,34.156799,66.215515,-0.191406,-0.668945,-0.745117,-11.131286,-77.072144,6.362915
0.38208,0.268066,-0.802002,12.001037,37.910461,62.980648,-0.21582,-0.726807,-0.775879,-16.662598,-59.188839,3.623962
0.397461,0.300537,-0.810791,10.894774,44.540401,59.585567,-0.25293,-0.73999,-0.791504,-17.066956,-47.088619,1.495361
0.372559,0.261475,-0.840576,5.546569,33.943176,70.884705,-0.26123,-0.752441,-0.768799,-13.183593,-39.970398,-1.502991
0.162842,0.323242,-0.664063,-26.580809,27.770994,91.331474,-0.244385,-0.789551,-0.724365,-5.500793,-37.55188,-7.957458
-0.20459,0.0979,-0.520752,-98.220818,7.057189,67.5354,-0.246826,-0.844727,-0.676758,3.799438,-41.168209,-17.64679
0.067627,0.334473,-0.47583,-40.611263,48.332211,102.111809,-0.219971,-0.907959,-0.658936,16.532898,-49.85046,-28.839109
0.095459,0.32251,-0.443604,-52.421566,55.496212,104.202263,-0.197266,-0.956543,-0.665771,33.813477,-60.714718,-38.032532
0.10376,0.291992,-0.466797,-63.270565,56.961056,108.848564,-0.212158,-1.01001,-0.727295,54.344173,-72.662354,-44.357296
0.088135,0.280273,-0.459229,-74.493408,56.846615,113.945,-0.212158,-1.042236,-0.847412,74.59259,-78.796387,-47.813412
0.059326,0.24585,-0.418213,-81.146233,53.1311,115.501396,-0.124756,-0.350586,-0.942627,-205.627426,-64.254761,34.545898
0.004395,0.189941,-0.390625,-79.177856,47.821041,113.906853,-0.331543,-0.93457,-0.658936,-21.659849,-26.336668,72.311401
-0.029785,0.155273,-0.397217,-73.303223,43.762203,106.460564,-0.255127,-0.93457,-0.681885,-31.539915,-9.880066,75.523376
-0.037842,0.144287,-0.401367,-72.090149,40.168758,92.041008,-0.230225,-1.078857,-0.986572,88.661186,-67.581177,-51.940914
-0.064941,0.141602,-0.447998,-79.742432,34.339905,73.944092,-0.285645,-0.933105,-0.707764,-45.417782,9.132385,71.853638
-0.13208,0.120605,-0.512451,-89.126579,23.66638,65.490723,-0.248535,-0.942139,-0.70166,-39.253235,-1.548767,76.217651
0.476807,0.329834,-0.85791,28.511045,38.406372,62.416073,-0.003906,-0.477295,-1.027832,-205.535873,-66.635132,43.067928
0.077148,0.325684,-0.561768,-31.997679,37.04071,97.587578,0.000244,-0.504395,-1.043457,-203.079208,-66.596985,46.676632
0.493164,0.335938,-0.842773,35.957336,26.428221,54.374691,0.00415,-0.519287,-1.040527,-199.974045,-65.422058,50.376888
0.325439,0.283203,-1.125488,38.208008,-16.059875,4.356384,-0.039795,-0.543213,-1.057617,-197.456345,-65.010071,54.870602
0.529053,0.33667,-0.898193,38.299561,-1.89209,44.250484,-0.046875,-0.597168,-1.085693,-193.244919,-68.756104,54.092403
-0.24585,0.089111,-0.540771,-107.64312,-20.278929,72.58606,0.025635,-0.661133,-1.110107,-186.317429,-64.52179,50.270077
0.375244,0.284424,-1.111816,2.6474,36.529541,-33.859253,-0.011963,-0.74292,-1.104004,-181.747421,-50.201412,50.308224
0.322998,0.307129,-1.13916,3.814697,21.675108,-34.606934,-0.082275,-0.813721,-1.091064,-177.078232,-38.421631,49.415585
0.281738,0.343994,-1.169678,5.561828,4.325867,-29.45709,-0.094971,-0.841797,-1.074219,-167.137131,-35.736084,44.151302
0.266113,0.373047,-1.172852,5.050659,-11.83319,-24.864195,-0.087646,-0.84082,-1.038574,-151.443481,-40.893551,40.390011
0.261719,0.361084,-1.186035,4.127502,-25.108335,-22.644041,-0.028076,-0.421143,-0.991455,-205.619797,-68.634033,38.711548
0.256348,0.315918,-1.233887,6.195068,-33.172607,-19.599915,-0.057129,-0.830811,-1.021484,-133.758545,-42.091366,41.633602
0.26709,0.264648,-1.27417,9.277344,-36.949158,-16.540527,-0.125977,-0.81958,-0.970459,-122.817986,-46.295162,52.261349
0.260986,0.228027,-1.276123,11.970519,-36.659241,-15.945434,-0.149902,-0.82959,-0.878174,-116.615288,-46.737667,60.211178
0.230225,0.220215,-1.279053,15.624999,-33.615112,-16.105652,-0.201904,-0.842041,-0.809326,-110.473625,-37.147522,64.445496
0.512695,0.342041,-0.852295,38.032532,11.886596,47.782894,-0.187256,-0.872803,-0.741699,-105.590813,-14.999389,61.172482
0.215332,0.248779,-1.258057,17.417908,-29.20532,-14.343261,-0.146484,-0.873047,-0.739502,-104.911797,21.438597,48.416134
0.294678,0.285889,-1.150879,23.872374,-19.309998,-6.477355,-0.194824,-0.886475,-0.72168,-98.678581,38.024902,42.495724
0.375488,0.321533,-1.172363,40.870663,-20.172117,9.33075,-0.198975,-0.900391,-0.674561,-85.502617,31.280516,48.362728
0.40625,0.345703,-1.126709,31.646727,-22.27783,6.240844,-0.158203,-0.884277,-0.677002,-74.798584,24.894712,57.464596
0.426514,0.338867,-1.05542,23.109434,-21.675108,5.546569,-0.173584,-0.916504,-0.686035,-66.070557,23.384092,62.911983
0.436035,0.308105,-1.033203,20.797728,-20.225523,10.345458,-0.241211,-0.949707,-0.693115,-55.404659,19.668579,67.108154
0.452393,0.266357,-0.986572,24.070738,-18.470764,14.083861,-0.611572,-0.30249,-0.947266,42.732235,15.296935,-68.817139
0.476318,0.238525,-0.978516,28.358458,-18.562317,14.717101,-0.668213,-0.315674,-0.920654,41.343685,-1.548767,-67.581177
0.497314,0.231934,-0.970459,32.63092,-19.309998,16.960144,-0.69458,-0.312012,-0.874756,41.28265,-8.117676,-68.519592
0.511475,0.255371,-0.967285,37.086487,-17.555237,25.665281,-0.687988,-0.303955,-0.81543,41.564938,-7.4234,-69.526672
0.524902,0.300537,-0.95459,38.17749,-12.008666,36.834717,-0.512939,-0.257568,-0.57959,23.941038,55.709835,-59.67712
0.250488,0.286377,-1.195068,17.539978,-24.604795,-12.481688,-0.631836,-0.322021,-0.693848,38.841248,6.29425,-68.031311
0.453857,0.287842,-1.09668,5.012512,44.754025,-30.136106,-0.587646,-0.31543,-0.64917,32.752991,18.928528,-66.78009
-0.26123,0.103271,-0.564453,-118.812553,-51.933285,74.905396,-0.544434,-0.275146,-0.613525,26.885984,35.606384,-64.071655
-0.264404,0.131836,-0.596191,-148.445129,-87.905876,74.249268,-0.664795,-0.298828,-0.760254,40.985104,-2.449036,-69.236755
-0.644531,-0.919678,-0.969727,-122.116081,68.901062,14.770507,-0.550537,-0.307129,-0.942627,45.928951,36.247253,-73.669434
-0.578125,-0.830078,-0.894775,-119.728081,45.501705,9.880066,-0.463379,-0.276367,-0.881836,90.583794,100.730888,-79.147339
-0.375244,-0.853027,-0.840332,-122.695915,34.286499,3.120422,-0.531006,-0.331299,-0.963135,62.812801,83.137505,-86.72332
-0.255127,-1.01123,-0.795898,-118.934624,34.255981,-6.645202,-0.507813,-0.341797,-0.947266,70.991516,90.560905,-86.34185
-0.258545,-1.015869,-0.802979,-108.306877,35.522461,-8.956909,-0.491943,-0.328125,-0.918701,81.031792,95.626823,-83.549492
-0.251953,-0.950684,-0.833252,-97.908012,40.885921,-10.57434,-0.467529,-0.113281,-0.690674,127.822868,111.534111,-58.860775
-0.201904,-0.908447,-0.898682,-96.67968,48.957821,-23.002623,-0.393799,-0.246338,-0.830322,96.733086,105.735771,-77.606201
-0.17627,-0.915527,-0.927246,-95.443718,58.807369,-44.372555,-0.324463,-0.226074,-0.772949,100.875847,106.040947,-76.728821
-0.14209,-0.88916,-0.858887,-90.652458,59.875484,-63.674923,-0.354492,-0.210449,-0.727539,105.949394,105.316154,-74.256897
-0.11499,-0.910889,-0.852051,-77.781677,55.351254,-72.120667,-0.381104,-0.216553,-0.677002,113.471977,106.88018,-71.69342
-0.588623,-0.945313,-0.973145,-135.887146,89.660637,14.007567,-0.39917,-0.168701,-0.667236,119.461052,111.618034,-68.710327
-0.040039,-0.906982,-0.855469,-66.955566,58.570858,-74.264526,-0.43457,-0.147217,-0.6875,123.977654,114.204399,-64.559937
0.031738,-0.874268,-0.888184,-47.912594,80.894463,-78.643799,-0.466797,-0.273926,-0.552979,21.194456,75.012207,-54.199215
-0.00415,-0.798584,-0.922363,-43.212887,85.540764,-77.758789,-0.493896,-0.317871,-0.927246,49.453732,54.023739,-79.292297
-0.026611,-0.765869,-0.887207,-38.322449,85.601799,-79.872131,-0.416504,-0.284912,-0.556152,17.585754,88.554375,-48.660275
-0.058594,-0.804199,-0.817383,-33.706665,86.914055,-78.269958,-0.020508,-0.499756,-0.547607,21.766661,249.992355,-27.626036
-0.136719,-0.832764,-0.794922,-25.535582,94.009392,-71.342468,-0.385498,-0.281982,-0.556641,18.943787,109.642021,-41.900631
-0.204102,-0.800293,-0.736572,-15.335082,100.723259,-64.811707,-0.47876,-0.061279,-0.675293,126.426689,105.293266,-52.085873
-0.235352,-0.746582,-0.692871,-9.109497,104.24041,-57.006832,0.718994,-0.440918,-0.916016,-28.419493,249.992355,15.663146
-0.268066,-0.696289,-0.673096,-6.843566,108.619682,-47.988888,0.602539,-0.458252,-0.82666,-24.513243,249.992355,13.435363
-0.318115,-0.665283,-0.619385,-7.30133,110.130302,-39.970398,0.519043,-0.372803,-0.733643,-16.029358,249.992355,13.71765
-0.27417,0.135742,-0.569824,-133.781433,-76.446533,73.913574,0.51001,-0.302979,-0.686523,-9.437561,249.992355,12.901305
0.032959,-0.924805,-0.869141,-55.152889,69.351196,-78.430176,0.54126,-0.333008,-0.723877,-10.169982,249.992355,5.393981
-0.461426,-0.939941,-0.943604,-151.878357,95.512383,5.767822,0.454834,-0.399658,-0.743408,-9.95636,249.992355,-0.892639
-0.145264,-0.895264,-0.829834,-86.280815,56.900021,-71.907043,0.283203,-0.41748,-0.750732,-9.712219,249.992355,4.089355
-0.410645,-0.888916,-0.887207,-179.351791,79.521179,-1.533508,0.272949,-0.500732,-0.774414,-10.101317,249.992355,5.218505
-0.380371,-0.920898,-0.915039,-166.343674,90.057365,-1.960754,0.255127,-0.513672,-0.75,-6.233215,249.992355,2.052307
-0.156494,0.041504,-0.668945,-156.578064,-68.283081,63.400265,-0.390381,-0.279297,-0.562744,15.785216,97.961418,-44.029232
-0.162354,0.021484,-0.66748,-157.432556,-41.328426,54.748531,0.081055,-0.429199,-0.70752,-1.808166,249.992355,2.723694
-0.239014,0.019531,-0.673828,-163.513168,-5.050659,53.451534,-0.010742,-0.526855,-0.581299,13.526916,249.992355,-16.654968
-0.316162,-0.005615,-0.686035,-171.852097,28.175352,51.445004,-0.08667,-0.446777,-0.540039,26.138304,249.778732,-35.125732
-0.399658,-0.03125,-0.693848,-180.419907,46.890255,48.164364,-0.150635,-0.409424,-0.52832,26.512144,249.992355,-39.634705
-0.456543,-0.058105,-0.733154,-186.378464,52.856441,45.707699,-0.215088,-0.363281,-0.494873,24.024961,249.992355,-42.945858
-0.414551,-0.068848,-0.766602,-189.880356,52.894588,41.183468,-0.267334,-0.314941,-0.467773,20.240782,241.73735,-45.577999
-0.398193,-0.068359,-0.744873,-196.807846,51.277157,33.576965,-0.311523,-0.293945,-0.453613,17.303467,213.676437,-47.46246
-0.484863,-0.166016,-0.744629,-202.751144,48.538204,28.236387,-0.356689,-0.300049,-0.447266,17.196655,184.402451,-47.637936
-0.53125,-0.304932,-0.836182,-198.638901,46.897884,27.313231,-0.370117,-0.326416,-0.445313,21.598814,160.064697,-45.600887
-0.215332,0.089111,-0.63916,-155.11322,-84.777824,73.242188,-0.374756,-0.339355,-0.464111,26.626585,142.936707,-43.693539
-0.514893,-0.344238,-1.010254,-196.533188,69.473267,22.5296,-0.380371,-0.312256,-0.521729,24.67346,125.823967,-42.129513
-0.532715,-0.353271,-0.939697,-194.099411,54.573055,25.711058,-0.024902,-0.486084,-0.649414,5.577087,249.992355,-4.142761
-0.49707,-0.687988,-0.907227,-201.652512,64.483643,13.450622,-0.499023,-0.017578,-0.663086,122.581474,100.532524,-45.791622
-0.627441,-0.591064,-0.894775,-207.283005,62.377926,19.218445,-0.515869,-0.323975,-0.94165,55.381771,70.69397,-84.213249
-0.62207,-0.572021,-0.89624,-211.37236,70.632935,17.059326,-0.485107,0.068604,-0.663818,117.538445,102.233879,-41.595455
-0.552979,-0.541992,-0.912109,-213.531479,81.123344,12.405395,-1.10376,0.317139,-0.36084,52.429195,-61.279293,33.302307
-0.44165,-0.825928,-0.888916,-191.497787,71.640015,4.53949,-1.059082,0.307129,-0.446289,46.272274,-73.997498,30.860899
-0.48584,-0.517334,-0.904297,-210.662827,92.308037,7.911682,-1.031738,0.30835,-0.48291,39.260864,-82.305901,28.404234
-0.431396,-0.44165,-0.9104,-207.954391,92.750542,11.016845,-1.059326,0.324951,-0.529541,31.082151,-86.692802,26.069639
-0.449951,-0.349609,-0.984131,-203.018173,83.648674,17.50946,-1.10791,0.365723,-0.573975,21.087645,-87.318413,23.620604
-0.524414,-0.52832,-0.917236,-212.738022,87.654106,9.017944,-1.129883,0.389893,-0.589111,11.650084,-87.127678,20.713804
-0.044922,-0.171143,-0.684326,-32.905579,-42.953487,41.442867,-1.171875,0.387207,-0.60791,8.674622,-88.172905,20.225523
-0.471924,-0.336914,-0.613525,31.005857,-249.992355,75.157166,-1.128174,0.371094,-0.666504,7.186889,-85.960381,16.50238
-0.38916,-0.313721,-0.643799,38.757324,-245.681747,78.399658,-1.031738,0.37085,-0.76416,3.616333,-73.455811,12.031554
-0.326904,-0.262939,-0.707764,35.865784,-221.870407,78.704834,-0.99707,0.373779,-0.784912,9.117126,-54.351803,12.763976
-0.209717,-0.202148,-0.699951,23.315428,-194.084152,76.210022,-1.135254,0.329834,-0.301758,58.593746,-46.035763,34.812927
-0.079346,-0.185547,-0.657959,10.673522,-155.738831,71.94519,-0.987793,0.411621,-0.787598,14.465331,-43.289181,11.466979
0.028076,-0.184326,-0.649902,3.784179,-110.603325,69.023132,-0.956787,0.477295,-0.798584,14.72473,-28.45764,9.010315
-0.522705,-0.356934,-0.655273,22.3999,-249.855026,73.486328,-0.931885,0.486816,-0.794922,12.741088,-15.602111,9.44519
0.076416,-0.182617,-0.656494,-6.309509,-72.753906,62.484737,-0.947998,0.468994,-0.776123,12.84027,-0.289917,8.720398
0.030029,-0.173584,-0.671631,-20.286558,-49.171444,51.23138,-0.974609,0.464844,-0.717041,15.289306,10.551452,9.155273
-0.041992,-0.188965,-0.726318,-41.259762,-53.38287,38.459778,-0.997803,0.438965,-0.701416,15.716552,17.402649,9.880066
0.275879,-0.343994,-0.713379,6.790161,13.099669,44.578548,-1.011963,0.413574,-0.709961,17.26532,21.118162,5.905151
0.048096,-0.260742,-0.701416,-37.261963,-61.523434,45.478817,-1.027588,0.453125,-0.656006,18.074036,17.814636,3.173828
0.138184,-0.295654,-0.694824,-22.422789,-43.884274,49.102779,-1.025635,0.459961,-0.619629,17.250061,13.481139,2.990722
0.237061,-0.317383,-0.709717,-5.874633,-17.311096,48.301693,-1.02002,0.444824,-0.599365,18.52417,9.391785,-0.320435
0.257813,-0.382568,-0.730713,14.823913,38.452148,40.199276,-1.056152,0.470703,-0.613037,19.927979,2.067566,-3.578186
0.174316,-0.415039,-0.763916,19.569397,52.162167,37.094116,-0.977783,0.448975,-0.806396,15.151977,-37.239075,9.552002
0.035645,-0.449707,-0.789551,22.392271,51.513668,35.339355,-1.159424,0.324219,-0.276611,65.078735,-30.708311,36.53717
-0.101807,-0.476318,-0.794189,25.177,38.398743,34.721375,-0.504639,0.022705,-0.657715,119.140617,100.440971,-42.488094
-0.15625,-0.500977,-0.810547,30.540464,17.440796,37.094116,-1.186279,0.271484,-0.260254,81.29882,-4.768372,39.489746
-0.14502,-0.520264,-0.787354,42.137142,-1.518249,43.388363,-1.177734,0.305664,-0.251221,72.692871,-16.838074,37.834167
-0.590576,-0.345215,-0.638428,18.203735,-249.862656,69.007874,-0.388428,0.155029,-0.604492,118.865959,101.272575,-41.725155
-0.003418,-0.218994,-0.737061,-44.143673,-63.949581,40.550228,-0.378906,0.226318,-0.576904,126.274101,88.714592,-36.735535
-0.722412,-0.400879,-0.602295,20.301817,-249.992355,62.179562,-0.358643,0.275879,-0.558838,134.910583,67.230225,-26.275633
-0.137207,-0.525391,-0.711182,56.510921,-9.887695,47.134396,-0.369629,0.322998,-0.526367,142.181396,38.734436,-16.036987
-0.667236,-0.501465,-0.75415,18.814087,-249.992355,56.800838,-0.426514,0.356445,-0.507568,148.345947,4.295349,-12.748717
-1.525391,-0.427246,0.228516,-85.624687,-249.992355,21.881102,-0.476563,0.307373,-0.443359,156.097412,-38.337708,-18.966675
-1.491455,-0.477051,0.287842,-68.03894,-249.992355,18.417358,-0.546631,0.362061,-0.434814,162.033066,-77.705383,-15.678405
-1.315674,-0.470947,0.260742,-56.098934,-249.992355,18.180847,-0.623047,0.38916,-0.495361,160.15625,-100.784294,-2.807617
-1.128418,-0.432861,0.247314,-52.719112,-249.992355,25.833128,-0.685791,0.33252,-0.495361,155.174255,-114.486687,5.554199
-1.026611,-0.433594,0.248535,-50.582882,-249.992355,34.545898,-0.709473,0.292725,-0.483154,152.267456,-132.133484,5.180358
-0.965088,-0.475098,0.179688,-49.285885,-249.992355,42.91534,-0.428955,0.113525,-0.648438,116.722099,103.698723,-41.679379
-0.909424,-0.523926,0.085449,-43.373104,-249.992355,42.442318,-0.742188,0.284668,-0.459717,145.988464,-150.886536,9.361267
-0.894043,-0.544678,0.026367,-33.874512,-249.992355,31.074522,-0.789307,0.272705,-0.451416,135.734558,-157.569885,20.950315
-0.993408,-0.52124,-0.012451,-26.550291,-249.992355,24.391172,-0.815186,0.222412,-0.436279,121.963493,-145.973206,29.71649
-1.114746,-0.503906,-0.031982,-21.011351,-249.992355,36.094666,-0.859863,0.199463,-0.415771,106.246941,-121.696465,34.65271
-0.750488,-0.475342,-0.656006,22.811888,-249.992355,57.098385,-0.916016,0.230713,-0.382568,86.204521,-91.911308,39.978027
-1.095703,-0.493896,-0.04126,-15.205382,-249.992355,55.854794,-0.997314,0.237793,-0.299316,72.883606,-63.392635,42.701717
-0.970459,-0.486572,-0.166504,2.197266,-249.992355,69.869995,-1.095947,0.1604,-0.197998,76.721191,-41.084286,45.69244
-0.904541,-0.483154,-0.281738,-0.480652,-249.992355,64.89563,-1.117676,0.109131,-0.162842,89.706413,-23.925779,48.774715
-0.89209,-0.509766,-0.37207,0.770569,-249.992355,63.102718,-1.091797,0.147461,-0.229736,96.000664,-11.512755,49.156185
-0.89917,-0.519531,-0.426514,10.70404,-249.992355,64.865112,-1.115479,0.196533,-0.272217,93.101494,-2.388,47.019955
-0.857178,-0.52124,-0.523438,21.39282,-249.992355,67.962646,-1.161377,0.222656,-0.272705,88.043205,1.113892,43.17474
-0.773926,-0.536865,-0.63208,29.640196,-249.992355,70.655823,0.28418,-0.119873,-0.738037,-147.705078,-58.555599,-29.060362
-0.667236,-0.500732,-0.69165,29.693602,-249.992355,71.83075,0.281006,-0.104248,-0.717041,-144.264221,-59.17358,-32.89032
-0.57959,-0.464355,-0.744873,21.697996,-249.992355,69.656372,0.252197,-0.099121,-0.693604,-140.335083,-60.646053,-35.858154
-0.568604,-0.491699,-0.761963,16.593933,-249.992355,66.551208,0.095215,0.012451,-0.619873,-120.697014,-34.423828,-68.710327
-0.591309,-0.500488,-0.78125,14.976501,-249.992355,63.140865,0.181396,-0.020752,-0.689453,-134.414673,-56.221004,-45.799252
-1.015381,-0.503906,-0.072266,-3.52478,-249.992355,68.099976,0.150146,0.000732,-0.67041,-129.554749,-50.956722,-54.489132
-0.137207,-0.544678,-0.64917,72.952271,-7.93457,44.662472,0.127197,0.013428,-0.633301,-123.977654,-42.778011,-63.308712
-1.47998,-0.330566,0.233887,-100.33416,-249.992355,25.611876,0.296387,-0.155273,-0.755127,-147.003174,-59.379574,-25.657652
-0.090576,-0.524902,-0.687256,100.143425,8.827209,28.556822,0.210449,-0.066895,-0.681885,-137.825012,-59.791561,-39.367676
0.411621,0.392578,-0.614014,144.371033,72.853088,-110.633842,0.308594,-0.176025,-0.799072,-143.493652,-63.766476,-21.881102
0.378418,0.434326,-0.653809,129.127502,72.280884,-108.718864,0.42749,-0.321045,-0.93335,-137.390137,-93.475334,6.385803
0.335449,0.428955,-0.680664,113.105766,71.609497,-104.133598,0.328857,-0.206299,-0.880859,-138.618469,-81.68792,-10.940551
0.338379,0.438232,-0.785645,93.811028,72.006226,-106.063835,0.354736,-0.250488,-0.91333,-139.099121,-90.431206,-4.226685
0.368652,0.383301,-0.853271,78.010559,76.24054,-117.408745,0.404785,-0.298828,-0.936279,-138.816833,-94.902031,1.724243
0.412109,0.305908,-0.878662,66.848755,85.540764,-125.984184,0.387695,-0.452148,-0.919678,-119.400017,-119.522087,32.943726
0.455811,0.259766,-0.876953,57.472225,95.878593,-127.700798,0.42749,-0.333496,-0.916748,-136.253357,-89.462273,10.330199
0.467041,0.26416,-0.866699,46.035763,107.490532,-126.182549,0.429688,-0.345947,-0.902832,-135.543823,-86.242668,14.320373
0.450928,0.271729,-0.853271,33.477783,118.766777,-123.123161,0.430664,-0.378662,-0.895264,-133.506775,-84.564201,18.310547
0.413818,0.260498,-0.837646,22.544859,129.180908,-116.050713,0.382324,-0.407227,-0.90918,-129.127502,-87.089531,22.247313
0.455322,0.351563,-0.548828,157.859802,68.244934,-111.282341,0.328369,-0.409424,-0.933838,-125.877373,-97.785942,27.229307
0.3479,0.243652,-0.813477,15.510558,139.785767,-105.62896,0.334229,-0.416992,-0.940186,-123.802177,-110.801689,31.799314
0.311768,0.159424,-0.89502,1.747131,134.58252,-91.918938,0.062744,0.037354,-0.637207,-118.934624,-30.113218,-70.228577
0.352783,0.13916,-0.961426,-1.396179,121.444695,-81.321709,0.317139,-0.181396,-0.84668,-140.258789,-72.319031,-16.952515
0.404785,0.135498,-1.02417,-0.823975,103.408806,-72.990417,0.067627,0.065186,-0.647705,-113.891594,-35.736084,-68.618774
0.425049,0.140381,-1.043701,2.250671,83.213799,-66.52832,0.026367,0.227051,-0.760254,-67.955017,14.183043,-71.166992
0.406494,0.158691,-1.053711,7.308959,66.497803,-56.205746,0.084717,0.056641,-0.678955,-103.591911,-49.758907,-66.139221
0.407227,0.179199,-1.099609,10.673522,48.851009,-48.362728,-0.260742,0.403076,-0.773926,-30.891417,-1.358032,-67.100525
0.425781,0.198486,-1.123535,13.305663,37.437439,-37.918091,0.436279,-0.486084,-0.905762,-113.967888,-124.946587,31.440733
0.452881,0.22876,-1.105225,16.75415,35.118103,-26.93939,-0.290771,0.400635,-0.733398,-34.27887,-0.068665,-72.357178
0.495117,0.270996,-1.125,14.366149,38.253784,-23.757933,-0.265625,0.395996,-0.737549,-39.44397,2.830505,-73.707581
0.509277,0.293701,-1.113525,9.475708,43.273922,-26.390074,-0.200195,0.390137,-0.743652,-46.539303,3.883362,-77.438354
0.299805,0.203613,-0.829834,9.010315,143.066406,-96.916191,-0.132813,0.368408,-0.739502,-53.733822,3.166198,-82.160942
0.533936,0.332764,-0.529053,170.379623,52.001949,-107.734673,-0.080811,0.362793,-0.765869,-58.79974,3.028869,-83.564751
-0.106689,-0.553223,-0.651123,89.660637,-0.221252,38.070679,-0.067383,0.37915,-0.765625,-64.056396,9.353638,-80.917351
0.599609,0.283691,-0.520752,187.164291,-5.012512,-71.922302,-0.065674,0.385498,-0.752441,-71.853638,20.805357,-81.039421
-0.130859,-0.480469,-0.7146,103.706352,11.688231,20.019531,-0.098145,0.367188,-0.741455,-76.10321,32.00531,-79.89502
-0.2229,-0.448975,-0.727539,105.514519,4.623413,14.739989,-0.137207,0.325928,-0.695068,-73.043823,40.008545,-72.784424
-0.313721,-0.43335,-0.72168,110.969536,-10.543822,11.886596,-0.165283,0.300293,-0.647461,-69.587708,44.837948,-64.964294
-0.342529,-0.452393,-0.707764,124.923698,-30.075071,10.185241,-0.16748,0.280518,-0.653564,-68.252563,41.488644,-62.965389
-0.328369,-0.490234,-0.717773,142.356873,-49.934383,5.836486,-0.08667,0.260498,-0.709717,-68.29071,27.9541,-67.047119
-0.292725,-0.512207,-0.703125,158.13446,-63.430782,0.62561,0.085938,0.221436,-0.754395,-72.441101,5.714416,-71.250916
0.598877,0.315918,-0.513184,180.488571,28.167723,-94.520561,0.052002,0.233154,-0.730713,-81.382744,0.778198,-69.740295
-0.147217,-0.440674,-0.846436,174.514755,-76.972961,-11.520385,-0.029785,0.231689,-0.64502,-88.546745,-4.501343,-71.365356
-0.165039,-0.357666,-0.910645,163.970932,-85.777275,-15.640258,-0.068115,0.21167,-0.548828,-89.706413,-11.421203,-69.93103
-0.220459,-0.303223,-0.843018,140.296936,-91.033928,-9.796143,-0.046631,0.187012,-0.512207,-87.265007,-15.190124,-63.957211
-0.227539,-0.326904,-0.755127,127.471916,-96.29821,-0.854492,-0.037598,0.166748,-0.543457,-87.440483,-18.768311,-58.479305
-0.205566,-0.500732,-0.747559,170.135483,-70.732117,-4.364014,-0.029785,0.144043,-0.601563,-92.14019,-30.059813,-56.03027
-0.145752,-0.379395,-0.824707,136.383057,-118.431084,0.137329,0.026611,0.106689,-0.66333,-96.397392,-44.479366,-55.381771
-0.126709,-0.34668,-0.795166,134.880066,-121.116631,-7.003784,0.083984,0.07666,-0.699219,-100.33416,-50.567623,-59.608456
-0.064697,-0.26001,-0.70874,133.766174,-125.213615,-17.166138,0.067139,0.063477,-0.646484,-107.627861,-44.586178,-68.656921
0.01709,-0.152588,-0.714111,129.470825,-130.943298,-30.548094,-0.282227,0.404541,-0.745361,-31.913755,-1.251221,-71.304321
0.083008,-0.025879,-0.655762,132.263184,-138.496399,-38.963318,0.449707,-0.486816,-0.904541,-110.03112,-131.530762,29.907225
0.171143,0.083984,-0.540771,147.071838,-145.278931,-37.734985,0.496826,-0.486084,-0.943848,-101.928703,-153.129578,30.235289
0.238037,0.164795,-0.482666,164.37529,-141.174316,-37.582397,0.380859,-0.539795,-1.25,36.109924,86.990349,12.397765
0.351074,0.197754,-0.51416,176.994308,-125.335686,-41.893002,0.47583,-0.486084,-1.050781,38.391113,82.954399,14.648437
0.426758,0.17041,-0.56543,187.400803,-93.971245,-41.572567,0.588135,-0.377441,-0.931641,35.140991,85.922234,15.251159
0.510498,0.210693,-0.571533,190.528854,-49.537655,-49.797054,0.67627,-0.309326,-0.915527,27.19116,93.65081,17.631531
-0.171631,-0.361816,-0.792725,135.83374,-108.543388,-0.457764,0.62085,-0.35498,-0.88623,22.53723,93.90258,26.916502
-0.7229,0.1604,-0.427246,-19.020081,57.006832,100.730888,0.542236,-0.420166,-0.931152,19.767761,75.012207,29.136656
-0.644775,0.167969,-0.410645,-18.608093,68.04657,105.689995,0.658936,-0.413086,-0.954834,17.341614,74.119568,30.227659
-0.549072,0.185547,-0.455811,-19.081116,73.730469,110.244743,0.758545,-0.434082,-0.977539,16.319275,101.226799,29.769896
-0.491455,0.217529,-0.523438,-20.301817,76.980591,108.734123,0.815918,-0.447754,-1.00708,12.741088,136.161804,25.253294
-0.454102,0.263428,-0.523438,0.778198,40.931698,97.679131,0.637695,-0.32373,-0.988525,-3.14331,177.436813,31.013487
-0.543457,0.284668,-0.611816,-14.938354,77.774048,102.394096,0.334717,-0.542725,-1.469971,34.111023,85.136406,11.253356
-0.48999,0.286621,-0.600098,-7.743835,68.016052,101.867668,0.540771,-0.332764,-0.987793,-5.79071,185.073837,35.774231
-0.445313,0.278076,-0.564209,-2.746582,55.641171,99.311821,0.64624,-0.380371,-1.059082,-11.413573,213.050827,34.729004
-0.511475,0.257324,-0.579346,-19.721985,79.788208,104.293816,0.668457,-0.380859,-1.05127,-14.770507,234.107956,30.296324
-0.673096,0.177734,-0.47876,-23.880003,41.893002,98.991386,0.73999,-0.385254,-1.030762,-17.601013,248.687729,26.908873
-0.662842,-0.118896,-0.287842,-93.994133,37.269592,118.240349,0.827881,-0.34668,-0.983398,-22.14813,249.992355,26.321409
-0.466064,0.177246,-0.457764,-40.855404,28.671263,116.554253,0.825195,-0.30542,-0.922119,-29.258726,249.992355,25.817869
-0.489014,0.138184,-0.458984,-45.120235,43.41888,126.884453,0.778809,-0.334961,-0.903809,-33.210754,249.992355,23.109434
-0.525391,0.0979,-0.445068,-49.324032,61.119076,128.425598,0.800781,-0.395264,-0.933838,-33.004761,249.992355,18.203735
-0.550049,0.049072,-0.4104,-54.64172,71.090698,123.970024,0.895752,-0.430664,-0.94751,-30.044554,249.992355,13.656615
-0.616211,-0.002197,-0.358154,-59.17358,66.978455,119.86541,0.870605,-0.420166,-0.941895,-29.098509,249.992355,14.503478
-0.700928,-0.042236,-0.329102,-64.247131,48.072811,118.049614,0.453857,-0.486328,-0.911621,-105.857841,-141.540527,29.502867
-0.743896,-0.053223,-0.31543,-69.755554,23.559568,119.178764,0.587891,-0.368896,-1.028809,-8.537292,195.060715,36.849976
-0.730469,-0.049316,-0.311279,-76.377869,7.667541,123.451225,0.475342,-0.5,-1.52002,33.287048,71.975708,5.15747
-0.658691,-0.057617,-0.320068,-83.549492,4.333496,124.15313,0.792725,-0.380615,-1.010498,3.257751,162.391647,25.001524
-0.621826,-0.082031,-0.306641,-88.600151,14.793395,122.268669,0.964355,-0.362549,-1.158936,13.908385,22.064207,-4.905701
-0.483154,0.275146,-0.481934,3.471374,23.41461,99.06768,0.802979,-0.414307,-1.347168,25.55847,48.690792,-1.51062
-0.532715,0.194824,-0.487061,-33.157349,27.763365,104.095451,0.588135,-0.517334,-0.987061,-87.707512,-171.607956,29.258726
-0.510254,0.307617,-0.469238,4.135132,4.570007,102.294914,0.572266,-0.531494,-1.008545,-80.078125,-187.644943,28.861998
-0.425049,0.353516,-0.736328,25.215147,-6.034851,88.165276,0.547363,-0.578125,-0.986816,-71.403503,-214.538559,26.878355
-0.514648,0.424072,-0.471191,3.311157,-20.64514,116.561882,0.540771,-0.608887,-0.958496,-59.158321,-242.523178,23.643492
-0.704102,-0.176514,-0.247559,-99.342339,59.883114,111.762993,0.5979,-0.630615,-0.975586,-45.265194,-249.992355,18.356323
-0.302246,0.441162,-0.925293,25.535582,39.375305,42.053219,0.660156,-0.604004,-0.998047,-31.539915,-249.992355,11.253356
-0.335693,0.461182,-0.918701,24.505613,37.338257,46.936031,0.613037,-0.557617,-0.972412,-23.048399,-249.786362,7.873535
-0.377441,0.471436,-0.888916,18.844604,32.562256,48.263546,0.641113,-0.544434,-0.959473,-18.058777,-249.992355,5.676269
-0.406006,0.441895,-0.846191,13.702392,30.34973,47.46246,0.672607,-0.53125,-0.937012,-16.38031,-249.992355,2.075195
-0.400146,0.38208,-0.82959,16.586304,31.944273,48.645016,0.665039,-0.555176,-0.873535,-11.856078,-239.250168,-0.091553
-0.361328,0.353027,-0.854736,26.153563,34.873962,52.932735,0.571533,-0.505859,-0.964355,-96.687309,-162.322983,30.036924
-0.331299,0.382568,-0.900879,31.211851,38.17749,58.303829,0.642822,-0.493652,-0.783447,3.990173,-193.48143,2.754211
-0.327637,0.44165,-0.906494,28.800962,41.831966,65.551758,0.647461,-0.578369,-0.796143,0.427246,-219.871506,-0.297546
-0.348389,0.473389,-0.859619,23.704527,41.854855,72.601318,0.769531,-0.481689,-0.966064,-2.39563,-19.989014,4.295349
-0.499023,0.360352,-0.454346,3.250122,-12.390136,107.849113,0.703857,-0.490479,-0.912598,-11.924743,-32.249451,7.904052
-0.405273,0.462158,-0.800781,18.539429,37.773132,76.889038,0.661377,-0.465088,-0.848389,-14.442443,-42.022701,12.031554
-0.4104,0.383057,-0.733154,19.264221,9.765625,82.893364,0.618164,-0.450684,-0.779541,-15.945434,-54.679867,15.701293
-0.416748,0.348877,-0.72168,28.923033,-12.832641,93.269341,0.868164,-0.415771,-1.039795,6.439209,-1.76239,-0.137329
-0.423096,0.359131,-0.709961,28.907774,-8.995056,97.969048,0.563721,-0.392334,-0.727295,-13.572692,-96.092216,17.227173
-0.439697,0.368896,-0.703369,27.984617,-0.656128,102.775566,0.570313,-0.319824,-0.738037,-16.494751,-125.823967,15.373229
-0.45459,0.368164,-0.684082,27.969358,6.950378,106.018059,0.604736,-0.351563,-0.770996,-9.483337,-159.606934,10.047912
-0.466309,0.371338,-0.655518,27.252195,12.619018,105.552666,0.572754,-0.437744,-0.739746,-15.052794,-72.067261,18.15033
-0.456787,0.394043,-0.628418,24.55139,11.230468,100.891106,-0.765869,0.199707,-1.131836,141.76178,4.776001,60.249325
-0.503906,0.42627,-0.646729,20.187376,0.900268,100.288383,-0.670898,0.265625,-0.719482,244.346603,-46.836849,-17.799377
-0.567627,0.446777,-0.642822,14.038085,-13.145446,110.809319,-0.668701,0.313965,-0.739502,226.707443,-57.823177,-1.823425
-0.56543,0.453613,-0.558594,7.400512,-20.729063,120.147697,-0.671387,0.254395,-0.705322,210.258469,-64.041138,14.335631
-0.412598,0.428711,-0.750488,16.365051,26.596067,79.574585,-0.783447,0.331055,-0.646973,191.009506,-67.802429,28.411863
-0.732666,-0.256592,-0.216064,-101.531975,74.798584,105.094902,-0.803711,0.382324,-0.694092,175.476059,-63.148495,44.68536
-0.815186,-0.325684,-0.210693,-99.616997,84.251396,99.662773,-0.770264,0.2854,-0.789063,163.848862,-44.921871,52.055355
-0.921387,-0.353027,-0.210938,-97.785942,93.414299,97.335808,-0.606445,0.194824,-0.612061,249.992355,-25.55847,-20.584105
-1.259766,-0.414307,-0.12207,5.683898,248.92424,-33.630371,-0.75708,0.209473,-0.906738,154.220581,-23.521421,51.460262
-1.482422,-0.302246,-0.119385,-8.766174,249.992355,-44.471737,-0.773682,0.191406,-1.026123,148.101807,-7.888793,54.931637
-1.61084,-0.326904,-0.019531,-16.639709,249.992355,-41.305538,-0.731934,0.216064,-1.198242,132.026672,16.311646,63.354488
-1.47876,-0.411865,0.209717,-5.317688,191.024765,-27.481077,-0.854736,0.234619,-0.761963,59.761044,18.348694,69.68689
-1.273682,-0.447754,0.341064,14.85443,119.903557,-17.51709,-0.740967,0.258057,-1.096436,102.073662,40.023804,65.39917
-1.240967,-0.429688,0.281738,31.417845,78.216553,-12.268065,-0.837158,0.261475,-0.945557,84.83886,40.863033,67.115784
-1.188721,-0.356445,0.275146,39.642334,60.6842,-5.958557,-0.874268,0.243408,-0.825684,71.105957,31.394957,70.06073
-1.155518,-0.200684,0.372559,38.032532,73.005676,-4.730225,-0.806641,0.231201,-0.780029,49.804684,2.853393,63.781734
-1.047852,-0.020752,0.545166,28.480528,114.295952,-21.835325,-0.757813,0.203613,-0.83374,40.466305,-13.519286,56.289669
-0.784424,0.102051,0.77002,16.609192,159.492493,-60.157772,-0.718994,0.173828,-0.882568,31.143187,-31.86035,48.698421
-1.095947,-0.537598,-0.091553,5.928039,249.954208,-21.308897,-0.668457,0.149414,-0.901123,23.475645,-51.544186,41.099545
-0.775146,0.164063,1.009521,9.590149,186.309799,-101.737968,-0.648682,0.138184,-0.899658,18.730164,-65.078735,36.865234
-1.55249,0.172607,0.838135,8.934021,94.223015,-107.818596,-0.666992,0.131104,-0.804443,16.88385,-67.764282,34.317017
-1.777344,-0.013184,0.706299,19.920349,-37.338257,-89.851372,-0.562744,0.128906,-0.429443,249.992355,3.128052,-21.362303
-2.05127,-0.196289,0.314453,43.487545,-142.097473,-75.546265,-0.702148,0.22583,-1.197266,118.392937,29.129026,64.086914
-2.343994,-0.292236,-0.5625,22.171019,-200.805649,-39.352417,-0.554688,0.105713,-0.27124,248.825058,28.816221,-29.571531
-2.362061,-0.296631,-1.373291,-44.090267,-227.157578,2.059937,-0.724854,0.130371,-0.669434,17.951965,-64.819336,27.9541
-1.860107,-0.220459,-1.224854,-78.300476,-247.253403,13.877868,-0.459473,-0.139404,-0.475586,214.118942,109.458916,-56.602474
-1.51416,-0.171387,-0.498291,-82.588188,-249.992355,5.973815,-0.435791,-0.807861,-0.590088,34.507751,17.921448,-19.020081
-1.443848,-0.161377,0.005371,-85.876457,-249.847397,-3.578186,-0.376221,-0.876709,-0.609863,56.381222,-0.87738,-17.913818
-1.382813,-0.165283,0.146484,-89.218132,-248.214706,-2.052307,-0.28418,-0.965332,-0.740479,74.60022,-7.064819,-10.597228
-1.373047,-0.159424,0.165527,-96.130363,-249.786362,6.134033,-0.330322,-1.00708,-0.807617,89.74456,-4.737854,-7.659912
-1.198486,0.235107,1.00415,9.094238,181.999191,-121.864311,-0.414551,-0.95459,-0.8479,97.259514,-3.196716,-13.549804
-1.093018,-0.588379,-0.089355,-4.577637,249.992355,-16.647339,-0.481445,-0.812012,-0.876221,98.609917,-1.815796,-17.333984
-1.443115,-0.218262,0.271484,-103.759758,-249.992355,15.853881,-0.50293,-0.741455,-0.895264,97.80883,7.011413,-17.929077
-1.217285,-0.578857,-0.074951,-26.382444,249.992355,-7.92694,-0.494629,-0.716797,-0.908203,95.329277,23.017881,-15.747069
-0.979492,-0.350098,-0.218506,-98.754875,104.225151,94.696037,-0.561768,-0.655029,-0.925293,91.064445,44.761654,-3.067016
-0.991211,-0.351563,-0.233887,-100.105278,113.327019,89.462273,-0.630859,-0.657471,-1.0,82.481377,67.9245,13.870238
-0.984131,-0.356689,-0.251465,-99.250786,117.248528,82.992546,-0.548096,0.048584,-0.309326,232.780441,60.9436,-49.819942
-0.963379,-0.373535,-0.274414,-95.237724,118.331902,75.546265,-0.493652,-0.837891,-1.088867,78.102112,89.263908,17.379761
-0.936035,-0.415039,-0.298584,-90.12603,119.369499,67.733765,-0.066895,-0.9646,-0.971436,123.245232,109.680168,9.414673
-0.944336,-0.475342,-0.32251,-84.220879,123.092644,62.179562,-0.023438,-0.696777,-0.928223,150.978088,92.971794,2.494812
-1.178223,-0.58667,-0.07959,-17.26532,249.977097,-13.427733,0.096191,-0.60791,-0.80542,200.546249,66.383362,4.28009
-1.118896,-0.571533,-0.303467,-68.237305,130.065918,61.271664,0.232178,-0.447754,-0.641113,245.52916,49.270626,-7.400512
-1.182617,-0.541016,-0.344482,-66.619873,134.140015,62.69836,0.282959,-0.051758,-0.640625,249.992355,39.276123,-17.555237
-1.126221,-0.476074,-0.389404,-74.935913,148.796082,60.592648,0.252441,0.164551,-0.790283,249.710068,50.933834,1.014709
-1.007813,-0.443604,-0.38208,-83.633415,170.913681,57.945248,0.08667,0.185547,-1.054932,249.992355,88.523857,26.786802
-1.016846,-0.542236,-0.314209,-76.316833,127.937309,60.104366,-0.060791,0.014404,-1.11084,249.992355,131.43158,32.333374
-1.049316,-0.48999,-0.324219,-83.976738,194.015488,54.069515,-0.16626,-0.138916,-0.889404,236.122116,160.217285,17.448425
-1.107178,-0.524414,-0.287109,-78.300476,185.508713,50.132748,-0.30127,-0.235352,-0.646729,216.583237,153.091431,-22.735594
-1.158447,-0.545166,-0.264893,-74.577332,172.56926,46.241756,-0.231445,-1.030273,-1.061523,95.298759,105.75103,15.022277
-1.193359,-0.550537,-0.26123,-71.44928,164.916977,41.595455,-0.791504,0.183594,-0.590088,18.836975,-64.338684,19.721985
-1.190186,-0.549805,-0.21582,-65.101624,170.051559,37.376404,-0.393555,-0.73584,-0.673584,15.472411,44.158932,-17.967224
-1.146729,-0.539063,-0.166748,-56.510921,191.902145,31.188963,-0.797363,0.270508,-0.564697,19.15741,-76.568604,-0.411987
-1.082764,-0.525391,-0.119629,-48.84338,225.074753,19.966125,-0.328369,0.597656,-0.845703,12.855529,-30.670164,-21.835325
-1.05835,-0.518066,-0.10376,-42.5415,247.932419,6.034851,-0.36499,0.587158,-0.846191,9.552002,-28.594969,-21.461485
-1.122559,-0.530273,-0.119629,-36.888123,249.992355,-4.333496,-0.381836,0.53125,-0.841309,7.698059,-34.347534,-20.881651
-1.180908,-0.562744,-0.103516,-32.089233,249.992355,-5.615234,-0.356201,0.469238,-0.842773,7.919311,-42.579647,-23.101805
-0.98291,-0.452393,-0.351318,-86.72332,188.590988,56.953426,-0.323486,0.44165,-0.856689,8.94928,-49.453732,-24.734495
-0.447021,0.033691,-0.916992,249.992355,23.773191,-193.778976,-0.326172,0.445557,-0.866699,10.627746,-52.62756,-22.430418
-0.45752,-0.057861,-1.021484,249.992355,15.731811,-204.154953,-0.326416,0.460693,-0.836182,11.436461,-48.057552,-21.209715
-0.464355,0.015137,-1.235107,249.992355,7.347106,-210.319504,-0.291992,0.486084,-0.815186,9.803772,-35.064697,-24.337767
-0.572266,0.205566,-1.387207,249.992355,5.958557,-201.911911,-0.268066,0.497314,-0.841064,5.584716,-19.485474,-28.244017
-0.587158,-0.687744,-0.790771,192.337021,137.832642,-74.577332,-0.31665,0.485352,-0.835205,-4.096985,1.190186,-39.962769
-0.789307,-0.126709,-1.14209,249.992355,34.77478,-146.91925,-0.2854,0.550293,-0.889893,16.319275,-43.586727,-15.502929
-0.757568,-0.290039,-0.989502,249.992355,70.449829,-128.791809,-0.320557,0.460693,-0.811279,-6.843566,4.875183,-45.394894
-0.686768,-0.45874,-0.88623,235.06926,112.251274,-96.481316,-0.319336,0.449951,-0.828369,-5.447387,7.43103,-50.254818
-0.729248,0.182861,-1.341553,249.992355,14.961242,-172.203049,-0.279785,0.472168,-0.843018,-6.393432,10.269164,-50.132748
-0.379639,0.320557,-0.977051,249.992355,12.641906,-188.476547,-0.224121,0.477051,-0.883789,-10.185241,16.014099,-48.599239
-0.036621,0.29126,-1.000732,86.700432,-46.638485,-168.289169,-0.244629,0.47876,-0.897461,-14.129638,22.811888,-47.981258
-0.134033,0.414795,-1.138672,249.992355,-49.560543,-188.44603,-0.296387,0.481201,-0.855713,-15.525817,23.994444,-50.430294
-0.03125,0.341553,-1.100342,249.992355,-54.473873,-176.383957,-0.313477,0.465332,-0.834473,-17.341614,16.578674,-56.037899
0.031006,0.254883,-1.0,241.592392,-48.065182,-169.296249,-0.284424,0.449463,-0.830322,-21.957396,3.883362,-60.966488
0.035645,0.243896,-0.9104,219.978317,-46.57745,-155.097961,-0.253906,0.431152,-0.816406,-26.901243,-4.890442,-60.69183
0.014404,0.224854,-0.949707,194.602951,-43.54858,-141.799927,-0.245361,0.412598,-0.796143,-29.647825,-4.02832,-61.790462
0.014893,0.290283,-0.955322,183.547958,-39.56604,-136.955261,-0.816406,0.24707,-0.556396,18.836975,-68.222046,10.620116
-0.028076,0.336182,-0.981201,173.973068,-36.979675,-141.136169,-0.313721,0.438965,-0.807861,-6.393432,6.523132,-49.026485
-0.04126,0.381104,-1.025879,157.371521,-38.200378,-157.363892,-0.281006,0.514404,-0.95874,17.601013,-59.112545,-7.728576
-0.038574,0.415039,-1.042236,130.554199,-43.273922,-166.404709,-0.287354,0.497314,-0.857178,0.450134,-6.484985,-33.439636
-0.050293,0.369141,-1.045654,105.842583,-46.943661,-168.960556,-0.349854,0.508789,-0.984131,21.263121,-76.393127,-7.43103
-0.418457,-0.725586,-0.684082,156.776428,145.599365,-77.690125,-0.307617,0.506592,-0.991943,18.928528,-70.411682,-5.226135
-0.293457,0.469238,-1.09375,249.847397,-23.16284,-190.803513,-0.718506,0.325439,-0.674072,25.489805,-108.749382,-15.708922
-0.243896,-0.655273,-0.762207,142.196655,141.777039,-85.281364,-0.713135,0.342529,-0.735596,29.945372,-127.960197,-25.650023
0.001221,-0.654297,-0.40918,33.920288,-30.548094,5.622863,-0.688965,0.356201,-0.802002,34.248352,-144.035339,-33.248901
0.165039,-0.583252,-0.849854,143.356323,78.201294,-51.956173,-0.619385,0.377197,-0.86792,36.949158,-144.485474,-39.344788
0.020508,0.267334,-0.978516,71.968079,-47.149654,-166.572556,-0.481445,0.374023,-0.909912,41.336056,-123.191826,-50.331112
-0.071045,-0.484375,-0.122803,51.155087,-190.292343,-55.076595,-0.436768,0.411133,-0.928467,43.647762,-90.637199,-64.399719
-0.256348,-0.613037,-0.128418,40.290829,-192.321762,-47.561642,-0.601074,0.514648,-0.915039,35.78949,-67.268372,-75.622559
-0.351074,-0.591797,-0.072998,38.047791,-230.201706,-24.734495,-0.770508,0.594482,-0.845215,25.901793,-66.497803,-80.26886
-0.327393,-0.680908,0.050537,51.635738,-249.198898,-11.764525,-0.796631,0.621338,-0.819824,20.957945,-81.672661,-76.332092
-0.151611,-0.507568,0.145752,60.829159,-249.992355,-9.414673,-0.727295,0.593018,-0.844238,20.744322,-96.794121,-67.550659
0.122803,-0.248779,0.118652,44.776913,-249.992355,-6.835937,-0.741943,0.287842,-0.616943,21.598814,-91.361992,-8.44574
0.424072,-0.185547,0.177979,20.004272,-231.971725,-13.603209,-0.585693,0.489502,-0.999756,28.251646,-109.199516,-52.215572
0.497559,-0.325195,0.198486,-2.738952,-175.224289,-17.38739,-0.647949,0.539063,-0.91748,22.354124,-105.773918,-58.753963
0.253418,-0.563721,-0.059814,-3.250122,-122.467033,-18.119812,-0.547119,0.510986,-0.98291,16.685486,-68.077087,-27.145384
0.009033,-0.605957,-0.84375,124.046318,113.098137,-70.709229,-0.617188,0.556396,-0.986084,11.260985,-43.54858,-43.739315
-0.011475,-0.611816,-0.241211,3.860473,-84.274284,-17.066956,-0.58374,0.600586,-0.990479,12.008666,-16.067505,-52.047726
-0.098389,-0.695313,-0.385254,19.790649,-42.472836,5.401611,-0.520508,0.601318,-0.984131,16.921997,-5.004883,-49.59869
0.097412,-0.689209,-0.416992,54.405209,-27.297972,-7.011413,-0.433594,0.502441,-0.97583,21.606443,-77.301025,-13.916015
0.135986,-0.706055,-0.463623,70.404053,-27.214048,-14.488219,-0.487305,0.56665,-1.020996,30.685423,-50.628658,-40.878292
0.061523,-0.726318,-0.552734,79.498291,-22.865294,-8.979797,-0.502441,0.517578,-1.049072,36.354065,-83.030693,-42.976376
0.016113,-0.733154,-0.654785,84.213249,-11.528014,-8.872986,-0.52832,0.474854,-1.043945,35.324097,-103.73687,-46.943661
0.016846,-0.720459,-0.700684,90.095512,-2.380371,-6.988525,-0.480469,0.5896,-0.985352,23.117064,-19.233704,-43.601986
-0.05249,-0.720947,-0.687256,103.561394,6.988525,-0.38147,0.411865,-1.162109,-0.5354,-100.105278,-119.422905,5.889892
-0.119385,-0.742188,-0.608154,132.675171,22.087095,4.394531,0.287598,-1.300049,-0.640381,-127.685539,-249.992355,14.396667
-0.048584,-0.690674,-0.590088,168.853745,39.474487,-9.239197,0.311279,-1.25708,-0.664307,-128.890991,-246.665939,16.983032
0.134521,-0.599609,-0.698242,177.040085,54.76379,-33.576965,0.372559,-1.237305,-0.638428,-130.79834,-233.596786,15.144347
-0.122559,-0.689453,-0.326904,9.83429,-60.386654,-4.852295,0.478516,-1.25,-0.565918,-126.907341,-215.194687,6.950378
0.057617,0.232178,-0.970215,64.64386,-50.72784,-162.796005,0.605713,-1.279541,-0.510498,-119.194023,-188.293442,-2.304077
0.222656,-0.432861,-0.219727,71.31958,-231.529221,-79.971313,0.649414,-1.276367,-0.534912,-114.494316,-155.990601,-6.950378
0.128174,0.188965,-0.993896,61.584469,-60.386654,-159.255981,0.270508,-1.331299,-0.573242,-130.149841,-249.992355,11.322021
-0.111328,0.369873,-1.077148,32.569885,96.984856,18.577576,0.617432,-1.244873,-0.577881,-111.282341,-129.592896,-6.538391
-0.11499,0.411133,-1.120117,37.002563,86.631767,26.596067,0.526123,-1.202393,-0.56665,-106.613152,-116.119377,-1.571655
-0.126953,0.470459,-1.146729,36.460876,75.553894,30.326841,0.361084,-1.153809,-0.470703,-89.721672,-140.365601,15.197753
-0.160156,0.489746,-1.136719,32.791138,63.308712,27.175901,0.654053,-1.171631,-0.329346,-45.56274,-230.65947,38.825989
-0.205078,0.484863,-1.11084,27.633665,55.412289,23.941038,0.452881,-1.192139,-0.300537,-64.102173,-196.182236,29.693602
-0.261475,0.470459,-1.045166,23.063658,53.764339,19.218445,0.560303,-1.211182,-0.331055,-55.480953,-214.714035,31.73065
-0.317139,0.465576,-0.99707,21.949766,52.940365,11.749267,0.632568,-1.213379,-0.360596,-49.575802,-226.676926,33.996582
-0.313965,0.469727,-0.98584,25.215147,46.737667,8.125305,0.664307,-1.123779,-0.286377,-41.770931,-227.722153,47.691341
-0.283447,0.498047,-0.973877,27.992247,38.604736,10.360717,0.662354,-1.07251,-0.22583,-34.095764,-217.895493,58.685299
-0.25,0.526855,-0.979492,28.656004,32.562256,13.206481,0.643311,-0.991699,-0.072998,-22.773741,-202.285751,66.650391
-0.105957,0.383789,-1.041504,28.656004,108.383171,19.065857,0.63916,-0.906982,0.069336,-14.839171,-187.545761,70.19043
-0.266357,0.521484,-0.997559,27.984617,33.180237,14.312743,0.67749,-0.838623,0.051025,-17.402649,-172.218307,70.243835
-0.298096,0.492432,-1.000732,23.15521,46.310421,6.988525,0.810059,-0.791748,0.045898,-25.314329,-139.732361,65.711975
-0.316895,0.504883,-1.020264,20.698545,52.74963,5.874633,0.225098,-1.299805,-0.512939,-136.940002,-249.908432,11.054992
-0.32373,0.513428,-1.003174,18.836975,54.412838,10.963439,0.388428,-1.175781,-0.361328,-76.705933,-170.204147,24.345396
-0.319092,0.495605,-0.950928,18.608093,48.759457,17.76123,0.184814,-1.225586,-0.480713,-145.591736,-249.778732,15.083312
-0.361328,0.459961,-0.895264,19.943237,40.771481,23.017881,-0.071777,-0.609131,-0.276611,-143.77594,-52.574154,23.834227
-0.394775,0.433105,-0.846436,21.308897,32.829285,27.976988,0.039307,-1.130615,-0.488525,-155.433655,-203.384384,21.995543
-0.380859,0.423828,-0.827881,20.904539,28.259275,31.242369,0.901367,-0.755859,0.070068,-25.848387,-86.288445,54.183956
-0.348145,0.411621,-0.845703,21.461485,29.914854,31.845091,-0.065186,-0.652344,-0.344238,-148.170471,-54.740902,22.308348
-0.312988,0.414063,-0.898438,23.16284,35.102844,33.256531,-0.074219,-0.60376,-0.408203,-154.701233,-59.539791,25.177
-0.293701,0.432373,-0.92627,24.200438,38.871765,36.575317,-0.096924,-0.538818,-0.434082,-160.362244,-67.405701,27.328489
-0.286865,0.50708,-1.006348,26.084898,38.993835,11.978148,-0.098633,-0.53833,-0.419434,-164.512619,-74.829102,27.70233
-0.06543,0.447266,-1.02124,26.206968,122.291557,31.745909,-0.081055,-0.592529,-0.402588,-166.992172,-79.032898,25.192259
0.089355,0.214111,-0.974121,62.660213,-55.923458,-159.812927,-0.040771,-0.651611,-0.406738,-169.204697,-82.740776,22.178648
-0.006348,0.549072,-1.023682,22.40753,175.292953,55.702206,0.001221,-0.694336,-0.442139,-174.568161,-85.113518,22.445677
0.186768,0.183594,-1.0354,57.014462,-57.884212,-155.548096,0.026855,-0.741211,-0.469482,-179.794296,-80.482475,22.621153
0.235352,0.247559,-1.082275,46.859737,-44.647213,-146.911621,0.051514,-0.791748,-0.459473,-182.403549,-73.524475,21.919249
0.155518,0.275146,-1.098389,33.790588,-24.032591,-140.594482,0.048584,-0.81543,-0.441406,-186.080917,-72.242737,23.773191
0.044434,0.279541,-1.088135,22.972105,-8.834839,-132.713318,0.002197,-0.835693,-0.435059,-190.467819,-76.126099,24.80316
0.012207,0.31958,-1.082275,9.788513,-0.343323,-117.904655,0.012207,-0.85083,-0.443359,-195.510849,-83.808891,25.405882
-0.000732,0.364502,-1.074463,-1.121521,7.308959,-97.335808,0.034912,-0.85083,-0.471436,-201.538071,-88.23394,30.143736
-0.03418,0.52124,-1.006592,24.314878,145.729065,47.622677,0.028809,-0.824463,-0.498047,-206.46666,-83.32061,34.515381
0.041504,0.337402,-0.997314,-17.150879,16.838074,-65.856934,0.04541,-0.823242,-0.505371,-207.22197,-75.454712,34.759521
0.19458,0.388916,-0.97876,-32.775879,30.799864,-54.916378,0.071045,-0.859131,-0.462402,-203.254684,-73.509216,31.921385
0.305908,0.406006,-0.980225,-53.764339,59.516903,-40.451046,0.066406,-0.923828,-0.418701,-198.730453,-80.482475,27.549742
0.309326,0.381592,-0.946045,-71.105957,94.764702,-23.620604,0.035645,-1.006592,-0.426758,-193.649277,-97.80883,22.491453
-0.013428,0.352295,-1.027832,-7.881164,12.809752,-78.323364,-0.01001,-1.084229,-0.459961,-188.674911,-122.062675,19.966125
0.11792,0.38623,-0.862061,-80.596916,135.276794,0.114441,-0.04541,-1.155273,-0.5271,-183.494553,-143.798828,22.323606
0.047852,0.319336,-0.887207,-72.235107,133.766174,9.719849,-0.078857,-1.177734,-0.559082,-175.689682,-158.927917,25.070189
0.043701,0.319336,-0.975098,-59.997555,125.137321,26.80969,-0.056641,-1.154785,-0.538574,-164.718613,-176.040634,23.941038
0.155029,0.362549,-0.99292,-50.704952,123.76403,46.455379,0.130615,-1.152588,-0.461914,-150.856018,-235.534653,19.454956
0.324707,0.330322,-0.98877,-45.883175,143.463135,52.581783,0.889404,-0.703369,0.005127,-23.971556,-34.385681,43.42651
0.438232,0.290283,-1.035889,-43.228146,176.086411,34.515381,-0.008057,-0.622559,0.003906,71.998596,164.237961,9.620667
0.381348,0.271729,-1.016357,-33.332825,203.430161,10.742187,0.810547,-0.596436,-0.189697,-48.095699,44.212337,17.51709
0.242432,0.289795,-0.986328,-14.48059,218.513474,3.799438,0.062256,-0.910156,-0.169678,72.227478,249.992355,32.699585
0.115967,0.388916,-1.013672,5.500793,218.208298,20.011902,0.032715,-0.905029,-0.119873,68.725586,249.992355,43.472286
0.047852,0.510498,-1.045166,17.631531,201.965317,44.250484,0.064941,-0.871338,-0.078857,69.656372,249.847397,41.793819
0.242188,0.400391,-0.898682,-80.085754,121.948235,-8.872986,0.050781,-0.82666,-0.087158,74.195862,249.755844,33.279419
-0.705811,-1.138428,-0.050049,-106.689445,36.697388,171.157822,-0.017578,-0.768066,-0.103271,81.954948,249.992355,28.20587
-0.700684,-1.064697,-0.112061,-115.806572,51.87225,176.567062,-0.040527,-0.669922,-0.126953,87.776176,245.582565,26.863096
-0.708496,-1.030518,-0.163574,-119.552605,61.248775,182.067856,-0.059082,-0.575928,-0.14624,83.877556,216.41539,22.521971
-0.698486,-1.012939,-0.182129,-119.033806,66.03241,180.38176,-0.006836,-0.485107,-0.173584,74.508667,188.667282,12.435912
-0.551758,-0.833252,-0.003906,-144.836426,81.893913,159.355164,0.08374,-0.44043,-0.18335,62.561031,172.264084,9.117126
-0.68457,-1.040771,-0.039307,-110.107414,75.935364,165.061935,0.058838,-0.521729,-0.112061,60.348507,167.90007,17.341614
-0.627686,-1.036865,0.056641,-113.731377,78.094482,159.492493,0.197998,-0.924316,-0.215576,79.406738,249.992355,16.838074
-0.5625,-0.956055,0.061035,-127.510063,79.856873,157.516479,0.843506,-0.651367,-0.101807,-30.914305,8.804321,31.044004
-0.691895,-1.015137,-0.13916,-114.768974,71.228027,172.950729,-0.177979,-0.485352,-0.247559,87.692253,121.032707,3.356933
-0.751221,-1.234619,0.011475,-93.91021,22.605894,167.999252,-0.300293,-0.364502,-0.361084,74.958801,93.856804,10.475158
-0.891357,-1.139404,0.256592,-132.102966,65.620422,44.082638,-0.380371,-0.357178,-0.38916,55.14526,74.180603,16.448975
-0.860107,-1.280762,-0.060059,-83.930962,6.29425,169.624313,-0.439453,-0.500977,-0.495361,32.371521,66.459656,23.239134
-0.834961,-1.220703,-0.150635,-91.728203,9.124756,167.343124,-0.400391,-0.661377,-0.563477,31.265257,67.405701,22.033689
-0.747803,-1.201172,-0.197266,-101.21917,22.293089,156.303406,-0.38208,-0.641113,-0.422607,37.68158,75.714111,13.488769
-0.638184,-1.25708,-0.161865,-106.346123,43.060299,137.084961,-0.383545,-0.588379,-0.382813,36.834717,74.798584,4.920959
-0.624023,-1.326904,-0.105713,-107.223503,64.880371,110.305779,-0.33667,-0.600342,-0.41748,27.053831,63.056942,-0.869751
-0.758301,-1.358154,-0.153076,-113.533012,78.865051,90.148918,-0.259033,-0.595947,-0.492676,14.244079,62.416073,-6.843566
-0.951172,-1.311035,-0.210449,-130.53894,81.588737,83.297722,-0.259033,-0.626709,-0.63916,4.15802,67.024231,-12.96234
-1.066406,-1.187012,-0.172363,-150.260925,76.782227,81.275932,-0.041016,-0.644043,-0.092041,88.142387,146.110535,-0.259399
-1.060303,-1.106445,-0.009766,-158.966064,68.878174,76.60675,0.383057,-0.942383,-0.268066,85.441582,249.992355,4.53186
-0.974854,-1.095215,0.136719,-151.245117,63.682552,64.338684,-0.322021,-0.679688,-0.702881,4.570007,64.041138,-17.26532
-0.601074,-0.75708,-0.062988,-155.990601,84.747307,162.239059,0.549561,-0.96582,-0.227539,103.630058,249.992355,7.713317
-0.814209,-1.299072,0.012207,-84.159843,12.092589,167.076096,0.884521,-0.537354,-0.208008,-70.175171,66.215515,4.798889
-0.680908,-0.780518,-0.134766,-155.738831,88.348381,161.560043,1.107178,-0.492676,-0.282471,-89.050285,114.242546,-18.440247
-0.269775,-0.572754,-0.061279,-84.20562,163.589462,89.179985,1.619141,-0.594971,-0.404785,-98.663322,212.371811,-48.759457
-0.699707,-0.955811,-0.141357,-129.814148,104.286186,137.657166,2.171387,-0.836182,-0.495117,-80.757133,249.992355,-50.178524
-0.818848,-1.175537,0.353516,-110.54229,71.296692,21.934507,1.972656,-0.90332,-0.549072,-35.003662,249.992355,-12.077331
-0.331543,0.049561,-0.365967,-92.216484,64.064026,62.004086,1.533203,-0.874512,-0.494141,36.270142,249.992355,20.957945
-0.250977,-0.027832,-0.320313,-84.96093,50.971981,65.483093,0.513428,-0.946289,-0.26001,94.03228,249.992355,0.183105
-0.232666,-0.125488,-0.377441,-79.742432,40.168758,67.78717,0.693604,-0.708984,-0.674561,63.316341,249.992355,92.910759
-0.308838,-0.213623,-0.401367,-81.077568,34.965515,73.066711,0.678467,-0.675049,-0.923096,65.444946,249.992355,75.35553
-0.379639,-0.246826,-0.374268,-93.475334,33.210754,77.285767,0.929199,-0.760986,-0.810303,68.267822,249.992355,72.242737
-0.388672,-0.235352,-0.295166,-104.675285,33.287048,85.113518,1.04834,-0.831299,-0.613037,63.4613,249.992355,71.151733
-0.295654,-0.199951,-0.255859,-111.076347,35.720825,90.583794,1.120117,-0.827393,-0.579346,74.165344,249.992355,68.305969
-0.208496,-0.184814,-0.243652,-115.295403,48.019405,92.323296,1.143311,-0.901855,-0.57251,54.595943,249.992355,65.696716
-0.196777,-0.192383,-0.222168,-119.949333,71.960449,95.451347,1.061035,-0.940186,-0.510254,57.28912,249.992355,65.551758
-0.731201,-0.873535,-0.167725,-145.179749,93.826286,152.580261,1.033936,-0.981689,-0.463379,62.70599,249.992355,64.025879
-0.204834,-0.234619,-0.231445,-125.473015,98.480217,94.642632,0.935303,-1.024658,-0.47168,66.398621,249.992355,65.223694
-0.281982,-0.47168,-0.138184,-105.590813,152.023315,91.346733,0.786377,-1.104248,-0.493896,70.785522,249.992355,67.550659
-0.304443,-0.603271,-0.023438,-74.34845,164.268478,92.880241,0.618408,-1.17749,-0.521484,76.332092,249.992355,71.640015
-0.402344,-0.579346,-0.071533,-84.358208,159.660339,99.647514,0.531494,-1.205811,-0.487061,84.403984,249.992355,70.594788
-0.48999,-0.521484,-0.129639,-104.431145,154.754639,106.864922,0.506104,-1.175293,-0.399658,94.375603,249.992355,61.401363
-0.497314,-0.472656,-0.154297,-120.269768,148.979187,112.457268,0.512695,-1.095459,-0.313965,102.737419,249.992355,45.265194
-0.463867,-0.485107,-0.131348,-126.266472,144.439697,116.554253,0.525879,-1.014648,-0.248291,106.681816,249.992355,25.009153
-0.428467,-0.561035,-0.075439,-125.602715,142.677307,117.958061,1.17627,-0.889893,-0.622559,57.800289,249.992355,65.185547
-0.438721,-0.697021,-0.026611,-120.353691,137.657166,118.22509,-0.431152,-0.688721,-0.600098,162.971481,80.436699,-4.692078
-0.498047,-0.851318,-0.015869,-115.440361,129.447937,119.300835,-0.482666,-0.640137,-0.558594,165.054306,82.710258,3.059387
-0.599854,-0.948242,-0.057129,-117.248528,117.607109,124.610893,-0.444824,-0.688721,-0.547363,170.41777,76.248169,-7.598876
-0.259277,-0.342773,-0.199951,-122.00164,127.967827,93.811028,-0.322998,-0.827881,-0.527588,165.931686,59.837337,-28.778074
-0.8125,-1.157471,0.318115,-99.884026,76.393127,2.822876,-0.208496,-0.947754,-0.573975,135.139465,56.205746,12.886046
-0.443359,0.087646,-0.51123,-92.613213,78.895569,56.579586,0.027588,-1.115479,-0.244385,145.03479,29.922483,-47.195431
-0.895508,-1.068848,0.133301,-122.589104,83.129875,-22.590635,0.009766,-1.154541,-0.260498,130.317688,30.265806,-33.729553
-1.135498,-1.108154,0.165771,87.341301,-249.992355,21.675108,-0.14209,-1.066895,-0.393311,128.936768,40.863033,-8.529663
-0.94043,-1.256836,0.161133,106.666557,-249.992355,33.500671,-0.130127,-0.98291,-0.408936,156.845093,40.641781,-44.731136
-0.765137,-1.388428,0.067139,127.868645,-249.992355,27.397154,-0.277588,-0.7229,-0.525146,168.563828,71.350098,-21.65222
-0.729248,-1.368408,0.161133,150.382996,-249.992355,28.045652,-0.434082,-0.14209,-0.996826,87.402336,52.703854,-13.954162
-0.695557,-1.304932,0.287842,165.435776,-249.992355,28.945921,-0.13208,-0.601318,-0.526367,164.367661,53.75671,-38.05542
-0.709961,-1.302246,0.344971,172.554001,-249.992355,24.16992,-0.211182,-0.490723,-0.652832,156.242371,54.397579,-34.294128
-0.800293,-1.335449,0.331299,188.362106,-249.992355,21.881102,-0.325195,-0.391846,-0.742432,148.384094,60.508724,-22.445677
-0.81958,-1.344971,0.30957,207.702621,-249.992355,17.448425,-0.419678,-0.309082,-0.78125,142.784119,68.489075,-7.247924
-0.778809,-1.316162,0.274414,223.960861,-249.992355,-0.396728,-0.448242,-0.272705,-0.775635,140.319824,73.173523,2.227783
-0.751709,-1.2229,0.272949,221.717819,-249.992355,-25.993345,-0.40918,-0.297607,-0.762451,141.716003,71.960449,0.686645
-1.057129,-1.061523,0.173096,77.461243,-249.992355,7.514953,-0.360596,-0.339844,-0.741455,142.242432,68.206787,-7.781982
-0.74707,-1.058105,0.29834,196.731552,-249.992355,-41.992184,-0.333008,-0.343506,-0.792725,136.054993,62.538143,-13.931273
-0.951904,-0.960449,0.307373,132.850647,-249.992355,-49.659725,-0.349121,-0.286377,-0.895264,121.887199,57.083126,-14.945983
-1.02832,-1.041016,0.340088,118.270866,-249.992355,-51.200863,-0.39917,-0.208984,-0.980957,104.560844,54.214474,-14.137267
-1.003662,-1.144531,0.390137,122.703545,-249.992355,-49.789425,-0.163818,-0.949951,-0.686279,150.047302,68.397522,14.823913
-0.949707,-1.193359,0.399658,152.359009,-249.992355,-39.916992,-0.13501,-0.686035,-0.451172,169.784531,59.654232,-33.950806
-0.724854,-1.092285,0.281006,179.771408,-249.992355,-29.792784,-0.009521,-1.083984,-0.641357,175.7202,64.804077,4.066467
-0.269531,-0.950684,0.096924,193.054184,-249.992355,-32.791138,0.236328,-1.511719,-0.234863,213.081345,179.771408,19.27948
0.112061,-0.782959,0.011475,194.633469,-249.992355,-50.86517,0.168213,-1.332031,-0.383057,209.518417,39.703369,6.553649
0.294434,-0.655518,-0.11084,171.730026,-249.519333,-77.74353,-0.453857,-0.093018,-0.971191,72.547913,48.950191,-14.549254
0.409424,-0.564209,-0.215088,130.332947,-249.992355,-113.639824,0.493164,-1.195313,-0.290039,185.050949,249.992355,63.232418
0.411133,-0.497803,-0.26001,94.467155,-249.992355,-118.682854,0.412842,-1.255127,-0.25293,190.872177,249.992355,56.77795
-0.827637,-0.947754,0.288818,160.774216,-249.992355,-47.561642,0.329834,-1.336914,-0.225098,197.128281,245.89537,51.101681
-0.974365,-1.066162,0.075928,67.619324,-249.031052,-8.522034,0.302734,-1.379639,-0.230225,201.812729,231.605515,48.820492
-0.873047,-1.105225,0.198975,-106.780998,80.368034,-11.253356,0.330566,-1.364502,-0.239258,204.208359,217.231735,52.856441
-0.918457,-1.213623,-0.118652,18.798828,-249.55748,29.983519,0.347412,-1.343994,-0.234131,205.169662,206.108078,58.2962
-0.881104,-1.067139,0.151123,-135.780334,85.403435,-33.26416,0.337646,-1.376709,-0.211182,207.481369,200.828537,60.325619
-0.852539,-1.100342,0.234375,-137.809753,88.058464,-43.029781,0.335205,-1.450195,-0.178467,214.912399,203.330978,58.54034
-0.802246,-1.14502,0.357422,-127.250664,91.01104,-50.971981,0.345703,-1.503174,-0.160156,225.158676,213.996872,53.276058
-0.755127,-1.164795,0.449707,-106.849663,93.65081,-57.365414,0.140625,-1.239746,-0.515869,197.402939,50.010677,-2.006531
-0.734131,-1.129395,0.439453,-86.303703,98.403923,-63.095089,0.347656,-1.493652,-0.202637,228.744492,224.967941,45.272823
-0.73291,-1.040039,0.396973,-72.647095,106.986992,-63.301083,0.262451,-1.478271,-0.283691,216.232285,208.503708,27.000425
-0.770752,-1.201416,-0.405518,69.412231,-240.165695,-23.79608,0.223633,-1.515625,-0.183594,213.073715,151.954651,13.21411
-0.735596,-0.829102,0.384521,-65.330505,126.182549,-55.793758,0.21167,-1.491455,-0.194336,211.044296,132.835388,7.392883
-0.732178,-0.787354,0.349609,-67.642212,134.94873,-55.549618,0.200195,-1.447021,-0.252197,206.886276,119.60601,1.861572
-0.657471,-0.770752,0.403809,-68.107605,139.785767,-62.103268,0.156982,-1.401123,-0.293701,202.156052,108.619682,-1.693725
-0.578613,-0.736816,0.557617,-53.88641,140.716553,-74.745178,0.053467,-1.382324,-0.29541,197.921738,96.405022,0.976562
-0.732178,-0.923828,0.38623,-66.421509,117.126457,-59.120174,-0.07959,-1.395508,-0.256836,196.868881,81.649773,11.032104
-0.772217,-0.664551,0.598389,2.120972,73.310852,-52.146908,-0.172363,-1.41626,-0.206543,203.926071,66.978455,20.904539
-1.001709,-0.520264,0.529297,6.988525,1.693725,-24.757383,-0.119873,-1.403076,-0.169434,213.806137,53.222652,24.230955
-1.135986,-0.36792,0.42334,-9.078979,-80.604546,9.223938,0.044678,-1.365723,-0.224609,215.148911,42.243954,19.538879
-1.066162,-0.267822,0.29541,-36.369324,-151.184082,48.439022,0.3125,-1.466553,-0.277344,223.464951,224.868759,36.224365
-0.923828,-0.258545,0.144531,-72.799683,-196.838364,88.439934,-0.459961,-0.052979,-0.917725,60.592648,40.90881,-14.831542
-0.739746,-0.344238,-0.028809,-107.749931,-230.987534,129.53949,0.558594,-1.205811,-0.287109,182.189926,249.885544,71.029663
-0.887207,-0.561523,-0.093994,-137.10022,-249.816879,171.234116,-0.486328,-0.063965,-0.873535,48.759457,27.709959,-17.623901
-1.994873,-0.869629,-0.099609,-138.931274,-249.969467,223.449692,-0.359375,0.021729,-0.793213,-20.591734,-43.067928,20.614622
-3.054688,-1.154053,-0.161865,-112.518303,-249.832138,248.825058,-0.364014,0.031982,-0.788818,-30.609129,-47.363277,15.068053
-2.131836,-1.213867,-0.005615,-50.941463,-249.992355,145.988464,-0.419678,0.108154,-0.793945,-45.738216,-59.440609,13.565063
-0.574463,-0.710449,0.632568,-24.902342,120.719902,-74.752808,-0.473145,0.203125,-0.781006,-63.957211,-73.951721,16.387939
-0.017334,-1.453125,-0.020264,133.68988,-72.509766,-31.051634,-0.453613,0.227051,-0.723877,-78.361511,-82.145683,20.812986
-0.018799,-1.544434,0.126221,158.538818,-83.602898,-33.546448,-0.387207,0.13916,-0.633789,-83.374016,-75.752258,21.369932
0.048584,-1.6875,0.249268,176.124557,-103.096001,-34.873962,-0.323242,-0.02124,-0.564209,-80.276489,-60.241695,16.532898
0.066162,-1.763428,0.307373,174.888596,-130.821228,-34.65271,-0.266602,-0.15332,-0.61084,-79.521179,-50.437923,10.597228
-0.168457,-1.632813,0.273926,188.560471,-213.790878,-58.258053,-0.224365,-0.132324,-0.672363,-88.684074,-48.46954,5.081176
-0.084473,-1.661865,0.197266,153.785706,-184.806808,-34.591675,-0.178711,-0.004883,-0.66626,-108.741753,-52.574154,1.983642
-0.161621,-1.591309,0.167236,157.745361,-195.159897,-39.352417,-0.419922,0.077148,-0.849609,-14.831542,-44.601437,27.099607
-0.171143,-1.57959,0.215576,173.080429,-204.032883,-50.079342,-0.179932,0.093018,-0.632813,-131.744385,-60.661312,7.6828
0.011963,-1.738525,0.291992,163.87175,-162.155136,-33.584595,-0.270264,-0.047852,-0.418457,-140.663147,-52.604671,29.70886
0.076416,-1.49707,-0.063477,126.235954,-63.3316,-29.45709,-0.212646,-0.247803,-0.351807,-125.259392,-41.122433,28.823851
-0.046143,-0.975586,-0.135254,225.837692,78.224182,-104.804985,-0.133545,-0.417725,-0.329346,-110.206596,-33.729553,21.301268
0.155029,-1.624512,0.181641,174.140915,-22.018431,-43.067928,-0.076416,-0.416748,-0.37915,-108.207695,-31.661985,13.519286
0.124512,-1.546875,0.111328,185.089096,-1.899719,-57.014462,-0.067871,-0.277344,-0.452393,-121.437065,-33.966064,13.778686
0.092529,-1.354004,0.012451,177.207932,8.811951,-61.996456,-0.121582,-0.160889,-0.484131,-138.908386,-37.719727,26.596067
0.072266,-1.173828,-0.089844,155.838013,15.274047,-58.647152,-0.175537,-0.161865,-0.438477,-147.628784,-40.092468,39.932251
0.106934,-1.131348,-0.258301,133.430481,22.018431,-57.220455,-0.165771,-0.243408,-0.369385,-147.628784,-43.243404,44.395443
0.209717,-1.192871,-0.309814,131.217957,27.32086,-62.568661,-0.125977,-0.367432,-0.308838,-145.339966,-48.255917,40.870663
0.289795,-1.227539,-0.080811,164.024338,34.370422,-74.111938,-0.098145,-0.497803,-0.269043,-143.2724,-51.200863,32.150269
0.268799,-1.203125,0.169189,210.082993,48.286434,-90.217583,-0.246094,0.080078,-0.531982,-144.317627,-61.882015,20.530699
0.170166,-1.137695,0.157959,238.533005,65.1474,-104.187004,-0.48877,0.134033,-0.929688,-8.789063,-45.661922,30.685423
0.048828,-1.061523,0.004883,241.561874,76.187134,-105.735771,-0.47876,-0.040527,-0.872803,51.528927,32.295227,-15.014647
-0.19043,-1.671143,0.272461,197.883591,-222.442612,-61.927792,-0.488037,0.073486,-0.828125,8.468628,-32.691956,24.932859
0.15332,-1.588135,0.056641,146.148682,-46.524044,-31.753538,-0.44458,-0.094482,-0.893066,49.110409,27.076719,-20.736692
-0.19458,-1.701416,0.252197,210.36528,-231.224045,-69.786072,-0.40625,-0.094238,-0.946533,46.836849,28.274534,-20.652769
-0.702881,-1.335449,0.366943,166.168198,-247.550949,-83.389275,-0.406738,-0.050781,-0.980469,43.67828,29.739378,-19.020081
-0.317627,-1.655762,0.253418,226.394638,-236.762985,-88.432304,-0.456055,0.018311,-0.998047,41.374203,27.671812,-14.35089
-0.080811,-0.932373,-0.286865,209.373459,73.524475,-105.720512,-0.516846,0.099854,-1.022949,35.003662,21.980284,-6.187438
-0.696777,-0.673096,0.182861,11.32965,-249.992355,62.461849,-0.518311,0.155273,-1.018799,28.587339,16.418457,-2.296448
-0.679932,-0.695313,0.358154,10.993957,-249.992355,69.67926,-0.500244,0.119873,-0.913818,2.090454,-41.015621,29.350279
-0.553955,-0.715088,0.363525,18.447876,-239.143356,63.682552,-0.380615,0.086914,-0.942627,32.440186,12.748717,-7.537841
-0.479248,-0.77002,0.32251,28.213499,-207.252487,49.545284,-0.391602,0.079346,-1.03418,29.747007,17.219543,-7.774353
-0.4646,-0.856445,0.297363,38.063049,-174.568161,36.010742,-0.433594,0.083008,-1.093506,25.80261,26.466368,-5.722045
-0.522461,-0.97168,0.291504,57.510372,-151.191711,17.555237,-0.485596,0.086914,-1.0979,22.308348,36.323547,0.640869
-0.618652,-1.058838,0.300293,80.345146,-145.41626,-2.105713,-0.432861,0.133789,-0.94043,30.807493,12.870788,-4.981995
-0.676514,-1.102539,0.278076,97.274773,-152.59552,-21.667479,-0.49707,0.092773,-0.990723,17.181396,39.810181,10.368346
-0.673828,-1.155273,0.27124,112.838737,-163.009628,-41.961666,-0.490967,0.078369,-0.931641,17.677307,31.929014,9.552002
-0.240479,-1.689453,0.265869,220.458969,-236.724838,-79.093933,-0.497559,0.068848,-0.95752,17.166138,24.414061,9.620667
-0.71875,-1.222656,0.247314,125.91552,-174.690231,-57.212826,-0.496338,0.076416,-1.03833,12.657165,18.547058,10.864257
-0.782227,-1.311279,0.365967,156.684875,-223.556503,-75.241089,-0.479492,0.083496,-1.062012,7.331848,15.518188,13.076781
-0.692139,-1.370605,0.355225,173.286423,-249.992355,-84.915154,-0.453369,0.098145,-1.039551,2.14386,14.678954,15.258788
-0.660889,-1.427734,0.356445,182.228073,-249.793991,-81.085197,-0.424561,0.130371,-0.991699,-2.151489,10.276793,16.723633
-0.518311,-1.523193,0.391113,198.387131,-249.992355,-89.721672,-0.425049,0.147705,-0.911377,-2.89917,0.564575,16.769409
-0.41748,-1.550293,0.427734,211.62413,-249.992355,-101.737968,-0.445801,0.118652,-0.837158,0.221252,-12.474059,17.738342
-0.375732,-1.469727,0.442627,221.031174,-240.074142,-100.624077,-0.463623,0.078125,-0.799561,5.493164,-24.162291,20.668028
-0.294678,-1.39624,0.386475,224.884018,-228.775009,-97.839348,-0.50415,0.092773,-1.054199,19.462585,41.748043,8.010864
-0.277588,-1.410889,0.29834,225.891098,-224.952682,-100.303642,0.914307,-1.091553,0.539551,78.903198,-214.408859,-249.992355
-0.334961,-1.502686,0.230469,228.027328,-227.24913,-100.402824,0.799316,-1.085205,0.513916,80.001831,-201.16423,-249.992355
-0.364014,-1.592773,0.237305,228.523239,-232.978806,-95.4132,0.79126,-1.061279,0.457764,77.598572,-179.74852,-249.992355
-0.818848,-1.285645,0.280762,140.861511,-190.658554,-64.437866,0.828857,-1.018311,0.36499,74.081421,-164.009079,-249.992355
-0.657227,-0.676514,0.156494,20.469664,-249.725327,63.934322,0.65625,-0.768066,0.277832,111.312859,-194.595322,-237.907394
-0.042236,-0.890625,-0.45459,211.158737,66.497803,-109.481804,0.787598,-0.861328,0.237305,88.462822,-166.976913,-249.93132
-0.078369,-0.731934,-0.43457,237.487778,44.166561,-115.890495,0.767822,-0.799561,0.253662,100.372307,-178.192123,-246.421799
-0.476318,0.062012,-1.072021,0.923157,-48.225399,-26.130674,0.717041,-0.784912,0.265381,108.215324,-189.45311,-240.432724
-0.41748,0.019775,-0.997803,-0.709534,-56.556698,-33.470154,0.805176,-0.952393,0.264893,77.537537,-160.217285,-249.992355
-0.373291,-0.030518,-0.904297,3.822326,-60.707088,-43.884274,0.974121,-1.101807,0.588379,79.078674,-214.317307,-249.977097
-0.370361,-0.052979,-0.842529,15.151977,-57.594296,-51.353451,0.636475,-1.212646,0.601563,55.801388,-221.557602,-182.624802
-0.354736,-0.041992,-0.852295,30.075071,-45.303341,-53.12347,0.957764,-1.131348,0.601318,84.297173,-226.173386,-249.992355
-0.327637,-0.013184,-0.905029,43.228146,-21.171568,-52.688595,0.916992,-1.166016,0.617188,85.929863,-245.307907,-249.855026
-0.302734,0.033936,-0.953613,47.752377,16.029358,-50.376888,0.865967,-1.22998,0.643555,90.309135,-249.793991,-240.341171
-0.253906,0.115234,-1.009033,38.887024,58.303829,-44.540401,0.905762,-1.274658,0.68042,95.855705,-249.740585,-228.591904
-0.230469,0.197266,-1.001465,21.530149,94.070427,-38.871765,1.067383,-1.280762,0.666504,98.373405,-249.992355,-215.522751
-0.343018,0.103516,-0.858643,-3.242492,132.270813,-47.7066,1.114258,-1.245605,0.634033,93.437187,-243.644699,-208.930954
-0.51001,0.077881,-1.118652,8.56781,-37.010193,-23.193357,1.100586,-1.199219,0.593994,81.05468,-207.168564,-210.700974
-0.371826,0.021729,-0.861328,-5.500793,133.31604,-54.351803,1.113281,-1.194824,0.563965,67.222595,-177.330002,-211.441025
-0.2854,0.190186,-0.858643,-15.457152,134.300232,-30.059813,0.959229,-1.218262,0.581543,60.676571,-165.924057,-205.970749
-0.169434,0.348145,-0.873047,-31.814573,145.309448,-14.251708,0.726318,-1.228516,0.598145,60.012814,-183.578476,-194.976791
-0.073242,0.390869,-0.757324,-44.647213,160.797104,-13.015746,0.631104,-0.738037,0.313721,108.90197,-185.516342,-233.505234
-0.063721,0.266846,-0.566895,-44.448849,177.642807,-17.814636,0.986816,-1.122803,0.61377,82.824699,-214.302048,-249.862656
-0.143311,0.048096,-0.505859,-36.247253,187.04985,-18.516541,0.61084,-0.711914,0.334229,100.952141,-166.252121,-224.273666
-0.246826,-0.126221,-0.594482,-27.488707,180.458054,-10.536193,0.484619,-0.276367,-0.282715,-62.080379,-119.23217,-127.639763
-0.363525,-0.151611,-0.705811,-30.059813,155.769348,7.057189,0.482178,-0.593018,0.188965,82.679741,-148.376465,-200.973495
-0.448975,-0.044678,-0.757568,-48.934933,124.801628,25.009153,0.70459,-1.176514,0.592285,44.05975,-248.649582,-171.295151
-0.494873,0.056641,-0.690918,-77.49176,97.541801,43.762203,0.817627,0.11084,-0.525146,8.415222,-41.542049,-56.938168
-0.008301,-0.8125,-0.514893,225.837692,56.846615,-114.761345,0.62207,0.102295,-0.469482,-5.004883,-28.305052,-73.310852
-0.352295,0.055664,-0.84082,-6.973266,130.744934,-49.156185,0.393066,0.091553,-0.364014,-9.94873,-35.209656,-72.441101
-0.519287,0.046631,-1.139893,23.91815,-22.338865,-22.750853,0.227539,0.016846,-0.298584,-5.508422,-52.742001,-69.076538
-0.276123,0.201904,-0.912842,5.554199,119.148247,-40.031433,0.106689,0.012207,-0.157227,-2.815246,-81.603996,-72.57843
-0.498535,-0.039307,-1.082031,42.205807,4.493713,-25.688169,0.100342,0.040527,-0.070557,0.686645,-120.986931,-85.678093
-0.503662,-0.008789,-1.114502,38.253784,-6.431579,-24.620054,0.32251,0.110596,-0.051758,-2.227783,-158.64563,-93.833916
-0.392822,-0.675293,-0.391357,216.232285,17.494202,-98.052971,0.584473,0.11792,-0.09668,-6.278991,-160.652145,-103.248589
-0.40332,-0.659668,-0.513916,195.335373,-3.791809,-86.242668,0.759033,0.095703,-0.174805,-10.589599,-141.197205,-114.089958
-0.363525,-0.613281,-0.686035,183.677658,-23.956297,-70.915222,0.543213,-0.671631,0.289551,91.064445,-153.22113,-212.486252
-0.283936,-0.540039,-0.790527,180.747971,-35.461426,-56.457516,0.58252,0.069824,-0.260742,-20.729063,-125.900261,-114.112846
-0.160645,-0.462891,-0.722412,171.17308,-39.085388,-53.565975,0.37085,-0.091309,-0.414307,-60.806271,-137.161255,-121.414177
-0.144531,-0.414063,-0.560303,157.073975,-37.628174,-51.61285,0.665283,-0.440674,-0.141113,-37.42981,-65.177917,-141.342163
-0.244141,-0.38501,-0.563721,142.822266,-36.132813,-46.020504,0.786377,-0.469971,-0.120605,-7.92694,-2.250671,-150.604248
-0.350586,-0.345459,-0.717285,129.386902,-37.857056,-38.673401,0.695801,-0.415771,-0.172607,8.666992,35.881042,-155.220032
-0.41626,-0.29834,-0.851074,116.897575,-42.114254,-29.327391,0.462891,-0.349365,-0.240479,13.710021,53.871151,-162.788376
-0.415527,-0.28418,-0.915771,103.271477,-49.087521,-22.270201,0.262939,-0.30249,-0.249023,5.554199,44.502254,-154.693604
-0.245117,-0.688477,-0.349854,235.031113,31.143187,-109.939568,-0.027588,-0.444824,-0.115234,7.469177,3.547668,-142.364502
-0.350586,-0.332764,-0.931641,89.324944,-51.879879,-14.694213,-0.057861,-0.609863,-0.0625,34.393311,-56.442257,-159.759521
-0.38623,-0.312744,-0.958984,94.840996,-54.664608,-17.356873,0.154297,-0.615479,-0.033447,64.064026,-111.267082,-179.031357
-0.409424,-0.011719,-1.011719,72.387695,14.48059,-37.490845,0.34082,-0.524902,0.117676,76.026917,-136.444092,-191.749557
-0.33374,-0.015869,-1.005615,88.653557,13.122558,-39.321899,0.34668,0.019531,-0.387207,-39.810181,-127.67028,-118.629448
-0.232178,-0.043213,-0.988525,95.581047,8.018494,-35.713196,0.863281,-1.172852,0.561768,30.532835,-243.270859,-165.031418
-0.195801,-0.092041,-0.973877,94.497673,4.669189,-26.657103,0.956787,-1.215088,0.532959,25.962828,-205.657944,-168.754562
-0.470215,-0.023438,-1.042725,52.978512,10.44464,-31.35681,0.907471,-1.20874,0.476807,21.484373,-152.22168,-175.239548
-0.257568,-0.236572,-0.848633,77.384949,-16.921997,-10.978698,0.494141,-0.89502,-0.190186,47.904964,131.134033,-34.309387
-0.260498,-0.281738,-0.804199,76.515198,-32.119751,-12.428283,0.413574,-0.892334,-0.142578,56.045528,142.562866,-33.874512
-0.294189,-0.317139,-0.855469,82.664482,-44.006344,-14.297484,0.335449,-0.895264,-0.1604,62.812801,148.384094,-36.468506
-0.236328,-0.166748,-0.918457,88.256828,-2.166748,-16.372681,0.27417,-0.896973,-0.245361,59.188839,148.773193,-28.678892
-0.459717,-0.310547,0.548828,84.243767,118.217461,71.990967,0.259033,-0.883545,-0.300537,48.439022,146.54541,-18.241882
-0.697998,-0.181152,0.229736,-34.912109,-22.949217,132.575989,0.341553,-0.851074,-0.298828,37.643433,142.204285,-11.535644
-0.509521,-0.239746,0.202393,-16.342163,-18.90564,138.748169,0.38501,-0.854492,-0.237549,31.196592,145.904541,-2.319336
-0.301758,-0.332031,0.092041,3.532409,2.319336,143.379211,0.371826,-0.915039,-0.187256,31.85272,159.873962,9.368896
-0.23999,-0.4375,0.041016,23.429869,34.080505,153.98407,0.414063,-0.961914,-0.105469,38.284302,176.155075,19.264221
-0.288818,-0.486084,0.123779,48.889156,70.327759,138.412476,0.499756,-0.966553,-0.089844,49.888607,198.638901,29.273985
-0.354248,-0.479736,0.314453,83.244316,101.84478,111.282341,0.488281,-0.912354,-0.260986,45.616146,117.301933,-42.068478
-0.686035,-0.13208,0.220703,-50.6134,-7.522583,120.643608,0.525635,-0.963867,-0.132324,57.312008,199.501022,37.246704
-0.4021,-0.414307,0.483398,108.894341,126.441948,90.042107,0.570801,-0.943604,-0.084961,69.747925,193.046555,63.766476
-0.38208,-0.344727,0.476563,98.94561,126.998894,72.471619,0.566895,-0.978516,-0.095947,86.883537,187.705978,73.71521
-0.423828,-0.357178,0.569092,86.822502,123.672478,75.691223,0.554932,-1.050781,-0.143311,111.808769,182.678207,78.178406
-0.290283,-0.659912,0.8396,163.688644,179.283127,85.84594,0.57959,-1.108398,-0.27832,126.327507,181.457504,85.556023
-0.239502,-0.504883,0.477051,112.04528,154.067993,81.115715,0.589844,-1.120117,-0.425781,128.341675,185.493454,96.611015
-0.265869,-0.56958,0.605225,127.197258,166.954025,83.297722,0.638184,-1.112061,-0.461914,130.943298,193.031296,103.141777
-0.292725,-0.63623,0.743408,145.721436,174.507126,84.754936,0.72876,-1.119141,-0.349854,141.151428,206.947311,103.98101
-0.322021,-0.640625,0.899658,174.224838,186.416611,84.739677,0.664063,-1.170654,-0.275146,154.266357,232.833847,100.738518
-0.376709,-0.630615,0.97583,175.819382,196.517929,86.181633,0.575928,-1.247314,-0.269287,167.9077,249.038681,92.346184
-0.3396,-0.687256,1.025146,175.285324,208.000168,94.41375,0.58252,-1.259277,-0.259521,179.23735,249.992355,80.947868
-0.261963,-0.787598,0.969238,181.663498,225.540146,103.683464,0.552979,-0.950928,-0.108398,63.529964,196.655258,49.667355
