ax,ay,az,gx,gy,gz
0.220215,-0.949707,-0.12915,0.946045,-2.601623,-0.656128
0.218018,-0.95459,-0.128418,0.938415,-2.27356,-0.320435
0.220947,-0.954102,-0.128906,0.946045,-1.861572,-0.106812
0.222168,-0.957031,-0.129639,1.037598,-1.319885,0.099182
0.2229,-0.960938,-0.13208,0.976562,-0.907898,0.282288
0.224854,-0.959961,-0.131836,1.00708,-0.793457,0.289917
0.228516,-0.95874,-0.131348,0.999451,-0.88501,0.320435
0.230225,-0.959229,-0.132813,0.892639,-1.220703,0.320435
0.230713,-0.958008,-0.132568,0.831604,-1.533508,0.343323
0.228271,-0.959473,-0.13208,0.823975,-1.792908,0.305176
0.227783,-0.957764,-0.131836,0.88501,-1.968384,0.213623
0.228027,-0.955078,-0.133301,0.862122,-2.182007,0.183105
0.227295,-0.953369,-0.134033,0.747681,-2.426147,0.167847
0.226807,-0.956543,-0.132568,0.831604,-2.975464,0.076294
0.223877,-0.955322,-0.127441,0.778198,-3.204345,0.106812
0.221924,-0.954102,-0.124756,0.640869,-3.028869,0.25177
0.221191,-0.953857,-0.126709,0.656128,-2.815246,0.320435
0.220947,-0.954102,-0.126709,0.572205,-2.334595,0.450134
0.217041,-0.951172,-0.125732,0.595093,-1.823425,0.480652
0.21875,-0.951172,-0.125732,0.701904,-1.609802,0.434875
0.217773,-0.954346,-0.125488,0.732422,-1.419067,0.419617
0.220947,-0.956543,-0.123535,0.892639,-1.190186,0.404358
0.223633,-0.960449,-0.123291,0.831604,-1.075745,0.572205
0.224365,-0.961182,-0.124023,0.785828,-1.014709,0.839233
0.22583,-0.959473,-0.126953,0.75531,-1.060486,1.098633
0.224854,-0.960449,-0.130371,0.778198,-1.312256,1.327515
0.225586,-0.959473,-0.132324,0.701904,-1.64032,1.312256
0.226807,-0.958008,-0.134521,0.648498,-1.930237,1.289368
0.223389,-0.960449,-0.132813,0.50354,-2.288818,1.167297
0.217285,-0.957275,-0.131348,0.320435,-2.441406,1.113892
0.21875,-0.957275,-0.130371,0.061035,-1.907349,0.907898
0.217285,-0.955811,-0.130859,-0.25177,-1.25885,0.747681
0.218506,-0.957031,-0.131836,-0.37384,-0.556946,0.686645
0.218262,-0.958496,-0.131592,-0.556946,-0.053406,0.724792
0.219482,-0.958008,-0.129639,-0.793457,0.289917,0.694275
0.221436,-0.957764,-0.128174,-0.991821,0.511169,0.801086
0.223389,-0.958984,-0.127441,-1.144409,0.640869,0.88501
0.223145,-0.957031,-0.124512,-1.068115,0.793457,0.869751
0.222412,-0.956055,-0.123535,-1.075745,0.968933,0.740051
0.226074,-0.957031,-0.125732,-1.091003,1.045227,0.595093
0.225342,-0.958008,-0.128662,-1.182556,0.991821,0.640869
0.224609,-0.959229,-0.130615,-1.106262,0.915527,0.75531
0.226074,-0.958496,-0.135742,-1.098633,0.694275,0.679016
0.225098,-0.956055,-0.137695,-1.075745,0.259399,0.740051
0.225586,-0.95459,-0.13623,-0.930786,-0.152588,0.602722
0.224854,-0.955566,-0.137207,-0.694275,-0.579834,0.419617
0.224121,-0.955322,-0.137939,-0.686645,-0.991821,0.282288
0.2229,-0.955078,-0.137207,-0.671387,-1.602173,0.25177
0.221924,-0.955811,-0.137939,-0.617981,-2.182007,0.267029
0.222168,-0.956787,-0.136719,-0.602722,-2.502441,0.335693
0.222656,-0.956055,-0.135742,-0.62561,-2.76947,0.480652
0.223633,-0.958008,-0.136475,-0.671387,-2.967834,0.762939
0.223633,-0.95752,-0.133545,-0.801086,-3.250122,1.014709
0.222656,-0.956055,-0.135498,-0.900268,-3.601074,1.144409
0.222168,-0.953125,-0.132813,-0.923157,-3.753662,1.068115
0.222168,-0.951904,-0.130371,-1.052856,-3.562927,0.953674
0.221191,-0.953613,-0.131592,-1.091003,-3.227234,0.686645
0.221191,-0.956055,-0.132324,-1.121521,-2.868652,0.427246
0.22168,-0.955566,-0.13208,-1.182556,-2.555847,0.190735
0.218506,-0.954102,-0.131348,-1.274109,-2.204895,-0.099182
0.219727,-0.955078,-0.133789,-1.228333,-2.14386,-0.083923
0.221191,-0.958008,-0.13501,-1.190186,-2.388,-0.091553
0.220459,-0.959473,-0.136475,-1.144409,-2.578735,-0.076294
0.216309,-0.959717,-0.13916,-1.281738,-2.731323,0.0
0.216797,-0.956787,-0.136963,-1.396179,-2.975464,0.053406
0.216797,-0.957275,-0.138184,-1.411438,-3.089905,0.12207
0.213623,-0.95752,-0.133545,-1.38855,-3.211975,0.091553
0.214111,-0.956787,-0.135742,-1.564026,-2.906799,-0.007629
0.215332,-0.959961,-0.138184,-1.670837,-2.532959,-0.12207
0.212646,-0.961426,-0.139648,-1.792908,-2.586365,-0.160217
0.210938,-0.958496,-0.135742,-2.044678,-2.456665,-0.076294
0.212891,-0.957764,-0.136719,-1.991272,-2.151489,0.007629
0.21167,-0.958496,-0.137695,-1.983642,-2.174377,0.007629
0.207275,-0.957031,-0.137451,-2.159119,-2.380371,0.083923
0.211914,-0.95752,-0.134521,-2.037048,-2.388,0.198364
0.210449,-0.958008,-0.132568,-2.01416,-2.464294,0.152588
0.204346,-0.956543,-0.135254,-1.861572,-2.540588,0.038147
0.20166,-0.953857,-0.134277,-1.861572,-2.227783,0.068665
0.202881,-0.952637,-0.13208,-1.579285,-1.701355,0.030518
0.205078,-0.952881,-0.13208,-1.342773,-1.213074,0.083923
0.20166,-0.954346,-0.13501,-1.403808,-0.679016,0.190735
0.202148,-0.950439,-0.136475,-1.327515,0.0,0.320435
0.207764,-0.953613,-0.134277,-1.274109,0.518799,0.526428
0.210205,-0.954102,-0.137939,-1.12915,0.740051,0.450134
0.209961,-0.954346,-0.137939,-1.052856,0.862122,0.549316
0.210938,-0.955078,-0.137695,-1.00708,1.083374,0.465393
0.213867,-0.955811,-0.137207,-0.991821,1.152039,0.358582
0.215332,-0.957764,-0.140137,-0.900268,1.083374,0.236511
0.211914,-0.956299,-0.143066,-0.88501,0.709534,0.289917
0.213135,-0.95752,-0.139404,-0.999451,0.610352,0.305176
0.213623,-0.958008,-0.141602,-1.00708,0.762939,0.25177
0.210693,-0.960205,-0.145752,-0.984192,0.762939,0.167847
0.210938,-0.959229,-0.143555,-1.205444,0.892639,0.205994
0.209229,-0.960205,-0.145264,-1.289368,1.365662,0.175476
0.207031,-0.962891,-0.14502,-1.464844,1.808166,0.205994
0.207764,-0.961426,-0.144287,-1.480102,2.250671,0.213623
0.20874,-0.958496,-0.148438,-1.625061,2.532959,0.038147
0.20752,-0.957031,-0.148682,-1.693725,2.655029,0.175476
0.206299,-0.95752,-0.151611,-1.731872,2.883911,0.274658
0.208984,-0.956055,-0.149902,-1.754761,3.097534,0.198364
0.205322,-0.953613,-0.145752,-1.861572,3.456115,0.198364
0.203613,-0.951904,-0.144043,-1.655578,3.913879,0.160217
0.205811,-0.951172,-0.147461,-1.579285,4.554749,0.083923
0.206787,-0.949951,-0.148682,-1.419067,5.073547,0.106812
0.212891,-0.949463,-0.14917,-1.396179,5.043029,0.190735
0.211182,-0.948242,-0.150879,-1.464844,4.78363,0.411987
0.213379,-0.952148,-0.149902,-1.586914,4.562378,0.831604
0.214355,-0.955566,-0.149658,-1.625061,4.272461,0.991821
0.217285,-0.957764,-0.147705,-1.441955,4.318237,1.312256
0.217529,-0.954102,-0.149658,-1.159668,4.478455,1.350403
0.21875,-0.950439,-0.15332,-0.778198,4.386902,1.411438
0.22168,-0.951172,-0.155029,-0.480652,4.119873,1.266479
0.224854,-0.949463,-0.157471,-0.366211,3.410339,1.190186
0.221924,-0.947998,-0.157715,-0.198364,2.609253,1.022339
0.224854,-0.948242,-0.155518,-0.236511,1.960754,0.778198
0.224854,-0.946045,-0.157227,-0.205994,1.296997,0.679016
0.2229,-0.949951,-0.156006,-0.366211,0.701904,0.572205
0.22168,-0.949951,-0.157715,-0.50354,0.350952,0.473022
0.225342,-0.950195,-0.158691,-0.740051,-0.053406,0.602722
0.225586,-0.954834,-0.164307,-0.63324,-0.595093,0.495911
0.225098,-0.958984,-0.166504,-0.953674,-1.396179,0.511169
0.222412,-0.954346,-0.162354,-1.441955,-2.067566,0.610352
0.218262,-0.953857,-0.163818,-1.655578,-2.418518,0.579834
0.216309,-0.956787,-0.162109,-2.029419,-2.532959,0.526428
0.212891,-0.959717,-0.160645,-2.090454,-2.441406,0.419617
0.20874,-0.961426,-0.158203,-2.578735,-2.059937,0.511169
0.211914,-0.964111,-0.157715,-2.807617,-1.609802,0.663757
0.211182,-0.962402,-0.160156,-3.059387,-0.87738,0.862122
0.205811,-0.955322,-0.159912,-3.105163,-0.450134,0.923157
0.201904,-0.949707,-0.155762,-3.112793,0.328064,0.488281
0.201904,-0.953125,-0.152344,-2.89917,1.296997,0.228882
0.202637,-0.959473,-0.153076,-2.700805,1.831055,-0.068665
0.207764,-0.963867,-0.151367,-2.662658,1.88446,-0.053406
0.212891,-0.971924,-0.157715,-2.586365,1.411438,0.427246
0.214111,-0.968994,-0.163818,-2.6474,0.114441,1.12915
0.200928,-0.963135,-0.165771,-2.792358,-1.243591,1.655578
0.191895,-0.952881,-0.166504,-3.356933,-0.915527,2.334595
0.191895,-0.942139,-0.162842,-3.707886,1.060486,2.426147
0.180176,-0.932373,-0.155762,-3.921509,3.761291,1.838684
0.176514,-0.926025,-0.152588,-4.234314,7.835388,1.091003
0.182617,-0.923096,-0.151367,-4.440308,12.046813,-0.076294
0.181152,-0.922852,-0.147949,-4.66156,15.327453,-1.647949
0.18457,-0.921387,-0.138672,-4.882813,17.913818,-2.464294
0.193604,-0.921631,-0.131104,-4.776001,19.90509,-3.051758
0.212158,-0.918945,-0.131592,-4.631042,20.584105,-3.341675
0.219238,-0.924072,-0.131348,-3.715515,19.470215,-3.120422
0.221191,-0.923828,-0.130371,-3.082275,17.585754,-2.441406
0.222656,-0.925781,-0.12915,-2.14386,15.647887,-1.457214
0.225098,-0.925537,-0.128418,-0.984192,13.748168,-0.648498
0.225342,-0.925293,-0.137451,0.167847,12.176513,0.175476
0.229736,-0.931885,-0.144775,1.686096,10.940551,0.709534
0.231201,-0.937988,-0.148682,2.677917,10.147094,0.915527
0.229004,-0.945801,-0.158447,3.829956,10.0708,0.88501
0.23291,-0.948975,-0.17041,4.501343,10.643004,0.587463
0.246582,-0.951904,-0.178711,4.943848,11.276244,0.289917
0.253906,-0.956787,-0.186768,5.104064,10.978698,0.068665
0.260254,-0.963867,-0.194092,5.020141,10.223388,-0.62561
0.268066,-0.963623,-0.20166,4.585266,8.872986,-0.831604
0.272949,-0.963379,-0.201172,4.402161,6.67572,-1.098633
0.274414,-0.962402,-0.202148,3.883362,4.150391,-1.342773
0.27832,-0.959961,-0.198975,3.791809,1.51062,-1.739502
0.278564,-0.957764,-0.193115,3.456115,-1.655578,-1.907349
0.273682,-0.955078,-0.184814,3.479004,-4.852295,-2.418518
0.269531,-0.956055,-0.184082,3.601074,-7.980346,-2.754211
0.268799,-0.95459,-0.175537,4.150391,-10.993957,-3.288269
0.260254,-0.950195,-0.169189,4.302979,-14.122008,-3.52478
0.253174,-0.945557,-0.164795,4.570007,-16.860962,-3.562927
0.248291,-0.947266,-0.1604,5.096435,-19.119263,-3.845215
0.243652,-0.945068,-0.155273,5.561828,-21.072386,-3.669739
0.239502,-0.944824,-0.150635,6.088256,-22.621153,-3.501892
0.233398,-0.946289,-0.149414,6.912231,-24.16992,-3.448486
0.229492,-0.951416,-0.146484,7.728576,-25.215147,-3.433227
0.227295,-0.956543,-0.147217,8.300781,-25.909422,-3.341675
0.227051,-0.963135,-0.148926,8.575439,-26.527403,-3.242492
0.227295,-0.967529,-0.150635,8.903503,-27.389524,-3.27301
0.221191,-0.974365,-0.150146,8.850098,-28.312681,-3.227234
0.215576,-0.97876,-0.151123,8.720398,-28.884886,-3.097534
0.209473,-0.979248,-0.156006,8.399963,-29.296873,-3.059387
0.203613,-0.977295,-0.15625,7.850646,-29.396055,-2.975464
0.197754,-0.976807,-0.155273,7.408142,-29.327391,-2.975464
0.188477,-0.974121,-0.155762,6.958007,-28.95355,-3.234863
0.18042,-0.978271,-0.155029,6.576538,-28.297422,-3.387451
0.177246,-0.977295,-0.154297,5.935668,-27.252195,-3.27301
0.17334,-0.974365,-0.153076,5.401611,-26.023863,-3.234863
0.16626,-0.971191,-0.149414,4.859924,-24.772642,-3.082275
0.161621,-0.974121,-0.144043,4.074097,-22.941587,-2.548218
0.161865,-0.978516,-0.139648,3.463745,-20.790098,-1.88446
0.15918,-0.979004,-0.141113,2.822876,-18.516541,-1.396179
0.157959,-0.979736,-0.137695,2.13623,-16.021729,-0.785828
0.157715,-0.98291,-0.133301,1.571655,-13.504027,-0.106812
0.157959,-0.986328,-0.132568,1.068115,-11.131286,0.518799
0.159912,-0.984131,-0.131104,0.480652,-8.880615,1.12915
0.158936,-0.984131,-0.132324,0.091553,-6.530761,1.731872
0.157715,-0.977295,-0.133057,-0.076294,-4.142761,1.945495
0.161133,-0.965576,-0.139893,-0.389099,-1.907349,2.120972
0.16748,-0.961914,-0.143066,-0.564575,-0.083923,2.197266
0.171143,-0.959961,-0.143799,-0.732422,1.449585,2.151489
0.178223,-0.963135,-0.14209,-0.701904,2.449036,2.26593
0.184814,-0.960449,-0.145996,-0.801086,2.662658,2.319336
0.186279,-0.959473,-0.148682,-0.88501,2.204895,2.281189
0.190918,-0.95874,-0.1521,-0.999451,1.518249,2.502441
0.195557,-0.955811,-0.151367,-1.022339,0.801086,2.548218
0.198242,-0.954102,-0.157471,-1.075745,0.183105,2.609253
0.197754,-0.955078,-0.155029,-1.266479,-0.190735,2.601623
0.194824,-0.954102,-0.157715,-1.327515,-0.320435,2.487183
0.195557,-0.957764,-0.154785,-1.197815,-0.434875,2.365112
0.198975,-0.957764,-0.156006,-1.159668,-0.37384,1.960754
0.200439,-0.961426,-0.155273,-1.190186,-0.671387,1.586914
0.197021,-0.964111,-0.152344,-1.274109,-1.411438,1.121521
0.192139,-0.970215,-0.151123,-1.083374,-1.914978,0.801086
0.193359,-0.970947,-0.153564,-1.167297,-1.960754,0.88501
0.191162,-0.96582,-0.154297,-1.167297,-2.113342,0.808716
0.188965,-0.966553,-0.155518,-1.342773,-1.899719,0.701904
0.187988,-0.966064,-0.156494,-1.564026,-1.281738,1.083374
0.187988,-0.967773,-0.157227,-1.441955,-0.801086,0.953674
0.185303,-0.966553,-0.160889,-1.655578,-0.244141,0.938415
0.183838,-0.964355,-0.163086,-1.777649,0.328064,0.793457
0.186279,-0.961182,-0.162109,-2.075195,0.686645,0.541687
0.184082,-0.959961,-0.162354,-2.365112,0.862122,0.526428
0.178955,-0.956543,-0.162109,-2.334595,1.205444,0.1297
0.182129,-0.952148,-0.15918,-2.403259,1.655578,-0.061035
0.181396,-0.949463,-0.158203,-2.39563,1.945495,-0.030518
0.179199,-0.949707,-0.157227,-2.365112,2.410889,-0.175476
0.180908,-0.946777,-0.153076,-2.449036,2.853393,0.297546
0.181641,-0.947754,-0.1521,-2.220154,3.440857,0.610352
0.182373,-0.947021,-0.155029,-2.14386,4.188538,1.13678
0.185547,-0.943604,-0.151855,-1.785278,4.936218,1.564026
0.192139,-0.943115,-0.151367,-1.815796,5.653381,1.937866
0.196289,-0.942871,-0.148926,-1.525879,6.057739,2.243042
0.203369,-0.942383,-0.150146,-1.449585,6.469726,2.220154
0.207275,-0.94458,-0.155029,-1.159668,6.774902,2.426147
0.210693,-0.946289,-0.155029,-1.045227,6.973266,2.166748
0.217285,-0.949463,-0.157715,-1.083374,6.729125,1.869202
0.218506,-0.95166,-0.155029,-0.953674,6.439209,1.464844
0.220703,-0.953857,-0.155273,-1.068115,6.401062,1.091003
0.224609,-0.955811,-0.157227,-1.022339,6.057739,0.495911
0.225586,-0.953125,-0.154053,-1.251221,5.218505,-0.1297
0.224365,-0.952637,-0.15332,-1.411438,4.463196,-0.556946
0.221191,-0.952637,-0.156006,-1.647949,4.226685,-0.923157
0.220459,-0.950928,-0.154053,-1.670837,4.15802,-1.403808
0.218262,-0.948486,-0.154785,-1.678467,3.875732,-1.815796
0.214844,-0.948486,-0.158691,-1.838684,3.723144,-2.174377
0.214355,-0.950195,-0.162109,-1.998901,3.746032,-2.342224
0.20874,-0.946777,-0.161377,-2.098083,3.753662,-2.426147
0.206299,-0.945557,-0.161621,-2.288818,4.15802,-2.494812
0.205811,-0.946289,-0.164795,-2.510071,4.615784,-2.357483
0.205322,-0.950439,-0.165283,-2.464294,5.226135,-1.976013
0.208252,-0.953369,-0.166992,-2.662658,6.103515,-1.655578
0.212158,-0.950195,-0.170166,-2.906799,6.530761,-1.182556
0.212402,-0.950439,-0.167725,-2.929687,6.469726,-1.068115
0.214844,-0.952637,-0.16626,-3.028869,6.301879,-1.014709
0.213867,-0.949951,-0.169189,-3.074646,5.943298,-0.892639
0.211182,-0.949219,-0.168213,-3.135681,5.744934,-0.808716
0.212646,-0.950439,-0.169922,-3.044128,5.828857,-0.747681
0.212402,-0.956543,-0.173096,-2.662658,6.187438,-0.778198
0.21582,-0.957764,-0.177002,-2.609253,6.347656,-0.50354
0.21875,-0.960693,-0.178955,-2.693176,6.134033,-0.099182
0.219727,-0.960938,-0.181885,-2.799988,5.424499,0.267029
0.217529,-0.963623,-0.18335,-2.967834,4.585266,0.564575
0.220459,-0.968262,-0.182129,-3.364563,3.875732,0.762939
0.220215,-0.968018,-0.181641,-3.639221,3.14331,0.892639
0.216553,-0.965332,-0.187256,-4.119873,2.716064,1.121521
0.217285,-0.964355,-0.185547,-4.631042,2.357483,1.319885
0.214111,-0.959229,-0.181885,-4.776001,1.808166,1.083374
0.211426,-0.956055,-0.181152,-4.66156,1.182556,0.846863
0.207031,-0.954102,-0.177002,-4.898071,0.999451,0.480652
0.205811,-0.950684,-0.170166,-4.928589,1.121521,-0.1297
0.203369,-0.946533,-0.167969,-4.699707,1.571655,-0.366211
0.200439,-0.941895,-0.162842,-4.53186,2.693176,-0.663757
0.203613,-0.938721,-0.156494,-3.959656,4.066467,-0.816345
0.208252,-0.940186,-0.157471,-3.501892,5.172729,-0.823975
0.21167,-0.941406,-0.159668,-3.059387,5.706787,-0.747681
0.217773,-0.945068,-0.159668,-2.815246,6.393432,-0.465393
0.226563,-0.953857,-0.156982,-2.365112,6.561279,-0.045776
0.232422,-0.95874,-0.158447,-2.27356,6.103515,0.328064
0.235596,-0.954102,-0.1604,-2.159119,5.050659,0.663757
0.234619,-0.951416,-0.162109,-1.88446,3.822326,0.511169
0.231201,-0.94873,-0.166016,-1.861572,3.105163,0.213623
0.235596,-0.949219,-0.17041,-1.846313,2.075195,-0.167847
0.235352,-0.950684,-0.174072,-1.937866,0.450134,-0.564575
0.230957,-0.952637,-0.172852,-2.235413,-1.213074,-1.144409
0.22583,-0.95459,-0.175781,-2.349854,-2.365112,-1.594543
0.219727,-0.956055,-0.178955,-2.746582,-3.089905,-1.953125
0.213623,-0.953369,-0.177734,-3.234863,-3.242492,-2.235413
0.212891,-0.950928,-0.173828,-3.501892,-2.990722,-2.510071
0.212402,-0.950195,-0.169922,-3.39508,-2.578735,-2.723694
0.210693,-0.949951,-0.17041,-3.410339,-2.410889,-2.883911
0.210693,-0.951172,-0.170166,-3.349304,-2.26593,-3.105163
0.209717,-0.952637,-0.169678,-3.295898,-2.281189,-3.303528
0.207031,-0.953613,-0.166748,-3.39508,-2.220154,-3.318786
0.206299,-0.95459,-0.166016,-3.334045,-1.914978,-3.303528
0.201904,-0.950928,-0.164307,-3.39508,-1.411438,-3.14331
0.200684,-0.951172,-0.160156,-3.417969,-0.740051,-3.166198
0.203613,-0.950684,-0.155273,-3.227234,-0.114441,-2.998352
0.205078,-0.947998,-0.159912,-2.983093,0.221252,-2.738952
0.203369,-0.949219,-0.164795,-2.502441,0.137329,-2.609253
0.202393,-0.947754,-0.169189,-2.220154,-0.045776,-2.349854
0.200928,-0.947754,-0.168701,-1.899719,-0.350952,-2.059937
0.196777,-0.948242,-0.165771,-1.602173,-0.37384,-1.899719
0.198486,-0.950928,-0.164795,-1.548767,0.015259,-1.518249
0.19751,-0.952393,-0.164795,-1.449585,0.823975,-1.00708
0.200195,-0.955811,-0.165527,-1.403808,1.708984,-0.526428
0.203125,-0.959229,-0.165039,-1.472473,2.288818,-0.030518
0.204834,-0.959473,-0.168701,-1.487732,2.26593,0.50354
0.207275,-0.956787,-0.170898,-1.281738,1.861572,1.144409
0.209229,-0.959229,-0.167236,-1.083374,1.12915,1.419067
0.208496,-0.961182,-0.164795,-0.396728,0.320435,1.693725
0.20874,-0.961426,-0.168701,0.083923,-0.099182,2.197266
0.209717,-0.963135,-0.169189,0.724792,-0.511169,2.494812
0.206543,-0.964844,-0.171875,1.312256,-0.984192,2.655029
0.206055,-0.962158,-0.174316,1.754761,-1.022339,3.013611
0.208252,-0.961182,-0.175049,2.006531,-1.174927,3.433227
0.207275,-0.961914,-0.176514,2.235413,-1.335144,3.883362
0.206055,-0.960938,-0.177734,2.418518,-1.411438,4.402161
0.207275,-0.958984,-0.183838,2.304077,-1.51062,4.966736
0.207764,-0.958008,-0.186279,2.349854,-1.716614,5.249023
0.207031,-0.95459,-0.18335,2.441406,-1.876831,5.607605
0.206543,-0.949707,-0.182617,2.609253,-2.067566,5.897521
0.205811,-0.946045,-0.185059,2.655029,-2.059937,5.874633
0.204834,-0.943848,-0.185547,2.716064,-2.075195,6.019592
0.204346,-0.944824,-0.181641,2.754211,-2.220154,5.805969
0.202637,-0.945557,-0.178955,2.952575,-2.006531,5.737304
0.202881,-0.944336,-0.174805,2.929687,-1.525879,5.66101
0.203613,-0.947021,-0.172363,3.067016,-0.770569,5.615234
0.202393,-0.949463,-0.173828,2.990722,0.267029,5.630493
0.20459,-0.951904,-0.174805,2.799988,1.693725,5.401611
0.209473,-0.950195,-0.178711,2.578735,3.051758,5.325317
0.209717,-0.951416,-0.177979,2.502441,4.150391,5.142211
0.213379,-0.954346,-0.181396,2.197266,5.302429,4.920959
0.215332,-0.949951,-0.186035,1.571655,6.393432,4.638672
0.213867,-0.947266,-0.188721,1.205444,7.110595,4.142761
0.2146,-0.945068,-0.188232,0.808716,7.965087,3.456115
0.216309,-0.945068,-0.187988,0.427246,8.964539,2.632141
0.220703,-0.941406,-0.186768,0.068665,9.788513,1.754761
0.222412,-0.936768,-0.185059,-0.038147,9.95636,0.88501
0.222412,-0.938965,-0.186279,-0.106812,9.483337,-0.106812
0.220703,-0.939697,-0.179443,-0.099182,8.789063,-0.732422
0.223633,-0.938232,-0.175293,0.175476,7.644653,-1.251221
0.224854,-0.936768,-0.166016,0.442505,6.111145,-1.922607
0.220459,-0.934326,-0.161865,0.801086,4.379272,-2.250671
0.216797,-0.934082,-0.159668,1.296997,2.563476,-2.426147
0.210205,-0.934082,-0.162598,1.88446,0.823975,-2.616882
0.201416,-0.933838,-0.166016,2.304077,-0.343323,-2.235413
0.198486,-0.933594,-0.173584,2.822876,-0.854492,-1.853943
0.199707,-0.940674,-0.175293,3.379822,-0.892639,-1.365662
0.197266,-0.944824,-0.179932,3.990173,-0.617981,-0.907898
0.199219,-0.942627,-0.18042,4.493713,0.076294,-0.556946
0.203369,-0.945068,-0.181152,4.814148,0.724792,-0.320435
0.209961,-0.94751,-0.182129,5.233764,0.976562,-0.061035
0.216553,-0.949463,-0.181152,5.393981,0.38147,-0.137329
0.219727,-0.953857,-0.177002,5.401611,-0.419617,-0.259399
0.21875,-0.949463,-0.174805,5.393981,-1.159668,-0.457764
0.220215,-0.95459,-0.171631,5.325317,-1.785278,-0.778198
0.220703,-0.957764,-0.167236,5.302429,-2.380371,-1.197815
0.21875,-0.960693,-0.165283,5.40924,-2.983093,-1.548767
0.218506,-0.961182,-0.164307,5.279541,-3.471374,-1.579285
0.217529,-0.959961,-0.165771,5.15747,-4.013062,-1.655578
0.21167,-0.953857,-0.163086,4.989624,-4.40979,-1.785278
0.209473,-0.951904,-0.157959,4.951477,-4.524231,-1.876831
0.206787,-0.953613,-0.155762,4.943848,-4.455566,-1.922607
0.203857,-0.955322,-0.155029,4.989624,-4.440308,-2.02179
0.19873,-0.955566,-0.15625,4.997253,-4.516602,-2.128601
0.193848,-0.955811,-0.152344,5.020141,-4.364014,-2.342224
0.190186,-0.959717,-0.155029,5.1651,-3.700256,-2.159119
0.189697,-0.965088,-0.160156,5.233764,-2.540588,-1.907349
0.192627,-0.969727,-0.163086,5.233764,-1.495361,-1.647949
0.192627,-0.9729,-0.171631,5.134582,-0.25177,-1.029968
0.200195,-0.968018,-0.179199,4.875183,1.052856,-0.289917
0.208008,-0.963623,-0.186768,4.440308,1.937866,0.259399
0.217285,-0.95874,-0.190186,4.15802,2.197266,0.793457
0.218994,-0.954346,-0.189941,4.058838,1.983642,1.075745
0.224365,-0.949951,-0.189453,3.913879,1.602173,1.091003
0.230225,-0.943359,-0.186768,3.829956,0.869751,1.014709
0.230713,-0.939209,-0.184326,3.883362,-0.366211,0.686645
0.229736,-0.932129,-0.181152,4.142761,-1.945495,0.236511
0.232666,-0.931885,-0.175049,4.501343,-3.356933,-0.350952
0.233643,-0.934814,-0.168945,4.882813,-4.714966,-1.091003
0.232666,-0.938477,-0.162598,5.043029,-6.072998,-1.602173
0.232422,-0.940918,-0.158691,5.073547,-7.331848,-1.953125
0.230225,-0.944336,-0.156738,5.15747,-8.31604,-2.250671
0.227295,-0.946777,-0.158936,4.959106,-9.048462,-2.304077
0.230225,-0.950684,-0.157227,5.0354,-9.681702,-2.380371
0.226807,-0.953613,-0.159912,4.837036,-10.581969,-2.304077
0.221924,-0.953857,-0.162598,4.623413,-11.58142,-2.304077
0.219727,-0.951904,-0.161377,4.394531,-12.275695,-2.5177
0.217041,-0.951904,-0.163818,4.295349,-12.611388,-2.861023
0.211914,-0.956543,-0.164795,4.310608,-12.649535,-3.204345
0.208984,-0.957764,-0.163086,4.165649,-12.664794,-3.288269
0.206299,-0.956299,-0.1604,3.929138,-12.771605,-3.303528
0.203857,-0.958252,-0.161377,3.707886,-12.420653,-3.311157
0.202637,-0.959229,-0.160645,3.562927,-11.970519,-3.089905
0.201904,-0.956299,-0.158691,3.372192,-11.512755,-2.838135
0.202148,-0.95459,-0.156006,3.227234,-11.245727,-2.578735
0.206055,-0.955811,-0.154541,3.051758,-10.742187,-2.357483
0.207031,-0.956299,-0.153076,2.990722,-10.406493,-2.243042
0.212158,-0.957031,-0.151855,2.708435,-10.116576,-2.182007
0.215576,-0.957275,-0.151611,2.471924,-9.841919,-1.953125
0.217285,-0.959229,-0.150879,2.258301,-9.841919,-1.831055
0.217041,-0.95874,-0.15332,2.082825,-10.101317,-1.869202
0.21875,-0.95752,-0.152832,1.937866,-10.589599,-1.869202
0.220215,-0.957031,-0.153809,1.655578,-11.100768,-1.869202
0.217529,-0.955566,-0.151367,1.518249,-11.672973,-2.14386
0.212646,-0.956055,-0.151367,1.38092,-12.08496,-2.27356
0.208008,-0.954834,-0.148926,1.022339,-11.764525,-2.616882
0.205078,-0.950195,-0.14502,0.617981,-11.032104,-2.952575
0.201904,-0.953369,-0.14209,0.457764,-10.177611,-3.341675
0.195068,-0.95166,-0.142578,0.289917,-9.490967,-3.578186
0.194092,-0.951172,-0.138672,0.221252,-8.544922,-3.875732
0.193359,-0.952637,-0.141357,0.305176,-7.461547,-3.936767
0.195313,-0.958008,-0.145508,0.366211,-6.309509,-3.929138
0.19458,-0.958252,-0.14209,0.366211,-5.096435,-3.639221
0.19458,-0.95459,-0.147461,0.183105,-3.997802,-3.486633
0.194824,-0.953857,-0.146729,0.015259,-2.89917,-3.27301
0.197021,-0.951172,-0.146729,0.076294,-1.899719,-3.128052
0.200439,-0.953369,-0.148438,0.320435,-1.083374,-3.265381
0.204102,-0.956055,-0.151611,0.473022,-0.694275,-3.479004
0.208984,-0.958984,-0.149902,0.617981,-0.740051,-3.501892
0.214111,-0.958252,-0.151855,0.701904,-1.121521,-3.250122
0.214111,-0.957764,-0.155762,0.854492,-1.831055,-3.036499
0.212402,-0.957275,-0.15625,1.052856,-2.5177,-2.838135
0.213135,-0.957275,-0.153809,1.052856,-2.952575,-2.624511
0.211426,-0.956299,-0.154541,1.106262,-3.112793,-2.441406
0.213379,-0.953125,-0.15332,1.205444,-3.204345,-2.243042
0.212646,-0.952637,-0.154541,1.419067,-3.540039,-2.281189
0.215088,-0.950928,-0.155762,1.434326,-4.165649,-2.410889
0.215332,-0.949463,-0.152588,1.548767,-4.745483,-2.571106
0.216553,-0.947754,-0.147461,1.63269,-5.462646,-2.838135
0.214844,-0.949463,-0.141846,1.663208,-5.950927,-3.051758
0.210693,-0.956299,-0.141846,1.51062,-5.996704,-3.303528
0.210938,-0.957275,-0.140869,1.411438,-5.699157,-3.585815
0.20874,-0.95752,-0.139404,1.38855,-5.371093,-3.77655
0.205322,-0.958496,-0.141357,1.106262,-4.753113,-3.799438
0.202637,-0.95874,-0.142334,0.976562,-3.952026,-3.746032
0.20166,-0.961182,-0.145508,0.968933,-3.051758,-3.730774
0.200195,-0.959717,-0.147949,0.63324,-2.235413,-3.555298
0.200684,-0.960449,-0.148438,0.297546,-1.296997,-3.440857
0.19873,-0.960938,-0.147461,0.015259,-0.198364,-3.356933
0.200684,-0.962891,-0.150146,-0.289917,0.831604,-3.227234
0.200684,-0.962891,-0.147949,-0.617981,1.815796,-2.944946
0.202148,-0.961182,-0.145752,-0.88501,2.609253,-2.89154
0.205322,-0.960938,-0.147705,-1.098633,3.425598,-2.777099
0.206055,-0.963135,-0.14624,-1.38092,4.150391,-2.731323
0.208008,-0.959473,-0.145752,-1.518249,4.53949,-2.670288
0.210693,-0.960205,-0.143799,-1.617432,4.936218,-2.616882
0.211914,-0.959229,-0.141357,-1.686096,5.111694,-2.555847
0.212158,-0.958252,-0.14209,-1.708984,5.264282,-2.532959
0.213135,-0.954834,-0.142822,-1.670837,5.516052,-2.63977
0.214355,-0.956299,-0.142822,-1.586914,5.622863,-2.578735
0.214355,-0.95752,-0.141357,-1.533508,5.607605,-2.456665
0.214844,-0.955566,-0.143066,-1.548767,5.821228,-2.281189
0.218506,-0.953857,-0.146729,-1.617432,5.943298,-1.945495
0.219238,-0.95166,-0.149414,-1.548767,6.065368,-1.747131
0.219971,-0.951904,-0.149414,-1.556396,6.072998,-1.655578
0.220459,-0.952637,-0.149658,-1.548767,5.828857,-1.625061
0.223633,-0.957031,-0.152832,-1.63269,5.66101,-1.655578
0.224121,-0.957031,-0.150146,-1.716614,5.599975,-1.472473
0.224609,-0.955322,-0.148682,-1.823425,5.516052,-1.319885
0.226074,-0.956299,-0.146973,-2.059937,5.401611,-1.174927
0.228027,-0.956055,-0.14624,-1.945495,5.401611,-1.197815
0.22998,-0.956299,-0.147217,-1.945495,5.302429,-1.060486
0.22876,-0.954346,-0.147461,-1.89209,4.997253,-0.976562
0.228027,-0.95459,-0.14917,-1.64032,4.608154,-0.862122
0.22998,-0.953613,-0.147217,-1.541138,4.463196,-0.595093
0.232178,-0.951172,-0.148682,-1.586914,4.241943,-0.434875
0.232666,-0.949219,-0.151123,-1.403808,3.944397,-0.289917
0.232666,-0.947998,-0.150391,-1.304626,3.677368,-0.190735
0.234619,-0.94873,-0.154053,-1.296997,3.211975,-0.030518
0.235107,-0.949463,-0.149902,-1.38092,2.586365,-0.030518
0.237061,-0.950684,-0.150146,-1.434326,1.876831,0.015259
0.238037,-0.951904,-0.151367,-1.274109,0.946045,0.076294
0.237305,-0.952393,-0.151123,-1.235962,0.320435,0.099182
0.236816,-0.948486,-0.15332,-1.205444,0.076294,0.099182
0.237061,-0.949219,-0.151123,-1.083374,-0.099182,0.053406
0.237061,-0.949707,-0.150879,-0.846863,-0.724792,0.061035
0.237793,-0.946777,-0.146973,-0.62561,-1.464844,-0.190735
0.238525,-0.947998,-0.150879,-0.411987,-2.357483,-0.358582
0.234375,-0.946777,-0.148926,-0.221252,-3.257751,-0.427246
0.232422,-0.947754,-0.144531,-0.190735,-3.883362,-0.518799
0.230469,-0.947754,-0.145508,-0.099182,-4.096985,-0.556946
0.229736,-0.950439,-0.148682,-0.106812,-3.974914,-0.556946
0.229004,-0.947754,-0.147705,-0.053406,-3.814697,-0.671387
0.228516,-0.947021,-0.146484,0.152588,-3.509521,-0.75531
0.228271,-0.94873,-0.14624,0.061035,-3.227234,-0.793457
0.229248,-0.948975,-0.146973,0.091553,-2.998352,-0.892639
0.22998,-0.950928,-0.149902,0.228882,-2.723694,-0.930786
0.22998,-0.953369,-0.149658,0.183105,-2.76947,-0.976562
0.229004,-0.952881,-0.148438,0.175476,-2.868652,-0.961304
0.230713,-0.951904,-0.14917,0.198364,-3.15094,-0.88501
0.230469,-0.95459,-0.150879,0.099182,-3.288269,-0.808716
0.22998,-0.952881,-0.148682,0.083923,-3.219604,-0.747681
0.229736,-0.953125,-0.148438,0.106812,-3.288269,-0.785828
0.231201,-0.952148,-0.148193,0.183105,-3.364563,-0.808716
0.230469,-0.947754,-0.148438,0.305176,-3.738403,-0.88501
0.229736,-0.948486,-0.153809,0.442505,-4.173279,-0.869751
0.227295,-0.950439,-0.150635,0.427246,-4.53186,-0.854492
0.226563,-0.949951,-0.147461,0.541687,-4.867554,-0.694275
0.223145,-0.946777,-0.144775,0.709534,-4.806519,-0.762939
0.224854,-0.944824,-0.147949,0.946045,-4.53949,-0.892639
0.225586,-0.945068,-0.151123,1.296997,-4.142761,-0.854492
0.228027,-0.947998,-0.150635,1.586914,-4.104614,-0.907898
0.226318,-0.946777,-0.154297,1.693725,-4.570007,-0.862122
0.224854,-0.944336,-0.153076,1.861572,-4.776001,-0.839233
0.227051,-0.945068,-0.151367,2.204895,-4.669189,-0.846863
0.22876,-0.950195,-0.151855,2.456665,-4.501343,-0.862122
0.231689,-0.955322,-0.151123,2.540588,-4.53949,-0.823975
0.232666,-0.956055,-0.155273,2.632141,-4.928589,-0.50354
0.231201,-0.954834,-0.15625,2.586365,-5.531311,-0.259399
0.231934,-0.952393,-0.15918,2.677917,-6.225585,-0.236511
0.230957,-0.947021,-0.163086,2.761841,-6.973266,-0.289917
0.228027,-0.950439,-0.164063,2.716064,-7.461547,-0.465393
0.225586,-0.950439,-0.163574,2.853393,-7.904052,-0.602722
0.223145,-0.949219,-0.164795,2.685547,-8.148193,-0.801086
0.222656,-0.949463,-0.161133,2.601623,-8.19397,-0.892639
0.2229,-0.950684,-0.164063,2.5177,-8.033752,-0.938415
0.225586,-0.950928,-0.164795,2.403259,-7.873535,-0.946045
0.2229,-0.949463,-0.161621,2.39563,-7.92694,-0.907898
0.222412,-0.949707,-0.162598,2.471924,-7.93457,-0.946045
0.220703,-0.94873,-0.161133,2.593994,-8.209229,-1.121521
0.220703,-0.947021,-0.161377,2.716064,-8.331299,-1.174927
0.220703,-0.946777,-0.1521,2.868652,-8.369446,-1.487732
0.219482,-0.947754,-0.151611,2.990722,-8.285522,-1.617432
0.220215,-0.947754,-0.153564,3.14331,-8.102417,-1.724243
0.218506,-0.946777,-0.155518,3.227234,-7.766723,-1.785278
0.21875,-0.948242,-0.156494,3.517151,-7.583618,-1.670837
0.22168,-0.949463,-0.155762,3.677368,-7.499694,-1.548767
0.220459,-0.949707,-0.158447,3.723144,-7.614135,-1.365662
0.219238,-0.947266,-0.159912,3.799438,-7.80487,-1.235962
0.217285,-0.949219,-0.159424,3.921509,-7.67517,-1.350403
0.217285,-0.947266,-0.158691,3.822326,-7.575988,-1.441955
0.218994,-0.94873,-0.159424,3.921509,-7.492065,-1.647949
0.219238,-0.952393,-0.157471,4.02832,-7.278442,-1.777649
0.21875,-0.95166,-0.155762,4.112244,-7.141113,-1.808166
0.221436,-0.95166,-0.155273,4.356384,-7.186889,-1.800537
0.223145,-0.950439,-0.157959,4.669189,-7.30133,-1.823425
0.2229,-0.950928,-0.158203,4.882813,-7.667541,-1.686096
0.221924,-0.950439,-0.154541,5.149841,-8.033752,-1.579285
0.222412,-0.949219,-0.153809,5.126953,-8.422852,-1.564026
0.221191,-0.950684,-0.154541,5.020141,-8.323669,-1.754761
0.218506,-0.946533,-0.151855,4.821777,-7.972717,-2.02179
0.221191,-0.947021,-0.151855,4.798889,-7.522583,-2.197266
0.220947,-0.948975,-0.150879,4.592896,-7.057189,-2.349854
0.219727,-0.947754,-0.148926,4.501343,-6.790161,-2.494812
0.219727,-0.94751,-0.148193,4.554749,-6.652832,-2.662658
0.22168,-0.951416,-0.147217,4.364014,-6.614685,-2.693176
0.217773,-0.949951,-0.145996,4.364014,-6.332397,-2.746582
0.217041,-0.952881,-0.143799,4.40979,-5.737304,-2.731323
0.217773,-0.953857,-0.142334,4.241943,-5.050659,-2.693176
0.219238,-0.952148,-0.142578,4.264832,-4.455566,-2.761841
0.21875,-0.952148,-0.145264,4.15802,-4.150391,-2.799988
0.219482,-0.95459,-0.144775,4.013062,-3.936767,-2.830505
0.219971,-0.956543,-0.145996,4.112244,-3.65448,-2.952575
0.222412,-0.956055,-0.148682,3.883362,-3.288269,-2.937317
0.222168,-0.955322,-0.148193,3.639221,-3.067016,-2.944946
0.22168,-0.95459,-0.146484,3.494262,-2.838135,-3.013611
0.221436,-0.954346,-0.144531,3.211975,-2.372742,-3.067016
0.223389,-0.954346,-0.148438,3.158569,-2.090454,-3.219604
0.225098,-0.952393,-0.145264,3.089905,-2.01416,-3.250122
0.223633,-0.951416,-0.142822,2.983093,-2.052307,-3.173828
0.222656,-0.951172,-0.143311,2.906799,-1.968384,-3.14331
0.222656,-0.95166,-0.142334,2.89917,-1.609802,-3.211975
0.224365,-0.951172,-0.138672,2.944946,-1.228333,-3.204345
0.227783,-0.952148,-0.137207,2.960205,-0.915527,-3.128052
0.225342,-0.951416,-0.135986,2.952575,-0.747681,-3.128052
0.227539,-0.94873,-0.135254,2.906799,-0.556946,-3.005981
0.22998,-0.949463,-0.13623,2.738952,-0.297546,-2.815246
0.229248,-0.950195,-0.133301,2.5177,0.076294,-2.807617
0.228516,-0.951416,-0.131348,2.540588,0.488281,-2.6474
0.231445,-0.949707,-0.136719,2.655029,1.068115,-2.487183
0.232666,-0.951904,-0.137451,2.876281,1.670837,-2.555847
0.235107,-0.952393,-0.13501,2.998352,1.808166,-2.510071
0.241211,-0.950195,-0.135986,3.120422,1.487732,-2.571106
0.241211,-0.949219,-0.138184,3.135681,1.045227,-2.677917
0.241699,-0.950928,-0.13501,3.097534,0.50354,-2.540588
0.244629,-0.950928,-0.134277,3.036499,0.007629,-2.471924
0.244873,-0.95166,-0.135254,2.754211,-0.25177,-2.449036
0.244385,-0.951172,-0.13623,2.563476,-0.450134,-2.479553
0.245605,-0.950439,-0.135742,2.502441,-0.801086,-2.487183
0.245605,-0.95166,-0.135498,2.487183,-1.335144,-2.593994
0.245117,-0.950684,-0.137939,2.456665,-2.075195,-2.601623
0.242676,-0.950684,-0.13623,2.319336,-2.632141,-2.632141
0.239502,-0.950684,-0.133057,2.250671,-2.975464,-2.5177
0.236084,-0.950439,-0.134521,2.052307,-2.63977,-2.563476
0.239502,-0.948975,-0.133301,1.960754,-2.044678,-2.532959
0.241699,-0.951172,-0.130615,1.838684,-1.441955,-2.487183
0.238525,-0.948975,-0.132324,1.724243,-1.068115,-2.372742
0.237793,-0.945068,-0.133789,1.525879,-0.686645,-2.334595
0.240479,-0.946777,-0.131836,1.564026,-0.282288,-2.311707
0.245361,-0.95166,-0.130859,1.548767,-0.167847,-2.26593
0.24585,-0.955078,-0.129883,1.487732,-0.190735,-2.159119
0.250488,-0.954102,-0.129883,1.38092,-0.198364,-1.88446
0.25,-0.952393,-0.128906,1.213074,-0.350952,-1.586914
0.251221,-0.948242,-0.13208,1.220703,-0.701904,-1.472473
0.251709,-0.946533,-0.130371,1.434326,-0.938415,-1.564026
0.251953,-0.948486,-0.13208,1.480102,-1.159668,-1.556396
0.251465,-0.946533,-0.130615,1.373291,-1.533508,-1.670837
0.256836,-0.947266,-0.132568,1.25885,-1.800537,-1.777649
0.254639,-0.945313,-0.131348,1.289368,-1.976013,-1.861572
0.25415,-0.944092,-0.130615,1.243591,-2.204895,-1.998901
0.256836,-0.946289,-0.130859,1.335144,-2.433777,-2.044678
0.258057,-0.947754,-0.128418,1.373291,-2.76947,-2.204895
0.258789,-0.94873,-0.129639,1.358032,-3.334045,-2.243042
0.258545,-0.945557,-0.129395,1.373291,-4.066467,-2.296448
0.25415,-0.945801,-0.126465,1.25885,-4.615784,-2.26593
0.257324,-0.945068,-0.122803,1.167297,-4.776001,-2.296448
0.254395,-0.943848,-0.125732,1.182556,-4.936218,-2.510071
0.251221,-0.947021,-0.125977,0.968933,-4.592896,-2.586365
0.253174,-0.945068,-0.127686,0.801086,-4.119873,-2.822876
0.252197,-0.944336,-0.127686,0.816345,-3.829956,-2.845764
0.251465,-0.943604,-0.128418,0.854492,-3.570556,-2.861023
0.254395,-0.947754,-0.12915,0.976562,-3.501892,-2.746582
0.25293,-0.947754,-0.130371,0.930786,-3.578186,-2.593994
0.253906,-0.945801,-0.131348,0.808716,-3.616333,-2.586365
0.254395,-0.94873,-0.130615,0.839233,-3.639221,-2.502441
0.254395,-0.949951,-0.130859,0.465393,-3.723144,-2.388
0.251709,-0.948242,-0.129639,0.213623,-3.77655,-2.365112
0.252686,-0.949219,-0.131348,0.0,-3.608703,-2.243042
0.249268,-0.948486,-0.130371,-0.312805,-3.181457,-2.204895
0.245605,-0.94751,-0.128662,-0.488281,-2.700805,-2.098083
0.246338,-0.945557,-0.128662,-0.511169,-1.914978,-2.006531
0.25,-0.946045,-0.131104,-0.335693,-1.38092,-2.090454
0.251953,-0.947754,-0.12915,-0.297546,-1.335144,-2.082825
0.249268,-0.946289,-0.125,-0.190735,-1.548767,-2.075195
0.252197,-0.94751,-0.124268,-0.152588,-1.495361,-2.059937
0.252686,-0.948486,-0.125,0.015259,-1.373291,-1.998901
0.25415,-0.949951,-0.124268,0.015259,-1.533508,-2.105713
0.250488,-0.947998,-0.123291,-0.198364,-1.434326,-1.998901
0.248535,-0.945068,-0.124023,-0.434875,-0.923157,-1.930237
0.248779,-0.943604,-0.126953,-0.511169,-0.457764,-2.02179
0.251221,-0.942139,-0.124023,-0.442505,-0.061035,-2.037048
0.253174,-0.944824,-0.125,-0.389099,0.205994,-2.204895
0.253662,-0.946777,-0.125488,-0.358582,0.404358,-2.197266
0.253174,-0.946533,-0.125,-0.289917,0.312805,-2.120972
0.257324,-0.947754,-0.123047,-0.144958,0.205994,-1.831055
0.259033,-0.949463,-0.123779,-0.144958,0.175476,-1.602173
0.262207,-0.952637,-0.124756,-0.106812,-0.343323,-1.319885
0.263672,-0.951416,-0.128906,-0.25177,-1.144409,-0.999451
0.263672,-0.951172,-0.126709,-0.328064,-1.937866,-0.816345
0.260742,-0.952148,-0.126221,-0.480652,-2.525329,-0.686645
0.256836,-0.951904,-0.125732,-0.75531,-2.845764,-0.534058
0.255615,-0.952881,-0.124756,-0.778198,-2.861023,-0.617981
0.252686,-0.95166,-0.125244,-0.839233,-2.677917,-0.701904
0.252441,-0.948242,-0.124756,-0.953674,-2.449036,-0.831604
0.250732,-0.947266,-0.126709,-0.991821,-2.052307,-0.816345
0.249756,-0.945313,-0.12793,-0.923157,-1.701355,-0.862122
0.250977,-0.949463,-0.124023,-0.938415,-1.304626,-0.694275
0.248779,-0.947266,-0.122803,-0.946045,-0.785828,-0.602722
0.249023,-0.945068,-0.122803,-0.869751,0.022888,-0.541687
0.250244,-0.945068,-0.12207,-0.88501,0.793457,-0.389099
0.254395,-0.946289,-0.121094,-0.801086,1.449585,-0.144958
0.25415,-0.94458,-0.12085,-0.823975,1.655578,-0.083923
0.255371,-0.944824,-0.12207,-0.907898,1.724243,-0.068665
0.258301,-0.947266,-0.124512,-1.152039,1.647949,-0.144958
0.253662,-0.945801,-0.123535,-1.235962,1.51062,-0.25177
0.249756,-0.947021,-0.123291,-1.167297,1.785278,-0.282288
0.254639,-0.945313,-0.125244,-1.213074,2.372742,-0.488281
0.255371,-0.947021,-0.127686,-1.152039,2.952575,-0.564575
0.254883,-0.946777,-0.130127,-1.274109,3.555298,-0.556946
0.258789,-0.94873,-0.131104,-1.472473,3.990173,-0.366211
0.265137,-0.948242,-0.131104,-1.251221,3.982544,-0.190735
0.262939,-0.94873,-0.131104,-1.419067,3.585815,0.030518
0.265137,-0.94751,-0.133057,-1.51062,3.204345,0.144958
0.264404,-0.944336,-0.132568,-1.586914,2.922058,0.289917
0.263672,-0.944092,-0.133057,-1.594543,2.868652,0.411987
0.266357,-0.942139,-0.135498,-1.678467,2.464294,0.221252
0.265625,-0.942871,-0.136719,-1.655578,2.151489,0.12207
0.264404,-0.941162,-0.136963,-1.686096,1.937866,-0.007629
0.266357,-0.94043,-0.139404,-1.777649,1.564026,-0.061035
0.264648,-0.938965,-0.136963,-1.678467,1.289368,-0.175476
0.261475,-0.936523,-0.136719,-1.708984,1.319885,-0.244141
0.260254,-0.938232,-0.134033,-1.594543,1.281738,-0.396728
0.260254,-0.93457,-0.134521,-1.403808,1.38092,-0.480652
0.260254,-0.936035,-0.134766,-1.13678,1.838684,-0.656128
0.262207,-0.936768,-0.134766,-0.984192,2.319336,-0.617981
0.262695,-0.938965,-0.136963,-0.75531,2.479553,-0.686645
0.268066,-0.936279,-0.136963,-0.656128,2.5177,-0.450134
0.268799,-0.940918,-0.136475,-0.534058,2.456665,-0.450134
0.272217,-0.947021,-0.134033,-0.450134,2.39563,-0.244141
0.278564,-0.953613,-0.134521,-0.564575,2.258301,0.076294
0.277344,-0.95459,-0.136475,-0.87738,2.006531,0.534058
0.276367,-0.952148,-0.136963,-1.296997,1.983642,0.671387
0.272949,-0.946533,-0.140625,-1.800537,1.800537,0.579834
0.272949,-0.944824,-0.141357,-2.151489,1.296997,0.442505
0.270996,-0.942627,-0.140625,-2.166748,0.442505,0.015259
0.266357,-0.94043,-0.142578,-2.479553,-0.396728,-0.221252
0.263916,-0.937988,-0.144287,-2.624511,-0.968933,-0.541687
0.26123,-0.94165,-0.143311,-2.571106,-1.289368,-0.930786
0.256104,-0.942871,-0.142334,-2.670288,-1.182556,-1.091003
0.253906,-0.942871,-0.143066,-2.464294,-0.450134,-1.266479
0.25708,-0.944092,-0.148193,-2.471924,0.556946,-1.609802
0.264648,-0.94751,-0.153564,-2.609253,1.602173,-1.907349
0.263916,-0.956543,-0.159668,-3.257751,2.63977,-2.159119
0.259277,-0.961182,-0.157959,-4.53186,3.601074,-2.586365
0.264893,-0.968994,-0.160156,-6.401062,6.248474,-3.036499
0.276855,-0.979736,-0.169434,-8.31604,9.376526,-5.043029
0.25293,-0.983154,-0.196777,-10.803222,12.130736,-8.918762
0.209961,-0.996826,-0.213867,-14.259337,18.821716,-13.786315
0.1875,-1.01416,-0.204102,-18.295288,32.104492,-19.821167
0.189209,-1.025146,-0.183594,-22.720335,50.73547,-26.977537
0.237061,-1.036621,-0.196777,-26.840208,75.340271,-34.606934
0.280762,-1.053711,-0.253174,-32.371521,101.158134,-44.479366
0.312744,-1.083984,-0.310303,-40.260311,126.502983,-55.854794
0.376953,-1.121094,-0.333008,-50.628658,152.633667,-68.473816
0.493164,-1.158936,-0.310303,-62.858578,172.584518,-82.862846
0.620605,-1.179932,-0.286377,-76.148987,178.817734,-96.115105
0.697998,-1.194336,-0.298096,-88.302605,169.692978,-111.0382
0.748047,-1.216064,-0.354004,-100.158684,156.677246,-127.731316
0.782715,-1.217285,-0.400635,-113.212578,146.957397,-142.494202
0.857422,-1.19751,-0.413818,-125.610344,138.999939,-155.502319
0.930664,-1.171387,-0.429688,-136.032104,129.486084,-167.732224
0.965088,-1.139648,-0.445068,-143.989563,116.363518,-178.688034
0.986816,-1.105957,-0.487061,-150.108337,101.142876,-187.896713
1.000488,-1.051514,-0.511963,-155.990601,84.152214,-195.343002
1.009033,-0.990967,-0.545166,-161.567673,66.986084,-201.744064
1.001221,-0.935059,-0.549072,-166.748032,51.719662,-208.084091
0.980713,-0.868408,-0.530518,-171.43248,39.405823,-213.272079
0.973877,-0.780273,-0.503418,-174.636826,28.488157,-217.987045
0.982666,-0.698486,-0.494385,-175.96434,18.15033,-221.45079
1.022705,-0.653564,-0.511719,-175.97197,9.490967,-225.952133
1.022217,-0.622803,-0.503418,-175.453171,0.480652,-232.933029
1.015869,-0.567627,-0.504395,-175.117477,-10.765075,-237.091049
0.989258,-0.535645,-0.513672,-174.682602,-23.460386,-239.440903
0.92749,-0.512695,-0.487061,-175.125107,-36.79657,-241.577133
0.86499,-0.455078,-0.433838,-176.658615,-47.012325,-240.798935
0.817139,-0.40332,-0.393799,-177.520737,-52.764889,-239.433273
0.799561,-0.344727,-0.373047,-177.72673,-56.755062,-237.342819
0.810059,-0.29126,-0.352295,-176.811203,-60.623165,-233.978256
0.782959,-0.253418,-0.338867,-175.071701,-63.644405,-231.849655
0.733154,-0.223877,-0.342529,-172.409042,-63.507076,-230.049118
0.719482,-0.185303,-0.285645,-170.394882,-62.164303,-226.730331
0.732666,-0.153564,-0.250732,-169.006332,-64.544678,-220.657333
0.722168,-0.126465,-0.244629,-166.938766,-71.800232,-215.003952
0.721436,-0.110596,-0.233643,-164.360031,-78.300476,-208.839401
0.700928,-0.085205,-0.209473,-160.865768,-79.269409,-203.170761
0.693604,-0.035889,-0.173828,-155.532837,-73.379517,-197.097763
0.700439,0.009766,-0.142822,-149.147034,-59.05151,-191.452011
0.711914,0.059814,-0.110596,-140.87677,-41.732784,-188.362106
0.725098,0.117188,-0.096436,-131.828308,-28.724669,-183.731064
0.73877,0.135986,-0.111328,-122.200005,-22.758482,-177.207932
0.703613,0.126709,-0.145996,-113.334648,-23.628233,-171.333298
0.672363,0.118652,-0.19165,-106.735222,-29.937742,-164.810165
0.626465,0.119873,-0.221191,-103.271477,-39.703369,-158.348083
0.572021,0.149658,-0.210205,-100.700371,-50.170895,-152.183533
0.506592,0.205566,-0.189697,-97.717278,-57.502743,-145.774841
0.448242,0.258057,-0.157227,-93.040459,-57.991024,-138.404846
0.394775,0.283691,-0.165527,-87.10479,-50.468441,-130.622864
0.426758,0.289795,-0.216553,-81.336967,-41.450497,-121.055595
0.475098,0.279297,-0.280518,-76.438904,-37.658691,-110.465996
0.482178,0.291504,-0.328125,-71.563721,-39.543152,-100.654594
0.477295,0.30249,-0.364014,-66.551208,-40.06958,-91.316216
0.458008,0.313965,-0.382568,-61.500546,-36.911011,-83.480827
0.416992,0.352539,-0.391602,-55.976864,-30.372618,-75.843811
0.385742,0.398682,-0.401855,-50.376888,-20.538328,-67.771912
0.392822,0.432373,-0.404297,-45.303341,-9.025574,-60.211178
0.390625,0.471191,-0.418701,-40.199276,-1.068115,-53.840633
0.391602,0.497559,-0.454102,-35.316467,2.494812,-47.653194
0.419434,0.508057,-0.473877,-31.738279,1.869202,-42.4118
0.435791,0.541016,-0.467285,-28.999327,-5.119323,-37.979126
0.421631,0.571533,-0.470947,-25.672911,-15.129088,-33.447266
0.399414,0.576172,-0.494385,-22.727964,-22.193907,-30.128477
0.383057,0.598389,-0.498535,-20.729063,-25.733946,-27.343748
0.37915,0.638428,-0.491943,-18.585205,-27.206419,-23.818968
0.391602,0.657471,-0.487305,-16.319275,-27.656553,-20.851133
0.399902,0.670898,-0.488281,-13.97705,-27.656553,-18.39447
0.412109,0.688477,-0.490479,-11.83319,-25.894163,-15.792846
0.437988,0.702393,-0.491943,-9.376526,-21.133421,-13.885497
0.485107,0.725098,-0.467529,-7.743835,-16.738892,-12.725829
0.484619,0.755859,-0.44043,-6.538391,-14.671325,-11.260985
0.467773,0.753418,-0.450195,-5.599975,-11.161803,-10.19287
0.485596,0.733398,-0.466309,-5.882263,-4.760742,-10.32257
0.504395,0.738525,-0.459229,-7.4234,-0.793457,-11.253356
0.507568,0.758789,-0.448975,-9.681702,-1.12915,-11.71112
0.506592,0.763916,-0.428223,-12.039184,-2.76947,-12.519835
0.488525,0.776123,-0.391846,-13.877868,-4.592896,-13.610839
0.467773,0.790283,-0.376709,-15.388488,-4.890442,-13.710021
0.480957,0.798584,-0.369141,-16.471863,-3.616333,-13.870238
0.499268,0.810547,-0.360596,-17.913818,-4.989624,-14.640807
0.495605,0.823242,-0.347412,-18.997192,-10.246276,-15.312194
0.477051,0.821533,-0.341553,-19.836426,-13.755797,-15.274047
0.484619,0.80835,-0.331055,-20.469664,-12.298583,-15.624999
0.499268,0.807373,-0.309814,-20.76721,-8.766174,-16.532898
0.517822,0.809326,-0.281494,-20.416258,-3.585815,-17.539978
0.532715,0.821533,-0.244141,-18.90564,2.14386,-19.004822
0.538086,0.841797,-0.201172,-15.937804,8.255005,-20.39337
0.560303,0.859131,-0.128174,-12.298583,18.02063,-21.614073
0.601074,0.890381,-0.01416,-7.019042,32.783508,-24.261473
0.643311,0.90918,0.105957,2.243042,51.87225,-28.671263
0.712891,0.895264,0.205078,15.632628,74.378967,-33.813477
0.776123,0.846924,0.252441,32.020569,97.30529,-42.137142
0.856689,0.781006,0.306885,49.453732,113.426201,-52.421566
0.938721,0.755859,0.437012,67.131042,120.330803,-58.563229
0.972656,0.80542,0.62793,87.089531,123.954765,-65.376282
0.955566,0.848145,0.843506,113.708488,132.377625,-77.888489
0.908691,0.864258,1.072266,148.223877,149.154663,-89.965813
0.95874,0.841064,1.276123,193.8629,179.290756,-100.517265
1.060547,0.787354,1.432129,244.567856,212.425217,-116.424553
1.127197,0.690918,1.509521,249.992355,237.785324,-131.68335
0.994629,0.552002,1.448242,249.420151,249.992355,-148.544312
0.783936,0.327393,1.167969,249.778732,249.992355,-162.681564
0.650146,0.067139,0.752197,249.992355,249.748215,-167.106613
0.622803,-0.186035,0.290527,249.992355,234.893784,-160.461426
1.452637,-0.22583,2.668213,249.992355,184.959396,-144.004822
-1.895508,-5.243408,-4.353516,249.992355,190.734848,-166.580185
0.578613,-7.580322,-7.999756,66.963196,105.232231,32.272339
2.483154,0.268799,-3.014648,-249.992355,-170.021042,215.713486
1.725586,2.282227,0.705078,-249.992355,-249.992355,79.238892
1.62793,2.550049,1.276611,-172.752365,-127.220146,16.548157
0.476563,2.289551,1.371582,-10.162353,26.794432,-42.350765
-0.535889,1.395996,0.20874,112.945549,86.563103,-103.851311
-0.729004,0.317627,-1.076416,140.365601,64.193726,-70.091248
-0.579834,-0.077148,-1.313721,114.936821,-28.793333,18.913269
-0.179443,0.345703,-0.978516,79.76532,-110.351555,63.529964
0.235107,0.710693,-0.624512,59.539791,-137.710571,67.41333
0.436768,0.782227,-0.371094,53.390499,-123.374931,64.781189
0.440674,0.73999,-0.333252,53.092953,-74.684143,52.551266
0.425781,0.588135,-0.500732,54.656979,-11.497497,33.638
0.44751,0.477295,-0.648438,51.162716,29.998777,22.811888
0.473145,0.466797,-0.709717,42.381283,37.582397,24.345396
0.523193,0.444824,-0.761963,33.38623,20.76721,28.167723
0.560547,0.406982,-0.842285,25.657652,-5.775451,29.647825
0.557861,0.340576,-0.929932,15.724181,-22.430418,30.71594
0.614014,0.294922,-1.011963,1.678467,-23.902891,31.021116
0.721436,0.294678,-1.085449,-14.091491,-18.760681,29.418943
0.794922,0.318604,-1.113037,-29.327391,-18.592834,25.93231
0.743408,0.371826,-1.131348,-41.854855,-21.194456,20.492552
0.669434,0.407471,-1.092041,-49.911495,-18.966675,12.809752
0.620361,0.446045,-0.999512,-52.932735,-9.780884,3.39508
0.512451,0.380859,-1.03125,-53.764339,-0.328064,-3.936767
0.541016,0.289551,-1.012939,-62.210079,8.583069,-7.720947
0.627441,0.168213,-1.155762,-73.799133,4.013062,-12.893676
0.40918,0.198975,-1.299805,-91.491692,-16.281128,-13.267516
0.359863,0.278809,-1.342529,-110.298149,-30.960081,-1.449585
0.426025,0.292236,-1.327637,-129.081726,-52.574154,7.949829
0.421875,0.303711,-1.237793,-145.935059,-84.106438,18.066406
0.358398,0.336914,-1.104248,-158.782959,-106.361382,26.588438
0.317139,0.380859,-0.95752,-167.617783,-110.343925,30.311583
0.322021,0.411377,-0.834229,-172.950729,-101.013176,33.531189
0.354736,0.436523,-0.726318,-175.025925,-88.165276,35.583496
0.39209,0.474365,-0.620361,-174.171432,-78.025818,36.453247
0.432129,0.506592,-0.530518,-171.478256,-72.738647,38.192749
0.46582,0.524414,-0.439941,-168.472275,-70.320129,40.229794
0.493408,0.542236,-0.365479,-164.619431,-69.313049,40.428158
0.495117,0.568115,-0.281982,-160.812363,-70.083618,39.398193
0.50708,0.593506,-0.220947,-155.929565,-70.701599,38.879395
0.545166,0.618408,-0.132568,-148.406982,-68.855286,36.865234
0.573975,0.676758,-0.022949,-139.007568,-65.704346,32.501221
0.592285,0.761475,0.078613,-127.120964,-60.43243,28.068541
0.642578,0.826904,0.158203,-113.6856,-53.50494,23.025511
0.703125,0.858887,0.223389,-99.746696,-48.988338,16.296387
0.697266,0.889404,0.264404,-86.303703,-47.843929,9.017944
0.663818,0.895508,0.272217,-72.776794,-45.074459,1.76239
0.64917,0.887451,0.27002,-59.356686,-37.460327,-6.553649
0.645752,0.913086,0.283447,-46.516415,-26.908873,-15.937804
0.637695,0.959473,0.319092,-33.981323,-12.84027,-25.436399
0.637695,1.005127,0.365723,-20.240782,5.889892,-34.622192
0.668701,1.040283,0.439209,-4.745483,26.298521,-43.685909
0.709473,1.043701,0.515381,12.390136,44.372555,-53.222652
0.731201,1.032227,0.604004,32.974243,60.104366,-63.247677
0.754639,1.02002,0.683838,59.547421,77.064514,-74.729919
0.749268,0.990967,0.734131,92.086784,98.915092,-89.904778
0.687988,0.941406,0.743896,128.288269,129.28009,-106.597893
0.643311,0.906982,0.733643,166.427597,169.815048,-123.710625
0.672852,0.918457,0.75,206.184372,207.649216,-141.349792
0.730225,0.933105,0.776855,245.056137,224.678024,-153.190613
0.736084,0.932129,0.834229,249.992355,215.522751,-156.715393
0.617188,0.884033,0.810547,249.610886,198.471054,-158.638
0.398682,0.683838,0.639404,249.816879,178.626999,-165.878281
0.190186,0.386963,0.295654,249.992355,150.390625,-167.709335
0.459717,0.054688,0.136719,249.992355,106.727592,-161.003098
-0.052734,-2.337158,-2.118408,249.992355,125.122063,-177.246078
0.866455,-7.999756,-7.999756,211.486801,-12.405395,-120.300285
0.460938,-1.171387,-4.517334,-99.227898,-249.992355,164.947495
0.256348,2.803467,-1.46167,-239.555344,-233.367905,47.531124
0.773193,1.314941,-0.594238,-217.80394,-32.905579,43.655392
1.090088,1.833496,0.63623,-154.525757,136.421204,16.731262
0.532959,2.085938,0.836426,-31.616209,118.362419,-59.654232
0.002441,1.685547,0.344238,56.930538,1.121521,-90.843193
-0.409912,0.965088,-0.245361,98.922722,-93.521111,-64.292908
-0.521484,0.5979,-0.55835,107.39135,-134.597778,-38.772583
-0.349121,0.593506,-0.614258,93.360893,-135.894775,-22.994993
-0.30542,0.519287,-0.636963,77.705383,-126.335136,-12.542724
-0.334473,0.411377,-0.692627,63.301083,-91.880791,1.037598
-0.180908,0.485352,-0.767578,47.363277,-33.241272,8.132935
0.031494,0.606201,-0.792969,35.652161,4.257202,8.857727
0.114502,0.621094,-0.778564,29.144285,5.180358,13.259887
0.103516,0.600342,-0.786865,25.527952,-10.864257,19.485474
0.076416,0.558594,-0.86792,23.361204,-25.192259,25.314329
0.076172,0.461426,-1.005859,17.700195,-28.518675,32.341003
0.080811,0.400146,-1.11084,6.134033,-16.525269,40.107727
0.155762,0.351074,-1.207275,-11.886596,5.577087,47.241207
0.263184,0.272461,-1.350342,-36.354065,22.338865,54.443356
0.383545,0.293701,-1.338379,-60.615536,26.382444,61.363216
0.461426,0.358398,-1.131592,-76.431274,19.798279,58.990475
0.46167,0.331543,-0.878418,-83.374016,10.276793,49.385067
0.437012,0.235352,-0.714844,-89.11895,0.061035,46.157833
0.27002,0.080566,-1.024902,-101.882927,-13.34381,46.600338
0.159912,0.114014,-1.340576,-122.062675,-17.799377,49.888607
0.224609,0.22583,-1.387695,-140.037537,-22.735594,53.169247
0.245361,0.269775,-1.322754,-155.158997,-48.538204,63.20953
0.19165,0.306152,-1.177979,-166.282639,-86.357109,79.353333
0.1604,0.374512,-0.985107,-170.66954,-114.181511,87.776176
0.171387,0.428711,-0.844971,-169.975266,-124.435417,91.270439
0.206055,0.470947,-0.748779,-166.717514,-121.726982,94.383232
0.256104,0.506348,-0.636719,-161.613449,-116.676323,93.90258
0.302979,0.549561,-0.530518,-155.380249,-115.45562,92.170708
0.356934,0.617432,-0.431152,-148.361206,-116.943352,91.278069
0.396729,0.712891,-0.340088,-141.113281,-115.20385,90.431206
0.45459,0.810059,-0.250488,-133.338928,-106.658928,87.898247
0.537354,0.888428,-0.16333,-124.839775,-93.864433,82.519524
0.597412,0.947998,-0.090332,-115.211479,-81.863396,73.287964
0.639893,1.000977,-0.020508,-104.598991,-72.166443,60.951229
0.653809,1.038574,0.029785,-91.613762,-62.980648,46.913143
0.654297,1.046143,0.091309,-75.965881,-53.37524,32.180786
0.63208,1.071045,0.138672,-60.508724,-43.16711,16.685486
0.599121,1.103516,0.169922,-47.218319,-31.074522,1.88446
0.585938,1.102295,0.199219,-36.231995,-16.860962,-10.932921
0.578125,1.095215,0.226318,-25.749205,-1.754761,-23.071287
0.570801,1.092773,0.28125,-14.938354,14.152526,-35.91156
0.565918,1.101563,0.345459,-3.601074,28.602598,-49.064632
0.56665,1.121338,0.401611,7.286071,37.948608,-61.454769
0.545898,1.14624,0.462158,18.65387,45.394894,-72.860718
0.510986,1.125,0.504395,32.966614,58.212276,-83.938591
0.504395,1.077148,0.563477,50.262447,79.833984,-94.291679
0.516113,1.060303,0.644775,71.174622,107.475273,-103.446953
0.541504,1.013916,0.694336,99.777214,137.268066,-113.624565
0.554688,0.931885,0.718994,135.856628,159.881592,-127.433769
0.591064,0.873779,0.740479,178.497299,166.213974,-137.023926
0.481445,0.832031,0.748535,226.62352,162.055954,-145.950317
0.30249,0.72998,0.697754,249.992355,164.619431,-155.937195
0.224854,0.541016,0.538086,249.992355,168.685898,-162.23143
0.229004,0.350586,0.321289,249.450668,155.014038,-161.59819
0.299072,0.182129,0.188721,249.992355,110.153191,-153.694153
-0.02832,-0.305176,0.986328,249.992355,102.233879,-150.688171
-1.183105,-7.355469,-7.936035,230.682358,184.234604,-176.437363
1.636963,-5.114746,-6.70459,-22.384642,-26.168821,153.961182
1.402832,2.824951,-2.332764,-235.778793,-249.992355,125.625603
0.553467,2.013916,-0.923584,-194.11467,-212.951645,44.349667
0.844971,1.651123,-0.003418,-182.693466,54.51202,14.976501
0.874756,1.686279,0.749268,-100.479118,168.045029,-55.549618
-0.0896,1.466553,0.621582,2.067566,81.718437,-100.784294
-0.976074,1.156006,0.040771,67.03186,8.247375,-85.403435
-1.166504,0.858154,-0.422119,89.424126,-8.956909,-57.060238
-0.680908,0.519531,-0.589355,86.372368,-16.00647,-24.536131
-0.291016,0.361328,-0.677002,78.842163,-53.596493,-4.829407
-0.36084,0.286377,-0.759766,71.929932,-97.953789,3.65448
-0.389893,0.316162,-0.809326,59.318539,-86.692802,16.212463
-0.125732,0.459961,-0.790283,44.929501,-35.423279,21.545408
0.08252,0.581543,-0.715332,35.072327,-2.586365,20.477293
0.119873,0.625,-0.639648,29.884336,8.903503,18.714905
0.132813,0.639404,-0.618408,26.794432,15.373229,17.570496
0.161133,0.638916,-0.655518,24.192808,17.00592,18.661499
0.17334,0.614014,-0.719482,20.362852,13.21411,22.6593
0.170654,0.577881,-0.765381,14.48059,9.300232,28.572081
0.189209,0.557617,-0.7771,7.637023,9.57489,34.980774
0.233643,0.549072,-0.770264,0.968933,13.648986,40.580746
0.28833,0.531982,-0.766602,-4.493713,18.295288,44.090267
0.342285,0.510498,-0.780029,-8.979797,21.438597,45.69244
0.38501,0.481689,-0.797119,-12.290954,23.315428,45.234676
0.391357,0.456055,-0.794922,-14.846801,26.008604,43.319698
0.37207,0.439453,-0.777344,-16.418457,31.455992,41.122433
0.36084,0.446533,-0.753174,-16.052246,39.604187,38.68866
0.35376,0.480469,-0.723877,-12.702941,46.485897,34.873962
0.329102,0.528564,-0.708252,-6.942749,49.934383,30.738829
0.298096,0.565186,-0.720215,-0.404358,50.567623,26.824949
0.282959,0.566895,-0.758545,5.599975,49.041744,23.200987
0.275879,0.526367,-0.808594,9.757996,45.951839,19.874573
0.258301,0.484131,-0.868652,11.909484,43.266293,16.235352
0.259277,0.458984,-0.9104,12.725829,40.65704,12.702941
0.282715,0.474121,-0.930176,12.321471,35.751343,10.421752
0.314453,0.543945,-0.922607,11.543273,29.037474,7.469177
0.356201,0.626709,-0.905518,11.322021,21.743773,2.76947
0.39209,0.669678,-0.900635,11.665343,13.778686,-3.204345
0.407959,0.663086,-0.910645,11.367797,5.683898,-10.597228
0.387939,0.628906,-0.948486,9.681702,-0.671387,-19.470215
0.342529,0.58667,-0.983154,6.072998,-2.13623,-28.602598
0.318115,0.554199,-0.989014,0.427246,-1.022339,-35.362244
0.299561,0.549072,-0.973633,-5.378723,-0.961304,-40.046692
0.284668,0.556885,-0.943115,-10.429381,-3.105163,-44.364925
0.254639,0.567871,-0.904297,-14.068603,-8.163452,-48.980709
0.201172,0.598877,-0.870361,-16.166687,-16.227722,-53.207394
0.12793,0.64209,-0.852051,-16.700745,-24.749754,-56.121822
0.061768,0.653809,-0.833984,-16.120911,-31.501768,-56.617733
0.016113,0.65625,-0.815674,-15.502929,-36.659241,-55.000301
-0.013184,0.655518,-0.789551,-14.526366,-40.710445,-52.688595
-0.035156,0.647949,-0.762451,-13.076781,-43.441769,-50.025936
-0.051514,0.637939,-0.735352,-11.260985,-44.56329,-46.646114
-0.067139,0.626221,-0.724121,-9.246826,-43.457027,-42.945858
-0.071045,0.608398,-0.723389,-7.217407,-40.222164,-38.711548
-0.057617,0.591553,-0.72998,-5.172729,-36.277771,-34.217834
-0.034424,0.573975,-0.743164,-2.89917,-34.118652,-29.33502
-0.01416,0.568604,-0.744873,-0.640869,-33.744812,-24.406431
-0.002441,0.567871,-0.735107,1.617432,-33.576965,-19.882202
0.006348,0.558838,-0.727783,4.104614,-32.478333,-15.785216
0.020752,0.553467,-0.735596,6.149292,-30.540464,-11.535644
0.045166,0.550049,-0.74585,7.362365,-28.999327,-6.67572
0.068115,0.543701,-0.754883,7.629394,-27.717588,-2.365112
0.071533,0.535156,-0.764648,6.698608,-24.604795,1.319885
0.080566,0.544678,-0.759766,5.813598,-18.135071,3.707886
0.102295,0.561768,-0.75708,6.431579,-12.001037,4.432678
0.106689,0.571533,-0.747314,7.545471,-9.651184,4.890442
0.083984,0.575439,-0.747314,9.017944,-8.735657,5.943298
0.086914,0.575684,-0.758545,10.078429,-6.462097,7.133483
0.107422,0.563477,-0.785645,10.353087,-4.844666,7.629394
0.135742,0.54126,-0.827393,9.971619,-6.500244,7.568359
0.157471,0.521484,-0.859619,8.537292,-10.894774,6.973266
0.16626,0.503174,-0.877686,6.599426,-14.755248,5.386352
0.174072,0.48877,-0.884277,4.142761,-14.762877,3.166198
0.183105,0.484619,-0.880615,1.403808,-11.001586,0.488281
0.188965,0.489746,-0.866455,-1.060486,-5.653381,-2.464294
0.182129,0.506104,-0.849854,-2.853393,-0.335693,-5.081176
0.173584,0.516602,-0.836426,-3.997802,3.623962,-7.316589
0.156982,0.532471,-0.820801,-4.196167,5.241394,-9.040833
0.13623,0.551514,-0.807617,-3.768921,4.570007,-10.383605
0.122314,0.557373,-0.811035,-3.692627,1.197815,-11.642455
0.111816,0.550781,-0.825439,-3.486633,-4.882813,-12.649535
0.102051,0.54248,-0.83252,-3.234863,-11.383056,-13.679503
0.096191,0.540527,-0.841309,-3.356933,-15.61737,-15.060424
0.094727,0.539795,-0.846924,-3.692627,-16.433716,-16.845703
0.106689,0.548828,-0.845215,-4.02832,-15.373229,-19.088745
0.108398,0.554443,-0.842285,-4.295349,-14.282226,-21.52252
0.095947,0.554932,-0.842041,-4.646301,-12.603759,-24.002073
0.079346,0.563232,-0.840576,-4.936218,-10.871886,-26.31378
0.061279,0.566406,-0.837402,-5.073547,-10.32257,-27.870176
0.038086,0.569336,-0.827881,-5.15747,-11.100768,-28.892515
0.010742,0.578613,-0.8125,-5.28717,-11.299132,-29.090879
-0.000732,0.591553,-0.800537,-4.966736,-10.910033,-29.296873
-0.006348,0.602295,-0.793457,-4.28772,-11.596679,-29.319761
-0.016846,0.612793,-0.783936,-3.280639,-12.741088,-28.861998
-0.028809,0.615234,-0.775635,-2.258301,-12.794494,-28.182981
-0.039307,0.611816,-0.774414,-1.296997,-11.611938,-27.19879
-0.045166,0.606934,-0.782715,-0.030518,-10.139464,-26.31378
-0.048828,0.599854,-0.794678,0.991821,-9.475708,-25.268553
-0.060791,0.595947,-0.795166,1.747131,-9.70459,-24.017332
-0.061279,0.599121,-0.786865,2.922058,-10.795592,-23.063658
-0.060791,0.59668,-0.780029,3.997802,-12.802123,-22.254942
-0.065918,0.591064,-0.780029,5.249023,-14.205932,-21.759031
-0.071777,0.587891,-0.779785,6.507873,-14.144897,-21.041868
-0.063965,0.577637,-0.779541,7.919311,-13.137816,-20.126341
-0.049316,0.564941,-0.778809,9.429932,-12.199401,-18.943787
-0.044678,0.559814,-0.781494,10.810851,-11.917113,-17.913818
-0.044189,0.553223,-0.781982,12.290954,-11.367797,-16.868591
-0.042725,0.549072,-0.785645,13.282775,-9.994507,-15.853881
-0.041748,0.547852,-0.789551,14.259337,-8.087158,-14.953612
-0.040039,0.545166,-0.79248,15.052794,-6.141662,-13.97705
-0.040771,0.539551,-0.796631,15.754699,-4.653931,-12.985229
-0.033936,0.54126,-0.802002,16.174316,-4.447937,-12.039184
-0.026367,0.537598,-0.804688,16.212463,-6.103515,-10.635375
-0.027344,0.532471,-0.806152,16.021729,-8.422852,-9.19342
-0.02832,0.527832,-0.809326,16.052246,-9.437561,-8.239746
-0.021484,0.520996,-0.80835,16.052246,-8.552551,-8.003235
-0.013672,0.509277,-0.80957,16.342163,-7.141113,-8.392334
-0.013672,0.510254,-0.811035,16.88385,-6.103515,-9.231567
-0.013184,0.514404,-0.810059,17.700195,-4.66156,-10.169982
-0.020752,0.510254,-0.807129,18.409729,-3.204345,-10.81848
-0.019775,0.510254,-0.811279,18.959045,-2.616882,-10.879516
-0.02002,0.502686,-0.817627,19.439697,-2.39563,-10.620116
-0.01709,0.490479,-0.82666,19.790649,-2.059937,-10.353087
-0.011719,0.483154,-0.834229,19.973755,-1.38092,-10.45227
-0.010986,0.484863,-0.834473,20.187376,0.671387,-10.932921
-0.011475,0.498779,-0.829834,20.561216,4.066467,-11.45935
-0.00708,0.503662,-0.829102,20.89691,7.461547,-11.650084
-0.001953,0.503174,-0.829102,21.202085,10.169982,-11.70349
0.00293,0.501465,-0.825928,21.186827,11.299132,-11.764525
-0.001953,0.495117,-0.827881,21.301268,11.07788,-11.924743
-0.009521,0.489502,-0.835938,21.39282,10.360717,-11.795043
-0.026367,0.478271,-0.84668,21.339415,9.994507,-11.45935
-0.040039,0.468018,-0.859131,21.095274,10.337829,-10.513305
-0.04541,0.462158,-0.861328,20.629881,10.505675,-9.056091
-0.044678,0.458984,-0.869385,19.65332,10.009766,-7.347106
-0.049805,0.462891,-0.875732,18.478394,8.872986,-5.462646
-0.053223,0.468262,-0.87793,17.272949,7.858276,-3.479004
-0.053223,0.4646,-0.88208,15.914916,7.339477,-1.358032
-0.046387,0.459961,-0.880615,14.381408,7.522583,0.740051
-0.035156,0.452393,-0.87793,13.061522,8.209229,2.731323
-0.029297,0.455078,-0.866455,11.932372,8.842468,4.585266
-0.035645,0.458008,-0.853516,11.001586,9.567261,6.195068
-0.045166,0.458252,-0.841797,10.765075,11.558532,7.545471
-0.047852,0.451172,-0.834473,10.856627,14.137267,8.735657
-0.049316,0.438965,-0.82666,11.314391,15.60974,10.19287
-0.055908,0.429688,-0.823486,12.145995,16.448975,12.229918
-0.05957,0.416992,-0.818115,13.183593,17.578125,14.717101
-0.056152,0.395508,-0.805908,14.335631,18.676758,17.76886
-0.055176,0.374023,-0.791748,15.73944,19.15741,21.40045
-0.055664,0.381592,-0.769287,17.76886,20.111082,25.604246
-0.053955,0.437744,-0.743652,21.194456,21.598814,29.655455
-0.056885,0.46582,-0.736328,25.55084,23.406981,33.752441
-0.049805,0.453125,-0.737549,29.685972,24.787901,38.513184
-0.053223,0.454834,-0.748779,33.363342,27.206419,43.121334
-0.044189,0.447266,-0.768555,37.071228,33.119202,46.409603
-0.019775,0.426758,-0.796387,40.031433,40.504452,49.064632
0.018799,0.411377,-0.827637,41.595455,44.738766,51.315304
0.059082,0.401611,-0.85376,41.65649,44.364925,53.497311
0.08667,0.397461,-0.877686,40.489193,42.739864,55.305477
0.113525,0.406982,-0.891602,38.703918,43.777462,56.015011
0.157471,0.427002,-0.903564,36.6745,48.164364,55.099483
0.204102,0.442627,-0.923584,34.584045,53.75671,52.436825
0.234619,0.437012,-0.951904,31.738279,58.906551,48.736568
0.252686,0.418945,-0.981445,28.068541,62.751766,44.639584
0.26416,0.4021,-1.005127,23.826597,63.941952,40.763851
0.266602,0.384033,-1.014893,19.14978,61.44714,37.582397
0.264404,0.366455,-1.017334,14.419555,56.236263,35.125732
0.26416,0.359619,-1.011963,9.849548,49.766537,32.737732
0.263184,0.355713,-1.000732,6.065368,42.633053,30.426023
0.246582,0.348633,-0.985107,3.158569,36.186218,28.511045
0.240967,0.344482,-0.968506,0.892639,32.020569,27.015684
0.250244,0.337402,-0.94165,-0.648498,29.388426,25.672911
0.254395,0.332031,-0.915283,-1.075745,27.229307,24.124144
0.261719,0.326904,-0.89917,-0.442505,25.756834,22.567747
0.262207,0.3125,-0.878906,0.686645,25.604246,20.957945
0.250244,0.306641,-0.861084,1.968384,27.397154,19.65332
0.240967,0.303467,-0.841797,3.52478,31.34918,18.77594
0.236816,0.290283,-0.83374,4.875183,35.118103,18.432617
0.241943,0.276123,-0.824219,5.996704,35.964966,18.661499
0.233887,0.26001,-0.809814,7.003784,33.668518,19.66095
0.219971,0.232178,-0.801514,7.614135,30.97534,21.087645
0.209473,0.209473,-0.789063,7.995605,29.670713,23.262022
0.210693,0.192627,-0.776855,8.583069,29.304502,26.245115
0.219482,0.181885,-0.769775,9.292603,28.96118,30.029295
0.223633,0.193115,-0.754639,10.772704,28.57971,34.095764
0.228027,0.192139,-0.744873,13.023376,29.808043,38.551331
0.23291,0.182861,-0.737549,15.304564,33.302307,43.487545
0.23999,0.17627,-0.732178,17.89093,38.520813,48.583981
0.245605,0.166992,-0.734863,20.721434,45.0592,53.710934
0.250244,0.148926,-0.742676,23.03314,53.321835,58.410641
0.25,0.135986,-0.744873,25.100706,63.064571,62.789913
0.230957,0.110352,-0.763184,26.878355,73.165894,66.886902
0.216309,0.080078,-0.810059,28.282164,83.908073,71.70105
0.19458,0.071289,-0.819336,28.785704,96.153252,76.599121
0.212646,0.061523,-0.79248,30.2124,108.322136,81.581108
0.245117,0.044922,-0.786621,31.707762,116.920464,87.234489
0.275391,0.049805,-0.790527,32.684326,117.286674,95.733635
0.306641,0.051758,-0.756836,32.974243,109.222404,105.339043
0.317627,0.043945,-0.72168,33.859253,95.42083,114.814751
0.302734,0.052734,-0.6875,34.744263,76.957703,126.098625
0.334229,0.0896,-0.663574,37.513733,60.05859,139.23645
0.373535,0.115479,-0.655273,42.533871,51.345821,147.209167
0.413086,0.115234,-0.628906,47.927853,53.207394,150.428772
0.461182,0.072998,-0.599854,53.50494,64.338684,152.832031
0.51416,0.013184,-0.597168,58.250423,78.346252,154.014587
0.577393,-0.041748,-0.618652,62.187191,89.958183,154.22821
0.638184,-0.067627,-0.640137,65.879822,91.232292,155.296326
0.653076,-0.083252,-0.635254,68.222046,80.93261,157.707214
0.648193,-0.084961,-0.61792,68.107605,66.474915,161.865219
0.642578,-0.088379,-0.577637,69.602966,52.185055,165.428146
0.632813,-0.126709,-0.571045,73.684692,39.802551,169.631943
0.577881,-0.135254,-0.54541,77.880859,29.319761,174.659714
0.493896,-0.124512,-0.487305,81.871025,27.229307,181.396469
0.457031,-0.154297,-0.470947,85.891716,40.603634,188.163742
0.504883,-0.219238,-0.462402,89.340202,64.338684,191.368088
0.573486,-0.293945,-0.459961,91.827385,87.921135,192.939743
0.640869,-0.352295,-0.46875,93.90258,103.851311,195.053085
0.727783,-0.405029,-0.486084,94.467155,111.396782,198.455795
0.79126,-0.448486,-0.483643,92.681877,109.138481,201.133713
0.800293,-0.461914,-0.477051,90.965263,99.555962,201.911911
0.790039,-0.476563,-0.468506,91.026299,89.363091,202.949509
0.758789,-0.499023,-0.45166,91.873161,81.909172,203.369125
0.695801,-0.530029,-0.418457,93.803398,78.605652,203.31572
0.657715,-0.587891,-0.387207,96.641533,79.048157,204.414352
0.650635,-0.661865,-0.37085,98.686211,81.123344,205.95549
0.652588,-0.721436,-0.376465,99.517815,82.740776,207.199081
0.652344,-0.788574,-0.388672,99.281303,86.456291,208.457932
0.662842,-0.853271,-0.388428,97.869865,92.041008,207.21434
0.706787,-0.915527,-0.395752,95.5429,97.145073,204.086288
0.740723,-0.977783,-0.401611,92.628471,98.670952,199.707016
0.733398,-1.01709,-0.396973,90.080254,94.65789,193.840012
0.687988,-1.05249,-0.385498,88.302605,89.714043,189.048752
0.607178,-1.081787,-0.362305,86.296074,87.882988,184.936508
0.572754,-1.109375,-0.327637,83.808891,88.890068,180.603012
0.577881,-1.141113,-0.30835,80.337517,89.698784,176.483139
0.591553,-1.16333,-0.307861,75.576782,85.037224,172.073349
0.605713,-1.169678,-0.313965,70.81604,75.126648,168.197617
0.606689,-1.167725,-0.317627,66.108704,63.667294,162.99437
0.602051,-1.155518,-0.325684,61.073299,54.252621,155.357361
0.580078,-1.145508,-0.326904,56.678768,49.453732,147.155762
0.548584,-1.129639,-0.322754,51.650997,51.521297,136.688232
0.531494,-1.106934,-0.311035,46.897884,59.478756,124.786369
0.508789,-1.08252,-0.297607,42.480465,70.419312,113.677971
0.491699,-1.06543,-0.291748,38.589478,81.153862,101.684563
0.416992,-1.062744,-0.295166,35.324097,93.498222,87.898247
0.320313,-1.059814,-0.338135,28.877256,121.238701,73.677063
0.346924,-1.054688,-0.410645,20.439146,162.467941,59.974667
0.422607,-1.023926,-0.456543,11.07788,195.808395,46.997066
0.475098,-0.987793,-0.431885,2.723694,208.923325,36.804199
0.49585,-0.981445,-0.35376,-3.013611,206.108078,30.624388
0.501221,-0.977539,-0.28125,-7.545471,192.840561,26.336668
0.557617,-0.953613,-0.250977,-10.490417,170.135483,21.080015
0.644775,-0.944336,-0.243408,-9.902954,135.673523,12.367248
0.678467,-0.927979,-0.234375,-8.430481,88.920586,2.983093
0.647949,-0.913818,-0.217529,-5.233764,36.834717,-4.089355
0.587402,-0.921387,-0.194336,-0.778198,-13.000487,-8.148193
0.515869,-0.921143,-0.168213,2.120972,-55.503841,-9.513855
0.446533,-0.911865,-0.138428,3.65448,-85.235588,-11.550902
0.403076,-0.899902,-0.116455,5.111694,-101.501457,-13.97705
0.360352,-0.895752,-0.110596,6.599426,-106.994621,-15.640258
0.333008,-0.9021,-0.107178,7.080078,-104.797356,-16.365051
0.30957,-0.906494,-0.108154,7.026672,-98.403923,-17.021179
0.283447,-0.901123,-0.108887,6.935119,-90.179436,-17.463684
0.256836,-0.887451,-0.11084,6.866455,-80.696098,-16.403198
0.230957,-0.875244,-0.117188,7.537841,-71.624756,-13.366698
0.223145,-0.867188,-0.127197,8.94928,-64.224243,-9.391785
0.230225,-0.874512,-0.134277,11.085509,-58.807369,-6.233215
0.239746,-0.884033,-0.140137,12.619018,-54.702755,-3.890991
0.249023,-0.890869,-0.142578,13.206481,-51.101681,-1.533508
0.25708,-0.900391,-0.139404,13.34381,-47.431942,0.549316
0.264648,-0.913086,-0.137207,13.34381,-44.738766,2.471924
0.262695,-0.926758,-0.134766,13.488769,-44.265743,3.89862
0.244873,-0.943604,-0.138184,13.679503,-45.356747,4.875183
0.221924,-0.952148,-0.140137,13.801574,-46.386715,5.317688
0.200928,-0.966797,-0.146729,13.771056,-46.386715,5.516052
0.187256,-0.984619,-0.156982,13.244628,-44.68536,5.592346
0.18335,-0.994873,-0.167236,11.734008,-42.404171,5.477905
0.181396,-1.001953,-0.169678,10.009766,-39.909363,4.592896
0.172363,-1.009521,-0.170898,8.087158,-37.086487,3.631592
0.168945,-1.009033,-0.17041,5.905151,-33.660889,2.571106
0.164307,-1.005615,-0.16748,3.715515,-30.067442,1.426697
0.156494,-1.002686,-0.158936,1.731872,-25.978086,0.343323
0.163086,-0.997559,-0.149414,0.068665,-21.995543,-0.88501
0.16626,-0.990479,-0.144287,-0.862122,-18.592834,-2.098083
0.162109,-0.983154,-0.140381,-1.594543,-15.693664,-3.257751
0.161133,-0.976074,-0.133301,-2.235413,-12.413024,-3.631592
0.158203,-0.968262,-0.129395,-2.532959,-8.94928,-3.746032
0.157715,-0.95752,-0.126465,-2.487183,-4.806519,-3.570556
0.159912,-0.953125,-0.12207,-2.029419,-0.358582,-3.158569
0.164307,-0.948242,-0.123535,-1.464844,4.470825,-2.059937
0.186523,-0.943604,-0.125732,-1.235962,9.231567,-1.014709
0.206543,-0.940918,-0.126465,-0.785828,12.199401,-0.328064
0.212646,-0.939453,-0.126221,-0.274658,13.877868,0.511169
0.212646,-0.938477,-0.126465,0.328064,15.472411,1.358032
0.218018,-0.940186,-0.131348,0.915527,16.967773,2.159119
0.221191,-0.943604,-0.135498,1.533508,17.799377,2.6474
0.221191,-0.942871,-0.133545,1.914978,18.203735,2.998352
0.22583,-0.946289,-0.137695,2.182007,18.875122,3.341675
0.236572,-0.954834,-0.142822,2.120972,19.615173,3.433227
0.244385,-0.955566,-0.1521,1.853943,19.584656,3.27301
0.244629,-0.958252,-0.158203,1.449585,18.600464,3.051758
0.245605,-0.957031,-0.164795,1.25885,17.463684,2.586365
0.247559,-0.958008,-0.158203,1.12915,15.907287,1.647949
0.244629,-0.958984,-0.157715,0.663757,14.549254,0.595093
0.249756,-0.956787,-0.162109,0.442505,13.206481,0.205994
0.252197,-0.956299,-0.155029,0.396728,10.238647,-0.190735
0.245361,-0.956787,-0.1521,-0.213623,7.278442,-1.152039
0.241455,-0.952881,-0.145752,-0.801086,6.004333,-1.327515
0.247559,-0.952393,-0.159668,-0.946045,4.089355,-1.098633
0.241943,-0.953613,-0.170898,-1.00708,0.442505,-1.312256
0.223633,-0.957764,-0.17749,-1.083374,-2.593994,-1.426697
0.217285,-0.960449,-0.175049,-1.441955,-3.547668,-0.892639
0.213867,-0.96167,-0.173584,-1.670837,-3.677368,-0.282288
0.218018,-0.960449,-0.164551,-1.823425,-3.90625,0.076294
0.220459,-0.957275,-0.161133,-2.151489,-4.142761,0.267029
0.223145,-0.953857,-0.158447,-2.02179,-4.78363,0.274658
0.226318,-0.954346,-0.153076,-1.88446,-5.66864,0.25177
0.220947,-0.957275,-0.14624,-1.88446,-6.523132,0.175476
0.215088,-0.955811,-0.141602,-1.899719,-6.835937,0.045776
0.217529,-0.955566,-0.138184,-1.945495,-6.378173,-0.1297
0.226318,-0.956055,-0.133545,-1.823425,-5.767822,-0.587463
0.231689,-0.956299,-0.131104,-1.533508,-6.187438,-1.00708
0.227295,-0.953125,-0.123779,-1.495361,-6.652832,-1.38855
0.222412,-0.950684,-0.122559,-1.464844,-6.118774,-1.365662
0.225098,-0.95166,-0.128906,-1.434326,-5.142211,-1.251221
0.226074,-0.949951,-0.132813,-1.411438,-4.264832,-1.296997
0.225342,-0.949707,-0.133545,-1.480102,-3.265381,-1.495361
0.222412,-0.950439,-0.140381,-1.579285,-2.204895,-1.594543
0.217529,-0.944824,-0.142578,-1.38092,-1.144409,-1.63269
0.215576,-0.942871,-0.145264,-1.075745,0.442505,-1.243591
0.221924,-0.94751,-0.148682,-0.816345,2.037048,-0.915527
0.227295,-0.947266,-0.153564,-0.564575,2.700805,-0.862122
0.234619,-0.948975,-0.156006,-0.396728,2.494812,-0.572205
0.236328,-0.949463,-0.157959,-0.175476,1.533508,-0.320435
0.232422,-0.946777,-0.162109,-0.068665,0.465393,-0.183105
0.228271,-0.945801,-0.164307,0.0,-0.328064,-0.068665
0.22583,-0.947754,-0.168701,0.099182,-1.052856,-0.183105
0.224121,-0.956055,-0.165771,-0.007629,-1.800537,-0.343323
0.220947,-0.957275,-0.168457,-0.213623,-2.128601,-0.389099
0.222168,-0.954834,-0.169922,-0.50354,-2.166748,-0.236511
0.223145,-0.951904,-0.168457,-0.793457,-2.296448,-0.350952
0.220703,-0.951172,-0.167969,-0.839233,-2.365112,-0.541687
0.223145,-0.950439,-0.163086,-0.686645,-2.593994,-0.694275
0.222412,-0.950439,-0.151367,-0.488281,-2.975464,-0.961304
0.224854,-0.951172,-0.148682,-0.465393,-2.845764,-0.900268
0.228027,-0.948975,-0.153564,-0.358582,-2.716064,-0.762939
0.224609,-0.94751,-0.149414,-0.358582,-2.792358,-0.915527
0.220947,-0.944336,-0.148926,-0.305176,-2.26593,-1.022339
0.220947,-0.94165,-0.145996,-0.015259,-1.266479,-0.961304
0.220703,-0.943115,-0.147217,0.144958,-0.045776,-0.831604
0.226563,-0.944092,-0.143311,0.419617,1.235962,-0.785828
0.229736,-0.944336,-0.143311,0.610352,1.968384,-0.801086
0.231201,-0.946289,-0.146484,1.045227,2.128601,-0.892639
0.233398,-0.947021,-0.147949,1.235962,2.090454,-1.045227
0.231934,-0.945313,-0.148438,1.235962,1.63269,-1.182556
0.232422,-0.948975,-0.147461,1.25885,1.243591,-1.296997
0.230957,-0.952881,-0.151611,1.197815,1.51062,-1.449585
0.234619,-0.955078,-0.15625,1.144409,1.785278,-1.457214
0.235352,-0.956299,-0.157959,0.999451,1.296997,-1.480102
0.235107,-0.959229,-0.15918,0.869751,0.75531,-1.548767
0.234863,-0.958252,-0.162109,0.572205,0.12207,-1.350403
0.231201,-0.956543,-0.162354,0.106812,-0.831604,-1.068115
0.22583,-0.954102,-0.164307,-0.160217,-1.808166,-0.930786
0.223877,-0.952393,-0.164063,-0.343323,-2.319336,-0.87738
0.2229,-0.952148,-0.161865,-0.427246,-2.250671,-0.907898
0.222656,-0.953125,-0.154541,-0.419617,-2.159119,-0.770569
0.223145,-0.953125,-0.154053,-0.488281,-2.13623,-0.839233
0.221924,-0.950439,-0.154785,-0.457764,-2.13623,-0.907898
0.217041,-0.949707,-0.149658,-0.396728,-1.998901,-1.00708
0.217285,-0.949219,-0.147949,-0.198364,-1.243591,-1.037598
0.218506,-0.947998,-0.141846,0.099182,-0.068665,-1.045227
0.221191,-0.950439,-0.147217,0.076294,0.930786,-0.984192
0.224365,-0.950684,-0.148682,0.205994,1.670837,-0.923157
0.227051,-0.946777,-0.147949,0.213623,2.029419,-0.801086
0.227051,-0.94873,-0.149658,0.305176,2.403259,-0.747681
0.22876,-0.949219,-0.151367,0.267029,2.845764,-0.694275
0.228027,-0.949463,-0.154053,0.267029,3.265381,-0.587463
0.230957,-0.948486,-0.155762,0.320435,3.517151,-0.50354
0.23291,-0.949463,-0.153564,0.144958,3.677368,-0.442505
0.236328,-0.950684,-0.156738,-0.091553,3.753662,-0.37384
0.238525,-0.951904,-0.156738,-0.244141,3.807068,-0.389099
0.239502,-0.95166,-0.157227,-0.419617,3.616333,-0.434875
0.237549,-0.949707,-0.161377,-0.434875,3.326416,-0.457764
0.238281,-0.94873,-0.162598,-0.404358,2.983093,-0.335693
0.239502,-0.946777,-0.161377,-0.335693,2.235413,-0.228882
0.240234,-0.945068,-0.16333,-0.25177,1.312256,-0.221252
0.237793,-0.946777,-0.157959,-0.297546,0.419617,-0.167847
0.238525,-0.947266,-0.156494,-0.198364,-0.350952,-0.236511
0.23584,-0.946533,-0.155762,-0.114441,-0.846863,-0.289917
0.235596,-0.946289,-0.154053,0.061035,-1.12915,-0.366211
0.236572,-0.945313,-0.158203,0.221252,-1.403808,-0.434875
0.235596,-0.943604,-0.156738,0.267029,-1.754761,-0.495911
0.229492,-0.940918,-0.153564,0.541687,-1.792908,-0.679016
0.228516,-0.942139,-0.152344,0.984192,-1.556396,-0.823975
0.226563,-0.94165,-0.15332,1.319885,-0.976562,-0.999451
0.230225,-0.942871,-0.156494,1.731872,-0.610352,-1.00708
0.234619,-0.942871,-0.157715,1.869202,-0.587463,-0.923157
0.235596,-0.94458,-0.157471,2.006531,-1.014709,-0.88501
0.233398,-0.944092,-0.157471,2.128601,-1.220703,-0.747681
0.234375,-0.948486,-0.156982,2.113342,-1.464844,-0.648498
0.235352,-0.953857,-0.154785,2.052307,-1.480102,-0.442505
0.238525,-0.956787,-0.156494,1.937866,-1.213074,-0.114441
0.241211,-0.956299,-0.161621,1.701355,-1.296997,0.289917
0.244141,-0.953857,-0.161133,1.396179,-1.869202,0.595093
0.23877,-0.953369,-0.164063,1.174927,-2.578735,0.579834
0.234863,-0.948242,-0.162598,1.13678,-3.005981,0.50354
0.233643,-0.949707,-0.158691,1.091003,-3.013611,0.465393
0.233887,-0.949707,-0.162109,0.953674,-3.120422,0.25177
0.236572,-0.94873,-0.161377,0.938415,-3.593445,-0.099182
0.23291,-0.946777,-0.152832,0.953674,-4.043579,-0.167847
0.22876,-0.946777,-0.148926,0.831604,-3.944397,-0.350952
0.229492,-0.950928,-0.152344,0.778198,-3.440857,-0.465393
0.230469,-0.950439,-0.151123,0.976562,-3.074646,-0.62561
0.22998,-0.953857,-0.14502,0.724792,-2.983093,-0.869751
0.232422,-0.953857,-0.150635,0.274658,-2.296448,-0.892639
0.237061,-0.95166,-0.155762,0.297546,-2.14386,-0.762939
0.231689,-0.953369,-0.158691,0.221252,-3.105163,-0.930786
0.223389,-0.952637,-0.156006,0.221252,-3.326416,-1.060486
0.220459,-0.948975,-0.1521,0.480652,-2.731323,-0.976562
0.22168,-0.948242,-0.143555,0.534058,-1.922607,-1.205444
0.228271,-0.947998,-0.14917,0.846863,-0.724792,-1.182556
0.231934,-0.953613,-0.157959,1.00708,-0.656128,-1.00708
0.226074,-0.950928,-0.160889,0.724792,-1.586914,-0.595093
0.220459,-0.944824,-0.1604,0.549316,-1.663208,-0.274658
0.219971,-0.946045,-0.159912,0.534058,-1.091003,-0.289917
0.218262,-0.948486,-0.164551,0.518799,-0.350952,-0.350952
0.223389,-0.946533,-0.165527,0.297546,0.457764,-0.602722
0.227783,-0.948242,-0.159424,0.205994,0.740051,-0.686645
0.230957,-0.948975,-0.155518,0.175476,0.938415,-0.717163
0.235352,-0.945557,-0.150879,0.366211,1.00708,-0.88501
0.23999,-0.94751,-0.151367,0.541687,0.793457,-0.801086
0.242188,-0.95166,-0.151123,0.663757,0.068665,-0.511169
0.23877,-0.954346,-0.149658,0.595093,-0.831604,-0.213623
0.237793,-0.950439,-0.149658,0.663757,-1.091003,0.068665
0.237305,-0.949707,-0.147217,0.62561,-1.342773,0.205994
0.231689,-0.947754,-0.149658,0.63324,-1.937866,0.228882
0.225586,-0.947021,-0.14917,0.740051,-1.853943,0.083923
0.224854,-0.947021,-0.152344,0.801086,-1.403808,0.007629
0.225342,-0.945068,-0.154053,1.00708,-1.121521,-0.205994
0.222168,-0.942383,-0.157227,1.144409,-0.839233,-0.389099
0.220947,-0.946289,-0.15918,1.304626,-0.335693,-0.427246
0.225586,-0.952393,-0.157959,1.556396,-0.038147,-0.358582
0.227051,-0.952393,-0.154297,1.51062,-0.038147,-0.099182
0.227051,-0.950439,-0.152588,1.319885,-0.015259,0.068665
0.223877,-0.95166,-0.151367,1.327515,0.007629,0.236511
0.225586,-0.952148,-0.152344,1.403808,0.099182,0.25177
0.22876,-0.95459,-0.150879,1.358032,0.343323,0.274658
0.228271,-0.957275,-0.154053,1.266479,0.38147,0.396728
0.229248,-0.955078,-0.157227,0.999451,0.228882,0.556946
0.232422,-0.954346,-0.15918,0.839233,-0.015259,0.801086
0.231201,-0.95459,-0.154297,0.63324,-0.244141,0.747681
0.22876,-0.952637,-0.154053,0.572205,-0.526428,0.663757
0.227295,-0.950439,-0.154297,0.450134,-0.610352,0.587463
0.227295,-0.950195,-0.153076,0.37384,-0.404358,0.411987
0.229492,-0.949707,-0.151123,0.289917,-0.167847,0.267029
0.232666,-0.951904,-0.148438,0.267029,-0.282288,0.190735
0.232422,-0.952637,-0.149902,-0.015259,-0.831604,0.137329
0.230469,-0.950195,-0.152588,-0.061035,-1.319885,0.068665
0.228027,-0.947754,-0.1521,0.167847,-1.319885,-0.175476
0.226807,-0.947266,-0.151367,0.312805,-1.411438,-0.37384
0.224854,-0.946533,-0.149414,0.305176,-1.472473,-0.396728
0.22583,-0.948486,-0.149414,0.518799,-1.502991,-0.312805
0.224854,-0.950684,-0.150391,0.526428,-1.51062,-0.320435
0.226563,-0.949951,-0.150391,0.427246,-1.625061,-0.198364
0.223633,-0.950195,-0.149414,0.450134,-1.579285,-0.114441
0.220947,-0.953613,-0.150391,0.442505,-1.121521,-0.106812
0.220215,-0.952637,-0.150879,0.328064,-0.518799,-0.030518
0.222412,-0.95166,-0.150635,0.198364,0.137329,0.068665
0.227783,-0.952148,-0.151855,0.030518,0.305176,0.083923
0.230225,-0.952881,-0.151367,-0.015259,0.289917,0.213623
0.232178,-0.955566,-0.150391,-0.160217,-0.144958,0.114441
0.230225,-0.95459,-0.149658,-0.190735,-0.816345,0.137329
0.229004,-0.955078,-0.147217,-0.198364,-1.327515,0.061035
0.227051,-0.955322,-0.147217,-0.328064,-1.396179,0.030518
0.227295,-0.953125,-0.148926,-0.427246,-1.144409,0.160217
0.230225,-0.95166,-0.150635,-0.526428,-1.045227,0.144958
0.229736,-0.953857,-0.154541,-0.541687,-1.243591,0.083923
0.229492,-0.953613,-0.151367,-0.75531,-1.678467,0.221252
0.227051,-0.950928,-0.149658,-0.801086,-2.090454,0.320435
0.225098,-0.950928,-0.150391,-0.816345,-2.120972,0.411987
0.224365,-0.949951,-0.14917,-0.717163,-2.098083,0.50354
0.222412,-0.950195,-0.147949,-0.839233,-2.14386,0.617981
0.224365,-0.949707,-0.147461,-0.801086,-1.88446,0.671387
0.224365,-0.952637,-0.147461,-0.62561,-1.518249,0.610352
0.223633,-0.949707,-0.151123,-0.579834,-1.205444,0.63324
0.223389,-0.944824,-0.152832,-0.534058,-0.953674,0.610352
0.221436,-0.943604,-0.1521,-0.396728,-0.686645,0.404358
0.223145,-0.946777,-0.151855,-0.213623,-0.366211,0.228882
0.223389,-0.950684,-0.151367,-0.076294,-0.091553,-0.091553
0.225098,-0.951172,-0.145752,-0.022888,0.259399,-0.175476
0.226807,-0.949707,-0.148193,0.106812,0.541687,-0.099182
0.230469,-0.949951,-0.150635,0.282288,0.198364,-0.221252
0.230713,-0.949707,-0.152832,0.549316,-0.640869,-0.137329
0.227051,-0.94873,-0.1521,0.640869,-1.617432,-0.076294
0.225098,-0.947998,-0.151367,0.770569,-2.029419,-0.038147
0.225098,-0.950684,-0.149902,0.740051,-2.090454,-0.106812
0.224609,-0.949951,-0.148438,0.808716,-1.663208,-0.137329
0.221924,-0.951172,-0.148682,0.747681,-0.984192,-0.236511
0.2229,-0.952637,-0.148438,0.770569,-0.160217,-0.297546
0.225098,-0.953125,-0.150635,0.50354,0.63324,-0.343323
0.226318,-0.952148,-0.151123,0.434875,1.197815,-0.457764
0.231445,-0.953857,-0.150879,0.419617,1.480102,-0.587463
0.231201,-0.954346,-0.151855,0.289917,1.396179,-0.648498
0.227783,-0.949951,-0.15332,0.053406,1.068115,-0.663757
0.229736,-0.950928,-0.1521,-0.068665,0.984192,-0.87738
0.229736,-0.948975,-0.154053,0.1297,0.976562,-1.091003
0.223389,-0.946533,-0.150635,0.0,1.029968,-1.312256
0.222412,-0.944092,-0.148438,-0.007629,1.342773,-1.426697
0.220947,-0.945313,-0.149414,0.190735,1.88446,-1.441955
0.223145,-0.949951,-0.150146,0.50354,2.441406,-1.358032
0.223877,-0.94873,-0.150391,0.717163,2.738952,-1.083374
0.223633,-0.944824,-0.150635,1.060486,2.746582,-0.991821
0.227051,-0.946533,-0.152832,1.228333,2.700805,-0.88501
0.232178,-0.949219,-0.152832,1.480102,2.510071,-0.831604
0.230957,-0.954346,-0.152832,1.487732,2.14386,-0.770569
0.234131,-0.953125,-0.14917,1.464844,1.983642,-0.732422
0.23584,-0.952881,-0.150146,1.441955,1.808166,-0.724792
0.235107,-0.953369,-0.150635,1.51062,1.419067,-0.694275
0.23584,-0.953125,-0.1521,1.480102,0.930786,-0.511169
0.238037,-0.952637,-0.152832,1.518249,0.175476,-0.450134
0.237549,-0.950195,-0.152344,1.571655,-0.62561,-0.656128
0.236084,-0.948242,-0.150635,1.64032,-1.174927,-0.862122
0.233643,-0.947021,-0.147949,1.792908,-1.411438,-0.991821
0.230713,-0.947754,-0.148926,1.998901,-1.548767,-1.045227
0.229736,-0.947998,-0.150879,2.334595,-1.609802,-1.167297
0.228516,-0.950195,-0.148926,2.365112,-1.525879,-1.13678
0.229736,-0.94873,-0.145264,2.410889,-1.487732,-1.121521
0.229004,-0.948975,-0.149902,2.555847,-1.335144,-0.976562
0.229736,-0.951172,-0.149414,2.441406,-1.159668,-0.839233
0.231445,-0.953369,-0.149658,2.456665,-0.991821,-0.663757
0.232178,-0.95459,-0.149414,2.334595,-0.717163,-0.579834
0.235107,-0.953125,-0.147461,2.281189,-0.709534,-0.389099
0.235596,-0.954346,-0.147705,2.204895,-1.045227,-0.350952
0.235596,-0.955078,-0.149414,2.120972,-1.304626,-0.37384
0.236816,-0.957275,-0.148682,2.075195,-1.716614,-0.305176
0.237061,-0.955322,-0.149414,1.800537,-2.052307,-0.427246
0.234375,-0.951172,-0.149902,1.586914,-2.441406,-0.511169
0.233643,-0.951416,-0.148193,1.556396,-2.853393,-0.541687
0.230225,-0.948242,-0.146484,1.579285,-3.028869,-0.694275
0.228516,-0.946777,-0.146729,1.579285,-2.944946,-0.587463
0.229248,-0.946533,-0.144043,1.586914,-2.693176,-0.679016
0.227539,-0.950439,-0.144775,1.708984,-2.601623,-0.717163
0.225098,-0.951416,-0.145508,1.708984,-2.494812,-0.62561
0.227783,-0.950439,-0.145264,1.617432,-1.998901,-0.526428
0.229736,-0.952637,-0.144531,1.663208,-1.655578,-0.419617
0.229004,-0.951416,-0.143799,1.609802,-1.411438,-0.297546
0.230713,-0.952393,-0.145264,1.518249,-1.121521,-0.305176
0.232666,-0.954346,-0.146729,1.449585,-0.968933,-0.25177
0.233398,-0.955078,-0.146484,1.243591,-1.174927,-0.213623
0.23291,-0.953857,-0.143311,1.13678,-1.541138,-0.198364
0.230713,-0.952881,-0.144775,1.014709,-1.777649,-0.198364
0.230713,-0.951416,-0.145508,0.846863,-1.731872,-0.205994
0.22998,-0.951904,-0.143311,0.785828,-1.777649,-0.213623
0.227295,-0.949951,-0.14209,0.694275,-1.739502,-0.160217
0.227539,-0.95166,-0.143311,0.709534,-1.38092,-0.007629
0.22998,-0.952148,-0.14502,0.762939,-1.12915,0.015259
0.229736,-0.95166,-0.144043,0.62561,-1.13678,0.030518
0.229004,-0.954346,-0.145752,0.526428,-1.441955,0.061035
0.229492,-0.952393,-0.14502,0.511169,-1.792908,0.053406
0.230469,-0.951172,-0.14624,0.434875,-1.998901,0.099182
0.232178,-0.954346,-0.143311,0.259399,-2.204895,0.183105
0.231689,-0.953613,-0.141602,0.259399,-2.510071,0.221252
0.228516,-0.954102,-0.13916,0.137329,-2.510071,0.312805
0.229736,-0.95459,-0.140869,-0.022888,-2.456665,0.343323
0.228516,-0.955566,-0.143066,-0.053406,-2.456665,0.305176
0.22876,-0.952637,-0.141602,-0.167847,-2.540588,0.366211
0.224854,-0.95459,-0.141357,-0.297546,-2.380371,0.411987
0.223145,-0.952393,-0.139893,-0.37384,-2.159119,0.50354
0.2229,-0.951416,-0.142822,-0.396728,-1.533508,0.511169
0.223389,-0.951904,-0.142334,-0.328064,-0.801086,0.343323
0.225098,-0.950195,-0.144043,-0.267029,-0.289917,0.37384
0.226074,-0.950439,-0.147461,-0.427246,-0.068665,0.25177
0.226563,-0.947754,-0.147461,-0.320435,0.015259,0.236511
0.22876,-0.952637,-0.144287,-0.160217,-0.221252,0.183105
0.229736,-0.958008,-0.141846,-0.137329,-0.236511,0.144958
0.232178,-0.961426,-0.142578,-0.366211,-0.160217,0.228882
0.231934,-0.959961,-0.143555,-0.595093,-0.282288,0.534058
0.234375,-0.95459,-0.148438,-0.679016,-0.602722,0.801086
0.236084,-0.953369,-0.151123,-0.709534,-1.159668,0.961304
0.236328,-0.952637,-0.146484,-0.793457,-2.159119,0.946045
0.229248,-0.94873,-0.14502,-0.87738,-3.028869,0.88501
0.225586,-0.94751,-0.143555,-0.946045,-3.334045,0.778198
0.222412,-0.949463,-0.142822,-0.946045,-3.189087,0.480652
0.219727,-0.949219,-0.143555,-0.801086,-2.616882,0.213623
0.220947,-0.948486,-0.145508,-0.75531,-1.815796,0.1297
0.224365,-0.948486,-0.144531,-0.648498,-1.113892,0.114441
0.225586,-0.949951,-0.143066,-0.488281,-0.854492,0.137329
0.227783,-0.952393,-0.146973,-0.518799,-0.953674,0.228882
0.22583,-0.955322,-0.145264,-0.457764,-1.106262,0.267029
0.224121,-0.95166,-0.142822,-0.396728,-1.12915,0.221252
0.225342,-0.951172,-0.143555,-0.465393,-0.984192,0.038147
0.226074,-0.953125,-0.14624,-0.518799,-0.892639,-0.106812
0.225586,-0.953125,-0.145752,-0.549316,-0.75531,-0.198364
0.228027,-0.952393,-0.146484,-0.671387,-0.473022,-0.282288
0.22583,-0.953857,-0.148682,-0.717163,-0.480652,-0.282288
0.227295,-0.953857,-0.147461,-0.694275,-0.732422,-0.274658
0.226563,-0.950195,-0.146729,-0.740051,-1.190186,-0.312805
0.224854,-0.947021,-0.150635,-0.534058,-1.556396,-0.396728
0.2229,-0.94873,-0.150391,-0.259399,-1.731872,-0.396728
0.224121,-0.949463,-0.149414,-0.068665,-1.815796,-0.38147
0.222168,-0.951172,-0.149658,-0.221252,-1.678467,-0.465393
0.220703,-0.95166,-0.150146,-0.099182,-1.251221,-0.465393
0.223145,-0.949219,-0.144287,0.0,-0.63324,-0.457764
0.22583,-0.949463,-0.146729,0.175476,-0.297546,-0.602722
0.226318,-0.953857,-0.146729,0.434875,-0.434875,-0.648498
0.228271,-0.953857,-0.147705,0.495911,-0.724792,-0.63324
0.227295,-0.951904,-0.145752,0.50354,-1.113892,-0.663757
0.227295,-0.951416,-0.144043,0.534058,-1.373291,-0.75531
0.225098,-0.952393,-0.147217,0.62561,-1.434326,-0.831604
0.224365,-0.953125,-0.146484,0.610352,-1.495361,-1.022339
0.222656,-0.952393,-0.149414,0.656128,-1.457214,-1.022339
0.221436,-0.951904,-0.151123,0.579834,-1.251221,-0.923157
0.222168,-0.950928,-0.148926,0.617981,-0.930786,-0.869751
0.220947,-0.951416,-0.147217,0.732422,-0.663757,-0.846863
0.220459,-0.952148,-0.146484,0.732422,-0.511169,-0.938415
0.222656,-0.950684,-0.14624,0.785828,-0.213623,-1.029968
0.224121,-0.950195,-0.145996,0.831604,-0.12207,-1.029968
0.225098,-0.949219,-0.146484,1.106262,-0.152588,-1.182556
0.224609,-0.950439,-0.148438,1.312256,-0.205994,-1.350403
0.227051,-0.952393,-0.146973,1.251221,-0.282288,-1.167297
0.228516,-0.954346,-0.148438,1.13678,-0.434875,-0.915527
0.226807,-0.954102,-0.148193,1.037598,-0.846863,-0.846863
0.226074,-0.955811,-0.14917,0.976562,-1.098633,-0.808716
0.22583,-0.955322,-0.149658,0.793457,-1.121521,-0.747681
0.225342,-0.952148,-0.147217,0.595093,-1.228333,-0.75531
0.225586,-0.953613,-0.14917,0.427246,-1.266479,-0.846863
0.227783,-0.954102,-0.147217,0.396728,-1.159668,-1.014709
0.226563,-0.952148,-0.143799,0.312805,-0.991821,-1.098633
0.224854,-0.95166,-0.145996,0.152588,-0.762939,-1.121521
0.224609,-0.952393,-0.145508,0.205994,-0.450134,-1.197815
0.225342,-0.955811,-0.145996,0.137329,-0.068665,-1.12915
0.227783,-0.956787,-0.143555,-0.137329,0.061035,-1.12915
0.230957,-0.956543,-0.148193,-0.305176,-0.114441,-1.190186
0.237549,-0.959473,-0.15332,-0.457764,-0.511169,-1.213074
0.23877,-0.958984,-0.151855,-0.846863,-1.586914,-1.472473
0.231445,-0.953857,-0.147217,-0.671387,-3.14331,-1.724243
0.224121,-0.950439,-0.151611,-0.564575,-3.585815,-1.823425
0.229736,-0.949463,-0.157715,-0.541687,-3.578186,-1.876831
0.227783,-0.948242,-0.158203,-0.366211,-3.929138,-1.731872
0.222656,-0.94458,-0.154297,-0.358582,-4.081726,-1.289368
0.221924,-0.944336,-0.148193,-0.160217,-3.410339,-0.587463
0.22168,-0.943848,-0.150879,0.083923,-2.761841,-0.228882
0.22168,-0.943115,-0.148926,0.411987,-2.189636,-0.274658
0.222168,-0.941895,-0.141846,0.640869,-1.693725,-0.083923
0.226074,-0.945801,-0.142578,1.045227,-1.373291,0.12207
0.228027,-0.947998,-0.148438,1.449585,-1.159668,0.053406
0.22998,-0.951172,-0.148926,1.564026,-0.793457,0.015259
0.231445,-0.952148,-0.151123,1.686096,-0.75531,-0.030518
0.233154,-0.95166,-0.149902,1.594543,-0.823975,-0.198364
0.231445,-0.952881,-0.150391,1.403808,-0.88501,-0.221252
0.231689,-0.95459,-0.151611,1.243591,-0.854492,-0.335693
0.229736,-0.952148,-0.154785,0.999451,-0.793457,-0.442505
0.229492,-0.954834,-0.158447,0.762939,-0.793457,-0.495911
0.22583,-0.953857,-0.15625,0.457764,-0.671387,-0.63324
0.225342,-0.950928,-0.152832,0.106812,-0.534058,-0.778198
0.222412,-0.94751,-0.154541,0.030518,-0.007629,-0.862122
0.222168,-0.948242,-0.155273,0.144958,0.823975,-0.999451
0.223389,-0.950439,-0.150879,0.068665,1.396179,-1.167297
0.226807,-0.946289,-0.149414,-0.144958,1.594543,-1.060486
0.230469,-0.948242,-0.147461,-0.015259,1.747131,-0.907898
0.234863,-0.953125,-0.147949,0.198364,1.441955,-0.961304
0.239258,-0.957764,-0.147461,0.205994,0.732422,-0.709534
0.241699,-0.957031,-0.150146,0.068665,-0.236511,-0.534058
0.245117,-0.955078,-0.150879,0.137329,-1.419067,-0.434875
0.243652,-0.949707,-0.149902,0.160217,-2.632141,-0.442505
0.242676,-0.946533,-0.149902,0.480652,-3.77655,-0.640869
0.243408,-0.945557,-0.148682,0.823975,-4.928589,-0.785828
0.240967,-0.945801,-0.150391,0.999451,-6.431579,-0.709534
0.233643,-0.947998,-0.15332,1.266479,-7.850646,-0.686645
0.228271,-0.949463,-0.152344,1.594543,-8.834839,-0.915527
0.223877,-0.948242,-0.153076,1.731872,-8.94928,-0.968933
0.218994,-0.947266,-0.152832,1.76239,-8.178711,-0.961304
0.218994,-0.947998,-0.149902,1.770019,-7.003784,-0.915527
0.220947,-0.945068,-0.151855,1.754761,-5.653381,-0.915527
0.221191,-0.947266,-0.151367,1.907349,-4.40979,-0.823975
0.224121,-0.950195,-0.150879,1.869202,-3.318786,-0.75531
0.228516,-0.951416,-0.149414,1.953125,-2.746582,-0.709534
0.228271,-0.951416,-0.148682,1.998901,-2.39563,-0.686645
0.229004,-0.949951,-0.14917,1.930237,-1.930237,-0.793457
0.229248,-0.948975,-0.149414,1.853943,-1.89209,-0.892639
0.230957,-0.950439,-0.152344,2.02179,-1.960754,-0.961304
0.22876,-0.951172,-0.156738,2.006531,-2.052307,-0.968933
0.230469,-0.953613,-0.157959,1.846313,-2.151489,-0.991821
0.228271,-0.953857,-0.156738,1.701355,-2.281189,-1.029968
0.226074,-0.951416,-0.156494,1.594543,-2.220154,-0.930786
0.228027,-0.952881,-0.156006,1.358032,-2.166748,-0.846863
0.226563,-0.953857,-0.152344,1.159668,-2.212524,-0.823975
0.226074,-0.957275,-0.149658,1.083374,-2.26593,-0.694275
0.228027,-0.955078,-0.149658,0.999451,-2.250671,-0.617981
0.226807,-0.954346,-0.147217,0.816345,-2.227783,-0.62561
0.226318,-0.954834,-0.143066,0.701904,-2.189636,-0.549316
0.228516,-0.953613,-0.139893,0.785828,-1.976013,-0.549316
0.227783,-0.953857,-0.142334,0.740051,-1.76239,-0.457764
0.226563,-0.950928,-0.146484,0.480652,-1.586914,-0.305176
0.227051,-0.950684,-0.144043,0.419617,-1.365662,-0.366211
0.222168,-0.949951,-0.14209,0.457764,-1.060486,-0.457764
0.223633,-0.950928,-0.147217,0.427246,-0.686645,-0.450134
0.224365,-0.947998,-0.148438,0.297546,-0.396728,-0.518799
0.220947,-0.945313,-0.145996,0.190735,-0.022888,-0.587463
0.221924,-0.947266,-0.149658,0.297546,0.801086,-0.617981
0.224365,-0.948486,-0.151855,0.411987,1.594543,-0.709534
0.227539,-0.948975,-0.14917,0.457764,1.838684,-0.701904
0.229248,-0.952393,-0.153564,0.457764,1.853943,-0.556946
0.230957,-0.954346,-0.153564,0.442505,1.655578,-0.328064
0.235107,-0.955811,-0.151611,0.312805,1.098633,-0.221252
0.23584,-0.954834,-0.149414,0.068665,0.663757,-0.030518
0.235352,-0.953369,-0.149658,-0.099182,0.427246,0.244141
0.238525,-0.95166,-0.149414,-0.183105,0.221252,0.427246
0.23877,-0.955811,-0.150879,-0.106812,-0.259399,0.366211
0.238281,-0.956543,-0.152832,-0.312805,-1.075745,0.38147
0.237061,-0.955078,-0.153076,-0.396728,-1.968384,0.389099
0.236816,-0.953857,-0.14917,-0.549316,-2.922058,0.228882
0.234619,-0.952393,-0.149658,-0.617981,-3.608703,0.167847
0.228516,-0.950928,-0.151855,-0.511169,-3.997802,0.137329
0.226074,-0.95166,-0.150635,-0.518799,-4.188538,0.144958
0.222656,-0.948975,-0.14917,-0.511169,-4.112244,0.167847
0.221191,-0.94751,-0.148926,-0.404358,-3.90625,0.114441
0.223389,-0.948242,-0.147217,-0.183105,-3.601074,0.091553
0.220703,-0.94873,-0.148193,-0.167847,-3.372192,0.061035
0.2229,-0.949951,-0.148926,0.068665,-3.02124,0.106812
0.22168,-0.951904,-0.145996,0.289917,-2.593994,0.045776
0.221924,-0.953857,-0.147949,0.1297,-2.105713,0.106812
0.223145,-0.95166,-0.152588,-0.045776,-1.419067,0.274658
0.22876,-0.952881,-0.151855,-0.137329,-0.75531,0.450134
0.230225,-0.953613,-0.151855,-0.183105,-0.419617,0.450134
0.230957,-0.953125,-0.154541,-0.274658,-0.434875,0.488281
0.231934,-0.949951,-0.155029,-0.389099,-0.579834,0.526428
0.22998,-0.951416,-0.156006,-0.511169,-1.022339,0.465393
0.233398,-0.950439,-0.155029,-0.587463,-1.533508,0.404358
0.23584,-0.95166,-0.153564,-0.62561,-1.914978,0.320435
0.231934,-0.952637,-0.151123,-0.488281,-2.464294,0.297546
0.22998,-0.950195,-0.153076,-0.495911,-2.830505,0.419617
0.230957,-0.950928,-0.152344,-0.648498,-2.853393,0.511169
0.229004,-0.950439,-0.151855,-0.663757,-3.028869,0.564575
0.224365,-0.949219,-0.154541,-0.656128,-3.227234,0.572205
0.224609,-0.949951,-0.149902,-0.556946,-3.112793,0.488281
0.225342,-0.95166,-0.149658,-0.518799,-2.998352,0.50354
0.225586,-0.950684,-0.151611,-0.534058,-2.990722,0.534058
0.2229,-0.949463,-0.152344,-0.473022,-2.723694,0.450134
0.221924,-0.950439,-0.150391,-0.320435,-2.433777,0.335693
0.2229,-0.951416,-0.151855,-0.305176,-2.151489,0.419617
0.223389,-0.949707,-0.155518,-0.305176,-2.037048,0.38147
0.222168,-0.948242,-0.157227,-0.328064,-2.098083,0.358582
0.223877,-0.951904,-0.155273,-0.236511,-2.120972,0.190735
0.224121,-0.956543,-0.152832,-0.267029,-2.174377,0.030518
0.224609,-0.959717,-0.155029,-0.389099,-2.174377,0.175476
0.226074,-0.95752,-0.156006,-0.526428,-2.357483,0.534058
0.226563,-0.955811,-0.155762,-0.572205,-2.487183,0.831604
0.223633,-0.95459,-0.158691,-0.785828,-2.418518,1.098633
0.224854,-0.953857,-0.156006,-0.915527,-2.349854,1.312256
0.225342,-0.952881,-0.155273,-0.747681,-2.403259,1.426697
0.226074,-0.948975,-0.156982,-0.793457,-2.479553,1.426697
0.222168,-0.945801,-0.154541,-0.709534,-2.693176,1.13678
0.21875,-0.944336,-0.154785,-0.87738,-2.494812,0.892639
0.219238,-0.943115,-0.155518,-0.679016,-1.953125,0.564575
0.220459,-0.944336,-0.155029,-0.343323,-1.609802,0.183105
0.220947,-0.942139,-0.157959,-0.183105,-1.342773,0.030518
0.222656,-0.943848,-0.160645,0.061035,-1.274109,-0.045776
0.224121,-0.945557,-0.161133,0.236511,-1.686096,-0.083923
0.223633,-0.945801,-0.162109,0.450134,-1.976013,-0.061035
0.223633,-0.94751,-0.164795,0.617981,-2.288818,-0.12207
0.224854,-0.949463,-0.160645,0.663757,-2.426147,-0.320435
0.223145,-0.949463,-0.160889,0.75531,-2.5177,-0.473022
0.222656,-0.950684,-0.162598,0.839233,-2.304077,-0.488281
0.223145,-0.953613,-0.162109,0.762939,-1.991272,-0.556946
0.2229,-0.952393,-0.161621,0.579834,-1.800537,-0.511169
0.224854,-0.950439,-0.161865,0.549316,-2.059937,-0.495911
0.226807,-0.949707,-0.162842,0.541687,-2.63977,-0.404358
0.224365,-0.951904,-0.158936,0.602722,-3.028869,-0.495911
0.220215,-0.955322,-0.157715,0.564575,-3.02124,-0.656128
0.21875,-0.953613,-0.157959,0.328064,-2.815246,-0.617981
0.216797,-0.954102,-0.154785,0.305176,-2.464294,-0.617981
0.218262,-0.952637,-0.156494,0.396728,-2.151489,-0.62561
0.216797,-0.951904,-0.158203,0.320435,-1.853943,-0.595093
0.217041,-0.951416,-0.159668,0.450134,-1.449585,-0.541687
0.218262,-0.95166,-0.158203,0.556946,-1.235962,-0.534058
0.21875,-0.953125,-0.157471,0.610352,-1.13678,-0.572205
0.216797,-0.95166,-0.157227,0.587463,-1.098633,-0.62561
0.219238,-0.952148,-0.157715,0.75531,-0.793457,-0.694275
0.221436,-0.954102,-0.154541,0.671387,-0.785828,-0.770569
0.223145,-0.951172,-0.155273,0.75531,-0.961304,-0.869751
0.222656,-0.949707,-0.153564,0.831604,-1.335144,-1.029968
0.223633,-0.949463,-0.153809,0.991821,-1.754761,-1.052856
0.22168,-0.952393,-0.153564,1.235962,-2.105713,-0.976562
0.219971,-0.949707,-0.153564,1.571655,-2.342224,-0.915527
0.216553,-0.949463,-0.151611,1.869202,-2.304077,-0.846863
0.214355,-0.951172,-0.155029,1.853943,-1.609802,-0.541687
0.215332,-0.950928,-0.15625,1.792908,-0.663757,-0.358582
0.219482,-0.951416,-0.158691,1.770019,0.099182,-0.38147
0.218018,-0.948975,-0.159424,1.625061,0.75531,-0.335693
0.22168,-0.950684,-0.159668,1.541138,1.121521,-0.37384
0.229492,-0.953857,-0.159668,1.281738,1.091003,-0.595093
0.22998,-0.956055,-0.158936,1.159668,0.717163,-0.648498
0.227783,-0.955322,-0.160645,0.900268,0.335693,-0.663757
0.226074,-0.955078,-0.163574,0.587463,0.183105,-0.564575
0.225098,-0.949951,-0.165283,0.411987,0.274658,-0.541687
0.224609,-0.949219,-0.165771,0.350952,0.320435,-0.663757
0.224854,-0.94751,-0.163574,0.152588,0.236511,-0.740051
0.224365,-0.943848,-0.158936,0.205994,0.068665,-0.915527
0.2229,-0.942627,-0.154541,0.289917,-0.022888,-1.022339
0.224365,-0.946533,-0.153564,0.572205,-0.106812,-1.304626
0.224121,-0.946777,-0.154053,0.62561,-0.419617,-1.426697
0.2229,-0.946533,-0.153564,0.839233,-0.801086,-1.342773
0.22583,-0.949463,-0.153076,1.174927,-1.075745,-1.197815
0.225098,-0.954834,-0.150879,1.441955,-1.358032,-1.174927
0.225342,-0.95752,-0.150879,1.602173,-1.625061,-0.976562
0.223877,-0.956055,-0.155762,1.670837,-1.960754,-0.854492
0.222168,-0.953125,-0.155029,1.564026,-2.220154,-0.87738
0.221924,-0.95166,-0.157471,1.426697,-2.319336,-1.014709
0.220215,-0.950684,-0.157715,1.419067,-2.26593,-1.083374
0.219971,-0.952637,-0.157227,1.38855,-2.075195,-1.159668
0.219727,-0.954102,-0.163086,1.281738,-1.808166,-1.106262
0.218018,-0.952637,-0.160156,1.174927,-1.579285,-1.121521
0.219971,-0.953857,-0.15625,1.091003,-1.441955,-1.014709
0.219727,-0.953613,-0.154297,1.037598,-1.38855,-0.87738
0.220215,-0.951172,-0.153809,0.923157,-1.243591,-0.823975
0.220703,-0.952881,-0.153564,0.839233,-0.785828,-0.793457
0.218994,-0.954346,-0.154541,0.839233,-0.274658,-0.778198
0.222168,-0.953125,-0.1521,0.656128,0.053406,-0.717163
0.222656,-0.95166,-0.152344,0.617981,0.541687,-0.686645
0.223877,-0.952881,-0.152832,0.617981,1.144409,-0.717163
0.225342,-0.952881,-0.151855,0.442505,1.495361,-0.732422
0.229248,-0.958008,-0.150879,0.366211,1.686096,-0.679016
0.230713,-0.957031,-0.148193,0.25177,1.480102,-0.457764
0.23291,-0.953369,-0.148193,0.167847,0.907898,-0.457764
0.231689,-0.953125,-0.151855,0.297546,0.190735,-0.434875
0.22998,-0.950195,-0.154541,0.411987,-0.526428,-0.404358
0.228271,-0.94873,-0.154785,0.473022,-1.373291,-0.457764
0.224609,-0.946533,-0.153564,0.457764,-2.029419,-0.404358
0.218262,-0.945801,-0.15332,0.587463,-2.120972,-0.480652
0.21582,-0.947754,-0.154297,0.75531,-1.747131,-0.541687
0.21875,-0.950684,-0.154297,0.984192,-1.121521,-0.495911
0.219727,-0.950928,-0.153076,1.174927,-0.495911,-0.62561
0.220703,-0.950928,-0.150146,1.38092,0.053406,-0.793457
0.223633,-0.949463,-0.149658,1.571655,0.518799,-0.823975
0.224854,-0.950928,-0.150879,1.670837,0.907898,-0.816345
0.228271,-0.95166,-0.149902,1.617432,0.991821,-0.930786
0.229492,-0.952881,-0.1521,1.556396,1.045227,-0.961304
0.228516,-0.950928,-0.15332,1.350403,1.197815,-0.923157
0.22998,-0.950928,-0.153076,1.373291,1.541138,-1.00708
0.230957,-0.951416,-0.153809,1.480102,1.586914,-1.083374
0.235107,-0.950439,-0.150635,1.312256,1.541138,-0.938415
0.235352,-0.947754,-0.152832,1.152039,1.159668,-0.831604
0.234619,-0.944824,-0.151855,1.327515,0.648498,-0.915527
0.236816,-0.945557,-0.150879,1.571655,0.137329,-0.930786
0.236084,-0.946533,-0.156006,1.747131,-0.495911,-0.946045
0.232422,-0.950439,-0.154785,1.785278,-0.991821,-1.091003
0.230957,-0.950684,-0.153076,1.914978,-1.342773,-0.961304
0.232666,-0.95166,-0.154297,1.983642,-1.678467,-0.915527
0.236084,-0.951416,-0.157471,2.13623,-2.220154,-1.00708
0.234131,-0.952393,-0.154785,2.281189,-2.868652,-0.900268
0.233643,-0.952393,-0.153564,2.235413,-3.52478,-0.846863
0.232666,-0.952148,-0.152832,2.02179,-3.875732,-0.694275
0.229248,-0.952637,-0.151123,1.930237,-3.90625,-0.701904
0.22876,-0.950684,-0.147705,1.777649,-3.799438,-0.762939
0.224365,-0.948242,-0.145508,1.731872,-3.677368,-0.88501
0.225342,-0.951416,-0.145752,1.937866,-3.486633,-0.938415
0.223877,-0.951416,-0.142334,1.846313,-3.234863,-1.060486
0.223145,-0.951172,-0.139404,1.89209,-2.967834,-1.098633
0.224121,-0.951416,-0.143066,2.006531,-2.609253,-1.037598
0.224121,-0.950439,-0.144775,1.991272,-2.204895,-0.907898
0.225098,-0.952393,-0.144043,1.968384,-1.770019,-0.778198
0.225098,-0.951416,-0.145996,1.998901,-1.449585,-0.785828
0.226563,-0.952637,-0.150391,2.029419,-1.38855,-0.709534
0.227295,-0.953125,-0.148926,1.960754,-1.441955,-0.686645
0.226074,-0.95166,-0.148193,1.991272,-1.754761,-0.648498
0.226074,-0.952148,-0.148193,1.823425,-1.831055,-0.63324
0.230225,-0.955078,-0.148193,1.777649,-1.823425,-0.411987
0.228516,-0.959229,-0.148193,1.586914,-1.983642,-0.404358
0.227539,-0.95874,-0.147949,1.296997,-2.02179,-0.411987
0.226074,-0.957764,-0.147949,1.243591,-1.815796,-0.350952
0.228516,-0.955322,-0.145996,0.991821,-1.564026,-0.396728
0.227051,-0.95166,-0.144775,0.892639,-1.548767,-0.396728
0.224854,-0.949463,-0.145508,0.854492,-1.434326,-0.343323
0.2229,-0.948975,-0.144775,0.732422,-1.060486,-0.267029
0.223633,-0.950439,-0.145264,0.740051,-0.640869,-0.312805
0.224609,-0.953369,-0.143799,0.724792,-0.213623,-0.350952
0.224121,-0.95459,-0.144287,0.63324,0.389099,-0.289917
0.224854,-0.952637,-0.141846,0.595093,0.793457,-0.221252
0.227539,-0.952637,-0.143066,0.610352,1.098633,-0.259399
0.229004,-0.950439,-0.145508,0.679016,0.976562,-0.328064
0.233154,-0.95166,-0.144287,0.923157,0.518799,-0.396728
0.234375,-0.953857,-0.144775,0.915527,-0.160217,-0.434875
0.231445,-0.953857,-0.145508,0.961304,-0.946045,-0.480652
0.231201,-0.954834,-0.143066,1.037598,-1.76239,-0.396728
0.228027,-0.954834,-0.144287,1.205444,-2.433777,-0.267029
0.22583,-0.950928,-0.143066,1.13678,-2.838135,-0.160217
0.221436,-0.950928,-0.143799,1.335144,-2.593994,-0.099182
0.222656,-0.950684,-0.142822,1.411438,-2.067566,0.030518
0.224121,-0.953125,-0.145264,1.358032,-1.716614,0.076294
0.227051,-0.954102,-0.142822,1.228333,-1.38092,0.076294
0.230225,-0.957275,-0.140137,0.968933,-0.991821,0.160217
0.228271,-0.955322,-0.137939,0.793457,-0.724792,0.099182
0.230957,-0.955566,-0.136475,0.679016,-0.411987,0.061035
0.230225,-0.949707,-0.138428,0.671387,-0.488281,-0.015259
0.22876,-0.945557,-0.141357,0.740051,-0.953674,-0.297546
0.230957,-0.943604,-0.141846,1.029968,-1.373291,-0.434875
0.226807,-0.947754,-0.141846,1.38855,-1.617432,-0.63324
0.223877,-0.950684,-0.14209,1.678467,-1.708984,-0.656128
0.2229,-0.953613,-0.143311,1.853943,-1.441955,-0.427246
0.224121,-0.955078,-0.141846,1.991272,-0.938415,-0.038147
0.229004,-0.953125,-0.143555,2.067566,-0.953674,0.167847
0.230469,-0.950439,-0.147705,2.197266,-1.716614,0.328064
0.231445,-0.950195,-0.147705,2.433777,-2.609253,0.473022
0.232666,-0.95459,-0.14917,2.296448,-3.410339,0.419617
0.230469,-0.956055,-0.145264,1.914978,-3.952026,0.282288
0.228271,-0.955322,-0.144287,1.51062,-3.746032,0.228882
0.224854,-0.956299,-0.143066,1.190186,-3.219604,0.0
0.225342,-0.955078,-0.141846,0.915527,-2.456665,-0.183105
0.224365,-0.95166,-0.137695,0.762939,-1.823425,-0.434875
0.226318,-0.949219,-0.137939,0.473022,-1.579285,-0.62561
0.227539,-0.950195,-0.135498,0.518799,-1.609802,-0.679016
0.22583,-0.952148,-0.135742,0.572205,-1.846313,-0.679016
0.222412,-0.954346,-0.136963,0.549316,-1.731872,-0.564575
0.220215,-0.955078,-0.136719,0.396728,-1.014709,-0.511169
0.219971,-0.95752,-0.140381,0.434875,0.0,-0.297546
0.221191,-0.956787,-0.145752,0.419617,0.984192,-0.289917
0.224609,-0.956055,-0.148193,0.358582,1.327515,-0.350952
0.229248,-0.952637,-0.150391,0.396728,0.915527,-0.289917
0.231934,-0.953369,-0.150635,0.335693,-0.083923,-0.213623
0.232666,-0.952637,-0.148193,0.350952,-1.434326,-0.343323
0.230713,-0.951904,-0.150391,0.480652,-2.624511,-0.434875
0.227295,-0.955322,-0.147949,0.595093,-3.410339,-0.442505
0.22876,-0.956055,-0.14209,0.473022,-3.929138,-0.366211
0.22583,-0.952148,-0.14209,0.488281,-3.967285,-0.267029
0.225586,-0.951172,-0.143799,0.549316,-3.875732,-0.213623
0.227051,-0.94873,-0.142578,0.62561,-3.967285,-0.305176
0.226074,-0.949951,-0.137451,0.62561,-3.890991,-0.091553
0.224854,-0.950439,-0.138672,0.656128,-3.456115,0.022888
0.223633,-0.94873,-0.136963,0.724792,-2.799988,-0.205994
0.2229,-0.951416,-0.138184,0.801086,-1.945495,-0.411987
0.225342,-0.94873,-0.138184,0.831604,-0.793457,-0.419617
0.237061,-0.952881,-0.142822,0.953674,-0.007629,-0.511169
0.240234,-0.95459,-0.140869,1.00708,-0.282288,-0.663757
0.241699,-0.956299,-0.138184,1.052856,-1.213074,-0.602722
0.241943,-0.955566,-0.138672,0.87738,-2.540588,-0.579834
0.239502,-0.950439,-0.142334,0.717163,-4.112244,-0.679016
0.233154,-0.950928,-0.142578,0.694275,-5.516052,-0.816345
0.226563,-0.950928,-0.141357,0.762939,-6.347656,-1.121521
0.224609,-0.951172,-0.14209,1.098633,-6.660461,-1.266479
0.224121,-0.95166,-0.136475,1.281738,-6.881713,-1.197815
0.218262,-0.953857,-0.133545,1.396179,-6.866455,-1.022339
0.21582,-0.955566,-0.13501,1.609802,-6.637573,-0.770569
0.21582,-0.955322,-0.137695,1.647949,-6.393432,-0.488281
0.214111,-0.95752,-0.138184,1.731872,-6.256103,-0.335693
0.211914,-0.957031,-0.13623,1.724243,-5.828857,-0.106812
0.213135,-0.959717,-0.136719,1.64032,-5.126953,-0.045776
0.213867,-0.959473,-0.137695,1.495361,-4.348755,-0.144958
0.213867,-0.959229,-0.138916,1.304626,-3.837585,-0.099182
0.213135,-0.959229,-0.13916,1.113892,-3.479004,-0.175476
0.216064,-0.960938,-0.14209,0.923157,-2.998352,-0.366211
0.219238,-0.959473,-0.141846,0.610352,-2.418518,-0.343323
0.220703,-0.956055,-0.143799,0.328064,-2.14386,-0.350952
0.222656,-0.95874,-0.140869,0.297546,-2.075195,-0.213623
0.223145,-0.958008,-0.13916,0.061035,-2.120972,-0.007629
0.224854,-0.956543,-0.139648,-0.1297,-2.159119,0.12207
0.222412,-0.955566,-0.139404,-0.25177,-2.189636,-0.053406
0.221924,-0.953369,-0.141602,-0.442505,-2.388,-0.106812
0.22168,-0.952148,-0.14209,-0.656128,-2.388,-0.244141
0.218018,-0.951416,-0.142334,-0.602722,-1.716614,-0.556946
0.217529,-0.950439,-0.145264,-0.389099,-0.732422,-0.717163
0.221924,-0.947754,-0.143799,-0.198364,0.389099,-0.823975
0.231201,-0.950684,-0.144287,0.144958,1.190186,-0.854492
0.237305,-0.952637,-0.140625,0.091553,1.159668,-0.671387
0.23584,-0.95166,-0.143555,-0.030518,0.167847,-0.289917
0.239258,-0.949219,-0.142578,0.015259,-1.152039,-0.007629
0.23999,-0.94751,-0.140625,0.144958,-2.479553,-0.205994
0.234375,-0.945557,-0.14209,0.358582,-3.784179,-0.526428
0.22876,-0.946045,-0.143555,0.846863,-4.776001,-0.823975
0.22583,-0.948486,-0.144775,1.251221,-5.302429,-0.961304
0.223145,-0.944824,-0.143311,1.518249,-5.691528,-1.083374
0.219971,-0.945068,-0.142578,1.625061,-5.973815,-1.197815
0.217285,-0.945557,-0.140381,1.89209,-5.607605,-1.296997
0.217285,-0.952637,-0.140381,2.067566,-4.882813,-1.274109
0.216064,-0.960449,-0.138916,2.082825,-4.02832,-1.296997
0.219482,-0.965088,-0.137695,1.937866,-3.570556,-1.075745
0.221436,-0.962891,-0.137939,1.564026,-3.189087,-0.541687
0.222412,-0.961426,-0.143555,1.487732,-2.929687,-0.114441
0.224609,-0.962158,-0.146973,1.205444,-3.128052,0.1297
0.224854,-0.96167,-0.147705,0.991821,-3.623962,0.305176
0.223145,-0.961426,-0.147461,0.663757,-3.883362,0.488281
0.220703,-0.958984,-0.149414,0.106812,-3.822326,0.442505
0.216553,-0.957275,-0.146729,-0.144958,-3.517151,0.167847
0.218018,-0.957764,-0.144775,-0.343323,-2.967834,0.030518
0.217529,-0.956543,-0.145264,-0.732422,-2.540588,-0.030518
0.217041,-0.953125,-0.141113,-0.732422,-2.098083,-0.152588
0.217285,-0.953125,-0.139648,-0.770569,-1.739502,-0.228882
0.218018,-0.953125,-0.139404,-0.732422,-1.235962,-0.045776
0.218262,-0.951904,-0.140137,-0.747681,-0.862122,0.137329
0.219482,-0.952637,-0.139893,-0.610352,-0.648498,0.244141
0.217041,-0.954346,-0.141357,-0.465393,-0.343323,0.465393
0.219482,-0.95459,-0.14209,-0.442505,-0.289917,0.50354
0.219727,-0.956055,-0.143799,-0.511169,-0.205994,0.602722
0.2229,-0.958984,-0.14917,-0.465393,-0.244141,0.686645
0.222168,-0.956299,-0.149414,-0.518799,-0.480652,0.740051
0.221924,-0.954834,-0.148193,-0.549316,-0.808716,0.640869
0.221191,-0.954834,-0.151367,-0.297546,-1.121521,0.595093
0.224854,-0.954102,-0.152344,-0.404358,-1.342773,0.663757
0.225098,-0.957031,-0.150635,-0.473022,-1.785278,0.572205
0.223145,-0.953613,-0.148438,-0.587463,-2.220154,0.694275
0.221924,-0.953369,-0.147461,-0.679016,-2.410889,0.892639
0.223145,-0.954834,-0.146484,-0.62561,-2.5177,0.846863
0.222412,-0.953613,-0.148193,-0.541687,-2.853393,0.930786
0.220703,-0.954102,-0.147705,-0.778198,-3.15094,0.823975
0.218262,-0.953125,-0.146729,-0.816345,-3.242492,0.747681
0.21582,-0.950684,-0.145264,-0.709534,-2.883911,0.564575
0.214111,-0.95166,-0.146729,-0.480652,-2.380371,0.701904
0.2146,-0.955078,-0.147461,-0.450134,-1.625061,0.785828
0.217773,-0.956787,-0.149414,-0.488281,-0.770569,1.045227
0.218506,-0.956299,-0.151123,-0.686645,-0.335693,1.220703
0.218506,-0.954346,-0.151123,-0.816345,-0.152588,1.441955
0.221436,-0.952881,-0.150146,-0.747681,-0.221252,1.419067
0.221924,-0.952637,-0.149414,-0.610352,-0.656128,1.182556
0.225342,-0.951172,-0.151855,-0.366211,-1.167297,0.984192
0.224609,-0.950439,-0.15332,-0.282288,-1.625061,0.717163
0.224609,-0.951904,-0.154297,-0.259399,-2.27356,0.526428
0.224365,-0.952637,-0.152588,-0.12207,-2.853393,0.465393
0.220703,-0.950439,-0.154053,-0.099182,-3.257751,0.328064
0.218018,-0.953613,-0.149414,-0.061035,-3.585815,0.244141
0.219727,-0.952637,-0.149902,0.175476,-3.77655,0.205994
0.221436,-0.955322,-0.151367,0.358582,-3.90625,0.312805
0.219482,-0.956543,-0.1521,0.297546,-4.219055,0.282288
0.218018,-0.957764,-0.14917,0.183105,-4.547119,0.396728
0.217041,-0.957275,-0.147949,0.160217,-4.394531,0.587463
0.215332,-0.956543,-0.14917,0.076294,-3.967285,0.701904
0.211182,-0.957031,-0.14917,-0.175476,-3.440857,0.709534
0.208252,-0.954834,-0.151367,-0.396728,-2.868652,0.556946
0.208252,-0.953857,-0.153076,-0.450134,-2.159119,0.511169
0.209717,-0.952393,-0.154053,-0.465393,-1.502991,0.396728
0.209229,-0.952393,-0.155029,-0.434875,-1.190186,0.183105
0.210449,-0.952393,-0.157227,-0.312805,-1.045227,0.007629
0.212891,-0.952881,-0.155518,-0.221252,-0.854492,-0.038147
0.21167,-0.954102,-0.158203,-0.183105,-0.579834,-0.091553
0.212646,-0.955322,-0.155762,-0.175476,-0.358582,-0.198364
0.214111,-0.95459,-0.154785,-0.198364,-0.267029,-0.274658
0.214111,-0.952393,-0.154785,-0.213623,-0.221252,-0.198364
0.216797,-0.953125,-0.154541,-0.183105,-0.038147,-0.053406
0.216064,-0.953613,-0.154053,-0.213623,0.144958,-0.030518
0.217285,-0.951416,-0.155029,-0.137329,0.228882,0.045776
0.218262,-0.949463,-0.152832,-0.183105,0.12207,0.106812
0.220703,-0.949219,-0.154053,-0.175476,-0.038147,-0.106812
0.222168,-0.951172,-0.152832,-0.144958,-0.350952,-0.106812
0.222168,-0.950928,-0.151367,-0.198364,-0.740051,-0.289917
0.221924,-0.952881,-0.151855,-0.030518,-1.25885,-0.473022
0.216797,-0.95166,-0.150146,-0.022888,-1.678467,-0.648498
0.217041,-0.950439,-0.154053,-0.038147,-1.754761,-0.923157
0.215332,-0.953857,-0.154541,0.099182,-1.701355,-1.022339
0.212891,-0.95166,-0.151855,0.106812,-1.739502,-1.144409
0.207764,-0.947754,-0.154053,0.289917,-1.625061,-1.205444
0.205566,-0.947266,-0.154053,0.495911,-1.144409,-1.274109
0.206299,-0.951904,-0.152588,0.717163,-0.610352,-1.319885
0.205078,-0.95752,-0.152832,0.869751,-0.007629,-1.205444
0.206299,-0.956299,-0.151367,0.938415,0.740051,-0.953674
0.212402,-0.957764,-0.154541,0.946045,1.358032,-0.62561
0.215332,-0.956543,-0.155762,1.060486,1.411438,-0.450134
0.219238,-0.956055,-0.156738,1.060486,1.113892,-0.38147
0.223633,-0.953125,-0.155762,1.098633,0.572205,-0.305176
0.223145,-0.953857,-0.157471,1.022339,-0.152588,-0.389099
0.221924,-0.956787,-0.156982,0.984192,-0.617981,-0.671387
0.220459,-0.955566,-0.156982,0.793457,-0.946045,-0.747681
0.21875,-0.953125,-0.153809,0.846863,-1.052856,-0.778198
0.219238,-0.953369,-0.154785,0.869751,-0.961304,-0.907898
0.220947,-0.951172,-0.153564,0.946045,-0.724792,-1.12915
0.223389,-0.949707,-0.152588,0.938415,-0.75531,-1.281738
0.22168,-0.950928,-0.154053,1.091003,-0.816345,-1.25885
0.223389,-0.951172,-0.153809,0.984192,-1.190186,-1.228333
0.220459,-0.952393,-0.15332,0.953674,-1.533508,-1.350403
0.217041,-0.952881,-0.152832,1.152039,-1.861572,-1.457214
0.218506,-0.955566,-0.1521,1.060486,-1.89209,-1.556396
0.218018,-0.957031,-0.153076,0.946045,-1.831055,-1.609802
0.216309,-0.95752,-0.153076,0.709534,-1.708984,-1.625061
0.217773,-0.95752,-0.154785,0.747681,-1.464844,-1.63269
0.215332,-0.95459,-0.156738,0.724792,-1.449585,-1.63269
0.214844,-0.954102,-0.156982,0.717163,-1.51062,-1.686096
0.216797,-0.955566,-0.155029,0.617981,-1.708984,-1.518249
0.215088,-0.959717,-0.15332,0.610352,-1.785278,-1.464844
0.215088,-0.961914,-0.150879,0.297546,-1.777649,-1.304626
0.212646,-0.959961,-0.146973,0.091553,-1.625061,-1.060486
0.211182,-0.954834,-0.148438,-0.030518,-1.373291,-0.862122
0.211914,-0.955566,-0.148926,0.053406,-1.00708,-0.75531
0.2146,-0.956055,-0.150391,0.068665,-0.740051,-0.671387
0.212158,-0.955078,-0.152344,0.297546,-0.770569,-0.663757
0.212402,-0.952148,-0.150391,0.450134,-0.862122,-0.587463
0.214355,-0.951416,-0.152588,0.602722,-0.999451,-0.518799
0.212646,-0.952881,-0.152344,0.717163,-1.014709,-0.457764
0.213379,-0.953369,-0.15332,0.709534,-0.793457,-0.526428
0.212646,-0.95459,-0.152588,0.762939,-0.549316,-0.679016
0.213623,-0.95459,-0.1521,0.823975,-0.289917,-0.701904
0.217041,-0.954834,-0.151123,0.778198,-0.160217,-0.709534
0.218994,-0.956543,-0.152344,0.831604,-0.015259,-0.617981
0.220947,-0.957764,-0.150635,0.740051,0.053406,-0.564575
0.223633,-0.957275,-0.151123,0.617981,-0.160217,-0.389099
0.225586,-0.95752,-0.150879,0.50354,-0.396728,-0.144958
0.225586,-0.95874,-0.150879,0.343323,-0.63324,-0.022888
0.226074,-0.955566,-0.151855,0.076294,-1.182556,-0.152588
0.222168,-0.955566,-0.151367,-0.045776,-1.770019,-0.213623
0.220703,-0.955078,-0.150391,-0.061035,-2.13623,-0.198364
0.217041,-0.954102,-0.15332,-0.144958,-2.365112,-0.312805
0.216064,-0.956543,-0.151367,-0.1297,-2.334595,-0.38147
0.213135,-0.954834,-0.151611,-0.144958,-2.13623,-0.419617
0.210693,-0.952881,-0.155518,-0.12207,-1.88446,-0.282288
0.210205,-0.954102,-0.152588,-0.183105,-1.426697,0.030518
0.209229,-0.954102,-0.155029,-0.137329,-0.938415,0.030518
0.211182,-0.953125,-0.151855,-0.228882,-0.389099,-0.007629
0.210938,-0.950195,-0.14917,-0.213623,0.190735,-0.068665
0.212646,-0.950195,-0.150635,-0.221252,0.778198,-0.144958
0.213867,-0.950195,-0.152344,-0.114441,1.335144,-0.282288
0.215576,-0.950928,-0.151367,0.045776,1.754761,-0.488281
0.218994,-0.950928,-0.150146,0.259399,1.922607,-0.518799
0.2229,-0.952881,-0.150879,0.297546,2.006531,-0.610352
0.227295,-0.952393,-0.153809,0.511169,1.785278,-0.518799
0.225586,-0.953613,-0.157471,0.480652,1.373291,-0.541687
0.227295,-0.952393,-0.155518,0.305176,1.213074,-0.450134
0.22876,-0.953613,-0.155518,0.022888,0.907898,-0.411987
0.230957,-0.954346,-0.158691,0.282288,0.389099,-0.457764
0.232178,-0.951416,-0.156494,0.350952,-0.480652,-0.679016
0.231201,-0.947754,-0.156982,0.534058,-1.579285,-0.671387
0.229004,-0.94751,-0.153809,0.770569,-2.388,-0.694275
0.227051,-0.947998,-0.155273,1.037598,-3.341675,-0.907898
0.221191,-0.947266,-0.150635,1.190186,-4.142761,-1.083374
0.217041,-0.949463,-0.153564,1.304626,-4.302979,-0.968933
0.215088,-0.950684,-0.149902,1.243591,-3.982544,-0.976562
0.21167,-0.950928,-0.152832,1.281738,-3.166198,-1.037598
0.213623,-0.953613,-0.151123,1.342773,-2.243042,-1.052856
0.214844,-0.951416,-0.152832,1.266479,-1.38092,-0.946045
0.215576,-0.950684,-0.152832,1.304626,-0.991821,-1.029968
0.217529,-0.950439,-0.150391,1.281738,-0.526428,-1.13678
0.217529,-0.955811,-0.150635,1.319885,-0.030518,-1.190186
0.218262,-0.958984,-0.148926,1.182556,0.450134,-1.083374
0.221436,-0.958984,-0.150635,1.068115,1.029968,-0.915527
0.224609,-0.956055,-0.153076,0.923157,1.365662,-0.785828
0.227051,-0.952881,-0.156006,1.045227,1.022339,-0.671387
0.228271,-0.952637,-0.155762,1.037598,0.114441,-0.686645
0.226318,-0.949219,-0.15332,0.961304,-0.991821,-0.671387
0.221924,-0.946533,-0.152588,1.00708,-1.777649,-0.717163
0.220703,-0.946045,-0.155762,1.083374,-2.151489,-0.747681
0.220459,-0.946777,-0.154297,1.197815,-2.151489,-0.801086
0.223877,-0.949707,-0.151367,1.243591,-1.983642,-0.831604
0.221191,-0.951416,-0.151855,1.365662,-1.838684,-1.00708
0.221436,-0.952148,-0.1521,1.358032,-1.777649,-1.12915
0.224121,-0.954102,-0.148682,1.396179,-1.693725,-1.045227
0.224609,-0.95459,-0.149414,1.228333,-1.701355,-0.999451
0.223633,-0.952881,-0.148926,1.144409,-1.647949,-0.991821
0.222168,-0.951416,-0.151123,1.13678,-1.457214,-0.87738
0.220215,-0.953613,-0.148926,1.060486,-1.182556,-0.938415
0.220947,-0.952393,-0.150391,0.900268,-0.839233,-1.045227
0.220215,-0.951416,-0.153809,0.839233,-0.457764,-1.13678
0.219727,-0.952637,-0.1521,0.785828,-0.099182,-1.083374
0.224121,-0.956543,-0.148926,0.823975,-0.152588,-0.946045
0.224121,-0.953613,-0.149414,0.823975,-0.602722,-0.75531
0.223389,-0.949463,-0.1521,0.915527,-0.984192,-0.694275
0.22168,-0.949707,-0.152344,0.976562,-1.014709,-0.617981
0.2229,-0.952393,-0.150391,1.098633,-1.060486,-0.50354
0.22168,-0.954346,-0.14917,1.052856,-1.25885,-0.396728
0.223145,-0.95459,-0.149658,1.083374,-1.327515,-0.335693
0.224365,-0.95459,-0.152832,1.152039,-1.777649,-0.289917
0.224121,-0.955566,-0.148193,1.182556,-2.449036,-0.25177
0.222168,-0.955811,-0.150146,1.304626,-2.838135,-0.213623
0.21875,-0.956299,-0.150879,1.251221,-2.853393,-0.244141
0.216064,-0.954346,-0.148682,1.075745,-2.494812,-0.274658
0.217529,-0.95166,-0.149902,0.953674,-2.02179,-0.305176
0.218506,-0.953857,-0.149658,0.87738,-1.525879,-0.335693
0.218506,-0.953369,-0.151855,1.029968,-1.121521,-0.328064
0.21875,-0.951416,-0.150146,0.854492,-0.762939,-0.442505
0.220703,-0.953613,-0.14917,0.801086,-0.762939,-0.358582
0.219727,-0.952881,-0.150391,0.915527,-1.037598,-0.495911
0.22168,-0.951904,-0.150635,0.785828,-1.037598,-0.457764
0.222168,-0.954102,-0.148926,0.785828,-0.930786,-0.343323
0.219971,-0.955322,-0.147217,0.793457,-0.724792,-0.190735
0.221436,-0.952881,-0.145996,0.663757,-0.495911,0.022888
0.223633,-0.95459,-0.147461,0.656128,-0.259399,0.099182
0.222656,-0.95459,-0.148926,0.62561,-0.137329,0.106812
0.224121,-0.953857,-0.148438,0.587463,-0.228882,0.152588
0.224854,-0.95459,-0.147217,0.534058,-0.236511,-0.038147
0.222412,-0.953857,-0.147705,0.541687,-0.190735,-0.083923
0.224365,-0.955566,-0.148438,0.473022,-0.183105,-0.061035
0.226318,-0.956055,-0.151611,0.411987,-0.404358,-0.1297
0.224365,-0.95459,-0.152832,0.358582,-0.656128,-0.106812
0.223145,-0.953125,-0.150635,0.320435,-0.869751,-0.114441
0.223389,-0.94873,-0.150146,0.572205,-1.052856,-0.053406
0.221191,-0.949463,-0.149414,0.587463,-1.312256,-0.106812
0.219727,-0.950195,-0.147217,0.656128,-1.51062,-0.160217
0.220459,-0.95166,-0.145752,0.694275,-1.487732,-0.053406
0.218018,-0.952637,-0.147705,0.907898,-1.342773,-0.083923
0.218506,-0.95166,-0.147217,0.862122,-0.953674,-0.030518
0.221191,-0.954346,-0.145996,0.846863,-0.640869,0.038147
0.223145,-0.957031,-0.145264,0.869751,-0.404358,0.076294
0.224609,-0.954346,-0.144287,0.823975,-0.343323,0.061035
0.224609,-0.953613,-0.14502,0.801086,-0.610352,-0.076294
0.224365,-0.95459,-0.14502,0.892639,-0.938415,-0.267029
0.221191,-0.952393,-0.143066,0.862122,-1.00708,-0.465393
0.219727,-0.951904,-0.147217,0.846863,-0.991821,-0.465393
0.219238,-0.953369,-0.147949,1.014709,-0.747681,-0.473022
0.218018,-0.952637,-0.148193,1.022339,-0.511169,-0.442505
0.218262,-0.953369,-0.149902,0.991821,-0.411987,-0.091553
0.219238,-0.955078,-0.150146,0.968933,-0.541687,0.099182
0.220947,-0.955811,-0.147949,0.976562,-0.617981,0.068665
0.220703,-0.954834,-0.148682,0.999451,-0.709534,-0.190735
0.221436,-0.955811,-0.14502,0.976562,-0.747681,-0.190735
0.222412,-0.953857,-0.143066,0.938415,-0.984192,-0.328064
0.222412,-0.953125,-0.146484,0.968933,-1.220703,-0.404358
0.223389,-0.954346,-0.14624,0.968933,-1.251221,-0.366211
0.220947,-0.952393,-0.146484,0.946045,-1.350403,-0.198364
0.220947,-0.953857,-0.144043,0.793457,-1.403808,-0.221252
0.219971,-0.95459,-0.139893,0.846863,-1.296997,-0.267029
0.217041,-0.952881,-0.139893,0.946045,-1.022339,-0.25177
0.218018,-0.952393,-0.140381,1.029968,-0.610352,-0.442505
0.220703,-0.955566,-0.142822,0.923157,-0.312805,-0.450134
0.220215,-0.952148,-0.143066,0.991821,-0.305176,-0.511169
0.219727,-0.951172,-0.141113,1.098633,-0.434875,-0.564575
0.219727,-0.952393,-0.142822,1.121521,-0.671387,-0.50354
0.217773,-0.956055,-0.143066,1.228333,-0.785828,-0.457764
0.217529,-0.963379,-0.139404,1.251221,-0.648498,-0.305176
0.219727,-0.964111,-0.140625,1.220703,-0.473022,-0.091553
0.2229,-0.961426,-0.143555,1.052856,-0.473022,0.259399
0.222412,-0.957764,-0.144531,1.083374,-0.88501,0.389099
0.221924,-0.954834,-0.142334,1.113892,-1.51062,0.38147
0.221924,-0.957031,-0.141602,1.113892,-2.182007,0.328064
0.216553,-0.954834,-0.141113,1.029968,-2.456665,0.350952
0.213623,-0.954102,-0.13916,1.037598,-2.006531,0.083923
0.212646,-0.954102,-0.139404,1.075745,-1.197815,-0.1297
0.211914,-0.955811,-0.142822,0.831604,-0.656128,0.038147
0.214355,-0.951904,-0.143311,0.747681,-0.106812,0.12207
0.214844,-0.951904,-0.139648,0.717163,0.511169,0.053406
0.218262,-0.954834,-0.140381,0.63324,0.823975,0.038147
0.221924,-0.955322,-0.140137,0.816345,0.579834,0.022888
0.222656,-0.952637,-0.140625,0.793457,0.534058,-0.038147
0.227783,-0.953613,-0.140625,0.854492,0.450134,-0.083923
0.22998,-0.953125,-0.143799,0.953674,-0.022888,-0.198364
0.228271,-0.955322,-0.137695,0.999451,-1.014709,-0.38147
0.22583,-0.955566,-0.140869,1.075745,-1.831055,-0.228882
0.223633,-0.95459,-0.143799,1.121521,-2.5177,-0.152588
0.218994,-0.955078,-0.142334,1.13678,-3.089905,-0.205994
0.216309,-0.953857,-0.141846,1.419067,-3.303528,-0.12207
0.217529,-0.952637,-0.141846,1.487732,-3.242492,-0.106812
0.217041,-0.952393,-0.140869,1.739502,-3.425598,0.007629
0.215576,-0.952881,-0.142578,2.037048,-3.677368,0.022888
0.216553,-0.95459,-0.140625,2.151489,-3.791809,-0.045776
0.216064,-0.956299,-0.138184,2.258301,-3.90625,-0.106812
0.216553,-0.955078,-0.136963,2.296448,-3.967285,0.076294
0.216797,-0.957764,-0.134033,2.258301,-3.715515,0.328064
0.216797,-0.962891,-0.136475,2.166748,-3.295898,0.579834
0.217041,-0.961914,-0.136719,2.120972,-2.861023,0.793457
0.221436,-0.962402,-0.133301,2.075195,-2.708435,0.953674
0.220459,-0.960938,-0.13623,2.059937,-2.609253,1.052856
0.219727,-0.957275,-0.137451,2.220154,-2.662658,1.014709
0.218506,-0.958008,-0.140625,2.471924,-2.914428,1.075745
0.220215,-0.95752,-0.14624,2.822876,-3.585815,1.029968
0.215332,-0.952881,-0.14917,2.944946,-4.470825,1.106262
0.211182,-0.949951,-0.156494,3.089905,-5.142211,1.289368
0.207031,-0.954834,-0.162354,3.364563,-5.561828,1.327515
0.200195,-0.955322,-0.162842,3.318786,-5.706787,1.121521
0.190674,-0.952393,-0.161377,3.204345,-5.340576,0.938415
0.187012,-0.952637,-0.157227,2.975464,-3.929138,0.968933
0.190918,-0.957275,-0.156494,3.044128,-1.998901,0.747681
0.19165,-0.957031,-0.155273,2.914428,0.091553,0.610352
0.195801,-0.955811,-0.153564,2.861023,2.746582,0.747681
0.20166,-0.957764,-0.150391,2.845764,5.302429,1.075745
0.216064,-0.952393,-0.145264,2.876281,7.43103,1.976013
0.214844,-0.955811,-0.155518,3.479004,8.81958,2.39563
0.216797,-0.959473,-0.161377,3.608703,9.07135,2.807617
0.224365,-0.953857,-0.164063,3.601074,8.728027,3.242492
0.231689,-0.950684,-0.164795,3.799438,6.935119,3.242492
0.234131,-0.947998,-0.166504,4.02832,3.479004,3.486633
0.234375,-0.947754,-0.168213,4.165649,-0.289917,3.768921
0.227539,-0.945801,-0.162354,4.051208,-3.463745,3.860473
0.215576,-0.953125,-0.162842,3.959656,-5.340576,3.982544
0.207031,-0.953125,-0.160889,3.326416,-4.875183,4.577637
0.199707,-0.948242,-0.161621,2.670288,-2.220154,4.943848
0.194092,-0.951416,-0.168701,1.701355,1.327515,4.776001
0.19458,-0.954346,-0.170898,0.541687,5.050659,4.951477
0.196045,-0.955078,-0.16748,-0.747681,8.705139,5.607605
0.196777,-0.953125,-0.165283,-1.678467,12.565612,5.989074
0.197266,-0.953369,-0.162109,-2.410889,16.944885,6.141662
0.197266,-0.948975,-0.165283,-3.120422,21.438597,6.462097
0.197266,-0.941162,-0.169922,-3.65448,25.215147,6.599426
0.19458,-0.93457,-0.172852,-4.188538,28.533934,6.782531
0.193359,-0.927979,-0.171631,-4.806519,31.593321,7.209777
0.195068,-0.917969,-0.164551,-5.371093,34.500122,7.530212
0.195068,-0.910156,-0.160156,-5.607605,37.033081,7.720947
0.192383,-0.90332,-0.158691,-5.783081,39.321899,7.881164
0.193604,-0.894531,-0.156982,-6.011962,41.503902,8.140564
0.198975,-0.887207,-0.152832,-6.286621,43.289181,8.621216
0.206055,-0.881592,-0.145264,-6.057739,44.113155,9.010315
0.207764,-0.873291,-0.139404,-5.432128,43.327328,9.483337
0.206543,-0.865967,-0.142578,-4.592896,41.641232,9.773254
0.201416,-0.859619,-0.149902,-3.890991,39.451599,9.910583
0.187256,-0.8479,-0.148193,-3.631592,38.360596,9.941101
0.174316,-0.842529,-0.151367,-3.39508,39.520264,10.116576
0.159912,-0.828369,-0.1604,-3.761291,42.602535,10.269164
0.151367,-0.810059,-0.14917,-5.1651,47.477718,10.284423
0.153076,-0.786621,-0.129395,-6.576538,53.855892,10.69641
0.151855,-0.759033,-0.121338,-7.385253,60.752865,11.154174
0.164795,-0.740234,-0.117188,-7.324218,66.596985,10.475158
0.186279,-0.722168,-0.121094,-6.950378,70.091248,9.002686
0.1875,-0.699219,-0.142822,-6.66809,70.030212,6.896972
0.162842,-0.666016,-0.169922,-7.072448,68.229675,3.89862
0.143555,-0.630127,-0.176025,-8.575439,67.817688,0.801086
0.154541,-0.603271,-0.16748,-10.856627,69.137573,-1.976013
0.17334,-0.584717,-0.151123,-12.329101,68.855286,-4.776001
0.184326,-0.577881,-0.143311,-13.053893,65.925598,-7.545471
0.19458,-0.572754,-0.129883,-13.908385,60.9436,-10.261535
0.203369,-0.563965,-0.118652,-14.366149,54.496761,-13.275146
0.202393,-0.564209,-0.118896,-14.129638,47.08099,-16.609192
0.190918,-0.573486,-0.127686,-13.488769,40.115356,-19.53125
0.177979,-0.577148,-0.139648,-13.175963,35.03418,-22.010801
0.17041,-0.570801,-0.155762,-13.374328,32.50885,-24.085997
0.168945,-0.564941,-0.174316,-13.656615,32.142639,-25.55847
0.175049,-0.564453,-0.189453,-14.495849,33.52356,-26.954649
0.182617,-0.549805,-0.206055,-15.937804,34.973145,-28.778074
0.192871,-0.518555,-0.208252,-18.066406,35.217285,-31.47888
0.209229,-0.491943,-0.206543,-20.156858,33.325195,-33.943176
0.242188,-0.49292,-0.195557,-21.77429,26.000975,-36.270142
0.28833,-0.501953,-0.184326,-23.170469,11.83319,-37.773132
0.30957,-0.52124,-0.185303,-24.04785,-8.071899,-38.154602
0.322754,-0.564453,-0.195313,-24.627684,-30.319212,-38.070679
0.327148,-0.620361,-0.218262,-24.917601,-51.506039,-37.162781
0.307617,-0.667969,-0.243164,-25.642393,-69.412231,-34.919739
0.289795,-0.7146,-0.253174,-27.778624,-79.826355,-31.906126
0.283447,-0.760254,-0.257813,-30.044554,-80.726616,-29.006956
0.28418,-0.811768,-0.256348,-32.119751,-74.401855,-27.542112
0.295654,-0.850586,-0.239258,-34.133911,-63.560482,-26.130674
0.315918,-0.885254,-0.230225,-34.919739,-50.811764,-24.436949
0.338623,-0.938721,-0.236328,-34.812927,-38.978577,-23.719786
0.375488,-1.007568,-0.250732,-34.27887,-30.288694,-22.979734
0.422119,-1.083008,-0.268799,-33.622742,-27.496336,-21.232603
0.452881,-1.143066,-0.309814,-33.798218,-30.860899,-18.615723
0.455078,-1.177246,-0.354492,-35.614014,-37.712097,-16.647339
0.442383,-1.176025,-0.380615,-39.344788,-44.075008,-15.708922
0.43335,-1.141846,-0.395508,-44.143673,-47.645565,-15.182494
0.424805,-1.109863,-0.395996,-48.286434,-48.828121,-15.960692
0.418701,-1.110596,-0.388672,-50.918575,-48.652645,-18.745422
0.418457,-1.133789,-0.377686,-52.330013,-47.378536,-21.675108
0.415771,-1.163818,-0.366699,-52.955624,-46.356197,-24.177549
0.411133,-1.195313,-0.376709,-53.710934,-45.219418,-26.107786
0.409424,-1.235352,-0.402832,-55.007931,-43.220516,-27.366636
0.396729,-1.263184,-0.425537,-57.258602,-41.000362,-28.465269
0.378662,-1.257568,-0.438232,-60.867306,-37.742615,-28.877256
0.383301,-1.235596,-0.441162,-64.788818,-33.454895,-28.938292
0.403809,-1.222168,-0.428711,-67.604065,-29.769896,-29.113768
0.416992,-1.219238,-0.418213,-69.099426,-28.190611,-29.396055
0.411377,-1.219238,-0.416992,-69.168091,-27.717588,-29.518126
0.399902,-1.226807,-0.421875,-68.664551,-26.237486,-29.182432
0.410645,-1.217041,-0.417969,-67.558289,-23.933409,-28.594969
0.417725,-1.19751,-0.41626,-65.986633,-22.720335,-27.770994
0.416748,-1.15625,-0.417725,-64.376831,-23.170469,-26.626585
0.412842,-1.108887,-0.423096,-62.438961,-24.513243,-25.184629
0.401367,-1.065918,-0.437256,-60.043331,-26.916502,-23.902891
0.387207,-1.019775,-0.450684,-58.746334,-28.95355,-22.377012
0.385742,-0.967285,-0.458496,-57.487484,-30.311583,-20.439146
0.387451,-0.928955,-0.473145,-55.404659,-32.432556,-18.89801
0.380127,-0.907959,-0.47998,-53.268429,-34.553528,-17.288208
0.369141,-0.887939,-0.484863,-51.734921,-35.011292,-15.029906
0.354736,-0.865723,-0.493652,-50.704952,-32.730103,-12.603759
0.340576,-0.825439,-0.517334,-50.094601,-27.809141,-10.940551
0.336426,-0.770752,-0.549561,-49.743649,-21.629332,-10.162353
0.367432,-0.725586,-0.563965,-49.545284,-16.242981,-9.422302
0.410889,-0.707764,-0.559814,-48.675533,-14.22882,-8.285522
0.451172,-0.724121,-0.547607,-46.592709,-18.409729,-7.270813
0.469971,-0.760742,-0.545898,-43.80798,-27.343748,-5.607605
0.470947,-0.797119,-0.551514,-40.634151,-36.422729,-2.418518
0.468994,-0.820068,-0.557373,-36.964417,-42.198177,1.754761
0.46167,-0.826172,-0.579834,-32.356262,-43.098446,6.095886
0.447266,-0.789795,-0.599121,-27.709959,-39.756775,10.124206
0.436279,-0.72168,-0.615723,-22.506712,-32.173157,13.839721
0.424805,-0.67041,-0.644775,-15.884398,-22.804258,16.616821
0.411133,-0.631104,-0.69165,-8.529663,-13.236999,18.890381
0.412109,-0.606689,-0.706543,-1.144409,-5.805969,21.01898
0.430908,-0.608643,-0.704346,5.0354,-2.326965,23.597715
0.462891,-0.633789,-0.705078,10.513305,-4.058838,26.626585
0.478271,-0.644775,-0.699707,15.731811,-11.253356,29.846189
0.466309,-0.618652,-0.691895,21.14868,-21.514891,31.997679
0.416748,-0.580566,-0.706543,25.672911,-30.693052,32.058716
0.372803,-0.536133,-0.737793,28.96118,-37.078857,30.860899
0.333008,-0.500244,-0.762451,32.051086,-41.778561,28.976439
0.291748,-0.470703,-0.783691,34.507751,-46.06628,26.733397
0.266846,-0.449707,-0.790283,36.315918,-49.026485,24.856565
0.273193,-0.44751,-0.786133,38.360596,-51.689144,23.933409
0.285645,-0.46582,-0.771973,40.206905,-57.891842,23.887632
0.276611,-0.498291,-0.772949,40.855404,-66.482544,24.436949
0.343506,-0.662598,-0.71582,40.161129,-75.065613,26.519773
0.450684,-1.082764,-0.563965,42.350765,-81.375114,34.553528
0.408936,-1.370361,-0.421875,52.330013,-87.203972,42.778011
0.257813,-1.083008,-0.430176,60.005184,-87.791435,41.885372
0.187744,-0.647949,-0.529297,64.544678,-72.296143,36.239624
0.223145,-0.749512,-0.609131,72.967529,-51.513668,28.861998
0.25708,-1.102051,-0.648193,75.889587,-45.242306,26.367186
0.236084,-1.204102,-0.62793,71.388245,-54.702755,29.289244
0.196533,-1.06958,-0.572021,67.41333,-66.726685,28.564451
0.165527,-0.860107,-0.521973,66.02478,-68.870544,24.452208
0.158203,-0.697021,-0.523438,64.453125,-61.172482,18.005371
0.169678,-0.587891,-0.559326,61.378475,-58.761593,8.560181
0.132568,-0.524902,-0.617188,57.319637,-71.548462,0.030518
0.040771,-0.504395,-0.6521,50.247189,-90.721123,-4.615784
-0.026367,-0.484131,-0.609131,38.841248,-100.875847,-5.386352
-0.016602,-0.443604,-0.519775,29.060362,-97.320549,-5.577087
0.01709,-0.448486,-0.466309,23.757933,-87.463371,-8.972168
0.031982,-0.50708,-0.456787,20.019531,-79.742432,-12.763976
0.022705,-0.554443,-0.469482,16.12854,-77.163696,-15.052794
-0.025635,-0.573242,-0.484131,12.580871,-76.23291,-16.365051
-0.068359,-0.546143,-0.448975,9.521484,-72.021484,-16.098022
-0.077393,-0.479736,-0.42627,8.338928,-60.844418,-13.984679
-0.044189,-0.45752,-0.407715,10.520934,-51.269527,-12.573241
-0.016602,-0.469238,-0.393799,12.573241,-51.971432,-10.749816
-0.042969,-0.461914,-0.381592,14.450072,-62.660213,-8.552551
-0.081299,-0.485596,-0.377686,16.204834,-74.638367,-6.278991
-0.092773,-0.584961,-0.352295,15.693664,-84.518425,-1.831055
-0.109863,-0.661621,-0.299805,16.059875,-90.354912,4.211426
-0.127441,-0.673584,-0.279541,18.714905,-87.089531,7.087707
-0.118408,-0.637451,-0.290771,21.339415,-76.889038,7.255554
-0.138916,-0.58252,-0.308838,22.178648,-67.520142,6.118774
-0.157227,-0.508057,-0.27002,22.117613,-56.770321,3.547668
-0.135986,-0.408691,-0.2229,24.116514,-46.340939,0.595093
-0.100098,-0.420166,-0.200684,26.031492,-48.767086,0.083923
-0.071045,-0.496094,-0.134521,26.367186,-72.07489,5.546569
-0.053711,-0.660645,-0.023193,28.778074,-106.338493,15.289306
-0.107178,-0.726318,0.084473,34.744263,-133.56781,21.537779
-0.145264,-0.727051,0.116943,41.191097,-139.175415,19.386292
-0.13501,-0.781006,0.104248,44.891354,-131.507874,15.754699
-0.135986,-0.825684,0.105713,45.242306,-123.283379,13.816833
-0.053955,-0.868164,0.127197,44.189449,-114.166252,10.910033
0.038574,-0.876221,0.200195,44.586178,-114.814751,10.44464
-0.027344,-0.84668,0.506104,48.187252,-122.840874,10.520934
-0.067871,-0.908691,0.748291,58.479305,-111.190788,8.644104
-0.035156,-1.023438,0.428223,68.29834,-93.772881,5.424499
-0.083496,-0.782471,0.525146,70.259094,-73.913574,7.957458
-0.247314,-0.561523,1.795654,81.18438,-38.398743,1.106262
-0.849365,-0.799561,2.975342,136.657715,23.29254,-5.401611
1.299072,-1.839111,2.833984,189.163193,100.524895,-24.063108
0.645508,-2.871094,0.125244,207.488998,46.112057,-69.168091
-1.932373,-3.163818,-3.257324,90.347282,110.084526,-61.668392
-0.541992,-6.937744,-4.087402,-90.705864,249.992355,-71.70105
0.374023,-6.715332,-1.033447,-104.591362,191.001877,-120.49102
-0.851074,2.049561,-1.277832,-7.820129,47.782894,-130.706787
0.703857,1.954102,-0.424805,108.207695,-3.257751,-141.792297
1.297852,-1.290771,0.116211,100.906364,-31.890867,-114.06707
0.606689,-1.338135,-0.129883,68.916321,-65.498352,-54.878231
0.065186,-0.951904,-0.091064,70.480347,-27.229307,-35.919189
0.062256,-1.015137,-0.10376,58.509823,27.938841,-21.52252
-0.0625,-1.211182,-0.236084,54.63409,12.20703,-15.876769
0.089844,-1.203857,-0.254883,56.678768,-3.639221,-18.882751
0.165039,-1.039307,-0.120361,54.695126,-5.805969,-17.433167
0.068604,-1.007813,-0.034668,44.799801,-1.457214,-13.175963
-0.017334,-1.012207,-0.087402,33.729553,4.905701,-9.017944
0.106445,-0.947266,-0.242432,31.196592,10.604857,-5.447387
0.168701,-0.948242,-0.268311,37.361145,10.604857,-1.38092
0.047363,-0.97583,-0.156006,43.846127,7.80487,2.14386
0.0,-1.015381,-0.075684,44.30389,4.402161,2.777099
-0.006592,-1.021484,-0.030029,39.367676,-0.335693,0.572205
-0.003418,-1.014893,0.044434,29.808043,0.297546,-1.12915
0.027832,-0.939697,-0.02832,19.752502,8.19397,1.083374
0.118896,-0.950928,-0.131836,14.785766,15.525817,3.089905
0.043701,-1.001709,-0.119873,14.068603,12.481688,3.166198
0.025146,-1.019043,-0.091797,13.893126,8.781433,3.158569
0.008545,-1.005859,-0.063232,11.909484,6.690979,1.823425
-0.03418,-0.98291,-0.0271,8.049011,4.829407,-0.473022
0.060303,-0.951172,-0.130859,7.087707,4.615784,-0.038147
0.072266,-0.978516,-0.142334,9.773254,4.966736,1.052856
0.082275,-0.998291,-0.138428,12.596129,6.568908,3.135681
0.05249,-1.02124,-0.105713,13.885497,1.228333,3.799438
0.013916,-0.977051,-0.084229,14.175414,-4.219055,3.158569
-0.005859,-0.949219,-0.088379,15.190124,-5.752563,1.76239
0.020996,-0.994629,-0.101563,15.892028,-5.882263,0.747681
0.049072,-1.007324,-0.124023,17.562866,-7.972717,0.320435
0.05249,-1.021729,-0.104492,20.126341,-10.597228,0.587463
0.053711,-1.008789,-0.084717,21.316526,-10.70404,2.624511
0.050049,-0.972168,-0.088867,22.178648,-8.171082,5.340576
0.049561,-0.992676,-0.067139,22.499083,-3.356933,7.499694
0.070313,-1.020752,-0.07251,21.697996,-0.785828,10.32257
0.054932,-0.998779,-0.063721,21.217344,-2.227783,12.306212
0.012939,-0.98877,-0.030762,20.1416,-2.555847,13.038634
-0.005615,-0.972412,-0.032959,18.722534,-1.174927,13.549804
0.000732,-0.962891,-0.061768,18.722534,-0.061035,13.542174
0.017822,-1.001221,-0.069092,20.195005,-0.595093,12.863158
0.010498,-1.039551,-0.037842,20.812986,-1.76239,12.153625
0.012939,-1.01001,-0.011963,19.363403,-1.365662,12.275695
0.01123,-0.974609,-0.016357,16.876221,1.464844,12.733459
0.009521,-0.981689,-0.043213,16.052246,2.39563,13.114928
0.018555,-1.017822,-0.04248,16.242981,0.88501,12.947082
0.009033,-1.000977,-0.049072,17.059326,-0.007629,13.732909
0.025391,-1.013672,-0.037842,17.38739,0.312805,14.205932
0.000488,-1.019287,-0.030029,15.937804,1.296997,14.183043
-0.004395,-1.010498,-0.005371,13.580321,1.663208,13.603209
-0.018066,-1.007568,0.010986,10.650634,0.297546,12.344359
-0.01123,-1.007324,0.000977,7.781982,-0.511169,11.573791
0.001953,-1.00708,-0.014893,5.859375,0.541687,11.535644
-0.004639,-0.98877,-0.031006,5.310058,3.013611,12.344359
-0.009521,-1.012939,-0.016113,5.378723,2.655029,12.420653
-0.029541,-1.022217,0.003418,3.967285,0.518799,12.489318
-0.013184,-0.997314,-0.009766,2.166748,1.00708,12.168883
-0.024414,-1.003174,-0.009766,0.999451,0.495911,11.749267
-0.027344,-1.008789,-0.019775,0.411987,0.160217,12.092589
-0.024414,-1.016113,-0.013672,-0.358582,-0.007629,12.176513
-0.022217,-1.012207,-0.018555,-1.045227,0.587463,12.748717
-0.039307,-1.003662,-0.019043,-2.182007,1.861572,13.046264
-0.041992,-0.985352,-0.025146,-2.6474,3.593445,12.779235
-0.0354,-0.994385,-0.02124,-2.120972,1.358032,12.573241
-0.051758,-1.006104,-0.006104,-2.357483,-0.793457,12.504577
-0.012451,-1.010254,-0.002686,-3.692627,-0.457764,12.695312
-0.03418,-1.007813,0.028076,-6.431579,1.235962,13.450622
-0.052734,-0.976074,0.026855,-10.231017,6.469726,13.862609
-0.078613,-0.968262,0.02124,-13.893126,9.124756,12.603759
-0.108887,-0.996094,0.01709,-17.26532,9.307861,10.0708
-0.081055,-1.041504,-0.017334,-20.561216,8.483887,7.400512
-0.044434,-1.04248,-0.037109,-22.674559,5.264282,5.073547
-0.040771,-1.015381,-0.0354,-24.223326,3.540039,3.807068
-0.052246,-0.985596,-0.033447,-25.863646,5.638122,3.135681
-0.059082,-0.959961,-0.04541,-26.611326,8.613586,2.532959
-0.064209,-0.951904,-0.086182,-24.833677,9.33075,1.937866
-0.046631,-0.968994,-0.110107,-21.255491,6.843566,0.450134
-0.051025,-1.02417,-0.101807,-17.471313,-0.091553,-1.098633
-0.05127,-1.032959,-0.077148,-15.060424,-7.514953,-2.01416
-0.06543,-0.992676,-0.071777,-14.511107,-10.078429,-3.799438
-0.116943,-0.986328,-0.047607,-14.587401,-12.069701,-6.29425
-0.080811,-0.999268,-0.032227,-16.090393,-10.101317,-7.766723
-0.051758,-0.984863,-0.049805,-18.348694,-6.767272,-8.621216
-0.071777,-0.994385,-0.052002,-20.454405,-3.219604,-9.620667
-0.067871,-0.985352,-0.077148,-21.812437,-0.785828,-10.620116
-0.06543,-1.006104,-0.096191,-21.560667,-2.27356,-11.222838
-0.057373,-1.009033,-0.102539,-20.690916,-1.495361,-10.742187
-0.020508,-1.008545,-0.109863,-20.294188,2.685547,-9.857178
-0.027344,-1.007813,-0.092041,-20.51544,3.768921,-8.94165
-0.039795,-0.987793,-0.077148,-21.835325,3.257751,-8.850098
-0.040039,-1.006104,-0.076416,-24.459837,3.555298,-9.780884
-0.053467,-0.997559,-0.089844,-26.466368,3.379822,-9.986877
-0.021973,-0.970703,-0.109375,-27.046202,3.555298,-10.124206
0.0,-0.979492,-0.129639,-27.267454,4.127502,-9.819031
-0.016602,-0.995605,-0.134277,-27.496336,2.548218,-9.811401
-0.049805,-1.008789,-0.124268,-28.312681,1.335144,-10.734557
-0.039307,-1.028809,-0.116699,-29.907225,0.518799,-12.46643
-0.069336,-0.999023,-0.098877,-32.546997,-0.946045,-14.61029
-0.057861,-0.984619,-0.099609,-35.705566,1.831055,-16.693115
-0.044434,-0.970215,-0.110596,-38.780212,5.363464,-17.723083
0.010254,-0.980957,-0.173584,-39.955139,8.491516,-17.097473
0.015137,-0.998779,-0.17627,-40.580746,8.300781,-17.547607
-0.024414,-0.985596,-0.179199,-41.03088,8.995056,-17.929077
0.012207,-1.005859,-0.19751,-41.419979,8.583069,-19.378662
0.004883,-1.013428,-0.177734,-42.938229,3.974914,-21.827696
-0.020264,-1.01001,-0.131836,-46.600338,1.045227,-24.79553
-0.084717,-0.932617,-0.105713,-51.536556,4.364014,-26.68762
0.015137,-0.924805,-0.228027,-53.611752,11.07788,-27.45056
0.03833,-0.983398,-0.205322,-55.068966,7.919311,-30.494688
-0.029785,-0.965576,-0.238281,-55.763241,5.752563,-31.387327
0.081543,-1.023682,-0.264404,-56.076046,4.989624,-34.690857
0.060303,-0.984863,-0.229492,-58.982845,1.63269,-37.979126
0.009033,-0.952148,-0.201416,-63.873287,3.608703,-42.320248
-0.116943,-0.884033,-0.12793,-68.756104,8.552551,-45.997616
-0.012695,-0.881836,-0.341797,-68.885803,17.829895,-46.157833
0.136963,-0.95166,-0.31665,-64.788818,11.421203,-52.520748
-0.064697,-0.844971,-0.336426,-60.317989,3.883362,-56.549068
0.090088,-0.980469,-0.477783,-52.673336,5.989074,-62.644955
0.117188,-0.97168,-0.383057,-45.799252,-7.156372,-70.808411
-0.041992,-0.866455,-0.349121,-42.366024,-14.541625,-75.721741
0.182129,-0.979492,-0.383545,-39.352417,-10.726928,-81.260674
0.128662,-0.861816,-0.298828,-40.06958,-13.252257,-86.677544
0.062744,-0.866455,-0.260498,-43.441769,-8.476257,-88.508598
-0.006592,-0.830566,-0.180908,-46.340939,3.692627,-88.821404
0.147705,-0.834473,-0.419678,-44.403072,14.198302,-85.71624
0.331055,-0.913818,-0.469482,-34.667969,3.799438,-85.105888
0.253174,-0.767334,-0.490234,-26.977537,-7.339477,-81.93206
0.272217,-0.888428,-0.562256,-17.295837,-8.934021,-79.917908
0.287109,-0.9646,-0.550049,-6.736755,-20.03479,-80.375664
0.261719,-0.842529,-0.393555,-0.717163,-27.732847,-84.022514
0.212402,-0.789795,-0.209717,-1.571655,-25.238035,-83.32061
0.422119,-0.888184,-0.373291,-3.631592,-14.320373,-74.890137
0.379639,-0.739746,-0.291992,-4.608154,-8.56781,-69.114685
0.226807,-0.735352,-0.323242,-9.170532,0.595093,-60.966488
0.270752,-0.969238,-0.385254,-7.057189,2.6474,-56.480404
0.333984,-0.878906,-0.541992,-0.267029,-7.30133,-54.176327
0.367676,-0.828857,-0.511719,11.154174,-14.86206,-52.795406
0.294189,-0.79541,-0.574707,21.041868,-14.808654,-51.734921
0.347168,-0.907715,-0.537842,33.180237,-11.856078,-52.108761
0.38208,-0.805908,-0.440186,39.924622,-14.572143,-52.207943
0.461426,-0.859375,-0.34668,41.870113,-14.968871,-47.103878
0.308105,-0.771973,-0.217041,35.346985,-2.616882,-40.847775
0.383057,-0.938477,-0.371094,28.602598,14.190673,-31.623838
0.316895,-0.825195,-0.299805,26.496885,11.718749,-28.968809
0.300293,-0.856201,-0.386475,26.832579,7.713317,-26.535032
0.348877,-0.880371,-0.449951,33.966064,-2.723694,-27.366636
0.354492,-0.866943,-0.419922,40.740963,-9.757996,-27.381895
0.383789,-0.797607,-0.336182,43.365475,-9.246826,-26.153563
0.398682,-0.835938,-0.313721,41.435238,-7.240295,-24.009703
0.426025,-0.878174,-0.287598,39.093018,-3.952026,-22.445677
0.382568,-0.792236,-0.23291,33.935547,0.595093,-20.950315
0.448975,-0.862549,-0.361084,30.540464,3.181457,-18.013
0.402588,-0.80249,-0.274658,31.288145,-2.861023,-17.181396
0.388916,-0.831787,-0.286133,29.670713,-4.394531,-13.427733
0.370361,-0.915283,-0.332275,30.746458,-7.507324,-10.56671
0.342773,-0.872314,-0.27417,30.494688,-7.270813,-9.361267
0.359619,-0.875977,-0.285645,29.136656,-3.372192,-8.659363
0.436279,-0.847656,-0.324463,29.937742,-6.576538,-9.643555
0.455566,-0.827881,-0.317139,29.96826,-9.681702,-11.32965
0.427002,-0.845459,-0.314209,27.549742,-6.515502,-12.489318
0.39624,-0.844727,-0.204834,22.78137,-1.976013,-13.450622
0.378906,-0.84668,-0.080322,14.328002,2.555847,-11.573791
0.435547,-0.902344,-0.218994,9.140015,4.081726,-5.882263
0.372314,-0.82373,-0.221191,6.576538,1.029968,-1.930237
0.400391,-0.871338,-0.289063,4.936218,4.127502,0.404358
0.41748,-0.862549,-0.301758,6.92749,-1.800537,0.015259
0.398193,-0.841064,-0.247559,7.583618,-9.300232,0.244141
0.410889,-0.866211,-0.234619,6.500244,-10.505675,1.89209
0.419189,-0.818359,-0.251709,4.364014,-7.705688,2.632141
0.353027,-0.885986,-0.216797,0.968933,-6.362915,3.669739
0.358398,-0.894043,-0.273682,-1.274109,-5.332946,3.837585
0.413086,-0.881348,-0.344238,0.694275,-9.849548,3.677368
0.361572,-0.875488,-0.310059,3.959656,-14.038085,4.402161
0.379883,-0.821533,-0.254395,5.561828,-8.331299,3.860473
0.423584,-0.865967,-0.243164,4.844666,-4.78363,3.700256
0.381348,-0.864502,-0.22998,3.204345,-5.256652,3.845215
0.347168,-0.883789,-0.260742,0.991821,-3.15094,5.645751
0.435303,-0.860596,-0.313965,1.831055,-1.792908,6.820678
0.443848,-0.824951,-0.289063,3.250122,-5.081176,8.422852
0.363037,-0.872803,-0.260498,2.525329,-6.248474,10.841369
0.387451,-0.899414,-0.264404,1.708984,-5.172729,12.359618
0.408691,-0.857666,-0.235352,0.785828,-8.979797,14.190673
0.410889,-0.837891,-0.294678,-0.083923,-11.627196,16.571045
0.361328,-0.87085,-0.310059,0.411987,-14.198302,17.585754
0.357178,-0.864746,-0.258057,0.389099,-15.220641,16.563416
0.372314,-0.865967,-0.264648,-0.083923,-19.287109,14.030456
0.325195,-0.887939,-0.219482,-0.999451,-24.055479,12.596129
0.348145,-0.864746,-0.248291,-3.40271,-19.638062,13.038634
0.376465,-0.87085,-0.284668,-4.493713,-16.616821,14.175414
0.363281,-0.852539,-0.290771,-4.592896,-16.654968,14.839171
0.321289,-0.845703,-0.296143,-3.410339,-15.350341,13.47351
0.263184,-0.872314,-0.307129,-1.060486,-15.983581,10.353087
0.259033,-0.915771,-0.303711,2.479553,-19.058228,5.714416
0.340576,-0.886475,-0.286377,5.744934,-21.77429,1.464844
0.35083,-0.853271,-0.241455,5.882263,-21.102903,-0.045776
0.327393,-0.888672,-0.247559,3.242492,-15.190124,3.677368
0.380859,-0.871826,-0.25415,0.991821,-7.583618,8.499146
0.379883,-0.871582,-0.300781,-0.679016,-4.959106,13.198852
0.351074,-0.883301,-0.304932,-0.823975,-7.011413,16.159058
0.321045,-0.874756,-0.272217,-0.961304,-8.728027,17.456055
0.356689,-0.890381,-0.248291,-1.396179,-9.57489,19.569397
0.355469,-0.868896,-0.249512,-3.433227,-9.605408,23.193357
0.366211,-0.888916,-0.259277,-6.317138,-4.051208,29.174803
0.339111,-0.855469,-0.291016,-9.048462,3.349304,34.492493
0.329102,-0.897217,-0.321777,-9.262085,6.42395,38.024902
0.294922,-0.89502,-0.320068,-8.300781,3.036499,39.276123
0.277588,-0.885986,-0.289795,-7.385253,0.244141,39.764404
0.331543,-0.888916,-0.328369,-5.813598,0.350952,41.114803
0.292236,-0.867432,-0.333984,-3.730774,0.411987,42.427059
0.258057,-0.889893,-0.326416,-1.686096,3.913879,43.960567
0.292236,-0.886719,-0.334717,1.13678,5.615234,44.258114
0.272461,-0.881348,-0.341309,5.027771,1.76239,43.342587
0.252197,-0.910645,-0.346191,8.94165,-0.991821,43.457027
0.230957,-0.894531,-0.329346,12.039184,-0.389099,43.67828
0.259277,-0.904053,-0.328857,15.289306,1.571655,44.822689
0.280029,-0.890869,-0.362793,20.103453,0.770569,46.470638
0.223389,-0.883057,-0.361816,26.107786,-1.556396,47.142025
0.214844,-0.893799,-0.326416,31.768797,-1.663208,46.653744
0.203125,-0.949463,-0.243164,35.697937,-4.03595,48.294064
0.198486,-0.945801,-0.240479,36.994934,-1.098633,54.611202
0.193848,-0.881592,-0.281738,36.392212,11.512755,59.55505
0.139893,-0.923096,-0.310059,37.30011,20.713804,60.462948
0.14502,-0.93457,-0.302246,42.236324,18.455505,58.586117
0.244873,-0.948975,-0.341553,52.093502,10.06317,58.776852
0.19458,-0.909912,-0.337402,61.477657,4.081726,63.072201
0.149902,-0.906494,-0.276367,66.070557,14.938354,67.359924
0.157471,-0.946777,-0.222412,68.92395,25.222776,72.090149
0.108643,-0.952637,-0.188477,72.639465,23.750303,74.371338
0.156982,-0.95459,-0.221436,75.721741,21.690367,76.637268
0.145996,-0.971436,-0.217041,78.544617,21.865843,78.521729
0.063721,-0.968994,-0.195557,80.963127,25.352476,83.007805
0.12207,-1.010742,-0.233643,84.846489,32.218933,88.951103
0.05249,-1.008789,-0.153076,87.043755,31.669615,92.208855
-0.04126,-0.970703,-0.050049,86.242668,33.164978,93.994133
-0.002197,-1.048096,-0.083496,83.625786,41.336056,91.941826
0.119141,-1.035156,-0.001953,74.783325,38.208008,98.144524
0.124756,-1.031738,-0.040283,68.954468,35.095215,102.256767
0.052979,-1.016113,-0.016846,59.989925,50.498959,101.676933
-0.131348,-0.967285,0.137939,45.112606,73.738098,93.048088
-0.337646,-0.970459,0.189941,28.594969,88.218681,75.805664
-0.499268,-0.937256,0.20166,12.7182,83.885185,51.155087
-0.710693,-0.779297,0.183105,3.509521,79.521179,17.799377
-0.248779,-1.071533,-0.284912,0.62561,75.088501,-14.22882
0.099854,-0.937256,0.20166,-11.062621,4.562378,-8.468628
-0.203369,-1.024414,0.036377,-9.628296,-19.973755,-19.866943
0.123291,-0.976074,-0.016357,-16.75415,11.817931,-17.478943
0.135986,-0.973389,-0.124268,-16.975403,19.439697,-12.786864
0.002441,-1.00708,-0.130859,-13.710021,17.471313,-10.055541
-0.10791,-1.073486,-0.111328,-10.040282,11.619567,-8.094788
-0.024658,-1.056396,-0.09082,-7.591247,9.895325,-5.027771
0.071045,-0.994385,-0.040039,-7.667541,9.078979,-2.426147
-0.000732,-0.956787,-0.003174,-10.108947,7.041931,-1.533508
-0.091797,-0.964355,0.009277,-14.427184,11.032104,-3.463745
-0.143799,-1.0271,-0.025879,-18.600464,12.519835,-6.431579
-0.182861,-1.012695,-0.089844,-17.967224,10.06317,-8.911133
-0.095459,-1.006836,-0.094971,-15.968322,13.061522,-10.45227
0.027832,-0.971436,-0.128174,-13.732909,17.753601,-10.162353
0.028809,-0.952148,-0.102783,-11.253356,13.702392,-11.779784
-0.037354,-0.97998,-0.057129,-11.100768,3.280639,-14.572143
-0.102295,-1.02124,-0.065186,-12.222289,-8.407593,-16.929626
-0.071777,-1.028076,-0.102051,-10.757445,-17.555237,-17.64679
-0.015137,-1.011963,-0.102295,-9.971619,-15.144347,-16.815186
0.044189,-1.033447,-0.090576,-11.993407,-2.39563,-15.075683
0.070557,-1.029297,-0.067383,-15.380858,5.737304,-13.061522
0.009766,-0.956055,-0.007568,-20.660398,5.325317,-13.435363
-0.167236,-0.907959,0.044922,-28.20587,2.151489,-18.768311
-0.143555,-0.988281,-0.126465,-29.502867,-3.14331,-23.078917
-0.021484,-1.002197,-0.204834,-22.834776,-18.539429,-26.679991
-0.01416,-1.000732,-0.184814,-17.631531,-23.79608,-28.907774
0.089844,-1.047119,-0.146729,-18.287659,-16.113281,-30.006407
0.074219,-1.071777,-0.095459,-22.705076,-16.555786,-30.754087
0.015381,-1.04248,-0.024902,-32.096863,-17.173767,-33.332825
-0.021729,-0.966309,0.0271,-43.708797,-15.197753,-39.154053
-0.1521,-0.843262,-0.005127,-50.430294,-15.342711,-44.136044
-0.021973,-0.907959,-0.25293,-44.792171,-16.700745,-45.333858
0.099854,-1.035889,-0.295654,-36.079407,-28.778074,-48.171993
-0.047363,-1.010254,-0.209473,-29.563902,-34.111023,-49.957272
0.05127,-1.054443,-0.200684,-27.900694,-24.192808,-53.497311
0.141357,-1.091797,-0.159424,-33.081055,-27.328489,-59.753414
0.107666,-1.016846,-0.115479,-43.594357,-33.38623,-68.275452
0.005615,-0.887207,0.022461,-54.939266,-34.599304,-80.024719
-0.09668,-0.714844,-0.0625,-59.05151,-29.71649,-81.726067
0.220947,-1.07959,-0.353271,-51.445004,-28.823851,-74.119568
0.080811,-0.981201,-0.251465,-44.296261,-36.148071,-69.038391
0.024658,-0.897217,-0.28418,-41.435238,-15.632628,-65.139771
0.250244,-1.051758,-0.320557,-40.679928,-5.340576,-69.335938
0.321289,-0.975586,-0.296631,-41.488644,-18.600464,-75.820923
0.35083,-0.889893,-0.279541,-45.81451,-25.527952,-86.425774
0.102539,-0.840332,-0.106934,-52.078243,-26.466368,-93.65081
-0.175293,-0.900146,-0.041504,-56.983944,-14.015197,-86.547844
-0.068359,-1.012939,-0.182373,-56.396481,4.844666,-75.668335
0.096436,-0.824463,-0.250977,-50.155636,14.587401,-70.610046
0.296631,-0.869629,-0.391602,-40.840145,15.830993,-66.604614
0.426758,-0.906738,-0.505371,-32.318115,4.173279,-62.858578
0.443115,-0.871338,-0.524414,-25.733946,-3.120422,-58.898922
0.380127,-0.958496,-0.438721,-19.454956,-7.087707,-55.175777
0.205322,-0.894531,-0.214844,-19.508362,-9.658813,-53.550716
0.282471,-0.876465,-0.281006,-22.727964,-0.274658,-53.565975
0.333496,-0.876465,-0.212158,-22.819517,-3.295898,-53.825375
0.200928,-0.876953,-0.236572,-25.764463,-10.2005,-46.501156
0.216553,-0.880859,-0.279297,-25.016783,-4.081726,-40.40527
0.294922,-0.867188,-0.285156,-24.055479,2.761841,-38.566589
0.479736,-0.812012,-0.330322,-23.880003,3.356933,-36.239624
0.505859,-0.901855,-0.477539,-20.774839,-4.089355,-30.6015
0.360596,-0.837891,-0.458496,-19.233704,-1.266479,-25.901793
0.324219,-0.835205,-0.32373,-21.232603,14.595031,-24.078367
0.290039,-0.877686,-0.312256,-21.209715,16.151428,-24.887083
0.276855,-0.909912,-0.407715,-16.174316,2.738952,-26.542662
0.193359,-0.791504,-0.357666,-10.543822,-5.233764,-31.387327
0.279297,-0.879395,-0.403809,-3.974914,-3.387451,-35.667419
0.371338,-0.841553,-0.33374,2.998352,-6.225585,-37.406921
0.486328,-0.839355,-0.388672,6.980896,-4.501343,-31.936644
0.416016,-0.790527,-0.426514,10.437011,3.044128,-26.397703
0.376221,-0.845947,-0.466309,14.869689,11.032104,-22.598265
0.364746,-0.82959,-0.448242,21.736143,6.652832,-24.566648
0.287354,-0.861816,-0.43042,27.984617,-4.592896,-30.250547
0.327881,-0.866211,-0.336426,33.477783,-7.507324,-35.751343
0.413086,-0.836426,-0.308594,37.528992,-2.89917,-35.743713
0.432373,-0.846924,-0.307861,40.504452,4.013062,-30.044554
0.452393,-0.813965,-0.259277,39.360046,13.435363,-21.789549
0.457764,-0.861572,-0.351074,36.476135,15.419005,-14.961242
0.419678,-0.840576,-0.323486,35.804749,8.758545,-15.945434
0.397705,-0.828613,-0.295898,34.408569,3.65448,-20.004272
0.42627,-0.884033,-0.358887,35.682678,-1.747131,-24.154661
0.378174,-0.855469,-0.313477,35.980225,-2.090454,-26.580809
0.406982,-0.855713,-0.189453,31.524656,1.098633,-25.100706
0.452637,-0.828369,-0.101563,24.215696,1.251221,-22.003172
0.338867,-0.844238,-0.016357,13.71765,2.075195,-15.396117
0.338867,-0.900635,-0.162354,4.241943,8.331299,-6.011962
0.456543,-0.867676,-0.312012,3.02124,7.156372,-3.227234
0.308105,-0.865967,-0.289307,2.655029,-4.112244,-3.067016
0.351807,-0.909912,-0.312012,4.638672,-10.025024,-5.065917
0.466553,-0.77002,-0.264893,6.92749,-14.587401,-9.292603
0.45874,-0.862549,-0.277344,7.469177,-17.845154,-7.881164
0.374268,-0.856201,-0.233398,6.507873,-13.59558,-5.493164
0.361328,-0.863281,-0.188232,2.479553,-2.006531,-2.212524
0.451172,-0.919434,-0.280029,2.120972,-0.610352,-0.030518
0.420654,-0.795898,-0.271484,2.6474,-5.752563,-0.564575
0.463623,-0.771729,-0.300537,2.685547,-6.698608,-2.655029
0.408691,-0.849854,-0.269531,5.050659,-13.450622,-3.90625
0.408691,-0.807861,-0.212891,6.210327,-13.633727,-4.66156
0.375488,-0.848877,-0.233887,5.058288,-9.040833,-3.662109
0.448242,-0.844971,-0.263672,4.66156,-3.204345,-2.960205
0.40918,-0.833496,-0.280273,4.249573,-2.464294,-3.410339
0.326904,-0.872314,-0.292969,5.737304,-5.867004,-6.759643
0.358643,-0.867432,-0.320557,10.368346,-10.215758,-14.22119
0.410889,-0.842041,-0.280762,15.586852,-17.425537,-20.614622
0.44751,-0.876465,-0.261963,17.440796,-18.714905,-19.27948
0.515869,-0.835205,-0.201416,14.366149,-11.367797,-11.840819
0.48877,-0.840576,-0.19873,6.744384,-0.457764,-2.204895
0.493408,-0.852051,-0.244873,1.228333,2.876281,3.929138
0.442871,-0.844971,-0.317627,0.579834,-4.257202,4.615784
0.360596,-0.858398,-0.388428,6.004333,-17.181396,1.228333
0.376221,-0.866211,-0.366455,15.136718,-28.259275,-3.913879
0.38623,-0.86084,-0.268799,22.186277,-32.791138,-5.813598
0.494629,-0.863037,-0.19458,23.376463,-31.234739,1.434326
0.538086,-0.771484,-0.201172,19.668579,-18.089294,11.360168
0.346436,-0.80835,-0.288818,15.129088,0.053406,17.410278
0.330811,-0.929688,-0.336182,18.104553,1.00708,15.281676
0.352295,-0.867188,-0.36792,27.359007,-21.224974,6.04248
0.374023,-0.837158,-0.309326,37.200928,-43.403622,-1.76239
0.444824,-0.837402,-0.265137,43.128963,-45.654293,-3.158569
0.398926,-0.842285,-0.246582,44.80743,-34.660339,1.579285
0.410889,-0.850098,-0.196533,42.892452,-20.51544,6.16455
0.407471,-0.840088,-0.144775,38.284302,-15.624999,5.615234
0.356445,-0.900879,-0.162842,33.64563,-20.462034,4.684448
0.409424,-0.91748,-0.168213,30.944822,-25.138853,6.622314
0.525146,-0.841064,-0.136719,26.68762,-24.978636,13.458251
0.504395,-0.808105,-0.154785,19.126892,-17.082214,23.193357
0.391357,-0.845215,-0.190674,11.352538,-4.692078,31.639097
0.395508,-0.901855,-0.220459,8.102417,-0.549316,34.240723
0.362793,-0.901855,-0.20874,7.995605,-10.330199,33.096313
0.343018,-0.881104,-0.197754,8.300781,-17.807007,31.623838
0.396973,-0.887939,-0.202393,7.789611,-16.815186,33.798218
0.386963,-0.878418,-0.192627,5.363464,-11.497497,38.391113
0.363281,-0.875,-0.20166,1.426697,-2.731323,42.358395
0.348145,-0.905762,-0.173096,-1.716614,1.449585,45.448299
0.350342,-0.88916,-0.218506,-3.166198,1.487732,47.546383
0.355713,-0.896484,-0.278076,-1.419067,0.312805,48.828121
0.328857,-0.873047,-0.294922,1.968384,-1.167297,47.874447
0.327637,-0.922363,-0.242432,5.477905,-2.944946,47.798153
0.313965,-0.943604,-0.190674,6.179809,-5.462646,50.041195
0.306396,-0.881592,-0.171143,2.777099,-2.6474,53.283688
0.282227,-0.907959,-0.202393,-0.442505,3.417969,57.357784
0.305664,-0.936768,-0.226563,-1.770019,7.026672,61.149593
0.282715,-0.904785,-0.250977,-1.426697,4.806519,62.110897
0.24292,-0.927734,-0.264404,1.556396,0.007629,62.812801
0.282715,-0.94873,-0.233398,5.386352,-5.53894,64.292908
0.292725,-0.920898,-0.220459,7.461547,-9.941101,68.733215
0.256104,-0.890625,-0.220947,8.117676,-4.707336,73.043823
0.238525,-0.89502,-0.255371,9.223938,4.547119,75.584412
0.213623,-0.944092,-0.319824,14.98413,5.393981,76.316833
0.178711,-0.943848,-0.356201,24.978636,-2.914428,75.408936
0.165527,-0.931152,-0.337402,35.675049,-10.620116,72.853088
0.087402,-0.951416,-0.253174,44.235226,-13.160705,70.907593
0.031006,-0.988525,-0.172852,48.530575,-6.828308,72.555542
0.11792,-0.962158,-0.13916,48.072811,8.140564,75.737
0.201416,-0.853516,-0.236084,48.576351,20.591734,78.50647
0.112793,-0.967285,-0.259033,54.229733,23.468016,79.872131
0.000977,-0.983398,-0.202148,58.807369,24.42169,81.756584
0.029053,-1.042725,-0.16748,62.622066,30.746458,83.686821
-0.044189,-1.020996,-0.071289,62.927242,36.560059,86.326591
-0.046875,-0.996338,-0.067871,59.486385,50.148006,88.935844
-0.122314,-1.009033,-0.027832,53.100582,59.150692,82.305901
-0.180176,-1.002686,0.021973,45.402523,61.088558,70.93811
-0.030273,-1.004395,-0.013916,37.864685,55.183407,56.449886
-0.101318,-0.93457,0.001709,34.034729,41.969296,44.898983
-0.110352,-0.948242,-0.049072,34.14917,50.193783,40.496822
-0.003662,-0.95874,-0.124023,33.813477,77.308655,34.835815
0.017578,-0.978271,-0.125,35.072327,93.589775,27.137754
-0.019775,-1.035645,-0.039063,36.659241,85.083,20.172117
-0.136963,-1.016113,0.015625,35.682678,69.259644,15.792846
-0.0979,-1.02124,0.051514,33.218384,66.612244,12.756347
0.064697,-1.010986,-0.036621,30.143736,72.105408,13.511657
0.159668,-0.978027,-0.081299,26.878355,75.6073,12.992858
0.104248,-0.98999,0.019287,19.744873,70.343018,10.009766
-0.05957,-0.998535,0.095947,10.307311,58.113094,7.469177
-0.085938,-1.013428,0.001465,3.547668,43.746944,3.387451
0.021973,-1.078613,-0.064209,1.106262,21.675108,-1.785278
0.045654,-1.037598,0.015137,-1.197815,6.309509,-3.364563
-0.003662,-0.983398,0.054688,-7.766723,11.642455,-1.312256
-0.004639,-0.986572,0.052246,-13.748168,22.079466,0.045776
-0.010742,-0.973145,0.005859,-18.257141,28.694151,2.784729
-0.001465,-0.950195,-0.10376,-16.952515,32.577515,4.516602
0.031006,-1.011475,-0.093018,-13.168334,26.161192,3.868103
-0.041016,-1.02832,-0.052002,-10.986327,16.372681,3.379822
-0.056152,-1.026611,-0.040771,-10.742187,10.032654,2.456665
-0.070801,-1.006592,-0.00415,-11.383056,7.331848,1.449585
0.009033,-1.0,-0.025879,-14.198302,13.122558,2.853393
0.031738,-1.006836,-0.032715,-17.272949,16.00647,4.844666
0.043213,-0.99707,-0.034668,-19.40918,15.167235,6.286621
0.002441,-0.975342,-0.00415,-22.689817,11.932372,5.638122
