t,ax,ay,az,gx,gy,gz,acc_mag
1.0,-0.914551,-0.002197,0.52124,9.849548,39.009094,11.665343,1.0526630496079932
1.01,-0.80542,-0.134033,0.303711,14.533996,23.048399,-0.862122,0.8711524510727156
1.02,-0.92627,-0.150879,0.347168,16.120911,33.615112,-24.459837,1.0006329025996497
1.03,-0.963867,0.01123,0.506836,16.578674,30.006407,-23.300169,1.0890585096701646
1.04,-0.902832,0.031494,0.400635,-7.377624,6.652832,1.724243,0.9882337251303459
1.05,-0.974854,-0.102539,0.384277,-38.642883,10.124206,14.793395,1.0528643695015991
1.06,-0.972168,-0.193359,0.375488,-52.513119,9.83429,30.334471,1.0599479049693905
1.07,-0.817383,-0.21875,0.299561,-70.472717,8.651733,39.077759,0.8976097837646378
1.08,-0.710205,-0.073975,0.368408,-65.65094,2.662658,12.481688,0.8034848456032012
1.09,-0.923828,0.02417,0.461914,-40.565487,-15.808105,-3.730774,1.0331538636040616
1.1,-1.108154,0.01709,0.611328,-38.864136,-10.69641,-1.060486,1.2657090026542437
1.11,-1.067383,0.043701,0.612305,-36.29303,-1.319885,-0.892639,1.2313137939270395
1.12,-1.061035,0.105713,0.544678,-19.622803,-17.356873,29.46472,1.197349002287136
1.13,-1.051025,0.125488,0.42627,8.071899,-46.485897,79.620361,1.141098988549635
1.14,-0.843506,-0.303223,0.255371,22.460936,-63.018795,103.050224,0.9320197999001952
1.15,-1.001465,-0.838867,0.348633,14.915465,-60.905453,135.5896,1.3521002028707043
1.16,-0.914063,-0.337158,0.525146,-45.394894,-49.766537,160.392761,1.1067813723807427
1.17,-0.740723,-0.22998,0.568604,-156.059265,-57.876583,128.700256,0.9617025901727623
1.18,-0.438477,-0.192383,0.788086,-249.992355,-153.938293,49.293514,0.922145781107304
1.19,-0.679932,-0.434326,0.430908,-249.992355,-249.992355,105.445854,0.9146738781467414
1.2,-1.486328,-0.14624,0.42627,-241.462692,-240.058884,249.992355,1.553146217870037
1.21,-0.785645,0.339844,0.394531,-133.041382,-119.087212,194.480881,0.9425426888592369
1.22,-0.777344,0.57373,0.749268,-81.123344,-70.953369,87.234489,1.22263336412025
1.23,-0.918701,0.480469,0.791504,-98.800652,-72.250366,13.679503,1.3043544646214846
1.24,-0.910889,0.354736,0.910645,-118.049614,-58.883663,-27.015684,1.3359755671575733
1.25,-0.844482,0.235107,0.989502,-88.60778,-78.620911,-6.591796,1.3219452930348516
1.26,-0.836182,0.05957,0.888184,-26.977537,-106.842033,24.307249,1.2213188526670666
1.27,-0.726563,-0.179932,0.623779,-36.102295,-85.609428,13.290404,0.9743559711080955
1.28,-0.730469,0.084229,0.678467,-115.486137,-26.275633,-25.009153,1.0004983530676101
1.29,-0.810303,0.266357,0.741211,-202.819809,32.897949,-57.701107,1.1300136060149895
1.3,-0.525635,0.276611,0.654541,-231.15538,74.768066,-45.82214,0.8838720038710356
1.31,-0.838867,-0.26123,0.352051,-246.475204,71.075439,-4.348755,0.9465087760765877
1.32,-0.729004,-0.147217,0.453369,-249.992355,149.406433,6.477355,0.8710127021266683
1.33,-0.780273,-0.129395,0.727539,-249.847397,189.170822,6.958007,1.0746543709839922
1.34,-0.781494,-0.412354,0.57251,-239.128098,146.469116,-20.1416,1.0528705492376544
1.35,-1.016113,-0.848145,0.31543,-165.954575,101.898186,-12.96234,1.3606364888147018
1.36,-0.953125,-0.911865,0.439941,-44.609066,38.391113,22.262571,1.390501034638594
1.37,-0.904053,-0.536865,0.572266,71.624756,-17.662048,23.521421,1.1970899004627849
1.38,-0.859619,-0.348877,0.533203,115.19622,-12.786864,28.305052,1.0700305722263266
1.39,-0.814697,-0.276611,0.524658,101.440422,-14.816283,56.15234,1.0077255896790556
1.4,-0.864258,-0.144775,0.542236,83.427422,-32.516479,76.141357,1.0304957888730066
1.41,-0.815674,0.290039,0.786621,61.546322,-25.413511,92.071526,1.169709063587181
1.42,-0.784424,-0.106689,0.347168,37.628174,13.290404,131.04248,0.8644241867977781
1.43,-1.230713,-0.427246,0.550049,-6.820678,80.970757,99.060051,1.41412429980041
1.44,-1.168457,-0.08252,0.486816,-39.611816,150.489807,15.182494,1.2684995581808456
1.45,-1.003418,-0.058594,0.27832,-45.501705,214.90477,-18.585205,1.0429491655684853
1.46,-1.015381,0.024658,0.114502,-50.071712,249.992355,0.480652,1.0221141326334355
1.47,-0.939941,-0.036133,0.040527,-47.485348,249.992355,51.040646,0.941507894230845
1.48,-1.043457,-0.261963,0.232178,-54.359432,249.30571,72.967529,1.10060608207569
1.49,-1.118408,-0.077393,0.244385,-64.781189,249.992355,62.736507,1.1474101965461174
1.5,-1.049805,-0.145752,0.362061,-110.557549,249.992355,65.162659,1.1200099781921589
1.51,-0.783447,-0.334473,0.497314,-164.115891,221.672043,21.766661,0.986398805825514
1.52,-0.998047,-0.317871,0.325195,-192.390427,62.858578,-34.721375,1.0967641382152318
1.53,-1.256592,-0.198486,0.051758,-194.335922,-43.029781,-34.790039,1.273223875531715
1.54,-1.157715,-0.060059,0.134521,-155.395508,-26.405333,20.111082,1.1670505576653483
1.55,-0.906738,-0.133545,0.493408,-81.100456,-22.872923,52.74963,1.0408936171064747
1.56,-1.116455,-0.325684,0.40625,-11.573791,-130.706787,26.68762,1.2319013342719456
1.57,-1.245605,-0.591064,0.282471,19.172668,-224.35759,-14.900207,1.4073657427840143
1.58,-1.04126,-0.155762,-0.114014,2.433777,-240.684494,-65.193176,1.0590011239087522
1.59,-1.063477,-0.092041,0.019043,-22.140501,-117.263786,-15.975951,1.067622363506404
1.6,-0.968262,-0.23877,0.298584,-52.688595,-59.104916,15.525817,1.041006637154634
1.61,-0.880859,-0.267334,0.194092,-36.888123,-104.972832,17.936707,0.9407718904713299
1.62,-0.879883,-0.127441,0.208008,-0.549316,-127.04467,27.709959,0.9130731790135991
1.63,-0.950195,0.035889,0.182861,21.965025,-103.378288,40.321346,0.9682957728230563
1.64,-1.058105,0.068115,0.323242,17.25769,-52.047726,39.108276,1.1084724781490969
1.65,-0.927979,-0.067139,0.277344,-6.332397,-27.229307,30.555723,0.9708616606386309
1.66,-0.939941,-0.181885,0.313721,-2.983093,-8.964539,13.648986,1.007468164532756
1.67,-1.012695,-0.150879,0.40625,9.95636,-23.506163,-6.568908,1.10152380735325
1.68,-0.80249,-0.178467,0.372803,22.613523,-76.751709,-8.796692,0.9026753275668944
1.69,-0.966797,-0.280029,0.335693,36.811829,-116.630547,-20.51544,1.0610383924717335
1.7,-0.925781,-0.172852,0.305176,60.157772,-106.0028,-14.701842,0.9899902347200198
1.71,-0.884033,-0.098389,0.316406,66.368103,-83.69445,14.396667,0.9440908310358702
1.72,-0.952393,-0.254883,0.513916,31.867979,-59.356686,21.659849,1.1118126754062485
1.73,-1.089844,-0.312256,0.5896,-25.100706,-71.456909,16.075134,1.2778465924640563
1.74,-1.102295,-0.431641,0.418701,-45.791622,-90.370171,15.579223,1.2556586906110274
1.75,-1.20459,-0.282715,0.296387,-76.057434,-89.790337,34.729004,1.2723246806904283
1.76,-1.140381,-0.018799,0.478271,-98.991386,-56.709286,56.945797,1.2367559892731468
1.77,-0.904297,-0.098633,0.681641,-57.350155,15.632628,36.277771,1.1367127982823981
1.78,-0.923828,0.00293,0.955078,-41.603085,18.852234,-4.837036,1.3287741510760962
1.79,-0.96875,0.301025,0.775635,-79.772949,30.72357,-57.235714,1.2769895325921823
1.8,-1.020752,-0.269287,0.370361,-100.006096,53.138729,-85.288994,1.1187570800643007
1.81,-1.4104,-0.606445,0.030273,-66.566467,-7.843017,-98.831169,1.5355520676792436
1.82,-1.125488,-0.35376,-0.049805,19.348145,-110.267632,-138.221741,1.18082594558597
1.83,-0.729492,-0.090088,0.100342,50.209042,-76.438904,-130.325317,0.7418510246484802
1.84,-0.567383,-0.291016,0.228516,43.479916,16.136169,-56.53381,0.677372381486727
1.85,-1.127441,-0.050049,0.206787,15.823363,17.654419,-6.896972,1.1473399558330564
1.86,-1.080811,-0.032959,0.32666,-16.281128,29.380796,-10.040282,1.1295775621895117
1.87,-0.848389,-0.127686,0.277344,-25.474546,16.540527,22.384642,0.9016580861130232
1.88,-0.777588,-0.084961,0.153809,-15.86151,-1.869202,30.754087,0.7971942534577127
1.89,-0.694092,-0.182373,0.281006,15.953063,-29.640196,28.839109,0.7707061616653911
1.9,-0.774902,-0.256104,0.338623,38.383484,-94.459526,28.617857,0.8835880853367138
1.91,-0.951416,-0.251465,0.447021,33.660889,-85.807793,35.850525,1.0808583744977878
1.92,-0.999756,-0.233887,0.520508,-25.611876,-29.441832,54.626461,1.1511488897484112
1.93,-0.939941,-0.407471,0.642578,-12.092589,19.592285,76.263428,1.2093089701999238
1.94,-1.111328,-0.367188,0.730713,32.76825,-1.037598,85.762016,1.3797892735113577
1.95,-1.001465,-0.220947,0.580566,39.306641,-71.304321,100.883476,1.178476390679932
1.96,-0.740967,-0.00293,0.384033,76.728821,-74.440002,128.890991,0.8345789507757789
1.97,-0.989258,-0.060791,0.463379,122.291557,-60.607906,149.604797,1.0940964463364278
1.98,-1.212402,0.109131,0.554443,131.469727,-26.008604,143.280029,1.337622975660182
1.99,-1.098145,0.134521,0.535156,79.51355,-9.681702,120.223991,1.2289875039242668
2.0,-0.942139,0.002197,0.463135,35.766602,-42.709347,96.153252,1.0498212944853995
2.01,-0.916748,-0.021484,0.462891,19.775391,-30.4718,74.684143,1.027208126740146
2.02,-0.738281,-0.051758,0.433594,31.433104,5.676269,41.267391,0.8577537422599798
2.03,-0.862305,0.033936,0.486572,51.773067,39.543152,17.562866,0.9906936339277648
2.04,-0.970703,0.033691,0.604492,44.883724,66.078186,12.779235,1.1440323316034384
2.05,-0.734619,-0.074707,0.518066,20.431517,86.730949,12.313842,0.9020191746110501
2.06,-0.866699,-0.014648,0.541748,-27.053831,82.771294,-9.841919,1.02219010756757
2.07,-1.000732,0.030762,0.523193,-71.95282,78.788757,-29.96826,1.1296644420875608
2.08,-0.959717,0.007568,0.456787,-97.381584,53.581234,-52.093502,1.0629056204960061
2.09,-0.903809,-0.057373,0.460938,-93.704216,21.842955,-72.113037,1.0161821733596785
2.1,-0.90918,-0.120117,0.489502,-64.781189,5.020141,-70.602417,1.0395424830631022
2.11,-0.935791,-0.098633,0.4729,-21.789549,-3.837585,-58.891293,1.0531228201734117
2.12,-0.933594,-0.094971,0.422852,-6.004333,-14.160155,-41.053768,1.0292818183476282
2.13,-0.727295,-0.064453,0.243896,-22.552488,-27.32086,-21.865843,0.769803523666916
2.14,-0.73999,-0.083252,0.226563,-12.71057,-31.86035,-11.100768,0.7783616695168127
2.15,-0.817627,-0.065674,0.292969,5.599975,-23.834227,-13.793944,0.8710096557248949
2.16,-0.937256,-0.07666,0.406738,12.580871,-17.883301,-40.977474,1.0245786284029157
2.17,-0.851074,-0.144287,0.395264,14.450072,20.935057,-80.314629,0.9494099860128921
2.18,-0.813965,-0.08252,0.298096,18.165588,37.437439,-90.965263,0.8707524314298526
2.19,-0.946045,-0.002197,0.29541,9.971619,63.644405,-84.434502,0.9910968857452838
2.2,-1.109131,0.019287,0.395508,-10.398864,55.839535,-60.081478,1.1776969650950113
2.21,-1.140381,-0.071533,0.565918,-47.08099,-12.161254,-34.606934,1.2750878314743657
2.22,-1.104248,-0.158447,0.656982,-65.986633,-81.733696,-15.2359,1.294640662746617
2.23,-1.117432,-0.242188,0.716553,-55.053707,-116.615288,5.836486,1.3493544766950603
2.24,-1.027588,-0.204346,0.687256,-38.467407,-126.930229,14.801024,1.2530024720630044
2.25,-0.971924,-0.057129,0.563477,-3.715515,-139.022827,28.427122,1.124902801999355
2.26,-0.797119,-0.022705,0.436035,47.271725,-145.080566,58.883663,0.9088678333019604
2.27,-0.879639,-0.180664,0.584473,78.788757,-148.208618,79.50592,1.0714536569287538
2.28,-0.773193,-0.135254,0.451172,63.972469,-131.538391,76.49231,0.9053602782036553
2.29,-0.628418,-0.149414,0.342041,53.009029,-104.86602,73.097229,0.7309074987992668
2.3,-0.809326,-0.033691,0.539307,53.604122,-76.774597,64.414978,0.9731370396845451
2.31,-0.791992,0.001709,0.547607,70.1828,-48.477169,50.277706,0.9628746934020024
2.32,-0.790283,-0.126221,0.645508,83.999626,-19.40918,38.475037,1.0281826389285125
2.33,-0.977783,-0.206543,0.812744,57.861324,6.820678,26.489256,1.2881274841699482
2.34,-1.047119,-0.056641,0.584229,15.068053,29.090879,27.465818,1.2004123989208875
2.35,-0.879639,0.052002,0.262695,-0.259399,53.581234,49.057003,0.9194985814834081
2.36,-0.873535,-0.035889,0.424805,11.917113,85.083,65.643311,0.9720137368221706
2.37,-1.000732,-0.042969,0.687988,26.123045,92.407219,51.025387,1.2151700946488933
2.38,-1.016113,-0.07666,0.783691,31.921385,70.892334,27.938841,1.2855092251127567
2.39,-1.065918,-0.07666,0.74585,6.576538,33.8974,3.875732,1.303207643019331
2.4,-1.147949,-0.204346,0.782715,-44.898983,2.388,-11.299132,1.4043457428788682
2.41,-1.17334,-0.277832,0.580322,-97.976677,-35.095215,-22.880552,1.338167029749276
2.42,-1.175049,-0.328857,0.480957,-92.849724,-63.766476,-35.942078,1.311566511732821
2.43,-0.912109,-0.077881,0.457031,-86.891167,-63.621517,-48.141476,1.0231742828096297
2.44,-1.045898,-0.10376,0.665283,-67.222595,-35.301208,-62.309261,1.2438931763190118
2.45,-1.105713,0.143311,0.863037,-60.8139,-25.505064,-82.633965,1.4099546604267104
2.46,-0.830078,0.422852,0.620361,-77.438354,-36.308289,-85.166924,1.1192323576045324
2.47,-0.494385,0.469482,0.571045,-78.590393,-14.694213,-79.51355,0.8893381070065536
2.48,-0.594482,0.30835,0.818604,-97.961418,-8.758545,-84.861748,1.0576393901703927
2.49,-0.805664,0.220947,0.907959,-129.478455,-25.016783,-98.289482,1.2338158709410412
2.5,-0.865723,-0.031738,0.464844,-155.87616,-81.230156,-107.002251,0.9831396430360236
2.51,-0.662842,-0.439697,0.00708,-147.911072,-133.857727,-89.74456,0.7954515039730581
2.52,-0.727783,-0.372803,0.210693,-85.174553,-105.148308,-64.598083,0.844417972420649
2.53,-0.824463,-0.317139,0.463867,-23.460386,-62.942501,-40.557858,0.9977419392703707
2.54,-0.907959,-0.145752,0.599121,21.827696,-62.522884,-16.845703,1.0975332176412704
2.55,-1.0979,-0.05835,0.911865,33.119202,-146.659851,3.227234,1.4283861210208535
2.56,-1.013428,-0.206543,0.904297,5.722045,-249.084457,15.205382,1.3738447460473837
2.57,-0.736572,-0.241211,0.616943,-26.18408,-249.992355,10.307311,0.9906259248343948
2.58,-0.69873,-0.187256,0.676025,-21.461485,-234.390244,11.520385,0.9901001075956916
2.59,-0.652344,-0.036865,0.966553,-17.295837,-192.924484,16.769409,1.166677515155752
2.6,-0.626953,-0.206543,0.959717,-52.574154,-180.137619,31.22711,1.16481191406467
2.61,-0.515137,-0.341064,0.623535,-74.409485,-188.583359,49.514767,0.877773704943364
2.62,-0.543945,-0.235107,0.710205,-71.670532,-228.492722,93.193047,0.9249554619001934
2.63,-0.464844,-0.300537,0.601074,-80.451958,-191.741928,104.080193,0.8171244618667343
2.64,-0.420898,-0.403076,0.408447,-62.599178,-101.043694,83.160393,0.7116560545579586
2.65,-0.414551,-0.35083,0.460449,-74.409485,-54.542538,52.055355,0.7120024593370448
2.66,-0.381592,-0.400879,0.559814,-92.65136,-67.276001,25.421141,0.787215435380303
2.67,-0.406006,-0.320313,0.747803,-101.036064,-91.13311,-4.920959,0.9092032868473364
2.68,-0.562988,-0.514893,0.7854,-112.67852,-113.540642,-40.313717,1.094953628969282
2.69,-0.433105,-0.253418,0.7146,-87.944023,-61.027523,-78.056335,0.8731859960793004
2.7,-0.515137,-0.301514,0.69458,-69.412231,-25.238035,-69.511414,0.9158155913528662
2.71,-0.568604,-0.333008,0.853271,-44.990536,-14.60266,-65.254211,1.0780891597270608
2.72,-0.629883,-0.251221,0.934326,-57.403561,-50.796505,-64.819336,1.1544824203105044
2.73,-0.606445,-0.24292,1.006836,-65.757751,-101.943962,-59.242245,1.2002101463164692
2.74,-0.538086,-0.17041,0.933594,-70.075989,-122.245781,-53.527828,1.0909509009721747
2.75,-0.408936,-0.346436,0.858643,-48.484798,-88.066093,-50.559994,1.0121829654963574
2.76,-0.342773,-0.526123,1.023438,-19.203186,-33.912659,-57.083126,1.2007181519832204
2.77,-0.474121,-0.33374,1.103516,-24.604795,-5.859375,-48.728939,1.2465635453104666
2.78,-0.408447,-0.450439,0.912842,-33.287048,10.383605,-21.499632,1.096815737256719
2.79,-0.347412,-0.644287,0.819092,-20.324705,44.342037,-28.991697,1.0985046839121808
2.8,-0.373779,-0.600342,0.812012,-22.773741,63.247677,-57.975765,1.0767937341705698
2.81,-0.503174,-0.416504,0.718262,-29.846189,74.020386,-63.796993,0.9708552708493681
2.82,-0.435059,-0.38501,0.761719,-1.441955,89.828484,-52.864071,0.9579795762655904
2.83,-0.414063,-0.528564,1.057129,17.791748,86.524956,-63.041683,1.2523377310877446
2.84,-0.375977,-0.484863,0.98291,10.025024,46.44775,-94.421379,1.1586901662644764
2.85,-0.435059,-0.35791,0.678955,-1.304626,7.888793,-116.561882,0.8822447469982465
2.86,-0.528076,-0.331055,0.528564,3.288269,-16.014099,-118.537895,0.8172157468484073
2.87,-0.645752,-0.358643,0.574463,16.433716,-33.905029,-112.762444,0.935750065627569
2.88,-0.508057,-0.395264,0.571777,23.826597,-28.045652,-90.805046,0.8609787933938907
2.89,-0.365479,-0.458008,0.558594,36.369324,23.300169,-73.318481,0.8095514093255598
2.9,-0.461914,-0.560791,0.800537,66.192627,108.703606,-75.584412,1.0810691825438372
2.91,-0.559326,-0.534668,0.975586,79.64325,156.387329,-90.904228,1.245184118070898
2.92,-0.724854,-0.840332,1.004395,64.178467,149.19281,-116.050713,1.4967900679671147
2.93,1.245361,-0.138428,-1.135498,-4.302979,225.120529,-220.725998,1.6909884800048163
2.94,-3.301758,-0.367188,0.486572,-74.394226,249.992355,-249.992355,3.3575564372162088
2.95,-3.349121,0.552979,4.875488,-59.272762,249.443039,-248.336777,5.940772717856323
2.96,0.646973,1.293213,4.541992,-249.992355,249.244675,-165.931686,4.766619898225785
2.97,0.507813,0.819336,3.294922,-249.992355,249.992355,-150.016785,3.433030222696707
2.98,-0.6604,-0.858643,-4.0625,-171.241745,249.992355,-19.996643,4.20443839429822
2.99,-0.310059,-1.018066,-0.543701,137.191772,-88.943474,210.670456,1.195075621556226
3.0,1.52002,-3.52417,-0.235596,17.372131,-175.58287,-150.71106,3.8452230708394537
3.01,-0.749023,-1.571533,-1.415771,153.671265,74.264526,-242.546066,2.2439159852942354
3.02,-1.178955,0.175781,-0.549805,48.507687,71.968079,-17.150879,1.3126764224328096
3.03,-0.856201,-0.938965,-1.391846,-148.704529,116.821281,118.911736,1.8846672680720062
3.04,-0.699463,-1.973389,-1.733154,-56.266781,236.213669,143.302917,2.717965309088032
3.05,0.135498,-1.340332,-0.797607,188.301071,249.992355,208.435043,1.5655754548015246
3.06,-0.466797,-0.364258,0.414551,249.992355,164.680466,249.992355,0.7227972477631608
3.07,-1.344238,0.547119,0.952148,77.079773,79.719543,69.213867,1.7357709568687338
3.08,-0.875732,-0.080322,0.682373,-62.33215,76.454163,-178.832993,1.1130997577203043
3.09,-0.592041,-0.569824,0.17749,-6.851196,67.855835,-249.992355,0.8406632124441987
3.1,-0.372803,-0.549072,-0.261719,36.705017,51.811214,-157.554626,0.713413605809421
3.11,-0.302979,-0.36377,-0.554199,37.109375,57.449337,-7.896423,0.7288768201431569
3.12,-0.545654,-0.40332,-0.461426,30.876158,53.718563,100.547783,0.8205603351320365
3.13,-0.468994,-0.6521,-0.508301,50.163265,26.420591,195.968613,0.9505575672398805
3.14,-0.512207,-0.486572,-0.413818,74.981689,1.159668,249.992355,0.8187512804002202
3.15,-0.841797,-0.435303,-0.169922,39.375305,13.748168,205.558762,0.9628002789270472
3.16,-1.015625,-0.459717,0.068115,-7.751464,18.188477,120.079033,1.1169035383322052
3.17,-0.859375,-0.733887,-0.211182,-73.799133,-27.549742,70.777893,1.1496579302201155
3.18,-0.777344,-0.773926,-0.033936,-104.217522,-98.762505,50.994869,1.0974410234304166
3.19,-0.807861,-0.791504,-0.192871,-70.43457,-96.67968,27.076719,1.1473086768511778
3.2,-0.827148,-0.79834,-0.311768,-57.876583,-86.509697,39.886475,1.1911002708957799
3.21,-0.833496,-0.748535,-0.275391,-59.997555,-88.99688,69.946289,1.1536292433542068
3.22,-0.732666,-0.759766,-0.427002,-68.534851,-120.727531,102.188103,1.1385844502345885
3.23,-0.885498,-0.653564,-0.23291,-50.033566,-145.210266,156.204224,1.12494430004334
3.24,-1.088623,-0.533447,-0.038086,-48.599239,-170.822128,165.489182,1.2128958246007775
3.25,-1.178223,-0.487061,-0.088379,-64.025879,-170.478806,108.993523,1.277986190493074
3.26,-1.031006,-0.477051,-0.068848,-59.135433,-131.263733,33.378601,1.13810855182667
3.27,-0.931396,-0.424561,-0.18042,-40.611263,-103.836052,-11.83319,1.0393757395364778
3.28,-0.916504,-0.4646,-0.306885,-31.059263,-81.108086,-35.27832,1.0723857259591811
3.29,-0.938965,-0.610352,-0.408203,-21.316526,-52.413937,-31.188963,1.1919792466054098
3.3,-0.87793,-0.598633,-0.410889,-8.56781,-30.487059,4.02832,1.1392771058482656
3.31,-0.682373,-0.527344,-0.449463,-18.669128,-4.53949,36.315918,0.9724924646669506
3.32,-0.730957,-0.670166,-0.579102,-63.2019,9.544373,47.271725,1.1483813520817028
3.33,-0.705322,-0.584229,-0.540283,-130.516052,-8.94928,63.072201,1.063347717453703
3.34,-0.640137,-0.626953,-0.466553,-180.686935,-19.508362,80.696098,1.0102064862130908
3.35,-0.755371,-0.603027,-0.373047,-182.510361,-9.208679,70.06073,1.0360458361380542
3.36,-0.94873,-0.564941,-0.25708,-160.194397,-1.869202,44.540401,1.133727071556907
3.37,-1.077881,-0.609375,-0.163574,-149.56665,-56.602474,67.131042,1.2489682919361886
3.38,-1.039307,-0.595703,-0.054932,-132.171631,-147.987366,105.926506,1.1991824836454208
3.39,-1.038574,-0.285645,-0.024902,-131.095886,-234.352097,144.142151,1.0774270876050036
3.4,-1.040039,0.060791,-0.042969,-86.753838,-249.992355,232.337936,1.0426998619751515
3.41,-1.0271,0.354492,0.040039,14.495849,-197.532639,249.992355,1.0872911797605092
3.42,-1.123047,0.128906,0.220459,5.767822,-84.83886,249.191269,1.1517176267323515
3.43,-1.263428,-0.218262,0.444092,-44.18182,-23.704527,246.833786,1.3568737289416433
3.44,-1.071289,-0.138428,0.330811,-36.827087,-58.464046,182.380661,1.1297160485830056
3.45,-1.04834,-0.215332,0.137939,-18.486023,-114.837639,80.001831,1.0790791414650736
3.46,-1.032471,-0.126465,-0.027588,-18.463135,-135.20813,38.909912,1.0405531508817798
3.47,-1.020752,-0.030273,-0.073486,-27.763365,-108.14666,69.671631,1.0238414390075252
3.48,-1.191406,0.022461,0.117188,-54.100033,-69.793701,116.58477,1.197366184882887
3.49,-1.193604,0.02002,0.12793,-74.653625,-66.017151,162.635788,1.2006070939803748
3.5,-1.117676,-0.014893,0.032471,-77.461243,-66.436768,175.910934,1.1182467564299035
3.51,-1.067627,0.004639,-0.0271,-74.264526,-57.228085,167.495712,1.0679809649286827
3.52,-0.921143,0.14624,-0.056152,-74.043274,-43.022152,155.921936,0.9343680276812772
3.53,-0.952881,0.252197,-0.061523,-56.434628,-16.647339,141.88385,0.9876085289723859
3.54,-1.07666,0.33667,0.094238,-23.468016,15.846251,153.915405,1.1320001082791467
3.55,-1.195801,0.353516,0.224121,-8.468628,19.554138,186.973557,1.2669427045048247
3.56,-1.185547,0.331299,0.284424,-9.57489,7.057189,209.045395,1.2633992751248513
3.57,-1.025879,0.285645,0.279053,-19.187927,-11.016845,195.945724,1.1008593758854943
3.58,-0.907227,0.311035,0.247314,-33.126831,-11.596679,137.931824,0.9904381936042248
3.59,-0.929443,0.442627,0.294189,-23.704527,26.93939,57.861324,1.0706680713923433
3.6,-0.977295,0.462646,0.307129,0.900268,70.785522,-2.6474,1.1240440654093593
3.61,-1.096924,0.262939,0.196045,6.896972,72.029114,-17.417908,1.1449073418936573
3.62,-1.208008,0.205078,-0.050293,-44.891354,1.525879,24.04022,1.2263236522211418
3.63,-1.202881,0.314209,-0.145508,-81.802361,-67.169189,116.058342,1.2517278353963373
3.64,-1.01709,0.300537,-0.212402,-54.038998,-67.16156,171.791061,1.0816233938266129
3.65,-0.947998,0.360596,-0.158203,-14.762877,-69.549561,154.090881,1.0265270928860086
3.66,-0.825928,0.341309,0.131348,13.153075,-99.525444,98.922722,0.9032724903200584
3.67,-1.053467,0.556152,0.200928,18.997192,-83.915703,61.073299,1.2080851908607273
3.68,-1.262207,0.68335,0.199463,-9.635925,-104.347221,12.863158,1.4491098031957415
3.69,-1.113281,0.402832,0.229736,-45.463558,-148.956299,-17.417908,1.2060044920650173
3.7,-0.831299,0.253174,0.11084,-66.360474,-155.059814,-31.723021,0.8760368755235135
3.71,-0.56958,0.206299,0.119873,-61.729427,-132.9422,-43.792721,0.6175355778657615
3.72,-0.576416,0.023682,0.219238,0.404358,-79.109192,-2.815246,0.617156011737713
3.73,-1.003174,0.026855,0.350098,93.139641,-14.450072,59.844967,1.0628489426560108
3.74,-1.866211,0.304688,1.003418,79.109192,-33.287048,-5.844116,2.14066016840343
3.75,-0.943359,0.12207,0.257568,-95.336906,-204.612717,-205.07811,0.9854788492935806
3.76,-0.641602,0.390869,-0.334473,-22.766111,-173.751816,-130.119324,0.8223769751725786
3.77,-0.894531,0.401367,0.083496,11.802672,-24.940489,-93.635551,0.9839983539955746
3.78,-0.780762,0.200439,0.225098,-22.224424,33.973694,-80.238342,0.8369194722128288
3.79,-1.406006,0.639893,0.408691,-56.320187,17.295837,-52.024837,1.5979187266460082
3.8,-0.818604,0.339355,0.337402,-174.758896,-71.395874,-82.557671,0.9482164491533566
3.81,-0.494385,0.314941,0.104248,-199.615463,-38.383484,-5.897521,0.595375517812078
3.82,-0.762451,0.321777,0.201172,-138.671875,14.175414,157.310486,0.8516702053694258
3.83,-1.033936,0.150635,0.246582,-54.031368,68.511963,249.992355,1.0735535562071414
3.84,-1.293213,0.259521,0.39209,46.70715,113.212578,249.992355,1.3760398180685034
3.85,-1.222656,0.086914,0.102783,142.959595,87.776176,248.16893,1.2300431223420583
3.86,-1.04126,0.61377,-0.521484,246.734604,117.317192,249.992355,1.3163895938345913
3.87,-0.872803,0.770996,-0.166748,249.992355,144.706726,249.992355,1.1764458356970795
3.88,-0.806641,0.641846,0.113525,248.413071,179.428085,249.961838,1.03707469172765
3.89,-0.944336,0.763916,0.449463,249.717697,239.265427,249.992355,1.2951274548556988
3.9,-1.335693,0.878418,0.715088,172.454819,196.678146,249.992355,1.7512980388035042
3.91,-1.448242,0.776367,0.230469,-27.969358,45.94421,144.721985,1.6592970105481417
3.92,-0.873291,0.307129,0.523193,-134.223938,-62.44659,-18.52417,1.0633420468367645
3.93,-0.896484,0.54126,0.260986,-185.791,-28.015135,10.459899,1.0792403078332462
3.94,-0.996094,0.904541,-0.097168,-213.493332,14.47296,-32.417297,1.3490141947885501
3.95,-0.846191,0.801025,0.018066,-149.82605,-29.731749,-80.734245,1.1653354192943763
3.96,-0.723877,0.782959,0.073975,-99.983208,7.415771,-54.26025,1.0688755808956436
3.97,-0.563721,0.67041,-0.420898,-51.910397,53.38287,-31.028746,0.9717952769719557
3.98,-0.387207,0.42334,-0.339111,11.405944,41.336056,-16.479492,0.6664400098808594
3.99,-0.648926,0.52002,0.056885,37.216187,57.647701,31.417845,0.8335236391974735
4.0,-0.841553,0.618164,0.177734,16.105652,66.986084,51.330563,1.0592108182326123
4.01,-0.832275,0.868652,0.102539,-1.38092,27.412413,47.294613,1.207374100786496
4.02,-0.763428,0.949707,0.014893,3.585815,36.361694,47.409054,1.2186006312496314
4.03,-0.746826,0.733887,0.199219,2.662658,41.931149,53.092953,1.065845867377643
4.04,-0.802734,0.505859,0.167969,-28.900145,-18.188477,39.68811,0.9635812304097667
4.05,-0.741211,0.420654,0.057373,-48.530575,-77.308655,6.355285,0.8541868620893206
4.06,-0.61792,0.497559,-0.07959,-43.411251,-103.912346,-1.335144,0.7973234305982736
4.07,-0.656738,0.663818,0.039063,-27.793882,-92.597954,14.633178,0.9346042241168184
4.08,-0.732178,0.767578,0.098145,-18.638611,-56.991573,31.654356,1.0653135927007595
4.09,-0.717041,0.734619,0.12793,-5.363464,-14.030456,51.506039,1.034494541185211
4.1,-0.698242,0.74707,0.116211,-12.153625,7.339477,64.682007,1.0291552224931864
4.11,-0.671387,0.85376,0.091553,-22.956846,21.041868,64.941406,1.0899764186339078
4.12,-0.70459,0.894043,0.075439,-14.511107,47.790524,65.338135,1.1408115517779438
4.13,-0.838867,0.895752,0.156494,15.220641,66.596985,69.320679,1.2371579774745827
4.14,-0.871826,0.796875,0.189453,33.77533,73.890686,66.635132,1.1962369243214324
4.15,-0.900635,0.616943,0.151611,24.154661,52.337643,61.378475,1.1021560523787002
4.16,-0.774902,0.44165,0.149414,-20.988462,-38.17749,55.122372,0.9043519091039727
4.17,-0.837646,0.668945,-0.228027,-81.321709,-152.511597,50.178524,1.0959628401866552
4.18,-0.793213,0.832031,-0.034912,-19.767761,-74.104309,19.042969,1.1500788216787576
4.19,-0.661133,0.720703,0.220459,8.163452,-50.155636,-4.91333,1.0025526562625027
4.2,-0.727783,0.756104,0.229492,-2.02179,-48.873898,-33.424377,1.0742569208383066
4.21,-0.755371,0.767822,0.202148,-4.516602,-50.971981,-51.277157,1.095901357435513
4.22,-0.631104,0.781494,0.178955,7.705688,-32.012939,-50.674435,1.0203185889108362
4.23,-0.476318,0.722656,0.094727,13.641356,-13.504027,-21.179197,0.8706800422594972
4.24,-0.689453,0.715332,0.062256,25.329588,9.162903,10.925292,0.9954502091862757
4.25,-0.930176,0.752686,0.206543,32.318115,41.473385,2.540588,1.2142584635986688
4.26,-0.824951,0.829834,0.21875,18.424988,64.64386,-41.954037,1.1903865684965536
4.27,-0.726318,0.789307,0.128418,7.965087,63.552853,-62.103268,1.0802937378773423
4.28,-0.805176,0.663086,0.059082,12.405395,25.375364,-56.861874,1.0447402151233578
4.29,-0.882324,0.585449,0.123047,21.713255,-35.552979,-49.552914,1.066014416781499
4.3,-0.824219,0.6875,0.215576,19.088745,-69.854736,-67.901611,1.094744820374593
4.31,-0.616699,0.865723,0.200439,11.032104,-53.855892,-87.631218,1.0816514050520158
4.32,-0.567139,0.815918,0.159668,14.869689,-39.94751,-68.901062,1.006410799956459
4.33,-0.705078,0.737305,0.175049,-1.594543,-54.939266,-49.324032,1.035082509517961
4.34,-0.763184,0.69458,0.1875,-33.988953,-63.072201,-60.379025,1.0488314660878553
4.35,-0.662354,0.747314,0.215088,-69.488525,-30.685423,-98.289482,1.021495904865017
4.36,-0.585938,0.753418,0.11792,-102.279655,34.378052,-133.499146,0.9617001346407309
4.37,-0.633789,0.730469,0.091553,-114.761345,71.182251,-144.767761,0.9714192752313494
4.38,-0.705811,0.762939,0.123047,-107.421867,71.014404,-138.763428,1.0466067311320906
4.39,-0.746094,0.763916,0.101074,-78.323364,57.846066,-114.883415,1.072585598154292
4.4,-0.800049,0.634766,0.055176,-50.392147,50.254818,-88.943474,1.0227661844884197
4.41,-1.005127,0.503174,0.220215,-65.574646,65.803528,-74.905396,1.1454077905401203
4.42,-0.874756,0.760498,0.20459,-123.558037,139.411926,-86.135857,1.1770354011838386
4.43,-0.964111,0.683594,0.4104,-149.513245,185.470566,-112.365715,1.251095095169428
4.44,-0.872314,0.718994,0.299316,-161.758408,142.341614,-152.381897,1.1693905055574891
4.45,-0.725586,0.753418,0.138184,-149.810791,102.539055,-171.539291,1.0550869840804595
4.46,-0.698486,0.707031,0.109131,-122.75695,98.907463,-169.784531,0.9998425387619793
4.47,-0.709717,0.599609,0.130127,-98.56414,104.942314,-143.928528,0.9381696057211618
4.48,-0.671875,0.467285,0.189453,-79.483032,95.718376,-87.898247,0.8400379313215565
4.49,-0.721191,0.414795,0.156006,-61.19537,75.836182,-39.825439,0.8464686778268882
4.5,-0.804932,0.413574,0.121338,-49.629208,96.870415,2.044678,0.9130618206583824
4.51,-0.731689,0.399658,0.070801,-66.253662,171.539291,26.123045,0.8367246209392909
4.52,-0.651611,0.449219,-0.081543,-67.253113,213.912949,12.245177,0.7956405382652395
4.53,-0.695068,0.539795,-0.304199,-26.084898,216.712936,19.111633,0.9311472484252961
4.54,-0.935303,0.297852,-0.225586,-5.905151,221.374496,50.315853,1.0071725567691963
4.55,-1.156494,0.351074,-0.023193,-1.296997,158.348083,50.628658,1.2088296988248592
4.56,-1.118896,0.539063,-0.060547,1.220703,81.459038,56.945797,1.2434561174380059
4.57,-1.102783,0.519531,-0.056396,-5.455017,60.913082,73.554993,1.2203373770666865
4.58,-1.053223,0.541504,0.003906,0.457764,63.491817,48.21014,1.1842805945302828
4.59,-0.926758,0.589844,-0.023193,9.132385,88.211052,22.842405,1.0987876274098647
4.6,-0.873535,0.298828,-0.024902,12.565612,88.066093,4.852295,0.9235700728223062
4.61,-1.075684,0.473389,-0.043457,-13.580321,-35.896301,-13.114928,1.1760449498322758
4.62,-1.162109,0.668457,0.11499,-41.519161,-123.046867,30.662535,1.3455685745550094
4.63,-1.018799,0.711914,0.145996,-58.67004,-74.119568,54.054256,1.251434288252084
4.64,-1.073486,0.691895,0.079102,-46.501156,48.828121,21.667479,1.2795890002750883
4.65,-1.233887,0.71582,0.081787,-19.416809,144.874573,6.652832,1.4288332703776183
4.66,-1.125,0.719727,0.052002,0.572205,180.526718,22.720335,1.3365388743066922
4.67,-0.958008,0.643311,0.044678,1.358032,186.889633,34.469604,1.1548266079671874
4.68,-0.790283,0.623535,-0.071533,-16.365051,173.110947,34.767151,1.009187835045092
4.69,-0.871826,0.540039,-0.084473,-39.44397,146.0495,19.737244,1.029008446770968
4.7,-1.065186,0.43042,-0.092041,-45.425411,111.282341,-23.15521,1.152542466322608
4.71,-0.982422,0.365723,-0.127441,-37.055969,35.949707,-66.291809,1.0560054485153
4.72,-0.840576,0.447998,-0.150391,-9.231567,-36.613464,-89.820854,0.9643068353283617
4.73,-0.764893,0.484619,-0.187744,26.69525,-89.134209,-76.751709,0.9247511482263756
4.74,-0.650391,0.542969,-0.23291,51.87225,-126.831047,-37.864685,0.8786756261226325
4.75,-0.633301,0.563477,-0.235596,57.327267,-120.895378,-23.170469,0.8798192776621798
4.76,-0.774658,0.516357,-0.193359,50.354,-98.258965,-30.197142,0.9508455559626915
4.77,-0.824707,0.473145,-0.19165,41.007992,-103.591911,-32.844543,0.969916258949194
4.78,-0.802979,0.453857,-0.221436,26.93939,-126.258842,-35.194397,0.9485754334716876
4.79,-0.790039,0.506836,-0.198975,7.04956,-158.561707,-38.848877,0.9594974742238772
4.8,-0.789063,0.677002,-0.199951,-12.222289,-197.021469,-26.473997,1.0587410110003295
4.81,-0.818115,0.733398,-0.100342,-16.25061,-230.079636,-2.380371,1.1032920268872608
4.82,-0.956543,0.610107,0.133789,-0.427246,-233.68071,11.123656,1.1424117291147706
4.83,-0.991943,0.587891,0.209473,26.18408,-223.007187,21.453856,1.1719409886419196
4.84,-0.984375,0.529053,0.219727,48.194881,-231.010422,43.403622,1.1389342263550606
4.85,-0.991699,0.376953,0.159912,62.44659,-249.992355,65.666199,1.0729083458310873
4.86,-1.008789,0.319336,0.254639,44.357296,-249.992355,86.730949,1.0883343915074997
4.87,-0.756348,0.576172,0.271484,11.146544,-236.396774,61.546322,0.9888073790905891
4.88,-0.723633,0.69165,0.361084,-11.886596,-160.057068,0.778198,1.0641457119422133
4.89,-0.829102,0.539551,0.434326,-25.901793,-81.832878,-26.268003,1.080353869008206
4.9,-0.597656,0.64209,0.419189,-47.775265,-64.094543,-28.755186,0.9722096893967885
4.91,-0.185059,0.903076,0.381836,-65.811157,-76.080322,-43.777462,0.9977934787083949
4.92,-0.651611,0.678467,0.164795,-82.069389,-34.545898,-28.648375,0.9550244800187062
4.93,-1.276367,0.021484,0.128906,-74.890137,63.293453,-34.927368,1.283039764692038
4.94,-0.78125,0.583008,0.110107,-100.311272,45.623775,-43.128963,0.9810063414744066
4.95,-0.385254,0.890137,0.103516,-49.354549,13.175963,-23.132322,0.975438406841252
4.96,-0.654541,0.426025,0.102051,-17.913818,25.642393,-59.669491,0.7876138825001754
4.97,-0.630615,0.560791,0.159424,-36.369324,26.969908,-139.190674,0.8588235183563618
4.98,-0.881836,0.437988,0.556396,-26.748655,56.755062,-158.39386,1.1309485964693533
4.99,-0.986572,0.227539,0.533691,29.891966,60.31036,-151.687622,1.144519283885597
5.0,-1.064209,0.018311,0.36377,64.231873,33.226013,-142.776489,1.124813185067636
5.01,-1.124268,0.252686,0.413574,59.036251,-1.213074,-95.390312,1.2242843639841194
5.02,-1.080322,0.368408,0.441162,34.172058,-2.624511,-28.823851,1.2237009391154359
5.03,-1.054199,0.522949,0.407471,0.335693,-14.022826,-2.799988,1.245328793549318
5.04,-1.010742,0.563232,0.369873,-35.171509,-37.605286,26.649473,1.2147574706570032
5.05,-1.210693,0.358643,0.57959,-67.871094,-40.710445,63.995358,1.389362051373939
5.06,-1.305176,0.138184,0.636475,-99.891655,-35.057068,117.09594,1.4586567911805024
5.07,-1.233154,0.014404,0.733398,-118.370049,-69.755554,155.700684,1.4348340981925403
5.08,-1.244629,-0.078857,1.007568,-144.668579,-114.929192,139.350891,1.6032819617004366
5.09,-1.217529,-0.169189,1.152832,-217.468246,-158.01239,104.499809,1.6852368984169557
5.1,-1.009277,-0.061768,0.752441,-249.992355,-194.877609,59.104916,1.2604058104570925
5.11,-0.735107,0.618896,-0.351074,-249.992355,-247.047409,-29.647825,1.0230676975357007
5.12,-0.419922,1.112793,-0.609863,-243.835434,-249.992355,-110.305779,1.3366284546208045
5.13,-0.422607,1.005371,-0.113525,-172.180161,-173.0728,-148.117065,1.0964740989713346
5.14,-0.388916,0.800049,0.240967,-80.360405,-29.678343,-149.940491,0.9216285328406452
5.15,-0.767822,0.585205,0.513184,-30.143736,20.820616,-108.238213,1.0933313009170642
5.16,-0.816162,0.401855,0.588135,1.968384,17.234802,-60.722347,1.0832869562096645
5.17,-0.786621,0.348389,0.503174,18.165588,9.910583,-37.666321,0.9966602065087179
5.18,-0.74707,0.322021,0.553467,54.527279,21.476744,-12.504577,0.9839394439852486
5.19,-0.792969,0.281982,0.614746,82.489006,3.044128,19.500732,1.0422218227426443
5.2,-0.805176,0.320557,0.674072,82.954399,-35.957336,21.560667,1.0979245158065285
5.21,-1.124023,0.094482,0.776611,85.929863,-33.203125,3.730774,1.3694813610173742
5.22,-1.022461,0.228027,0.744873,54.191586,-17.150879,5.851745,1.285402114273584
5.23,-1.052734,0.202881,0.737061,0.015259,14.244079,20.088194,1.301025938495463
5.24,-0.880859,0.296143,0.588135,-3.555298,9.368896,46.859737,1.0997799927962864
5.25,-0.877686,0.243652,0.578369,15.296935,54.145809,47.569271,1.078985501228353
5.26,-0.84082,0.156006,0.603027,25.650023,79.994202,30.166624,1.0464022683294414
5.27,-0.728027,0.079834,0.666748,7.568359,65.933228,0.183105,0.9904290362206674
5.28,-0.483154,-0.296631,0.691406,-43.55621,43.785091,2.876281,0.8941308599489227
5.29,-0.958496,0.132568,0.525879,-65.246582,47.07336,17.669678,1.1012890534646207
5.3,-0.685547,0.343506,0.293701,-75.782776,-6.896972,-8.44574,0.8211159106033691
5.31,-0.866211,0.433105,0.300781,-65.383911,37.879944,7.034301,1.014086114443443
5.32,-0.992676,0.59375,0.150879,-63.545223,24.497984,-16.174316,1.1664943960932688
5.33,-0.855469,0.506348,0.084717,-19.920349,-36.5448,-44.387814,0.9976935787875955
5.34,-0.910889,0.343262,0.496338,21.926878,-57.472225,-47.164913,1.0926568451297964
5.35,-0.923096,0.093994,0.839111,24.856565,-26.214598,-37.574768,1.2510189317404434
5.36,-0.82959,0.150879,0.807373,-7.766723,0.091553,-34.980774,1.1674053288682555
5.37,-0.77124,0.344482,0.616943,-68.473816,-11.276244,-42.282101,1.0459912290134177
5.38,-0.615479,0.404785,0.277588,-102.60009,-31.692503,-51.223751,0.7872232170166222
5.39,-0.632813,0.381592,0.167725,-62.57629,-39.520264,-46.134945,0.7577574962070649
5.4,-0.856934,0.336426,0.390137,21.568296,-24.406431,-25.985716,0.9998625968606886
5.41,-0.897217,0.31665,0.490723,67.9245,-6.080627,-10.154723,1.0705487519576118
5.42,-1.028809,0.252197,0.722412,46.112057,-29.33502,-17.669678,1.2821584859267594
5.43,-1.029053,0.211914,0.795166,-20.851133,-63.591,-30.227659,1.3176291541101388
5.44,-0.907715,0.282959,0.62207,-82.000725,-84.144585,-38.749695,1.1362145051908112
5.45,-0.800049,0.318604,0.458496,-83.518974,-64.987183,-28.404234,0.9756051933200233
5.46,-0.787842,0.253662,0.472412,-47.523495,-47.447201,-19.561768,0.953001849395897
5.47,-0.927246,0.099121,0.773926,-21.530149,-50.193783,-26.771544,1.2118463477821766
5.48,-1.002686,0.039063,0.981445,-36.04126,-56.434628,-49.255367,1.403616550411828
5.49,-1.011963,0.05127,1.035889,-76.23291,-53.619381,-63.919064,1.4490561571554086
5.5,-0.924316,0.045654,0.799316,-95.603935,-28.175352,-54.801937,1.2228452164636372
5.51,-0.841064,0.124756,0.569336,-53.276058,14.083861,-33.943176,1.023277182647986
5.52,-0.882324,0.222168,0.713135,7.438659,37.979126,-20.355223,1.1560345104818452
5.53,-0.932861,0.272949,0.822998,14.694213,24.452208,-27.481077,1.2735998233063635
5.54,-0.87915,0.295654,0.731201,-4.196167,0.450134,-30.784605,1.1810888673664655
5.55,-0.837402,0.214355,0.699463,-5.737304,-1.243591,-15.518188,1.1119526356810348
5.56,-0.904541,0.049805,0.783203,-2.738952,2.075195,7.293701,1.1975315853517183
5.57,-0.874268,-0.013184,0.720947,-16.166687,3.89862,28.747557,1.1332620749363318
5.58,-0.801514,-0.006104,0.647461,-42.091366,10.169982,34.004211,1.0303726013112926
5.59,-0.806641,0.018555,0.609375,-75.126648,19.325256,23.16284,1.0111141782860134
5.6,-0.727295,0.122803,0.345215,-95.91674,23.193357,3.700256,0.8143782843734231
5.61,-0.764648,0.183838,0.417969,-69.885254,28.915403,-12.924193,0.8906071294959411
5.62,-0.782471,0.048096,0.600586,-18.455505,40.046692,-8.926392,0.9875614585700476
5.63,-0.81665,-0.059326,0.647461,25.505064,44.479366,9.353638,1.043859446140619
5.64,-0.773926,-0.04834,0.547852,28.861998,27.137754,26.412962,0.949441953454765
5.65,-0.734863,0.186035,0.483643,16.517639,23.384092,31.883238,0.8991903032411994
5.66,-0.672607,0.306885,0.47583,7.255554,23.620604,33.813477,0.8792000731198786
5.67,-0.677734,0.212646,0.404785,14.060973,24.078367,27.267454,0.817552807038787
5.68,-0.819824,0.101563,0.47876,29.563902,31.890867,32.104492,0.9547971363305401
5.69,-0.906494,0.111816,0.597168,32.89032,57.838436,48.408504,1.0912579026591285
5.7,-0.886475,0.134033,0.574219,27.122496,68.481445,65.1474,1.0646737672522038
5.71,-0.961426,0.084961,0.674561,38.581848,61.309811,82.176201,1.1775359305422488
5.72,-1.01709,0.023438,0.661865,66.78009,60.035702,99.31945,1.2137078257014742
5.73,-0.972656,0.108398,0.445313,87.638847,65.559387,104.026787,1.075227180045687
5.74,-0.85083,0.291504,0.35791,77.293396,76.74408,89.050285,0.9679802885472409
5.75,-0.888672,0.306641,0.555176,37.704468,71.708679,72.19696,1.0917815795483088
5.76,-0.866943,0.324463,0.581787,5.264282,56.335445,68.847656,1.0933172078527804
5.77,-0.838379,0.29126,0.512695,-7.469177,20.347593,67.03949,1.0249721451171248
5.78,-0.837646,0.323242,0.49292,3.616333,-15.258788,61.94305,1.0242589215037377
5.79,-0.940674,0.352051,0.540771,25.398252,-27.732847,81.329338,1.1407194025342078
5.8,-1.049072,0.344727,0.582764,54.862972,-9.536743,123.123161,1.2486002744709774
5.81,-0.928955,0.43457,0.502197,81.161491,36.781311,164.978012,1.141932705431454
5.82,-0.737793,0.587158,0.437744,86.914055,72.303772,191.192612,1.0395733919974097
5.83,-0.61499,0.56665,0.356201,79.826355,51.605221,206.192001,0.9089466843555787
5.84,-0.708008,0.608398,0.415039,72.937012,-12.573241,212.028488,1.0216069821555647
5.85,-1.04126,0.444824,0.744873,74.760437,-36.758423,239.105209,1.3553326398729575
5.86,-1.221436,0.238281,0.731689,61.485287,-28.320311,249.992355,1.4436247884329223
5.87,-1.112305,0.288818,0.525879,42.747494,-26.657103,243.942245,1.263798628259265
5.88,-0.977295,0.30249,0.387451,6.240844,-46.363827,194.137558,1.0939488080006303
5.89,-0.901611,0.37085,0.391602,-44.410702,-57.220455,125.419609,1.0506113668835875
5.9,-0.886475,0.315186,0.334473,-94.924919,-48.33984,73.219299,0.9985250762750028
5.91,-0.78125,0.465576,0.398193,-124.793999,-39.398193,28.160093,0.9928092664379196
5.92,-0.620117,0.596436,0.43042,-121.437065,-36.03363,-0.679016,0.9620511276356366
5.93,-0.617432,0.618896,0.559082,-90.423576,-33.180237,-8.628845,1.037702855428277
5.94,-0.531494,0.726563,0.523193,-60.874935,-34.835815,-8.300781,1.0412063101297455
5.95,-0.518799,0.792236,0.541016,-42.427059,-43.342587,-3.921509,1.090636783880408
5.96,-0.525391,0.705566,0.411133,-40.412899,-50.041195,4.142761,0.9710249363049335
5.97,-0.525391,0.605225,0.278564,-55.229183,-74.623108,1.670837,0.8484874221825566
5.98,-0.619629,0.679688,0.58667,-45.478817,-61.737057,0.137329,1.0909159288804064
5.99,-0.746826,0.633301,0.850098,-9.140015,3.700256,1.953125,1.296721188413685
6.0,-0.749756,0.572021,0.870117,26.199339,64.613342,5.310058,1.2831389938997255
6.01,-0.638184,0.536133,0.767334,21.820066,69.351196,-4.699707,1.1329249220936928
6.02,-0.74585,0.403076,0.55957,-6.41632,41.984554,-6.317138,1.0158154700416804
6.03,-0.79248,0.422363,0.481445,-11.009215,18.39447,5.561828,1.0189231286971554
6.04,-0.842529,0.391357,0.519775,1.014709,18.829346,17.01355,1.0645099660947286
6.05,-0.795654,0.431885,0.5979,14.007567,28.556822,15.99121,1.0849305742493387
6.06,-0.757568,0.567139,0.753174,7.5531,28.503416,8.934021,1.2094738501600604
6.07,-0.727295,0.641357,0.748535,-9.529114,23.353575,-0.167847,1.2249903937170281
6.08,-0.615479,0.696289,0.631348,-15.571593,19.248962,-6.858825,1.1234914632813193
6.09,-0.616211,0.607422,0.589355,-4.135132,21.438597,-0.87738,1.046908209266696
6.1,-0.616943,0.482178,0.508789,20.935057,38.780212,16.990662,0.9337989802168345
6.11,-0.622803,0.376465,0.528809,22.682188,58.67767,24.765013,0.8995823650533619
6.12,-0.633057,0.438232,0.607422,-13.839721,77.36969,23.658751,0.9806986984578903
6.13,-0.667725,0.550537,0.59082,-47.668453,94.215385,22.262571,1.0478625560606696
6.14,-0.629395,0.651123,0.561279,-51.033016,94.131462,23.902891,1.0654263667635602
6.15,-0.602051,0.727539,0.458252,-33.256531,76.86615,31.051634,1.0496538946843383
6.16,-0.708008,0.722168,0.366211,7.659912,58.151241,36.712646,1.0755986448527164
6.17,-0.762695,0.650146,0.3479,69.442749,49.156185,42.4118,1.060861863929984
6.18,-0.71875,0.674072,0.422363,128.227234,61.424252,49.47662,1.0720844777595653
6.19,-0.577148,0.582031,0.302246,158.210754,79.811096,55.221554,0.8736203657086984
6.2,-0.59375,0.639893,0.213867,136.894226,64.888,36.407471,0.8987442392794516
6.21,-0.722656,0.712646,0.161133,115.69976,29.098509,9.063721,1.0276477311515848
6.22,-0.726318,0.771973,0.119385,121.093742,1.876831,-9.925842,1.066645643162714
6.23,-0.739502,0.805176,0.14917,140.37323,-10.025024,-14.877318,1.1033690624084038
6.24,-0.779541,0.813965,0.141357,161.697372,-14.839171,-20.439146,1.135871908867809
6.25,-0.798096,0.693604,0.105469,193.130478,-20.111082,-31.562803,1.0626229077113858
6.26,-0.907227,0.614746,0.28125,197.036728,-42.114254,-54.89349,1.1314040111936143
6.27,-0.801514,0.625244,0.166016,171.371445,-70.129395,-95.298759,1.030007798022908
6.28,-0.786133,0.512207,0.308594,155.807495,-99.853508,-123.382561,0.9877202849865947
6.29,-1.007324,0.479248,0.502686,128.730774,-113.166801,-131.858826,1.2235495499063371
6.3,-1.061035,0.241699,0.33667,96.67205,-120.10955,-148.429871,1.1391050727329766
6.31,-0.970703,0.186768,0.31665,86.067192,-183.921799,-163.475021,1.0379854635460941
6.32,-0.875977,0.346436,0.456299,91.712944,-238.494858,-166.435226,1.0466911598107629
6.33,-0.903564,0.703613,0.622559,90.965263,-246.772751,-146.621704,1.3034871937790566
6.34,-0.803955,0.362305,0.423096,106.872551,-243.423447,-147.651672,0.9780689036392068
6.35,-0.68457,0.37793,0.531982,104.896538,-237.007126,-154.708862,0.945765308162654
6.36,-0.904541,1.134766,0.936035,81.085197,-151.748657,-150.634766,1.7268612615557741
6.37,-0.829834,1.224609,0.657471,77.735901,17.272949,-211.151108,1.6188143149472085
6.38,-0.23999,0.462646,0.251221,44.265743,24.368284,-225.86058,0.5785745520302462
6.39,-0.474854,0.604248,0.164551,-68.946838,-50.201412,-214.996323,0.7859255679903792
6.4,-0.878662,0.861816,0.113281,-126.754753,-51.87225,-242.195114,1.2359637183433017
6.41,-0.6875,0.406982,0.277344,-65.788269,-23.994444,-249.992355,0.8457010657791558
6.42,-0.723389,0.032959,0.409668,-11.474608,-14.991759,-221.641525,0.8319890691745895
6.43,-0.676025,0.149414,0.328369,-6.500244,-76.446533,-182.586655,0.7662640172825551
6.44,-1.005859,0.011963,0.80249,-3.135681,-151.802063,-145.41626,1.2868122012749181
6.45,-0.82666,0.155762,0.649902,65.711975,-87.532036,-100.952141,1.0630151296420949
6.46,-0.643066,-0.316406,0.646484,142.64679,2.159119,-57.006832,0.9651881678968096
6.47,-1.060059,0.139648,0.65332,160.049438,43.106075,-5.264282,1.253017825006891
6.48,-1.151855,0.213135,0.830078,222.450241,81.512444,9.552002,1.435697027695607
6.49,-0.767822,-0.007324,0.856689,249.992355,189.163193,54.985043,1.1504435263762407
6.5,-0.987305,0.235352,0.15918,249.992355,249.992355,93.605034,1.0273752962423226
6.51,-0.625732,0.042725,0.030518,249.259933,249.992355,109.977715,0.6279309753253138
6.52,-0.80835,0.375732,-0.244629,249.992355,248.649582,136.528015,0.9243633516994277
6.53,-1.139648,0.432617,0.061768,218.864426,249.992355,145.91217,1.2205614767052908
6.54,-1.546387,0.203857,0.220947,113.143913,205.749496,114.784233,1.5753374264033084
6.55,-0.797363,0.785889,-0.101807,27.626036,87.539665,35.163879,1.1241770053416855
6.56,-0.603516,0.728271,-0.154053,-19.943237,74.607849,39.840698,0.9583019036326704
6.57,-0.768311,0.320801,-0.222656,-20.568846,122.848503,68.122864,0.8618531015538552
6.58,-0.947021,0.306152,-0.077881,9.231567,175.926193,58.631893,0.9983202250310268
6.59,-1.44165,0.734863,-0.020264,53.833004,231.842026,39.627075,1.6182672773571738
6.6,-1.187988,0.774658,0.14624,100.433342,173.110947,-25.665281,1.4257617762824195
6.61,-0.977539,0.435547,-0.140381,135.795593,128.837585,-78.063965,1.0793472614923336
6.62,-1.159668,0.403809,-0.085938,184.631332,138.343811,-131.68335,1.2309658478402232
6.63,-0.848633,1.211426,0.188965,198.242172,133.232117,-161.331161,1.4911199460103803
6.64,-0.689697,0.530762,-0.015869,199.432358,-22.224424,-129.196167,0.8704263769061689
6.65,-1.016357,0.394775,-0.070557,146.881104,-178.390488,-106.964104,1.092614818828209
6.66,-1.190186,0.211426,-0.246094,61.332699,-231.15538,-16.151428,1.2336149824430636
6.67,-1.096191,0.223389,-0.202881,34.011841,-150.535583,47.309872,1.1369688007869871
6.68,-1.059326,0.405029,0.013672,-31.372068,-56.083675,58.959957,1.1341988312024482
6.69,-1.017334,0.503906,0.240234,-147.087097,-112.380974,33.241272,1.160431858899091
6.7,-0.962158,0.432861,0.137939,-249.992355,-224.647507,-38.803101,1.064022476269181
6.71,-0.773682,0.437988,-0.021973,-249.992355,-202.499374,-143.249512,0.8893256647578546
6.72,-0.773682,0.831055,0.335449,-248.069748,-108.924858,-242.050156,1.183960422374836
6.73,-0.544678,0.900391,0.330078,-249.946579,-59.29565,-249.992355,1.102873321215542
6.74,-0.834229,0.550537,0.1875,-247.398361,-50.895687,-248.718246,1.0169489971527579
6.75,-1.183838,0.070801,0.278076,-145.66803,-86.257927,-249.626144,1.2181179965918736
6.76,-1.104492,-0.306641,0.035889,-46.478268,-127.136223,-249.992355,1.1468301100276361
6.77,-0.99585,-0.116455,0.095947,-29.58679,-86.982719,-249.984726,1.0072163701678007
6.78,-0.447998,0.528076,0.239258,-73.928833,-42.144772,-249.984726,0.7326737748438933
6.79,-0.551025,0.125,0.054199,-104.888908,-20.851133,-248.367294,0.5676187824816934
6.8,-0.719971,-0.13916,0.172852,-47.264095,-41.122433,-212.409958,0.7533933636189
6.81,-0.736328,-0.290771,0.322998,42.16766,-74.394226,-158.325195,0.8550171963352551
6.82,-0.812988,-0.219971,0.366455,107.177727,-51.033016,-128.845215,0.9184911518408874
6.83,-0.680908,-0.190186,0.329102,121.87957,-32.180786,-116.073601,0.779816994854562
6.84,-0.684326,-0.289307,0.373535,100.639336,-46.226498,-132.316589,0.831582233305883
6.85,-1.00415,-0.282959,0.632324,71.44928,-96.771233,-150.131226,1.2199248579961801
6.86,-0.652344,-0.21167,0.763428,63.072201,-133.415222,-140.151978,1.0262451921543896
6.87,-0.324707,-0.368896,0.297852,94.848625,-170.211777,-93.360893,0.5746605159300576
6.88,-1.435303,-1.261475,0.039795,80.650322,-131.149292,-64.781189,1.9112816431544044
6.89,-1.304443,-1.754883,0.447266,23.391722,-207.542404,-24.208067,2.2318675495409668
6.9,-0.824707,-1.493652,0.445801,-23.933409,-249.992355,-1.678467,1.7634841832446357
6.91,-0.985107,-1.157227,0.390625,-41.893002,-188.255295,-16.876221,1.5691392613796264
6.92,-1.061523,-0.845215,0.599121,-54.244991,-96.290581,-49.209591,1.4832954690131699
6.93,-0.594971,-0.587158,0.550781,-109.733574,-40.64941,-59.913631,1.0010518057353475
6.94,-0.64209,-0.515381,0.735107,-141.059875,-6.004333,-28.144835,1.1037569681365549
6.95,-1.09082,-0.41748,0.813477,-109.703056,19.15741,28.800962,1.423349097139911
6.96,-1.061523,-0.617188,0.565674,-89.324944,-6.477355,69.366455,1.3519390449088302
6.97,-0.725098,-0.737061,0.088379,-135.185242,-56.747433,29.777525,1.0377075093522259
6.98,-0.995605,-0.368164,-0.071289,-123.474113,-99.258415,-60.394283,1.0638872912306077
6.99,-1.037598,-0.117676,0.149414,-50.094601,-102.447502,-111.061089,1.0548847301842985
7.0,-1.148682,-0.336182,0.311279,-43.853756,-83.007805,-104.026787,1.236682372353144
7.01,-1.091064,-0.541016,0.175293,-136.299133,-32.455444,-85.067741,1.2303847366580098
7.02,-0.836914,-0.533936,-0.015381,-207.015976,40.618893,-83.206169,0.9928490674080326
7.03,-1.034668,-0.677002,0.008789,-207.130417,108.932487,-96.984856,1.2365058935358941
7.04,-0.658447,-0.894775,0.146973,-186.279282,183.883652,-101.417534,1.1206140348768616
7.05,-0.744141,-0.673584,0.435059,-192.428574,230.1483,-84.556572,1.093955011148996
7.06,-0.388916,-0.912354,0.863281,-212.699875,192.153915,-56.167599,1.3148762532394447
7.07,-0.779053,-0.998779,0.148438,-249.992355,48.439022,-85.365288,1.2753497196824093
7.08,-0.433838,-0.27124,-0.348633,-220.82518,50.964352,-116.790764,0.6191377201665232
7.09,-0.212891,-0.508789,0.262207,-33.01239,84.365837,2.784729,0.6106892296831508
7.1,-0.685547,-0.811279,0.171631,-16.944885,38.368225,2.250671,1.0759207708799938
7.11,-0.747559,-0.58667,0.340332,14.808654,14.434813,-18.470764,1.009381997860572
7.12,-0.720947,-0.5271,0.260498,126.205437,39.703369,-10.787963,0.9303000563329017
7.13,-0.736816,-0.739502,0.112061,198.760971,44.120785,0.75531,1.0499136600601975
7.14,-0.8396,-0.872314,0.087402,173.042282,40.000916,-1.655578,1.2138776644291631
7.15,-0.80542,-0.852051,0.073242,109.382622,41.206356,-2.700805,1.174758134070584
7.16,-0.672607,-0.696533,0.199463,86.738579,44.845577,5.256652,0.9886070427156585
7.17,-0.657715,-0.640625,0.335205,116.851799,14.717101,-0.282288,0.9774209962319206
7.18,-0.720947,-0.791748,0.296631,153.305054,-31.219481,-5.241394,1.111134295426975
7.19,-0.835693,-1.013672,0.289795,145.66803,-41.687008,6.29425,1.3453233276272287
7.2,-0.679932,-0.854492,0.203369,110.084526,-31.166075,4.318237,1.1107758787662794
7.21,-0.695557,-0.811523,0.258301,66.131592,-31.517027,-11.856078,1.0995856157566812
7.22,-0.693848,-0.875244,0.275635,13.511657,-38.9328,-22.445677,1.1504137342126093
7.23,-0.647217,-0.658691,0.109375,-12.329101,-53.63464,-26.138304,0.9299067529569834
7.24,-0.612549,-0.426758,0.023193,-18.77594,-53.63464,-13.099669,0.7469113623543292
7.25,-0.725098,-0.549805,0.165527,-22.865294,-24.360655,17.951965,0.9249063927544235
7.26,-0.743408,-0.694092,0.182373,-12.062072,8.049011,51.11694,1.0332855704291044
7.27,-0.724365,-0.708984,0.197754,19.78302,24.04022,63.522335,1.0327001549322048
7.28,-0.697021,-0.717041,0.178467,65.788269,20.011902,67.024231,1.0157935519636851
7.29,-0.779297,-0.814209,0.339844,111.099236,14.816283,74.279785,1.177172058038246
7.3,-0.815186,-0.728271,0.476318,124.282829,0.099182,83.351128,1.1923865569357113
7.31,-0.771484,-0.758545,0.44873,78.819275,-19.630432,78.117371,1.1712970127943638
7.32,-0.749756,-0.785889,0.485352,0.465393,-17.440796,61.576839,1.189673124753602
7.33,-0.713867,-0.722412,0.386719,-27.366636,-22.163389,50.376888,1.0867551593592737
7.34,-0.683594,-0.604248,0.324707,15.426635,-39.474487,53.588863,0.9684270949271298
7.35,-0.754395,-0.669922,0.249756,66.047668,-45.928951,65.811157,1.0393677701588597
7.36,-0.792725,-0.691406,0.244629,68.29834,-29.861448,63.774105,1.07995302217365
7.37,-0.7229,-0.526123,0.223633,32.341003,-5.569458,48.080441,0.9216298279775889
7.38,-0.682373,-0.355713,0.235352,14.419555,1.548767,32.684326,0.8047081541788923
7.39,-0.760254,-0.408691,0.299072,58.052059,-17.227173,19.706726,0.9134870219006945
7.4,-0.852539,-0.672119,0.418213,113.044731,-22.598265,16.830444,1.1633867843718184
7.41,-0.85498,-0.894287,0.523438,111.846916,6.217956,12.443542,1.34340142124869
7.42,-0.737549,-0.893799,0.583008,39.367676,40.40527,-0.350952,1.2972098935276435
7.43,-0.690918,-0.673828,0.583496,-16.441345,46.409603,-16.151428,1.1277763245981005
7.44,-0.784424,-0.511719,0.537598,14.343261,32.585144,-21.766661,1.079902290182311
7.45,-0.791992,-0.514648,0.408691,53.665157,35.095215,-16.838074,1.0291463576425854
7.46,-0.8396,-0.56543,0.346924,43.838497,54.527279,-13.542174,1.070044628357154
7.47,-0.916504,-0.453857,0.401611,6.805419,75.584412,-7.583618,1.098752544382037
7.48,-0.948975,-0.341797,0.368652,-12.489318,86.006157,4.959106,1.0739101624149014
7.49,-0.859131,-0.293457,0.257813,28.778074,78.598022,10.0708,0.9437640748508072
7.5,-0.8396,-0.404785,0.32666,101.058952,54.916378,2.723694,0.9876668526507306
7.51,-0.865234,-0.583008,0.385498,150.779724,46.974178,-13.320922,1.1122665646435659
7.52,-0.678955,-1.000977,0.196533,200.210556,53.207394,-63.003536,1.2253816004180085
7.53,-0.615967,-0.988281,0.394043,122.680656,50.85754,-122.222893,1.2293838155348393
7.54,-0.930176,-0.636475,0.641602,-52.230831,43.441769,-144.317627,1.2969120799055733
7.55,-0.976563,-0.378418,0.537842,-126.800529,59.196468,-121.025078,1.17734850093632
7.56,-0.884277,-0.232422,0.47998,-66.802979,73.509216,-95.504753,1.032640595373337
7.57,-0.908447,-0.447266,0.523193,12.153625,83.419792,-82.550041,1.139760387894754
7.58,-0.79126,-0.55127,0.148438,25.291441,107.879631,-83.70208,0.9757176027642425
7.59,-0.36377,-0.314697,-0.672363,58.006283,100.990288,-114.227287,0.8267011663702913
7.6,-0.0354,-0.088135,-0.388916,177.558884,47.523495,-191.360458,0.4003455923086952
7.61,1.446289,0.399658,1.565186,249.992355,67.596436,-249.992355,2.1682448208357377
7.62,3.459717,0.148193,6.520996,129.15802,224.327072,-224.10582,7.383426827520809
7.63,-1.121094,3.246338,0.771973,-249.992355,249.992355,-205.268845,3.520156882840451
7.64,1.330078,0.334961,-1.60083,-249.992355,248.085007,-249.992355,2.1080709301408715
7.65,-2.43042,-1.349609,1.523438,-242.187485,249.061569,-215.377792,3.1700550735160733
7.66,-1.888916,0.132324,-1.156494,-249.984726,249.992355,-82.06176,2.218781572861105
7.67,0.079346,-0.052002,-2.818604,-249.992355,249.992355,-196.121201,2.820200082358697
7.68,0.185303,0.217041,-1.869873,-249.855026,84.533684,-249.992355,1.8915255836543685
7.69,0.651123,3.756592,-3.736816,-169.868454,-24.024961,-249.992355,5.338514628007401
7.7,-0.525635,1.737793,-3.326416,175.231918,14.991759,-248.764023,3.7896253204149355
7.71,-2.064209,0.320801,-1.351318,249.992355,-159.362793,-249.992355,2.4879574784159795
7.72,-1.929199,0.213135,-2.389404,247.703537,-249.992355,-249.992355,3.0783902912142245
7.73,0.592285,-0.35791,-1.618164,247.657761,-249.992355,-249.977097,1.7599306293774764
7.74,1.302734,-0.604004,-0.401855,249.992355,-248.382553,-194.656357,1.4911150685969878
7.75,1.535156,-0.326904,1.083984,249.992355,-249.961838,-69.488525,1.9075092350518252
7.76,1.400635,-0.821289,0.08374,249.93895,-249.992355,81.993095,1.6258248406104516
7.77,1.403076,-0.748535,0.116455,249.992355,-249.969467,209.556564,1.5945183206931177
7.78,1.436035,-0.588135,-0.325684,249.992355,-249.992355,249.992355,1.5856132464463077
7.79,0.489258,-1.306152,-0.860596,231.689438,-189.865097,247.566208,1.6389118075369402
7.8,0.118896,-1.176514,-1.039307,83.503716,92.926018,150.07019,1.5743190563735803
7.81,-0.204346,-0.234863,-1.168213,116.973869,249.992355,94.566338,1.208982849280336
7.82,-2.177734,0.109131,1.550049,243.812546,213.027939,96.611015,2.6752732294698425
7.83,-1.069092,-0.70459,0.594238,184.78392,-43.983456,51.025387,1.4115677713832941
7.84,-0.698486,-0.937988,-0.761963,200.813278,-64.239502,47.424313,1.3958122344029658
7.85,-1.081787,-0.642578,-0.42627,199.012741,54.031368,0.984192,1.3284862484621358
7.86,-0.979736,-0.514893,0.070557,225.471481,44.952389,-18.119812,1.109042704946027
7.87,-0.840088,-0.791016,0.144287,239.356979,-20.187376,11.688231,1.1628726922449422
7.88,-0.815186,-0.95459,0.056885,229.14122,-56.243893,27.153013,1.2565851287998757
7.89,-0.702881,-0.862793,-0.083252,206.603989,-83.915703,11.070251,1.1159679012023598
7.9,-0.482178,-0.845459,-0.090088,204.994186,-104.23278,24.215696,0.9774519896695694
7.91,-0.611328,-1.057373,0.246094,210.151657,-82.351677,50.552364,1.2459220848628536
7.92,-1.038574,-1.262939,0.878418,201.759323,-27.923582,63.819881,1.8561435973331912
7.93,-1.295166,-0.766357,1.000488,212.310776,-52.062984,86.379997,1.8071342664973735
7.94,-0.368896,-0.93042,-0.072998,91.278069,-125.427238,47.172543,1.003540902614338
7.95,-0.252686,-1.03833,-0.200684,108.039848,-22.094725,67.108154,1.0873147986448084
7.96,-0.729248,-0.965088,0.204346,112.159721,65.933228,52.764889,1.2267659845968992
7.97,-0.817139,-0.869141,0.21167,67.268372,60.531612,-4.180908,1.2115801302852403
7.98,-0.674561,-0.852783,0.029785,51.712032,37.261963,-30.754087,1.087730910673683
7.99,-0.561523,-0.768555,0.11377,65.284729,44.56329,-32.058716,0.9586075737516369
8.0,-0.525391,-0.74707,0.352783,60.272213,70.678711,-23.674009,0.9790838232092287
8.01,-0.561035,-0.74707,0.39624,31.036375,61.210629,-22.872923,1.0148300319388464
8.02,-0.717285,-0.885742,0.65332,17.01355,39.276123,-23.79608,1.3137213114618336
8.03,-0.797119,-0.868652,0.834717,8.232117,6.904602,-28.907774,1.444544034411551
8.04,-0.46582,-0.718506,0.864746,-54.756161,-43.785091,-45.829769,1.2169736188397842
8.05,-0.283447,-0.804443,0.325439,-164.405807,-31.127928,-35.812378,0.9128971928859241
8.06,-0.652344,-0.770508,0.090576,-182.14415,35.041809,9.819031,1.013626797285865
8.07,-0.697998,-0.76001,0.194092,-126.174919,54.122921,33.454895,1.0499943393028364
8.08,-0.520264,-0.882568,0.148438,-109.230034,31.402586,32.928467,1.0351979251157721
8.09,-0.318848,-0.973877,0.03125,-151.580811,54.00848,2.243042,1.0252204742068898
8.1,-0.406738,-0.48877,0.210693,-193.595871,104.507439,-28.877256,0.6698682361427507
8.11,-0.810303,-0.384277,0.016357,-220.390305,99.105827,-30.906675,0.8969544670645216
8.12,-1.118896,-1.119385,-0.046143,-190.093979,46.920773,-29.670713,1.583376207188298
8.13,-0.984131,-1.334717,0.240479,-65.933228,-4.966736,-16.891479,1.6756531397311916
8.14,-0.484131,-0.810791,-0.105713,45.684811,-45.394894,31.494139,0.9502316081940234
8.15,-0.541992,-0.819824,-0.091797,121.971123,-74.996948,68.305969,0.9870630214170725
8.16,-0.715088,-0.869873,0.13916,148.4375,-87.669365,67.100525,1.134634473948769
8.17,-0.665283,-0.719482,0.162354,115.547173,-74.363708,38.642883,0.993284772725828
8.18,-0.619141,-0.527344,0.075684,62.377926,-59.036251,25.962828,0.81679577623357
8.19,-0.625488,-0.513184,0.043701,21.736143,-44.128414,21.812437,0.8102486244363516
8.2,-0.619873,-0.564453,0.023193,3.517151,-27.656553,14.457702,0.8386820855288373
8.21,-0.60791,-0.586914,0.081055,14.305114,-22.499083,13.000487,0.8488772140427613
8.22,-0.649902,-0.602783,0.18042,36.117554,-8.926392,26.351927,0.9045835125034061
8.23,-0.73584,-0.672607,0.210205,38.490295,6.843566,41.763302,1.018845829394222
8.24,-0.50708,-0.573975,-0.009033,25.367735,22.5296,45.616146,0.76593669589203
8.25,-0.422363,-0.61377,-0.075195,38.345337,20.362852,26.641844,0.7488380363563273
8.26,-0.515869,-0.621338,0.125244,40.840145,13.603209,2.937317,0.8172317877695409
8.27,-0.71582,-0.711914,0.371582,21.636961,21.888731,-29.45709,1.0757755335198882
8.28,-1.117188,-0.846436,0.524902,-20.820616,41.465755,-67.687988,1.4966913639905859
8.29,-0.55127,-1.235596,0.269043,-38.459778,112.754814,-117.454521,1.3794854924808018
8.3,-0.573242,-1.065918,0.020264,-46.417233,79.116821,-121.704094,1.2104537178198924
8.31,-0.617188,-0.732666,0.012451,-32.356262,55.297848,-117.629997,0.9580582040257262
8.32,-0.56665,-0.406738,0.111572,7.8125,78.834534,-75.798035,0.7063825693829088
8.33,-0.61792,-0.482422,0.043701,30.517576,72.395325,-69.839478,0.7851534180559874
8.34,-0.743896,-0.693115,0.216064,51.475521,66.757202,-59.707638,1.0394581829669725
8.35,-0.107666,-0.643066,0.640625,55.603024,62.644955,-29.861448,0.9140712436878211
8.36,0.064453,-0.638184,0.228516,-20.790098,148.81897,-38.215637,0.680920383981123
8.37,-1.099854,-0.963379,-0.658203,41.870113,126.312248,-23.078917,1.603436655489078
8.38,-0.5979,-1.059082,-0.355225,174.537643,-0.953674,7.278442,1.2670137699918655
8.39,-0.48584,-1.081543,0.250977,162.811264,-16.593933,18.745422,1.211926244033852
8.4,-0.713867,-1.019287,0.307373,108.757011,-6.370544,2.838135,1.2818074126743846
8.41,-0.815674,-0.960693,0.163086,75.492859,23.765562,11.535644,1.2707683336946196
8.42,-0.848877,-1.01416,0.254883,65.0177,47.973629,32.424927,1.3468771326360842
8.43,-0.990234,-1.163086,0.364502,71.876526,39.802551,44.80743,1.5704120880062022
8.44,-1.036621,-1.145508,0.424316,73.524475,17.372131,56.015011,1.602128504072317
8.45,-0.741211,-0.982666,0.472412,79.429626,17.38739,64.071655,1.318407870054256
8.46,-0.625732,-0.913086,0.143066,61.279293,59.768673,58.479305,1.116124750901977
8.47,-0.77124,-0.487549,-0.632813,12.275695,58.753963,14.091491,1.110390678081368
8.48,-0.562744,-0.553223,-0.02417,6.523132,-40.06958,-19.53125,0.78950660932319
8.49,-0.665283,-0.86377,0.508057,1.502991,-69.496155,-5.012512,1.2028391406326948
8.5,-0.686523,-0.951416,0.469238,7.194519,-62.675472,-13.778686,1.2636022060874221
8.51,-0.582764,-0.886475,0.329102,60.768124,-75.439453,-9.628296,1.1107474653245895
8.52,-0.442871,-0.834717,0.203125,102.622978,-78.407288,0.648498,0.9665127823029555
8.53,-0.236084,-0.7854,0.050781,84.785454,-41.351315,8.293152,0.8216857824113789
8.54,-0.516113,-0.783691,0.068848,38.848877,6.996154,5.53894,0.9408954561235803
8.55,-0.665771,-0.802734,0.161377,1.083374,28.411863,5.554199,1.0553082181647218
8.56,-0.736084,-0.759277,0.138184,7.766723,19.91272,13.748168,1.066497086560015
8.57,-0.698486,-0.55542,0.205322,25.337217,-13.587951,10.841369,0.9157134880954851
8.58,-0.610596,-0.593018,0.336426,21.972654,-17.402649,8.354187,0.9152487514419236
8.59,-0.502441,-0.777832,0.336914,18.65387,8.491516,14.755248,0.985383489866255
8.6,-0.517578,-0.795654,0.265381,34.835815,39.260864,27.06146,0.9855857897519626
8.61,-0.467041,-0.726318,0.217773,45.722958,71.739197,48.858639,0.8905561253138401
8.62,-0.368408,-0.7771,0.281006,17.89856,121.574394,67.29126,0.9047503724785085
8.63,-0.825684,-0.673584,0.191406,-25.154112,163.185104,68.275452,1.0826383189911577
8.64,-1.003418,-0.490234,0.193848,-46.798702,128.425598,37.414551,1.1334699398678378
8.65,-0.860596,-0.648438,0.133301,-36.78894,87.821953,21.011351,1.0857561750508262
8.66,-0.845459,-0.587646,-0.019043,-6.759643,42.16003,30.822752,1.0298016206270022
8.67,-0.998779,-0.60376,0.001709,-8.720398,-10.406493,39.94751,1.1670854934930859
8.68,-0.86377,-0.806885,0.223877,-20.164488,-53.047176,50.582882,1.2030307258145985
8.69,-0.775146,-0.882568,0.234131,-4.882813,-64.727783,55.557247,1.1977457664717501
8.7,-0.552734,-0.797363,0.329102,14.72473,-81.069939,35.423279,1.0245051268436876
8.71,-0.674805,-0.740723,0.430176,13.572692,-75.660706,-6.16455,1.0904511643031063
8.72,-0.881592,-0.831787,0.280518,22.171019,-65.910339,-20.324705,1.244091803749627
8.73,-0.865723,-0.689941,0.114014,22.430418,-55.27496,-9.544373,1.1128764928804993
8.74,-0.768799,-0.607666,0.069824,18.455505,-49.949642,15.701293,0.9824384260262828
8.75,-0.523193,-0.5896,0.086182,22.201536,-47.927853,34.301758,0.7929605364537381
8.76,-0.300293,-0.508057,0.012695,15.251159,-25.711058,32.295227,0.5903041284990306
8.77,-0.655762,-0.776611,0.098633,4.53186,-29.174803,6.874084,1.0212134520529976
8.78,-0.910889,-0.76709,0.40918,-26.336668,-49.079891,-15.731811,1.2591958190928845
8.79,-0.970703,-0.769043,0.400146,-47.981258,-50.796505,-22.888182,1.301463895532258
8.8,-0.931885,-0.730469,0.268311,-39.031982,-50.712582,-11.337279,1.2140780065164676
8.81,-0.727295,-0.601807,0.264648,-28.251646,-45.494076,8.43811,0.9803918839821146
8.82,-0.527344,-0.644531,0.265381,-20.004272,-31.738279,18.592834,0.8740360286956138
8.83,-0.446533,-0.84375,0.111084,9.895325,-27.084349,35.179138,0.9610647416511544
8.84,-0.636719,-0.869629,0.249268,28.541563,-43.54858,42.236324,1.1062550422149495
8.85,-0.983398,-0.831787,0.522949,-10.475158,-64.819336,22.476194,1.390113986827699
8.86,-0.912598,-0.779297,0.517822,-33.241272,-66.352844,23.200987,1.3070113035077395
8.87,-0.69751,-0.704346,0.366211,-7.438659,-57.754513,29.159544,1.0567563505070598
8.88,-0.650146,-0.722656,0.205566,28.83148,-68.580627,18.028259,0.9935687676290956
8.89,-0.648926,-0.596436,0.109863,34.133911,-82.672112,9.422302,0.8882064705579441
8.9,-0.692871,-0.491455,0.071777,26.31378,-90.110771,7.377624,0.8524964383473986
8.91,-0.813965,-0.562012,0.216553,17.89856,-88.554375,14.488219,1.0125668921992266
8.92,-0.578613,-0.629639,0.344727,-11.535644,-79.51355,19.325256,0.9219951076979747
8.93,-0.605469,-0.655518,0.439941,-45.501705,-47.966,11.627196,0.9949093635934885
8.94,-0.733643,-0.739502,0.500488,-40.27557,-28.907774,9.83429,1.1556744773494827
8.95,-0.818848,-0.779541,0.320557,-20.545958,-29.670713,9.056091,1.1751395695975861
8.96,-0.826904,-0.789307,0.139648,-16.723633,-51.582333,0.267029,1.1516411460906562
8.97,-0.770996,-0.767822,0.20874,-6.141662,-89.668266,-11.306762,1.1079520943163563
8.98,-0.581055,-0.691895,0.285156,-21.293638,-102.577202,-19.02771,0.9474479132838913
8.99,-0.731934,-0.671631,0.439209,-51.910397,-84.20562,-22.224424,1.0861492191213877
9.0,-0.661621,-0.590332,0.484375,-78.102112,-62.362667,-18.005371,1.0103728809157537
9.01,-0.697266,-0.575439,0.46167,-62.438961,-47.172543,-17.631531,1.0151103912269839
9.02,-0.720947,-0.673828,0.407959,-43.518063,-32.348633,-11.230468,1.0678198799769556
9.03,-0.711914,-0.792969,0.364258,-34.324646,-27.763365,-5.508422,1.1261906006182967
9.04,-0.658691,-0.887939,0.420166,-17.913818,-49.545284,-4.356384,1.182729457127876
9.05,-0.548096,-0.848877,0.325195,10.993957,-65.658569,-3.883362,1.0614863043723175
9.06,-0.561768,-0.825195,0.233643,21.545408,-66.223145,-4.608154,1.0252410083965622
9.07,-0.632568,-0.750977,0.281738,11.764525,-51.895138,-1.602173,1.0215111501089942
9.08,-0.646973,-0.70166,0.402344,-4.058838,-36.514282,5.729675,1.035751665538125
9.09,-0.675049,-0.708984,0.435303,-21.133421,-18.89801,11.83319,1.0713720952432912
9.1,-0.659912,-0.773682,0.436768,-27.770994,-8.354187,10.482787,1.1067221741214006
9.11,-0.693848,-0.737793,0.412354,-49.85046,1.205444,3.768921,1.0935261218960433
9.12,-0.697754,-0.753662,0.388672,-67.764282,13.877868,-4.127502,1.0981497977707777
9.13,-0.671387,-0.691895,0.361816,-77.011108,20.683287,-11.795043,1.0297524035660224
9.14,-0.63916,-0.697021,0.401855,-78.033447,21.888731,-21.369932,1.0275462135913889
9.15,-0.650146,-0.871826,0.446045,-77.667236,28.808592,-17.341614,1.1754686459523283
9.16,-0.6521,-0.664795,0.459229,-112.403862,51.185604,1.159668,1.0383053869002126
9.17,-0.79541,-0.407471,0.226318,-153.35083,71.182251,18.867493,0.9219162223678462
9.18,-0.684326,-0.623535,0.439209,67.001343,6.942749,34.52301,1.0246963043663229
9.19,-0.712158,-0.868164,0.176514,75.065613,27.313231,21.575926,1.1366771485589038
9.2,-0.744873,-0.698242,0.328613,-7.034301,15.884398,-5.630493,1.0725503160514196
9.21,-0.799805,-0.802979,0.337158,-17.623901,-21.339415,0.038147,1.1824292069422169
9.22,-0.796875,-0.793945,0.222656,12.771605,-41.542049,28.182981,1.1467057700151333
9.23,-0.701172,-0.862061,0.237549,34.568787,-43.510433,67.687988,1.1363189995357819
9.24,-0.575928,-0.744141,0.358643,46.600338,-39.0625,97.953789,1.0070072941711992
9.25,-0.725586,-0.719238,0.681152,60.127254,-12.565612,117.59948,1.227903249911816
9.26,-0.845947,-0.750732,0.724609,46.06628,44.639584,131.019592,1.3432360423670888
9.27,-0.958496,-0.809814,0.44165,1.495361,90.2481,129.112244,1.3302511112989157
9.28,-1.139648,-0.780518,0.207275,-3.013611,93.391411,104.62188,1.396770860897735
9.29,-1.111328,-0.746826,0.156982,0.953674,65.261841,75.431824,1.3481254934849354
9.3,-0.988525,-0.739502,0.160889,-61.210629,63.117977,49.34692,1.244961908634156
9.31,-0.956299,-0.643311,0.11377,-164.611801,78.00293,15.953063,1.1581452555798
9.32,-0.907227,-0.558594,-0.068848,-248.466476,126.480095,-6.889343,1.0676273382922528
9.33,-0.510254,-0.421875,-0.253418,-249.992355,168.90715,-43.312069,0.708913494627518
9.34,0.190674,-0.440674,-0.220459,-248.817429,154.922485,-120.864861,0.5283486720272892
9.35,0.019531,-0.348145,-0.399414,-211.814865,80.619804,-153.22876,0.5302055680413023
9.36,-0.363525,-0.607178,-0.175537,-88.386528,41.870113,-124.595634,0.7291287867571818
9.37,-0.591797,-0.616211,0.068115,-1.190186,18.867493,-105.728142,0.8570760403575637
9.38,-0.546875,-0.636475,-0.014648,42.434689,0.022888,-95.130913,0.8392778176229847
9.39,-0.452637,-0.775879,-0.208008,69.656372,-19.508362,-83.740227,0.922028093104543
9.4,-0.59668,-0.994141,-0.104004,70.022583,-22.483824,-67.520142,1.164113474836968
9.41,-0.770264,-0.855469,0.135254,32.791138,-30.632017,-41.793819,1.1590631924847756
9.42,-0.756836,-0.703125,0.072998,-5.256652,-41.511532,-23.017881,1.0356226168469864
9.43,-0.34375,-0.721924,-0.406006,-15.182494,-42.594906,-36.949158,0.8967603895757216
9.44,-0.352539,-1.183594,-0.467285,-1.205444,-93.872063,-9.803772,1.3204293902295572
9.45,-0.662354,-1.144043,0.244141,-6.965637,-111.404411,10.093688,1.3443035501872336
9.46,-0.972412,-1.216797,0.789795,-31.417845,-91.63665,1.052856,1.7464123736901318
9.47,-1.384277,-0.857666,1.235352,-79.231262,-15.1062,2.220154,2.043993234868697
9.48,-1.100098,-0.605469,0.853516,-121.841423,50.514217,1.014709,1.5183207440527842
9.49,-0.806641,-0.711914,0.427246,-63.232418,11.062621,-16.555786,1.157596817027846
9.5,-0.791016,-0.710205,0.180176,-0.144958,-17.219543,-3.14331,1.0782211485854838
9.51,-0.827393,-0.609375,0.101563,27.023314,-3.982544,31.257627,1.0325851587365567
9.52,-0.874023,-0.60376,0.184082,40.40527,1.89209,53.1311,1.0781134100144567
9.53,-0.786133,-0.722412,0.160156,44.55566,4.455566,64.727783,1.0795990625083927
9.54,-0.822754,-0.714111,0.384033,45.120235,12.367248,72.685242,1.1551450168381459
9.55,-0.927979,-0.682129,0.650391,15.647887,22.209166,68.252563,1.3226690629038695
9.56,-0.968994,-0.673828,0.641602,-38.902283,53.367611,68.878174,1.3433713827620417
9.57,-0.959473,-0.551025,0.441162,-46.218868,82.122795,83.015434,1.1911510813486255
9.58,-0.841797,-0.596191,0.177979,-23.468016,92.430107,94.131462,1.0467771597293285
9.59,-0.673828,-0.991211,-0.140381,-53.833004,98.915092,79.490662,1.2067519402370979
9.6,-0.40625,-0.869873,-0.443848,-101.615898,105.056755,52.093502,1.0576952045523322
9.61,-0.361572,-0.51709,-0.54834,-139.099121,113.761894,31.211851,0.8359384755375243
9.62,-0.410889,-0.651855,-0.464844,-159.004211,113.876335,15.48767,0.8999025812175449
9.63,-0.541016,-0.76123,-0.295166,-174.926743,107.872002,1.914978,0.9794347312159193
9.64,-0.619385,-0.81665,-0.289795,-187.927231,113.723747,-10.673522,1.0651460663918353
9.65,-0.655273,-0.643555,-0.277588,-188.94957,90.408318,-29.701231,0.9594794631976237
9.66,-0.609375,-0.460449,-0.302979,-181.755051,69.404602,-44.113155,0.8216735645419049
9.67,-0.443115,-0.449219,-0.577148,-175.97197,61.172482,-45.051571,0.8551306491349728
9.68,-0.487061,-0.594727,-0.681396,-149.375916,46.424862,-35.964966,1.0272434624109321
9.69,-0.775391,-0.447266,-0.276855,-87.234489,14.488219,-13.893126,0.9369774643298525
9.7,-0.856689,-0.477783,-0.100342,-46.188351,-10.238647,5.683898,0.986033039392697
9.71,-0.770264,-0.914063,-0.318115,-28.244017,-18.379211,18.234253,1.236937731209619
9.72,-0.708496,-1.010254,-0.451172,-29.052732,-11.940001,26.092527,1.3138249122756047
9.73,-0.692627,-0.8125,-0.469238,-29.647825,-4.707336,36.598206,1.1662215534678648
9.74,-0.746582,-0.483154,-0.344238,-24.887083,-6.538391,47.592159,0.9535839087799248
9.75,-0.772217,-0.37793,-0.31665,-27.366636,-8.407593,38.787842,0.9161972508630443
9.76,-0.760254,-0.592529,-0.378906,-26.336668,-8.636475,20.736692,1.0356864956119685
9.77,-0.75415,-0.807373,-0.375977,-23.269651,-9.140015,11.428832,1.167027029746098
9.78,-0.813721,-0.933594,-0.351807,-17.608643,-15.716552,11.306762,1.2874423435346531
9.79,-0.817139,-0.973877,-0.244141,-15.876769,-23.628233,18.859863,1.2945104805798213
9.8,-0.857666,-0.887939,-0.222412,-9.613037,-29.472349,33.798218,1.2543897851230295
9.81,-0.859375,-0.735352,-0.248047,2.510071,-33.538818,48.484798,1.1579271431044356
9.82,-0.807617,-0.484375,-0.281982,5.973815,-38.276672,58.082577,0.9830453741501458
9.83,-0.824463,-0.265381,-0.203857,6.805419,-52.467342,42.91534,0.8897887333401114
9.84,-0.858154,-0.470947,-0.161133,18.470764,-63.941952,22.338865,0.9920600829657445
9.85,-0.865479,-0.829102,-0.190918,27.267454,-60.981747,28.816221,1.2136365636256186
9.86,-0.879883,-0.890137,-0.11792,38.352966,-58.135983,53.50494,1.2571567519040734
9.87,-0.816895,-0.700684,-0.126221,54.89349,-53.985592,83.221428,1.0836084392999161
9.88,-0.774658,-0.611084,-0.330322,77.407837,-49.385067,100.952141,1.0404956971097958
9.89,-0.766602,-0.6521,-0.438721,109.191887,-55.953976,107.978813,1.0979021596868275
9.9,-0.63916,-0.856934,-0.826172,165.855392,-88.676445,122.398369,1.3510816257872802
9.91,-0.926025,-0.851074,-0.332275,221.389755,-154.47998,141.708374,1.3008673759173146
9.92,-1.063721,-0.27832,0.466064,88.043205,-66.337585,77.011108,1.19422780085585
9.93,-0.940186,-0.621582,-0.135254,-51.040646,4.577637,-7.957458,1.1351685081237939
9.94,-0.991455,-0.793701,-0.20166,-64.689636,-10.986327,-25.444029,1.2859280889793177
9.95,-0.977051,-0.503906,0.010986,-35.209656,-19.78302,-17.967224,1.0993955637681097
9.96,-0.909912,-0.376465,-0.053955,-11.878966,-16.777039,-17.211914,0.9861931281417449
9.97,-0.796875,-0.19751,-0.119385,13.893126,-13.946532,-24.54376,0.8296220488571889
9.98,-0.805176,-0.19165,-0.138672,48.095699,-13.198852,-24.742125,0.8392067904038908
9.99,-0.869873,-0.616455,-0.185303,75.828552,-8.605957,-14.617919,1.082142783999875
10.0,-0.830811,-0.586426,-0.123047,69.122314,2.525329,-7.293701,1.0243451251438647
10.01,-0.810547,-0.462402,-0.041992,31.219481,18.211365,-21.575926,0.9341120793978632
10.02,-0.852539,-0.503906,-0.047363,-20.217894,22.056578,-35.240173,0.9914571383201596
10.03,-0.875732,-0.438965,-0.098145,-24.322508,5.0354,-52.696224,0.9844944124138034
10.04,-0.818848,-0.524414,-0.225098,0.946045,-10.787963,-65.467834,0.9980937832207953
10.05,-0.8396,-0.64917,-0.224121,-5.844116,-12.039184,-80.01709,1.0847027572293713
10.06,-0.927246,-0.650879,-0.07959,-27.870176,-10.688781,-94.947807,1.1356774124974927
10.07,-0.89624,-0.584229,-0.044189,-24.482725,-13.09204,-98.037712,1.0707578296524383
10.08,-0.824463,-0.692139,-0.066895,1.373291,-14.198302,-85.899345,1.078550218911943
10.09,-0.763672,-0.695801,-0.085449,15.380858,-14.389037,-69.252014,1.0366462688815314
10.1,-0.676025,-0.713135,-0.19165,4.165649,-8.903503,-59.944149,1.0011498645807229
10.11,-0.744873,-0.808594,-0.164551,-33.409119,-8.102417,-61.355587,1.111637114604402
10.12,-0.901367,-0.621826,-0.000732,-53.726192,-17.303467,-68.725586,1.0950482084314828
10.13,-0.920166,-0.467773,-0.036621,-33.988953,-25.421141,-79.483032,1.0328882537457769
10.14,-0.850342,-0.511963,-0.16626,-8.483887,-31.929014,-90.179436,1.0063945637437635
10.15,-0.849365,-0.695801,-0.141602,-5.691528,-28.511045,-94.329826,1.107073195967638
10.16,-0.835938,-0.800049,-0.095703,-12.870788,-22.010801,-85.823051,1.1610468579923896
10.17,-0.722656,-0.736572,-0.092285,-1.930237,-18.341064,-69.633484,1.035995427955645
10.18,-0.626465,-0.569092,-0.104736,36.03363,-23.353575,-56.121822,0.8528151794996381
10.19,-0.60376,-0.672852,-0.076904,62.774654,-26.794432,-49.934383,0.9072872625139184
10.2,-0.644043,-0.796387,-0.051758,72.319031,-22.972105,-48.675533,1.0255254897768264
10.21,-0.704346,-0.615234,-0.095703,78.590393,-20.408628,-61.340328,0.9400932010609373
10.22,-0.7854,-0.710938,-0.0271,87.35656,-31.623838,-86.608879,1.0597265731517729
10.23,-0.922607,-0.587646,0.186035,96.580498,-31.616209,-101.142876,1.1095677171718723
10.24,-0.88208,-0.488037,0.104736,79.200745,-11.45172,-100.776665,1.0135160923562092
10.25,-0.593262,-0.65332,-0.395752,59.532162,7.019042,-87.745659,0.9671641373355404
10.26,-0.460693,-0.923584,-0.465332,47.790524,0.991821,-80.642693,1.1321569306103285
10.27,-0.555664,-1.054688,-0.085449,33.943176,-12.5885,-78.88031,1.195169774484362
10.28,-0.578613,-0.913574,-0.014404,43.022152,-24.848936,-56.831356,1.0814887574362482
10.29,-0.651855,-0.703857,0.040039,67.893982,-34.01947,-42.259212,0.9601732859203072
10.3,-0.735596,-0.76709,0.169189,82.900993,-32.371521,-43.701168,1.0761753858163643
10.31,-0.766846,-0.865479,0.178711,74.821472,-22.552488,-37.857056,1.1700616687499852
10.32,-0.743896,-0.868408,0.057617,65.925598,-10.589599,-31.364439,1.1449163427818645
10.33,-0.730225,-0.8479,0.041504,82.519524,-9.300232,-28.144835,1.1197703079832935
10.34,-0.787842,-0.83667,0.23584,93.917839,-17.433167,-20.347593,1.1731718593045097
10.35,-0.684326,-0.8396,0.172607,85.494987,-17.417908,-9.83429,1.0968242387570581
10.36,-0.469238,-0.756104,-0.210449,74.59259,-12.771605,-1.63269,0.9144213148549196
10.37,-0.380127,-0.682617,-0.376221,71.357727,-20.362852,-1.014709,0.8671820718044164
10.38,-0.338379,-0.775391,-0.305908,59.768673,-30.319212,-3.494262,0.8996172825074006
10.39,-0.435791,-0.646973,-0.193359,48.446651,-40.39764,-8.262634,0.8036638359979874
10.4,-0.412842,-0.633301,-0.167236,28.648375,-56.610104,-24.665831,0.7742587120988694
10.41,-0.479248,-0.928223,0.150146,12.954711,-73.066711,-36.636353,1.0553769016559913
10.42,-0.629639,-1.116943,0.512207,1.953125,-70.243835,-43.525692,1.3807110292957756
10.43,-0.750732,-1.056885,0.68457,-22.796629,-61.096188,-41.580196,1.4660288278028506
10.44,-0.713379,-1.006592,0.527832,-49.964901,-57.632442,-48.278805,1.3419179081929713
10.45,-0.653076,-0.707764,0.259033,-51.765438,-60.913082,-60.630795,0.9972643764624303
10.46,-0.530273,-0.380859,-0.079834,-33.119202,-43.540951,-93.65081,0.6577358892184614
10.47,-0.53833,-0.286865,0.131836,-21.446226,-54.466244,-120.048515,0.6240764760996844
10.48,-0.677979,-0.470703,0.600098,-89.866631,-40.115356,-179.199203,1.0204579600620498
10.49,-0.560059,-1.132324,0.761963,-132.957458,-12.046813,-201.217636,1.4752665311142932
10.5,-0.568604,-1.553955,0.7229,-199.546799,27.992247,-185.9207,1.805732832077049
10.51,-0.552979,-1.005859,0.303711,-248.252853,83.801262,-159.599304,1.187340925700365
10.52,-0.508545,-0.652588,0.00708,-235.076889,102.149956,-141.197205,0.8273688664489376
10.53,-0.585205,-0.822998,0.10498,-144.119263,116.958611,-114.219658,1.0152888261125501
10.54,-0.572266,-0.900635,0.064941,-76.148987,148.468018,-91.033928,1.0690412113019778
10.55,-0.485596,-1.203125,0.071533,-64.949036,156.730652,-57.960506,1.299396094703228
10.56,-0.329346,-1.277344,-0.109863,-117.462151,161.499008,-45.135494,1.323686655074002
10.57,-0.12793,-1.085938,-0.366699,-143.569946,132.354736,-40.64941,1.1532976984911572
10.58,-0.147461,-0.962646,-0.4021,-71.525574,48.904415,-25.993345,1.0536206517703608
10.59,-0.175049,-1.096924,-0.380859,-16.197205,17.471313,-7.125854,1.1742819048499387
10.6,-0.109375,-1.054443,-0.319824,10.169982,26.382444,8.583069,1.1072941442317845
10.61,-0.202148,-1.054932,-0.188721,49.613949,27.999876,18.39447,1.0905782660446706
10.62,-0.217041,-1.137451,-0.128418,48.33984,33.065796,20.446775,1.165071995975356
10.63,-0.261719,-0.979492,-0.090576,4.844666,64.613342,2.105713,1.0178926391329293
10.64,-0.306641,-0.893311,-0.131104,-34.187317,106.941216,-37.42981,0.9535310715535178
10.65,-0.332275,-1.319092,-0.100586,-105.37719,84.259026,-63.262936,1.3640117021070601
10.66,-0.341064,-0.997559,-0.03418,-153.778076,142.707825,-125.541679,1.0548065618761575
10.67,-0.203369,-0.740967,-0.253418,-200.950607,205.093369,-163.024887,0.8090807919942236
10.68,-0.026611,-0.966064,-0.341309,-246.437057,178.405746,-143.432617,1.0249290857898414
10.69,0.049805,-1.226318,-0.395508,-226.814255,129.333496,-152.053833,1.2894816606733885
10.7,0.187012,-1.150879,-0.557373,-220.733627,70.655823,-102.607719,1.2923469433221095
10.71,0.150635,-0.92334,-0.451172,-166.236862,28.938292,5.851745,1.03865481870013
10.72,-0.104004,-0.279053,-0.179443,-88.150017,-7.438659,44.258114,0.3476883648815416
10.73,-0.42334,-0.609863,-0.160156,-17.623901,-43.563839,21.408079,0.7594732244819432
10.74,-0.569092,-1.101318,-0.063721,-5.393981,-21.080015,34.744263,1.2413006917862408
10.75,-0.303711,-0.872559,-0.27832,1.495361,-62.553402,-42.907711,0.9649153343179908
10.76,-0.056152,-0.837402,-0.492188,-11.169433,-81.153862,-60.470577,0.972956414261194
10.77,-0.113037,-1.006104,-0.536865,0.175476,-102.195732,-3.990173,1.1459697423623367
10.78,-0.187256,-1.017822,-0.372314,-11.184691,-120.086662,1.235962,1.0998382371130764
10.79,-0.279297,-0.991211,-0.263672,10.292052,-77.629089,-7.5531,1.0630282142605623
10.8,-0.160889,-1.281738,-0.501953,22.232054,-49.827572,6.622314,1.3858911880714155
10.81,-0.170898,-0.87085,-0.385498,17.471313,-52.078243,28.472898,0.9675714737981893
10.82,-0.363281,-0.6604,-0.327148,50.415035,-27.030943,1.319885,0.8216611581820088
10.83,-0.40918,-0.884521,-0.307129,71.243286,-22.499083,-6.515502,1.0218287011441791
10.84,-0.262451,-0.76123,-0.393555,95.252983,-19.416809,-4.165649,0.896235001730015
10.85,-0.181152,-0.842285,-0.36792,98.175041,-5.981445,-12.741088,0.9368165213791866
10.86,-0.168701,-1.010742,-0.315918,59.17358,5.767822,-30.746458,1.0723169310838097
10.87,-0.177246,-1.077637,-0.245605,45.501705,5.546569,-36.445618,1.1193924532129025
10.88,-0.148193,-1.137207,-0.238037,49.934383,-7.598876,-42.449947,1.1712653582630197
10.89,-0.128418,-0.985596,-0.440186,45.577999,-23.948668,-46.287533,1.0870392690864483
10.9,-0.065918,-1.16333,-0.282959,69.221497,-10.627746,-32.775879,1.1990611607858042
10.91,-0.325928,-0.89917,-0.197998,38.18512,-13.084411,7.6828,0.976697987142392
10.92,-0.332275,-0.781494,-0.188477,25.794981,-13.076781,13.236999,0.8698638555486714
10.93,-0.110596,-1.097656,-0.307617,14.038085,-21.713255,8.789063,1.1452983839336366
10.94,-0.082275,-1.198242,-0.276855,-14.10675,-33.058167,20.912169,1.232559027882235
10.95,-0.001221,-1.174805,-0.344238,-35.354614,-11.810302,7.125854,1.224200996368652
10.96,0.034424,-1.0,-0.45459,-51.910397,-0.579834,-1.174927,1.099016414743656
10.97,-0.460938,-1.010254,-0.143311,-36.598206,0.358582,13.587951,1.1196495108206854
10.98,-0.590576,-0.480957,0.119873,-65.216064,-0.450134,-62.461849,0.7710182771854375
10.99,-0.38623,-0.770996,-0.158691,-89.164726,7.408142,-121.475212,0.8768074351857424
11.0,-0.33374,-0.879883,-0.302002,-71.06781,9.475708,-71.350098,0.98832266456507
11.01,-0.109375,-0.655762,-0.435791,-20.278929,35.346985,-40.64941,0.7949216860483804
11.02,0.067627,-0.753418,-0.634033,120.613091,78.781128,-30.143736,0.9870207388611447
11.03,0.058105,-0.813721,-0.550293,248.451218,54.244991,31.394957,0.9840429069481677
11.04,-0.104004,-0.947021,-0.253418,249.992355,13.710021,85.46447,0.9858429333220379
11.05,-0.14502,-1.145264,-0.105225,248.16893,4.081726,118.591301,1.1591948631360476
11.06,-0.112061,-1.252197,-0.083008,248.535141,21.316526,125.808708,1.2599386185818735
11.07,-0.099365,-1.34375,-0.190674,223.632797,23.78845,105.8731,1.3608431357070512
11.08,-0.169922,-1.06543,-0.221924,181.030258,-23.277281,87.326042,1.1014830151936073
11.09,-0.26709,-0.968262,-0.088135,150.093079,-50.460812,43.42651,1.0082837631187958
11.1,-0.229248,-0.835449,-0.016602,144.638062,-35.011292,8.995056,0.8664902212425712
11.11,-0.125732,-0.722412,-0.077637,136.367798,-18.974304,-18.196106,0.7373704207092932
11.12,-0.055176,-0.848145,-0.07959,94.421379,-7.92694,-17.852783,0.8536561954914871
11.13,-0.180908,-0.874268,0.032227,70.846558,-5.249023,5.180358,0.8933704829559795
11.14,-0.356445,-0.724854,0.136475,69.648743,-18.15033,15.670775,0.8192019195326633
11.15,-0.322021,-0.895752,0.161621,81.611626,-25.421141,9.918213,0.965500138573786
11.16,-0.335449,-1.375977,0.323975,99.31945,-21.492002,17.059326,1.4528587463187879
11.17,-0.341797,-1.13501,0.310059,83.007805,-3.868103,29.96063,1.2252385370979808
11.18,-0.380615,-0.875488,0.264404,41.519161,0.053406,26.626585,0.9905839144590427
11.19,-0.238281,-0.942871,0.135498,24.452208,-0.1297,9.017944,0.9819079720656106
11.2,-0.090332,-1.063477,0.02002,44.128414,-9.178162,10.70404,1.0674942623513253
11.21,-0.012451,-1.083496,-0.076904,51.322933,-20.072937,18.768311,1.086293162379751
11.22,-0.082275,-0.934082,-0.094727,52.841183,-21.865843,14.892577,0.9424709878176621
11.23,-0.232666,-0.859131,0.057129,64.727783,-17.608643,-5.104064,0.8919098975558012
11.24,-0.354004,-0.967285,0.287598,59.814449,-8.033752,-27.458189,1.0694258800145993
11.25,-0.438477,-1.023438,0.438477,38.101196,1.457214,-33.210754,1.1966409231269002
11.26,-0.351807,-1.029053,0.342773,27.137754,9.712219,-23.979185,1.1402682016030263
11.27,-0.181885,-1.001221,0.152832,37.055969,5.729675,-0.289917,1.0290205363791336
11.28,-0.094971,-1.063477,0.075928,66.673279,-1.976013,8.758545,1.070405475300832
11.29,-0.089844,-1.105225,0.108887,85.021965,-6.195068,-13.114928,1.1142040314637172
11.3,-0.256836,-1.005371,0.283203,54.740902,-19.256592,-44.700619,1.0756112298344602
11.31,-0.360352,-1.096924,0.510986,-1.045227,-24.749754,-65.77301,1.2626173283604183
11.32,-0.311279,-1.246582,0.550049,-43.136593,-5.813598,-60.569759,1.3976463075349215
11.33,-0.279541,-1.105469,0.421387,-77.590942,27.297972,-47.615047,1.2156364112723015
11.34,-0.245605,-1.009277,0.302246,-104.980461,47.424313,-47.33276,1.0818107613025487
11.35,-0.105713,-0.838379,0.006104,-116.096489,38.215637,-50.582882,0.8450395522258115
11.36,-0.016357,-0.665039,-0.284424,-87.928764,18.234253,-34.889221,0.7234925257015445
11.37,-0.185791,-0.664795,-0.17749,-49.606319,-0.442505,-20.217894,0.7127225180994354
11.38,-0.200439,-0.617432,-0.112305,-29.71649,-12.565612,-33.843994,0.6587947179281267
11.39,-0.192383,-0.708984,-0.028809,8.758545,-19.119263,-45.494076,0.735186703787548
11.4,-0.138428,-0.950439,0.082031,46.531673,-7.8125,-36.148071,0.9639635308796698
11.41,-0.078125,-1.281982,0.172852,57.28912,-1.228333,-29.609678,1.295939496216162
11.42,-0.119385,-1.4104,0.208496,26.283262,-21.080015,-40.252682,1.4307171349505117
11.43,-0.185059,-1.493408,0.277588,-24.29199,-45.394894,-58.807369,1.530218737857108
11.44,-0.202393,-1.428711,0.321045,-50.674435,-32.470703,-51.567074,1.4782584144847613
11.45,-0.104004,-1.287354,0.22998,-70.243835,-9.216309,-19.630432,1.3118643046184313
11.46,-0.041992,-1.425537,0.270752,-86.860649,-1.686096,9.872437,1.451628641194779
11.47,-0.021484,-1.634033,0.287598,-121.276848,-8.239746,36.956787,1.6592884068024463
11.48,-0.01709,-1.741455,0.259521,-181.175217,-24.635313,56.556698,1.760769358708289
11.49,-0.047607,-1.560547,0.207031,-245.040878,-38.589478,59.837337,1.5749397450756648
11.5,-0.05542,-1.299805,0.160889,-249.992355,-45.646664,48.545834,1.3108965194652094
11.51,0.035156,-1.033447,0.02832,-249.221786,-51.826473,34.675598,1.034432534554574
11.52,0.140625,-0.334717,-0.521729,-249.771103,-62.988277,45.104977,0.6356193909526361
11.53,-0.540283,0.046143,-0.451172,-249.992355,-89.431755,67.703247,0.7054013539269683
11.54,-0.857178,0.253418,-0.484619,-247.360214,-89.736931,53.38287,1.0167744988781928
11.55,-0.64624,-0.004639,-0.45752,-214.500412,-73.974609,15.594481,0.7918157666534559
11.56,-0.398193,-0.578613,-0.170898,-199.592575,-69.358826,-22.895811,0.7228808998873881
11.57,-0.200928,-1.036865,-0.021484,-232.269272,-76.309204,-51.979061,1.0563724019800025
11.58,-0.173096,-1.162109,-0.10376,-249.992355,-86.952202,-77.583313,1.1795023063551
11.59,-0.156982,-1.289063,-0.229492,-249.992355,-92.987053,-97.30529,1.3187089687861382
11.6,-0.07959,-1.421143,-0.431152,-249.55748,-99.334709,-110.397331,1.4872370495832197
11.61,0.148926,-1.296875,-0.748779,-249.992355,-130.126953,-89.87426,1.5049032227827808
11.62,0.055664,-1.187988,-0.809326,-249.992355,-161.712631,-55.244442,1.438548762926026
11.63,-0.195557,-1.087402,-0.78418,-249.992355,-187.484726,-31.684874,1.3548519927479163
11.64,-0.65625,-0.871582,-0.633301,-249.992355,-184.341415,-9.887695,1.261502834648024
11.65,-0.5625,-0.874268,-0.59668,-249.992355,-166.481003,7.057189,1.1986566682015332
11.66,-0.365967,-0.417969,-0.65918,-249.992355,-118.072502,-53.489681,0.862060440137465
11.67,-0.467041,-0.234131,-0.690186,-249.992355,-90.705864,-140.861511,0.8656219356266337
11.68,-2.13208,-0.755615,0.453125,-249.992355,-70.43457,-165.023788,2.3069550104520897
11.69,-0.907715,-0.33374,-0.660156,-249.992355,21.850584,-249.992355,1.1709546759635918
11.7,-0.223145,-0.406006,-0.735352,-249.992355,-55.809017,-249.992355,0.8691243449386284
11.71,-0.095215,-1.564453,-1.251953,-249.992355,-188.774094,-248.390182,2.005982402625457
11.72,1.293701,-0.78125,-1.246094,-232.444748,-247.856125,-249.870285,1.958765962726788
11.73,-0.419189,0.491455,-1.296143,-240.577682,-143.333435,-230.377182,1.4481830378771188
11.74,-0.243164,0.295898,-0.987305,-232.620224,-117.46978,-195.907578,1.05898796986793
11.75,0.036133,0.109131,-0.827881,-184.333786,-122.062675,-186.43187,0.8358242153772526
11.76,-0.578857,0.585938,-1.097412,-130.516052,-158.760071,-167.129501,1.3721194787761744
11.77,-0.374512,0.661133,-1.344971,-48.194881,-212.234482,-143.234253,1.5447663488935794
11.78,-0.261719,0.593018,-1.398926,68.893433,-170.066818,-60.256954,1.5418045066612693
11.79,-0.353027,0.379639,-0.97998,190.048203,-106.575005,46.913143,1.1086544247194434
11.8,-0.336914,0.11377,-0.660645,249.992355,-86.051933,125.587456,0.7502709326110135
11.81,-0.240723,0.00708,-0.901611,249.992355,-121.765129,194.038376,0.9332202764888899
11.82,-0.203857,-0.522461,-0.97168,249.107346,-141.448975,249.992355,1.1219114026383723
11.83,-0.890381,-1.048584,-0.461914,248.306259,-125.144951,249.992355,1.451093130578806
11.84,-1.251953,-1.104492,-0.204834,137.001038,-120.880119,248.840317,1.682036224291558
11.85,-0.605225,-0.866211,-0.411377,-101.898186,-138.404846,249.992355,1.1339531883084943
11.86,-0.564453,-0.526123,-0.56958,-220.062241,-159.53064,214.424118,0.9590797551496956
11.87,-0.443604,-0.304443,-0.906738,-175.163254,-183.5327,102.767937,1.0543452232115438
11.88,-0.398926,0.003662,-1.071289,-57.586666,-167.205795,-3.295898,1.1431603060118034
11.89,-0.483154,-0.218018,-0.871826,7.217407,-88.142387,-45.906063,1.0203186807640052
11.9,-0.52002,-0.377686,-0.752686,-9.559631,-21.659849,-75.447083,0.9897493266438729
11.91,-0.550293,-0.488037,-0.832031,-47.645565,20.187376,-88.806145,1.1105305417587579
11.92,-0.702881,-0.690918,-0.798096,-89.805595,55.77087,-104.316704,1.2682139441360043
11.93,-0.763672,-0.431641,-0.967041,-147.05658,65.940857,-114.471428,1.3056328626937972
11.94,-0.86377,-0.646973,-1.081299,-159.622192,87.394707,-118.331902,1.5277042262918565
11.95,-0.996338,-0.696289,-1.166748,-199.27977,118.926994,-121.131889,1.6848764575686253
11.96,-0.564697,0.429443,-0.952637,-211.189255,148.117065,-127.815239,1.1877799652406165
11.97,-0.535156,0.284912,-0.700684,-165.38237,122.38311,-63.827511,0.9265661659784475
11.98,-0.673584,-0.123779,-0.563232,-170.402512,37.910461,-1.396179,0.8867169400214477
11.99,-0.631348,0.19873,-1.017334,-202.278122,-71.31958,51.11694,1.2136978114670884
12.0,-0.946777,0.282471,-1.524658,-193.511948,-124.328606,116.638176,1.8167989901290678
12.01,-0.981689,0.207275,-1.42749,-162.055954,-65.1474,141.63208,1.7448220305939512
12.02,-0.934326,0.128174,-0.991699,-143.112183,-28.282164,151.123047,1.3685249559847275
12.03,-0.855957,0.238281,-0.80957,-129.570007,-88.066093,120.689384,1.2020165580015942
12.04,-0.858154,0.300537,-1.108398,-110.359184,-157.745361,45.539852,1.4336306715779348
12.05,-0.82251,0.157227,-1.425781,-76.072693,-163.61998,-31.539915,1.6535097488645176
12.06,-0.771729,-0.1875,-1.455566,-48.46191,-143.730164,-52.612301,1.658129753607057
12.07,-0.698975,-0.250732,-1.283936,-51.185604,-141.906738,-32.867432,1.483214158017985
12.08,-0.749268,-0.200439,-1.091797,-63.140865,-179.61882,-8.407593,1.3392531567086186
12.09,-0.898438,-0.139648,-0.934814,-79.25415,-216.04155,16.433716,1.3040589014089816
12.1,-0.959717,0.034668,-0.731934,-98.747246,-233.29924,18.89801,1.2074708984770606
12.11,-0.925293,0.172363,-0.669922,-107.154839,-232.963547,3.486633,1.1552798906334345
12.12,-0.904053,0.161133,-0.658691,-120.231621,-201.934799,-13.496398,1.1301103945982445
12.13,-0.95874,0.210693,-0.55127,-171.516403,-174.209579,-13.755797,1.1258208297722156
12.14,-0.983154,-0.024658,-0.502197,-232.803329,-166.305527,24.139402,1.1042651997998487
12.15,-0.970947,-0.014893,-0.804199,-249.992355,-190.124496,127.258293,1.2608314359417756
12.16,-0.907959,0.81665,-0.654785,-249.992355,-249.992355,154.174805,1.385658747457685
12.17,-0.954102,0.957031,-0.296143,-249.542221,-249.992355,89.225761,1.3834448445145906
12.18,-0.742188,0.603027,-0.286621,-213.882431,-226.524338,52.215572,0.9983166770689549
12.19,-0.727783,0.439453,-0.248779,-162.895187,-199.745163,26.94702,0.8858205377721832
12.2,-0.731201,0.306152,-0.048828,-170.4254,-175.308212,-14.335631,0.7942091179840484
12.21,-0.76416,0.271484,0.032471,-189.605698,-125.503532,-26.634214,0.8116023864534898
12.22,-0.810791,0.404541,-0.050293,-198.51683,-72.242737,-15.846251,0.9075047394978166
12.23,-0.837402,0.462158,-0.097656,-196.00676,-46.463009,-12.382506,0.9614410127012474
12.24,-0.760498,0.366211,-0.053223,-168.632492,-32.302856,-7.522583,0.8457543332753312
12.25,-0.662842,0.066162,-0.032715,-136.177063,5.859375,13.755797,0.6669386766660036
12.26,-0.584961,-0.000732,-0.121826,-133.872986,49.324032,50.720211,0.5975127459904098
12.27,-0.672852,0.405518,-0.357666,-118.232719,66.558838,75.904846,0.8631915371364574
12.28,-0.777588,0.609375,-0.4375,-53.230282,73.616028,67.428589,1.080456958128828
12.29,-0.755127,0.502686,-0.351563,18.348694,86.456291,31.791685,0.9728856786354705
12.3,-0.775146,0.30542,-0.330811,46.356197,86.029045,-15.335082,0.8964198879080049
12.31,-0.791504,0.099609,-0.304932,27.183531,70.137024,-59.860226,0.8540398465651353
12.32,-0.791016,0.1604,-0.408936,-11.116027,63.507076,-91.26281,0.9048000466136151
12.33,-0.692383,0.146973,-0.47583,-28.541563,66.90979,-112.968437,0.8528830343710677
12.34,-0.685059,0.094971,-0.488037,-37.635803,65.383911,-119.087212,0.8464664421529066
12.35,-0.677734,-0.05957,-0.4375,-47.241207,51.597591,-116.691582,0.8088746563318695
12.36,-0.62207,-0.191895,-0.293945,-70.236206,44.334408,-112.991325,0.714281764396936
12.37,-0.527344,-0.211914,-0.273193,-79.612732,72.319031,-111.28997,0.6305819954462702
12.38,-0.568848,0.023438,-0.408203,-68.511963,129.768372,-105.766289,0.7005476972747823
12.39,-0.671387,0.476318,-0.657471,-21.583555,164.169296,-111.015312,1.0535214552793881
12.4,-0.619385,0.583496,-0.783203,68.916321,152.084351,-124.26757,1.1565086681257517
12.41,-0.597412,0.282959,-0.581543,162.742599,121.841423,-132.423401,0.8804312319960033
12.42,-0.545166,0.033936,-0.190674,212.905869,107.536308,-134.162903,0.5785448936150073
12.43,-0.307861,-0.029785,0.030029,224.472031,153.22876,-111.732475,0.31075276730384876
12.44,-0.391602,-0.19873,0.117188,209.350571,237.174973,-83.480827,0.4545093691531562
12.45,-0.312012,-0.223633,0.010742,173.500046,249.992355,-43.701168,0.3840294225668132
12.46,-0.43457,-0.045898,-0.126221,134.399414,249.282822,4.295349,0.4548510219236624
12.47,-0.393066,-0.008545,-0.256104,99.334709,233.718857,46.943661,0.4692154688381448
12.48,-0.544189,-0.069336,-0.103516,66.879272,127.525322,75.660706,0.5582693891599289
12.49,-0.285889,-0.159668,-0.445557,59.92889,82.679741,65.101624,0.5529443288379039
12.5,-0.402832,-0.31543,-0.495361,57.136532,101.684563,38.993835,0.7121462107215063
12.51,-0.692627,-0.383057,-0.898926,25.924681,123.878471,6.690979,1.1977198252738408
12.52,-0.762939,-0.515625,-0.9104,-17.845154,100.730888,-10.284423,1.2949027833571136
12.53,-0.567871,-0.317383,-1.097168,-36.781311,17.723083,-18.051147,1.275534029947457
12.54,-0.534424,-0.262939,-0.816895,20.957945,-75.515747,-2.784729,1.0109714983727285
12.55,-0.598145,-0.313721,-0.361572,90.370171,-77.148438,13.587951,0.7661152772592387
12.56,-0.234131,-0.543213,-0.154785,143.760681,-29.129026,60.249325,0.6114377194408274
12.57,-0.5,-0.897705,-0.148193,187.30162,9.292603,142.669678,1.0381885340697998
12.58,-0.781982,-0.682617,-0.218018,171.882614,66.200256,206.275925,1.0606571855868416
12.59,-0.582031,-0.355225,-0.408203,126.678459,118.133537,187.05748,0.7947166632171494
12.6,-0.313232,-0.281738,-0.687256,96.260063,138.076782,129.478455,0.8061087991108892
12.61,-0.216309,-0.238525,-0.928955,62.187191,134.643555,75.302124,0.983179104299415
12.62,-0.354248,-0.322021,-0.967041,15.60974,116.394035,24.597166,1.0790539678931725
12.63,-0.364502,-0.384277,-0.842773,-46.913143,97.442619,4.043579,0.9953877888853169
12.64,-0.168457,-0.392822,-0.627441,-117.34771,100.250237,27.687071,0.7591897608727347
12.65,0.044189,-0.168701,-0.455566,-180.969223,106.277458,83.877556,0.4878043413890451
12.66,-0.165527,0.061035,-0.480225,-201.194748,93.971245,139.984131,0.5116058146454162
12.67,-0.24707,0.299561,-0.490234,-173.454269,116.188042,174.171432,0.625387681663942
12.68,-0.12207,0.368408,-0.501709,-114.509575,185.691818,165.344223,0.6343007646574297
12.69,0.108154,0.346436,-0.740967,-66.703796,239.425644,137.496948,0.8250741087326642
12.7,-0.047607,0.492432,-1.121582,-40.90881,230.27037,136.016846,1.2258474145655323
12.71,-0.148926,0.611328,-1.133301,-29.563902,216.300949,129.127502,1.2962530746968355
12.72,-0.171387,0.786133,-1.045898,-33.576965,182.380661,116.287224,1.3195761531120513
12.73,-0.317139,0.724365,-0.805664,-34.370422,169.715866,86.921684,1.1288827571727722
12.74,-0.484863,0.798828,-0.588867,-62.133785,201.972946,60.470577,1.104528245923118
12.75,-0.723145,0.937012,-0.556152,-76.477051,247.856125,27.076719,1.3077596209827707
12.76,-0.673584,1.080322,-0.791016,-84.159843,249.992355,15.159606,1.4988386640983078
12.77,-0.793457,1.495605,-1.998047,-92.063896,198.532089,32.38678,2.6188929227982958
12.78,-0.130859,2.403564,-3.071289,-152.84729,-20.111082,14.160155,3.902186579534351
12.79,-0.553223,1.353516,-2.846924,-177.47496,-136.09314,-103.86657,3.2004745760216564
12.8,0.157471,0.850342,0.134521,-185.173019,-249.992355,-9.262085,0.8751997099211128
12.81,0.316162,1.681152,0.827637,-72.746277,-144.78302,88.371269,1.9003193050424447
12.82,-0.540283,0.918701,-1.185791,91.50695,154.586792,-46.936031,1.5943705789969282
12.83,-0.351563,-0.25,-1.588867,168.388351,106.986992,-56.571957,1.6463884373555349
12.84,0.227295,0.290527,-0.393799,159.729004,-52.665707,35.057068,0.539580028499017
12.85,-0.419434,0.418213,-2.134766,137.878418,73.608398,69.122314,2.21541257297168
12.86,-0.37207,0.280273,-0.949219,97.755424,11.802672,55.26733,1.0573579097874097
12.87,-0.31543,0.262207,-0.809814,84.556572,43.746944,47.660824,0.9077705163448524
12.88,-0.056152,0.126709,-1.256592,49.827572,53.970333,41.496273,1.2642118779101073
12.89,0.005127,0.039551,-1.110352,4.928589,-13.999938,23.353575,1.1110680139550415
12.9,-0.201172,0.006348,-1.106445,-19.363403,-39.398193,17.082214,1.1246026003495633
12.91,-0.368896,0.316406,-1.239014,-5.256652,-3.982544,30.944822,1.3309217512115428
12.92,-0.366699,0.209473,-1.218994,44.692989,-13.023376,7.17926,1.290074984784218
12.93,-0.322021,-0.046387,-1.076904,43.30444,-37.54425,-9.399414,1.1249762234936347
12.94,-0.102051,0.191895,-1.015381,18.066406,-25.032042,26.298521,1.0383817567672307
12.95,-0.119385,0.521973,-1.057129,27.038572,-6.187438,77.552795,1.1850022420210857
12.96,-0.040527,0.791748,-1.006348,36.598206,24.154661,105.957024,1.2811103115411258
12.97,0.126465,0.669678,-1.245117,41.336056,14.671325,82.023613,1.4194288864180553
12.98,-0.004395,0.81958,-1.421875,86.578362,-32.318115,23.864744,1.6411761660620106
12.99,-0.071289,0.832275,-1.19165,156.593323,-53.192135,-65.834045,1.4552640721346763
13.0,0.03125,0.513916,-0.932129,154.945374,-74.737549,-83.366386,1.0648712082674598
13.01,-0.091309,0.266602,-0.752197,106.681816,-111.381523,-82.077019,0.8032523182002029
13.02,-0.186768,0.268311,-0.56665,56.999203,-100.410454,-91.072075,0.6541905693641571
13.03,-0.327881,0.299316,-0.519287,24.627684,-44.418331,-97.740166,0.6831947060582364
13.04,-0.395264,0.17041,-0.609619,17.204285,21.591185,-110.29052,0.7462630387182525
13.05,-0.286865,-0.102295,-0.656494,9.20105,81.878654,-122.543327,0.7236989479652434
13.06,-0.189941,-0.213867,-0.673584,-14.129638,129.554749,-131.111145,0.7318005754479836
13.07,-0.080811,-0.094971,-0.851807,-43.823238,168.556198,-126.678459,0.8608862142066163
13.08,-0.233887,0.105957,-0.708496,-65.132141,203.781113,-105.216972,0.7535891431237581
13.09,0.073242,0.147461,-0.92334,-74.058533,232.215866,-66.459656,0.9379050552614588
13.1,-0.040039,0.080811,-0.909912,-65.368652,249.992355,-31.120298,0.9143704867207821
13.11,0.084717,0.30835,-1.013916,-51.261898,249.992355,-4.135132,1.0631473781395504
13.12,0.126709,0.334229,-0.944092,-26.329039,249.618515,10.719298,1.0094919016941146
13.13,-0.0354,0.27832,-1.039307,-26.519773,245.674118,35.362244,1.0765102055480014
13.14,0.047852,0.358154,-1.050781,-33.966064,225.044235,59.387203,1.1111727190590128
13.15,0.067871,0.315186,-1.015137,-31.333921,196.75444,53.207394,1.0651064810646869
13.16,0.128662,0.277832,-0.99292,-33.081055,173.034653,32.188416,1.0390546938770837
13.17,0.234131,0.3479,-1.056885,-29.907225,157.691956,4.196167,1.1370389783934411
13.18,0.20459,0.435547,-1.247314,-19.088745,140.365601,-27.992247,1.336918274205645
13.19,0.191406,0.488525,-1.449707,-6.278991,110.580437,-53.695675,1.5417338675368066
13.2,0.106445,0.459229,-1.637451,5.546569,54.687496,-64.079285,1.703956451869296
13.21,0.049072,0.314453,-1.70752,23.200987,-36.552429,-54.573055,1.736926394753963
13.22,0.124268,0.011963,-1.412354,66.505432,-134.513855,-19.104004,1.4178608784041544
13.23,0.499268,-0.558594,-0.636719,117.950432,-153.709412,71.090698,0.9832125292229549
13.24,-0.559082,0.094727,-0.479492,76.293945,-73.242188,156.547546,0.7426024948227685
13.25,-0.075195,1.385742,-0.873779,-20.599363,-27.290342,21.255491,1.6399466209087417
13.26,-0.595459,0.412109,-0.94751,50.85754,79.742432,-69.297791,1.1925520737737199
13.27,-0.317139,0.084473,-1.14624,-58.952328,87.944023,-84.892265,1.1922998660781605
13.28,0.048828,0.335449,-0.971191,-46.417233,72.128296,-132.354736,1.0286506519056895
13.29,-0.373779,-0.099609,-0.742188,-11.322021,122.085564,-99.281303,0.836944275962265
13.3,-0.273682,0.091309,-0.794678,-38.94043,175.544724,-79.994202,0.8454302421187688
13.31,0.130859,0.204834,-0.906982,-38.833618,185.501083,-86.578362,0.9389874300335441
13.32,-0.161133,0.526611,-1.157715,-23.78845,206.550583,-97.297661,1.2820245747391117
13.33,0.09668,0.424316,-0.950439,4.821777,249.992355,-117.668144,1.0453350577575593
13.34,0.384521,0.327637,-0.910889,3.631592,249.992355,-117.797844,1.0415954941967636
13.35,0.357178,0.171143,-0.871826,15.495299,249.023422,-101.554863,0.9575732997577783
13.36,0.27124,0.243652,-0.685303,21.308897,249.992355,-86.769096,0.776258743276364
13.37,0.558105,0.240479,-0.599854,20.576475,249.992355,-76.202393,0.8538947018116461
13.38,0.969971,0.113281,-0.584961,14.457702,249.977097,-53.283688,1.1383565774057793
13.39,1.042969,0.19873,-0.626953,2.27356,235.382065,-5.775451,1.2330239300475885
13.4,0.506592,0.459229,-0.643799,-18.234253,182.14415,-8.750916,0.9391506169438425
13.41,0.436279,0.576416,-0.704102,-29.861448,179.931625,-54.534908,1.0091354702422268
13.42,0.405762,0.537109,-0.57251,-36.04126,216.766342,-72.372437,0.8836835285468435
13.43,0.532959,0.490479,-0.51123,-44.418331,249.992355,-97.358696,0.8865500877119126
13.44,0.741699,0.306396,-0.500732,-34.896851,249.992355,-85.769646,0.9459008675548405
13.45,0.85083,0.397217,-0.582275,-14.541625,249.282822,-29.830931,1.1048697704317916
13.46,1.050781,0.541016,-0.531738,7.698059,219.108566,-29.769896,1.2959877788239362
13.47,0.604004,0.523926,-0.231201,2.235413,138.717651,-76.721191,0.8323299753661405
13.48,0.409424,0.627441,-0.374268,-35.293579,140.007019,-129.501343,0.8374883617585381
13.49,0.762695,0.501709,-0.377441,-23.483274,159.851074,-135.536194,0.9878650171895956
13.5,0.612305,0.413574,-0.42334,-0.717163,173.492416,-97.915642,0.8515736151977702
13.51,0.603271,0.562012,-0.486816,24.185179,178.649887,-79.391479,0.9574879662121086
13.52,0.799072,0.499512,-0.516602,44.616695,167.02269,-91.697685,1.0746654948085008
13.53,1.004395,0.398193,-0.441406,49.873348,130.386353,-94.856255,1.1671359124412202
13.54,1.046631,0.409668,-0.478271,41.65649,99.31945,-95.191948,1.2214775764728552
13.55,0.914795,0.511719,-0.35791,36.247253,44.326778,-98.518364,1.1076126557086643
13.56,0.593506,0.416016,-0.409912,35.148621,60.890194,-101.997368,0.8326743253133244
13.57,0.756348,0.515381,-0.419434,34.0271,63.08746,-93.109123,1.0067793962040543
13.58,0.647461,0.50708,-0.306641,46.127316,42.381283,-106.62841,0.8777041504983327
13.59,0.693115,0.324219,-0.228027,48.805233,39.43634,-112.831108,0.7984501712160879
13.6,0.740234,0.380127,-0.338867,32.043457,54.672237,-88.378899,0.8984841426391452
13.61,0.697754,0.493164,-0.402588,14.404296,63.095089,-69.43512,0.9445361153264601
13.62,0.563477,0.438232,-0.375244,7.583618,76.019287,-57.15942,0.8064500448812685
13.63,0.594971,0.497559,-0.317383,2.281189,98.57177,-46.859737,0.8380259053340774
13.64,0.627441,0.632324,-0.199707,-3.639221,98.915092,-42.060848,0.9129067506081878
13.65,0.765869,0.608643,-0.112549,-5.775451,92.842094,-44.395443,0.984717677312132
13.66,0.928467,0.656738,-0.074463,-19.828796,71.44165,-39.672852,1.1396931644534858
13.67,1.027588,0.682861,-0.072754,-34.568787,39.649963,-29.594419,1.2359325983163483
13.68,1.010986,0.628662,-0.173584,-43.388363,7.362365,-19.78302,1.2030960092594438
13.69,1.065918,0.566895,-0.259766,-51.681515,-16.716003,-29.312132,1.2349208470606527
13.7,1.028809,0.630371,-0.289307,-56.02264,-42.655941,-36.437988,1.2407715730024607
13.71,0.987793,0.637451,-0.269775,-57.250973,-73.806763,-43.510433,1.2061746717930202
13.72,0.919922,0.672852,-0.350342,-64.872742,-101.112358,-52.009579,1.1923614455994458
13.73,0.972168,0.597412,-0.364502,-86.563103,-144.309998,-75.233459,1.1978620229275156
13.74,0.576416,0.728027,-0.265381,-109.443657,-161.315903,-114.677422,0.9657669454614813
13.75,0.263428,0.827881,-0.133057,-100.112907,-129.798889,-125.045769,0.8789115010022339
13.76,0.279541,0.657715,0.030273,-88.668816,-73.127747,-93.795769,0.7152961948976103
13.77,0.447266,0.650879,-0.08252,-99.357597,3.883362,-66.230774,0.7940402368879048
13.78,0.702148,0.839355,-0.344971,-98.983757,4.53186,-49.331661,1.1474029896989113
13.79,0.828613,0.629883,-0.4646,-93.498222,-66.078186,-35.041809,1.1398268541572443
13.8,0.936523,0.443359,-0.304688,-125.53405,-176.59758,-18.188477,1.0800357909597256
13.81,0.142578,0.696777,0.441895,-146.888733,-191.902145,-19.309998,0.8373158692142411
13.82,-0.207031,1.193359,-0.24585,-98.045341,-49.789425,24.993895,1.2358842018336509
13.83,0.623779,0.762695,-0.380371,-62.171932,-32.470703,20.011902,1.0561657074091166
13.84,0.522217,0.477051,-0.084473,-57.41119,-65.322876,-14.404296,0.7123369563759836
13.85,0.481689,0.807861,-0.060791,-62.896725,-61.431881,-18.043518,0.9425281076567426
13.86,0.536377,0.818848,-0.071045,-42.182919,-59.745785,-18.180847,0.9814579589865274
13.87,0.578369,0.737549,-0.023438,-33.538818,-62.83569,-27.389524,0.9375705666273872
13.88,0.688232,0.79248,-0.150635,-32.707214,-73.83728,-27.969358,1.0603672663039914
13.89,0.665283,0.810059,-0.250977,-16.197205,-99.006645,-20.38574,1.0778620079114951
13.9,0.562988,0.824463,-0.302979,6.271362,-115.69976,-9.780884,1.043307721122584
13.91,0.570313,0.779053,-0.246338,10.581969,-118.09539,-15.472411,0.9964250624216554
13.92,0.477539,0.8479,-0.250488,10.467528,-96.008293,-25.901793,1.0048493144073891
13.93,0.557861,0.848633,-0.356445,7.80487,-80.581657,-40.344234,1.0763084604494197
13.94,0.560303,0.762451,-0.411865,-1.312256,-82.649223,-61.69891,1.0319417412988972
13.95,0.601563,0.763428,-0.40332,-16.166687,-94.91729,-82.740776,1.052315245804697
13.96,0.506836,0.778809,-0.389404,-17.662048,-111.450188,-92.636101,1.0075026871393444
13.97,0.429443,0.807129,-0.450195,-22.857664,-129.623413,-94.825737,1.019094721267361
13.98,0.424561,0.723877,-0.378418,-12.199401,-155.197144,-82.092278,0.9205705494822218
13.99,0.210205,0.658936,-0.246582,1.113892,-141.815186,-59.478756,0.7342925008775454
14.0,0.216064,0.676514,-0.348633,-7.507324,-116.691582,-27.8244,0.7911383020566
14.01,0.239746,0.674805,-0.237061,-16.189575,-102.363579,-14.564513,0.7543459751745216
14.02,0.277344,0.641113,-0.310547,-10.154723,-93.009941,-4.844666,0.7644507912966014
14.03,0.310791,0.654785,-0.515381,-36.987305,-102.668755,-15.937804,0.8893548319242438
14.04,0.38501,0.710205,-0.432861,-55.984493,-81.55822,-8.850098,0.916511040547794
14.05,0.268311,0.91626,-0.541992,-59.280392,-51.643368,6.790161,1.097851769769034
14.06,0.28833,1.012695,-0.66748,-55.892941,-27.313231,-1.289368,1.2466815561020383
14.07,0.42041,0.942627,-0.592529,-46.623226,-13.061522,-0.366211,1.1901179962802007
14.08,0.434082,0.884277,-0.465332,-37.063599,9.353638,6.088256,1.0894525532013775
14.09,0.424316,0.932373,-0.521729,-37.742615,30.303953,12.649535,1.1495932447722543
14.1,0.565674,0.938232,-0.489014,-33.668518,9.178162,10.116576,1.199750412500867
14.11,0.526367,0.939209,-0.495605,-20.553587,-23.002623,2.197266,1.1852426251173218
14.12,0.487549,0.87207,-0.481934,-3.341675,-63.644405,7.385253,1.1092657448316883
14.13,0.362793,0.861084,-0.391113,9.254456,-88.401787,10.604857,1.0129431349656308
14.14,0.397949,0.849609,-0.580811,22.048948,-109.931938,11.337279,1.1034220757275974
14.15,0.258057,0.720703,-0.028076,34.317017,-121.467583,17.578125,0.7660251244143367
14.16,-0.198242,0.711182,0.114014,7.30133,-54.168697,20.111082,0.7470467989918703
14.17,0.066406,0.819824,-0.344238,-10.879516,29.472349,34.53064,0.8916394722397613
14.18,0.562012,0.770264,-0.269775,-11.589049,39.451599,43.586727,0.9909302036293979
14.19,0.491211,0.750977,-0.006104,-7.705688,33.309937,29.502867,0.8973806103688668
14.2,0.348145,0.830566,0.114014,-13.656615,33.584595,16.983032,0.9077687004832233
14.21,0.253662,0.875977,-0.041992,-7.110595,55.160519,4.516602,0.912931236642169
14.22,0.420654,0.7854,-0.373047,-2.876281,63.194271,10.459899,0.9659021751321404
14.23,0.558838,0.834961,-0.227783,-15.190124,41.389462,8.293152,1.0302159370025294
14.24,0.465088,0.905518,-0.192871,3.356933,30.09033,14.160155,1.0360834516142994
14.25,0.419922,0.827637,-0.262939,15.2359,22.28546,28.732298,0.9646006466792358
14.26,0.507813,0.825439,-0.322998,9.246826,3.517151,21.14105,1.0215435838445661
14.27,0.364746,0.862793,-0.18457,12.016295,6.195068,28.312681,0.9547342511217455
14.28,0.352051,0.79126,-0.831787,16.639709,33.226013,33.26416,1.2007921999954865
14.29,0.999512,0.563965,-1.026611,28.671263,-18.028259,42.724606,1.5398087234101514
14.3,1.19873,0.428467,-0.220947,6.332397,-102.72216,67.611694,1.2920352780779634
14.31,0.450439,0.739258,-0.035889,-66.963196,-114.753716,41.313168,0.8664212044992897
14.32,-0.066406,1.275146,-0.695801,-76.171875,-108.070366,20.011902,1.4541478981702651
14.33,0.119873,1.333008,-0.628662,-2.13623,-101.043694,52.726742,1.4786804166002199
14.34,0.202881,0.943359,-0.550049,33.172607,-72.8302,37.590027,1.1106938396529442
14.35,0.423828,0.492188,-0.656006,56.419369,-73.654175,25.42877,0.9231592890525449
14.36,0.445557,-0.052979,-0.951416,116.157524,-93.742363,82.176201,1.0519126483439583
14.37,0.22876,-0.364014,-0.293701,246.108994,-72.525024,-18.241882,0.5206703440729076
14.38,1.001221,0.054199,0.381348,132.492065,-91.865532,23.330687,1.072756878116379
14.39,0.934082,0.885254,-0.727051,-66.749573,-49.903866,249.992355,1.4781024943626204
14.4,0.137207,1.216309,-0.769043,-3.982544,6.729125,249.992355,1.4455657993253022
14.41,0.327881,1.255127,-0.190674,30.075071,6.286621,210.807785,1.3111850786849277
14.42,0.525635,0.871094,-0.286865,10.803222,53.848263,92.956535,1.057065957396226
14.43,0.864502,0.57959,-0.688232,15.754699,46.081539,60.630795,1.2477786510146742
14.44,1.253418,0.929932,-1.471436,59.417721,-140.159607,97.457878,2.1449834753312205
14.45,1.492432,0.966797,0.698242,125.129692,-249.992355,103.637688,1.9103904324501313
14.46,-0.769043,0.119385,0.095215,84.83886,-41.053768,137.931824,0.7840572748843034
14.47,-0.124512,0.780518,-0.501465,65.841675,27.786253,45.509335,0.9360441937713199
14.48,0.875977,0.992676,-0.653076,90.263359,42.984005,21.888731,1.4762281691124175
14.49,0.57959,0.749268,-0.781738,129.608154,55.52673,24.322508,1.228186225524452
14.5,0.489258,0.472412,-1.016602,196.50267,-44.380184,-57.868954,1.223121463597136
14.51,1.420898,0.497559,-0.119385,249.160751,-174.781784,-142.51709,1.510221461610846
14.52,0.664795,0.742188,-0.435791,137.59613,-72.189331,49.72839,1.0875243514744855
14.53,0.267334,0.790771,-0.996582,106.50634,-8.392334,181.800827,1.299985355579439
14.54,0.759277,0.17334,-0.587402,145.767212,-113.586418,108.451836,0.9754944530508618
14.55,0.730957,-0.017578,-0.461426,107.925407,-221.420273,88.180534,0.864593011427342
14.56,0.031738,0.354492,-0.522949,15.174865,-140.983582,135.597229,0.6325721581835545
14.57,0.141113,0.69873,-1.208984,-34.568787,-58.753963,112.014763,1.4034880847107325
14.58,0.43457,0.171387,-0.655762,21.606443,-132.087708,37.750244,0.8051387391704612
14.59,0.551758,-0.046143,-0.248535,-54.321285,-180.809006,93.864433,0.6069066758884762
14.6,0.426514,0.748291,-0.888428,-135.704041,-96.313469,130.66864,1.2373996622195271
14.61,0.559814,0.616211,-1.105225,-75.279236,-132.850647,79.971313,1.3837015616606059
14.62,0.627441,0.129395,-0.21875,-74.249268,-208.885178,128.089905,0.6769614737974385
14.63,0.60083,1.118164,-0.874023,-139.434814,-99.227898,200.942978,1.5411695637810265
14.64,0.260498,0.144775,-0.609131,-80.390923,-147.941589,166.114792,0.6781294742082813
14.65,0.027588,0.854004,-0.400391,-65.956116,-82.496635,138.778687,0.9436084371395796
14.66,0.626953,0.576172,-0.49707,-29.098509,98.075859,70.81604,0.9859628911338397
14.67,0.524414,0.475586,-0.734619,-21.606443,87.661736,33.943176,1.0202240743841522
14.68,0.277588,0.584473,-0.858643,-15.045165,98.808281,10.44464,1.0751425891117885
14.69,0.543701,0.529785,-0.937744,-12.550353,117.103569,-8.926392,1.2065018579190006
14.7,0.542969,0.394775,-1.03418,-21.209715,72.517395,1.89209,1.2329602215748894
14.71,0.56543,0.393066,-1.052246,-25.131224,-2.105713,6.011962,1.257550639048782
14.72,0.471436,0.441162,-0.812256,-18.798828,-42.762753,8.842468,1.0376105347749704
14.73,0.60083,0.511719,-0.6521,-9.811401,1.800537,18.39447,1.0237614145204927
14.74,0.698975,0.380127,-0.659912,-8.903503,23.117064,23.132322,1.033705197093446
14.75,0.474121,0.431152,-0.731201,-15.457152,3.02124,18.531799,0.9722847690599704
14.76,0.379883,0.516357,-0.803711,-20.080564,-0.579834,13.687133,1.0280501041578665
14.77,0.469971,0.412354,-0.800293,-22.575377,7.469177,14.595031,1.0155675497011512
14.78,0.597168,0.362793,-0.677734,-25.245665,-4.631042,9.735107,0.9734227015171775
14.79,0.542969,0.47876,-0.558105,-31.86035,-24.54376,10.650634,0.9140610830715855
14.8,0.647217,0.4729,-0.550293,-36.643982,-5.317688,14.755248,0.9722893812739086
14.81,0.54248,0.472656,-0.625,-42.175289,-11.383056,17.39502,0.9530546913666602
14.82,0.426514,0.464111,-0.643799,-42.366024,-15.396117,18.798828,0.9009940981593609
14.83,0.349365,0.46875,-0.653809,-35.575867,-10.383605,12.817382,0.8770682266540044
14.84,0.400391,0.464111,-0.659912,-24.429319,8.262634,6.828308,0.9006640999540284
14.85,0.49292,0.437256,-0.642334,-12.359618,27.976988,4.333496,0.9201934054816954
14.86,0.557373,0.442139,-0.64502,-2.670288,46.653744,4.249573,0.9603136762797873
14.87,0.506836,0.45874,-0.67041,1.708984,54.016109,5.79071,0.9574835176628368
14.88,0.456055,0.458984,-0.648926,1.182556,52.062984,5.432128,0.9163827959739314
14.89,0.372803,0.469727,-0.621338,3.120422,50.346371,-1.823425,0.8635313784582468
14.9,0.469971,0.463379,-0.602295,4.570007,60.668941,-9.765625,0.8935055150960178
14.91,0.50293,0.409912,-0.62085,2.189636,67.054749,-12.641906,0.8980095518111152
14.92,0.53418,0.382324,-0.630859,-0.930786,76.660156,-16.281128,0.9107705480838739
14.93,0.574951,0.369629,-0.645996,-5.744934,89.530937,-20.843504,0.9404813034069311
14.94,0.42627,0.429932,-0.675049,-10.643004,93.055717,-25.878904,0.9067738361493455
14.95,0.6521,0.42749,-0.627197,-11.466979,154.930115,-35.186768,1.0006788630269954
14.96,0.738281,0.466797,-0.600098,-15.998839,163.23851,-36.720276,1.0597527465281702
14.97,0.69458,0.553711,-0.563477,-25.978086,146.873474,-24.955748,1.0519237507775931
14.98,0.697266,0.58252,-0.552979,-36.66687,127.998344,-13.656615,1.0636236174498008
14.99,0.729248,0.51001,-0.536133,-39.451599,107.055656,-8.987427,1.0389183987652735
15.0,0.943604,0.453125,-0.478516,-35.491943,84.58709,-17.196655,1.1509510574724713
15.01,1.041992,0.451416,-0.436768,-35.362244,23.353575,-14.991759,1.2166716972725222
15.02,0.692627,0.409424,-0.419678,-36.582947,-79.872131,-9.300232,0.9074633858117913
15.03,0.123047,0.723389,-0.542969,-33.409119,-21.530149,-18.875122,0.91282393948176
15.04,1.065918,0.522705,-0.464355,-32.562256,99.746696,-14.770507,1.2747655728697727
15.05,0.730957,0.532471,-0.394287,-32.409668,93.971245,-1.731872,0.9865524517525665
15.06,0.641113,0.542969,-0.347656,-25.939939,100.570671,-7.93457,0.9092336927688063
15.07,0.665527,0.516357,-0.427246,-33.691406,110.572807,-10.620116,0.944505099877179
15.08,0.693848,0.520752,-0.505127,-42.282101,115.005486,-10.864257,1.0038729893452658
15.09,0.640625,0.480469,-0.474854,-50.247189,118.621819,-15.815734,0.9309872028669351
15.1,0.641602,0.478516,-0.396973,-69.068909,121.360771,-22.308348,0.8934306080435122
15.11,0.650635,0.506592,-0.310303,-86.204521,119.712822,-21.987913,0.8810501174723263
15.12,0.816895,0.525391,-0.267334,-92.285149,125.717155,-26.832579,1.0073830510098927
15.13,1.104492,0.506348,-0.240967,-97.480766,105.819695,-28.236387,1.2386912328167177
15.14,1.060791,0.507568,-0.276123,-101.59301,65.292358,-17.837524,1.2079514607110668
15.15,0.859375,0.56665,-0.28125,-104.927055,7.186889,-16.853333,1.0671078556664269
15.16,0.594238,0.681396,-0.279053,-106.338493,-14.572143,-4.165649,0.9461975936711106
15.17,0.50293,0.628906,-0.219727,-102.066032,6.713867,-7.133483,0.8347103067921229
15.18,0.546875,0.64502,-0.166992,-102.302544,32.302856,-19.111633,0.8619799267320557
15.19,0.615479,0.611572,-0.156738,-101.516716,68.817139,-27.221678,0.8817037548230131
15.2,0.657471,0.560303,-0.100098,-108.90197,108.367912,-31.303404,0.8696132342909693
15.21,0.731445,0.556396,-0.113281,-117.538445,134.994507,-19.363403,0.9259702380757171
15.22,0.794434,0.571045,-0.099609,-118.301384,150.527954,-13.046264,0.983432623651463
15.23,0.826904,0.632324,-0.054932,-128.067017,147.323608,-8.483887,1.042411334750347
15.24,0.715088,0.639893,0.013672,-127.403252,135.490417,-15.327453,0.9596878777899615
15.25,0.800049,0.639404,-0.044189,-123.702995,138.114929,-26.672361,1.0251187957197936
15.26,0.93457,0.696533,-0.15332,-124.595634,136.451721,-24.101255,1.1756216769815875
15.27,0.823975,0.717041,-0.190674,-119.903557,128.02124,-41.954037,1.1088007803848263
15.28,0.701172,0.716064,-0.070313,-109.977715,135.787964,-68.954468,1.0046560325051557
15.29,0.740234,0.659912,0.05127,-100.311272,156.135559,-77.423096,0.9930049523542166
15.3,0.801514,0.700684,0.051758,-91.880791,172.134384,-76.263428,1.0658619284954314
15.31,0.867432,0.74292,0.037354,-75.820923,183.891281,-79.849243,1.142700189174746
15.32,0.997314,0.789551,0.034912,-62.57629,174.217209,-84.434502,1.2724955182400448
15.33,0.964355,0.820313,0.091797,-49.85046,139.587402,-98.884575,1.2693780655120048
15.34,0.859863,0.790771,0.193115,-39.329529,116.752617,-111.373894,1.1840509095621692
15.35,0.822266,0.780273,0.308105,-34.461975,121.017448,-109.001152,1.1746812420014205
15.36,0.738525,0.822266,0.347168,-31.333921,131.187439,-100.95977,1.1584757962965821
15.37,0.638428,0.847168,0.339111,-16.25824,138.092041,-106.452934,1.1136786797496843
15.38,0.690918,0.884277,0.286865,-11.573791,134.880066,-116.447441,1.15827674744769
15.39,0.760254,0.843506,0.30249,-8.140564,115.58532,-125.106804,1.1751547628512595
15.4,0.661621,0.808105,0.344971,1.38092,94.833366,-131.034851,1.0999004634543073
15.41,0.57251,0.831299,0.434326,5.981445,74.462891,-142.776489,1.0988470329290605
15.42,0.429199,0.848877,0.44751,-9.132385,69.900513,-132.476807,1.0512226894573766
15.43,0.361572,0.86084,0.460449,-9.063721,94.223015,-115.722649,1.0410538402911735
15.44,0.421631,0.856689,0.448975,4.676819,93.78051,-119.644157,1.0551148247972824
15.45,0.330078,0.825928,0.409912,13.59558,60.653683,-127.410881,0.9793550913800366
15.46,0.27124,0.835449,0.361572,16.036987,34.507751,-126.770012,0.9498844563340322
15.47,0.283936,0.85083,0.305908,20.484922,23.200987,-119.49157,0.94768720866117
15.48,0.257568,0.87085,0.313477,31.509398,19.485474,-115.936272,0.9607230749040017
15.49,0.228516,0.85083,0.353027,43.907162,24.749754,-111.854546,0.9490834072329997
15.5,0.24585,0.848145,0.398926,44.601437,30.509947,-103.881828,0.9689861283841993
15.51,0.169189,0.881348,0.361084,38.841248,36.888123,-93.52874,0.9673576742244825
15.52,0.179199,0.863525,0.299316,35.552979,46.043392,-88.729851,0.9313311844247458
15.53,0.200195,0.864502,0.231689,30.433653,46.623226,-84.236137,0.9171267844469487
15.54,0.19165,0.857422,0.186768,28.419493,42.587276,-80.718987,0.8982118315898538
15.55,0.196045,0.857666,0.176758,29.342649,37.956238,-75.965881,0.8973672604597296
15.56,0.213379,0.865234,0.208984,29.121397,35.179138,-69.984436,0.91533315500587
15.57,0.229004,0.867432,0.21875,24.04785,32.974243,-64.498901,0.9234352544385556
15.58,0.208496,0.859863,0.22583,17.578125,30.502317,-61.157223,0.9131451963871902
15.59,0.219238,0.861816,0.222412,12.046813,23.696898,-60.417171,0.9166565421377846
15.6,0.217773,0.874512,0.198975,9.536743,14.900207,-59.42535,0.9229232732453982
15.61,0.213135,0.877441,0.177734,12.33673,3.189087,-58.357235,0.9202818108938153
15.62,0.194336,0.868652,0.169189,18.379211,-14.953612,-57.495113,0.9060616401332747
15.63,0.166992,0.857422,0.196045,22.315977,-35.057068,-55.938717,0.8952611106113121
15.64,0.148193,0.84082,0.279785,19.317627,-49.262997,-52.650448,0.8984537182704516
15.65,0.155518,0.879883,0.305908,12.054442,-51.948544,-48.065182,0.9444361526736468
15.66,0.177734,0.920166,0.263428,8.972168,-50.308224,-46.493526,0.9734932734723954
15.67,0.119385,0.918457,0.250732,8.68988,-48.225399,-45.021053,0.959522055451567
15.68,0.109619,0.924316,0.27417,8.270264,-41.374203,-40.313717,0.9703327171218129
15.69,0.11792,0.929443,0.295898,8.834839,-36.193848,-36.209106,0.9825095638481083
15.7,0.096924,0.928711,0.312744,11.245727,-36.170959,-34.729004,0.9847371186428385
15.71,0.085205,0.92334,0.316406,12.33673,-40.321346,-34.088135,0.9797598708158035
15.72,0.075195,0.939453,0.29541,11.001586,-43.083187,-32.440186,0.9876706411218266
15.73,0.08374,0.961182,0.270264,11.024474,-42.533871,-30.693052,1.0019610044407916
15.74,0.105225,0.996094,0.213135,12.474059,-43.55621,-29.975889,1.0240615634257542
15.75,0.133057,0.991211,0.206787,12.641906,-60.623165,-33.546448,1.0212562240392957
15.76,0.046631,0.968994,0.224854,13.076781,-80.093384,-35.873413,0.9958328893509192
15.77,0.047607,0.968018,0.233398,13.053893,-83.679192,-36.010742,0.9968951304811354
15.78,0.083252,0.966064,0.233643,12.031554,-90.553276,-35.827637,0.9973964101845364
15.79,0.102295,0.973389,0.205811,13.351439,-113.05999,-37.437439,1.000154278132629
15.8,0.106201,0.987305,0.171875,19.302368,-145.401001,-43.30444,1.00776526584865
15.81,0.077637,0.993652,0.152588,28.221128,-168.579086,-51.841732,1.0082930618709027
15.82,0.220947,1.024658,0.307861,39.344788,-202.42308,-70.297241,1.0924834044936336
15.83,0.057129,0.884033,0.35083,44.929501,-225.318893,-64.208984,0.9528167487140431
15.84,-0.007568,0.982666,0.217285,50.750729,-206.558212,-49.339291,1.0064305805195906
15.85,0.155762,1.05127,0.19751,63.83514,-194.671616,-56.221004,1.0809443156999345
15.86,0.119141,0.94751,0.251221,78.88031,-229.866013,-70.243835,0.9874622872910134
15.87,-0.035156,0.907471,0.205078,74.752808,-231.986984,-77.362061,0.9310190901700137
15.88,-0.14209,0.915039,0.250244,74.752808,-190.513596,-73.814392,0.9592226014627679
15.89,-0.03418,0.96167,0.24707,68.023682,-147.392273,-52.604671,0.993489328679478
15.9,0.064209,0.992188,0.192139,53.291317,-128.845215,-36.933899,1.0126584904823541
15.91,0.077148,0.980469,0.219971,51.589962,-118.721001,-38.772583,1.0077988463507985
15.92,0.049316,0.945557,0.181641,47.607418,-108.306877,-32.691956,0.9641076501024146
15.93,-0.01416,0.921143,0.115479,44.471737,-97.000114,-23.956297,0.9284612708616338
15.94,0.044189,0.980713,-0.16333,38.162231,-94.200127,-18.417358,0.9952021628744583
15.95,-0.321777,0.954346,-0.398193,63.400265,-55.122372,-42.839046,1.0829932551470485
15.96,-0.453613,0.884033,0.285645,62.057491,-50.23193,-51.025387,1.0338627398658875
15.97,-0.056641,0.90918,0.003174,22.514341,-73.852539,-15.73944,0.9109481596430172
15.98,0.094482,0.992432,-0.137695,7.827758,-71.617126,-10.665893,1.0063836425404578
15.99,0.149414,0.987549,-0.165039,9.712219,-86.662285,-17.608643,1.012331685920183
16.0,0.000977,0.969482,-0.116699,10.803222,-93.757622,-18.104553,0.9764809058317525
16.01,0.137939,0.992432,0.000977,11.672973,-126.060478,-25.535582,1.0019727525606672
16.02,0.297852,1.014404,-0.045898,10.69641,-184.318527,-50.392147,1.058223943938144
16.03,0.131592,1.042236,-0.064453,4.814148,-230.552658,-58.502193,1.052485877990294
16.04,-0.046631,1.075684,0.047119,6.248474,-249.992355,-54.229733,1.0777247877719063
16.05,-0.054199,1.062744,0.026123,15.495299,-249.992355,-56.587215,1.0644457488599406
16.06,-0.058105,1.030273,0.06665,23.078917,-249.587997,-62.942501,1.0340603793077074
16.07,-0.098389,1.0354,0.108887,22.865294,-248.123154,-61.264034,1.045748504225562
16.08,-0.064697,1.064697,0.161133,19.287109,-225.265488,-56.037899,1.0787628318156868
16.09,-0.040771,1.099609,0.146729,15.258788,-193.344101,-48.393246,1.1101043314765509
16.1,-0.074463,1.094727,0.142822,17.01355,-178.016647,-46.203609,1.1065125695544538
16.11,-0.131592,1.056152,0.121582,22.53723,-169.746384,-46.218868,1.0712402551678124
16.12,-0.134521,1.03418,0.092041,25.314329,-157.211304,-47.592159,1.046945899997703
16.13,-0.143799,1.014404,0.04126,24.29962,-131.019592,-47.241207,1.0253760360067912
16.14,-0.126465,1.016846,0.01001,18.356323,-96.313469,-42.526241,1.0247289319820143
16.15,-0.126465,1.019775,0.005615,11.016845,-68.92395,-35.690308,1.0276020509297363
16.16,-0.158691,1.0271,0.03125,5.607605,-49.797054,-30.441282,1.0397566090104933
16.17,-0.168213,1.03125,0.049072,1.770019,-32.081604,-27.969358,1.046030705597594
16.18,-0.151367,1.015625,0.043945,-0.343323,-19.088745,-25.398252,1.0277826970420354
16.19,-0.197021,0.993408,0.049072,-1.831055,-8.895874,-20.835875,1.013945161282897
16.2,-0.227051,0.993652,0.043945,-3.242492,4.348755,-14.633178,1.0202095945098733
16.21,-0.139648,0.994385,-0.119873,0.701904,3.967285,-13.191222,1.0112727763852836
16.22,-0.129883,0.942383,0.013428,20.538328,-36.773682,-21.415709,0.9513861590132578
16.23,-0.291504,0.935547,-0.008545,18.989563,-41.046139,-23.445127,0.9799468292973859
16.24,-0.163086,0.954346,-0.048828,15.60974,-40.031433,-25.009153,0.9694109060125123
16.25,-0.195801,0.9646,0.005615,13.610839,-50.521847,-23.872374,0.984287925266789
16.26,-0.260986,0.970459,0.085693,6.973266,-41.587826,-19.515991,1.0085869586337115
16.27,-0.210205,0.97168,0.083984,1.12915,-24.856565,-15.342711,0.9976980889432434
16.28,-0.226807,0.964111,0.037598,-1.342773,-16.021729,-12.168883,0.9911433020376015
16.29,-0.244629,0.953369,0.075195,1.525879,-9.513855,-7.17163,0.9871221230562104
16.3,-0.245361,0.959473,0.13208,5.012512,5.706787,-1.144409,0.9991174027360348
16.31,-0.209961,0.956543,0.093262,5.844116,22.224424,1.823425,0.9837458681051728
16.32,-0.203857,0.980469,0.139648,6.660461,32.455444,3.15094,1.0111274401943606
16.33,-0.225586,1.027588,0.049316,-1.548767,87.928764,9.941101,1.0532132780192243
16.34,0.097412,1.035889,-0.081543,3.387451,89.87426,10.894774,1.0436495479393455
16.35,0.034668,0.970703,-0.056885,25.909422,16.456604,-6.896972,0.9729861703323434
16.36,-0.230957,0.941406,0.042725,42.488094,-39.451599,-17.616272,0.9702637880030358
16.37,-0.259277,0.937012,-0.060547,43.16711,-37.948608,-18.90564,0.974105738655717
16.38,-0.191162,0.953857,-0.135986,37.620544,-23.681639,-18.554688,0.9822821788513726
16.39,-0.254639,0.969971,-0.138428,30.929564,-19.577026,-16.372681,1.0123473081635572
16.4,-0.263672,0.991943,-0.101563,24.192808,-21.240232,-11.344909,1.0314014164242746
16.41,-0.258301,0.985352,-0.068359,16.090393,-24.482725,-6.698608,1.0209362974182081
16.42,-0.2854,0.99585,-0.087646,6.935119,-22.949217,-2.159119,1.0396404204416063
16.43,-0.292236,1.01709,-0.098633,0.442505,-14.533996,0.915527,1.0628275572664645
16.44,-0.27832,1.0271,-0.070557,-2.388,-4.096985,3.364563,1.0664777178398992
16.45,-0.249756,1.023193,0.030518,-3.684997,6.858825,6.347656,1.0536760997142338
16.46,-0.215088,1.012939,0.115234,-5.271911,20.317076,8.369446,1.0419151310068397
16.47,-0.208984,1.002441,0.121582,-7.011413,35.415649,6.942749,1.0311859451432606
16.48,-0.223877,0.995117,0.101318,-6.187438,50.697323,6.080627,1.0250093131001299
16.49,-0.18042,0.998291,-0.003174,-3.417969,59.17358,2.27356,1.014468516690883
16.5,-0.114258,0.986572,-0.096924,2.037048,57.083126,-5.1651,0.9978844940793499
16.51,-0.096191,0.987305,-0.141602,7.629394,51.559444,-6.866455,1.002035427472502
16.52,-0.128174,0.980225,-0.05835,9.117126,50.750729,-3.051758,0.9902900319608392
16.53,-0.142822,1.008789,-0.12793,1.449585,62.004086,0.183105,1.026849285486921
16.54,0.039063,1.032227,-0.209717,5.41687,18.920898,-3.341675,1.0540397134771535
16.55,-0.047852,1.10376,-0.232422,18.569946,-55.061337,-17.14325,1.1289800430423915
16.56,-0.243652,1.050049,-0.185303,37.010193,-88.142387,-21.263121,1.0937579262862511
16.57,-0.261963,1.025879,-0.157471,42.724606,-93.086235,-19.081116,1.0704435771450076
16.58,-0.290771,1.024414,-0.117432,44.105526,-94.131462,-14.167785,1.0713365915812825
16.59,-0.305176,1.005859,-0.022949,45.112606,-90.835564,-11.466979,1.0513854552246764
16.6,-0.265625,0.961914,-0.015381,40.39764,-77.629089,-13.389586,0.998033946908621
16.61,-0.180176,0.945801,0.002686,37.498474,-63.789364,-15.701293,0.9628136565156312
16.62,-0.177002,0.908691,0.004639,32.073975,-48.233028,-15.701293,0.9257810550049078
16.63,-0.160645,0.89624,0.004639,27.107237,-36.346436,-14.282226,0.9105352678210769
16.64,-0.124023,0.887451,0.007568,25.154112,-28.694151,-14.083861,0.8961072796010531
16.65,-0.157715,0.858887,-0.030518,21.430967,-20.652769,-11.260985,0.8737804348450473
16.66,-0.215332,0.870117,-0.083008,14.564513,-16.12854,0.205994,0.9002009731037842
16.67,-0.138184,0.870605,-0.130127,20.118711,-21.789549,-5.569458,0.8910560700707896
16.68,-0.109375,0.904541,-0.123779,26.268003,-36.018372,-10.978698,0.9194990767515757
16.69,-0.192871,0.949951,-0.125977,40.214535,-53.070065,-17.532349,0.977484695312924
16.7,-0.489502,0.88623,-0.085693,53.054806,-41.061398,-16.403198,1.0160507424105354
16.71,-0.670654,0.811768,-0.061523,50.590511,9.292603,-5.294799,1.054764975276009
16.72,-0.82373,0.742676,0.129395,36.460876,101.760857,17.326355,1.116620714433061
16.73,-0.922119,0.789795,0.131836,1.968384,214.172348,46.31805,1.2212535867222662
16.74,-0.47583,0.98999,-0.134521,-33.454895,249.992355,45.455929,1.106612076764482
16.75,0.217773,1.023438,-0.216309,-14.518737,246.604904,33.782959,1.0684755508920174
16.76,0.147705,0.867432,-0.306885,19.935608,200.965866,37.651062,0.9318977652478838
16.77,-0.273926,0.87085,-0.276855,15.243529,152.244568,32.592773,0.9539726762339685
16.78,-0.31665,1.016846,-0.218018,-6.141662,121.208183,20.370481,1.0870946870167288
16.79,-0.141113,1.096924,-0.216797,-11.276244,111.488335,7.217407,1.127012014023808
16.8,0.132324,1.100098,-0.236328,1.13678,91.117851,-4.180908,1.1329502081574458
16.81,0.219727,1.051758,-0.213623,21.484373,49.667355,-5.599975,1.0954951534452355
16.82,0.092773,1.008057,-0.189941,33.676147,4.257202,6.149292,1.0299821980301407
16.83,-0.03833,1.040527,-0.160156,31.677244,-31.547544,10.589599,1.053477845502695
16.84,-0.105713,1.061035,-0.119385,26.802061,-48.805233,8.110046,1.0729507387662305
16.85,-0.166504,1.093994,-0.189453,22.521971,-45.57037,7.530212,1.1226926976074085
16.86,-0.102539,1.090088,-0.286133,31.936644,-49.041744,4.814148,1.131670529771806
16.87,-0.149414,0.946533,-0.209473,66.513062,-53.451534,26.275633,0.9808813390079352
16.88,-0.251465,0.859863,-0.212646,58.090206,-46.134945,38.742065,0.920769974700522
16.89,-0.067871,0.91748,-0.348389,41.824337,-51.780697,25.154112,0.9837433193480909
16.9,-0.02002,0.929688,-0.294189,46.19598,-78.437805,21.194456,0.9753295573625358
16.91,-0.264893,0.872314,-0.244629,43.075558,-88.531487,9.902954,0.9438979625393839
16.92,-0.413086,0.85083,-0.238281,29.670713,-77.880859,4.631042,0.9753612496183145
16.93,-0.33667,0.894043,-0.271484,22.994993,-61.134335,-2.388,0.9931581631366678
16.94,-0.302246,0.878906,-0.26416,27.709959,-44.441219,-5.332946,0.9662343954507104
16.95,-0.374756,0.86377,-0.241211,24.635313,-23.635862,-4.020691,0.9719688364124643
16.96,-0.371582,0.893799,-0.23584,14.663695,3.631592,-2.098083,0.9962782446309867
16.97,-0.199463,0.996094,-0.329102,2.14386,18.295288,-7.751464,1.0678468390218703
16.98,0.011475,0.972168,-0.429443,8.209229,5.41687,-13.305663,1.0628563337055486
16.99,-0.163818,0.976563,-0.390869,31.455992,-25.924681,-10.986327,1.0645610387638653
17.0,-0.367676,0.876465,-0.353271,45.677181,-28.480528,-4.264832,1.0139905998785197
17.01,-0.377441,0.80542,-0.297363,43.487545,-10.292052,4.577637,0.9378634434980393
17.02,-0.39917,0.824707,-0.219971,34.52301,15.731811,8.049011,0.9422661861650347
17.03,-0.412109,0.812256,-0.167725,28.556822,44.975277,9.315491,0.9261346084895002
17.04,-0.347656,0.783203,-0.144043,20.225523,65.612793,17.166138,0.8689188796395207
17.05,-0.339844,0.819336,-0.115234,8.392334,82.611076,25.382994,0.8944743148844465
17.06,-0.328857,0.871338,-0.030518,-6.462097,116.294853,29.70886,0.9318305559580025
17.07,-0.163086,0.859863,-0.075928,-17.654419,141.441345,34.454346,0.8784796431044946
17.08,-0.067871,0.820068,-0.114746,-23.551939,164.672836,40.763851,0.8308337028437159
17.09,0.043701,0.93042,-0.143799,-27.893064,172.531113,52.520748,0.9424804009643915
17.1,0.020508,1.038818,-0.201904,-17.623901,184.600815,42.312618,1.0584557810338606
17.11,-0.021484,0.900879,-0.224365,-4.814148,173.187241,40.771481,0.9286464279379962
17.12,-0.060059,0.912109,-0.320068,-15.022277,144.14978,32.89032,0.9685006122796206
17.13,-0.128174,0.857666,-0.426758,-21.232603,129.150391,44.113155,0.9665101822515891
17.14,-0.093506,0.899658,-0.330078,-43.922421,129.173279,55.381771,0.9628496118730068
17.15,0.062744,1.052002,-0.347168,-68.244934,149.894714,59.829708,1.1095812893898311
17.16,0.452881,1.2229,-0.345459,-56.426998,132.499695,75.637817,1.3490468971989076
17.17,0.323242,1.243408,-0.190674,-16.860962,87.203972,69.656372,1.298809231297653
17.18,0.05127,1.164795,-0.215088,1.121521,72.265625,48.377987,1.1855964122200269
17.19,0.23291,1.048828,-0.194824,8.529663,59.196468,35.919189,1.0918990945412492
17.2,0.110352,0.872314,-0.152588,15.480041,50.86517,48.553463,0.8924081892519813
17.21,-0.098145,0.931152,-0.22583,-0.740051,44.258114,59.272762,0.9631592168634425
17.22,-0.020264,1.03418,-0.26709,-1.190186,32.592773,43.05267,1.0683051858883772
17.23,-0.028564,0.959717,-0.261963,11.817931,22.338865,27.618406,0.9952372760070837
17.24,-0.082764,0.904785,-0.220459,10.673522,22.850035,13.481139,0.9349267065401436
17.25,-0.095459,0.977051,-0.208496,-1.533508,43.495174,-2.120972,1.0035993519816562
17.26,-0.061035,1.002686,-0.30957,-0.762939,65.612793,-13.832091,1.051160344914609
17.27,-0.065186,0.907471,-0.406494,14.793395,69.43512,-10.223388,0.9964889374564075
17.28,-0.284668,0.837891,-0.571045,3.578186,88.836662,1.663208,1.0531807015560055
17.29,-0.18335,0.938965,-0.509277,-13.534545,91.484062,19.638062,1.083806051124462
17.3,-0.070801,0.948975,-0.388428,-21.087645,102.584831,30.059813,1.0278339571205068
17.31,-0.050781,0.879639,-0.316895,-32.974243,126.518242,50.453182,0.9363577955605431
17.32,-0.017822,0.915039,-0.307861,-53.543087,142.318726,62.507626,0.96560467611026
17.33,0.027344,0.963135,-0.293945,-66.368103,150.016785,62.805172,1.0073630852805755
17.34,-0.030518,0.947266,-0.319092,-79.986572,163.207993,63.499447,1.000031963261175
17.35,-0.061523,0.999512,-0.242676,-91.773979,198.631271,79.627991,1.0303887415189474
17.36,0.103516,1.128662,-0.118896,-99.494926,241.36351,105.087273,1.1396182392871745
17.37,0.410645,1.158936,-0.013672,-76.148987,249.992355,105.62896,1.2296133098275244
17.38,1.250977,1.067871,-0.059814,-30.151365,246.429428,107.124321,1.6458644056440372
17.39,1.272705,0.855225,0.053955,0.671387,195.678696,95.962517,1.5343073224341335
17.4,-0.328369,0.756836,-0.195313,-5.500793,109.466545,67.367554,0.8478054606016642
17.41,-0.189453,0.815674,-0.308838,-54.679867,72.471619,77.819824,0.8925230662167785
17.42,0.227051,0.894287,-0.297363,-77.285767,46.882626,68.778992,0.9693947331912837
17.43,0.321289,0.933838,-0.178711,-76.332092,17.76886,49.743649,1.0036023382226649
17.44,0.543945,0.969971,-0.022461,-79.50592,-11.863708,31.211851,1.1123058933526335
17.45,0.911865,1.05542,0.011963,-77.964783,-46.173092,-0.167847,1.3948305517137198
17.46,0.996338,1.139893,0.086914,-56.304928,-87.913506,-26.748655,1.5164430437998653
17.47,0.385498,1.128174,0.209229,-31.219481,-118.957512,-42.5415,1.2104387868541722
17.48,0.094482,1.041992,0.323242,-20.965574,-119.071953,-42.686459,1.0950614443728717
17.49,0.181396,0.953369,0.17041,-19.104004,-87.8601,-30.372618,0.9853205199715471
17.5,0.545654,0.902832,-0.060303,-13.252257,-56.213375,-12.054442,1.056636342243158
17.51,0.368408,0.877686,-0.01001,1.937866,-43.632504,-4.753113,0.9519229848890087
17.52,0.246582,0.833984,0.083496,1.472473,-53.215023,-2.334595,0.8736724655132494
17.53,0.378662,0.777344,0.143311,-11.070251,-31.448362,16.265869,0.8764625760983752
17.54,2.349854,0.794922,0.048096,-35.003662,26.458738,73.219299,2.4811344245356803
17.55,0.276367,1.162842,0.068359,-53.268429,-8.811951,54.550167,1.19718552803398
17.56,-0.618164,1.230713,-0.112549,-27.305601,-20.027161,12.031554,1.3818279547997283
17.57,0.318359,0.976563,-0.10376,-6.881713,-5.760192,5.241394,1.0323729381623676
17.58,0.60791,0.781494,0.132813,2.952575,-12.275695,6.874084,0.9989628286903373
17.59,0.255615,0.842773,0.155518,-12.756347,-10.398864,15.884398,0.8943104640324858
17.6,0.411621,0.895508,0.123779,-22.209166,17.486572,26.94702,0.993321532307641
17.61,0.454102,0.815918,0.17041,-14.671325,41.526791,44.494625,0.9491945939732274
17.62,0.529785,0.826904,0.177246,-7.80487,36.186218,42.243954,0.9979271095410726
17.63,0.549561,0.906006,0.306152,-0.709534,7.659912,3.265381,1.1029928430688025
17.64,0.613525,1.001221,0.256836,15.480041,-2.372742,-24.314878,1.2020071328249262
17.65,0.579834,0.92627,0.368408,33.210754,-3.913879,-29.624937,1.153216386858945
17.66,0.566406,0.856689,0.160156,34.194946,5.500793,-32.798767,1.0394141349303463
17.67,0.319336,0.933105,-0.143311,-5.043029,48.095699,-40.962215,0.9965934299612856
17.68,0.384521,0.994385,-0.060059,-5.493164,53.367611,-55.77087,1.0678319208316447
17.69,0.450684,0.983887,-0.102295,11.901855,36.453247,-59.844967,1.0870206822549422
17.7,0.503418,0.848145,0.017334,12.580871,25.367735,-41.15295,0.9864482202857888
17.71,0.456055,0.792969,0.137451,-0.518799,29.777525,-14.373778,0.9250290673200491
17.72,0.443604,0.891357,0.224365,-18.89801,49.09515,-0.87738,1.0206083791004266
17.73,0.288574,1.044189,0.185791,-21.957396,71.128845,-15.060424,1.0991469041388418
17.74,0.333496,1.074219,0.011963,-2.090454,81.398003,-46.813961,1.124859615839239
17.75,0.604492,1.016113,-0.126709,20.782469,52.978512,-70.053101,1.189096874738976
17.76,0.145996,0.91333,0.303711,26.412962,-0.1297,-78.666687,0.9735126565366266
17.77,0.227295,0.689697,0.300049,-1.831055,29.777525,-71.029663,0.7857317425400351
17.78,0.634277,0.844482,0.31958,-43.487545,52.841183,-51.673885,1.103443943955922
17.79,0.683594,1.074707,0.318604,-51.071163,38.856506,-51.551815,1.3129373181919235
17.8,0.5354,1.040283,0.345947,-25.375364,30.151365,-7.652282,1.2200496739469258
17.81,0.332275,1.005371,0.518799,-6.027221,25.825499,8.552551,1.1791225236026153
17.82,0.232422,0.874756,0.55249,-0.701904,56.076046,26.748655,1.060407113197568
17.83,0.116943,1.113525,0.269775,-13.34381,76.972961,35.209656,1.1516909921932186
17.84,0.010742,1.303223,0.064941,6.507873,42.961117,-35.690308,1.3048842522515167
17.85,-0.976563,1.143799,0.003174,81.756584,-15.449523,-79.727173,1.5039818880711295
17.86,0.629639,0.322266,0.25415,82.214348,77.850342,-10.612487,0.7515935521124432
17.87,1.140137,0.516602,0.412109,-22.491453,171.653732,77.682495,1.3178102416713873
17.88,0.63623,1.124268,0.060547,-29.876707,116.561882,61.729427,1.2932258456793229
17.89,1.602051,1.016846,0.124756,6.355285,109.138481,87.753288,1.9016064929035659
17.9,0.114746,0.865723,-0.075195,14.129638,31.929014,130.943298,0.8765256672054733
17.91,-0.075195,0.897217,-0.059082,6.851196,-15.090941,100.631706,0.9022989060383483
17.92,0.092529,0.998291,0.1521,7.347106,-12.573241,97.145073,1.0140418859800615
17.93,-0.028076,1.006836,0.074951,14.541625,-4.570007,83.473198,1.0100122004574994
17.94,0.103027,0.966553,-0.047119,30.624388,19.294739,36.5448,0.9731698026033277
17.95,0.174561,0.765137,-0.022217,32.905579,14.518737,-1.174927,0.7851113084009171
17.96,0.199951,0.702881,0.013428,9.063721,-0.167847,-1.304626,0.7308915198208281
17.97,0.229492,0.803223,-0.008545,-8.117676,-19.851685,12.847899,0.8354081534304055
17.98,0.234619,0.873535,-0.024658,-7.705688,-33.64563,26.016233,0.9048300881104695
17.99,0.19873,0.924072,0.008789,-3.448486,-37.071228,23.353575,0.9452406680867048
18.0,0.265137,0.988037,0.045654,-15.251159,-37.002563,-8.033752,1.0240112449841556
18.01,0.324463,0.992432,0.003906,-24.841307,-36.392212,-40.435787,1.0441325441863212
18.02,0.327148,0.928711,-0.086182,-33.210754,-40.893551,-60.646053,0.9884114894865397
18.03,0.387939,0.855957,-0.142334,-36.338806,-50.643917,-64.170837,0.9504830462065065
18.04,0.322754,0.824219,-0.169678,-33.935547,-43.266293,-50.773617,0.9012756116532834
18.05,0.325439,0.89917,0.00708,-39.512634,0.88501,-32.63092,0.956277866533049
18.06,0.306885,0.782959,0.172363,-61.653133,47.088619,-45.57037,0.858435904814681
18.07,0.438721,0.358643,0.409912,-99.594109,91.194145,8.68988,0.6993774124419518
18.08,0.563232,1.6604,-0.130371,-163.055405,76.095581,38.726807,1.758168093063061
18.09,0.679443,1.119385,-0.059814,-74.005127,7.194519,-59.67712,1.3108177917124866
18.1,0.304932,0.485107,0.099121,-40.596004,-56.648251,-11.756896,0.5814957426447763
18.11,0.244873,0.866943,0.004639,-51.36108,-80.711357,13.633727,0.900874281850137
18.12,0.262207,0.846924,0.083984,-30.34973,-86.074821,15.510558,0.8905538079650214
18.13,0.160156,0.816406,0.099365,-7.232666,-90.423576,35.942078,0.8378795285701877
18.14,0.095703,0.866455,0.057373,11.940001,-74.707031,50.10223,0.8736103206596176
18.15,0.253906,0.879883,0.094482,27.832029,-50.186153,63.438412,0.9206460768661321
18.16,0.414795,0.902832,0.105957,43.724056,-50.765987,82.626335,0.999193373726027
18.17,0.422607,0.946533,0.110596,52.520748,-77.919006,91.865532,1.0424743986084262
18.18,0.352051,0.943604,0.14502,44.715878,-101.951591,83.908073,1.0175260270956217
18.19,0.265381,0.939941,0.150391,29.617308,-98.587029,71.182251,0.9881971521528485
18.2,0.278076,0.91333,0.128418,18.318176,-71.57135,64.598083,0.9633219261493013
18.21,0.356934,0.864502,0.101563,11.054992,-45.341488,67.718506,0.9407872402031183
18.22,0.414063,0.811279,0.11084,5.264282,-27.275084,74.752808,0.917555060696632
18.23,0.422119,0.769531,0.165527,-4.394531,-18.112183,75.424194,0.893175009643127
18.24,0.429932,0.782471,0.22168,-13.778686,-20.881651,68.992615,0.9199154378881789
18.25,0.421875,0.768066,0.267334,-17.356873,-33.531189,66.337585,0.9161721254966231
18.26,0.355957,0.750488,0.268066,-17.39502,-44.670101,67.062378,0.8728098328668165
18.27,0.306885,0.756592,0.202637,-17.059326,-51.292416,67.810059,0.8412321983008021
18.28,0.295898,0.735596,0.148193,-17.158508,-57.975765,71.273804,0.8066091165298096
18.29,0.304688,0.683838,0.126953,-20.759581,-57.91473,78.544617,0.7593327674985454
18.3,0.310791,0.639404,0.131348,-29.861448,-46.081539,87.09716,0.7229666783476262
18.31,0.252441,0.604004,0.152344,-45.936581,-27.259825,89.759819,0.672127952724033
18.32,0.25415,0.580322,0.162354,-66.017151,-0.839233,80.741875,0.6540066264954812
18.33,0.289551,0.539307,0.174561,-82.145683,27.359007,72.715759,0.6365244414560999
18.34,0.309814,0.486084,0.175293,-91.735832,55.061337,71.304321,0.602486518937146
18.35,0.321533,0.44458,0.172607,-97.770683,87.707512,79.322815,0.5751765145918251
18.36,0.316162,0.442627,0.158447,-103.958122,111.526482,89.828484,0.5665531953682725
18.37,0.351074,0.42627,0.148926,-112.312309,117.065422,91.308586,0.5719598061507469
18.38,0.361816,0.416992,0.171631,-125.083916,105.163567,85.121147,0.5781438800860906
18.39,0.419434,0.358643,0.140381,-135.032654,81.481926,86.311333,0.5694352526547685
18.4,0.637207,0.316406,0.060791,-133.384705,49.110409,95.001213,0.7140315562816534
18.41,0.929443,0.235352,-0.028564,-117.813103,18.875122,116.523735,0.9592031881978917
18.42,1.335938,0.106445,-0.330566,-80.26886,-14.717101,155.502319,1.3803386389669023
18.43,2.010742,-0.361816,-0.502441,35.78949,-59.143063,244.26268,2.1039109218075276
18.44,2.509033,-0.075928,0.408936,29.121397,-236.618027,249.992355,2.54327354178999
18.45,0.622314,0.219727,1.599121,-88.073723,-249.992355,248.634323,1.72995452014381
18.46,-0.033447,0.878662,0.305664,-245.01799,-247.207626,249.67955,0.9309114313128828
18.47,0.460693,1.069336,0.061035,-249.992355,-220.57341,171.409592,1.165951453693506
18.48,0.696289,0.740234,0.432861,-236.862167,-132.93457,-1.594543,1.1045964836074755
18.49,0.831299,0.467773,0.7771,-168.182358,-71.876526,-7.125854,1.2303471123752028
18.5,0.968262,0.378662,0.776855,-84.815971,-65.345764,117.279045,1.2978520339056374
18.51,1.190674,0.354004,0.625977,-23.567198,-63.629147,246.749863,1.3909962655668777
18.52,1.161377,0.292725,0.518311,13.206481,-27.839659,249.992355,1.3050405183269216
18.53,1.260986,-0.014648,0.386475,19.119263,-3.822326,246.108994,1.3189629190106142
18.54,1.481689,-0.338623,0.232666,-16.716003,-17.379761,203.826889,1.5375959470569633
18.55,1.638672,-0.290771,0.22168,-80.505363,-55.313107,150.512695,1.6789686478386068
18.56,1.601318,0.071533,0.237549,-119.316093,-82.420341,132.8125,1.6204214990594268
18.57,1.334229,0.375244,0.165283,-105.522148,-79.742432,120.101921,1.395812864987997
18.58,1.18042,0.445557,0.178955,-64.102173,-76.782227,110.366814,1.2743379883978976
18.59,1.272461,0.379639,0.245605,-27.420042,-87.585442,116.676323,1.3504090427966633
18.6,1.432129,0.286133,0.225098,-0.099182,-104.080193,121.887199,1.4776788135227492
18.61,1.450195,0.19043,0.189697,22.094725,-119.323723,109.489433,1.4748945978387742
18.62,1.384766,0.135254,0.216309,32.859802,-137.10022,87.867729,1.40806963703966
18.63,1.277588,0.125488,0.237793,33.164978,-147.987366,68.275452,1.305574144480887
18.64,1.172607,0.156982,0.151611,32.00531,-150.428772,52.352901,1.1927432330950363
18.65,1.168213,0.199951,-0.009766,37.963867,-152.648926,40.115356,1.1852414903832889
18.66,1.214844,0.232178,-0.154297,53.817745,-158.38623,33.180237,1.2464189232473166
18.67,1.241455,0.218506,-0.159912,74.630737,-175.262436,30.494688,1.2706404829081277
18.68,1.199951,0.169189,-0.155273,88.790886,-197.555527,27.984617,1.221727066349518
18.69,1.109619,0.104004,-0.136963,92.170708,-217.918381,23.41461,1.122866875700766
18.7,0.985107,0.029785,-0.057617,89.439384,-234.474167,11.802672,0.9872399234041338
18.71,0.819824,0.002197,-0.085693,88.172905,-234.497055,-11.253356,0.8242933385840262
18.72,0.719727,0.000977,-0.18042,94.28405,-209.259018,-31.364439,0.7419968230781046
18.73,0.695068,-0.010254,-0.26416,106.338493,-162.10173,-37.773132,0.7436431770278001
18.74,0.775146,-0.04834,-0.35376,118.59893,-112.632744,-35.942078,0.8534249905621467
18.75,0.933838,-0.119873,-0.364746,127.616875,-83.633415,-31.021116,1.0096844016270627
18.76,0.986572,-0.19043,-0.351563,127.593987,-80.619804,-30.746458,1.0645113616364081
18.77,1.002686,-0.216797,-0.336914,117.858879,-97.518913,-38.55896,1.0797644174545669
18.78,0.986328,-0.199707,-0.320313,107.566826,-116.142265,-45.082088,1.0560900659517634
18.79,0.981934,-0.164063,-0.318604,101.371758,-126.945488,-45.471188,1.045284438390336
18.8,0.915771,-0.157471,-0.331055,98.838799,-126.785271,-40.702816,0.9864233641327642
18.81,0.788086,-0.215576,-0.371338,97.702019,-124.26757,-34.263611,0.8974655789588811
18.82,0.694824,-0.28418,-0.442383,97.419731,-120.849602,-25.604246,0.8713445828516982
18.83,0.671387,-0.329346,-0.512207,95.825188,-109.451286,-14.442443,0.9064134279312062
18.84,0.716309,-0.316406,-0.635498,92.308037,-89.591972,-1.701355,1.0084984126517007
18.85,0.805908,-0.294922,-0.714844,88.951103,-73.799133,10.375976,1.1169013541418955
18.86,0.846191,-0.341553,-0.674072,86.791985,-69.107056,18.737793,1.1344913933009806
18.87,0.750977,-0.450195,-0.632813,77.606201,-70.404053,20.027161,1.0803213806654943
18.88,0.577148,-0.509766,-0.549072,56.007381,-67.848206,14.35852,0.9457490416828347
18.89,0.372803,-0.505371,-0.572021,32.958984,-51.528927,2.243042,0.8494645071402336
18.9,0.455566,-0.451904,-0.536621,17.547607,-16.159058,-3.860473,0.8364925003925618
18.91,0.658936,-0.407715,-0.456787,4.150391,36.994934,3.616333,0.8994901537482219
18.92,0.80835,-0.397705,-0.453613,-12.756347,78.369141,16.227722,1.0086445078886812
18.93,0.862061,-0.429199,-0.563477,-26.756285,85.708611,23.475645,1.1157362048669925
18.94,0.86377,-0.489746,-0.750488,-34.988403,62.728878,24.284361,1.2446613979552834
18.95,0.833496,-0.559814,-0.783203,-49.537655,29.08325,22.65167,1.273386915207236
18.96,0.733643,-0.45752,-0.770752,-72.227478,1.853943,15.426635,1.1582811607519998
18.97,0.637207,-0.317871,-0.794922,-78.773499,-15.350341,2.502441,1.0672280541543124
18.98,0.530029,-0.286621,-0.908936,-70.587158,-14.076232,0.335693,1.090526015543875
18.99,0.578857,-0.27002,-0.947266,-62.797543,9.765625,7.614135,1.1424968715952792
19.0,0.787354,-0.264648,-0.790283,-52.74963,47.46246,11.810302,1.1465217421876481
19.01,0.942139,-0.263184,-0.720459,-40.954586,71.434021,6.896972,1.2148880128876076
19.02,1.013916,-0.278564,-0.803711,-32.76062,62.942501,0.198364,1.3234707887494155
19.03,1.055908,-0.255859,-0.663086,-34.0271,33.699036,-3.15094,1.272827001497454
19.04,0.958496,-0.209473,-0.496338,-36.254883,27.19116,-9.590149,1.099520318133776
19.05,0.67749,-0.215088,-0.462891,-33.607483,58.097836,-17.150879,0.8482473847439791
19.06,0.571045,-0.183594,-0.523193,-30.357359,94.749443,-21.202085,0.7959460183391837
19.07,0.78418,-0.151611,-0.644775,-23.864744,122.154228,-24.078367,1.0264789176334796
19.08,1.040039,-0.105469,-0.740234,-15.129088,124.938957,-20.011902,1.2809181106682814
19.09,1.10498,-0.090576,-0.814941,-5.905151,91.331474,-10.337829,1.3759773419853252
19.1,1.060059,-0.174561,-0.754639,-6.179809,34.736633,-6.721496,1.3128886649381204
19.11,1.000488,-0.304688,-0.705566,-16.494751,-14.312743,-12.016295,1.2615999349413427
19.12,0.822266,-0.400635,-0.635986,-28.587339,-33.920288,-20.172117,1.1140502547807258
19.13,0.679688,-0.353027,-0.537109,-37.971497,-24.581907,-21.537779,0.9354624086268779
19.14,0.586914,-0.216309,-0.533203,-34.553528,17.288208,-12.069701,0.8219264359332896
19.15,0.494873,-0.141357,-0.598389,-22.773741,80.612175,-3.616333,0.7892721222107113
19.16,0.497559,-0.126465,-0.582275,-17.570496,136.306763,-6.591796,0.7762747775955368
19.17,0.734131,-0.114746,-0.478027,-19.264221,157.188416,-12.306212,0.8835297292145862
19.18,0.937256,-0.080811,-0.329102,-16.593933,149.307251,-12.054442,0.9966380253938739
19.19,1.004395,-0.032227,-0.234131,-12.077331,122.093193,-14.915465,1.0318261581850887
19.2,1.100586,-0.000977,-0.138672,-11.444091,84.053032,-22.186277,1.1092882499643635
19.21,1.124268,0.001221,-0.101074,-11.95526,54.916378,-28.846739,1.1288028969403827
19.22,1.174561,-0.003906,-0.19458,-9.384155,40.458675,-34.27887,1.1905755649924115
19.23,1.25,0.000977,-0.20752,-1.838684,38.215637,-39.199829,1.2671091132688614
19.24,1.153809,0.006348,-0.181641,5.615234,34.744263,-46.310421,1.168036368640121
19.25,1.112061,0.02417,-0.177979,5.996704,24.04785,-46.211239,1.1264725389737646
19.26,1.060547,0.041992,-0.159424,3.028869,23.818968,-32.249451,1.0732843421242106
19.27,0.980469,0.080078,-0.047607,2.670288,26.992796,-22.514341,0.984884953938276
19.28,1.149902,0.093018,-0.05127,5.455017,17.715454,-24.330137,1.154796766027685
19.29,1.371826,0.044189,-0.121826,10.940551,1.396179,-25.695799,1.377933531151993
19.3,1.379395,-0.018799,-0.046875,11.779784,-25.0473,-23.315428,1.380319250771719
19.31,1.106689,-0.015381,-0.038818,6.248474,-54.115292,-17.440796,1.1074763902702396
19.32,0.771973,-0.000488,-0.166504,1.914978,-59.059139,-12.092589,0.7897253528214729
19.33,0.527832,-0.066895,-0.267334,0.396728,-36.262512,-2.372742,0.5954401975051734
19.34,0.362061,-0.211182,-0.224854,-1.159668,2.861023,13.275146,0.4756525267051569
19.35,0.408936,-0.299805,0.020508,-5.836486,45.005795,10.0708,0.5074763720460294
19.36,0.621338,-0.319824,0.050781,-14.976501,80.558769,-7.751464,0.7006618379653625
19.37,0.802979,-0.289063,-0.074707,-28.526304,109.138481,-19.630432,0.8566877075451708
19.38,0.890625,-0.216064,-0.05835,-42.327877,133.499146,-24.368284,0.9183143607833867
19.39,0.960205,-0.124023,0.012695,-50.849911,156.478882,-28.305052,0.9682646898338284
19.4,0.979004,-0.025635,0.06665,-51.071163,168.02977,-27.671812,0.981604914281199
19.41,0.907959,0.065186,0.028076,-41.572567,153.182983,-20.057678,0.9107288411228668
19.42,0.799561,0.117676,-0.054932,-23.994444,107.704155,-7.743835,0.8100388622288439
19.43,0.688721,0.093018,0.006104,-6.889343,60.211178,3.707886,0.6950008798418892
19.44,0.641846,0.028809,0.09668,2.403259,43.479916,10.032654,0.6497255332807846
19.45,0.814453,-0.019287,0.130859,3.456115,59.562679,2.479553,0.8251240848860248
19.46,1.125244,-0.038818,0.210693,1.083374,90.950005,-7.774353,1.1454573047080365
19.47,1.248535,-0.047852,0.190186,-2.952575,116.180412,-10.299682,1.2638434138472217
19.48,1.186035,-0.025391,0.052734,-11.886596,120.483391,-9.483337,1.1874782519532727
19.49,1.231689,0.041748,0.021973,-20.072937,100.601189,-4.631042,1.2325921876086998
19.5,1.334717,0.103271,0.066406,-21.743773,49.751278,8.926392,1.3403522396616494
19.51,1.24292,0.100098,0.030273,-19.142151,-23.895262,20.103453,1.2473115851835097
19.52,1.148438,0.028809,0.139893,-20.126341,-98.281853,24.467466,1.1572855523914574
19.53,1.118408,-0.020752,0.209717,-29.411314,-153.175354,25.917051,1.1380897680134903
19.54,1.040527,-0.022949,0.015137,-37.918091,-179.214462,20.507811,1.0408901109622475
19.55,0.880371,-0.043945,-0.188232,-40.229794,-175.651535,8.659363,0.9013409712700294
19.56,0.800293,-0.094727,-0.136719,-42.205807,-154.411316,-0.968933,0.8173947487835973
19.57,0.876221,-0.121338,-0.033691,-51.071163,-136.428833,4.989624,0.8852238330309459
19.58,1.098633,-0.060547,-0.093506,-65.002441,-136.680603,26.30615,1.1042661725933651
19.59,1.281738,0.045898,-0.136963,-76.263428,-154.701233,47.470089,1.289851848243433
19.6,1.397461,0.122314,0.008301,-83.587639,-195.312485,52.146908,1.4028281675665057
19.61,1.476807,0.16748,0.073486,-87.501518,-247.741684,38.696289,1.4880889280701608
19.62,1.364746,0.155273,-0.104004,-84.220879,-249.992355,20.1416,1.377482551998754
19.63,0.943115,0.080078,-0.375488,-71.350098,-249.252304,7.591247,1.0182679546430793
19.64,0.350342,-0.02124,-0.546631,-55.786129,-249.847397,-4.096985,0.6496122726095929
19.65,0.014404,-0.112061,-0.577881,-43.579098,-249.992355,-22.178648,0.5888222083940109
19.66,0.052246,-0.208252,-0.447266,-35.675049,-225.883469,-36.529541,0.4961304412914007
19.67,0.353271,-0.175049,-0.179443,-29.693602,-88.287346,-26.748655,0.43317703319889894
19.68,0.718262,-0.145752,-0.022949,-26.535032,110.54229,-5.393981,0.7332602558089454
19.69,0.730713,-0.166016,-0.269043,-37.29248,249.992355,-2.89917,0.7961701680382152
19.7,0.80835,-0.148438,-0.784912,-58.631893,249.992355,-14.86206,1.1364639941889931
19.71,1.124512,-0.178711,-0.947998,-77.949524,236.785873,-22.079466,1.4816089455956318
19.72,1.209961,-0.123291,-0.695313,-94.03228,131.706238,-17.578125,1.4009519835351245
19.73,0.843994,-0.041504,-0.647949,-93.765251,19.744873,-3.890991,1.0648410025224424
19.74,0.373779,-0.049072,-0.686035,-94.184868,-5.203247,7.102966,0.7827916857312678
19.75,0.10083,-0.012451,-0.631592,-106.62841,18.959045,12.367248,0.6397110056619317
19.76,0.151367,0.02124,-0.525146,-113.136284,69.587708,16.082764,0.5469382301549235
19.77,0.359131,0.037109,-0.384033,-113.357536,137.786865,26.504515,0.5270991350125704
19.78,0.435547,0.080322,-0.25293,-114.891045,203.598007,32.25708,0.5100258795325978
19.79,0.476563,0.095947,-0.111328,-115.127556,243.50737,21.797178,0.49871038024288206
19.8,0.55249,0.114014,-0.059082,-114.707939,249.992355,2.670288,0.5672169558643324
19.81,0.67334,0.137207,-0.128662,-106.605522,249.916061,-15.182494,0.6991183209536137
19.82,0.84082,0.119141,-0.101807,-92.430107,249.80925,-22.384642,0.8552996641704006
19.83,1.039551,0.102539,0.210205,-82.000725,249.992355,-26.31378,1.0655358605635945
19.84,1.195068,0.133789,0.599609,-83.19091,249.992355,-37.139893,1.34373285069094
19.85,1.279297,0.26001,0.5625,-89.637749,248.710617,-36.605835,1.4214824178684027
19.86,1.341309,0.366455,0.248291,-73.020935,214.797958,-10.650634,1.4124615114002224
19.87,1.347656,0.328369,-0.010498,-38.787842,146.659851,17.532349,1.3871240400558993
19.88,1.322754,0.259277,-0.045654,-14.739989,85.777275,19.78302,1.34869825941943
19.89,1.209229,0.167236,0.126953,-11.169433,39.93988,0.282288,1.2273221738182685
19.9,1.137939,0.13501,0.217041,-22.338865,10.44464,-19.500732,1.1662931293212697
19.91,1.078613,0.138184,0.147217,-26.268003,5.447387,-26.237486,1.0973484709580636
19.92,0.934814,0.068604,0.126953,-17.967224,18.814087,-22.476194,0.9458862445458228
19.93,0.845215,0.020264,0.137207,-8.911133,36.743164,-16.88385,0.8565189938174168
19.94,0.924316,0.009277,0.143555,-0.869751,49.461361,-9.033203,0.9354433005853429
19.95,1.004883,0.012451,0.149414,1.113892,55.442806,-0.587463,1.0160066015956786
19.96,1.013428,0.012695,0.129883,-6.752014,48.362728,3.128052,1.0217960011166611
19.97,1.060059,0.021973,0.111816,-18.852234,22.949217,3.303528,1.066166363221988
19.98,1.09082,0.040039,0.08252,-25.840757,-7.606506,2.937317,1.0946693310406572
19.99,1.022461,0.031494,0.019287,-23.323057,-33.325195,3.135681,1.0231277324586605
20.0,0.848145,-0.028564,-0.071289,-15.571593,-50.437923,5.470275,0.8516149156995784
20.01,0.66626,-0.076904,-0.120361,-9.963989,-58.92944,13.053893,0.681398109138116
20.02,0.649414,-0.081543,-0.090576,-7.286071,-54.870602,25.527952,0.6607509485585322
20.03,0.668213,-0.058594,-0.032715,-2.616882,-20.858763,30.09033,0.6715743752035213
20.04,0.766602,-0.041016,0.09375,8.132935,26.451109,20.76721,0.7734015781985449
20.05,0.879395,-0.05542,0.235352,19.607544,65.917969,6.973266,0.9120293341384366
20.06,1.065186,-0.078613,0.289551,17.478943,75.691223,-4.676819,1.106634989491115
20.07,1.210205,-0.099121,0.280518,0.701904,59.356686,-13.374328,1.246238926927738
20.08,1.230225,-0.116699,0.255371,-16.792297,37.612915,-21.308897,1.2618583735376168
20.09,1.218018,-0.109131,0.325684,-28.923033,22.933958,-31.906126,1.2655226158947142
20.1,1.181641,-0.046387,0.331299,-40.855404,7.858276,-42.304989,1.2280823400940997
20.11,1.208008,0.063477,0.063477,-51.795956,-30.2124,-39.230347,1.2113389233084189
20.12,1.213379,0.031494,-0.223877,-49.110409,-81.55822,-20.904539,1.2342614718146232
20.13,1.187988,-0.136475,-0.183838,-41.778561,-102.401726,-16.944885,1.2098501246075897
20.14,0.914063,-0.131348,0.083984,-36.16333,-68.351746,-31.143187,0.9272630572437359
20.15,0.843262,-0.11084,0.319336,-22.445677,-43.05267,-35.339355,0.9084887380369664
20.16,0.823486,-0.159912,0.21875,-11.95526,-9.109497,-23.139952,0.8669213357854334
20.17,0.789307,-0.169678,0.067627,-22.109983,12.290954,-12.397765,0.8101663872699237
20.18,0.905762,-0.108643,0.125732,-43.449398,4.53949,-11.123656,0.9208781884250489
20.19,0.981201,-0.015381,0.20752,-52.62756,-14.938354,-18.173218,1.0030236926224625
20.2,0.931641,0.009277,0.197021,-39.871216,-37.910461,-27.275084,0.9522910742262579
20.21,0.920654,-0.014404,0.196289,-26.405333,-50.506588,-37.597656,0.9414566556422022
20.22,0.908936,0.027832,0.242676,-27.9541,-46.508785,-46.760555,0.9411859079353027
20.23,0.782227,0.114502,0.302734,-32.13501,-38.208008,-51.918026,0.8465445424128609
20.24,0.677246,0.141357,0.278076,-31.303404,-31.570433,-54.824825,0.7456340977590818
20.25,0.850586,0.05249,0.104004,-32.859802,-19.371033,-52.406307,0.858526980072263
20.26,1.140869,-0.057129,-0.054443,-44.914242,15.449523,-49.163815,1.1435951372977238
20.27,1.260254,0.033447,0.089111,-62.141415,47.500607,-53.176876,1.263843193060753
20.28,1.12915,0.149414,0.276367,-62.866207,49.85046,-54.229733,1.1720422281577572
20.29,1.030273,0.121826,0.304443,-50.323483,9.19342,-37.780762,1.0811982098829058
20.3,1.110596,0.034912,0.214111,-45.471188,-47.943111,-28.411863,1.1315855439519364
20.31,1.111084,-0.056885,0.106934,-55.580135,-86.524956,-46.890255,1.1176665149484437
20.32,0.959473,-0.050293,0.042725,-69.328308,-107.177727,-69.694519,0.9617396992965405
20.33,0.793213,0.011719,0.013428,-72.433472,-105.24749,-71.800232,0.793413202255924
20.34,0.766846,0.04834,-0.026611,-71.640015,-74.981689,-61.56921,0.7688287771909946
20.35,0.819092,0.144043,-0.081787,-74.783325,-35.263062,-53.367611,0.8356729047193047
20.36,0.9729,0.284424,-0.183838,-71.937561,-15.556334,-48.065182,1.030159129464958
20.37,1.048584,0.360352,-0.088379,-59.989925,-17.700195,-45.097347,1.1122916958248856
20.38,1.027344,0.292725,0.093506,-59.486385,-30.693052,-49.484249,1.0723185123819323
20.39,1.027832,0.14624,0.192383,-81.321709,-37.826538,-63.751217,1.0558579338684726
20.4,1.107178,0.107422,0.055176,-107.955925,-43.937679,-83.099358,1.1137445850570946
20.41,1.103516,0.359619,-0.124756,-110.603325,-73.059082,-89.920036,1.1673206273141068
20.42,1.006104,0.490967,-0.18457,-91.171257,-113.265984,-84.091179,1.1346188517757847
20.43,0.812012,0.413086,-0.10376,-80.162048,-115.562431,-77.445984,0.916934931791782
20.44,0.727051,0.323242,-0.003906,-80.047607,-85.693352,-66.833496,0.7956782037991238
20.45,0.728516,0.176025,0.058838,-83.557121,-59.509274,-53.176876,0.7517860554206895
20.46,0.717529,0.052002,0.018799,-100.555412,-57.563778,-49.819942,0.7196564987867475
20.47,0.64502,0.09375,-0.07666,-116.630547,-73.028564,-48.583981,0.6562900414450916
20.48,0.566406,0.205078,-0.126221,-113.128654,-99.052422,-48.149105,0.6154709446927612
20.49,0.645264,0.278076,-0.084473,-101.394646,-116.333,-61.912533,0.707691726107491
20.5,0.817871,0.332031,-0.056396,-97.282402,-102.432243,-70.571899,0.8844987656396135
20.51,0.92041,0.383789,-0.173584,-99.548332,-60.104366,-53.787228,1.0122153771194151
20.52,1.023193,0.435547,-0.28833,-92.124931,-20.011902,-29.655455,1.148807770411569
20.53,1.109863,0.412109,-0.262695,-78.590393,-3.578186,-15.281676,1.2126987959402782
20.54,1.127441,0.402344,-0.240967,-74.188232,-10.681151,-13.023376,1.2210933616665025
20.55,1.040771,0.371338,-0.213867,-76.316833,-24.101255,-12.023925,1.1255377729663274
20.56,0.881104,0.341797,-0.145508,-75.904846,-29.121397,-3.730774,0.9562123331608937
20.57,0.782227,0.338867,0.009033,-68.756104,-32.63855,5.867004,0.8525206849730979
20.58,0.764648,0.34375,0.099609,-61.531063,-42.396542,5.096435,0.8442585974007016
20.59,0.768799,0.390137,0.042236,-55.381771,-56.503292,3.730774,0.8631585375039744
20.6,0.779541,0.448975,-0.10376,-44.647213,-65.414429,7.492065,0.905554448338696
20.61,0.838135,0.483154,-0.227783,-29.090879,-67.909241,13.076781,0.9938778400940429
20.62,0.882813,0.493164,-0.288574,-18.112183,-67.466736,20.011902,1.051591402276093
20.63,0.922363,0.453125,-0.254883,-14.816283,-67.893982,26.847837,1.0587922898675641
20.64,0.942871,0.409424,-0.258301,-16.098022,-68.153381,33.676147,1.0598835506875273
20.65,0.977539,0.403809,-0.310791,-15.800475,-68.283081,41.648861,1.1023770909643396
20.66,0.973877,0.422363,-0.385742,-11.680602,-66.635132,52.963253,1.1294351709868078
20.67,0.898682,0.437988,-0.480957,8.041382,-64.674377,66.192627,1.109406355271593
20.68,0.945313,0.453857,-0.318604,48.042294,-73.158264,83.389275,1.0959522586472459
20.69,0.921631,0.468994,0.096436,72.067261,-75.4776,107.566826,1.0385850828377037
20.7,0.766357,0.52832,0.179932,33.981323,-64.414978,92.247002,0.9480509471927129
20.71,1.0896,0.575439,-0.335693,-29.380796,-74.798584,47.889706,1.2771248932543755
20.72,1.41333,0.657471,-0.594727,-45.69244,-92.51403,36.445618,1.6683734621690671
20.73,1.516846,0.701904,-0.412354,-50.346371,-127.593987,37.162781,1.72148971366314
20.74,1.483398,0.71875,-0.219727,-69.473267,-180.274948,28.587339,1.6629344976375346
20.75,1.440674,0.731445,-0.20874,-80.780022,-235.107407,13.84735,1.6291487807751015
20.76,1.436768,0.771973,-0.235352,-74.478149,-249.992355,1.403808,1.6479184331929175
20.77,1.356201,0.773438,-0.175049,-62.606808,-249.992355,-6.607055,1.5710282125557133
20.78,1.170898,0.695557,-0.054688,-61.233517,-249.595627,-20.942686,1.3630086001185027
20.79,1.022461,0.663086,-0.075928,-74.005127,-249.992355,-42.358395,1.22101375958709
20.8,0.886719,0.715576,-0.22998,-86.463921,-243.514999,-56.488033,1.162415759157196
20.81,0.81958,0.797119,-0.47168,-80.581657,-201.354965,-59.837337,1.2367667924718062
20.82,0.803223,0.822266,-0.634766,-49.102779,-157.89032,-57.044979,1.3130942225297468
20.83,0.782227,0.740479,-0.655273,-22.666929,-133.842468,-51.475521,1.2607818738778727
20.84,0.817627,0.578369,-0.637695,-26.580809,-116.737358,-52.87933,1.1872992564282183
20.85,0.876221,0.434082,-0.552002,-54.817196,-98.365776,-58.868404,1.1228965364489285
20.86,0.849365,0.387939,-0.504395,-86.479179,-84.526054,-62.606808,1.0612878435989928
20.87,0.711914,0.410645,-0.514893,-102.035515,-79.574585,-64.582825,0.9698276449297577
20.88,0.588867,0.44165,-0.442627,-101.21917,-83.686821,-62.278744,0.8589166009095413
20.89,0.538818,0.481934,-0.314453,-96.05407,-89.172356,-54.275509,0.7883310895106193
20.9,0.530273,0.533691,-0.243164,-95.92437,-80.42907,-42.434689,0.790660653444953
20.91,0.500488,0.564941,-0.224365,-100.097649,-51.559444,-31.73065,0.787392040123597
20.92,0.464111,0.611084,-0.223877,-100.952141,-13.137816,-26.374815,0.7993394688778979
20.93,0.423828,0.606934,-0.209717,-90.789787,20.317076,-26.359556,0.7694025435550625
20.94,0.38623,0.57251,-0.205078,-74.325562,40.588375,-27.297972,0.7204153656634483
20.95,0.374268,0.526611,-0.205811,-58.2962,46.32568,-24.955748,0.6780515090065061
20.96,0.404785,0.490479,-0.17749,-50.216671,44.876095,-19.714355,0.6602448377427877
20.97,0.447754,0.481934,-0.121582,-52.970882,42.259212,-15.327453,0.6689739962031409
20.98,0.47583,0.502441,-0.090576,-60.821529,39.894104,-14.244079,0.6979005367221034
20.99,0.470459,0.531738,-0.087646,-64.628601,36.506653,-16.815186,0.7153731841780205
21.0,0.479736,0.528809,-0.090576,-61.012264,31.539915,-20.759581,0.7197149435387596
21.01,0.506348,0.506592,-0.111816,-53.909298,31.455992,-24.276731,0.7249321136658247
21.02,0.492188,0.506836,-0.146973,-48.896786,40.428158,-25.032042,0.7216181961182797
21.03,0.453369,0.516602,-0.137695,-47.065731,51.452633,-21.575926,0.7009857270943539
21.04,0.451416,0.540771,-0.108887,-50.247189,59.890743,-15.068053,0.7127875267328967
21.05,0.496338,0.589355,-0.087158,-56.602474,63.468929,-8.781433,0.7754271359921575
21.06,0.582764,0.640381,-0.085205,-60.569759,59.898373,-3.982544,0.8700353997866982
21.07,0.671631,0.65625,-0.143066,-54.328915,46.508785,-1.152039,0.9498526954307178
21.08,0.675537,0.596191,-0.240967,-36.270142,24.215696,-5.66864,0.9326623407959604
21.09,0.567139,0.477783,-0.315674,-18.432617,2.182007,-17.677307,0.8059611123906661
21.1,0.447021,0.402344,-0.307129,-16.921997,-15.663146,-30.72357,0.6753048877492299
21.11,0.404785,0.402832,-0.220215,-35.476685,-29.487608,-36.254883,0.6120614043329313
21.12,0.451904,0.482666,-0.20459,-59.516903,-31.044004,-30.006407,0.6921277056093045
21.13,0.548584,0.567627,-0.28418,-64.979553,-15.060424,-21.743773,0.8389893256680921
21.14,0.563477,0.562988,-0.295898,-48.164364,10.391234,-22.918699,0.849716096162124
21.15,0.524902,0.508057,-0.262939,-31.875608,24.940489,-32.295227,0.7763896847421402
21.16,0.546631,0.489746,-0.328613,-28.747557,27.19879,-39.665222,0.8041412179748032
21.17,0.522705,0.505615,-0.404541,-30.776976,28.152464,-37.93335,0.8321781455499778
21.18,0.406494,0.540771,-0.365723,-32.821655,32.447815,-32.264709,0.7690409346751316
21.19,0.324951,0.574707,-0.26001,-35.369873,37.574768,-28.816221,0.7095678180061438
21.2,0.369141,0.586182,-0.259766,-36.888123,41.275021,-23.849485,0.739832947198893
21.21,0.428711,0.634521,-0.435059,-28.755186,45.433041,-14.717101,0.8807305799408807
21.22,0.483643,0.623291,-0.492676,-6.17218,57.373043,-19.081116,0.9301246492304137
21.23,0.496582,0.554443,-0.333008,12.21466,83.053581,-37.162781,0.8154109706381194
21.24,0.472412,0.515381,-0.13916,11.741637,102.134697,-50.117489,0.7128507406919067
21.25,0.515869,0.562012,-0.106934,-5.386352,111.656181,-47.164913,0.7703331705573894
21.26,0.633057,0.663818,-0.157471,-21.804808,116.767876,-28.656004,0.9307054411649263
21.27,0.613525,0.741943,-0.119873,-27.023314,114.875786,-6.324768,0.9701865166054412
21.28,0.490723,0.815186,-0.0979,-26.161192,97.465508,0.144958,0.9565153879185635
21.29,0.506348,0.862061,-0.155029,-16.12854,70.854187,-8.544922,1.0117170828181168
21.3,0.62207,0.845947,-0.196777,2.494812,56.213375,-12.191772,1.068325137511048
21.31,0.648438,0.806885,-0.155762,16.365051,64.048767,-11.299132,1.0468032497623418
21.32,0.682129,0.750244,0.055664,14.022826,79.582214,-11.718749,1.0155119462975313
21.33,0.756348,0.861816,0.175049,-6.67572,79.742432,-9.605408,1.1599272681340844
21.34,0.797119,1.094482,-0.011719,-13.916015,58.937069,-0.320435,1.3540409460005263
21.35,0.686768,1.154053,-0.156006,8.125305,32.814026,13.496398,1.3519713327837244
21.36,0.587646,1.043945,-0.095947,27.648924,8.659363,11.726378,1.2018131348716405
21.37,0.611816,0.945801,0.035156,26.573179,-10.772704,2.63977,1.1269846022874492
21.38,0.7146,0.895752,0.051758,22.293089,-22.804258,4.997253,1.1470412791473548
21.39,0.792969,0.805908,-0.001709,28.823851,-24.055479,3.753662,1.1306150804345394
21.4,0.79541,0.720703,-0.036133,38.642883,-22.193907,-7.606506,1.0739625114490727
21.41,0.742188,0.672607,-0.012939,41.168209,-28.160093,-16.235352,1.0017038591889322
21.42,0.718506,0.648438,0.022949,32.844543,-43.785091,-14.35852,0.9681164023406482
21.43,0.699707,0.662354,-0.004883,21.27075,-56.060787,-4.974365,0.9634970424728868
21.44,0.685791,0.694092,-0.075439,15.243529,-54.26025,5.722045,0.9786541998407814
21.45,0.716309,0.712402,-0.151367,15.350341,-43.205257,12.725829,1.0215317722782782
21.46,0.731201,0.682861,-0.224609,18.455505,-33.485413,13.450622,1.0253795641629493
21.47,0.707275,0.597656,-0.280518,21.461485,-32.417297,7.965087,0.9675334455640281
21.48,0.647949,0.496582,-0.341309,19.996643,-33.058167,-2.532959,0.8848296010001022
21.49,0.483398,0.487061,-0.257813,10.810851,-28.594969,-12.359618,0.7330549686715179
21.5,0.41748,0.564209,-0.181641,-2.243042,-25.901793,-9.941101,0.7249929647672451
21.51,0.478271,0.669434,-0.226318,-5.401611,-17.967224,1.174927,0.8532906110587412
21.52,0.495605,0.738281,-0.271484,7.270813,2.738952,11.505126,0.9297239984221124
21.53,0.558838,0.76123,-0.220703,24.330137,22.575377,14.091491,0.9697839127109709
21.54,0.734863,0.77417,-0.181152,35.018921,30.746458,10.94818,1.082672094760459
21.55,0.872559,0.759277,-0.218994,41.725155,28.152464,8.148193,1.1772081987677456
21.56,0.850098,0.69043,-0.232178,47.126766,17.715454,5.218505,1.1194940009611485
21.57,0.740967,0.602783,-0.126709,45.341488,-2.6474,-0.137329,0.9635531178191477
21.58,0.685059,0.574951,0.035156,33.233643,-26.283262,-4.78363,0.8950477251063208
21.59,0.690918,0.671143,0.01123,19.302368,-41.618343,-0.526428,0.9632895317987215
21.6,0.623779,0.820068,-0.186768,19.966125,-44.166561,7.850646,1.047136118796883
21.61,0.64917,0.853271,-0.251221,33.874512,-42.648312,15.777587,1.101183490242203
21.62,0.774902,0.800293,-0.185547,41.130062,-45.280453,22.140501,1.129322666319064
21.63,0.897461,0.715088,-0.184082,37.567139,-62.942501,18.867493,1.162184700032228
21.64,0.89624,0.608643,-0.276367,33.325195,-91.293327,6.057739,1.11806581100488
21.65,0.765137,0.51709,-0.269043,30.838011,-115.882866,-7.766723,0.9618736053754672
21.66,0.564697,0.524658,-0.182861,22.476194,-122.291557,-11.764525,0.7922038021203887
21.67,0.414063,0.608154,-0.212891,9.712219,-107.307426,-0.816345,0.7659125495551042
21.68,0.375,0.686523,-0.299316,3.837585,-78.49884,15.525817,0.8375732191187825
21.69,0.44873,0.729736,-0.374756,7.667541,-55.206295,27.244566,0.9350482886632112
21.7,0.572266,0.719238,-0.467529,14.709472,-57.624813,30.914305,1.031200776396624
21.71,0.685791,0.666504,-0.495117,16.616821,-88.668816,28.793333,1.0768833369432362
21.72,0.704102,0.632813,-0.478271,11.070251,-135.368347,24.444578,1.0606389908041285
21.73,0.60376,0.617676,-0.491943,5.676269,-179.176315,18.516541,0.9940109123269221
21.74,0.441895,0.598389,-0.505127,5.691528,-203.231796,11.726378,0.8991628731631438
21.75,0.354492,0.60498,-0.525635,8.811951,-201.751694,8.903503,0.8763318616192155
21.76,0.373047,0.644531,-0.633789,13.946532,-176.841721,14.457702,0.9778920035929326
21.77,0.375977,0.675781,-0.717529,18.478394,-139.030457,22.247313,1.054934372523239
21.78,0.369629,0.681152,-0.700439,16.738892,-104.347221,24.528502,1.0446092271591325
21.79,0.37915,0.671387,-0.662354,8.964539,-84.663383,22.521971,1.0164782573105042
21.8,0.388428,0.658936,-0.680176,4.951477,-85.288994,15.350341,1.0235782111084624
21.81,0.476563,0.628662,-0.658691,8.026123,-98.81591,2.861023,1.0277169049373471
21.82,0.544434,0.600342,-0.644775,12.420653,-111.869804,-5.081176,1.0356416841480454
21.83,0.388672,0.57666,-0.64502,14.251708,-108.299248,-10.131835,0.9485006481726831
21.84,0.136475,0.585938,-0.599609,9.140015,-82.244865,-18.951416,0.8493996222921222
21.85,0.121826,0.631592,-0.641113,0.076294,-43.487545,-26.580809,0.9081717389948886
21.86,0.40625,0.648438,-0.743896,-4.325867,-4.104614,-22.453306,1.0671889060330415
21.87,0.674316,0.609375,-0.843506,-6.629943,22.758482,-9.666443,1.2399767459581652
21.88,0.729004,0.573486,-0.854492,-18.180847,34.14917,-7.896423,1.2611461462796452
21.89,0.670166,0.579102,-0.768799,-37.330627,32.615662,-21.224974,1.1728314015070538
21.9,0.564453,0.626465,-0.673096,-51.918026,29.579161,-33.988953,1.0789456940226416
21.91,0.432373,0.678223,-0.570313,-54.328915,36.911011,-34.751892,0.9859968391566983
21.92,0.346191,0.68042,-0.413574,-45.890804,54.88586,-27.473448,0.8682528654470425
21.93,0.308105,0.679199,-0.271973,-31.85272,82.763664,-23.28491,0.7938572197536532
21.94,0.265869,0.711914,-0.205322,-15.502929,119.300835,-23.979185,0.7871880285173296
21.95,0.216064,0.748047,-0.251953,3.334045,155.952454,-23.704527,0.8183753909508765
21.96,0.169678,0.754883,-0.337158,24.955748,184.669479,-23.353575,0.8439872536578974
21.97,0.206299,0.741455,-0.346436,43.937679,196.945175,-23.315428,0.8439980429610011
21.98,0.348389,0.705566,-0.274414,55.030819,185.157761,-16.586304,0.8333674574117951
21.99,0.525391,0.688965,-0.277832,57.78503,146.392822,-0.289917,0.9098896055731158
22.0,0.54248,0.687256,-0.424805,58.845516,83.015434,17.25769,0.9731724656817001
22.01,0.340576,0.619629,-0.496094,59.593197,6.92749,20.935057,0.8637368616963154
22.02,0.052734,0.549316,-0.424316,54.153439,-60.958858,8.605957,0.6961127857380583
22.03,-0.072021,0.614746,-0.405273,48.980709,-115.07415,-5.500793,0.7398282729701535
22.04,0.050781,0.692139,-0.592285,63.255306,-139.717102,6.385803,0.9123796504235503
22.05,0.269287,0.574951,-0.740967,88.455193,-118.545525,50.682064,0.9757644366644032
22.06,0.413818,0.467041,-0.758789,89.355461,-70.098877,84.96093,0.9824120211632185
22.07,0.43457,0.41748,-0.796387,70.343018,-34.40094,81.855766,0.9986855806854328
22.08,0.439453,0.323975,-0.838379,54.161068,-42.076107,55.679317,1.0004789290509821
22.09,0.463623,0.253418,-0.830566,45.158382,-82.763664,35.087585,0.9843814551326128
22.1,0.588379,0.241211,-0.724854,34.538269,-119.155876,36.628723,0.9642540720567375
22.11,0.731445,0.26709,-0.924072,16.944885,-108.7799,53.75671,1.2084113195882435
22.12,0.671143,0.325439,-0.989258,-1.098633,-49.636837,55.671688,1.2389410235091902
22.13,0.6604,0.430908,-0.905518,-23.750303,3.677368,34.629822,1.2007384031453312
22.14,0.779785,0.5271,-0.824219,-40.809628,27.160643,19.943237,1.2510939278031847
22.15,0.81665,0.616943,-0.714355,-48.812862,39.161682,21.575926,1.248134189009339
22.16,0.749023,0.674805,-0.665771,-51.498409,51.704403,18.463135,1.208159040439213
22.17,0.599365,0.667236,-0.647949,-51.124569,55.183407,10.101317,1.1064719560485934
22.18,0.504639,0.645752,-0.620117,-49.430843,40.351864,7.156372,1.0277165268273154
22.19,0.500244,0.625244,-0.565674,-44.143673,26.283262,10.56671,0.980388287031215
22.2,0.507813,0.677002,-0.466064,-33.454895,33.782959,15.274047,0.9661373624226526
22.21,0.529297,0.785889,-0.393311,-18.707275,64.590454,17.234802,1.025899789088096
22.22,0.60791,0.853516,-0.349365,-5.058288,97.976677,18.501282,1.1045813838649463
22.23,0.667236,0.872314,-0.362305,10.276793,122.627251,14.73236,1.1564603353842275
22.24,0.727295,0.840088,-0.360352,24.002073,132.102966,4.966736,1.1681435822162445
22.25,0.841309,0.778809,-0.328857,28.732298,119.636528,-4.104614,1.1926823627483556
22.26,0.923584,0.7146,-0.383057,29.312132,92.788689,-6.095886,1.2289805654708297
22.27,0.970459,0.67627,-0.431641,31.547544,60.714718,-3.517151,1.2591448433210535
22.28,1.025635,0.656738,-0.397461,30.563353,25.314329,-4.692078,1.2810960933474118
22.29,1.072021,0.620605,-0.354004,27.793882,-8.468628,-14.060973,1.2882928325819405
22.3,1.045898,0.603271,-0.448486,25.939939,-36.155701,-22.979734,1.2880132833325129
22.31,0.837891,0.581543,-0.514404,22.956846,-53.459164,-25.131224,1.1423069044464365
22.32,0.623535,0.540771,-0.539307,18.2724,-63.529964,-24.475096,0.9859417888065197
22.33,0.519287,0.495117,-0.580322,15.205382,-64.247131,-21.232603,0.922807377377316
22.34,0.487061,0.47876,-0.577637,10.82611,-53.993221,-18.173218,0.8944853599081429
22.35,0.571289,0.500732,-0.426514,4.562378,-37.704468,-19.15741,0.8712163046804163
22.36,0.743896,0.555664,-0.263184,0.587463,-22.766111,-24.269102,0.9650956209454066
22.37,0.824463,0.617188,-0.261475,2.853393,-16.906738,-30.609129,1.062557970812887
22.38,0.691162,0.637207,-0.371826,7.888793,-20.843504,-35.919189,1.0109363211246296
22.39,0.535645,0.638672,-0.473877,6.896972,-27.923582,-37.071228,0.958841436702649
22.4,0.501221,0.643555,-0.477539,1.678467,-28.236387,-34.622192,0.9452137458728581
22.41,0.509766,0.657227,-0.406494,0.816345,-18.386841,-33.073425,0.9257678306794853
22.42,0.497803,0.695801,-0.34082,6.759643,-6.034851,-33.355713,0.9209262352707734
22.43,0.471191,0.702637,-0.325684,14.533996,-2.525329,-32.814026,0.9065262158956021
22.44,0.464111,0.650391,-0.308594,21.804808,-6.66809,-28.511045,0.8565265495231307
22.45,0.474854,0.583984,-0.291748,25.619505,-6.713867,-24.719236,0.8072425466215218
22.46,0.502197,0.5354,-0.328125,22.827147,-0.160217,-23.094175,0.8040652973695607
22.47,0.501465,0.522705,-0.362061,13.22174,7.087707,-22.033689,0.8097998709378756
22.48,0.504639,0.547119,-0.393311,2.677917,7.377624,-18.539429,0.8418392145790073
22.49,0.543701,0.577881,-0.37207,-5.271911,0.038147,-10.215758,0.8763522764630671
22.5,0.572021,0.604248,-0.354004,-10.520934,-12.519835,-1.296997,0.904235866331899
22.51,0.557861,0.604492,-0.342529,-12.023925,-28.892515,2.235413,0.8910362446197124
22.52,0.518799,0.5896,-0.338867,-11.810302,-43.533321,2.098083,0.8553428587940628
22.53,0.519043,0.599609,-0.370605,-10.810851,-42.984005,-0.305176,0.8753768644161211
22.54,0.520752,0.655762,-0.369385,-9.788513,-20.652769,-5.752563,0.9152331530123895
22.55,0.512939,0.705322,-0.307129,-7.186889,4.943848,-16.319275,0.9246154682061078
22.56,0.477783,0.706055,-0.244873,-3.128052,18.028259,-21.972654,0.8869910057283558
22.57,0.428223,0.675781,-0.26709,1.12915,25.085447,-17.883301,0.8434405526117416
22.58,0.415527,0.63623,-0.325928,3.746032,38.627625,-10.467528,0.8268496609499214
22.59,0.462891,0.588135,-0.360352,2.593994,61.477657,-7.415771,0.8306770852804355
22.6,0.471436,0.55542,-0.353516,-1.686096,89.126579,-10.803222,0.8097634474042403
22.61,0.436768,0.543945,-0.319336,-6.996154,111.114494,-20.690916,0.7672143962055197
22.62,0.416748,0.532227,-0.187988,-13.008117,122.955315,-30.410765,0.7016295056345621
22.63,0.470215,0.520508,-0.05249,-15.708922,122.88665,-31.883238,0.7034102106090016
22.64,0.598145,0.482178,0.008789,-8.338928,113.380424,-29.159544,0.7683425741360426
22.65,0.714355,0.400635,0.101563,2.105713,98.709099,-30.85327,0.8253038908299173
22.66,0.848633,0.291016,0.137939,2.426147,78.575134,-40.885921,0.9076868670780689
22.67,0.902832,0.200439,0.151611,-9.101868,60.211178,-57.434078,0.9371591691201661
22.68,0.755859,0.189209,0.1875,-27.214048,43.258663,-75.35553,0.801423186314197
22.69,0.483154,0.257324,0.243652,-45.013424,22.491453,-83.991997,0.5991825479734869
22.7,0.308105,0.375,0.293213,-66.375732,5.813598,-82.656853,0.5670339975645199
22.71,0.224609,0.443359,0.253906,-88.340752,13.832091,-79.856873,0.5581081101345867
22.72,0.095947,0.429688,0.223877,-108.894341,48.889156,-78.300476,0.49392156794576203
22.73,-0.141113,0.323486,0.255859,-129.142761,98.731987,-75.782776,0.43591271929825587
22.74,-0.395264,0.116943,0.346924,-155.982971,149.032593,-58.387753,0.5387629875195585
22.75,-0.385986,0.131104,0.422363,-197.967514,199.554428,-13.160705,0.5869957025234512
22.76,-0.028809,0.793945,0.215088,-223.785385,246.040329,60.447689,0.8230683259912266
22.77,0.015381,1.474609,-0.283447,-168.395981,249.992355,141.51001,1.5016825496259187
22.78,-0.127197,1.538086,-0.473145,-41.107174,249.43541,190.58989,1.6142347447722716
22.79,-0.042969,1.303955,-0.277344,77.308655,249.824509,222.808823,1.3338158311108772
22.8,0.246826,1.150635,-0.150391,143.943787,249.992355,249.992355,1.1863816546044532
22.81,0.677002,1.210693,-0.20166,187.660202,249.992355,249.992355,1.4017046778308904
22.82,1.285889,1.485352,-0.282715,232.757553,249.992355,249.504074,1.9848699845203968
22.83,1.871826,1.732178,-0.406738,249.336227,249.992355,249.977097,2.5825586147470108
22.84,1.971924,1.581543,-0.476074,192.649826,249.992355,225.822433,2.5722381258547973
22.85,2.0625,1.177246,-0.483643,138.1073,249.992355,75.22583,2.423576890871218
22.86,1.987793,1.131592,-0.454834,137.481689,249.992355,2.746582,2.33210107689804
22.87,1.683838,1.174805,-0.310547,113.037102,249.992355,14.328002,2.0765155037894614
22.88,1.378174,1.046387,-0.003662,60.516354,249.992355,20.248411,1.7304053681981573
22.89,1.198486,0.861572,0.479248,21.240232,249.992355,-2.288818,1.5518871250461483
22.9,1.095947,1.125977,0.642822,-21.438597,249.992355,-20.309446,1.6976878850430663
22.91,1.182373,1.479492,0.68457,-20.835875,249.992355,-18.058777,2.013836779407159
22.92,1.550537,1.273438,0.712402,32.707214,249.992355,-30.311583,2.12916085296931
22.93,1.645752,0.666016,0.665039,76.904297,249.992355,-64.277649,1.8958781156184594
22.94,1.542725,0.37207,0.772461,69.602966,236.030563,-99.151604,1.764973797835537
22.95,1.401855,0.380127,1.131836,42.282101,166.686996,-110.328667,1.841398030858619
22.96,1.103516,0.552002,1.553711,38.841248,87.242119,-95.03936,1.9840543444626209
22.97,0.854004,0.727051,1.592041,67.573547,31.539915,-78.24707,1.9474394815495553
22.98,0.810303,0.610596,1.140625,107.559196,11.001586,-62.57629,1.5265791226300718
22.99,0.756104,0.315674,0.654053,118.492119,4.40979,-52.24609,1.0483933707826467
23.0,0.578125,0.167236,0.483398,95.367424,-10.932921,-62.370296,0.7719261763439559
23.01,0.421143,0.125,0.560547,77.529907,-20.927427,-74.409485,0.7121793072380017
23.02,0.356689,0.096924,0.753662,79.101563,-6.507873,-78.704834,0.8394210592670404
23.03,0.308594,0.122803,0.794922,86.441032,23.277281,-81.17675,0.8615171615986532
23.04,0.236328,0.180664,0.835938,89.50042,47.859188,-77.209473,0.8872895493152164
23.05,0.176514,0.279053,0.765137,85.105888,60.676571,-65.284729,0.833344105261446
23.06,0.231689,0.284424,0.447754,81.192009,72.273254,-52.947994,0.5788440627777053
23.07,0.325928,0.19043,0.225342,70.907593,89.820854,-51.445004,0.43962673149843834
23.08,0.365723,0.143555,0.29834,52.536007,103.164665,-63.056942,0.4933235311172578
23.09,0.302979,0.155273,0.272949,40.023804,108.787529,-68.67218,0.43635666096783715
23.1,0.246094,0.180176,0.371338,37.93335,115.135185,-62.309261,0.48053882055043173
23.11,0.338867,0.291016,0.390381,33.470154,130.874634,-56.724545,0.5932271749557668
23.12,0.497803,0.350342,0.348145,29.296873,138.061523,-47.416683,0.7012505150072975
23.13,0.542236,0.380371,0.546143,19.706726,123.733513,-38.162231,0.8584719877701311
23.14,0.524658,0.458984,0.805176,8.552551,92.292778,-37.918091,1.0650073803481364
23.15,0.385986,0.528564,0.645752,8.132935,56.869503,-33.348083,0.9194350111867614
23.16,0.22168,0.46875,0.35083,7.438659,35.751343,-20.996092,0.6260593213106885
23.17,0.177734,0.479248,0.257324,-8.308411,44.471737,-11.627196,0.5722618816905422
23.18,0.271484,0.568604,0.396973,-21.591185,79.025269,-4.020691,0.7447158074064226
23.19,0.433838,0.677979,0.621094,-22.865294,109.611504,-6.683349,1.0166753127331263
23.2,0.525146,0.759766,0.639893,-18.974304,113.44146,-21.743773,1.1236039104243987
23.21,0.529785,0.745117,0.62915,-10.643004,99.052422,-29.357908,1.1098203514145881
23.22,0.499512,0.720947,0.710449,-8.903503,77.74353,-24.932859,1.1287225507422096
23.23,0.446777,0.768311,0.754639,-13.114928,55.6488,-17.662048,1.1659294578879975
23.24,0.402588,0.82251,0.720947,-13.442992,38.566589,-10.734557,1.1654888994121737
23.25,0.419189,0.814209,0.737305,-12.008666,26.153563,-4.653931,1.1757016528129065
23.26,0.473389,0.808594,0.826416,-12.344359,6.942749,-3.181457,1.2493537558325905
23.27,0.482422,0.793945,0.864502,-10.337829,-19.317627,-4.814148,1.269032449196237
23.28,0.453369,0.769775,0.779053,-5.531311,-47.065731,-1.609802,1.1853356392157455
23.29,0.359131,0.731445,0.626709,-0.801086,-69.43512,5.882263,1.0279839657635716
23.3,0.255127,0.70459,0.587646,-1.091003,-86.067192,12.809752,0.9522944269211072
23.31,0.156738,0.74292,0.617676,-6.988525,-96.107475,18.974304,0.9787852512272547
23.32,0.143311,0.803467,0.583008,-8.850098,-97.511284,25.260923,1.0029933154682538
23.33,0.217285,0.791016,0.668945,-1.052856,-77.026367,27.526854,1.05849255855013
23.34,0.359131,0.77002,0.76416,10.101317,-37.704468,16.105652,1.142736356803703
23.35,0.415039,0.735107,0.767578,24.909971,-1.686096,-0.328064,1.140971366447905
23.36,0.380371,0.70166,0.72998,36.567688,22.346495,-6.736755,1.0816097510844658
23.37,0.292969,0.672852,0.582275,41.687008,34.034729,-4.295349,0.9368056492624284
23.38,0.32373,0.63623,0.416504,43.113705,31.120298,5.897521,0.826477651129176
23.39,0.420166,0.589844,0.429688,35.957336,24.429319,12.603759,0.8420731495754986
23.4,0.503662,0.64209,0.658691,19.363403,9.140015,4.722595,1.0487272342344316
23.41,0.526123,0.757324,0.713623,14.717101,-20.400999,1.876831,1.1660200848330187
23.42,0.547607,0.736816,0.556885,27.915953,-50.666805,10.902404,1.0737281534587793
23.43,0.496338,0.659424,0.453613,36.949158,-60.44006,17.295837,0.9417835079194157
23.44,0.406982,0.630859,0.457275,32.737732,-51.734921,14.251708,0.8790437144021905
23.45,0.400391,0.656006,0.403564,25.726316,-37.521362,6.973266,0.8680557165372509
23.46,0.366699,0.701904,0.350586,22.750853,-23.582457,3.532409,0.8660530729770549
23.47,0.3125,0.748535,0.363037,18.768311,-13.114928,4.325867,0.8886825977783069
23.48,0.321777,0.788818,0.38916,14.160155,-0.747681,4.516602,0.9366001176879064
23.49,0.341797,0.817139,0.388916,12.008666,17.311096,1.739502,0.9673660060111684
23.5,0.369873,0.822021,0.381104,11.795043,37.490845,-0.602722,0.978654596569188
23.51,0.400635,0.812012,0.385254,11.672973,53.718563,0.144958,0.9840185648070874
23.52,0.403809,0.795654,0.364014,12.977599,57.189938,1.518249,0.9636561567244822
23.53,0.424561,0.781494,0.39209,13.809203,46.882626,3.890991,0.9719668116026391
23.54,0.423096,0.800537,0.427246,10.108947,29.479979,6.340026,1.0012037045981204
23.55,0.425537,0.826416,0.401611,7.751464,11.032104,9.819031,1.0125890275654779
23.56,0.442139,0.828613,0.380127,11.032104,0.946045,12.405395,1.0132042909596268
23.57,0.476074,0.815674,0.416748,14.953612,2.777099,10.69641,1.032302970670917
23.58,0.504639,0.810547,0.447266,16.51001,8.69751,9.170532,1.0543689270298133
23.59,0.51123,0.806641,0.41626,19.462585,16.349792,8.956909,1.041776465169472
23.6,0.522217,0.790527,0.359375,24.818419,26.382444,9.231567,1.0133084049009955
23.61,0.535156,0.775146,0.314209,26.977537,34.713745,9.231567,0.9929605034103823
23.62,0.507813,0.7771,0.302734,23.452757,31.547544,10.780334,0.9764252801546056
23.63,0.493652,0.781494,0.349365,14.076232,15.724181,15.548705,0.9881705684571869
23.64,0.537109,0.801514,0.40918,2.342224,-1.937866,18.1427,1.0480167186056717
23.65,0.586426,0.832275,0.426025,-4.28009,-13.587951,13.961791,1.1036640927954484
23.66,0.614258,0.845703,0.362061,-2.540588,-21.499632,8.430481,1.1061711542496486
23.67,0.625732,0.81543,0.216064,5.043029,-29.075621,7.781982,1.050309608077542
23.68,0.589844,0.746094,0.152832,10.70404,-36.460876,9.620667,0.9632911405156803
23.69,0.564209,0.716309,0.273926,1.411438,-47.07336,7.4234,0.9520849923394444
23.7,0.548828,0.780029,0.447021,-23.048399,-60.43243,4.78363,1.0533210283982752
23.71,0.556885,0.879883,0.558105,-46.531673,-72.967529,4.570007,1.18143818625394
23.72,0.500977,0.975586,0.651611,-58.959957,-77.896118,5.432128,1.2756735057396151
23.73,0.359619,1.038818,0.704346,-57.800289,-78.514099,7.354736,1.3055925666152517
23.74,0.267334,1.007568,0.680176,-41.549679,-77.613831,9.567261,1.2447088547752845
23.75,0.2771,0.936279,0.654541,-16.235352,-67.985535,9.559631,1.1755112489984942
23.76,0.247559,0.905273,0.657959,3.219604,-44.418331,7.736206,1.1461739434706235
23.77,0.209473,0.891846,0.570557,12.08496,-16.914368,7.781982,1.0792606338109438
23.78,0.281006,0.84375,0.420166,14.839171,3.097534,10.772704,0.9835740450479566
23.79,0.390381,0.756592,0.259033,16.693115,13.610839,8.453369,0.8899027332883072
23.8,0.57251,0.689453,0.225342,17.074585,7.972717,2.075195,0.9240628529883668
23.81,0.789551,0.654053,0.355957,8.651733,-13.069152,0.816345,1.0853024897506685
23.82,0.879395,0.671143,0.598633,-6.736755,-45.089718,-8.300781,1.2578274767085509
23.83,0.76001,0.71875,0.744629,-24.749754,-83.641045,-16.868591,1.2840128933312935
23.84,0.477539,0.74707,0.690186,-41.023251,-112.602226,-21.278379,1.1236163918424296
23.85,0.335693,0.803711,0.593018,-46.874996,-109.90905,-30.014036,1.0537132010627939
23.86,0.391846,0.902832,0.583008,-33.065796,-69.572449,-32.333374,1.1439174952783964
23.87,0.34082,0.854492,0.625732,-2.13623,-25.672911,-17.524719,1.112589495855502
23.88,0.341797,0.740234,0.580811,19.561768,-5.523681,-6.568908,1.001055933345385
23.89,0.439453,0.673584,0.442871,21.560667,3.868103,-6.462097,0.9181334690043708
23.9,0.488037,0.621826,0.364014,20.965574,5.485534,-6.713867,0.870260811389896
23.91,0.481689,0.595947,0.447266,21.224974,-3.601074,-5.210876,0.8872564422341491
23.92,0.452637,0.611816,0.501465,17.662048,-18.127441,-3.868103,0.9114089191191845
23.93,0.421143,0.621826,0.426758,19.927979,-28.221128,-4.402161,0.8638005506417555
23.94,0.330566,0.65625,0.380615,23.849485,-25.505064,-1.64032,0.8275298913519681
23.95,0.25293,0.69458,0.352539,20.339964,-24.147032,6.263732,0.818961969703722
23.96,0.29834,0.702148,0.293945,16.288757,-31.425474,5.249023,0.817570934249133
23.97,0.359131,0.645508,0.340088,18.081665,-45.852657,1.13678,0.8132130723057763
23.98,0.477539,0.581543,0.54248,22.575377,-69.046021,-1.25885,0.9276423382802232
23.99,0.557373,0.550293,0.642334,26.741026,-96.405022,-2.426147,1.0129560772975303
24.0,0.510254,0.554199,0.567627,28.060911,-122.390739,-1.937866,0.9432370260152005
24.01,0.482422,0.568359,0.504883,20.820616,-143.890381,2.593994,0.9003720245842826
24.02,0.485352,0.608154,0.497559,7.774353,-142.89856,-1.083374,0.9235706849510762
24.03,0.514404,0.643799,0.435059,0.930786,-120.460503,-8.125305,0.9318610202696537
24.04,0.536377,0.628906,0.317871,6.41632,-86.166374,-9.666443,0.8855873845115455
24.05,0.537842,0.579102,0.30835,13.427733,-53.688046,-2.922058,0.8483589251419472
24.06,0.60376,0.557373,0.423828,7.293701,-32.37915,2.296448,0.9245652882912055
24.07,0.60376,0.603027,0.531494,-5.66101,-12.252807,-2.410889,1.0053126739303548
24.08,0.563477,0.667969,0.56543,-11.268615,8.270264,-8.636475,1.040865024578115
24.09,0.56958,0.708984,0.536133,-8.201599,30.448912,-7.896423,1.055707479534459
24.1,0.535645,0.705322,0.528809,-5.744934,56.457516,-5.867004,1.0315200667897837
24.11,0.460938,0.696777,0.561768,-8.071899,77.590942,-6.935119,1.0067498762835783
24.12,0.422363,0.710205,0.585449,-11.032104,91.743462,-8.552551,1.0126856261421904
24.13,0.380859,0.739746,0.554443,-9.620667,104.324333,-5.973815,0.9998423688992181
24.14,0.391602,0.746826,0.507324,-2.227783,111.770622,-0.900268,0.9841132260344843
24.15,0.424072,0.733887,0.50708,3.89862,117.866508,-0.411987,0.9877030506954
24.16,0.41333,0.730713,0.553223,4.379272,121.871941,-2.944946,1.0054048264246596
24.17,0.405518,0.736572,0.655518,2.357483,121.391289,-3.990173,1.0661552456523393
24.18,0.384766,0.758301,0.696533,1.464844,125.175468,-5.004883,1.0991922040507747
24.19,0.336426,0.791992,0.621826,7.110595,132.064819,-1.983642,1.0616502982696328
24.2,0.310059,0.793701,0.515869,15.640258,134.307861,3.761291,0.9961017448247944
24.21,0.360352,0.775635,0.491943,18.39447,128.128052,6.752014,0.9866464069655349
24.22,0.468506,0.774414,0.541016,11.741637,116.83654,5.966186,1.0544729620469175
24.23,0.492676,0.781738,0.637207,5.363464,109.176628,1.190186,1.1224422936031055
24.24,0.451172,0.799561,0.7229,7.827758,102.935783,-3.65448,1.1685197372338219
24.25,0.458496,0.833984,0.639404,17.868042,95.115654,-3.585815,1.1465536923703137
24.26,0.510742,0.814697,0.476318,31.021116,88.409416,1.564026,1.073064503884552
24.27,0.516113,0.765137,0.425049,37.414551,84.58709,5.371093,1.016107233484242
24.28,0.50708,0.751465,0.489014,29.975889,75.363159,3.700256,1.0300312931270583
24.29,0.524902,0.776367,0.5896,17.25769,58.67767,1.792908,1.1072018733243727
24.3,0.505127,0.830811,0.64502,9.605408,42.053219,0.953674,1.1668123260619079
24.31,0.46167,0.866699,0.597656,15.853881,31.639097,-2.754211,1.149564717550517
24.32,0.509033,0.796875,0.458008,32.745361,21.972654,-4.302979,1.0506644034980914
24.33,0.5354,0.678955,0.300537,46.249386,8.132935,-1.144409,0.915399115355701
24.34,0.55127,0.612793,0.270508,44.662472,-7.987976,-2.319336,0.8675185599242244
24.35,0.582031,0.631836,0.329834,27.389524,-22.644041,-4.493713,0.9201995889006905
24.36,0.597656,0.701904,0.371582,9.078979,-41.175838,-3.082275,0.9939492453219128
24.37,0.574219,0.741211,0.383301,2.662658,-64.697266,-2.39563,1.012936751768342
24.38,0.541504,0.743652,0.42041,4.432678,-89.87426,-3.112793,1.0114294079272166
24.39,0.582031,0.731934,0.504395,5.828857,-113.174431,-4.272461,1.0624978971000365
24.4,0.666992,0.734619,0.556641,7.942199,-132.492065,-5.134582,1.137713762818223
24.41,0.667236,0.723877,0.511963,13.160705,-143.15033,-8.094788,1.1096431427238218
24.42,0.553467,0.702637,0.4375,15.670775,-147.903442,-10.32257,0.9957061433264335
24.43,0.474854,0.684326,0.385742,14.465331,-153.060913,-8.132935,0.9179244446881235
24.44,0.493408,0.661621,0.359375,16.921997,-158.882141,-2.487183,0.9001911978740961
24.45,0.504639,0.628418,0.366699,24.368284,-166.053757,4.554749,0.8854591236449032
24.46,0.483887,0.588623,0.379639,29.563902,-176.696762,10.498046,0.8513221688755673
24.47,0.516357,0.534912,0.344482,32.76825,-196.76207,16.410828,0.819404202769915
24.48,0.608398,0.449951,0.270508,40.412899,-225.067123,20.416258,0.8036035134747731
24.49,0.670654,0.325684,0.26001,52.040096,-249.221786,19.699097,0.7895898021580573
24.5,0.694336,0.194336,0.311768,58.235165,-249.992355,21.263121,0.7855369167747623
24.51,0.675537,0.099854,0.363525,49.552914,-249.664291,39.268494,0.7736093880699743
24.52,0.653809,0.132324,0.391602,40.145874,-249.93895,60.104366,0.7735166293370815
24.53,0.679932,0.238525,0.416992,43.624874,-249.992355,70.663452,0.8325166835043007
24.54,0.704834,0.30542,0.413086,51.704403,-249.992355,75.401306,0.8721882751745749
24.55,0.744141,0.347412,0.406738,62.744137,-248.596176,78.994751,0.9164478851898782
24.56,0.769775,0.369873,0.402588,77.194214,-233.726486,80.940239,0.9441592474249246
24.57,0.70874,0.383545,0.348877,91.415398,-215.553268,84.693901,0.8781425372648793
24.58,0.569336,0.416016,0.286377,102.172844,-201.652512,90.164177,0.7610680516754069
24.59,0.494873,0.537109,0.22583,105.964653,-185.783371,100.799553,0.7644504908167696
24.6,0.491211,0.750732,0.127197,106.208794,-149.131775,112.411491,0.9061268449582541
24.61,0.657959,0.969727,0.084717,107.315056,-93.360893,118.576042,1.1749287086027815
24.62,0.824707,1.104004,-0.008301,112.960808,-35.614014,119.529716,1.3780549243284899
24.63,0.840332,1.041016,-0.197021,127.502434,11.528014,108.337395,1.3522904484322145
24.64,0.743652,0.807373,-0.316895,145.637512,44.700619,90.141289,1.142493719570484
24.65,0.624268,0.580322,-0.291748,140.548706,60.279842,91.217033,0.9008890359039786
24.66,0.470703,0.480225,-0.172607,107.093803,66.177368,106.300346,0.6942409821402076
24.67,0.42041,0.57666,-0.098633,84.480278,74.691772,109.580986,0.7204233424792675
24.68,0.418457,0.69043,-0.083984,80.856316,87.882988,115.20385,0.8116977011209284
24.69,0.338623,0.794189,-0.107666,83.869926,99.990837,121.383659,0.8700538324758992
24.7,0.16748,0.859131,-0.142334,84.068291,114.44091,127.502434,0.8868001990961661
24.71,0.119385,0.851563,-0.149658,77.36969,127.456657,142.082214,0.8728171848434242
24.72,0.258545,0.798584,-0.17041,78.681946,143.493652,158.77533,0.8565170694043405
24.73,0.557373,0.688721,-0.230225,85.792534,154.037476,166.915878,0.9154260361137868
24.74,0.77832,0.5896,-0.55542,67.749023,164.74913,155.731201,1.123343918308191
24.75,0.979492,0.558105,-0.938721,-42.755123,188.796982,110.832207,1.4669979157892488
24.76,1.220947,0.789795,-0.618408,-151.794434,243.560776,17.326355,1.5801633375376103
24.77,0.98877,1.100098,-0.759277,-116.065971,249.992355,-7.972717,1.6626434630530385
24.78,0.889648,1.134277,-1.084717,-83.251945,249.328598,52.665707,1.804070078107278
24.79,1.293457,0.88916,-0.784424,-45.906063,249.740585,85.975639,1.754695850631955
24.8,1.639404,0.686523,-0.202637,-23.735044,249.992355,52.726742,1.7888602680237493
24.81,1.434082,0.623535,0.062744,-18.173218,230.598434,40.420528,1.5650315934462795
24.82,1.376709,0.52417,0.130371,-11.657714,156.639099,37.734985,1.4788774314398065
24.83,1.322998,0.414307,0.273193,-3.242492,93.124382,23.391722,1.4130139466763942
24.84,1.083008,0.37207,0.317627,4.28009,63.163754,18.638611,1.1883725527346212
24.85,0.827393,0.411133,0.482178,11.322021,56.266781,27.427671,1.042163683795401
24.86,0.716064,0.462646,0.662109,19.119263,69.534302,22.193907,1.079433787359373
24.87,0.629639,0.539551,0.684082,13.71765,84.442131,14.47296,1.0749552244842573
24.88,0.659424,0.614014,0.535645,3.028869,93.749992,12.580871,1.0482217179571314
24.89,0.730469,0.635742,0.390381,1.068115,111.114494,23.994444,1.0441025695237036
24.9,0.824463,0.545654,0.234619,5.0354,134.368896,37.269592,1.016131684992649
24.91,0.907715,0.444092,0.138916,15.2359,138.618469,55.374142,1.0200303332474971
24.92,0.989746,0.332275,0.161865,26.077269,119.522087,53.489681,1.0565056073518966
24.93,1.067383,0.184082,0.30957,25.016783,86.769096,28.808592,1.1265106463380627
24.94,1.069824,0.07666,0.506592,12.5885,52.261349,-1.174927,1.1861853147969756
24.95,0.912842,0.075439,0.582275,-5.004883,33.531189,-22.186277,1.085364332982248
24.96,0.710205,0.165527,0.603027,-22.193907,32.966614,-32.661438,0.9462726311602804
24.97,0.637451,0.307129,0.710693,-35.476685,39.520264,-39.733887,1.0028741398056886
24.98,0.724854,0.474854,0.759766,-43.838497,42.16766,-41.740414,1.1524513080334458
24.99,0.884277,0.601807,0.711182,-38.864136,34.538269,-30.731199,1.2844832872022898
25.0,0.949707,0.620605,0.63208,-18.112183,19.241333,-11.978148,1.2986989944840952
25.01,0.90625,0.545898,0.586182,5.889892,-2.212524,4.402161,1.2095052815213334
25.02,0.859131,0.453369,0.597168,20.88928,-25.093077,16.807556,1.1402890622758775
25.03,0.863281,0.376465,0.554443,24.360655,-43.106075,28.373716,1.0928801496207166
25.04,0.863037,0.313232,0.467285,20.64514,-52.650448,38.246155,1.0301953311959826
25.05,0.811768,0.319824,0.349609,11.589049,-55.076595,42.129513,0.9399367689802332
25.06,0.803711,0.357422,0.274414,-0.221252,-50.453182,37.773132,0.9214146194851696
25.07,0.856934,0.391602,0.241211,-8.872986,-43.121334,33.14209,0.9725588687997245
25.08,0.909668,0.410889,0.199951,-10.261535,-33.187866,32.341003,1.0179911801906734
25.09,0.909912,0.403076,0.046875,-2.441406,-23.651121,35.514832,0.9962968308415922
25.1,0.879639,0.280273,-0.029053,8.605957,-8.460999,33.889771,0.9236675817949875
25.11,0.835205,0.140625,0.093506,5.432128,10.055541,24.16992,0.8521068915846179
25.12,0.800781,0.101807,0.304688,-11.367797,22.865294,9.788513,0.8628149584667618
25.13,0.807373,0.15918,0.480469,-27.534483,28.778074,-7.316589,0.9529112726219582
25.14,0.787842,0.262695,0.526367,-32.287598,27.465818,-18.218994,0.983242543159113
25.15,0.758789,0.308838,0.487793,-27.70233,25.131224,-21.171568,0.953458791775502
25.16,0.753906,0.321777,0.419189,-25.3067,28.419493,-17.570496,0.920670468889928
25.17,0.748291,0.343994,0.334717,-23.880003,36.735535,-10.185241,0.88899199254324
25.18,0.717285,0.31665,0.341309,-19.889832,49.072262,-4.119873,0.8551355607188839
25.19,0.714355,0.251953,0.474609,-19.935608,59.722897,-3.456115,0.8938887420227419
25.2,0.791992,0.267822,0.539795,-24.337767,59.04388,-3.181457,0.995167620942824
25.21,0.883057,0.308105,0.539551,-24.261473,47.126766,-1.754761,1.0797377634754655
25.22,0.904053,0.306152,0.552002,-20.1416,34.721375,-1.548767,1.1026092154145093
25.23,0.854004,0.286865,0.598633,-16.487122,27.877806,-2.342224,1.08165420950043
25.24,0.794678,0.29834,0.576416,-15.472411,18.035889,-1.480102,1.026048383040488
25.25,0.79126,0.313721,0.44043,-13.412475,6.256103,1.716614,0.9583797985876997
25.26,0.796875,0.286133,0.318848,-9.498596,4.615784,4.882813,0.9047352686935555
25.27,0.858887,0.216309,0.337402,-10.131835,14.572143,3.746032,0.9477956382332638
25.28,0.957275,0.191406,0.456787,-15.716552,30.6015,-3.822326,1.0778061262722531
25.29,1.009766,0.236328,0.54541,-20.523069,37.376404,-12.023925,1.1717296473333767
25.3,0.951904,0.304199,0.533691,-22.209166,29.96063,-15.907287,1.132909678790856
25.31,0.846924,0.368164,0.493652,-19.981384,18.684387,-15.258788,1.047147214949264
25.32,0.766602,0.403809,0.4729,-16.059875,10.772704,-12.359618,0.9871042218960467
25.33,0.696289,0.398682,0.506348,-11.901855,10.215758,-6.736755,0.948764462735088
25.34,0.687988,0.365234,0.619141,-7.331848,12.229918,0.457764,0.995017055522668
25.35,0.807129,0.342285,0.639404,-2.593994,4.821777,5.836486,1.0851053953796377
25.36,0.961426,0.307373,0.390137,3.112793,-14.961242,7.652282,1.082139082269003
25.37,0.927246,0.23291,0.188721,1.266479,-31.09741,5.027771,0.974498757545129
25.38,0.768555,0.245605,0.275146,-13.664245,-29.96826,-1.060486,0.852469310512701
25.39,0.830566,0.425537,0.444336,-27.519224,-22.682188,-2.929687,1.0336131286032506
25.4,0.940918,0.580811,0.546387,-24.200438,-24.314878,0.457764,1.2333721474940156
25.41,0.914063,0.631104,0.541992,-5.256652,-34.042358,9.918213,1.2359444788699046
25.42,0.828857,0.59668,0.525146,14.73236,-39.596558,27.755735,1.1483942137458722
25.43,0.769531,0.522949,0.45166,23.16284,-37.246704,55.458065,1.0342390304769975
25.44,0.69043,0.452393,0.350342,27.542112,-25.55084,83.328239,0.8967120654440867
25.45,0.629395,0.393066,0.246582,38.467407,-5.981445,90.400688,0.7819473314136958
25.46,0.648193,0.296387,0.168945,48.805233,23.185728,79.185486,0.7324901583250113
25.47,0.633301,0.193115,0.223145,47.20306,63.240047,65.292358,0.6986825107665141
25.48,0.611572,0.136963,0.383301,24.253843,103.767387,43.30444,0.7346419748108599
25.49,0.697021,0.201172,0.417969,-6.004333,127.464287,20.217894,0.8372613289684411
25.5,0.789307,0.338379,0.201172,-15.86914,124.694817,18.630981,0.8820295128134886
25.51,0.759766,0.35498,0.0271,1.739502,115.531914,31.196592,0.839040872160588
25.52,0.718506,0.198975,0.143555,24.658201,110.572807,28.70178,0.7592430182003651
25.53,0.679688,0.022461,0.573486,20.027161,103.424065,19.554138,0.8895878068302195
25.54,0.747803,-0.0354,1.011475,-8.209229,95.901482,9.849548,1.2583895114129011
25.55,0.921631,0.120605,0.928223,-18.77594,88.172905,13.778686,1.3136008541086597
25.56,0.995605,0.190918,0.649414,5.577087,77.514648,21.026609,1.2039175811262997
25.57,0.947754,0.167969,0.592773,20.652769,65.299988,18.707275,1.1304118979407463
25.58,0.908447,0.204102,0.542725,16.227722,51.498409,10.246276,1.0777216727142496
25.59,0.860107,0.245361,0.508301,12.443542,38.871765,8.483887,1.0287642968002924
25.6,0.823242,0.253906,0.546631,11.83319,33.14209,7.04956,1.0202946131196617
25.61,0.781494,0.24292,0.595947,12.557982,40.061951,6.362915,1.0123713870141728
25.62,0.643311,0.229004,0.616455,17.433167,52.284237,8.460999,0.9199503474438172
25.63,0.464355,0.192627,0.715576,23.91815,53.161617,11.306762,0.8745168602891542
25.64,0.368896,0.136719,0.866699,24.467466,48.065182,13.954162,0.95181064313129
25.65,0.484619,0.08252,0.953125,20.713804,48.59161,16.288757,1.0724329308567506
25.66,0.631836,0.055664,0.973877,15.663146,59.188839,15.274047,1.1622184058605336
25.67,0.652588,0.079102,0.950684,10.2005,60.966488,11.642455,1.1558236422586277
25.68,0.61377,0.131348,0.845703,8.384705,49.270626,12.435912,1.0531758989898128
25.69,0.574463,0.157471,0.801514,10.360717,35.163879,17.341614,0.9986138124450312
25.7,0.602539,0.187744,0.851318,7.80487,20.774839,20.957945,1.059737417090196
25.71,0.667725,0.226074,0.893066,6.622314,9.391785,25.749205,1.137775465308072
25.72,0.741699,0.232422,0.821045,15.396117,2.067566,29.556273,1.1305981977298567
25.73,0.801025,0.141113,0.679932,29.21295,-3.64685,28.877256,1.0601233201934575
25.74,0.813477,0.010986,0.623047,30.586241,-11.428832,25.917051,1.024720979551995
25.75,0.746826,-0.037842,0.689941,19.050598,-19.958496,18.836975,1.0174476275076767
25.76,0.7229,0.016602,0.761719,9.078979,-25.863646,9.414673,1.0502741886597995
25.77,0.759277,0.080566,0.745117,10.879516,-27.511595,1.083374,1.0668607157328458
25.78,0.814697,0.11084,0.637939,14.755248,-29.785154,-5.737304,1.0406646314399275
25.79,0.804199,0.127441,0.526367,11.741637,-30.303953,-11.169433,0.9695563205770978
25.8,0.756348,0.13208,0.489014,5.111694,-29.106138,-18.65387,0.9102978170357215
25.81,0.682129,0.125488,0.540527,0.343323,-24.810789,-26.924131,0.8793273841488163
25.82,0.623535,0.110352,0.656982,-1.38092,-15.899657,-34.881592,0.9124685246368774
25.83,0.633301,0.117432,0.701904,-1.052856,-6.828308,-35.964966,0.9526435096304389
25.84,0.68042,0.13208,0.625732,2.868652,-2.456665,-29.167173,0.9337863988214864
25.85,0.749756,0.132568,0.563721,6.828308,0.228882,-30.731199,0.9473593299276679
25.86,0.795898,0.116699,0.60498,3.967285,5.859375,-45.455929,1.006515317024535
25.87,0.770264,0.115723,0.713135,-5.455017,8.575439,-57.739254,1.0560586965931391
25.88,0.647705,0.191162,0.758545,-15.914916,1.144409,-55.931087,1.0156058262406729
25.89,0.599854,0.326172,0.678711,-22.445677,-16.677856,-49.09515,0.9627365249230965
25.9,0.679199,0.423096,0.565918,-21.255491,-29.304502,-47.46246,0.980094224827899
25.91,0.738037,0.40332,0.557373,-15.029906,-27.175901,-51.498409,1.008974874264964
25.92,0.724121,0.337646,0.554932,-9.895325,-24.177549,-47.523495,0.9727823850075618
25.93,0.646973,0.328857,0.505371,-6.187438,-23.956297,-35.087585,0.88437595897842
25.94,0.618896,0.304932,0.532227,2.662658,-25.627134,-23.28491,0.8713675246237951
25.95,0.671143,0.262695,0.646484,15.304564,-26.649473,-14.152526,0.9681854944843988
25.96,0.73877,0.25,0.745117,19.15741,-22.834776,-16.548157,1.0786475126699178
25.97,0.811523,0.288086,0.70752,8.125305,-17.875671,-23.208616,1.1145167891624603
25.98,0.775391,0.38208,0.631348,-10.505675,-13.72528,-20.256041,1.0704282443886652
25.99,0.793457,0.450195,0.603516,-15.151977,-13.076781,-15.647887,1.0938377901361793
26.0,0.864502,0.438721,0.630371,-2.845764,-15.014647,-6.690979,1.1563768509815475
26.01,0.864258,0.36792,0.687012,9.284973,-17.791748,0.869751,1.1637407379257632
26.02,0.811523,0.334473,0.693359,11.772155,-23.422239,5.615234,1.1185653624795469
26.03,0.756592,0.313232,0.65332,10.719298,-26.908873,7.766723,1.0475556131719213
26.04,0.7146,0.286865,0.5979,9.384155,-25.642393,8.239746,0.9748995323750033
26.05,0.672607,0.269043,0.577637,5.569458,-20.294188,7.545471,0.9265251297547196
26.06,0.668457,0.278564,0.638184,0.114441,-13.931273,6.523132,0.9652520296798137
26.07,0.729736,0.304932,0.678223,-1.564026,-10.124206,7.598876,1.0418659184602403
26.08,0.79248,0.318359,0.67041,1.853943,-10.086059,9.132385,1.0857378004753264
26.09,0.810791,0.306885,0.614258,8.44574,-14.495849,9.780884,1.0624845125788893
26.1,0.812012,0.242188,0.551758,15.655517,-19.630432,10.482787,1.0111653702792633
26.11,0.753906,0.192871,0.546143,16.708374,-20.324705,7.339477,0.9507079761556647
26.12,0.694336,0.188477,0.583252,13.175963,-19.256592,1.289368,0.9261797643702867
26.13,0.668701,0.206299,0.596924,9.399414,-14.083861,-4.165649,0.9198035478176848
26.14,0.673828,0.240479,0.577881,5.714416,-7.8125,-7.858276,0.9196851489428325
26.15,0.688721,0.275146,0.553467,2.792358,-2.349854,-9.437561,0.925401349278247
26.16,0.669678,0.297852,0.521484,1.617432,4.020691,-9.422302,0.8995165367262571
26.17,0.616699,0.313477,0.554443,1.228333,10.45227,-7.93457,0.8865621954375226
26.18,0.624268,0.329346,0.63208,1.274109,14.205932,-4.53186,0.9474726644816726
26.19,0.72583,0.333008,0.619141,2.670288,15.769958,0.350952,1.0104746878794144
26.2,0.816162,0.314453,0.571045,5.813598,15.61737,3.356933,1.0445542070558138
26.21,0.825439,0.288086,0.530762,8.880615,11.428832,3.448486,1.0227665358042373
26.22,0.77832,0.27002,0.509033,9.391785,6.17218,0.335693,0.9684045734552269
26.23,0.729248,0.282959,0.556396,5.554199,3.936767,-2.593994,0.9599192413953374
26.24,0.730957,0.325684,0.601563,0.663757,3.90625,-2.319336,1.0011224933413492
26.25,0.756836,0.357422,0.611084,1.00708,3.387451,-0.068665,1.0363275891512296
26.26,0.764648,0.339844,0.593994,6.446838,2.555847,2.655029,1.026162453160317
26.27,0.768555,0.291992,0.609131,10.803222,3.593445,4.119873,1.0232187895313494
26.28,0.784668,0.252686,0.591309,10.375976,4.02832,4.066467,1.0144951543999607
26.29,0.783203,0.236328,0.572021,5.653381,2.792358,0.88501,0.9982313796079544
26.3,0.723877,0.259033,0.552734,-0.350952,1.38092,-2.258301,0.9468953907238116
26.31,0.653809,0.293213,0.55127,-2.693176,3.890991,-5.203247,0.9040678540629569
26.32,0.634033,0.30835,0.607666,-3.189087,9.468079,-4.516602,0.930771473104435
26.33,0.714355,0.316406,0.634766,-3.601074,14.442443,-1.373291,1.0066497392921732
26.34,0.763672,0.313232,0.656982,-2.403259,16.990662,1.945495,1.0549571354950873
26.35,0.763672,0.30542,0.669189,-0.579834,13.061522,4.684448,1.0603255244051235
26.36,0.773193,0.293701,0.657959,1.426697,7.537841,5.729675,1.0568811372765623
26.37,0.798584,0.287842,0.649414,1.426697,2.449036,6.324768,1.0687974389078596
26.38,0.813721,0.294189,0.6521,-0.648498,-2.105713,7.476806,1.0834774771826132
26.39,0.789795,0.308594,0.669189,-2.540588,-5.210876,9.94873,1.0801945734829443
26.4,0.744141,0.316162,0.643066,-1.373291,-8.491516,12.359618,1.0330721748653384
26.41,0.737061,0.303467,0.582031,2.082825,-13.023376,13.946532,0.9869707304530363
26.42,0.751709,0.262939,0.563232,5.058288,-12.245177,15.068053,0.9754145909437688
26.43,0.758301,0.222656,0.587646,5.020141,-6.156921,14.747619,0.9848471567979469
26.44,0.753662,0.203613,0.605469,1.487732,1.495361,13.374328,0.9879561599453693
26.45,0.767334,0.220703,0.586182,-4.112244,8.880615,10.986327,0.9905153299616316
26.46,0.788086,0.246094,0.609619,-7.606506,16.746521,9.796143,1.026292904288537
26.47,0.763672,0.273193,0.650635,-8.522034,24.414061,9.346008,1.0397861520803209
26.48,0.720215,0.293701,0.624268,-6.126403,29.991148,6.523132,0.9973366830965359
26.49,0.660645,0.286621,0.559082,0.175476,30.128477,3.479004,0.9116885961719605
26.5,0.645264,0.263428,0.516113,4.386902,27.854918,1.51062,0.867255769452703
26.51,0.629639,0.230957,0.583984,2.761841,33.813477,0.434875,0.8892826988230458
26.52,0.612061,0.242432,0.679688,-5.210876,43.106075,-0.808716,0.94623872235763
26.53,0.661377,0.298584,0.737061,-11.558532,42.526241,-0.160217,1.0343262826139534
26.54,0.749268,0.342041,0.727539,-9.483337,35.934448,0.404358,1.0989574960051913
26.55,0.741455,0.322998,0.70752,-1.235962,31.379698,0.526428,1.0745546870350526
26.56,0.67749,0.28125,0.682129,5.599975,28.030394,1.838684,1.0016956799552448
26.57,0.644775,0.250244,0.664551,8.842468,24.54376,3.852844,0.9591584289167249
26.58,0.651367,0.230469,0.686035,6.278991,17.059326,4.53186,0.9736729172956389
26.59,0.681396,0.246826,0.649414,-0.198364,3.089905,4.333496,0.9731197904102044
26.6,0.716553,0.259033,0.566895,-1.739502,-12.283324,1.396179,0.9496927071021447
26.61,0.768066,0.24585,0.562256,1.098633,-20.63751,-2.052307,0.983107019806084
26.62,0.773926,0.246826,0.637939,1.205444,-17.616272,-5.821228,1.0328846477090268
26.63,0.719971,0.273682,0.710449,-0.686645,-8.850098,-8.918762,1.0478539304530952
26.64,0.641602,0.309814,0.707031,0.541687,-6.072998,-7.202148,1.0037582756625223
26.65,0.623535,0.31958,0.654541,3.974914,-9.613037,-2.13623,0.9588280311432285
26.66,0.637207,0.310303,0.601318,4.53186,-7.888793,1.342773,0.9294643886572524
26.67,0.66333,0.313721,0.551514,2.563476,-2.311707,3.585815,0.9179298703806299
26.68,0.677246,0.304688,0.509033,4.264832,1.091003,6.408691,0.9003396675416451
26.69,0.712891,0.282227,0.522949,8.56781,2.433777,9.231567,0.9280847558337546
26.7,0.702637,0.252441,0.557617,9.69696,11.268615,7.247924,0.9318593944040056
26.71,0.658203,0.228027,0.551514,6.912231,23.689268,3.883362,0.8884791467074509
26.72,0.604004,0.214111,0.565674,3.860473,32.936096,4.989624,0.8547815081136232
26.73,0.591309,0.206055,0.616943,-0.816345,36.636353,6.080627,0.8790470190808908
26.74,0.583984,0.216309,0.6604,-5.928039,35.797119,4.959106,0.9077197010845363
26.75,0.580566,0.234619,0.674805,-8.178711,29.647825,2.410889,0.9205784830974488
26.76,0.607178,0.245605,0.664795,-7.92694,22.209166,2.250671,0.933241304129859
26.77,0.635498,0.248535,0.6604,-8.491516,20.523069,2.105713,0.949608084542776
26.78,0.641602,0.249268,0.656738,-9.590149,25.657652,0.358582,0.9513634756873948
26.79,0.646973,0.242188,0.675537,-9.559631,33.805847,-0.648498,0.9662190892556409
26.8,0.672119,0.241943,0.713867,-9.719849,40.367123,-1.602173,1.0098942811497649
26.81,0.734131,0.247559,0.7229,-10.513305,38.253784,-2.212524,1.059631159244574
26.82,0.76709,0.248779,0.732422,-10.047912,26.283262,-1.083374,1.0893851683518554
26.83,0.716064,0.256836,0.769287,-10.0708,9.017944,-2.655029,1.081903355832211
26.84,0.702148,0.280029,0.750732,-9.895325,-9.849548,-4.180908,1.0653762671324154
26.85,0.668457,0.288086,0.703125,-8.369446,-21.14105,-5.569458,1.0120341248544933
26.86,0.619629,0.288086,0.707031,-6.828308,-29.907225,-6.080627,0.9832733475478728
26.87,0.596191,0.291748,0.751221,-5.577087,-40.000916,-2.792358,1.00244381130615
26.88,0.624512,0.292236,0.809814,-3.27301,-48.858639,0.686645,1.0635863069991076
26.89,0.686768,0.289795,0.858887,0.892639,-53.993221,2.212524,1.1372415339838764
26.9,0.617188,0.287598,0.832275,4.165649,-54.840084,0.976562,1.0753210276810363
26.91,0.578369,0.302734,0.741943,8.071899,-61.027523,1.548767,0.9882499634029844
26.92,0.658936,0.297852,0.699707,12.84027,-63.896175,3.662109,1.0062317585173906
26.93,0.767334,0.284668,0.627686,14.556884,-59.92889,3.211975,1.0314199204863166
26.94,0.785889,0.27832,0.515137,19.042969,-52.314754,3.211975,0.9800253422692701
26.95,0.770996,0.248047,0.480713,25.779722,-46.813961,3.52478,0.9418317974001515
26.96,0.76709,0.205078,0.572754,21.507261,-43.41888,0.190735,0.9790460656680052
26.97,0.74292,0.194336,0.687988,8.094788,-39.649963,-2.922058,1.0310305986923958
26.98,0.713867,0.242432,0.736572,0.244141,-31.738279,-3.890991,1.054000796725031
26.99,0.739746,0.288574,0.668457,3.39508,-25.703428,-6.79779,1.0379469441358744
27.0,0.786377,0.27832,0.607422,8.583069,-31.776426,-8.964539,1.0318974244628194
27.01,0.792969,0.275879,0.587646,6.759643,-42.694088,-8.392334,1.0248106551544045
27.02,0.776367,0.294434,0.554443,3.700256,-51.277157,-4.905701,0.9984208227466012
27.03,0.761475,0.290527,0.57666,4.78363,-54.534908,-1.88446,0.9983921418731219
27.04,0.740723,0.281006,0.662109,6.622314,-58.387753,0.274658,1.032484025370853
27.05,0.734863,0.285889,0.649414,9.70459,-67.146301,2.578735,1.0215158797032968
27.06,0.72583,0.251465,0.591553,16.860962,-68.786621,1.617432,0.9695353458920412
27.07,0.640137,0.228516,0.597412,18.112183,-66.856384,0.259399,0.9049287478962087
27.08,0.633789,0.247559,0.564209,14.144897,-75.462341,0.282288,0.8839150132693754
27.09,0.736328,0.255371,0.435059,12.931823,-79.475403,-1.625061,0.8925635017778847
27.1,0.803955,0.246582,0.368896,13.313293,-72.235107,-5.233764,0.9182758755216213
27.11,0.803467,0.236328,0.397705,12.733459,-60.272213,-7.873535,0.9271350552632556
27.12,0.775879,0.239502,0.314941,11.047362,-53.482052,-4.974365,0.870940448093898
27.13,0.729248,0.241943,0.367676,14.419555,-52.085873,-3.433227,0.8517773780331338
27.14,0.62793,0.245605,0.617432,18.768311,-58.441158,-3.234863,0.9142429521462005
27.15,0.75,0.279297,0.564941,16.50238,-61.393734,-5.66101,0.9796250036059717
27.16,0.863037,0.30542,0.446289,8.468628,-32.417297,-12.33673,1.0184734219850806
27.17,0.910156,0.362305,0.437012,-2.845764,-12.123107,-13.740539,1.072673457071163
27.18,0.952881,0.426758,0.441406,-6.011962,-11.528014,-10.482787,1.133553636825801
27.19,0.940674,0.441895,0.420898,-0.907898,-18.997192,-3.875732,1.1212911716878002
27.2,0.95166,0.394043,0.360352,5.966186,-28.999327,3.669739,1.0912287594051946
27.21,0.932129,0.312256,0.359131,11.436461,-35.041809,8.125305,1.046586526445855
27.22,0.873779,0.254639,0.441406,14.923095,-40.359493,7.644653,1.0115186691297398
27.23,0.865967,0.241699,0.484131,16.784668,-44.479366,3.433227,1.0211268661880364
27.24,0.875977,0.247559,0.479004,15.098571,-48.477169,0.450134,1.0286233494462393
27.25,0.850586,0.269043,0.47876,12.321471,-55.328365,-0.946045,1.0124681806580391
27.26,0.786865,0.287842,0.462158,11.016845,-61.531063,-1.144409,0.9568696683211356
27.27,0.720703,0.278076,0.411865,10.505675,-62.820431,-0.12207,0.8754266698073574
27.28,0.667236,0.257813,0.396484,9.925842,-56.755062,2.128601,0.8178453306836203
27.29,0.69873,0.253174,0.368896,9.765625,-42.251583,1.907349,0.8297017210974073
27.3,0.787354,0.227539,0.350586,10.253905,-21.39282,-3.27301,0.8914094801116937
27.31,0.859131,0.220459,0.379883,8.781433,-7.67517,-8.44574,0.9648934342874347
27.32,0.849854,0.254639,0.405273,4.78363,2.26593,-11.268615,0.9753661087847988
27.33,0.831543,0.30957,0.42749,2.731323,7.217407,-11.245727,0.984908648479137
27.34,0.862061,0.323242,0.472168,4.585266,13.008117,-12.947082,1.0346869954285691
27.35,0.871826,0.292969,0.452881,2.853393,24.147032,-16.983032,1.0251890603191198
27.36,0.833984,0.301514,0.413574,-3.288269,29.975889,-15.830993,0.9785108368986007
27.37,0.78125,0.342041,0.462891,-7.827758,33.081055,-13.557433,0.970366779141784
27.38,0.799316,0.381592,0.500244,-10.543822,38.528442,-13.549804,1.017232806124537
27.39,0.905029,0.411621,0.475098,-11.726378,40.855404,-12.046813,1.1019198918641953
27.4,0.963623,0.418457,0.456299,-9.407043,36.170959,-7.759094,1.145375189350197
27.41,0.955078,0.398682,0.45874,-5.233764,22.40753,-2.105713,1.1320617080389213
27.42,0.951172,0.366455,0.456299,-2.304077,3.517151,1.579285,1.116792826808088
27.43,0.948242,0.316895,0.426025,-0.259399,-12.161254,3.40271,1.0867762567400892
27.44,0.898682,0.276123,0.418457,-1.556396,-21.385191,4.91333,1.0290673005697926
27.45,0.848145,0.280762,0.456055,-4.577637,-24.765013,4.760742,1.003076968479488
27.46,0.813721,0.311279,0.494141,-6.256103,-25.070189,4.318237,1.001604617383027
27.47,0.792969,0.331299,0.369873,-5.088806,-28.381346,5.256652,0.9356093728105763
27.48,0.797119,0.30835,0.269531,-0.762939,-23.338316,5.897521,0.8961726299223828
27.49,0.88623,0.270508,0.32373,0.076294,-5.607605,8.636475,0.9815188759590924
27.5,0.98877,0.25,0.351807,-6.240844,11.627196,13.290404,1.0788578581764143
27.51,0.961182,0.269775,0.368896,-12.21466,23.506163,13.519286,1.064299603760614
27.52,0.981934,0.274414,0.399658,-9.597778,20.568846,8.262634,1.095090836741866
27.53,1.056396,0.248535,0.505859,-6.66809,14.579772,4.119873,1.1973451811912885
27.54,0.997559,0.241943,0.518311,-11.314391,17.173767,7.316589,1.149915938862924
27.55,0.876709,0.247314,0.35791,-18.569946,32.844543,15.380858,0.9787146945749818
27.56,0.779053,0.243896,0.175293,-22.972105,74.996948,31.692503,0.8349469872237398
27.57,0.571045,0.227783,0.170654,-23.498533,141.365051,55.52673,0.6380441010071326
27.58,0.189697,0.258545,0.571533,-21.667479,195.617661,63.613888,0.6553475710819412
27.59,0.171631,0.361816,0.920898,-26.05438,182.563766,40.611263,1.0042017448804796
27.6,1.111816,0.441895,0.837646,-21.430967,118.949883,20.507811,1.4604988292350665
27.61,1.642578,0.385254,0.426758,13.122558,120.36132,23.704527,1.7402889188764032
27.62,1.194824,0.26709,0.206543,46.180721,134.422302,13.542174,1.2416124475555972
27.63,0.973877,0.145264,0.439697,42.106625,75.187683,-17.173767,1.0783651944652146
27.64,1.047852,0.110596,0.666992,4.28009,0.854492,-37.773132,1.247037937347537
27.65,0.916992,0.247559,0.614258,-25.894163,-42.716976,-30.685423,1.1311377798964193
27.66,0.62915,0.348389,0.678711,-21.90399,-61.218258,-20.523069,0.9888646213420723
27.67,0.452393,0.36084,0.799805,-3.868103,-61.660763,-21.080015,0.987194494552112
27.68,0.629883,0.361816,0.758545,13.542174,-56.02264,-15.792846,1.0502637423856924
27.69,0.9375,0.330078,0.586426,25.062559,-42.938229,0.801086,1.1540161132150624
27.7,0.931152,0.242676,0.531006,29.991148,-32.76825,7.820129,1.099046432192926
27.71,0.820068,0.138428,0.636475,26.664732,-48.736568,-2.723694,1.0472699085875619
27.72,0.699219,0.124756,0.697754,12.33673,-69.221497,-15.403747,0.9956565241151187
27.73,0.520752,0.209229,0.628906,-3.074646,-71.708679,-20.492552,0.8429010480364821
27.74,0.506104,0.307129,0.526855,-10.69641,-61.363216,-23.16284,0.7924933264589676
27.75,0.648193,0.355469,0.535645,-8.728027,-49.97253,-23.16284,0.9129227465864787
27.76,0.772217,0.313965,0.547119,-2.319336,-48.08807,-19.432068,0.9971119879306437
27.77,0.821777,0.230469,0.495117,-2.311707,-50.521847,-18.028259,0.9866986578378426
27.78,0.795654,0.196533,0.436279,-14.251708,-50.552364,-19.706726,0.9284556390296738
27.79,0.718262,0.224121,0.400635,-30.380247,-42.198177,-22.064207,0.852431185791557
27.8,0.584717,0.276855,0.381348,-40.168758,-37.765503,-18.714905,0.7509786669526639
27.81,0.556641,0.320557,0.421875,-37.368774,-49.415585,-12.84027,0.7684949633894812
27.82,0.641602,0.327148,0.410889,-24.749754,-54.496761,-12.672423,0.8291614502791359
27.83,0.755371,0.301514,0.329346,-10.06317,-48.301693,-17.364502,0.8774763971486641
27.84,0.784912,0.284912,0.392578,-1.960754,-48.484798,-16.296387,0.9227021087935153
27.85,0.752686,0.282471,0.520264,-0.572205,-56.358334,-8.682251,0.9576015403773115
27.86,0.756348,0.279541,0.492432,1.731872,-56.381222,-2.853393,0.9448252443753818
27.87,0.822266,0.256104,0.336914,3.662109,-45.150753,1.38092,0.9247819618526305
27.88,0.831787,0.279785,0.275879,-2.761841,-25.207518,5.928039,0.9199230849560196
27.89,0.806152,0.328613,0.387695,-15.403747,-10.757445,9.567261,0.9529821424864161
27.9,0.723389,0.336914,0.425537,-22.865294,5.348205,8.636475,0.9043696296791484
27.91,0.687744,0.308838,0.333252,-16.899109,29.159544,4.875183,0.8242752060349747
27.92,0.752686,0.286621,0.344727,-4.768372,45.875546,0.976562,0.876084765742448
27.93,0.851563,0.253174,0.491699,1.731872,45.639034,-6.256103,1.015393777726651
27.94,0.900146,0.224854,0.507568,3.120422,34.667969,-10.383605,1.0575667436412701
27.95,0.893066,0.233398,0.443359,5.622863,26.084898,-6.629943,1.0240159713798413
27.96,0.843018,0.282227,0.439941,5.081176,11.497497,-1.594543,0.9919070074024077
27.97,0.834961,0.324707,0.455078,3.356933,-14.091491,0.244141,1.0048335650514466
27.98,0.82373,0.324219,0.515625,7.904052,-30.586241,0.236511,1.024459961875524
27.99,0.82373,0.281006,0.61792,15.624999,-35.346985,-2.746582,1.0673896248961763
28.0,0.830566,0.244385,0.598877,20.553587,-38.703918,-5.058288,1.0527191314448503
28.01,0.914551,0.244873,0.412109,22.644041,-43.792721,-4.478455,1.0325696807533136
28.02,0.980713,0.238525,0.331299,25.009153,-49.026485,-2.883911,1.062285833189448
28.03,1.033691,0.227295,0.479248,24.177549,-70.846558,-5.050659,1.161834216233108
28.04,1.083008,0.234375,0.556396,18.737793,-106.071465,-4.364014,1.2399251902856883
28.05,1.043701,0.259033,0.46582,13.694762,-136.405945,1.930237,1.1719207075950149
28.06,0.963135,0.306152,0.431152,9.750366,-158.798218,7.5531,1.098749344679213
28.07,0.933105,0.342285,0.406494,11.291503,-176.925644,9.338379,1.0738162479148843
28.08,0.870361,0.319824,0.264893,18.562317,-179.37468,4.745483,0.9643567611345918
28.09,0.782959,0.272461,0.197754,24.520872,-157.279968,-1.502991,0.8522713398431276
28.1,0.68457,0.255859,0.302734,24.162291,-113.075249,1.541138,0.7910422160270588
28.11,0.581299,0.300293,0.427734,15.563964,-59.890743,8.743286,0.7816909798673642
28.12,0.621826,0.388672,0.362305,8.209229,-20.317076,15.403747,0.8179232304348618
28.13,0.771729,0.400146,0.188965,9.719849,-4.043579,23.91815,0.8896011701779624
28.14,0.955078,0.357178,0.130615,11.444091,-2.403259,22.193907,1.028012834546826
28.15,1.112305,0.289551,0.139404,6.393432,-16.63208,11.352538,1.1577977672469402
28.16,1.05249,0.253174,0.164307,-0.328064,-37.712097,-0.419617,1.0949105281368885
28.17,0.889404,0.264404,0.237793,-2.632141,-51.61285,-8.163452,0.9578593118412536
28.18,0.794922,0.283203,0.292236,-2.716064,-45.31097,-7.308959,0.8930323650288382
28.19,0.83374,0.291504,0.267334,-1.342773,-26.084898,-2.456665,0.9228024908787362
28.2,0.924316,0.293213,0.172607,3.585815,-11.917113,-0.37384,0.9849503072104705
28.21,0.97876,0.292725,0.144775,5.065917,-15.579223,-3.486633,1.0318036944351383
28.22,0.959717,0.335449,0.188232,2.479553,-29.792784,-8.216858,1.0339313504841605
28.23,0.85791,0.365967,0.174072,3.868103,-34.576416,-11.978148,0.9488110846596387
28.24,0.852295,0.352783,0.159668,9.69696,-26.603697,-12.695312,0.9361391362067927
28.25,0.938477,0.334473,0.153564,11.810302,-20.462034,-8.605957,1.0080640700640016
28.26,0.930664,0.30249,0.130859,9.437561,-28.594969,-7.156372,0.9872992245904987
28.27,0.840576,0.305664,0.082764,5.531311,-48.515316,-8.834839,0.8982473892909459
28.28,0.845947,0.346924,0.067871,5.256652,-56.808468,-9.346008,0.9168364419164413
28.29,0.879639,0.403809,0.131104,8.789063,-46.226498,-8.392334,0.976736780109155
28.3,0.858643,0.432129,0.193115,12.405395,-29.975889,-8.796692,0.9804573816923405
28.31,0.844971,0.437988,0.184326,13.34381,-18.829346,-12.825011,0.9694253727136505
28.32,0.904053,0.429688,0.145996,16.555786,-14.183043,-15.945434,1.011562373840091
28.33,0.971924,0.406738,0.082275,21.972654,-15.930175,-16.082764,1.0568070959475053
28.34,1.052979,0.365234,-0.029541,28.648375,-18.234253,-20.660398,1.1149140414749472
28.35,1.033203,0.36084,0.087891,33.615112,-9.246826,-29.632566,1.0979247572989692
28.36,0.995361,0.406982,0.26416,30.914305,-25.009153,-28.175352,1.1073203575501536
28.37,1.016602,0.47876,0.187988,27.389524,-56.724545,-22.834776,1.1393113060739808
28.38,1.016602,0.520752,0.103516,33.638,-83.290092,-24.490355,1.1468992258101842
28.39,1.021973,0.50415,0.05542,44.31152,-121.055595,-25.184629,1.1409063991533224
28.4,1.027832,0.434082,-0.033936,56.556698,-166.168198,-25.05493,1.1162515196155391
28.41,0.955566,0.356445,-0.060547,66.162109,-198.196396,-25.909422,1.0216777170859703
28.42,0.839844,0.308594,-0.035645,66.543579,-203.742966,-30.029295,0.8954545031418403
28.43,0.710449,0.293457,-0.001465,63.529964,-173.858627,-36.911011,0.7686721919485575
28.44,0.625732,0.317383,0.049805,57.937618,-122.611992,-41.809078,0.703386837051988
28.45,0.713623,0.397705,0.158936,51.635738,-77.789307,-42.739864,0.8322786223675338
28.46,0.897217,0.503418,0.053467,46.424862,-66.970825,-29.823301,1.03018772459295
28.47,1.056885,0.54834,-0.252686,42.114254,-99.792473,-13.038634,1.2171823501106973
28.48,1.040039,0.563721,-0.370605,33.554077,-156.745911,-17.372131,1.2396816338830707
28.49,0.90625,0.599854,-0.253906,21.202085,-206.642136,-43.205257,1.1160565131981444
28.5,0.749023,0.655029,-0.383301,9.895325,-221.96196,-58.494564,1.066310509172164
28.51,0.727295,0.585449,-0.413574,18.615723,-210.12114,-65.170288,1.0211522913366058
28.52,0.701416,0.429443,-0.374756,36.552429,-169.219955,-61.088558,0.9037963016305167
28.53,0.765869,0.325439,-0.279297,37.796021,-133.033752,-48.728939,0.8777657330353015
28.54,0.94165,0.341309,-0.27832,20.011902,-124.496452,-42.129513,1.0395472949226503
28.55,0.954346,0.41748,-0.461914,-2.426147,-147.384644,-32.348633,1.139486893962366
28.56,0.810791,0.480225,-0.587158,-16.326904,-196.2509,-27.687071,1.1102939310245734
28.57,0.700928,0.527588,-0.515381,-17.814636,-240.623459,-35.469055,1.0174805816766235
28.58,0.584229,0.5354,-0.402344,-11.718749,-247.428879,-37.277222,0.8887392074039493
28.59,0.457764,0.531006,-0.398438,-4.058838,-206.924423,-32.775879,0.806392021026994
28.6,0.454834,0.526123,-0.448486,2.990722,-150.016785,-29.930113,0.827537957365703
28.61,0.625488,0.518311,-0.455566,6.980896,-104.476921,-35.28595,0.9313548793134657
28.62,0.819336,0.519287,-0.526611,6.782531,-79.193115,-41.854855,1.1037615750632017
28.63,0.965332,0.539795,-0.547607,-2.494812,-93.078606,-39.672852,1.2341466439195952
28.64,0.829834,0.591064,-0.518799,-11.398314,-127.014153,-40.542599,1.1432994017548508
28.65,0.575439,0.554443,-0.462891,-12.664794,-127.601616,-48.126217,0.9234745047108773
28.66,0.483154,0.468018,-0.536621,-5.821228,-85.899345,-52.192684,0.8604886598212669
28.67,0.552002,0.378174,-0.673096,4.234314,-40.863033,-43.945309,0.9490943090631194
28.68,0.652344,0.265869,-0.619873,10.765075,-29.037474,-30.921934,0.9383397868714723
28.69,0.673096,0.175781,-0.496582,13.961791,-64.071655,-28.915403,0.8547226847937289
28.7,0.593994,0.174561,-0.433838,12.893676,-109.268181,-34.309387,0.7559866566289382
28.71,0.637695,0.262695,-0.494385,9.399414,-121.620171,-28.602598,0.8485753380077694
28.72,0.787598,0.333496,-0.67041,10.635375,-100.639336,-16.090393,1.0867289265129552
28.73,0.686035,0.252197,-0.740723,5.180358,-83.518974,-14.900207,1.0406334180502759
28.74,0.515625,0.117676,-0.771729,-7.148742,-85.479729,-14.816283,0.9355653002554124
28.75,0.403076,0.044678,-0.782227,-20.545958,-83.099358,-4.196167,0.8811046844666075
28.76,0.333496,0.064941,-0.793457,-38.879395,-68.077087,4.928589,0.8631401545206896
28.77,0.318115,0.124512,-0.802246,-56.78558,-49.583431,11.749267,0.8719512806831584
28.78,0.302002,0.174561,-0.817139,-68.565369,-34.423828,20.233152,0.8884778534358635
28.79,0.295898,0.210938,-0.796631,-78.155518,-28.167723,30.85327,0.8755977480607177
28.8,0.281006,0.251465,-0.741455,-86.830132,-31.654356,40.512081,0.8318380463082943
28.81,0.268311,0.305664,-0.694092,-90.934746,-40.298458,46.150204,0.8044780780611738
28.82,0.249268,0.358887,-0.64209,-90.820305,-43.487545,49.842831,0.7766685153223349
28.83,0.304688,0.432861,-0.573486,-87.829582,-42.564388,55.282589,0.7804419356114842
28.84,0.349365,0.534424,-0.455078,-82.412712,-45.768734,63.377377,0.7840668983479662
28.85,0.40625,0.669678,-0.344971,-80.93261,-55.290218,72.967529,0.855869544396224
28.86,0.489258,0.812988,-0.263428,-79.51355,-55.824276,79.88739,0.9847421946337022
28.87,0.568359,0.906006,-0.245605,-69.908142,-41.389462,81.665031,1.0973607615283134
28.88,0.63623,0.927002,-0.263916,-49.575802,-14.717101,69.30542,1.15489089353064
28.89,0.681152,0.877441,-0.299316,-29.83856,14.205932,48.034664,1.1504176734738563
28.9,0.685059,0.779785,-0.339355,-15.884398,33.462524,31.455992,1.092031270491372
28.91,0.676758,0.695068,-0.419434,-2.296448,39.94751,21.713255,1.0569038724235993
28.92,0.72168,0.605225,-0.45752,9.635925,38.284302,15.151977,1.0471121589519434
28.93,0.792725,0.529053,-0.431641,12.161254,25.451658,9.19342,1.0462427802928917
28.94,0.675537,0.495361,-0.435303,3.112793,0.617981,5.241394,0.9440452640096236
28.95,0.424072,0.477539,-0.478516,-7.80487,-24.085997,3.204345,0.79803390902956
28.96,0.233398,0.493408,-0.500244,-13.259887,-27.221678,10.437011,0.740385129783142
28.97,0.164063,0.495605,-0.493652,-15.907287,-12.649535,26.176451,0.7184937585657929
28.98,0.181641,0.456787,-0.543701,-12.695312,5.996704,35.087585,0.7329792586772153
28.99,0.190186,0.377197,-0.552002,-3.959656,21.537779,38.101196,0.6950931587988765
29.0,0.181641,0.311035,-0.484131,5.348205,25.527952,47.309872,0.6034227782135838
29.01,0.157471,0.283691,-0.411377,14.961242,25.291441,62.080379,0.5239358123386871
29.02,0.241211,0.250977,-0.44751,22.140501,27.267454,75.454712,0.566954496542712
29.03,0.491211,0.189209,-0.517578,27.458189,30.899046,80.596916,0.7382244091643136
29.04,0.707031,0.180908,-0.608398,29.060362,38.223267,77.278137,0.9501413925458674
29.05,0.805664,0.222168,-0.682861,22.224424,44.631954,74.005127,1.0792368815236997
29.06,0.879639,0.298828,-0.66748,10.520934,36.720276,74.295044,1.1439372772599903
29.07,1.036377,0.411621,-0.563721,1.281738,12.733459,71.678162,1.2495161061831097
29.08,1.07251,0.538086,-0.455322,-3.067016,-13.900756,67.16156,1.2834065478950931
29.09,0.969238,0.591797,-0.423828,0.526428,-40.817257,59.42535,1.2121370233752453
29.1,0.894531,0.548096,-0.452881,14.831542,-54.321285,49.606319,1.142670615417234
29.11,0.800781,0.487549,-0.487305,27.984617,-36.712646,47.737118,1.0566079691101142
29.12,0.721191,0.474854,-0.536133,28.572081,-7.514953,52.642818,1.0163864292118427
29.13,0.718994,0.474121,-0.578613,28.915403,8.06427,55.473324,1.0375625756772457
29.14,0.726563,0.460205,-0.592285,33.943176,7.499694,53.153988,1.0442623981638905
29.15,0.754883,0.446777,-0.632568,42.686459,1.495361,49.407955,1.081480608259806
29.16,0.788574,0.417969,-0.725342,57.373043,3.387451,55.511471,1.150073065244552
29.17,0.836182,0.352539,-0.621826,75.454712,9.94873,74.913025,1.10006893325873
29.18,0.840332,0.384277,-0.454102,87.402336,1.525879,101.501457,1.029580161695533
29.19,0.70752,0.459961,-0.428223,87.440483,-27.435301,112.594597,0.9463210922567457
29.2,0.603271,0.479248,-0.500977,84.434502,-40.367123,79.551697,0.9190171377477135
29.21,0.627441,0.450439,-0.534668,91.842644,-28.686522,51.23901,0.9393866996216201
29.22,0.533691,0.370117,-0.619385,99.670403,-18.1427,51.437374,0.8974689161163187
29.23,0.414795,0.22583,-0.711426,99.616997,-14.976501,50.262447,0.8539209766723148
29.24,0.700439,0.094238,-0.647461,93.872063,-10.719298,41.28265,0.9584890922102348
29.25,0.878418,0.086182,-0.631104,80.245972,-9.849548,40.756222,1.085051970489893
29.26,0.71582,0.105469,-0.700195,68.412781,-29.449461,37.063599,1.0068738850451928
29.27,0.545166,0.074707,-0.851807,64.819336,-56.007381,24.986265,1.0140819832015555
29.28,0.497803,0.063721,-0.866211,48.927303,-47.950741,18.005371,1.0010942458984569
29.29,0.617676,0.199951,-0.832764,24.063108,0.907898,21.247862,1.0559355676711528
29.3,0.865967,0.364502,-0.811523,13.648986,31.341551,25.070189,1.241503174632268
29.31,1.041748,0.427246,-0.818115,13.458251,9.101868,21.362303,1.3917938759906223
29.32,1.008789,0.408936,-0.766846,10.734557,-36.064148,11.726378,1.331516686464349
29.33,0.849365,0.385498,-0.745605,7.720947,-65.177917,2.433777,1.194134174728284
29.34,0.699707,0.311523,-0.737793,10.162353,-62.858578,-4.234314,1.063473072638419
29.35,0.685547,0.231689,-0.768066,11.268615,-50.346371,-5.516052,1.0552629351427065
29.36,0.728516,0.176758,-0.740479,7.690429,-46.806332,-0.907898,1.0537020936967907
29.37,0.668945,0.19873,-0.676025,5.813598,-52.841183,2.14386,0.971591903295823
29.38,0.538086,0.230469,-0.656982,11.20758,-59.883114,-1.296997,0.879930594809045
29.39,0.376221,0.208252,-0.624023,19.935608,-64.308167,-7.461547,0.7578362889661593
29.4,0.280518,0.17334,-0.525391,22.735594,-65.437317,-11.20758,0.620300577788704
29.41,0.271729,0.166748,-0.564453,26.580809,-55.671688,-7.247924,0.6482659440029223
29.42,0.232666,0.105469,-0.700684,36.224365,-25.726316,-2.01416,0.7457983945899856
29.43,0.307861,-0.0271,-0.759277,39.085388,6.813049,-2.403259,0.8197648248430766
29.44,0.584229,-0.085205,-0.786377,28.945921,20.202635,-2.197266,0.9833474475458814
29.45,0.70459,-0.010742,-0.84082,22.552488,18.028259,0.152588,1.0970600398629056
29.46,0.557373,0.061768,-0.917725,30.555723,7.850646,-0.335693,1.075499475861332
29.47,0.426025,0.046631,-1.003174,40.229794,-3.013611,0.076294,1.0908848816726722
29.48,0.438721,-0.024902,-1.011475,40.016174,-2.89154,9.864807,1.1028045615928508
29.49,0.561035,-0.049561,-0.994629,32.897949,8.300781,24.139402,1.1430238018462258
29.5,0.619385,-0.029297,-1.048096,26.847837,21.034239,23.941038,1.2177854152723295
29.51,0.590332,-0.035156,-0.99585,25.93231,24.856565,9.70459,1.1582076830430714
29.52,0.621826,0.003174,-0.929688,23.437498,21.041868,-0.190735,1.1184799622237316
29.53,0.644043,0.074707,-0.903076,24.482725,21.408079,5.043029,1.1117188419173258
29.54,0.602051,0.107178,-0.962402,27.114866,32.76062,8.300781,1.1402500339351014
29.55,0.633545,0.096436,-0.884521,27.877806,47.20306,1.342773,1.0922712889030821
29.56,0.613281,0.15625,-0.849121,21.965025,56.182858,-10.169982,1.0590250800155774
29.57,0.656982,0.177979,-0.774902,15.907287,54.801937,-17.654419,1.0313946782725805
29.58,0.793213,0.203369,-0.803467,11.817931,59.570309,-13.580321,1.147216210493471
29.59,0.795898,0.189209,-0.878662,12.7182,71.640015,-10.864257,1.2005417869982702
29.6,0.659912,0.139404,-0.968506,10.116576,77.598572,-23.010252,1.1802208246747725
29.61,0.688965,0.080322,-0.94165,1.190186,85.670464,-33.981323,1.1695422683293666
29.62,0.79248,0.035889,-0.867432,-13.496398,112.876884,-33.287048,1.175478985496976
29.63,0.983398,0.057861,-0.875,-23.445127,135.955811,-31.272886,1.3175904225991475
29.64,1.148682,0.076172,-0.81958,-28.228758,125.068657,-43.785091,1.4131468030986731
29.65,1.224854,0.080566,-0.791992,-33.52356,77.301025,-55.465694,1.4608249483548672
29.66,1.166748,0.071777,-0.75,-36.491394,19.302368,-54.458614,1.3888674642430787
29.67,0.924072,0.096924,-0.775391,-38.116455,-13.84735,-46.508785,1.21017954281214
29.68,0.659668,0.144775,-0.743652,-37.872314,-19.348145,-40.40527,1.004559589050346
29.69,0.589844,0.188477,-0.52417,-34.744263,-13.427733,-35.858154,0.8112913858565245
29.7,0.623535,0.247314,-0.281494,-28.45001,-7.4234,-30.128477,0.7274606400740867
29.71,0.633789,0.342773,-0.107666,-17.929077,-11.062621,-22.079466,0.7285422387247016
29.72,0.67041,0.407471,-0.14917,3.40271,-33.866882,-20.050049,0.7985824145578213
29.73,0.651123,0.322021,-0.231934,29.090879,-53.88641,-21.888731,0.7625300426383212
29.74,0.506348,0.178223,-0.199219,41.229244,-42.091366,-20.072937,0.5725730912241686
29.75,0.458984,0.116211,-0.254883,39.932251,-10.490417,-21.995543,0.5377142851608092
29.76,0.47583,0.09082,-0.44165,35.774231,21.881102,-21.972654,0.6555281716295647
29.77,0.513916,0.021729,-0.510742,29.129026,37.254333,-15.930175,0.7248718473364792
29.78,0.639893,-0.064941,-0.536133,18.783569,33.859253,-9.040833,0.8373284771336754
29.79,0.749268,-0.117676,-0.564453,4.631042,21.247862,-3.448486,0.9454403027209068
29.8,0.698486,-0.12085,-0.496582,-10.536193,4.821777,0.701904,0.8654947125315094
29.81,0.598389,-0.057373,-0.477783,-19.691467,-10.032654,4.920959,0.7678786698033746
29.82,0.531006,0.032227,-0.522461,-20.362852,-12.168883,12.489318,0.7456349294970025
29.83,0.504639,0.092041,-0.475342,-18.547058,-0.190735,17.883301,0.699344037628119
29.84,0.628662,0.153564,-0.393555,-18.112183,12.565612,18.363953,0.757418873784513
29.85,0.821533,0.233154,-0.385254,-19.393921,19.630432,21.957396,0.9368553262489359
29.86,0.910645,0.318359,-0.371582,-20.26367,21.484373,24.29962,1.0337794501875146
29.87,0.881348,0.387451,-0.348389,-16.975403,17.684937,17.89093,1.0238493394176704
29.88,0.885986,0.397705,-0.365479,-8.918762,5.226135,6.477355,1.0376489573367287
29.89,0.845459,0.324707,-0.436279,-0.785828,-7.987976,-0.442505,1.0052735559891148
29.9,0.697998,0.220459,-0.483398,-0.167847,-16.494751,-3.807068,0.8771983841121688
29.91,0.614502,0.168701,-0.591064,-2.502441,-22.27783,-4.478455,0.869154409469917
29.92,0.625488,0.146484,-0.670654,-4.562378,-22.575377,0.473022,0.9286924076980494
29.93,0.643799,0.126953,-0.711426,-8.827209,-17.204285,7.469177,0.9678435669497422
29.94,0.650391,0.087158,-0.751953,-14.785766,-9.536743,10.093688,0.9980171762319525
29.95,0.648682,0.044922,-0.799072,-22.735594,-2.433777,8.331299,1.0302050205624123
29.96,0.662354,0.030029,-0.814453,-31.707762,2.662658,8.506775,1.050213431339554
29.97,0.640869,0.064941,-0.671631,-41.061398,5.950927,12.321471,0.9306012082535676
29.98,0.5979,0.159912,-0.543213,-44.776913,4.592896,13.755797,0.8234905106393151
29.99,0.656982,0.231201,-0.572998,-35.850525,-0.25177,12.863158,0.9018902143437415
30.0,0.747559,0.232666,-0.575684,-26.145933,8.087158,11.749267,0.9717973008261548
30.01,0.832764,0.22876,-0.617188,-20.851133,29.418943,4.188538,1.0614838880736719
30.02,0.894043,0.202148,-0.614502,-19.889832,45.768734,-6.729125,1.103534959916087
30.03,0.886719,0.187744,-0.589844,-24.230955,43.899532,-12.313842,1.0814038740604734
30.04,0.818359,0.208008,-0.59082,-28.984068,27.206419,-12.268065,1.030556671583373
30.05,0.84082,0.237061,-0.613281,-34.454346,5.249023,-7.949829,1.0673751800946094
30.06,0.862061,0.261963,-0.59375,-32.699585,-4.714966,-6.080627,1.0790332912334075
30.07,0.748779,0.26416,-0.606445,-29.411314,-10.536193,-14.999389,0.9991126235144865
30.08,0.729248,0.25708,-0.661621,-27.397154,-17.25769,-25.077818,1.0176615938242928
30.09,0.797119,0.26709,-0.763428,-23.551939,-15.174865,-24.688719,1.1355871078191226
30.1,0.771729,0.255615,-0.764893,-18.638611,0.617981,-15.403747,1.116228461881796
30.11,0.650879,0.278809,-0.742676,-17.89856,19.889832,-7.67517,1.0261313620087829
30.12,0.667236,0.338867,-0.744385,-21.034239,26.550291,-6.187438,1.0555300808645862
30.13,0.829102,0.364502,-0.719971,-22.827147,14.823913,-6.767272,1.1569918215998765
30.14,1.006836,0.325439,-0.696777,-21.713255,-19.226074,-9.391785,1.266936249913941
30.15,0.992188,0.25293,-0.643799,-23.567198,-61.515804,-16.448975,1.209498972568807
30.16,0.77124,0.215576,-0.602051,-29.472349,-93.711845,-24.497984,1.001873023879274
30.17,0.587158,0.216064,-0.591553,-34.637451,-107.780449,-27.015684,0.8610302671038922
30.18,0.541992,0.243896,-0.604248,-35.78949,-104.003899,-21.530149,0.8475589846046114
30.19,0.587646,0.306885,-0.642578,-30.670164,-86.456291,-12.954711,0.9232619945741295
30.2,0.648193,0.359131,-0.634277,-19.218445,-60.523983,-6.790161,0.9754160923108661
30.21,0.664307,0.34668,-0.598633,-9.994507,-36.651611,-7.202148,0.9590892978956651
30.22,0.676758,0.297607,-0.55957,-8.460999,-28.778074,-14.266967,0.9271946407917812
30.23,0.701904,0.252441,-0.555176,-10.726928,-39.009094,-20.103453,0.9298473394450296
30.24,0.718994,0.234619,-0.589355,-12.46643,-56.709286,-20.553587,0.9588210277324961
30.25,0.737549,0.26001,-0.63501,-14.991759,-69.259644,-16.387939,1.007383456088594
30.26,0.734375,0.308105,-0.690674,-13.740539,-79.292297,-12.893676,1.054165976460064
30.27,0.673584,0.32666,-0.686523,-8.964539,-96.824638,-15.007018,1.0157440574204704
30.28,0.576904,0.332031,-0.644531,-6.072998,-112.876884,-17.791748,0.9265435878241238
30.29,0.509521,0.330078,-0.630615,-3.570556,-115.905754,-14.053344,0.8753504519619556
30.3,0.463379,0.299072,-0.610352,-1.274109,-108.871452,-5.1651,0.822613957290417
30.31,0.421875,0.269531,-0.59082,-2.39563,-100.440971,2.01416,0.7743989591844762
30.32,0.429199,0.280518,-0.613281,-3.746032,-95.748894,5.516052,0.7993845850940584
30.33,0.468994,0.289307,-0.664551,-0.320435,-90.766899,6.881713,0.8632971353398551
30.34,0.49585,0.290039,-0.687012,5.134582,-75.836182,7.156372,0.895530754449561
30.35,0.500244,0.318115,-0.747803,8.789063,-51.635738,5.302429,0.954280115883172
30.36,0.537842,0.3479,-0.783447,7.92694,-28.892515,1.937866,1.0119770890553799
30.37,0.593018,0.340088,-0.770996,3.829956,-18.470764,-0.869751,1.0304198309834687
30.38,0.625,0.303955,-0.751709,-2.288818,-29.685972,-5.1651,1.0237578144786001
30.39,0.575928,0.283203,-0.739014,-7.255554,-52.24609,-9.109497,0.9787945098890777
30.4,0.451172,0.287109,-0.780029,-7.751464,-69.496155,-7.637023,0.9457446760653744
30.41,0.366699,0.270264,-0.822754,-5.088806,-72.715759,-0.282288,0.9404440072715653
30.42,0.363037,0.225098,-0.811768,-4.478455,-63.224789,7.026672,0.9172961674383034
30.43,0.392822,0.20459,-0.796631,-7.705688,-49.438473,9.078979,0.911475255805115
30.44,0.4375,0.200684,-0.787842,-9.941101,-41.046139,7.461547,0.9232417531827728
30.45,0.438721,0.220215,-0.733643,-11.985778,-36.53717,6.477355,0.8827246532837972
30.46,0.41333,0.273193,-0.699707,-13.435363,-30.364988,6.576538,0.8573598952586947
30.47,0.390869,0.304443,-0.698975,-12.527465,-18.013,6.988525,0.8567556046125406
30.48,0.342529,0.316895,-0.647217,-13.633727,2.662658,6.752014,0.7978962350801011
30.49,0.290039,0.336426,-0.639648,-15.99121,26.870726,4.707336,0.7787519752148304
30.5,0.395508,0.321777,-0.658691,-18.119812,43.235775,2.403259,0.8329710975021882
30.51,0.567139,0.31543,-0.661377,-20.225523,46.844479,-0.62561,0.9265863512646837
30.52,0.577148,0.328125,-0.578613,-23.513792,36.209106,-8.483887,0.8806581818719452
30.53,0.516602,0.375488,-0.505615,-28.274534,14.213561,-17.829895,0.8145645418093032
30.54,0.564453,0.460205,-0.558594,-27.557371,0.595093,-16.815186,0.9178360899801228
30.55,0.651611,0.526611,-0.657471,-18.486023,18.585205,-7.110595,1.0649808244672765
30.56,0.642334,0.534668,-0.670166,-8.796692,66.253662,-4.310608,1.0712540806624729
30.57,0.569336,0.490967,-0.657959,-9.857178,101.852409,-10.810851,0.9990506101624681
30.58,0.633301,0.411865,-0.721191,-10.787963,96.076958,-15.716552,1.0444229953936288
30.59,0.74585,0.294434,-0.745361,-3.326416,65.826416,-15.983581,1.0947815413026474
30.6,0.737549,0.25293,-0.735352,-4.364014,36.743164,-16.769409,1.0717717463177503
30.61,0.587891,0.304688,-0.774414,-14.572143,22.018431,-18.486023,1.0189051224824617
30.62,0.428223,0.338379,-0.825928,-21.743773,27.732847,-14.488219,0.9899658310032725
30.63,0.363281,0.342529,-0.841064,-24.490355,53.031918,-1.190186,0.9781042137206035
30.64,0.490967,0.358887,-0.782227,-26.222227,79.368591,13.710021,0.9908216556913761
30.65,0.697754,0.394043,-0.745117,-25.222776,88.48571,21.202085,1.0942256961221484
30.66,0.78833,0.384521,-0.675049,-22.338865,77.980042,18.463135,1.1068024849728157
30.67,0.735352,0.360352,-0.692383,-19.676208,62.973019,10.055541,1.0723760284979331
30.68,0.501465,0.34375,-0.801758,-16.372681,57.266232,3.974914,1.0062043029569094
30.69,0.330322,0.406982,-0.755371,-15.045165,59.547421,3.250122,0.9194195558334617
30.7,0.414307,0.511963,-0.653564,-14.488219,73.875427,1.808166,0.9278482126479525
30.71,0.568359,0.561279,-0.597412,-16.662598,99.090569,3.440857,0.997480409063757
30.72,0.563477,0.561035,-0.54834,-18.226624,133.499146,6.034851,0.9658899297300909
30.73,0.463867,0.52832,-0.522705,-16.975403,176.002487,-4.15802,0.8760794102785432
30.74,0.439941,0.492188,-0.589844,-12.374877,215.309128,-15.045165,0.8852756944370495
30.75,0.54126,0.404541,-0.632568,-0.274658,239.906296,-22.041319,0.9256122746080024
30.76,0.667969,0.258057,-0.653564,10.665893,240.844711,-26.68762,0.9694956948362381
30.77,0.793945,0.153564,-0.716553,6.195068,210.62468,-23.574827,1.0804530378179331
30.78,0.912598,0.171143,-0.695557,-8.377075,150.390625,-14.541625,1.1601398951428228
30.79,0.852539,0.262451,-0.693115,-18.234253,92.26989,-2.441406,1.1296511307244375
30.8,0.726318,0.324951,-0.638916,-23.460386,66.574097,1.235962,1.0204629560062433
30.81,0.655029,0.348877,-0.55835,-29.556273,82.44323,-0.778198,0.9287264799013755
30.82,0.639893,0.397217,-0.469727,-36.476135,123.550407,1.457214,0.887630469884287
30.83,0.784424,0.424805,-0.332031,-40.473934,163.185104,-7.04956,0.9518533945739753
30.84,0.859619,0.405029,-0.3396,-34.790039,191.665634,-10.871886,1.0091191584753507
30.85,1.031006,0.407715,-0.424561,-27.015684,186.790451,-12.96234,1.1872055154782597
30.86,1.225586,0.425781,-0.2771,-21.011351,157.89032,-19.15741,1.326700762552355
30.87,1.199463,0.487793,-0.143555,-14.579772,125.099174,-32.699585,1.3027899052583267
30.88,0.949219,0.512939,-0.22876,-12.496947,104.24041,-47.721859,1.1029298551050288
30.89,0.711426,0.504395,-0.302979,-18.539429,106.88018,-45.150753,0.9232212865516046
30.9,0.722412,0.531982,-0.188232,-23.773191,121.055595,-36.354065,0.9166870959558665
30.91,0.862061,0.537354,-0.078613,-20.042419,130.134583,-38.749695,1.0188613707497207
30.92,0.938965,0.487061,-0.178711,-13.587951,118.637077,-37.712097,1.0727633991085828
30.93,0.9375,0.432129,-0.313232,-13.633727,80.528252,-31.417845,1.0787752353780653
30.94,0.887207,0.402344,-0.222412,-17.631531,26.199339,-28.350828,0.9992417389846162
30.95,0.778564,0.384033,-0.125977,-17.463684,-8.590698,-30.456541,0.8772191583145001
30.96,0.700928,0.36792,-0.194336,-17.570496,-2.441406,-29.067991,0.815126780617592
30.97,0.652832,0.330566,-0.176514,-24.917601,24.528502,-14.686584,0.7527421157182584
30.98,0.635498,0.329102,-0.078857,-35.560608,50.285336,0.015259,0.7199890699566209
30.99,0.620117,0.368896,-0.105225,-43.54858,87.043755,6.004333,0.7291787525223153
31.0,0.689941,0.428711,-0.194092,-43.914791,124.259941,6.591796,0.8351547218725403
31.01,0.822754,0.486572,-0.180664,-32.836914,135.169983,0.602722,0.9727877140445391
31.02,1.030029,0.47998,0.046631,-10.589599,118.560783,-18.486023,1.1373280051955108
31.03,1.037598,0.446777,0.145508,3.120422,111.663811,-34.217834,1.1390311125676067
31.04,0.86792,0.434814,0.012695,0.007629,108.207695,-28.57971,0.9708292867548857
31.05,0.873535,0.457031,-0.112305,-4.432678,88.905327,-16.410828,0.9922465138316183
31.06,0.884766,0.477539,-0.121338,-2.502441,75.3479,-16.326904,1.0127078954570268
31.07,0.937744,0.481201,-0.059326,-1.319885,61.813351,-24.665831,1.0556693545864633
31.08,1.012451,0.485352,-0.107422,-6.401062,43.716427,-27.06909,1.1279020690596324
31.09,0.923584,0.45874,-0.177002,-13.549804,22.14813,-22.331236,1.0463171128582385
31.1,0.795654,0.449951,-0.064941,-19.546509,-7.972717,-21.530149,0.9163724808166163
31.11,0.7771,0.503662,0.034668,-25.817869,-38.902283,-22.346495,0.9266939572847122
31.12,0.907715,0.544434,-0.033203,-26.81732,-50.949093,-16.937256,1.0589888293981198
31.13,0.897949,0.531006,0.001709,-23.941038,-50.361629,-15.769958,1.0432078888304095
31.14,0.991211,0.537354,0.206543,-17.677307,-82.374565,-21.430967,1.146258513026621
31.15,1.06543,0.571045,0.247314,-7.415771,-111.236565,-29.510496,1.2338548097410005
31.16,1.029541,0.596436,0.095459,-4.096985,-128.448486,-25.108335,1.1936511188190628
31.17,1.058838,0.631104,0.006836,-2.494812,-133.94165,-17.00592,1.232670637257171
31.18,0.827637,0.638672,0.023926,-1.12915,-112.93792,-19.165039,1.0456851250873755
31.19,0.689453,0.596191,-0.007568,3.89862,-102.783195,-28.846739,0.9115077741379938
31.2,0.696533,0.572021,-0.140381,13.610839,-95.100395,-33.409119,0.9121803931739598
31.21,0.679199,0.555664,-0.232422,21.39282,-81.375114,-31.394957,0.9077960941648736
31.22,0.745605,0.55835,-0.204834,25.672911,-74.447632,-25.009153,0.9537497082993001
31.23,0.722656,0.55249,-0.184082,29.167173,-65.444946,-17.822266,0.9280964805234422
31.24,0.687744,0.535156,-0.081543,27.122496,-61.19537,-14.450072,0.8752331202148373
31.25,0.668945,0.550049,-0.0354,18.043518,-66.596985,-12.443542,0.8667724473159031
31.26,0.672607,0.575684,-0.121094,7.331848,-72.265625,-9.063721,0.8935748436146801
31.27,0.5979,0.563477,-0.115234,4.211426,-57.609554,-10.536193,0.8296201626557783
31.28,0.47583,0.521484,-0.051514,11.268615,-28.732298,-15.419005,0.7078230310974629
31.29,0.386963,0.48877,0.004639,21.194456,2.090454,-8.834839,0.623424411288169
31.3,0.351074,0.480713,0.08667,30.59387,28.45001,7.843017,0.6015393842010679
31.31,0.443359,0.50415,0.113037,35.140991,36.270142,24.810789,0.6808170009260932
31.32,0.628662,0.519531,-0.005859,35.812378,31.837461,28.800962,0.8155750720111545
31.33,0.697754,0.479248,-0.185059,36.384583,25.230406,24.749754,0.8664791535293852
31.34,0.776123,0.415283,-0.295654,36.827087,16.441345,20.797728,0.9285678052431066
31.35,0.783691,0.375977,-0.235107,33.378601,19.165039,16.731262,0.900447438476561
31.36,0.708252,0.370117,-0.187256,20.660398,23.803709,14.511107,0.8207754252711273
31.37,0.682617,0.389404,-0.354004,3.181457,38.9328,7.690429,0.8619282313052521
31.38,0.656738,0.428467,-0.375244,-4.40979,67.619324,-4.020691,0.8693082481312369
31.39,0.72168,0.452881,-0.238037,0.88501,86.906425,-11.680602,0.8846382514508402
31.4,0.800781,0.462158,-0.118408,8.659363,102.783195,-13.549804,0.9321269663457871
31.41,0.826416,0.474365,-0.038574,8.834839,108.619682,-9.719849,0.9536632066704681
31.42,0.860352,0.495117,-0.053223,1.846313,100.135796,-5.638122,0.9940719769322542
31.43,0.904785,0.524658,-0.108398,-6.126403,86.875908,-6.881713,1.0514998999491154
31.44,1.04834,0.552246,-0.068115,-12.153625,76.171875,-14.900207,1.1868580594751
31.45,1.01001,0.598145,-0.042969,-12.893676,82.31353,-26.039122,1.1746250363779924
31.46,0.790527,0.625488,-0.154541,-18.676758,83.663933,-33.676147,1.019828954557577
31.47,0.907715,0.658447,-0.205811,-25.863646,60.508724,-24.185179,1.1401127754546916
31.48,0.951172,0.682617,-0.092041,-21.286009,48.789974,-13.687133,1.1743788519698404
31.49,0.805176,0.63501,0.018066,-12.580871,41.778561,-16.479492,1.0256083421228592
31.5,0.725098,0.549805,-0.003418,-7.186889,33.058167,-19.432068,0.9099804010818036
31.51,0.824951,0.50708,-0.084229,-6.16455,30.578611,-10.658263,0.9719921827062191
31.52,0.981689,0.525879,-0.094482,-6.16455,27.816771,1.167297,1.117671178695237
31.53,1.000732,0.530273,0.030762,-5.699157,9.83429,0.770569,1.132960851484728
31.54,0.834473,0.546631,0.10791,-9.399414,-16.220093,-6.629943,1.0033918506695179
31.55,0.656006,0.590088,0.088867,-14.083861,-32.325745,-8.598328,0.8868173788717719
31.56,0.585938,0.628174,0.063721,-11.528014,-26.283262,-3.303528,0.8613862548015263
31.57,0.618408,0.619873,0.037354,-0.534058,-4.776001,4.379272,0.8763939250753624
31.58,0.707764,0.559082,0.030762,10.833739,14.236449,10.055541,0.9024682061236284
31.59,0.747559,0.512207,0.073242,13.755797,22.163389,9.063721,0.9091561251479308
31.6,0.734619,0.489502,0.118164,10.19287,19.737244,1.686096,0.8906402270619714
31.61,0.691406,0.506592,0.082031,3.082275,12.886046,-0.167847,0.861049822171168
31.62,0.675537,0.543213,-0.012695,-4.104614,16.029358,6.477355,0.8669439225019113
31.63,0.72876,0.558105,-0.053955,-7.133483,34.568787,11.795043,0.9195017513033892
31.64,0.838623,0.548096,-0.047607,-5.493164,50.6134,10.032654,1.0029776606654806
31.65,0.941406,0.534668,-0.0271,-2.471924,51.727291,3.814697,1.0829817805762016
31.66,0.945557,0.518799,0.045654,-1.213074,35.232544,-1.586914,1.0794974434272644
31.67,0.898193,0.535156,0.082764,-2.784729,12.397765,-2.204895,1.0488052675692472
31.68,0.83252,0.561523,0.031494,-5.134582,5.271911,0.12207,1.004683782075236
31.69,0.794678,0.571045,0.002197,-6.362915,13.09204,2.670288,0.978575670307616
31.7,0.792725,0.584717,0.029541,-7.019042,20.820616,3.852844,0.9854844323453315
31.71,0.782959,0.613281,0.033447,-8.857727,22.750853,4.066467,0.995116617513244
31.72,0.79834,0.626709,0.021484,-10.398864,20.042419,4.981995,1.015171162187441
31.73,0.841553,0.609619,-0.002441,-9.643555,20.690916,5.218505,1.0391596294366905
31.74,0.861328,0.569092,0.030029,-5.439758,24.864195,1.998901,1.0327891212096494
31.75,0.85791,0.539551,0.07959,-1.296997,24.330137,-3.52478,1.0165920606619943
31.76,0.85083,0.525635,0.092285,-0.236511,17.440796,-5.271911,1.0043507173044683
31.77,0.843506,0.526855,0.082275,-2.166748,10.093688,-2.937317,0.9979217096977097
31.78,0.825928,0.538818,0.063477,-5.729675,6.980896,0.717163,0.9881858265716019
31.79,0.819336,0.553955,0.048828,-9.078979,6.309509,3.52478,0.9902332030915747
31.8,0.837402,0.564941,0.050781,-10.620116,6.584167,4.768372,1.0114243189907983
31.81,0.833984,0.560791,0.094727,-8.682251,10.57434,2.090454,1.0094498811065362
31.82,0.80127,0.561523,0.134521,-6.706237,15.029906,-3.227234,0.9876424413065692
31.83,0.753174,0.566895,0.126221,-6.851196,19.981384,-4.692078,0.9510902986267918
31.84,0.750732,0.559814,0.12085,-6.988525,26.550291,-2.784729,0.9442430687699009
31.85,0.768799,0.534668,0.143066,-6.278991,34.645081,-1.663208,0.9473065253554417
31.86,0.741699,0.522217,0.139893,-6.874084,39.863586,-0.679016,0.9178224518603803
31.87,0.751465,0.53125,0.084717,-8.81958,35.888672,2.670288,0.9241770278545124
31.88,0.815186,0.542236,0.052734,-8.94928,30.158995,6.347656,0.9804738492422936
31.89,0.849854,0.545166,0.095459,-6.271362,29.640196,4.837036,1.0141845046898519
31.9,0.805176,0.543213,0.136475,-5.249023,34.507751,-0.63324,0.9808232154522036
31.91,0.769043,0.546143,0.143799,-8.31604,40.504452,-3.852844,0.9541370261650054
31.92,0.790527,0.551514,0.134521,-11.482238,48.797604,-3.463745,0.9732402218188477
31.93,0.807861,0.549561,0.112305,-11.131286,56.686398,-2.311707,0.98349839911766
31.94,0.837891,0.549316,0.106445,-9.078979,55.206295,-2.334595,1.0075415295470456
31.95,0.880859,0.560791,0.115234,-8.331299,45.44067,-2.693176,1.0505608018187238
31.96,0.838623,0.551025,0.091553,-8.964539,41.870113,-3.471374,1.0076204833978912
31.97,0.760254,0.524414,0.045166,-10.620116,46.264645,-4.417419,0.924681650876668
31.98,0.714355,0.503662,0.005615,-12.451171,56.396481,-2.708435,0.8740766582480052
31.99,0.687012,0.471191,0.017578,-13.412475,77.423096,-3.044128,0.8332559226966226
32.0,0.635254,0.452637,0.070557,-13.015746,106.0028,-5.66864,0.7832025207658617
32.01,0.638184,0.484863,0.114258,-11.19995,126.762383,-4.608154,0.8095837431600266
32.02,0.736572,0.536377,0.223145,-9.300232,129.463196,-3.471374,0.9381003615488057
32.03,0.875977,0.569336,0.369141,-6.660461,115.661613,-7.484436,1.1080362193114446
32.04,0.904297,0.598145,0.35376,-2.89917,96.786491,-10.589599,1.140472114009808
32.05,0.881348,0.591553,0.328125,3.196716,67.28363,-9.056091,1.1110244212158435
32.06,0.867188,0.546143,0.370117,8.079529,37.826538,-9.040833,1.0896209421087684
32.07,0.837891,0.516357,0.340088,8.583069,24.337767,-9.178162,1.0413192243851066
32.08,0.7854,0.514404,0.289551,7.728576,21.614073,-7.659912,0.9824990670819999
32.09,0.788086,0.52417,0.37085,6.103515,19.676208,-8.804321,1.0165448611822303
32.1,0.737549,0.566162,0.44873,1.014709,23.750303,-13.542174,1.0324129748046564
32.11,0.599854,0.631348,0.373291,-3.662109,24.559019,-12.46643,0.9475079361678191
32.12,0.576904,0.641846,0.305908,-3.40271,17.89093,-5.92041,0.9156223115433568
32.13,0.631836,0.606934,0.276855,-1.602173,18.981934,-4.501343,0.9188222364946333
32.14,0.735107,0.562256,0.250244,1.960754,19.462585,-6.309509,0.9587158966664733
32.15,0.843506,0.536133,0.249268,2.189636,18.325806,-8.834839,1.0300851914036042
32.16,0.869385,0.546387,0.272705,-3.440857,23.872374,-12.405395,1.0624203730251975
32.17,0.747803,0.601074,0.336426,-12.092589,27.137754,-11.276244,1.0167013985241684
32.18,0.702148,0.657715,0.454346,-14.892577,3.913879,-4.417419,1.0639695121783332
32.19,0.713623,0.673828,0.486572,-6.484985,-24.841307,-1.152039,1.0954698858923506
32.2,0.72876,0.631592,0.361084,4.165649,-29.418943,-0.892639,1.0297481474224657
32.21,0.700439,0.544678,0.263916,8.216858,-12.21466,1.205444,0.9257108465719737
32.22,0.716553,0.489502,0.271973,7.041931,-0.617981,0.015259,0.9094117453288142
32.23,0.737793,0.480225,0.293213,3.40271,-0.259399,-2.059937,0.9278622876499508
32.24,0.742432,0.487061,0.299805,1.38092,-1.304626,-2.243042,0.9371855367908747
32.25,0.763916,0.501709,0.327148,1.075745,-1.029968,-3.036499,0.9707241573387364
32.26,0.75708,0.527832,0.38916,-0.213623,-2.380371,-5.104064,1.001609830335146
32.27,0.746826,0.577393,0.417969,-1.312256,-6.896972,-6.050109,1.0323903504421184
32.28,0.700439,0.612549,0.395996,0.831604,-8.872986,-5.477905,1.011258573332261
32.29,0.661377,0.625,0.395752,3.684997,-10.559081,-4.577637,0.9923024647923636
32.3,0.689209,0.62207,0.345459,5.867004,-8.911133,-0.785828,0.990617005336573
32.31,0.715088,0.576172,0.310303,8.69751,0.343323,0.854492,0.969336357069619
32.32,0.696533,0.554932,0.348389,8.338928,4.676819,-2.39563,0.9562858568618485
32.33,0.668945,0.581055,0.390381,6.492614,-2.761841,-1.373291,0.9682508204029573
32.34,0.667969,0.61084,0.386963,6.614685,-7.93457,1.678467,0.9844025873239058
32.35,0.732422,0.629639,0.336182,8.69751,-9.83429,4.447937,1.0226952593656626
32.36,0.828125,0.597656,0.26416,12.931823,-11.543273,5.203247,1.054876398238675
32.37,0.818359,0.543457,0.193604,14.22119,-9.811401,0.785828,1.0012689311798304
32.38,0.781982,0.502686,0.190186,8.384705,-11.154174,-3.341675,0.9488728985043254
32.39,0.765381,0.510742,0.257568,-1.060486,-7.43103,-4.425049,0.955513861934509
32.4,0.734619,0.558838,0.343506,-5.889892,-0.762939,-4.852295,0.9848661621971789
32.41,0.726563,0.609863,0.388672,-4.03595,-2.731323,-4.318237,1.025130525992666
32.42,0.768555,0.631348,0.362061,0.648498,-6.477355,-2.777099,1.0584730761101107
32.43,0.764893,0.626953,0.30957,3.059387,-2.037048,-2.632141,1.036322802295694
32.44,0.699463,0.610596,0.277344,1.38855,2.723694,-3.372192,0.9690178831791495
32.45,0.66626,0.593262,0.293945,-1.319885,2.906799,-2.151489,0.9392900783405518
32.46,0.68042,0.576904,0.336914,-1.396179,6.233215,-1.434326,0.9535725693475039
32.47,0.705566,0.55835,0.322754,1.602173,14.083861,-1.831055,0.9559017979750849
32.48,0.74585,0.535156,0.268066,3.585815,18.64624,0.953674,0.9563177020174832
32.49,0.786133,0.531006,0.298828,0.205994,15.754699,2.372742,0.9946208520381019
32.5,0.804443,0.566895,0.349121,-5.28717,7.659912,-1.89209,1.0442145152769138
32.51,0.857178,0.599854,0.324707,-4.981995,-3.417969,-3.784179,1.0954513137739166
32.52,0.862549,0.586426,0.283691,-1.182556,-8.415222,-4.173279,1.0809101786725852
32.53,0.780273,0.559326,0.307373,-1.197815,-13.09204,-6.599426,1.008042504031452
32.54,0.708008,0.561279,0.358154,-3.463745,-19.493103,-8.247375,0.9718969758266562
32.55,0.686279,0.569824,0.356445,-1.914978,-15.792846,-9.124756,0.9605890353538291
32.56,0.700439,0.570801,0.316406,2.304077,-5.783081,-8.659363,0.9573616511841281
32.57,0.723389,0.567627,0.277344,3.509521,-2.243042,-6.988525,0.9604226938103868
32.58,0.742432,0.565918,0.236328,2.105713,-9.277344,-5.638122,0.9629742368994095
32.59,0.716553,0.550293,0.206543,-1.319885,-14.976501,-4.905701,0.9267850875510459
32.6,0.648926,0.544922,0.258301,-5.020141,-14.396667,-5.0354,0.8858692601964469
32.61,0.626465,0.552979,0.353027,-5.645751,-11.505126,-5.584716,0.9071230530611599
32.62,0.661133,0.569092,0.36084,-3.005981,-4.219055,-5.233764,0.9440169774707444
32.63,0.706543,0.576172,0.293701,-2.151489,6.904602,-2.075195,0.9578295578201792
32.64,0.753174,0.597168,0.321289,-5.233764,9.658813,1.091003,1.013463031403218
32.65,0.765137,0.629883,0.35791,-5.348205,4.188538,-1.518249,1.053701471270682
32.66,0.72876,0.629883,0.357666,-1.220703,-3.227234,-4.753113,1.0275060578142592
32.67,0.693359,0.617188,0.377441,1.403808,-8.453369,-5.859375,1.0020625922096882
32.68,0.700684,0.613037,0.314453,3.608703,-8.544922,-6.362915,0.9826765085387968
32.69,0.723633,0.584229,0.265625,7.17163,-5.760192,-5.760192,0.9672253531390707
32.7,0.738281,0.564209,0.276611,7.728576,-5.393981,-5.493164,0.9694866043236492
32.71,0.716553,0.56958,0.269287,3.845215,-7.621765,-4.981995,0.9541410097978181
32.72,0.709961,0.58252,0.287354,0.038147,-11.970519,-3.990173,0.9622611356783562
32.73,0.720459,0.604736,0.320068,-1.533508,-15.052794,-4.356384,0.9935845837174608
32.74,0.741699,0.622314,0.311768,-0.343323,-18.836975,-5.187988,1.017148665152248
32.75,0.783936,0.606445,0.280029,2.410889,-22.216795,-4.943848,1.029925934697248
32.76,0.794678,0.5625,0.240479,3.883362,-21.278379,-3.303528,1.0028706412718442
32.77,0.807861,0.532959,0.245361,2.975464,-21.293638,-1.38092,0.9984421422010391
32.78,0.743652,0.54541,0.287842,-1.075745,-20.011902,-2.227783,0.9660969838313336
32.79,0.676758,0.587158,0.341064,-4.318237,-16.403198,-3.829956,0.9586868934245424
32.8,0.678711,0.618164,0.347656,-2.532959,-8.19397,-3.616333,0.9816516931951985
32.81,0.718994,0.616699,0.293701,1.449585,-0.808716,-4.302979,0.9917309645453247
32.82,0.769775,0.598389,0.236328,3.364563,-4.142761,-4.104614,1.0032317127812496
32.83,0.736572,0.592285,0.276123,1.823425,-11.840819,-4.470825,0.984674435302349
32.84,0.714111,0.597656,0.324219,0.968933,-18.592834,-3.608703,0.9860350777827328
32.85,0.694336,0.595459,0.360352,1.327515,-20.027161,-1.937866,0.9831212872687682
32.86,0.699951,0.609131,0.353516,0.87738,-18.791199,-1.327515,0.9929479038791511
32.87,0.739746,0.612793,0.289307,2.067566,-14.663695,-2.525329,1.0032138085243842
32.88,0.751221,0.601074,0.229492,2.334595,-9.895325,-3.723144,0.9890851947031661
32.89,0.720459,0.593018,0.197998,0.114441,-8.644104,-3.890991,0.9539049884600668
32.9,0.608154,0.591064,0.210205,-4.150391,-10.261535,-2.456665,0.8737242596134092
32.91,0.637451,0.607178,0.247803,-5.645751,-23.750303,0.770569,0.9145573945324591
32.92,0.695068,0.578613,0.325684,0.167847,-19.042969,-1.152039,0.9612401345392316
32.93,0.667236,0.579102,0.315674,3.097534,0.62561,-1.167297,0.9381967173125262
32.94,0.796387,0.588135,0.321777,3.639221,4.447937,1.930237,1.040997343763662
32.95,0.8479,0.59375,0.251221,3.456115,7.164001,1.89209,1.0651692181719299
32.96,0.827637,0.57666,0.206055,3.608703,8.422852,-0.495911,1.0295525350335453
32.97,0.835449,0.570068,0.15918,2.456665,3.890991,-3.044128,1.0238607466960534
32.98,0.882324,0.55542,0.10083,2.593994,-7.92694,-5.210876,1.0474510519714035
32.99,0.831299,0.545654,0.210449,2.929687,-23.674009,-10.581969,1.0164079381419646
33.0,0.746582,0.575439,0.332275,3.318786,-41.503902,-15.472411,0.9994605550345647
33.01,0.696533,0.598633,0.367432,5.271911,-49.140926,-13.740539,0.9892047125858225
33.02,0.675781,0.612305,0.39502,8.018494,-45.112606,-11.604308,0.9937998658613313
33.03,0.693604,0.620605,0.384766,13.710021,-43.907162,-11.032104,1.0071156585005516
33.04,0.741211,0.603516,0.344482,22.315977,-51.185604,-11.276244,1.016018285810349
33.05,0.813965,0.577148,0.311768,26.840208,-64.155579,-11.352538,1.0453889806923546
33.06,0.773438,0.569824,0.240723,23.208616,-73.432922,-9.674072,0.990380378212836
33.07,0.695557,0.593994,0.233887,15.73944,-79.734802,-5.775451,0.9441035647925496
33.08,0.662842,0.621582,0.276123,9.429932,-73.402405,-2.5177,0.9497197538310972
33.09,0.683838,0.634766,0.279053,6.91986,-54.88586,-3.601074,0.9738751777353194
33.1,0.743652,0.631104,0.258057,8.842468,-39.901733,-6.790161,1.008912271294685
33.11,0.807129,0.621826,0.307373,11.360168,-35.461426,-10.604857,1.0642382055000656
33.12,0.861572,0.623047,0.348877,11.573791,-43.380733,-14.389037,1.1190214638343627
33.13,0.897217,0.62207,0.261719,12.20703,-59.387203,-18.249512,1.122704887737646
33.14,0.858887,0.618164,0.167969,11.970519,-74.150085,-21.438597,1.0714603094030128
33.15,0.789795,0.642578,0.134521,9.460449,-87.928764,-22.727964,1.0270241124481938
33.16,0.700928,0.643311,0.092285,5.653381,-94.520561,-21.759031,0.9558585800891259
33.17,0.603027,0.626953,0.049072,1.457214,-86.997978,-21.14105,0.8712747489294064
33.18,0.579346,0.607666,0.083008,1.88446,-68.649292,-21.446226,0.8436765276668541
33.19,0.65918,0.602783,0.11792,1.586914,-44.616695,-21.530149,0.9009832095488794
33.2,0.698486,0.629883,0.043945,-7.751464,-28.945921,-20.233152,0.9415765762326503
33.21,0.682861,0.656006,-0.127686,-20.286558,-37.17804,-19.035339,0.9554824603063105
33.22,0.652832,0.733643,-0.187256,-20.759581,-59.005733,-22.53723,0.9997432076333402
33.23,0.723389,0.744873,-0.015625,3.730774,-77.980042,-31.272886,1.0384467112351023
33.24,0.723633,0.664551,0.109863,29.136656,-71.289063,-34.294128,0.9886064075550998
33.25,0.66626,0.633789,0.132324,31.394957,-49.697872,-28.717039,0.9290320366365199
33.26,0.60376,0.643555,0.092041,26.397703,-21.713255,-21.965025,0.8872207849830841
33.27,0.589111,0.634033,-0.084473,30.639647,-2.716064,-16.319275,0.8695891576710233
33.28,0.575439,0.655762,-0.161621,35.858154,7.766723,-7.949829,0.8872852929052752
33.29,0.512695,0.638184,-0.225586,45.661922,20.118711,-4.577637,0.8491313351166591
33.3,0.405518,0.612549,-0.32251,54.832455,18.821716,-7.888793,0.8022928553994483
33.31,0.385986,0.662598,-0.218506,59.341427,-3.990173,-5.455017,0.7973494678219833
33.32,0.493896,0.671631,-0.014893,60.073849,-26.168821,12.199401,0.8338124851703769
33.33,0.658447,0.611572,0.006104,48.049923,-35.705566,39.527893,0.8986712534675848
33.34,0.739502,0.541748,-0.113037,30.769346,-23.475645,47.988888,0.9236511608161384
33.35,0.716064,0.483643,-0.207764,15.174865,-3.952026,33.111572,0.8887204753132449
33.36,0.701172,0.481934,-0.196289,-0.694275,-7.690429,20.469664,0.8731734795909688
33.37,0.683594,0.521484,-0.184326,-10.719298,-30.143736,20.019531,0.8793306507611344
33.38,0.685303,0.551025,-0.140869,-14.160155,-56.236263,25.169371,0.8905688224921193
33.39,0.648438,0.592285,-0.089844,-20.454405,-71.250916,36.605835,0.8828053609969753
33.4,0.630615,0.674072,-0.081055,-28.793333,-74.882507,45.478817,0.9266165617093189
33.41,0.626221,0.741455,-0.008545,-30.998228,-67.565918,40.435787,0.9705571981552659
33.42,0.573975,0.760742,0.098145,-30.357359,-39.642334,32.546997,0.9580230332377192
33.43,0.545898,0.756348,0.106689,-32.112122,6.500244,26.901243,0.9388554021940759
33.44,0.715576,0.76709,0.084717,-33.226013,56.320187,29.151915,1.0524509727132187
33.45,1.024658,0.784668,0.006836,-25.581358,107.246391,42.098995,1.2906101727803017
33.46,1.189941,0.756104,0.012695,-6.370544,159.439087,43.457027,1.4098985797999797
33.47,1.109375,0.743896,-0.002441,8.285522,185.485825,22.453306,1.335702102986291
33.48,1.021484,0.70459,0.074951,13.183593,143.249512,2.319336,1.2431791032498094
33.49,0.841553,0.624023,0.158447,13.038634,58.471676,-1.075745,1.0595855832102474
33.5,0.648193,0.572998,0.252197,14.381408,-28.678892,2.624511,0.901157145042972
33.51,0.626221,0.561279,0.340576,22.796629,-81.93969,0.869751,0.9072920524605074
33.52,0.741455,0.547119,0.33667,36.6745,-78.842163,5.554199,0.9810409808392307
33.53,0.80127,0.510986,0.194336,47.157284,-33.02002,16.120911,0.9700034979277137
33.54,0.710938,0.451172,0.047363,45.890804,15.571593,18.058777,0.8433458763739822
33.55,0.611816,0.414063,0.011475,34.049988,43.899532,12.977599,0.7388495526492522
33.56,0.575439,0.419678,-0.007813,19.91272,63.560482,13.862609,0.7122644939725692
33.57,0.598877,0.434326,0.039795,6.790161,90.858452,22.041319,0.7408619152244229
33.58,0.745605,0.4646,0.074463,-5.432128,130.554199,28.434752,0.8816602034763733
33.59,0.847168,0.498779,0.060059,-14.877318,178.405746,27.809141,0.9849269996025086
33.6,0.926514,0.510742,0.107666,-26.321409,198.448166,21.987913,1.063427266114613
33.61,1.150879,0.493652,0.135742,-44.090267,165.00853,20.301817,1.259619252119068
33.62,1.407959,0.461426,0.102783,-62.553402,85.266106,24.505613,1.4852026273360817
33.63,1.42041,0.44043,0.053223,-75.485229,-13.206481,23.208616,1.488077901431575
33.64,1.16748,0.401367,0.033691,-88.172905,-91.270439,7.133483,1.2350061143856739
33.65,0.880371,0.456543,0.013916,-106.193535,-129.394531,-11.848449,0.9918055573276447
33.66,0.670654,0.574951,0.060791,-116.943352,-125.28228,-15.251159,0.8854608889149197
33.67,0.596191,0.67627,0.117676,-113.006584,-83.259575,-6.004333,0.9091933030753141
33.68,0.629883,0.717041,0.076172,-92.842094,-19.325256,7.751464,0.9574458537974877
33.69,0.676025,0.638428,0.072754,-59.852596,32.295227,20.942686,0.932680682937628
33.7,0.8125,0.589111,0.278564,-32.104492,35.644531,30.624388,1.0415401684126255
33.71,0.991455,0.663086,0.5625,-15.953063,11.398314,26.81732,1.3187389091177222
33.72,0.994629,0.733643,0.653076,-11.245727,-9.773254,2.227783,1.3978652155576374
33.73,0.822021,0.736572,0.556641,-12.954711,-25.161741,-14.930724,1.236165862053309
33.74,0.711914,0.7146,0.477295,-11.58142,-33.531189,-11.726378,1.115923483228577
33.75,0.685303,0.695313,0.388672,-5.523681,-21.64459,-6.835937,1.0507931734466112
33.76,0.713623,0.645508,0.155029,5.195617,4.180908,-5.577087,0.974665252809394
33.77,0.783936,0.558594,-0.015625,19.927979,22.872923,-3.814697,0.9627185723548705
33.78,0.875244,0.487549,0.085449,19.348145,8.857727,1.930237,1.0055136093251051
33.79,0.888916,0.50415,0.189209,7.17926,-18.066406,-6.996154,1.0392973218655959
33.8,0.773682,0.480225,0.159668,-4.66156,-43.487545,-20.164488,0.924496488891656
33.81,0.716553,0.425293,0.023926,-17.028809,-69.68689,-24.80316,0.833603497553843
33.82,0.771973,0.441406,0.040283,-27.832029,-78.582764,-23.262022,0.8901709328291955
33.83,0.877197,0.505127,0.172119,-36.239624,-72.303772,-14.785766,1.0267681398928385
33.84,0.865234,0.545166,0.124268,-41.542049,-71.82312,-6.553649,1.0301836623321106
33.85,0.793701,0.528564,-0.020752,-42.480465,-101.051323,-5.676269,0.9538195977232802
33.86,0.842529,0.523682,-0.052002,-33.355713,-139.801025,-11.032104,0.9933791627414982
33.87,0.874023,0.521484,0.020752,-11.520385,-153.129578,-15.312194,1.017984485288946
33.88,0.820313,0.475098,0.185791,8.010864,-147.636414,-9.468079,0.9659968029212105
33.89,0.74707,0.437256,0.093018,11.154174,-137.413025,3.814697,0.8706082602181076
33.9,0.761963,0.479736,-0.202393,7.621765,-108.993523,-0.450134,0.922874406143111
33.91,0.818848,0.523682,-0.158936,11.863708,-65.536499,-13.618468,0.984893667521525
33.92,0.781006,0.47876,0.022461,20.111082,-37.185669,-9.689331,0.9163438252953965
33.93,0.691406,0.476807,-0.023682,20.950315,-25.764463,-0.114441,0.8402071228030621
33.94,0.669434,0.529053,-0.177002,11.695861,-21.461485,-1.647949,0.8714176181194639
33.95,0.669189,0.545898,-0.185059,13.252257,-17.494202,-9.811401,0.8832130986381486
33.96,0.683838,0.520752,-0.133057,21.14105,-20.88928,-11.45172,0.8697822836762082
33.97,0.75415,0.513428,-0.060547,26.321409,-27.44293,-12.321471,0.91433936418214
33.98,0.875,0.534912,0.171875,29.434202,-30.96771,-15.037536,1.0398542510222286
33.99,1.031006,0.575439,0.255615,25.108335,-36.148071,-12.893676,1.2080738565923856
34.0,1.094971,0.578613,0.053955,14.747619,-43.380733,-11.314391,1.2396231833242712
34.01,0.974854,0.55542,0.012939,4.432678,-52.673336,-17.837524,1.1220512980416715
34.02,0.842529,0.622314,0.175537,-3.280639,-54.962154,-23.53668,1.0620466415398149
34.03,0.78833,0.70752,0.271729,-3.311157,-43.762203,-21.659849,1.0935654478544026
34.04,0.675049,0.708252,0.118896,-0.076294,-30.944822,-16.571045,0.9856207722653779
34.05,0.61792,0.669189,-0.114258,-4.760742,-30.075071,-11.177062,0.9179836244100437
34.06,0.702881,0.661621,-0.162598,-9.269714,-28.396605,-6.629943,0.978888225185082
34.07,0.902588,0.633789,-0.075439,-5.149841,-26.710508,-6.271362,1.1054612779224788
34.08,0.985596,0.588867,-0.060303,-5.516052,-31.311033,-9.468079,1.1496957296232773
34.09,0.859131,0.630371,-0.108643,-15.762328,-47.019955,-9.414673,1.0711101597179442
34.1,0.642578,0.670654,-0.199951,-21.240232,-55.435177,-4.554749,0.950086141463499
34.11,0.534424,0.662842,-0.202881,-17.38739,-36.392212,0.12207,0.8752880833765533
34.12,0.625732,0.634521,-0.137939,-9.300232,0.030518,0.785828,0.9017674883172491
34.13,0.661133,0.610352,-0.089355,-4.302979,33.798218,0.389099,0.9042182942287775
34.14,0.620605,0.613281,-0.043945,-5.111694,47.142025,4.264832,0.8736105047508299
34.15,0.636719,0.61377,-0.010986,-4.104614,47.607418,6.835937,0.8844463748905301
34.16,0.693848,0.596924,0.008301,-1.235962,53.276058,7.919311,0.9153208265307854
34.17,0.741455,0.577148,0.04248,-2.883911,71.556091,10.772704,0.9405635977056522
34.18,0.712402,0.585449,0.06958,-9.117126,101.34124,16.326904,0.9247207781838798
34.19,0.647217,0.617188,0.027588,-17.524719,132.820129,24.894712,0.8947468749188231
34.2,0.637695,0.63208,-0.040527,-22.850035,164.74913,33.004761,0.8987894509583432
34.21,0.629395,0.605713,-0.042236,-21.980284,202.980026,38.719177,0.874534266961564
34.22,0.63208,0.559814,0.047852,-18.463135,226.936325,40.740963,0.8456989150400986
34.23,0.654785,0.527832,0.091309,-11.070251,223.823532,39.054871,0.8459830671650584
34.24,0.642822,0.532471,0.109863,-5.020141,214.332565,33.554077,0.8419117342655346
34.25,0.626709,0.479492,0.268799,4.272461,211.563095,22.018431,0.8336244065201066
34.26,0.605225,0.39502,0.383789,18.623352,220.252975,-0.312805,0.8183105141362904
34.27,0.659424,0.369141,0.459961,5.332946,232.368454,-10.993957,0.8846859392903225
34.28,0.797363,0.441162,0.434814,-1.678467,218.070969,-11.970519,1.009690486539811
34.29,1.009277,0.526367,0.181152,9.07135,159.797668,-3.211975,1.1526136944015544
34.3,1.169434,0.530029,0.068359,30.479429,81.970207,1.655578,1.2857603097303947
34.31,1.050537,0.498535,0.235352,48.484798,19.104004,-10.520934,1.1864045256564053
34.32,0.878174,0.498047,0.322266,45.684811,-30.647276,-25.0473,1.059762125781536
34.33,0.908203,0.543457,0.291016,30.708311,-62.057491,-26.748655,1.0976650273712834
34.34,0.924316,0.601074,0.182129,17.562866,-45.913692,-26.473997,1.1175065968364573
34.35,0.741455,0.643066,0.135254,4.974365,-7.476806,-21.224974,0.9907487279310532
34.36,0.685547,0.656982,0.187744,3.005981,3.067016,-10.719298,0.9679090076391479
34.37,0.671143,0.64209,0.265137,13.053893,6.393432,-10.169982,0.9659244915199118
34.38,0.630127,0.624023,0.38916,27.19879,10.055541,-21.606443,0.9684576636373942
34.39,0.684326,0.616455,0.526123,40.283199,5.607605,-31.051634,1.0607187433198304
34.4,0.746582,0.628662,0.569824,49.308773,-6.332397,-26.206968,1.1301769701882975
34.41,0.726318,0.667725,0.554932,53.428646,-26.618956,-9.94873,1.1319646802674543
34.42,0.671143,0.706787,0.297852,53.695675,-48.912045,3.959656,1.0191646597689699
34.43,0.728271,0.642822,-0.097656,61.309811,-63.591,8.766174,0.9762865703578023
34.44,0.81958,0.480713,-0.373779,72.296143,-61.775204,8.964539,1.0210323724593653
34.45,0.843262,0.343506,-0.428955,65.52124,-56.190487,8.674622,1.0065235042983347
34.46,0.821045,0.298584,-0.291016,34.866333,-59.379574,8.804321,0.9208461377108556
34.47,0.776123,0.328857,-0.22876,-4.959106,-65.391541,2.792358,0.8734099697038041
34.48,0.83374,0.392334,-0.148193,-29.258726,-73.265076,-1.701355,0.9332789081539345
34.49,0.903564,0.457764,0.043945,-31.204222,-79.109192,3.463745,1.0138574578396118
34.5,0.892578,0.495605,0.217773,-25.253294,-79.88739,11.970519,1.0439084642045968
34.51,0.886963,0.491455,0.336182,-22.628782,-80.253601,15.945434,1.0682928987492146
34.52,0.9104,0.464111,0.295654,-21.499632,-78.521729,10.147094,1.0637849726504882
34.53,0.890625,0.421875,0.066162,-22.087095,-71.479797,-1.022339,0.9877088723373907
34.54,0.865723,0.391113,-0.074219,-27.053831,-66.291809,-9.902954,0.9528662820453876
34.55,0.856934,0.4104,0.003662,-34.103394,-60.707088,-13.992309,0.9501460154102631
34.56,0.765625,0.476807,0.062256,-39.810181,-49.72076,-14.915465,0.9041030723374409
34.57,0.652832,0.546143,0.108643,-44.654842,-42.16766,-14.663695,0.8580589129669361
34.58,0.600586,0.607422,0.249512,-49.789425,-33.119202,-14.129638,0.8898995828878672
34.59,0.63501,0.655273,0.366211,-54.496761,-6.134033,-12.21466,0.9832247460016453
34.6,0.656738,0.709961,0.415771,-57.502743,45.852657,-9.338379,1.0527178855733383
34.61,0.531982,0.791016,0.322754,-55.313107,108.459465,-14.73236,1.006420044065101
34.62,0.41748,0.872314,0.13916,-44.616695,148.139954,-24.658201,0.9770295648525689
34.63,0.43335,0.882324,0.010742,-24.757383,160.461426,-27.603148,0.9830581132567902
34.64,0.531006,0.780273,-0.036133,-1.625061,167.762741,-26.069639,0.9445098836190122
34.65,0.628662,0.676758,-0.023438,15.151977,190.948471,-22.789,0.9239949354038689
34.66,0.716309,0.666992,0.089111,17.089844,215.187057,-25.726316,0.982811111997621
34.67,0.747803,0.665039,0.371826,-0.87738,207.359299,-33.531189,1.0675864239517099
34.68,0.772217,0.731201,0.489014,-27.893064,159.225464,-26.718138,1.1705164200838876
34.69,0.799561,0.921631,0.292236,-31.333921,87.493889,-9.391785,1.2546327640301762
34.7,0.92627,0.977051,0.141846,-8.110046,-5.531311,0.961304,1.3537817612957415
34.71,0.929688,0.924316,0.18335,17.89093,-82.695,5.432128,1.3237435807965228
34.72,0.864502,0.830566,0.436279,34.751892,-134.971619,4.043579,1.2757519171849203
34.73,0.719238,0.737305,0.720215,34.980774,-156.036377,-1.937866,1.2568339627389133
34.74,0.639648,0.700928,0.894531,18.798828,-156.455994,-3.410339,1.3040840981504989
34.75,0.595703,0.895752,0.766846,-4.53949,-147.201538,3.128052,1.3210929177877686
34.76,0.614502,1.14209,0.317871,-6.156921,-145.812988,10.56671,1.335299310546141
34.77,0.745361,1.057373,0.044434,19.050598,-158.828735,17.471313,1.294440057247148
34.78,0.740479,0.819824,0.08374,34.622192,-177.749619,23.727415,1.107895720732326
34.79,0.598633,0.666016,0.090576,28.167723,-191.192612,20.400999,0.9000793257935659
34.8,0.407227,0.591064,0.134033,14.09912,-184.150681,10.32257,0.7301748603683915
34.81,0.303223,0.562256,0.141846,1.106262,-149.391174,2.189636,0.6543670873301927
34.82,0.373535,0.555908,0.163086,-2.319336,-97.618095,2.754211,0.6893178831896065
34.83,0.587402,0.593994,0.212402,2.39563,-45.272823,6.576538,0.861965539475912
34.84,0.783936,0.641357,0.246826,7.858276,-12.268065,8.766174,1.042505409012826
34.85,0.834961,0.667236,0.245117,12.153625,-11.016845,10.44464,1.096561031090381
34.86,0.764404,0.664063,0.212891,13.389586,-27.778624,14.381408,1.0347056204863294
34.87,0.763184,0.63623,0.093506,10.131835,-45.394894,19.042969,0.9979888790923472
34.88,0.780518,0.595459,0.049805,6.500244,-42.4118,20.240782,0.9829854052985731
34.89,0.756592,0.585938,0.11084,4.081726,-18.959045,16.288757,0.9633484831087865
34.9,0.830566,0.621094,0.112305,5.393981,9.208679,11.535644,1.0431730681996159
34.91,0.975342,0.643066,0.093262,7.743835,26.199339,14.373778,1.1719742735930683
34.92,0.946045,0.654297,0.165039,5.004883,19.371033,17.280579,1.162042846781047
34.93,0.781982,0.667725,0.255615,0.205994,-14.038085,9.880066,1.059571400224638
34.94,0.747803,0.662109,0.22168,0.045776,-50.743099,2.571106,1.0231029650479955
34.95,0.751221,0.64917,0.067139,3.082275,-50.155636,7.263183,0.9951192516789132
34.96,0.562256,0.624512,-0.050049,3.913879,-13.236999,10.833739,0.841814676803036
34.97,0.438965,0.584229,-0.189209,3.173828,20.477293,8.018494,0.7548601468795396
34.98,0.521973,0.525879,-0.462891,3.509521,35.957336,16.944885,0.8736547448798067
34.99,0.627441,0.45166,-0.468994,-2.777099,42.053219,30.197142,0.904231350992101
35.0,0.713867,0.481934,-0.169434,-21.553038,35.385132,25.077818,0.8778236465264535
35.01,0.712402,0.630859,-0.068115,-37.147522,13.420104,8.491516,0.954012232998089
35.02,0.615479,0.703125,-0.083984,-34.347534,-4.928589,-0.602722,0.9382177131785565
35.03,0.585449,0.686523,-0.085938,-25.825499,-7.637023,4.394531,0.9063386237902477
35.04,0.654541,0.657715,-0.084229,-24.848936,16.120911,14.335631,0.93172284846246
35.05,0.644531,0.687012,-0.049805,-34.843445,54.267879,25.817869,0.9433378165482394
35.06,0.810059,0.779053,0.06665,-44.631954,63.400265,33.958435,1.1258602856438271
35.07,1.040771,0.868652,-0.011719,-36.941528,46.188351,30.044554,1.3556909332535936
35.08,1.17041,0.800537,-0.106689,-8.377075,6.950378,12.176513,1.4220061881686732
35.09,1.253906,0.64209,0.063232,12.916564,-41.900631,-15.411376,1.4101624412669627
35.1,1.14917,0.576416,0.166504,12.527465,-73.608398,-38.917542,1.2963682640253116
35.11,0.969727,0.562012,0.134521,6.126403,-89.202873,-45.936581,1.128859531613212
35.12,0.781982,0.592285,0.074951,2.311707,-81.619255,-40.000916,0.9838267235392623
35.13,0.655273,0.648438,0.031982,1.922607,-62.980648,-29.609678,0.922430155999358
35.14,0.726807,0.672607,0.053711,2.609253,-51.139828,-17.883301,0.9917325562968072
35.15,0.80835,0.719482,0.1521,-0.778198,-35.896301,-9.643555,1.092803038440139
35.16,0.731934,0.773438,0.125977,-6.462097,-26.489256,-6.79779,1.0722891050127292
35.17,0.716064,0.743652,-0.032959,-9.140015,-44.036861,-1.434326,1.0328853977479786
35.18,0.718506,0.686523,-0.085205,-12.153625,-72.776794,9.437561,0.9974089399990357
35.19,0.731201,0.639893,0.014404,-14.739989,-106.399529,17.00592,0.9717640809713024
35.2,0.774658,0.61377,0.094971,-10.726928,-131.889343,18.257141,0.9928887755962397
35.21,0.688477,0.642822,0.125488,-3.669739,-118.400566,10.31494,0.950246253008661
35.22,0.589844,0.712646,0.109375,4.15802,-75.950623,0.610352,0.9315273244929534
35.23,0.5896,0.731445,0.023682,19.500732,-24.475096,0.015259,0.9397876276845742
35.24,0.638916,0.68335,0.067383,38.955688,8.743286,3.517151,0.9379346172548491
35.25,0.763184,0.652832,0.166504,53.092953,14.991759,1.228333,1.0180191648962214
35.26,0.897949,0.645508,0.133301,57.601925,13.488769,0.816345,1.1138950315294525
35.27,0.922852,0.645508,-0.005371,53.146358,-0.015259,7.80487,1.126217225764639
35.28,0.882813,0.610352,-0.013184,46.539303,-32.12738,11.589049,1.0733415927508818
35.29,0.792725,0.564697,0.093506,41.870113,-68.29834,14.015197,0.9777724681489043
35.3,0.641602,0.546631,0.00708,33.348083,-84.58709,20.355223,0.8429167829418276
35.31,0.467773,0.508301,-0.20459,19.172668,-77.796936,27.465818,0.7204433039663843
35.32,0.440918,0.456787,-0.278076,7.720947,-61.69128,28.572081,0.6931012248358821
35.33,0.545166,0.403809,-0.291504,2.250671,-34.385681,25.360106,0.7384052126393745
35.34,0.5979,0.342285,-0.228271,-0.076294,-3.486633,20.248411,0.7257761918566907
35.35,0.5625,0.311768,-0.079102,-3.593445,16.242981,9.353638,0.6479681027859319
35.36,0.630127,0.32373,-0.0625,-7.797241,27.221678,-1.808166,0.7111732552824241
35.37,0.845703,0.32959,-0.22168,-6.683349,43.434139,-1.083374,0.9343367458839452
35.38,0.989014,0.306152,-0.143799,-0.419617,56.983944,5.134582,1.0452539843028583
35.39,0.968262,0.304688,0.008789,1.243591,51.429745,-0.038147,1.0151075433218886
35.4,0.789063,0.29248,-0.029541,-1.770019,34.461975,-7.476806,0.8420437275165702
35.41,0.700928,0.29126,-0.038574,-5.279541,29.380796,-13.488769,0.7600134224209465
35.42,0.856201,0.346191,0.116943,-6.92749,55.27496,-20.39337,0.9309156922788443
35.43,1.02832,0.448242,0.344727,-6.683349,101.402275,-22.071836,1.1735414852032287
35.44,1.044189,0.605469,0.383301,-13.34381,108.238213,0.549316,1.2664292456679134
35.45,1.155762,0.681152,0.164795,-18.035889,33.630371,35.041809,1.3516328050816908
35.46,1.080322,0.554932,-0.069824,-8.720398,-51.124569,42.678829,1.2165198474681784
35.47,0.925537,0.401367,-0.213379,-1.052856,-92.468254,23.643492,1.0311376264587575
35.48,0.817139,0.408203,-0.203613,-1.457214,-90.370171,13.381957,0.93584405127083
35.49,0.627197,0.489258,-0.070557,-2.815246,-58.723446,11.474608,0.7985785857522102
35.5,0.525635,0.541992,-0.073975,-0.640869,-26.741026,12.260436,0.7586302010294608
35.51,0.53833,0.526123,-0.180176,8.842468,-2.830505,22.02606,0.773994826213328
35.52,0.677246,0.469238,-0.171875,16.227722,17.333984,23.368834,0.8416575674138503
35.53,0.918945,0.447998,-0.08667,17.311096,34.790039,14.701842,1.0259989327133825
35.54,1.037598,0.42627,-0.052734,15.907287,38.101196,9.895325,1.1229855730417913
35.55,1.005371,0.366211,-0.106934,10.116576,20.568846,9.681702,1.0753214517147884
35.56,0.993164,0.352783,-0.192383,0.953674,-1.411438,9.864807,1.07137378849494
35.57,1.035156,0.39917,-0.219727,-3.089905,-16.365051,10.078429,1.131001586101894
35.58,1.003662,0.428467,-0.273926,3.494262,-35.163879,7.04956,1.1251474720271117
35.59,0.85498,0.406006,-0.254639,12.931823,-60.31036,0.801086,0.9801391190831024
35.6,0.753174,0.393555,-0.106689,13.778686,-78.689575,-4.28009,0.8564690041221573
35.61,0.813965,0.441406,-0.045166,6.484985,-70.518494,-4.432678,0.9270481355447516
35.62,0.726807,0.521729,-0.054932,-1.625061,-41.122433,3.944397,0.8963632574542533
35.63,0.689453,0.595459,-0.001221,-4.379272,-32.455444,15.518188,0.9109985459543829
35.64,0.848633,0.646729,0.092041,1.106262,-37.04834,19.981384,1.0709378664567801
35.65,0.955322,0.637695,0.102539,14.137267,-38.528442,17.570496,1.1531735702963366
35.66,0.816406,0.552979,0.089355,26.023863,-37.605286,9.460449,0.9900953728313248
35.67,0.75708,0.472168,-0.036865,28.32794,-40.122986,-1.579285,0.893012751784094
35.68,0.868164,0.445557,-0.23584,25.634764,-29.121397,-7.667541,1.0039174651060714
35.69,0.85376,0.449951,-0.320068,24.513243,-9.780884,-7.232666,1.0167622950449136
35.7,0.835205,0.463623,-0.378418,23.223875,-11.100768,-7.270813,1.027479372482971
35.71,0.852539,0.464111,-0.375,22.689817,-24.337767,-10.917663,1.0405992345000068
35.72,0.809082,0.423584,-0.350586,25.474546,-34.584045,-17.105103,0.9782370015369487
35.73,0.684814,0.351074,-0.317139,30.105589,-35.797119,-22.270201,0.8323462701262018
35.74,0.565674,0.304932,-0.16626,30.914305,-21.89636,-25.588987,0.6637868532141926
35.75,0.58374,0.362305,-0.144043,24.604795,5.950927,-27.000425,0.7019727106333978
35.76,0.738037,0.479004,-0.232666,20.156858,32.348633,-22.15576,0.9100971997215462
35.77,0.967773,0.594482,-0.14502,25.482176,33.805847,-9.803772,1.1449996629925268
35.78,1.111816,0.634277,-0.108154,34.805298,13.153075,-2.731323,1.284577525220257
35.79,0.854736,0.596436,-0.212891,37.757874,-9.338379,-5.172729,1.0637819840893152
35.8,0.596924,0.545166,-0.314453,28.678892,-39.039612,-9.353638,0.8674127728717165
35.81,0.576172,0.535889,-0.423584,15.61737,-48.995968,-12.351989,0.8936300123434754
35.82,0.593262,0.543457,-0.434814,9.620667,-36.445618,-7.736206,0.9145318617134123
35.83,0.52417,0.532715,-0.359863,8.796692,-23.048399,-0.175476,0.8294822715971693
35.84,0.476074,0.508789,-0.277832,8.148193,-17.097473,3.738403,0.7501355345675873
35.85,0.540527,0.486572,-0.216797,9.82666,-10.162353,5.027771,0.7588957030593861
35.86,0.63208,0.453857,-0.154785,14.114379,4.241943,3.952026,0.7933912648082281
35.87,0.598633,0.412842,-0.068359,14.98413,19.470215,4.165649,0.7303923182331533
35.88,0.557373,0.396729,-0.059082,14.038085,27.06146,7.041931,0.6866944322579003
35.89,0.590332,0.417725,-0.139893,13.023376,31.929014,11.398314,0.7365840734756623
35.9,0.699463,0.438232,-0.185547,12.96997,35.247803,15.502929,0.8460044109825905
35.91,0.815674,0.452881,-0.136963,12.275695,37.582397,20.744322,0.9429656079656352
35.92,0.846191,0.487061,-0.264404,6.828308,32.310486,25.894163,1.0115221705024562
35.93,0.92041,0.540283,-0.525879,-2.479553,17.044067,25.444029,1.18979368414444
35.94,0.942871,0.583008,-0.606445,-11.627196,4.104614,16.63208,1.2635978746143885
35.95,0.877686,0.550781,-0.429199,-13.09204,-12.825011,1.152039,1.121563286737757
35.96,0.671387,0.499512,-0.204346,-2.624511,-26.512144,-13.96942,0.8614116493460022
35.97,0.547607,0.537598,-0.187256,11.337279,-32.875061,-17.456055,0.7899049598458032
35.98,0.54834,0.62207,-0.184326,24.520872,-21.01898,-6.225585,0.8494844994324501
35.99,0.560303,0.669189,-0.17334,41.809078,-3.845215,15.388488,0.8898315150240522
36.0,0.681396,0.571777,-0.243652,64.987183,0.328064,32.585144,0.9222774764944659
36.01,0.886963,0.440186,-0.299316,85.655205,5.41687,28.739927,1.034435665385238
36.02,0.944824,0.380859,-0.210693,92.933647,21.682737,12.054442,1.040258385741735
36.03,0.926758,0.386719,0.017578,86.563103,29.945372,3.440857,1.0043609717671231
36.04,0.950684,0.476807,0.024902,82.267754,32.829285,10.490417,1.063844487088691
36.05,0.868408,0.520508,-0.09375,86.303703,38.18512,26.603697,1.0167841929475496
36.06,0.780518,0.489014,-0.209961,86.540215,30.761717,36.682129,0.9446833660232407
36.07,0.822266,0.451904,-0.284424,84.236137,12.695312,31.440733,0.9804262398304118
36.08,0.922119,0.394287,-0.282959,83.961479,-1.701355,16.700745,1.042032381555871
36.09,0.986084,0.359375,-0.355225,85.525505,-1.564026,0.0,1.1080148222411106
36.1,1.053467,0.29541,-0.284912,88.844292,5.767822,-5.950927,1.1305903926413845
36.11,1.080322,0.311523,-0.245361,79.818726,10.009766,6.607055,1.1508015569740946
36.12,1.142334,0.467773,-0.233154,57.670589,-3.471374,27.709959,1.256224237467579
36.13,1.217285,0.668213,-0.10376,37.765503,-25.268553,40.000916,1.3925004568020793
36.14,1.141113,0.776611,-0.080566,38.818359,-44.883724,27.297972,1.3826620716740587
36.15,0.857178,0.724121,-0.256104,56.617733,-69.152832,-4.165649,1.1509537806276149
36.16,0.761719,0.541992,-0.287354,73.554993,-93.353264,-36.636353,0.9780304107444717
36.17,0.875,0.35376,-0.227051,88.134758,-102.432243,-56.060787,0.9707333795646464
36.18,0.88501,0.228271,-0.216797,87.623589,-95.024101,-53.268429,0.9393355570561566
36.19,0.772949,0.188965,-0.250488,80.42144,-66.436768,-38.131714,0.8342075077401305
36.2,0.623779,0.208496,-0.242676,76.705933,-27.900694,-16.822815,0.7010438387383487
36.21,0.596436,0.251709,-0.239014,67.848206,-12.786864,7.728576,0.6900876864377453
36.22,0.696533,0.290771,-0.248291,63.293453,-19.569397,17.028809,0.7945781366303757
36.23,0.775879,0.282227,-0.21582,57.907101,-26.06201,5.859375,0.8533572373689696
36.24,0.693359,0.25415,-0.121826,46.295162,-21.232603,-14.205932,0.7484520690445046
36.25,0.726563,0.23877,-0.145752,39.68811,-13.97705,-23.117064,0.7785554260121755
36.26,0.811279,0.252441,-0.029785,34.492493,-3.768921,-11.512755,0.8501689364749808
36.27,0.827637,0.390381,0.012207,25.657652,3.593445,8.460999,0.9151662907794408
36.28,0.836914,0.560791,0.08667,17.593384,-1.449585,13.290404,1.011149483497371
36.29,0.879395,0.676025,0.154785,13.427733,-15.792846,-1.869202,1.1199570361737097
36.3,0.989746,0.678711,0.062988,24.574278,-13.885497,-28.137205,1.2017542403424255
36.31,1.018066,0.557617,-0.040283,45.051571,12.611388,-46.272274,1.1614722636094243
36.32,1.017822,0.428467,-0.011475,50.239559,38.635254,-44.723507,1.1043899987767003
36.33,0.994873,0.472656,-0.056396,32.371521,55.198666,-25.459288,1.102885528638852
36.34,1.010986,0.647705,-0.196533,3.227234,54.809566,-8.81958,1.2166510096613572
36.35,1.005615,0.759521,-0.280762,-19.325256,26.771544,-14.869689,1.2911084301134432
36.36,0.878174,0.742432,-0.345459,-28.793333,-7.080078,-34.606934,1.200723435925609
36.37,0.895508,0.662109,-0.419434,-28.717039,-29.495237,-49.285885,1.1900620934644544
36.38,1.065674,0.547119,-0.504883,-17.791748,-39.840698,-52.436825,1.299964275711452
36.39,1.005859,0.419922,-0.433594,-2.609253,-32.157898,-43.609615,1.1730688687374669
36.4,0.883545,0.360596,-0.349609,3.059387,-15.594481,-23.254393,1.0163206654998216
36.41,0.914307,0.425537,-0.462646,-3.593445,15.068053,-3.059387,1.1095406031029238
36.42,0.979004,0.535645,-0.564453,-10.69641,49.97253,5.020141,1.2505884963688096
36.43,0.961914,0.564209,-0.525146,-6.29425,59.707638,-0.679016,1.2326348447099003
36.44,0.903809,0.496826,-0.400635,1.739502,42.739864,-12.855529,1.106442581421196
36.45,0.871094,0.471191,-0.364014,7.728576,16.670227,-26.466368,1.0551454437720895
36.46,0.949463,0.484375,-0.380615,19.004822,-0.167847,-39.329529,1.1317980858876728
36.47,1.049072,0.448486,-0.358154,34.790039,-3.242492,-45.44067,1.1958118752947722
36.48,0.983643,0.380371,-0.3125,48.606869,-13.076781,-39.894104,1.0999508621252134
36.49,0.746338,0.321045,-0.290527,68.267822,-26.039122,-35.03418,0.8628419553997128
36.5,0.639404,0.250488,-0.199219,89.859001,-25.238035,-33.592224,0.7150314142196831
36.51,0.724854,0.204346,-0.080566,97.137444,-21.453856,-28.045652,0.7574044424136949
36.52,0.724121,0.202637,-0.065186,88.287346,-38.414001,-18.486023,0.7547596908990305
36.53,0.511963,0.226563,-0.250732,78.681946,-58.731075,-11.863708,0.6134357685707608
36.54,0.385742,0.274902,-0.489014,70.869446,-45.181271,-7.209777,0.6808103204006237
36.55,0.479248,0.376953,-0.557617,54.908749,-4.806519,-2.204895,0.8262620216384147
36.56,0.612061,0.482178,-0.543945,31.22711,28.373716,4.333496,0.9502580988499914
36.57,0.746582,0.557617,-0.50415,9.689331,46.424862,5.325317,1.0594756362998632
36.58,0.880615,0.624512,-0.39917,-4.043579,68.17627,-0.923157,1.1510146416397145
36.59,1.011719,0.662842,-0.30249,-7.286071,89.523308,-7.04956,1.2467698472552984
36.6,1.083496,0.630615,-0.238037,3.295898,92.041008,-13.908385,1.2760487739933768
36.61,1.086914,0.578125,-0.153076,17.227173,74.882507,-30.784605,1.240581646163202
36.62,1.060059,0.568604,-0.094727,20.88928,61.393734,-49.903866,1.206651895463642
36.63,0.910156,0.549561,-0.054932,9.559631,69.412231,-57.098385,1.0646214170685275
36.64,0.811768,0.571289,-0.063232,-10.360717,92.536919,-59.43298,0.9946540570313883
36.65,0.853027,0.615723,-0.165283,-27.908323,129.737854,-62.179562,1.0649358410472436
36.66,0.933594,0.618652,-0.230957,-36.575317,178.352341,-64.659119,1.1435336417390614
36.67,0.926025,0.614502,-0.242676,-40.77911,229.942307,-59.898373,1.1375529216722184
36.68,0.879395,0.646729,-0.2854,-45.684811,249.992355,-46.82922,1.1282939003052352
36.69,0.877441,0.671143,-0.302002,-38.352966,249.992355,-34.156799,1.145225236769606
36.7,0.799561,0.61377,-0.247559,-13.427733,224.10582,-31.593321,1.0379291228701506
36.71,0.598877,0.443115,-0.126953,9.841919,118.934624,-37.04834,0.7557258951253425
36.72,0.527344,0.241699,0.0625,24.009703,-4.722595,-56.701656,0.5834520982368647
36.73,0.589355,0.133301,0.047852,26.145933,-84.526054,-67.138672,0.6061338849874671
36.74,0.612549,0.168213,-0.159424,20.965574,-86.509697,-49.140926,0.6549258756118894
36.75,0.621094,0.283936,-0.253418,25.619505,-19.523621,-12.809752,0.7284216441430059
36.76,0.700928,0.323242,-0.253662,39.756775,59.646603,27.351377,0.8124837610635673
36.77,0.791748,0.357422,-0.172119,46.363827,98.983757,51.338192,0.8855734479697323
36.78,0.849365,0.423828,-0.043213,43.04504,79.116821,48.507687,0.9502202061511847
36.79,0.953613,0.464355,0.044678,42.686459,18.127441,19.111633,1.061602300053085
36.8,0.990723,0.455078,0.087891,52.291866,-32.562256,-18.463135,1.0937791718139454
36.81,0.894775,0.415039,0.124512,62.141415,-45.280453,-29.380796,0.9941744868432301
36.82,0.790039,0.424805,0.006592,67.359924,-32.142639,-7.400512,0.8970308601213227
36.83,0.874512,0.523438,-0.155762,72.929382,-23.490904,19.477844,1.031028796218612
36.84,1.129639,0.632324,-0.225098,84.526054,-37.750244,27.481077,1.31399658329122
36.85,1.256592,0.652588,-0.150146,99.746696,-66.108704,16.456604,1.4238814464427858
36.86,1.095947,0.592041,-0.041992,104.392998,-96.908562,1.647949,1.246344936425707
36.87,0.757568,0.54834,-0.008301,98.403923,-108.604424,-12.306212,0.9352298844802812
36.88,0.54126,0.603027,-0.083984,83.984367,-91.76635,-24.67346,0.8146516203783063
36.89,0.558594,0.665283,-0.113525,76.629639,-56.678768,-32.585144,0.8760802774574942
36.9,0.684326,0.689453,-0.091797,83.763115,-21.64459,-30.067442,0.9757428978445091
36.91,0.882813,0.694336,-0.170166,96.687309,-0.236511,-25.131224,1.1359655546806864
36.92,1.088135,0.635498,-0.19043,109.687798,4.440308,-30.34973,1.2744249962743983
36.93,1.04834,0.533936,-0.15625,114.532463,-0.808716,-45.326229,1.1868102081613556
36.94,0.885498,0.483154,-0.173828,104.751579,-12.794494,-56.678768,1.0236018118897603
36.95,0.756836,0.534912,-0.22998,86.608879,-16.685486,-58.2962,0.9548939098350141
36.96,0.651123,0.621094,-0.309814,67.718506,-3.608703,-53.932186,0.9516846287300221
36.97,0.633789,0.682617,-0.328857,51.628109,22.041319,-48.133846,0.9878265999956674
36.98,0.635986,0.742188,-0.450928,42.236324,59.68475,-46.752926,1.0764094391652277
36.99,0.76416,0.705566,-0.507324,48.042294,91.484062,-50.506588,1.1572128269821416
37.0,1.046387,0.604248,-0.337891,71.861267,95.42083,-56.518551,1.254675945076656
37.01,1.22876,0.469727,-0.069092,89.218132,66.169739,-60.234066,1.3172958272889959
37.02,1.083984,0.384521,-0.001953,83.526604,32.707214,-68.55011,1.1501658688667475
37.03,0.936768,0.401367,-0.005859,69.465637,12.786864,-75.622559,1.019148704750195
37.04,0.88501,0.457764,-0.006104,67.001343,5.104064,-69.351196,0.9964074661562908
37.05,0.730225,0.468018,-0.029541,69.946289,-3.067016,-59.219357,0.8678375825176045
37.06,0.528564,0.463379,-0.130859,67.909241,-9.681702,-57.968136,0.7149993549773315
37.07,0.4375,0.509766,-0.138672,60.768124,-2.693176,-54.656979,0.6859282384768833
37.08,0.476563,0.585205,-0.123291,57.945248,17.570496,-43.518063,0.7647076929618271
37.09,0.510742,0.581299,-0.046143,63.720699,45.654293,-35.491943,0.7751742348749732
37.1,0.502686,0.508057,0.200439,68.93158,63.774105,-34.164429,0.7422876279219531
37.11,0.57373,0.494629,0.186279,78.37677,64.231873,-34.156799,0.7800793718475063
37.12,0.73291,0.450439,-0.008545,89.920036,62.034603,-27.397154,0.8603053980104971
37.13,0.865234,0.427002,-0.164551,86.029045,67.970276,-25.909422,0.9787939590950692
37.14,0.962646,0.478516,-0.414307,75.35553,83.229057,-36.346436,1.1520916516584088
37.15,0.931885,0.452881,-0.391846,60.569759,114.723198,-44.021603,1.1077247587293513
37.16,0.822754,0.465332,-0.407471,40.031433,153.244019,-39.833069,1.0293156127160417
37.17,0.766602,0.476318,-0.397949,36.727905,197.250351,-28.160093,0.9863675127096391
37.18,0.570313,0.485107,-0.168945,27.236937,240.257248,-11.95526,0.7675468275245492
37.19,0.393311,0.571777,-0.003662,15.61737,249.992355,5.760192,0.693999921249275
37.2,0.467285,0.6604,-0.057373,20.782469,249.67955,16.525269,0.811033348484512
37.21,0.900146,0.666016,-0.100342,49.530025,230.056747,10.147094,1.1242369192194321
37.22,1.372803,0.619141,0.131348,76.766968,171.882614,-8.857727,1.5116798443433717
37.23,1.404785,0.552734,0.195068,77.026367,110.374443,-29.846189,1.5221653312321233
37.24,1.035889,0.494629,-0.033447,62.126156,81.779472,-48.309322,1.1484087119884627
37.25,0.744385,0.500244,-0.183838,54.985043,91.316216,-49.392696,0.9155050507807153
37.26,0.56665,0.522705,-0.220703,62.789913,132.43866,-28.099058,0.8018868709076112
37.27,0.391113,0.537109,-0.147217,71.662903,190.658554,1.945495,0.6805353052847442
37.28,0.21167,0.593506,-0.022461,71.372986,244.323715,28.739927,0.6305220515231802
37.29,0.154053,0.679199,0.090088,67.436218,249.992355,46.630856,0.7022531282621672
37.3,0.500244,0.69165,0.059326,76.347351,248.916611,59.577938,0.8556537595967191
37.31,1.332031,0.605469,0.266602,114.860527,204.56694,68.336487,1.4872713005117795
37.32,2.037354,0.449219,0.437988,156.013489,100.196831,52.360531,2.1317698092010313
37.33,1.458984,0.217041,0.282959,149.703979,7.881164,17.158508,1.5019343872546498
37.34,0.803223,0.078369,0.17041,99.212639,-80.207825,-17.471313,0.8248323805416468
37.35,0.582275,0.201416,0.108398,59.42535,-112.312309,-32.218933,0.6255898872943839
37.36,0.421875,0.437988,0.084229,47.821041,-89.294426,-25.260923,0.6139271359127237
37.37,0.42041,0.63501,0.247559,56.518551,-51.307674,-9.063721,0.8007919371977967
37.38,0.55835,0.733154,0.356201,83.877556,-8.796692,8.94165,0.9880023596211701
37.39,0.663086,0.735107,0.119873,120.399467,33.935547,28.762815,0.9972135583584891
37.4,0.707031,0.685303,-0.06543,147.842407,58.609005,44.921871,0.9868202073680898
37.41,0.684326,0.608643,0.134766,149.368286,33.760071,52.825924,0.9256944692937298
37.42,0.750488,0.53125,0.264648,129.66156,-42.259212,42.312618,0.9568162647802346
37.43,0.910156,0.441162,0.035645,118.164055,-109.497063,12.001037,1.0120664111633189
37.44,1.013428,0.390869,-0.189941,119.49157,-116.538994,-18.035889,1.1026751424721608
37.45,1.0271,0.396973,-0.24585,114.906303,-80.80291,-29.296873,1.1282571494251654
37.46,1.013672,0.405518,-0.253418,102.836601,-34.980774,-27.938841,1.12080170174389
37.47,1.104004,0.420654,-0.189209,88.36364,4.371643,-26.824949,1.1964842938430074
37.48,1.147705,0.476563,-0.041992,73.295593,43.846127,-32.096863,1.2434236559025245
37.49,1.085449,0.60498,0.119141,64.323425,77.354431,-45.69244,1.2483568840207515
37.5,1.093262,0.77002,0.104248,68.901062,85.937492,-55.152889,1.3412756042469423
37.51,1.048828,0.843018,-0.045898,91.468803,73.623657,-48.690792,1.3464123247772206
37.52,0.946533,0.760254,-0.104248,117.774956,43.640133,-37.361145,1.2185148789034133
37.53,0.900391,0.601318,-0.104248,141.273499,-2.479553,-35.171509,1.0877292565289398
37.54,0.84668,0.42334,-0.200928,158.905029,-49.652096,-38.894653,0.9677064840043182
37.55,0.807129,0.262939,-0.306396,158.966064,-81.733696,-38.742065,0.9024813843941601
37.56,0.754883,0.163086,-0.347412,147.81189,-91.232292,-35.888672,0.8468414756192566
37.57,0.734375,0.140381,-0.400391,137.413025,-94.009392,-38.848877,0.8481311329428958
37.58,0.654785,0.15625,-0.279297,123.374931,-99.250786,-45.799252,0.7288101762009089
37.59,0.64502,0.248047,-0.188721,102.97393,-104.583733,-48.629757,0.7163754116732372
37.6,0.820801,0.352783,-0.15332,85.174553,-87.173454,-43.739315,0.9064640914509521
37.61,1.134521,0.497803,-0.343262,87.966911,-40.206905,-42.579647,1.2856027873701892
37.62,1.52002,0.565674,-0.625244,117.561333,11.260985,-47.874447,1.7382111305051522
37.63,1.476318,0.373535,-0.586914,141.189575,55.969234,-57.868954,1.6320267389797878
37.64,1.156738,0.230225,-0.460693,128.982544,65.887451,-76.98822,1.266208668236796
37.65,1.029541,0.269531,-0.318359,100.288383,23.200987,-69.244385,1.1108348587990027
37.66,0.919189,0.395264,-0.240967,90.980522,-34.156799,-31.974791,1.0291778964328762
37.67,0.876953,0.469238,-0.242188,98.022453,-73.928833,-12.062072,1.0236629778384094
37.68,0.808838,0.466797,-0.300293,105.239861,-91.712944,-19.477844,0.9809659705117195
37.69,0.619141,0.385742,-0.380615,111.976616,-94.15435,-35.804749,0.8228002471256314
37.7,0.4375,0.258057,-0.357666,112.632744,-88.287346,-47.264095,0.6212283258231228
37.71,0.396973,0.188721,-0.290527,108.345024,-81.161491,-47.782894,0.5268862460711989
37.72,0.536377,0.203125,-0.312012,107.64312,-66.566467,-43.663021,0.6529253708487671
37.73,0.711914,0.248047,-0.440186,110.450737,-28.114317,-44.075008,0.8729905911297098
37.74,0.737793,0.26416,-0.560791,110.771172,10.787963,-52.87933,0.9636418225305501
37.75,0.698486,0.269531,-0.617676,108.825676,7.064819,-61.462399,0.9705942989390572
37.76,0.654785,0.258057,-0.699219,110.046379,-27.626036,-60.089108,0.9920907324609982
37.77,0.602051,0.205811,-0.768555,106.170647,-61.355587,-52.597042,0.9977476446211236
37.78,0.540283,0.161377,-0.810547,95.931999,-73.043823,-48.934933,0.9873878140968725
37.79,0.452881,0.138672,-0.81665,85.395805,-59.082027,-48.561092,0.9440595035510209
37.8,0.378662,0.13208,-0.769287,75.195313,-35.606384,-44.250484,0.8675439614296212
37.81,0.40918,0.140625,-0.716797,70.06073,-24.009703,-37.467957,0.8372583843915808
37.82,0.401367,0.156982,-0.679932,68.122864,-30.891417,-32.707214,0.8050132555660185
37.83,0.413574,0.172119,-0.676758,64.147949,-62.248226,-28.358458,0.811584742464396
37.84,0.509277,0.178223,-0.698242,58.120724,-101.348869,-24.726866,0.8824218894735103
37.85,0.459717,0.193359,-0.726074,47.248837,-117.034904,-19.836426,0.8808580342177734
37.86,0.222168,0.252441,-0.71875,26.901243,-100.128166,-12.08496,0.7935279712807861
37.87,0.123047,0.36792,-0.628662,4.119873,-67.6651,-4.859924,0.7387297211111788
37.88,0.20166,0.533447,-0.498047,-3.067016,-36.216736,6.584167,0.7571547210564034
37.89,0.32373,0.660645,-0.51416,18.379211,-18.585205,23.574827,0.8975597108410115
37.9,0.335205,0.616211,-0.565918,60.073849,-7.102966,35.163879,0.9012999341340262
37.91,0.246826,0.467285,-0.545898,99.060051,9.613037,31.219481,0.7597914002573338
37.92,0.417236,0.318359,-0.544678,119.461052,34.072876,20.805357,0.7563811580552493
37.93,0.706299,0.23584,-0.587402,121.566765,61.103817,16.738892,0.9484302254805043
37.94,0.831787,0.208984,-0.61792,102.966301,65.811157,4.234314,1.0570567875119103
37.95,0.891602,0.216309,-0.627686,90.141289,36.323547,-8.888245,1.1116354728421542
37.96,0.880371,0.245605,-0.634033,86.685173,-3.112793,-5.989074,1.1123725809075842
37.97,0.759277,0.296143,-0.646484,79.76532,-28.823851,-3.158569,1.0402614101436234
37.98,0.594482,0.345215,-0.655029,75.576782,-37.521362,-7.865905,0.9495500173187298
37.99,0.502441,0.365234,-0.645996,77.865601,-35.087585,-13.206481,0.8961884094614258
38.0,0.435059,0.347168,-0.630859,81.18438,-24.79553,-13.793944,0.8412996086924086
38.01,0.378418,0.333252,-0.610107,80.032349,-7.644653,-10.44464,0.7915097154659568
38.02,0.406006,0.393799,-0.67041,76.36261,17.906189,-8.293152,0.8771363021429451
38.03,0.465088,0.493896,-0.735352,73.905945,58.555599,-7.759094,1.0004912145861151
38.04,0.403076,0.554199,-0.781006,70.098877,119.071953,-10.025024,1.0390270282398817
38.05,0.329102,0.574951,-0.793213,65.765381,185.646042,-17.059326,1.0334716455587931
38.06,0.349121,0.571289,-0.732178,61.94305,238.388046,-22.521971,0.9921397168977765
38.07,0.502686,0.576172,-0.67627,61.927792,249.992355,-24.467466,1.0207881764009612
38.08,0.705566,0.576172,-0.713379,63.652035,249.946579,-23.483274,1.1570251300559553
38.09,0.757568,0.537598,-0.703613,62.484737,239.410385,-29.518126,1.1653291972644468
38.1,0.73291,0.49585,-0.744385,62.484737,198.539719,-48.301693,1.1563448096588664
38.11,0.776611,0.415771,-0.775391,57.479855,153.312683,-57.098385,1.173550754182792
38.12,0.852051,0.346436,-0.761963,42.892452,126.617424,-48.835751,1.1944021190813419
38.13,0.91333,0.350098,-0.818115,30.883787,119.567863,-42.045589,1.275167617111178
38.14,0.856445,0.392334,-0.795166,23.681639,122.51281,-46.813961,1.2327663903339514
38.15,0.841309,0.445068,-0.706787,21.194456,113.426201,-58.334347,1.1855101102369394
38.16,0.901611,0.448486,-0.631348,23.468016,81.970207,-59.349056,1.1885463325512389
38.17,0.84375,0.405762,-0.519775,26.412962,44.93713,-50.910946,1.0708514900624644
38.18,0.745605,0.398926,-0.423828,30.158995,17.524719,-46.295162,0.9458852695147546
38.19,0.743896,0.404053,-0.32251,37.04834,8.392334,-46.70715,0.9058988827264332
38.2,0.85376,0.395996,-0.259521,46.806332,15.876769,-46.95892,0.9762531019448798
38.21,1.028809,0.373047,-0.232666,62.530514,29.71649,-43.983456,1.118814323400447
38.22,1.052734,0.28418,-0.144287,80.253601,41.473385,-42.449947,1.09992085420952
38.23,0.972168,0.18457,-0.056885,90.789787,45.097347,-45.013424,0.9911672958431387
38.24,0.945313,0.127197,-0.041748,90.12603,47.683712,-39.222717,0.9547453274470632
38.25,0.93457,0.118164,-0.092529,90.2481,57.189938,-19.226074,0.9465439406794595
38.26,0.929932,0.113037,-0.087891,93.322746,72.257996,-0.419617,0.9408909160333093
38.27,0.968018,0.106445,-0.056885,98.327629,87.951653,7.453918,0.9755128341410993
38.28,0.99585,0.08667,0.021973,102.996819,94.093315,12.733459,0.9998558516751302
38.29,1.016602,0.063232,0.054443,107.681267,81.695549,18.013,1.0200205647323979
38.3,1.00708,0.032227,0.017822,113.021843,60.340878,24.726866,1.0077531094534016
38.31,0.891846,-0.021729,-0.03125,117.736809,41.91589,30.517576,0.8926578289899216
38.32,0.787354,-0.060791,-0.037109,118.972771,27.786253,33.706665,0.7905687477240674
38.33,0.727295,-0.098389,0.006348,118.087761,17.456055,34.049988,0.7339473478731291
38.34,0.741943,-0.185547,-0.178467,108.673088,9.971619,29.365538,0.785339146195451
38.35,0.837158,-0.244385,-0.49585,89.401237,13.488769,24.711607,1.0032072406482122
38.36,0.805664,-0.267578,-0.4729,72.395325,30.34973,11.726378,0.9717648259635662
38.37,0.804199,-0.270264,-0.442383,60.447689,50.888058,-9.979248,0.9568079117492706
38.38,0.821045,-0.241943,-0.346924,48.629757,56.121822,-12.535094,0.9235840887813086
38.39,0.887451,-0.144287,-0.327637,44.700619,30.441282,4.432678,0.9569399247282977
38.4,1.031006,-0.07373,-0.320801,44.822689,-18.714905,28.320311,1.0822766589634094
38.41,1.140869,-0.090332,-0.240234,40.801998,-78.796387,44.540401,1.1693820248922078
38.42,1.106201,-0.109863,-0.199463,37.513733,-135.238647,48.698421,1.1293963075639126
38.43,0.942139,-0.112793,-0.221191,31.684874,-170.318588,45.730587,0.9743067354026657
38.44,0.805664,-0.080811,-0.326904,24.124144,-166.679367,39.649963,0.8732073773354186
38.45,0.694092,-0.027832,-0.250732,20.400999,-131.729126,36.66687,0.7385153082448597
38.46,0.587402,0.037598,-0.146484,19.973755,-95.489494,36.430359,0.6065577313529191
38.47,0.680908,0.120361,-0.06665,22.239683,-81.771843,40.245052,0.694668768036249
38.48,0.812256,0.251465,-0.200439,28.297422,-81.214897,51.23901,0.8735961586923331
38.49,0.843018,0.311768,-0.472656,36.422729,-76.911926,54.840084,1.0155207178999353
38.5,0.777344,0.255615,-0.633057,37.528992,-28.480528,37.55188,1.0345839201389126
38.51,0.743652,0.249268,-0.785156,32.623291,54.969784,14.144897,1.1097850139842402
38.52,0.949463,0.22583,-0.930664,36.483765,113.479607,-3.311157,1.348560216736724
38.53,1.224854,0.118164,-0.936279,36.399841,136.009216,-7.827758,1.5462368570348466
38.54,1.277832,0.124512,-0.899414,13.664245,147.43042,1.304626,1.5675788343059498
38.55,1.2229,0.243896,-0.831299,-12.832641,152.816772,1.525879,1.4986753138078308
38.56,1.148438,0.345459,-0.770996,-20.072937,148.933411,-11.58142,1.4257231822976717
38.57,1.114258,0.371094,-0.759033,-6.401062,130.386353,-30.72357,1.3983607340343192
38.58,1.079346,0.289795,-0.736084,13.816833,104.652397,-45.272823,1.3382034915501453
38.59,1.031982,0.197021,-0.732666,26.580809,79.017639,-46.005245,1.2808604882347647
38.6,0.987549,0.14917,-0.679932,32.38678,52.558895,-38.696289,1.2082268996032988
38.61,0.945313,0.140137,-0.672119,38.368225,20.965574,-32.470703,1.1683317152671153
38.62,0.884521,0.101074,-0.63623,47.851559,-20.164488,-26.847837,1.0942494988881648
38.63,0.828369,0.015381,-0.559326,55.755611,-66.520691,-20.538328,0.9996386094974523
38.64,0.734131,-0.0625,-0.484375,58.708187,-98.915092,-15.380858,0.881744699891074
38.65,0.606445,-0.097656,-0.447754,59.29565,-111.076347,-13.793944,0.760128855442944
38.66,0.469238,-0.112061,-0.407471,54.397579,-104.141228,-11.688231,0.6314860126764488
38.67,0.373779,-0.114014,-0.32251,46.478268,-82.031242,-5.851745,0.5066780369593693
38.68,0.388916,-0.096436,-0.291504,40.328976,-56.411739,6.217956,0.49550997887832693
38.69,0.502686,-0.085938,-0.294189,36.231995,-37.246704,18.363953,0.5887492863358732
38.7,0.612549,-0.100098,-0.285889,31.883238,-25.756834,22.140501,0.6833508669241593
38.71,0.686035,-0.123779,-0.262451,26.130674,-20.462034,18.127441,0.7448797147640684
38.72,0.70166,-0.118164,-0.244629,18.119812,-20.446775,15.541076,0.7524179916356333
38.73,0.671631,-0.079834,-0.25708,12.275695,-25.535582,18.135071,0.7235687901761656
38.74,0.662842,-0.063965,-0.290771,10.383605,-28.251646,22.682188,0.7266352679508475
38.75,0.722412,-0.0896,-0.320313,11.253356,-22.247313,25.596617,0.7953035116941205
38.76,0.825684,-0.151855,-0.307129,8.964539,-6.286621,22.727964,0.8939475552413575
38.77,0.894531,-0.195557,-0.28418,1.831055,11.932372,16.151428,0.9587421564789982
38.78,0.92041,-0.189941,-0.277588,-7.461547,26.481627,13.816833,0.9799424724569294
38.79,0.94043,-0.152832,-0.302002,-16.624451,40.878292,14.770507,0.9994855742470723
38.8,0.997559,-0.104004,-0.388672,-22.53723,59.280392,17.570496,1.075642465729668
38.81,1.119385,-0.086426,-0.472412,-23.872374,80.001831,20.675657,1.2180580156318501
38.82,1.220215,-0.145996,-0.492432,-24.772642,93.856804,19.126892,1.3239066254328513
38.83,1.198242,-0.25293,-0.425293,-32.318115,91.926567,8.804321,1.2963917661390016
38.84,1.093018,-0.303467,-0.324463,-50.827023,81.703178,-0.694275,1.1798545701831222
38.85,1.008301,-0.23291,-0.2771,-67.146301,81.802361,-0.411987,1.0713087252052975
38.86,1.05542,-0.132324,-0.29126,-72.845459,91.957085,0.37384,1.1028387937391395
38.87,1.141602,-0.079346,-0.331787,-73.791504,104.515068,-2.815246,1.1914837504091276
38.88,1.200439,-0.05957,-0.361328,-73.875427,114.830009,-9.475708,1.2550539037049366
38.89,1.220459,-0.038086,-0.382568,-74.447632,124.191277,-17.494202,1.2795815678185583
38.9,1.206543,-0.020508,-0.405762,-75.531006,129.402161,-26.252745,1.2731101246777514
38.91,1.151855,-0.002197,-0.420654,-74.966431,123.992912,-32.806396,1.226264472106242
38.92,1.112061,0.020752,-0.40332,-71.632385,101.562492,-33.752441,1.1831218600063984
38.93,1.083008,0.047119,-0.370117,-67.5354,68.405151,-30.578611,1.1454750638551676
38.94,0.972168,0.0625,-0.375244,-62.339779,32.569885,-26.596067,1.0439468040853424
38.95,0.911865,0.054199,-0.301758,-57.510372,-4.020691,-20.652769,0.9620255715884064
38.96,1.026367,0.072998,-0.218506,-50.994869,-36.994934,-10.81848,1.0519043676727462
38.97,1.147217,0.078369,-0.1521,-40.023804,-69.549561,-8.43811,1.1599064424555974
38.98,1.149902,0.053711,-0.083496,-28.488157,-105.667107,-13.679503,1.1541798227057167
38.99,1.077637,0.044922,-0.0354,-18.722534,-138.008118,-14.122008,1.0791536729553395
39.0,0.973389,0.072998,-0.050293,-10.887145,-157.981873,-7.774353,0.977417126499224
39.01,0.836426,0.090576,-0.076172,-6.454467,-161.415085,0.259399,0.8447571478454622
39.02,0.659424,0.081299,-0.270264,-6.431579,-148.803711,5.401611,0.7172810947411064
39.03,0.706055,-0.00708,-0.36377,-13.938903,-120.323174,2.861023,0.7942873550076194
39.04,0.872314,-0.063965,-0.500732,-25.55847,-63.743587,-7.865905,1.007847097354058
39.05,0.92749,-0.089355,-0.507324,-35.919189,-18.65387,-22.071836,1.0609428151889244
39.06,0.943359,-0.145752,-0.305664,-44.204708,-17.410278,-21.27075,1.0022975253291808
39.07,0.895508,-0.148438,0.004883,-52.993771,-39.56604,-3.913879,0.9077401949880813
39.08,0.853516,-0.032471,0.233643,-60.279842,-66.932678,8.605957,0.8855128342073875
39.09,0.930664,0.146729,0.190674,-50.888058,-84.945671,9.124756,0.9612603469471733
39.1,1.027832,0.251465,0.03833,-22.40753,-79.399109,0.37384,1.0588401462680759
39.11,1.008545,0.271729,-0.123047,11.871337,-58.937069,-14.587401,1.0517320146667593
39.12,0.973877,0.24292,-0.212646,38.726807,-44.326778,-23.361204,1.0259945705728661
39.13,0.966309,0.220703,-0.276611,51.574703,-33.096313,-22.422789,1.0290658594137694
39.14,0.88501,0.251221,-0.475342,53.87878,-22.048948,-17.13562,1.0355214666558101
39.15,0.692627,0.249756,-0.656982,47.882076,-22.224424,-11.19995,0.9867804056572059
39.16,0.543457,0.188965,-0.782471,38.94043,-39.665222,-4.631042,0.9712436089442237
39.17,0.492432,0.070068,-0.904297,31.85272,-65.330505,3.425598,1.032061947490072
39.18,0.479492,-0.091309,-1.027588,22.132872,-85.762016,12.542724,1.1376234039826183
39.19,0.432861,-0.245605,-1.071777,-0.37384,-90.896599,17.921448,1.181692176108059
39.2,0.352783,-0.31958,-0.982666,-36.369324,-83.282463,17.074585,1.09188813027938
39.21,0.299561,-0.251709,-0.848145,-71.647644,-70.411682,13.984679,0.9340471906852459
39.22,0.33667,-0.088867,-0.771729,-89.75219,-54.664608,18.440247,0.8466461374328711
39.23,0.407471,0.034668,-0.696533,-92.834465,-32.546997,29.685972,0.8077083051163954
39.24,0.442383,0.052734,-0.582031,-91.018669,-5.15747,36.949158,0.7329690842088771
39.25,0.40918,-0.01416,-0.406738,-90.637199,20.988462,34.744263,0.5771174738681891
39.26,0.41748,-0.065918,-0.249023,-92.8955,39.764404,23.399351,0.49055803698747
39.27,0.561035,-0.037109,-0.258789,-92.452995,53.520199,11.230468,0.6189580725921586
39.28,0.793457,0.058594,-0.436279,-80.871574,65.910339,5.386352,0.9073845014799404
39.29,0.878906,0.029053,-0.519043,-65.605164,85.281364,0.015259,1.021139299750039
39.3,0.847168,-0.076172,-0.581543,-64.666748,113.151543,-12.313842,1.0303824797894228
39.31,0.807617,-0.110596,-0.44043,-83.06884,154.159546,-24.627684,0.9265286173696957
39.32,0.747803,-0.030518,-0.147217,-107.803337,200.172409,-35.972595,0.7627670156882769
39.33,0.655029,0.108887,0.10498,-120.910637,232.955917,-52.528378,0.6722649552148319
39.34,0.693848,0.291504,0.197266,-117.240898,249.992355,-64.170837,0.7780189611288404
39.35,0.925293,0.476807,0.223633,-96.717827,249.992355,-56.510921,1.0646707330376843
39.36,1.144531,0.500977,0.205566,-63.423153,249.702438,-40.229794,1.2661700299904433
39.37,1.17627,0.481445,0.133301,-41.267391,249.992355,-42.427059,1.2779552251647943
39.38,1.256592,0.490234,0.164063,-36.659241,243.965134,-61.836239,1.358774998735626
39.39,1.276611,0.489746,0.235107,-35.926819,202.583298,-59.768673,1.3873939928102614
39.4,1.255371,0.527588,0.248047,-32.325745,151.176453,-35.629272,1.3841361058775976
39.41,1.237549,0.564453,0.281738,-24.612425,105.514519,-19.470215,1.3890683990552806
39.42,1.168457,0.546875,0.364258,-14.701842,72.601318,-16.670227,1.3405401586815668
39.43,1.099365,0.526855,0.459961,-8.636475,59.288021,-18.890381,1.3029749482515003
39.44,1.152832,0.498047,0.425537,-5.958557,56.77795,-22.705076,1.3259540613467724
39.45,1.267822,0.419678,0.283691,3.738403,60.882565,-27.45056,1.365277565496848
39.46,1.303711,0.299316,0.138672,21.179197,70.457458,-34.713745,1.3447982610640898
39.47,1.301514,0.231201,0.043945,36.117554,73.58551,-42.92297,1.3226200352414144
39.48,1.277344,0.244141,-0.015625,45.997616,66.848755,-44.158932,1.3005601342660016
39.49,1.212158,0.300537,-0.087891,56.182858,51.879879,-40.664669,1.2519482150688184
39.5,1.132568,0.33667,-0.132324,68.16864,31.166075,-40.27557,1.1889350716082019
39.51,1.094727,0.344238,-0.120117,75.088501,6.065368,-44.738766,1.1538436197604942
39.52,1.17749,0.392578,-0.016113,73.646545,-25.688169,-49.011227,1.2413137455748244
39.53,1.24707,0.433105,0.029541,70.831299,-57.304379,-47.790524,1.3204681732650734
39.54,1.16626,0.396973,-0.037598,71.891785,-89.950554,-43.159481,1.2325435326725787
39.55,0.99585,0.343506,-0.080566,76.065063,-123.428337,-42.648312,1.0565057855459192
39.56,0.844238,0.305176,-0.130859,77.36969,-143.730164,-49.575802,0.9071903160313166
39.57,0.679443,0.250732,-0.187256,71.708679,-137.573242,-59.631344,0.7480468806224647
39.58,0.514893,0.192383,-0.194092,59.616085,-115.928642,-61.805721,0.582921713956514
39.59,0.437988,0.172607,-0.185791,44.128414,-93.711845,-54.168697,0.5061076568023843
39.6,0.499512,0.180908,-0.19873,32.531738,-71.647644,-40.946957,0.5672156164176018
39.61,0.596436,0.175537,-0.200684,26.046751,-41.900631,-29.71649,0.6533170809958975
39.62,0.643311,0.166016,-0.17334,20.248411,-5.462646,-25.444029,0.6866273447635187
39.63,0.677979,0.162109,-0.151611,13.145446,26.832579,-24.482725,0.7133868148788566
39.64,0.758545,0.164795,-0.155029,2.464294,48.408504,-21.072386,0.7915692641146446
39.65,0.879883,0.173096,-0.154297,-10.658263,60.012814,-12.924193,0.9099252074286105
39.66,0.974854,0.189209,-0.124268,-21.995543,63.217159,-2.14386,1.0007911384604682
39.67,1.024658,0.209229,-0.033691,-29.71649,55.122372,6.126403,1.0463440518710851
39.68,0.997559,0.245361,0.070068,-33.432007,36.254883,10.620116,1.0296773783209963
39.69,0.925781,0.293457,0.143799,-33.470154,13.984679,10.971068,0.9817665828551102
39.7,0.911865,0.30957,0.168457,-30.494688,3.250122,10.06317,0.977603766346059
39.71,0.916016,0.304932,0.121582,-24.307249,10.490417,11.650084,0.9730627007567396
39.72,0.929932,0.296875,0.09375,-16.868591,24.04022,15.083312,0.9806616912824727
39.73,1.020752,0.307129,0.126709,-11.749267,30.570982,16.662598,1.0734607765661492
39.74,1.100342,0.338623,0.15332,-8.033752,25.245665,13.481139,1.1614323378884368
39.75,1.068359,0.346191,0.138672,-7.072448,6.401062,7.957458,1.1315781391251778
39.76,0.945068,0.3479,0.092529,-12.748717,-18.165588,5.66101,1.011310808043205
39.77,0.807617,0.383057,0.064453,-19.561768,-33.599854,8.743286,0.896176362747311
39.78,0.689209,0.422119,0.05249,-20.347593,-29.846189,8.163452,0.8099065970480793
39.79,0.658691,0.436279,0.050049,-13.946532,-13.687133,3.311157,0.7916552922345684
39.8,0.720703,0.408203,0.059082,-2.693176,2.998352,-0.923157,0.8303813498278968
39.81,0.818359,0.345703,0.036865,7.56073,12.992858,-7.255554,0.8891462451784857
39.82,0.919189,0.271973,-0.066162,10.82611,9.147644,-14.999389,0.9608616657427853
39.83,1.01001,0.20874,-0.127197,7.652282,-9.742737,-21.507261,1.0391687372650316
39.84,1.03125,0.181885,-0.092529,0.282288,-38.719177,-27.870176,1.0512470364124695
39.85,1.015137,0.206055,-0.10083,-7.637023,-72.677612,-31.822203,1.0407345870557008
39.86,0.974609,0.223145,-0.171143,-11.787414,-99.121086,-29.228209,1.0143699129780024
39.87,0.895264,0.225342,-0.213135,-15.86914,-106.826775,-22.361753,0.9474719916097784
39.88,0.811279,0.244385,-0.224121,-24.520872,-96.748344,-13.450622,0.8764290425967182
39.89,0.7854,0.289795,-0.188232,-31.471251,-80.42907,-2.929687,0.858059198335989
39.9,0.814697,0.356934,-0.112793,-30.387877,-65.582275,5.050659,0.8965798029255398
39.91,0.859619,0.397949,-0.043945,-24.459837,-68.344116,8.972168,0.9482823391727804
39.92,0.922363,0.387695,-0.129883,-18.234253,-96.717827,12.168883,1.0089254236478533
39.93,1.034912,0.327148,-0.118652,-8.216858,-130.249023,12.298583,1.0918548249433164
39.94,1.133301,0.306885,-0.055176,-1.457214,-143.539429,6.690979,1.1754122471720292
39.95,1.182129,0.345459,-0.104492,-6.42395,-147.018433,5.455017,1.2359973589720974
39.96,1.090088,0.346436,-0.15918,-23.15521,-168.182358,16.677856,1.1548367946337699
39.97,0.916992,0.365967,-0.236816,-46.440121,-201.210007,26.268003,1.0153265440285701
39.98,0.862793,0.417725,-0.398926,-58.181759,-209.655746,18.280029,1.0382908503641934
39.99,0.810791,0.429443,-0.494141,-57.044979,-174.392685,0.442505,1.0421030005767185
40.0,0.709473,0.424316,-0.483154,-59.43298,-130.378723,-1.060486,0.9575143828167805
40.01,0.716553,0.404785,-0.480469,-64.369202,-103.584282,11.146544,0.9529688127084747
40.02,0.842285,0.391357,-0.476074,-66.802979,-100.891106,18.318176,1.0436717760627618
40.03,0.908203,0.393799,-0.432617,-62.82806,-118.453972,15.144347,1.0803091271941563
40.04,0.872803,0.404541,-0.330322,-48.362728,-139.007568,3.967285,1.0171288616365184
40.05,0.771484,0.405762,-0.317139,-37.322998,-142.501831,-1.731872,0.9275815372359456
40.06,0.66333,0.410889,-0.312988,-38.68103,-133.300781,2.502441,0.8407127615095419
40.07,0.637451,0.454834,-0.345459,-39.993286,-117.446892,8.232117,0.8558969947592993
40.08,0.659912,0.497803,-0.380615,-35.507202,-102.691643,13.191222,0.9100326657752457
40.09,0.668701,0.506836,-0.400146,-27.366636,-95.520012,17.059326,0.9296023771554158
40.1,0.628662,0.483887,-0.374023,-18.562317,-88.86718,17.868042,0.8770722567394319
40.11,0.663574,0.455078,-0.364258,-16.326904,-79.612732,20.500181,0.883238546556931
40.12,0.763184,0.427734,-0.36499,-18.333435,-61.294552,25.05493,0.9479577483791142
40.13,0.778564,0.398438,-0.374023,-21.614073,-32.653809,26.222227,0.951213933071315
40.14,0.701416,0.37085,-0.38208,-30.426023,-5.935668,25.085447,0.8806243546234683
40.15,0.614258,0.383789,-0.36499,-41.755672,11.718749,24.696348,0.8110638613481679
40.16,0.546875,0.427979,-0.341064,-48.873898,24.948118,26.824949,0.773668496296702
40.17,0.524658,0.481201,-0.317383,-48.118587,38.513184,29.998777,0.7794564696338083
40.18,0.564453,0.509033,-0.264648,-42.465206,48.751827,32.333374,0.8048356032147186
40.19,0.69165,0.512939,-0.261963,-34.606934,46.783443,31.997679,0.9000615276690811
40.2,0.877197,0.472656,-0.335938,-24.375914,27.801512,29.71649,1.0515382118539487
40.21,0.922852,0.399658,-0.407471,-15.823363,4.112244,23.132322,1.0850875295150157
40.22,0.83374,0.359131,-0.419678,-12.222289,-13.099669,11.558532,1.0001135367772
40.23,0.737549,0.393311,-0.394775,-9.712219,-22.949217,4.03595,0.9244021693759703
40.24,0.63501,0.455322,-0.368164,-8.056641,-23.498533,10.009766,0.8637711240137632
40.25,0.591553,0.507568,-0.33252,-7.316589,-16.227722,21.942137,0.8474253812773134
40.26,0.623291,0.553467,-0.39209,-0.175476,-1.63269,23.933409,0.9211688004215081
40.27,0.665283,0.548828,-0.296143,8.590698,18.959045,15.953063,0.9118740703200195
40.28,0.741699,0.543701,-0.210938,16.075134,38.848877,6.523132,0.9435163082035201
40.29,0.803223,0.510254,-0.354248,20.683287,43.205257,10.032654,1.0153905542937653
40.3,0.742188,0.383057,-0.500977,15.632628,21.034239,25.772093,0.973937188489073
40.31,0.61084,0.28833,-0.626465,-2.258301,-7.331848,35.28595,0.9212589704990666
40.32,0.64502,0.281006,-0.66626,-17.448425,-14.953612,27.214048,0.9689775848986395
40.33,0.755615,0.294678,-0.625977,-17.173767,-1.991272,16.265869,1.0245176213408924
40.34,0.789063,0.259033,-0.545654,-15.853881,11.993407,15.571593,0.9937086095903567
40.35,0.806641,0.231689,-0.467285,-24.108885,19.15741,18.119812,0.9605752270525199
40.36,0.83667,0.246338,-0.352539,-33.7677,24.948118,17.76886,0.940735268640971
40.37,0.854492,0.299805,-0.302979,-39.093018,35.018921,15.586852,0.9549009846732801
40.38,0.81958,0.329346,-0.282715,-41.511532,44.830318,15.190124,0.9274200425594651
40.39,0.740479,0.352051,-0.268555,-42.427059,49.110409,17.097473,0.8627692878556815
40.4,0.705322,0.37915,-0.3125,-38.864136,53.642269,18.249512,0.8595871661349999
40.41,0.711182,0.380127,-0.375732,-32.119751,67.253113,16.288757,0.8896352674422254
40.42,0.668457,0.371094,-0.426758,-24.67346,89.530937,12.092589,0.8755957447641006
40.43,0.592285,0.375488,-0.468994,-19.081116,106.163017,10.398864,0.8436516647319556
40.44,0.52002,0.376953,-0.436035,-13.992309,113.021843,12.596129,0.7762994820518689
40.45,0.526123,0.372314,-0.370117,-9.666443,112.380974,16.571045,0.7432427055908453
40.46,0.656494,0.367676,-0.390137,-5.004883,117.34008,20.492552,0.8475711721035586
40.47,0.767822,0.356689,-0.454346,-2.166748,135.284424,20.713804,0.9608371111281038
40.48,0.746582,0.3396,-0.488525,-5.065917,153.991699,17.448425,0.9546567542048817
40.49,0.718994,0.317871,-0.44751,-15.174865,170.707687,16.25061,0.9045769977050048
40.5,0.754883,0.325439,-0.378906,-28.96118,193.115219,15.274047,0.9051677431537206
40.51,0.810303,0.353027,-0.30127,-42.549129,216.522202,14.266967,0.9338001003630273
40.52,0.922119,0.384766,-0.274414,-52.467342,227.447495,20.217894,1.036171495609197
40.53,1.113037,0.395264,-0.25708,-55.335995,215.858444,30.899046,1.2087907674469558
40.54,1.346924,0.37085,-0.143066,-54.954525,175.270065,35.873413,1.404351047506285
40.55,1.628174,0.322266,0.033691,-55.587765,101.852409,34.713745,1.660102717458471
40.56,1.815186,0.283447,0.112549,-56.365963,4.135132,26.489256,1.8406275271781631
40.57,1.708252,0.237549,0.094727,-58.219906,-91.499321,8.369446,1.727289097815997
40.58,1.443115,0.223389,0.085449,-64.529419,-152.496338,-12.809752,1.4628004238948662
40.59,1.154053,0.297852,0.099609,-69.725037,-158.340454,-28.182981,1.1960251224761125
40.6,0.927979,0.428467,0.145752,-68.16864,-119.36187,-40.824886,1.0324595101184355
40.61,0.916992,0.579834,0.173828,-58.174129,-65.78064,-45.478817,1.0987711177510993
40.62,0.920654,0.657471,0.185547,-40.725704,-20.400999,-33.859253,1.146429061375365
40.63,0.866211,0.668213,0.136719,-27.313231,12.245177,-26.252745,1.1025072312012287
40.64,0.841064,0.648926,0.081543,-18.798828,35.797119,-33.752441,1.0654308360569447
40.65,0.819092,0.639893,0.079834,-11.215209,52.772518,-47.126766,1.042472169158007
40.66,0.783203,0.617676,0.12207,-4.447937,63.84277,-59.42535,1.0049038088717746
40.67,0.756348,0.610107,0.143066,-0.419617,72.83783,-67.932129,0.9822223418905721
40.68,0.702148,0.585205,0.174072,4.40979,91.026299,-70.56427,0.9304717981287772
40.69,0.614014,0.571289,0.184082,10.383605,120.75042,-67.481995,0.8586445693306398
40.7,0.595215,0.564209,0.186035,16.983032,150.726318,-65.231323,0.840964751420058
40.71,0.644043,0.547363,0.196777,24.429319,173.202499,-61.553951,0.867824191496757
40.72,0.711426,0.517822,0.208008,31.990049,185.638412,-53.367611,0.9041758154385684
40.73,0.766846,0.500244,0.171143,37.330627,190.978989,-44.403072,0.9314433819084228
40.74,0.821045,0.472168,0.137207,40.252682,185.699448,-41.076656,0.9570179063622583
40.75,0.825928,0.435059,0.176025,41.267391,175.010666,-42.556759,0.9499569439137754
40.76,0.775635,0.417725,0.246582,38.139343,167.633041,-48.072811,0.9148259460542207
40.77,0.650879,0.360352,0.365967,30.09033,164.390549,-55.02319,0.8291133104913948
40.78,0.644775,0.421387,0.45874,16.51001,158.950806,-50.163265,0.8965178146551244
40.79,0.735107,0.526611,0.425049,10.887145,143.630981,-31.433104,0.9991837164260634
40.8,0.839111,0.553467,0.366699,18.569946,125.495903,-12.855529,1.0700005359863143
40.81,0.864502,0.519287,0.331787,31.913755,116.607658,-13.587951,1.0616521604282638
40.82,0.861816,0.466309,0.304443,40.64941,108.207695,-27.900694,1.0260879307281614
40.83,0.944092,0.339111,0.174316,43.266293,91.217033,-32.806396,1.0181807514586985
40.84,1.147705,0.156494,0.112793,35.430908,48.744198,-2.27356,1.1638038494136371
40.85,0.933594,0.147949,0.266846,4.837036,24.612425,20.820616,0.9821880935711855
40.86,0.776855,0.297119,0.341064,-40.519711,17.677307,-6.607055,0.8989482984476915
40.87,0.978027,0.528564,0.44458,-61.660763,12.397765,-43.960567,1.1973170387265857
40.88,0.698975,0.70874,0.509521,-34.004211,-11.405944,-80.207825,1.1182531411384455
40.89,0.547363,0.765869,-0.241455,25.398252,-61.325069,-102.668755,0.9718343973923748
40.9,0.361816,0.466797,-0.375,55.587765,98.396294,-86.997978,0.6995964958924538
40.91,0.37793,0.553223,0.939941,1.914978,160.781845,-52.742001,1.154285864121189
40.92,1.286377,0.770264,0.255371,41.999813,66.612244,-41.877743,1.520949296809726
40.93,0.991211,0.730957,0.545166,90.469353,61.714169,-47.050472,1.3468494162028657
40.94,0.256348,0.393555,0.476563,91.110222,11.32965,-36.148071,0.6691129412124682
40.95,0.537598,0.596436,0.167236,41.328426,-5.714416,-30.09033,0.8201922892809954
40.96,0.833252,0.743896,0.217041,14.022826,-5.40924,-28.373716,1.137891449129046
40.97,0.75,0.693848,0.252441,-20.950315,1.220703,7.164001,1.0524502390065764
40.98,0.483154,0.669922,0.25415,-48.33984,17.349243,41.465755,0.8641906596926398
40.99,0.420166,0.797607,0.188232,-46.981808,36.125183,35.171509,0.9209493361901077
41.0,0.42334,0.864258,0.169434,-28.381346,57.998653,15.281676,0.9771727209250164
41.01,0.430908,0.768311,0.225098,-14.251708,72.883606,4.013062,0.909204381197649
41.02,0.472412,0.698486,0.281738,-24.055479,83.259575,5.218505,0.8890624784479435
41.03,0.550293,0.604492,0.308838,-55.801388,89.294426,12.992858,0.8738500295571318
41.04,0.669434,0.348389,0.295654,-74.394226,101.753227,28.236387,0.8105109890636893
41.05,0.729248,0.18042,0.280518,-37.55188,113.8153,46.722408,0.8019004740165702
41.06,0.782227,0.316162,0.375488,28.129576,109.832756,27.778624,0.9234872646209042
41.07,0.64624,0.568359,0.41626,64.056396,107.254021,6.187438,0.9559971119626879
41.08,0.53125,0.582764,0.4646,74.333191,109.184258,2.983093,0.915256030953088
41.09,0.509033,0.445801,0.542969,69.732666,106.37664,0.75531,0.8675646728924593
41.1,0.50708,0.448486,0.571533,58.242794,104.446404,-21.14868,0.8859569903132996
41.11,0.469971,0.555176,0.670898,53.085323,104.629509,-50.170895,0.9895439647741782
41.12,0.55957,0.451416,0.740723,27.603148,103.813164,-64.903259,1.0322623468309788
41.13,0.784668,0.438232,0.641602,-9.20105,101.188652,-74.996948,1.1042664001281575
41.14,0.822266,0.4375,0.708252,-25.222776,95.352165,-68.473816,1.170106200419432
41.15,0.714844,0.384033,0.74707,-48.797604,95.832817,-44.174191,1.1029945033067936
41.16,0.621338,0.590576,0.5354,-65.391541,88.653557,-35.255432,1.0106899039863808
41.17,0.605713,0.722168,0.436523,-47.180172,75.98114,-39.268494,1.0387334538378938
41.18,0.667725,0.742188,0.5,-23.239134,69.961548,-38.032532,1.116557075553686
41.19,0.710693,0.645264,0.502441,-9.918213,70.625305,-32.310486,1.0834653332829804
41.2,0.646729,0.570313,0.445801,-0.053406,72.410583,-21.850584,0.9706976094598152
41.21,0.518311,0.625732,0.37793,11.695861,66.665649,-9.178162,0.8961126678297767
41.22,0.412354,0.67334,0.388428,26.390074,66.009521,-0.869751,0.879942548181414
41.23,0.432861,0.698242,0.447754,41.297909,66.040039,1.88446,0.9356250212563793
41.24,0.441162,0.659912,0.5,49.201962,58.013912,-0.846863,0.9381405854071126
41.25,0.55127,0.602051,0.500977,48.820492,43.907162,-4.776001,0.9577797105963355
41.26,0.63916,0.612061,0.498291,45.303341,29.647825,-2.349854,1.015597407441551
41.27,0.56665,0.603271,0.505615,28.671263,10.498046,10.95581,0.9698838333357248
41.28,0.580811,0.666504,0.431396,1.00708,-10.101317,24.971006,0.9837029574790349
41.29,0.650146,0.612549,0.458496,-27.000425,-35.675049,46.546932,1.0040541224122332
41.3,0.65625,0.580811,0.437988,-43.075558,-45.646664,63.034054,0.9797137175547763
41.31,0.813721,0.522949,0.517578,-43.128963,-58.952328,73.104858,1.0970435308254638
41.32,0.79248,0.618896,0.626465,-55.831905,-101.165764,70.968628,1.1847004707692996
41.33,0.757568,0.537109,0.633057,-91.735832,-153.121948,53.779598,1.1239023613081343
41.34,0.917236,0.418457,0.567627,-124.328606,-202.05687,50.506588,1.1569911631788725
41.35,1.010498,0.575439,0.524414,-156.745911,-243.667587,49.842831,1.2756356431681422
41.36,1.114502,0.688477,0.522461,-199.432358,-249.992355,4.066467,1.4103477528801187
41.37,0.662354,0.596436,0.932373,-203.842148,-249.633774,-20.935057,1.289871363563437
41.38,-0.388428,0.583008,1.328613,-154.556274,-242.935165,33.714294,1.5019943884772007
41.39,0.35498,1.039795,0.244629,-110.214226,-203.605637,52.406307,1.1256232895893723
41.4,1.051758,1.054932,0.35083,-54.283138,-219.017014,1.922607,1.530411089899704
41.41,0.595215,0.397217,0.747314,1.220703,-205.535873,6.91986,1.0346692495237308
41.42,0.48999,-0.056885,0.463623,30.021666,-138.694763,64.971924,0.6769581888521624
41.43,0.631348,0.321045,0.524658,-23.948668,-141.746521,77.125549,0.8814398482556822
41.44,0.319824,0.686279,0.691162,-37.719727,-89.87426,31.089781,1.0251688480738186
41.45,0.4104,0.530029,0.402344,33.576965,-12.359618,87.814323,0.7818181343362406
41.46,0.632324,0.545166,0.506104,25.375364,7.164001,65.391541,0.976309821392779
41.47,0.605225,0.722656,0.573975,-0.389099,35.697937,10.299682,1.103619633563122
41.48,0.670898,0.744873,0.556396,8.308411,89.012138,-31.341551,1.1465236244181802
41.49,0.724854,0.675049,0.412354,26.878355,131.568909,-72.44873,1.0729120630475735
41.5,0.837158,0.447021,0.353027,27.610777,124.198906,-102.004997,1.0125657283031062
41.51,0.852295,0.312988,0.346436,11.192321,96.847527,-104.072563,0.9717953268384244
41.52,0.750244,0.395508,0.325439,-6.248474,73.936462,-91.598503,0.9084069464292971
41.53,0.820801,0.345215,0.356689,-6.469726,86.837761,-52.742001,0.9592261050174771
41.54,0.716064,0.356201,0.397705,-7.469177,123.680107,-0.465393,0.8931943078199727
41.55,0.522461,0.687256,0.29541,-12.71057,139.160156,22.666929,0.9124436279338027
41.56,0.566162,0.9104,0.282715,-16.75415,93.40667,-4.058838,1.1087359205279677
41.57,0.492432,0.625,0.402588,-8.209229,56.846615,-42.5415,0.8917350348438711
41.58,0.559082,0.28418,0.439697,3.585815,57.334896,-53.421017,0.7659402110693758
41.59,0.782715,0.405029,0.403809,1.960754,61.378475,-46.897884,0.9694085673992159
41.6,0.88501,0.537842,0.450928,10.032654,58.303829,-47.08099,1.1295365324981748
41.61,0.89624,0.537842,0.545654,18.821716,56.045528,-51.330563,1.179092211101405
41.62,0.860352,0.512695,0.68042,21.499632,67.588806,-52.528378,1.2107985395304208
41.63,0.87793,0.583496,0.705566,15.174865,84.945671,-43.357845,1.268484153338937
41.64,0.89624,0.650391,0.703369,4.837036,76.789856,-48.072811,1.3118622414880308
41.65,0.764893,0.587891,0.760498,6.988525,53.87878,-49.705502,1.2284275873383828
41.66,0.535889,0.550293,0.879883,16.899109,38.772583,-37.17041,1.1679869433598133
41.67,0.474854,0.658447,0.89502,20.446775,33.828735,-41.961666,1.2083458004747647
41.68,0.640381,0.645508,0.885254,25.650023,26.077269,-43.220516,1.269032327303367
41.69,0.628906,0.642334,0.83667,33.493042,23.628233,-35.652161,1.2280604273780669
41.7,0.740723,0.650635,0.837402,39.741516,29.594419,-34.317017,1.2935372339279607
41.71,0.820801,0.623535,0.84668,50.994869,37.635803,-37.17804,1.3339329819095112
41.72,0.778076,0.604736,0.863037,66.390991,42.28973,-39.268494,1.3099392179948657
41.73,0.847412,0.657959,0.861328,76.446533,36.834717,-37.773132,1.3758281386165208
41.74,0.901855,0.629883,0.787354,90.660088,-1.838684,-30.502317,1.3527828192396592
41.75,1.016602,0.596191,0.778809,99.052422,-47.744747,-17.295837,1.4126099225780626
41.76,1.014648,0.559814,0.812744,103.263847,-78.048706,-3.707886,1.4154345933443904
41.77,0.977539,0.60376,0.720947,91.25518,-91.751091,12.886046,1.3564192607486816
41.78,1.153564,0.788086,0.5625,84.19799,-129.989624,17.318726,1.5060530188183947
41.79,1.099365,0.780518,0.710938,96.534721,-167.373642,31.013487,1.524219338347667
41.8,0.847168,0.702637,0.603271,122.215263,-179.435715,37.940979,1.2551208202535724
41.81,0.833008,0.666504,0.41333,156.471252,-199.859604,12.161254,1.1441029669483425
41.82,0.447266,0.699463,0.659424,185.958847,-201.354965,15.098571,1.0602525052557055
41.83,0.210205,0.72583,0.762695,165.237411,-206.436142,13.481139,1.0736475184854664
41.84,0.290527,0.819092,0.463867,92.39196,-189.338669,-38.459778,0.9851346283031573
41.85,0.320557,0.938232,0.091309,57.495113,-142.341614,-105.949394,0.9956773621781304
41.86,0.370361,0.933838,-0.014404,89.973442,-111.457817,-141.403198,1.0047030186980628
41.87,0.385498,0.825439,0.102295,151.763916,-99.090569,-131.248474,0.9167456123429226
41.88,0.312988,0.681152,0.075684,194.267258,-85.655205,-105.560295,0.7534305562585047
41.89,0.222412,0.544678,-0.129883,203.720078,-62.19482,-89.782707,0.6025037884669273
41.9,0.246826,0.467773,-0.218262,191.978439,-35.324097,-89.004509,0.5721651461326528
41.91,0.362305,0.475586,-0.144287,166.664108,-14.129638,-93.368523,0.6150330843052266
41.92,0.50708,0.539551,-0.123535,133.338928,-6.965637,-87.669365,0.7506705697081777
41.93,0.534912,0.599609,-0.284912,106.826775,-11.512755,-68.16864,0.8525471531645625
41.94,0.379395,0.606689,-0.472656,97.770683,-28.114317,-41.397091,0.8575638769689405
41.95,0.233643,0.557129,-0.444092,97.579948,-54.695126,-20.256041,0.7497996256027339
41.96,0.216064,0.501709,-0.307129,87.554924,-74.905396,-15.907287,0.626676787042571
41.97,0.270264,0.492188,-0.27002,61.737057,-74.707031,-25.718687,0.6230589518175628
41.98,0.270508,0.533447,-0.3479,32.12738,-61.080929,-29.449461,0.6919354665523368
41.99,0.248535,0.566162,-0.457275,15.060424,-51.200863,-14.373778,0.7690315221718809
42.0,0.213867,0.589355,-0.507813,8.834839,-41.297909,8.621216,0.8068162446821456
42.01,0.268066,0.631104,-0.419189,5.096435,-22.018431,17.356873,0.8036610335788341
42.02,0.356689,0.65625,-0.299316,-0.953674,10.375976,5.714416,0.8046621484057765
42.03,0.449463,0.66626,-0.275635,-5.058288,36.628723,-0.991821,0.8496434718127363
42.04,0.647705,0.680176,-0.24707,-7.949829,50.247189,4.776001,0.9711872851829353
42.05,0.823242,0.718262,-0.18335,-15.663146,57.838436,6.721496,1.1078108654946475
42.06,0.873047,0.764893,-0.171631,-25.489805,51.467892,5.302429,1.1733411975290906
42.07,0.859863,0.773926,-0.239014,-27.030943,27.145384,5.142211,1.1812931577051482
42.08,0.789551,0.697998,-0.278076,-15.228271,-1.953125,2.182007,1.0899166258852095
42.09,0.659424,0.560059,-0.213135,-1.686096,-27.038572,-2.220154,0.891028968935354
42.1,0.520996,0.422363,-0.155518,-2.189636,-46.463009,-3.036499,0.6884861538978108
42.11,0.426514,0.335449,-0.160156,-18.135071,-57.647701,-2.13623,0.5657651174586499
42.12,0.389893,0.312744,-0.190674,-40.687557,-60.043331,-2.120972,0.5349597510663769
42.13,0.38501,0.340576,-0.195313,-63.865658,-58.700558,-1.327515,0.5498835147965431
42.14,0.393799,0.38916,-0.187744,-82.893364,-61.965939,1.945495,0.5846118092691936
42.15,0.388916,0.427246,-0.231201,-93.986504,-72.380066,6.698608,0.6222930997311475
42.16,0.346436,0.429443,-0.309814,-98.747246,-82.618706,12.092589,0.6327905711536795
42.17,0.276611,0.394775,-0.35498,-103.240959,-84.571831,17.059326,0.5986415842104522
42.18,0.20874,0.338135,-0.354248,-110.435478,-74.188232,23.025511,0.5323526193501822
42.19,0.176758,0.268311,-0.315918,-117.431633,-53.619381,32.203674,0.45059778739913936
42.2,0.181641,0.196289,-0.243652,-123.313896,-27.603148,45.295712,0.3617860161835999
42.21,0.21167,0.137207,-0.182129,-130.630493,-1.998901,61.416622,0.31112846605542216
42.22,0.256836,0.096924,-0.129395,-142.150879,17.959595,78.384399,0.30348320990954347
42.23,0.305908,0.067139,-0.072998,-155.990601,31.326292,93.543999,0.3215836715211144
42.24,0.344482,0.03418,-0.004639,-165.916428,39.138794,106.163017,0.3462046230843835
42.25,0.365723,-0.000732,0.058594,-171.195969,43.884274,118.35479,0.3703877770512953
42.26,0.381836,-0.043701,0.127441,-177.894577,46.218868,132.713318,0.4049070470836486
42.27,0.41626,-0.085205,0.229736,-189.987167,45.654293,149.093628,0.48302267992403836
42.28,0.479736,-0.119141,0.33252,-204.910263,43.411251,165.374741,0.59574386944139
42.29,0.507568,-0.154541,0.391357,-217.384323,42.762753,181.373581,0.6592939380534301
42.3,0.523193,-0.178223,0.464355,-226.417526,37.788391,199.005112,0.72188636155769
42.31,0.555908,-0.185791,0.646484,-235.771164,27.595518,215.652451,0.8726359850481757
42.32,0.69043,-0.207764,0.822266,-246.635422,8.338928,228.431686,1.093609088912487
42.33,0.795654,-0.218506,0.960938,-249.992355,-5.966186,239.73082,1.2665749087977385
42.34,0.8479,-0.230957,1.086914,-249.992355,-14.282226,249.610886,1.3977330178703657
42.35,0.774414,-0.266113,1.105469,-249.908432,-17.555237,249.992355,1.3757161342827962
42.36,0.648682,-0.320313,1.063965,-249.992355,-21.354673,249.862656,1.2866274815648857
42.37,0.611084,-0.395996,1.017334,-249.992355,-29.281614,249.969467,1.2510815139822025
42.38,0.686768,-0.476074,0.959473,-249.992355,-38.05542,249.992355,1.2723541869420638
42.39,0.800293,-0.532715,0.933105,-249.992355,-45.143124,249.992355,1.3397533721170476
42.4,0.983154,-0.575195,1.014893,-249.992355,-52.833553,249.992355,1.525597875322983
42.41,1.108887,-0.639404,1.087158,-249.992355,-57.41119,249.992355,1.6793988123578627
42.42,1.117188,-0.739746,1.10498,-249.992355,-51.750179,249.992355,1.736753860585892
42.43,0.998779,-0.857422,1.066406,-249.992355,-31.738279,249.992355,1.6940937795060225
42.44,0.875,-0.92627,0.942383,-249.992355,-4.821777,249.992355,1.5848302216922165
42.45,0.887939,-0.925049,0.80835,-249.992355,14.60266,249.992355,1.5157773723809178
42.46,1.000732,-0.908203,0.753174,-249.992355,16.593933,249.992355,1.5471161234080006
42.47,1.165527,-0.975586,0.787598,-249.992355,1.472473,249.992355,1.7118796221489991
42.48,1.247803,-1.145264,0.868896,-249.992355,-17.478943,249.992355,1.9035814180961632
42.49,1.100342,-1.297852,0.903809,-249.992355,-20.912169,249.992355,1.9266663020224857
42.5,0.806641,-1.244141,0.876709,-249.992355,-1.800537,249.992355,1.7225490418107114
42.51,0.630859,-1.125,0.752686,-246.368393,38.42926,249.992355,1.493366764220029
42.52,0.643066,-1.155273,0.61792,-226.585373,79.788208,249.992355,1.4594569919271345
42.53,0.683105,-1.216553,0.531494,-204.620346,99.777214,249.992355,1.4930236149739897
42.54,0.704834,-1.292969,0.453613,-187.782272,96.984856,249.992355,1.5408843422807565
42.55,0.740234,-1.388428,0.475098,-169.845566,82.557671,249.755844,1.6435926489078734
42.56,0.779541,-1.479736,0.556641,-154.380798,71.266174,239.791855,1.762711548512121
42.57,0.758301,-1.509033,0.587402,-147.583008,67.619324,223.609909,1.7880833625124977
42.58,0.732422,-1.472412,0.573242,-145.324707,63.354488,217.140182,1.741564088511244
42.59,0.737061,-1.408936,0.519287,-143.196106,57.579037,213.699326,1.672727879299559
42.6,0.740967,-1.354492,0.44458,-139.648438,50.071712,207.733139,1.606652435828297
42.61,0.748779,-1.335693,0.380615,-131.980896,39.802551,195.75499,1.5778509306379358
42.62,0.730713,-1.336182,0.358398,-121.620171,28.83148,181.465134,1.5645360180887495
42.63,0.692383,-1.324219,0.373535,-113.212578,17.601013,171.516403,1.5402852251693515
42.64,0.658936,-1.309082,0.378174,-107.734673,5.561828,164.49736,1.5135745469239368
42.65,0.650391,-1.311035,0.356445,-105.072014,-5.378723,157.264709,1.5062782817696734
42.66,0.638916,-1.317627,0.328613,-103.85894,-12.100219,151.145935,1.5007801537713645
42.67,0.602539,-1.310547,0.32959,-102.371208,-15.930175,146.484375,1.4796000317078937
42.68,0.58374,-1.287109,0.322754,-101.890556,-17.700195,139.656067,1.4496800026202337
42.69,0.578125,-1.248779,0.299805,-98.930351,-15.899657,132.9422,1.4083893440703819
42.7,0.552246,-1.220215,0.284912,-94.421379,-8.888245,127.037041,1.3693338301834947
42.71,0.508301,-1.166504,0.253662,-92.536919,0.572205,117.912285,1.2974767430906036
42.72,0.480469,-1.092529,0.220459,-89.74456,12.550353,103.576653,1.2137018771028576
42.73,0.458008,-1.025146,0.203613,-82.664482,25.901793,89.569084,1.1411195831940664
42.74,0.436035,-0.988037,0.181396,-73.188782,38.040161,76.942444,1.0951018872278506
42.75,0.384033,-0.97876,0.131104,-62.042233,52.36816,61.805721,1.059547422961804
42.76,0.340088,-0.967529,0.088867,-49.079891,69.862366,44.486996,1.0294025244159837
42.77,0.342285,-0.94751,0.061523,-34.973145,87.371819,29.991148,1.0093162541314789
42.78,0.354248,-0.926758,0.033936,-22.40753,100.21209,20.1416,0.992735457291619
42.79,0.346924,-0.908691,0.011475,-12.420653,104.698174,12.489318,0.972731859703382
42.8,0.311523,-0.894531,-0.007813,-2.731323,102.531425,4.997253,0.9472556848385761
42.81,0.277588,-0.866455,-0.020508,6.034851,97.228996,-3.944397,0.9100659002693157
42.82,0.257813,-0.830078,-0.020996,14.152526,90.019218,-12.580871,0.8694468707569197
42.83,0.258545,-0.797607,-0.012939,22.163389,79.826355,-19.134521,0.8385641664148308
42.84,0.261719,-0.780762,-0.003174,27.267454,68.336487,-19.90509,0.8234659737238691
42.85,0.243164,-0.774902,0.006348,34.790039,58.006283,-19.561768,0.8121835615204238
42.86,0.249756,-0.787598,0.034668,44.319149,47.21069,-27.091978,0.8269767465678827
42.87,0.274902,-0.808105,0.062744,48.286434,36.804199,-34.294128,0.8558864470039235
42.88,0.272705,-0.823486,0.052979,46.241756,28.32794,-34.965515,0.8690822651866739
42.89,0.245361,-0.824707,0.021973,42.228695,21.01898,-30.479429,0.8607127679423606
42.9,0.217529,-0.822021,-0.014404,38.162231,14.85443,-23.384092,0.8504380433035671
42.91,0.19751,-0.817139,-0.042236,36.209106,8.781433,-15.296935,0.8417304943489928
42.92,0.203125,-0.812012,-0.049316,36.575317,2.708435,-10.688781,0.8384839423775509
42.93,0.236328,-0.814453,-0.040527,37.689209,-3.135681,-8.94928,0.8490153417471323
42.94,0.287598,-0.834717,-0.036133,39.382935,-8.872986,-7.385253,0.8836122867989105
42.95,0.326416,-0.87915,-0.033447,40.64941,-15.266418,-4.776001,0.9383873557145791
42.96,0.337158,-0.933838,-0.037598,40.27557,-24.04785,-1.068115,0.993550470188606
42.97,0.301758,-0.985107,-0.060547,37.322998,-33.401489,4.333496,1.032065710709352
42.98,0.248779,-1.023926,-0.083252,32.173157,-41.946407,9.056091,1.0569987416364315
42.99,0.192627,-1.039795,-0.092041,27.267454,-47.668453,9.620667,1.0614849734381548
43.0,0.145264,-1.035156,-0.093018,23.696898,-50.247189,6.79779,1.0494293317589327
43.01,0.092285,-1.007324,-0.111328,20.851133,-49.911495,3.250122,1.0176502767576885
43.02,0.047607,-0.966553,-0.130615,19.065857,-47.302242,-1.266479,0.9764995680915584
43.03,0.036621,-0.928223,-0.139404,19.584656,-41.938778,-7.904052,0.9393468531836363
43.04,0.054932,-0.905273,-0.128418,21.682737,-34.500122,-15.396117,0.9159846679268163
43.05,0.076904,-0.907471,-0.120117,24.887083,-27.091978,-22.216795,0.9186108723208103
43.06,0.095459,-0.938232,-0.136475,28.068541,-21.377562,-26.588438,0.9528993294834455
43.07,0.104492,-0.990967,-0.151611,30.403135,-18.157959,-30.082701,1.007928602865302
43.08,0.089355,-1.048096,-0.153564,31.112669,-16.403198,-33.973694,1.0630481848613447
43.09,0.047607,-1.090576,-0.116699,28.671263,-14.808654,-37.742615,1.0978347301966722
43.1,-0.010986,-1.112305,-0.066406,23.857115,-11.184691,-41.236874,1.114339652914227
43.11,-0.059082,-1.116455,-0.022217,17.25769,-3.501892,-45.303341,1.1182379196029795
43.12,-0.086914,-1.10376,0.016357,9.376526,9.513855,-49.995419,1.107297490489796
43.13,-0.083496,-1.071045,0.028564,0.572205,26.138304,-54.061886,1.0746743116577226
43.14,-0.063965,-1.029541,0.004395,-6.599426,42.755123,-55.763241,1.0315355097770507
43.15,-0.039063,-0.997803,-0.014404,-9.552002,54.954525,-55.549618,0.9986712271783943
43.16,0.006592,-0.994385,0.0,-9.681702,60.890194,-55.01556,0.9944068496792446
43.17,0.058105,-1.019775,0.015869,-9.742737,62.538143,-53.489681,1.0215522829552095
43.18,0.092773,-1.04248,0.028809,-12.184142,62.19482,-51.193233,1.0469963411636165
43.19,0.106689,-1.039795,0.040283,-16.944885,61.134335,-48.71368,1.0460300688006057
43.2,0.122803,-1.005859,0.037109,-21.263121,60.409542,-45.425411,1.0140068947354353
43.21,0.155762,-0.964111,0.017822,-21.827696,60.470577,-41.702267,0.9767750225353841
43.22,0.192871,-0.948486,0.002686,-17.89093,60.729977,-39.779663,0.9679008882282317
43.23,0.218262,-0.96582,-0.001709,-12.153625,58.563229,-38.314819,0.9901764962495323
43.24,0.215088,-0.996582,0.002197,-7.972717,53.62701,-36.231995,1.0195309496415497
43.25,0.188232,-1.001221,0.009521,-7.667541,47.477718,-34.286499,1.018805882445719
43.26,0.160889,-0.979248,0.02832,-9.361267,43.334957,-34.698486,0.9927809114930645
43.27,0.143799,-0.947021,0.042969,-9.994507,43.655392,-37.460327,0.9588395391320698
43.28,0.127441,-0.927734,0.051514,-8.140564,48.97308,-41.290279,0.9378620769777397
43.29,0.121826,-0.934326,0.054932,-4.455566,57.991024,-45.043941,0.9438348230363192
43.3,0.134766,-0.974609,0.059082,-0.610352,68.397522,-48.728939,0.9856547368937055
43.31,0.165527,-1.025879,0.069824,1.327515,77.796936,-52.536007,1.0414904230697468
43.32,0.189697,-1.059326,0.09668,-0.183105,84.999077,-56.037899,1.0805107812904968
43.33,0.194824,-1.052002,0.126221,-5.28717,89.927666,-57.518002,1.0773097696674807
43.34,0.197754,-1.015137,0.130615,-10.116576,93.513481,-58.2962,1.042434674936516
43.35,0.209961,-0.980957,0.127686,-11.978148,96.908562,-58.784481,1.0112684964765786
43.36,0.218506,-0.957764,0.128662,-11.634826,100.730888,-58.616634,0.9907626668259154
43.37,0.234131,-0.936035,0.119141,-11.146544,104.225151,-56.617733,0.9722003004869932
43.38,0.282227,-0.920654,0.096436,-10.871886,106.498711,-52.8717,0.9677581150995325
43.39,0.342285,-0.915771,0.072998,-10.055541,106.666557,-48.347469,0.9803694475400587
43.4,0.386719,-0.920654,0.068115,-8.781433,103.164665,-42.816158,1.0008971105473328
43.41,0.406494,-0.929199,0.06543,-8.239746,95.695488,-35.614014,1.0163312641737436
43.42,0.408936,-0.928223,0.064209,-8.903503,86.029045,-27.06146,1.0163411757407057
43.43,0.404053,-0.907715,0.064697,-11.268615,77.36969,-18.989563,0.9956862205750365
43.44,0.385986,-0.871338,0.052246,-13.862609,73.59314,-12.702941,0.9544342549154446
43.45,0.37793,-0.838867,0.048096,-14.595031,74.134827,-8.323669,0.921326301483356
43.46,0.398193,-0.82251,0.044434,-14.266967,76.560974,-5.546569,0.914906960135838
43.47,0.435059,-0.818115,0.035645,-14.083861,77.613831,-3.601074,0.9272858527611645
43.48,0.459717,-0.81665,0.025635,-15.045165,75.164795,-1.930237,0.937504184424795
43.49,0.467041,-0.808838,0.019775,-17.929077,70.045471,-0.62561,0.9342040765004186
43.5,0.463623,-0.791748,0.012207,-21.659849,63.568111,0.083923,0.9175838885257304
43.51,0.45752,-0.780029,0.009521,-23.91815,57.022091,-0.350952,0.9043563681878952
43.52,0.432617,-0.792725,0.021973,-23.54431,51.750179,-2.311707,0.9033566333641437
43.53,0.385498,-0.839844,0.054443,-21.743773,49.247738,-5.172729,0.9256947080917121
43.54,0.343994,-0.919678,0.096436,-21.919249,50.285336,-6.729125,0.9866303248005304
43.55,0.313965,-1.013672,0.126465,-25.199888,54.061886,-6.599426,1.068690011665684
43.56,0.304443,-1.101807,0.143799,-31.127928,60.256954,-6.729125,1.1521034493043583
43.57,0.328369,-1.167725,0.163574,-39.878845,69.282532,-8.140564,1.223995232532382
43.58,0.37085,-1.209717,0.182861,-49.896236,80.398552,-9.628296,1.2784299307783746
43.59,0.418945,-1.220215,0.19458,-59.158321,90.805046,-7.369995,1.3047225512153915
43.6,0.464844,-1.181396,0.186768,-67.405701,99.227898,-1.693725,1.2832220146864688
43.61,0.505859,-1.09668,0.174316,-74.287415,106.346123,4.005432,1.2202403116341471
43.62,0.551025,-0.979248,0.152832,-79.612732,110.008232,8.583069,1.1339809594314183
43.63,0.596191,-0.865234,0.103027,-82.496635,108.306877,13.519286,1.0557879266055281
43.64,0.636475,-0.767334,0.021729,-80.833427,100.288383,18.562317,0.9971830537178217
43.65,0.682373,-0.69873,-0.080322,-70.747375,87.966911,20.782469,0.979953135467712
43.66,0.715332,-0.665527,-0.178711,-51.071163,72.860718,18.325806,0.9932591200054495
43.67,0.71167,-0.651611,-0.246094,-23.15521,53.291317,13.404845,0.9958078836085805
43.68,0.655518,-0.710449,-0.255615,8.804321,27.641294,8.872986,0.9998903230604844
43.69,0.562256,-0.817139,-0.23584,30.96771,0.724792,3.425598,1.0195432607089314
43.7,0.509277,-0.88916,-0.226807,40.801998,-25.238035,-7.064819,1.049480816202945
43.71,0.470459,-0.927246,-0.211182,48.301693,-46.82159,-20.011902,1.0609970086296192
43.72,0.432617,-0.971924,-0.178955,54.229733,-63.232418,-31.433104,1.0788042558731403
43.73,0.412842,-1.02002,-0.140625,61.012264,-72.341919,-42.961117,1.1093487765301766
43.74,0.436523,-1.077637,-0.072266,66.497803,-72.547913,-57.167049,1.1649361390453985
43.75,0.500244,-1.1521,-0.000488,55.992123,-64.376831,-68.222046,1.2560170013499021
43.76,0.525391,-1.175049,-0.001953,37.010193,-50.666805,-74.295044,1.287159535368868
43.77,0.541016,-1.155029,-0.014893,22.125242,-35.316467,-84.396355,1.275543846579176
43.78,0.55542,-1.131836,-0.006104,7.568359,-19.081116,-91.560356,1.2607860112295028
43.79,0.567139,-1.11792,0.005615,-6.103515,-3.051758,-94.352715,1.25356423846008
43.8,0.64209,-1.117676,-0.033447,-18.417358,10.620116,-100.341789,1.2894176634764236
43.81,0.765381,-1.129395,-0.093994,-30.487059,22.15576,-112.541191,1.3675437884111792
43.82,0.86377,-1.154053,-0.150635,-41.519161,29.136656,-128.349304,1.4493542848227274
43.83,0.918701,-1.178223,-0.164307,-49.262997,30.357359,-142.753601,1.5030694446295554
43.84,0.972168,-1.193115,-0.160156,-56.564327,27.328489,-157.608032,1.5473473972527954
43.85,1.016113,-1.178955,-0.196533,-66.436768,26.321409,-174.026474,1.5687720487320647
43.86,1.012939,-1.123535,-0.234375,-76.400757,32.051086,-191.612228,1.5307867109989557
43.87,1.017822,-1.047119,-0.273438,-83.129875,41.069027,-208.885178,1.485660850830027
43.88,1.074219,-0.955811,-0.320557,-84.625237,50.407406,-226.432785,1.473186314737888
43.89,1.166504,-0.89624,-0.338135,-79.25415,55.549618,-243.904099,1.5094081614463994
43.9,1.236084,-0.870117,-0.312988,-74.371338,56.53381,-249.992355,1.5436867353478814
43.91,1.294434,-0.835938,-0.266357,-73.562622,52.108761,-249.992355,1.5637447910861286
43.92,1.356201,-0.815674,-0.239014,-72.502136,41.343685,-249.847397,1.6005414455342917
43.93,1.408691,-0.803467,-0.226318,-69.381714,27.458189,-249.992355,1.637433782079141
43.94,1.399902,-0.79541,-0.200928,-65.956116,14.923095,-249.992355,1.6225827371471693
43.95,1.325928,-0.783203,-0.172852,-65.536499,4.013062,-249.992355,1.5496353810806593
43.96,1.303467,-0.691162,-0.18457,-67.741394,-10.803222,-249.992355,1.4868749830543924
43.97,1.351563,-0.610596,-0.232178,-63.819881,-30.746458,-249.992355,1.5011517717636016
43.98,1.408447,-0.575195,-0.211182,-58.273312,-54.672237,-249.992355,1.5359590088794686
43.99,1.408447,-0.523193,-0.174072,-57.106014,-78.422546,-249.992355,1.5125326205546776
44.0,1.360352,-0.494141,-0.15918,-58.433529,-96.275322,-249.992355,1.4560464155324857
44.01,1.307861,-0.458008,-0.163574,-59.402462,-105.689995,-249.992355,1.3953595152723186
44.02,1.253906,-0.424561,-0.186279,-57.136532,-109.374992,-249.992355,1.3368740274977295
44.03,1.239014,-0.390381,-0.191162,-53.75671,-114.456169,-249.992355,1.3130483340688568
44.04,1.255615,-0.354248,-0.19458,-52.12402,-124.679558,-249.992355,1.319061048674018
44.05,1.273682,-0.304443,-0.192627,-52.215572,-140.808105,-249.992355,1.3236527257940431
44.06,1.234619,-0.248779,-0.170166,-53.413387,-156.974792,-249.992355,1.270878252846432
44.07,1.115967,-0.188232,-0.172363,-57.212826,-167.785629,-249.992355,1.1447806054794953
44.08,1.081299,-0.104492,-0.231445,-62.57629,-169.128403,-249.992355,1.110717287832507
44.09,0.998291,-0.010986,-0.305664,-65.444946,-152.229309,-249.992355,1.0440958259532502
44.1,0.894775,0.063477,-0.364258,-63.896175,-130.310059,-249.992355,0.9681608960901075
44.11,0.893311,0.104492,-0.366943,-57.28149,-113.952629,-249.992355,0.9713754608975872
44.12,0.850342,0.133057,-0.318115,-48.042294,-103.309624,-249.992355,0.9175962268002196
44.13,0.736328,0.163086,-0.249756,-39.802551,-100.135796,-249.992355,0.7944520290841983
44.14,0.617432,0.190674,-0.208008,-32.928467,-100.593559,-249.992355,0.6788565216332535
44.15,0.525879,0.209229,-0.200928,-26.664732,-98.022453,-249.992355,0.6005810172374748
44.16,0.458008,0.222168,-0.207764,-20.378111,-90.141289,-249.992355,0.5498143577463216
44.17,0.385498,0.251953,-0.212891,-13.870238,-79.223633,-249.992355,0.5073574677621292
44.18,0.309326,0.277832,-0.186279,-4.623413,-68.809509,-249.992355,0.4556018660420521
44.19,0.21875,0.305176,-0.121094,4.211426,-62.232967,-249.992355,0.3945221290523511
44.2,0.129395,0.361328,-0.055664,8.06427,-57.739254,-249.992355,0.3878137059272145
44.21,0.046387,0.43042,-0.018311,8.079529,-48.385616,-249.992355,0.4332994609851252
44.22,-0.020752,0.477295,-0.038086,10.673522,-32.691956,-249.992355,0.47926162575883335
44.23,-0.046387,0.48584,-0.143066,20.942686,-16.304016,-249.992355,0.5085864132327957
44.24,-0.033691,0.458008,-0.254639,39.085388,-2.799988,-249.191269,0.5251165888314708
44.25,-0.050537,0.41626,-0.279297,62.988277,3.845215,-232.360825,0.5038186084078277
44.26,-0.134033,0.394775,-0.217773,81.336967,-0.183105,-209.999069,0.4703586134461662
44.27,-0.21167,0.418701,-0.104004,87.394707,-10.162353,-203.788742,0.48055337717781155
44.28,-0.24292,0.463135,-0.048096,86.59362,-18.188477,-204.246506,0.5251831869367107
44.29,-0.249512,0.499023,-0.11499,83.412163,-20.103453,-199.356064,0.5696515538230367
44.3,-0.318115,0.504395,-0.184326,80.635063,-15.098571,-187.675461,0.6241694830140289
44.31,-0.384277,0.473389,-0.178223,80.940239,-4.867554,-176.452621,0.6352396364986996
44.32,-0.423096,0.424316,-0.193359,85.350029,14.190673,-169.181808,0.6296363997999164
44.33,-0.435547,0.381104,-0.262207,90.583794,40.695187,-162.99437,0.6353691516543749
44.34,-0.378174,0.371582,-0.332275,90.019218,67.390442,-156.066895,0.6256959586132869
44.35,-0.256348,0.404541,-0.368164,80.085754,86.84539,-148.429871,0.6040798363469849
44.36,-0.119629,0.437012,-0.396729,67.909241,92.277519,-135.986328,0.6022329160931009
44.37,-0.02002,0.471436,-0.451172,60.775753,86.021416,-117.111198,0.6528467477746979
44.38,0.0,0.480957,-0.527588,61.737057,76.187134,-95.214836,0.713910872303399
44.39,-0.069336,0.440186,-0.577881,66.986084,71.105957,-75.752258,0.7297380664683734
44.4,-0.142822,0.395508,-0.550537,68.756104,74.111938,-59.280392,0.6927594749384522
44.41,-0.200439,0.403076,-0.479492,59.829708,84.800713,-46.95892,0.6576918978982483
44.42,-0.197754,0.45459,-0.506104,43.968197,98.69384,-44.281002,0.7084489899999858
44.43,-0.150635,0.507813,-0.618652,42.488094,111.762993,-53.138729,0.8144293973684888
44.44,-0.087402,0.52124,-0.666504,46.19598,116.271965,-59.082027,0.8506220248853189
44.45,-0.000488,0.508057,-0.720215,45.806881,115.188591,-55.480953,0.8813806213084107
44.46,0.089111,0.49585,-0.733154,48.46191,110.977165,-45.150753,0.8895632526903301
44.47,0.131836,0.504395,-0.678711,54.550167,99.212639,-31.135557,0.8558292285508833
44.48,0.151611,0.550537,-0.631104,59.768673,80.635063,-21.125792,0.8510987853980289
44.49,0.149902,0.61792,-0.653076,62.232967,60.394283,-14.686584,0.9114845022160278
44.5,0.115723,0.681152,-0.66333,58.639523,46.371456,-15.663146,0.9577925395058159
44.51,0.120117,0.723633,-0.682373,34.599304,41.099545,-24.314878,1.0018511483783406
44.52,0.158691,0.747559,-0.722412,8.18634,38.734436,-19.15741,1.0516208393266082
44.53,0.134521,0.718262,-0.713623,3.120422,42.79327,-9.056091,1.0213980547338044
44.54,0.137939,0.694092,-0.689697,6.958007,48.362728,-11.123656,0.9881663948920749
44.55,0.136719,0.691162,-0.675537,5.821228,51.834103,-14.831542,0.9760877181759845
44.56,0.127686,0.709229,-0.647461,0.099182,50.521847,-14.205932,0.9687699600823717
44.57,0.113037,0.744141,-0.627441,-4.455566,45.616146,-11.734008,0.9799007091185312
44.58,0.092041,0.763428,-0.645752,-5.40924,40.130615,-9.475708,1.0041361971211873
44.59,0.080322,0.762695,-0.666748,-3.90625,33.905029,-8.171082,1.0162225062519528
44.6,0.088623,0.753662,-0.688721,-4.394531,27.648924,-6.759643,1.0247912285992695
44.61,0.097168,0.742188,-0.707031,-5.905151,24.002073,-4.142761,1.0296492036266525
44.62,0.096436,0.742676,-0.700684,-6.217956,20.362852,-3.471374,1.0255854966447213
44.63,0.073975,0.74585,-0.666748,-6.248474,14.366149,-5.79071,1.0031537362882121
44.64,0.053711,0.765381,-0.609375,-6.690979,8.216858,-9.109497,0.9798116335842313
44.65,0.047852,0.802979,-0.547363,-7.530212,5.569458,-10.307311,0.972970370624923
44.66,0.034668,0.835693,-0.521973,-7.598876,6.935119,-9.269714,0.9859211293009194
44.67,-0.002686,0.85498,-0.55249,-5.599975,10.437011,-8.354187,1.017960320983092
44.68,-0.006348,0.843018,-0.590332,-2.677917,14.10675,-7.781982,1.029180021012845
44.69,0.022705,0.801025,-0.572754,-4.28772,18.486023,-2.990722,0.9849891939336187
44.7,0.068604,0.778076,-0.521973,-8.934021,23.315428,2.914428,0.9394490850072718
44.71,0.106689,0.759766,-0.486572,-9.513855,25.634764,4.669189,0.9085038407519256
44.72,0.121094,0.734619,-0.485596,-7.392883,24.29962,2.76947,0.8888938672378159
44.73,0.133057,0.723389,-0.515137,-6.340026,20.812986,-0.75531,0.8979765806183365
44.74,0.154053,0.726563,-0.548828,-5.569458,16.220093,-5.485534,0.9234924435868438
44.75,0.170654,0.740723,-0.554443,-4.623413,10.246276,-10.292052,0.9408508865351619
44.76,0.185303,0.771484,-0.525146,-3.89862,0.488281,-12.46643,0.951474164326599
44.77,0.17334,0.803223,-0.493652,-4.432678,-11.184691,-10.513305,0.9585959735117815
44.78,0.098877,0.8125,-0.500488,-6.614685,-18.15033,-8.31604,0.9593858187783474
44.79,0.009277,0.780762,-0.541016,-8.766174,-17.860413,-6.576538,0.9499335111622287
44.8,-0.066406,0.724609,-0.546631,-11.985778,-12.260436,-3.684997,0.9100952751651883
44.81,-0.102051,0.691162,-0.508789,-17.883301,-1.434326,-2.151489,0.8642832656982317
44.82,-0.117432,0.66748,-0.491699,-22.048948,15.922545,-1.831055,0.8373098181826127
44.83,-0.112549,0.609131,-0.494873,-22.010801,35.934448,-0.816345,0.7928474876614039
44.84,-0.061035,0.538818,-0.474854,-22.293089,55.229183,-0.328064,0.7207887552292974
44.85,0.007324,0.47583,-0.412354,-26.130674,69.404602,-1.083374,0.6296853588833077
44.86,0.036377,0.436768,-0.306641,-32.447815,76.11084,-3.509521,0.5349002475546258
44.87,0.063232,0.423584,-0.195557,-41.801449,77.278137,-6.881713,0.4708123098741154
44.88,0.074951,0.435303,-0.0896,-55.541988,78.727722,-7.980346,0.4507044643777117
44.89,0.054443,0.488525,-0.003662,-71.372986,80.940239,-7.095336,0.49156294217322766
44.9,0.040527,0.580811,0.008789,-84.602348,83.602898,-7.286071,0.5822895344852078
44.91,0.029541,0.664063,-0.052246,-93.887321,85.556023,-5.470275,0.6667698127285008
44.92,0.055664,0.7146,-0.077148,-99.716179,84.434502,-1.846313,0.7209046086688585
44.93,0.137695,0.715576,-0.075439,-106.262199,79.376221,3.15094,0.73259809412938
44.94,0.181641,0.698242,-0.119141,-111.976616,72.570801,8.972168,0.7312522966295559
44.95,0.119385,0.720459,-0.16333,-114.959709,64.537048,10.856627,0.7483252219496547
44.96,-0.009521,0.7854,-0.129639,-120.796196,54.924007,9.338379,0.796084216500993
44.97,-0.08252,0.924561,0.020508,-129.302979,43.960567,7.957458,0.9284628001083295
44.98,0.012207,1.074707,0.102051,-134.513855,31.219481,14.923095,1.079610371059393
44.99,0.221191,1.162354,0.001465,-124.176018,27.046202,32.897949,1.1832136011819676
45.0,0.357666,1.174805,-0.084229,-92.689507,37.635803,59.562679,1.2309290312694716
45.01,0.373047,1.185303,-0.145996,-59.860226,60.226437,75.721741,1.2511682932499528
45.02,0.269043,1.218018,-0.226074,-38.024902,87.455742,64.193726,1.2676992694046172
45.03,0.176025,1.266602,-0.26001,-20.095823,111.824028,28.602598,1.3049408519657126
45.04,0.177734,1.292725,-0.247314,-18.051147,136.100769,13.137816,1.3281157761946056
45.05,0.237549,1.33667,-0.276611,-29.602049,158.813477,23.689268,1.3855070774348286
45.06,0.395996,1.426025,-0.359863,-31.295774,178.649887,29.609678,1.5231091593874684
45.07,0.537354,1.411865,-0.384277,-14.518737,200.370773,25.314329,1.5587754528058235
45.08,0.569092,1.321045,-0.393311,1.091003,212.37944,12.4588,1.4912139816974626
45.09,0.502686,1.193848,-0.383545,7.484436,204.872116,-3.860473,1.3509526374840088
45.1,0.4021,1.089355,-0.3479,1.441955,182.579025,-13.435363,1.2121935225140414
45.11,0.36499,1.094727,-0.331299,-11.360168,160.102844,-14.343261,1.2005848291686847
45.12,0.508057,1.153076,-0.392822,-15.968322,148.094177,-10.734557,1.3198542725274636
45.13,0.710205,1.179688,-0.467529,-10.086059,151.58844,-12.176513,1.4541795918008202
45.14,0.762207,1.136963,-0.484619,-3.02124,148.040771,-16.433716,1.4520674741137203
45.15,0.712402,1.059082,-0.529785,0.953674,125.137321,-16.098022,1.3819708530041435
45.16,0.646973,0.992676,-0.561035,-0.892639,98.556511,-14.556884,1.3110072367954344
45.17,0.566162,0.963379,-0.548828,-6.454467,78.483582,-16.975403,1.2449299905894307
45.18,0.482666,0.943115,-0.506836,-8.743286,63.125607,-20.187376,1.1744424641833247
45.19,0.435791,0.901611,-0.439209,-8.522034,49.491879,-20.278929,1.0934901630481182
45.2,0.385254,0.849609,-0.375244,-8.758545,42.480465,-16.731262,1.0055168605911091
45.21,0.306641,0.824463,-0.295654,-10.131835,42.991634,-10.56671,0.9279974293962241
45.22,0.293701,0.838867,-0.190918,-13.359069,40.267941,-1.724243,0.9090697463968317
45.23,0.345459,0.862549,-0.078369,-17.066956,31.463621,6.256103,0.9324561106255886
45.24,0.375732,0.865479,0.033203,-22.575377,17.14325,9.086609,0.9441032117697725
45.25,0.371826,0.856689,0.070557,-33.927917,-6.523132,10.917663,0.9365622815627374
45.26,0.380859,0.847168,-0.035889,-46.409603,-35.011292,16.067505,0.9295349473935878
45.27,0.357422,0.86499,-0.214111,-51.170345,-50.445553,21.797178,0.9601050497237269
45.28,0.293213,0.931396,-0.269531,-48.171993,-44.967648,24.80316,1.0129754844743282
45.29,0.281982,1.036865,-0.263672,-41.122433,-25.642393,24.841307,1.1064021873319847
45.3,0.293701,1.098633,-0.262939,-26.840208,2.845764,21.598814,1.1672153459456398
45.31,0.317383,1.078613,-0.233643,-7.263183,32.104492,16.265869,1.1483584039432115
45.32,0.326416,0.995361,-0.156006,8.56781,56.083675,12.519835,1.0590697792936026
45.33,0.313477,0.93042,-0.065674,13.47351,70.297241,10.162353,0.9840031911559027
45.34,0.32373,0.910156,-0.029297,11.520385,77.011108,9.757996,0.9664591928503758
45.35,0.376953,0.913818,-0.027344,9.83429,79.086304,10.368346,0.9888905883205684
45.36,0.434082,0.929932,-0.049561,10.055541,73.913574,10.0708,1.0274517020614642
45.37,0.46582,0.950684,-0.09375,9.83429,60.9436,8.468628,1.062815789662536
45.38,0.509766,0.97168,-0.128418,8.331299,45.272823,4.91333,1.1047690165278894
45.39,0.531006,0.974365,-0.171387,7.011413,34.172058,-2.609253,1.1228214591064778
45.4,0.498047,0.953857,-0.199463,6.66809,27.183531,-11.383056,1.0943854344000563
45.41,0.446045,0.920898,-0.171143,5.310058,21.476744,-16.403198,1.037448405887252
45.42,0.409668,0.900146,-0.134033,3.387451,17.776489,-17.105103,0.9980258196204145
45.43,0.371582,0.883301,-0.115234,1.64032,17.913818,-16.075134,0.9651801459214752
45.44,0.327148,0.876465,-0.085938,-1.701355,17.929077,-14.381408,0.9394690255527322
45.45,0.29541,0.893311,-0.064209,-6.378173,14.518737,-11.817931,0.9430770946757216
45.46,0.277344,0.908691,-0.05542,-8.430481,7.835388,-10.131835,0.9516881864439634
45.47,0.290039,0.921143,-0.044189,-8.804321,0.419617,-10.787963,0.9667366320208416
45.48,0.302246,0.946045,-0.026123,-8.811951,-4.127502,-12.359618,0.9934969540315662
45.49,0.311279,0.960693,-0.020996,-6.134033,-4.089355,-13.175963,1.0100824164918425
45.5,0.30249,0.95752,-0.046387,-1.159668,1.968384,-11.894225,1.0052345518678714
45.51,0.304443,0.945557,-0.072266,4.997253,11.627196,-8.483887,0.9959849171819822
45.52,0.31958,0.934082,-0.065918,10.612487,21.125792,-3.944397,0.9894370833196015
45.53,0.314209,0.939453,-0.038574,13.374328,29.075621,-2.029419,0.9913562368624106
45.54,0.309814,0.934326,-0.013428,14.404296,34.042358,-1.464844,0.9844440563363669
45.55,0.317627,0.927002,-0.005859,12.893676,35.499573,0.991821,0.979925480337153
45.56,0.337158,0.936279,-0.013916,8.361816,31.806944,4.051208,0.9952324039444255
45.57,0.353516,0.946045,-0.022949,3.097534,24.642942,5.455017,1.010198673965671
45.58,0.374756,0.950684,-0.049561,-0.50354,14.701842,5.096435,1.0230828021782987
45.59,0.412354,0.946533,-0.084229,0.701904,4.966736,4.959106,1.0358837125112064
45.6,0.451416,0.932373,-0.075195,7.026672,-1.365662,5.638122,1.038628954059148
45.61,0.450439,0.932861,-0.061523,11.878966,-4.249573,5.279541,1.037742751153194
45.62,0.420166,0.945068,-0.067139,14.144897,-2.975464,2.822876,1.0364365091509464
45.63,0.398438,0.960449,-0.06665,14.648437,5.714416,-1.312256,1.0419488202138338
45.64,0.378418,0.965576,-0.05542,14.495849,14.930724,-4.135132,1.0385608171407201
45.65,0.367432,0.954102,-0.0979,14.831542,15.480041,-2.838135,1.0270838870452597
45.66,0.375244,0.925537,-0.147461,16.235352,8.148193,0.091553,1.0095402638954032
45.67,0.321533,0.894531,-0.191406,17.295837,-3.982544,2.731323,0.9696419116797705
45.68,0.26416,0.86792,-0.237305,21.156309,-20.477293,5.371093,0.9377522567421526
45.69,0.292236,0.833496,-0.222412,29.289244,-35.507202,8.323669,0.9108153267572962
45.7,0.364258,0.810059,-0.12915,36.056519,-44.570919,9.712219,0.8975294961977572
45.71,0.371582,0.790527,-0.085693,36.392212,-50.323483,12.08496,0.8776955113830764
45.72,0.321777,0.765869,-0.094971,35.568237,-59.112545,19.088745,0.8361311223313004
45.73,0.251221,0.69873,-0.124512,37.29248,-71.060181,27.023314,0.7528870047258087
45.74,0.204102,0.625732,-0.136719,37.506104,-77.507019,33.493042,0.6722278238729783
45.75,0.134277,0.556641,-0.17334,31.272886,-75.912476,43.968197,0.5982693968522876
45.76,0.082764,0.491211,-0.200439,19.53125,-74.676514,58.609005,0.5369487116457213
45.77,0.036621,0.442871,-0.185791,14.389037,-73.234558,75.996399,0.48165767507951124
45.78,-0.030273,0.400146,-0.121826,13.839721,-69.046021,95.520012,0.4193743555834095
45.79,-0.113525,0.352783,-0.084961,10.101317,-57.891842,115.089409,0.38021328519003644
45.8,-0.219482,0.296143,-0.10376,2.26593,-37.93335,135.620117,0.38293493229659786
45.81,-0.327393,0.250977,-0.165283,-7.637023,-13.961791,160.171509,0.4444030839980749
45.82,-0.348389,0.195068,-0.202393,-10.658263,8.926392,184.03624,0.4476486863534841
45.83,-0.259521,0.115479,-0.168457,-10.604857,35.202026,203.681931,0.33024886030234835
45.84,-0.091309,0.02124,-0.072998,-11.505126,66.215515,217.201218,0.11881573584757198
45.85,0.028564,-0.09082,-0.001953,-17.951965,100.440971,227.493271,0.0952259875506681
45.86,0.097412,-0.223389,0.037598,-28.602598,128.074646,240.684494,0.24658741384953126
45.87,0.172363,-0.329346,0.110107,-45.3186,141.487122,249.992355,0.3876871714849487
45.88,0.207764,-0.368408,0.125244,-71.762085,153.816223,249.992355,0.44110814285841515
45.89,0.194824,-0.368896,0.048828,-92.7658,173.522934,249.786362,0.42002955059852637
45.9,0.21875,-0.351563,0.028076,-98.44207,194.23674,249.992355,0.41501369524992787
45.91,0.334229,-0.371582,0.122803,-92.52166,213.478073,249.992355,0.5146482138062853
45.92,0.446777,-0.478271,0.212646,-89.973442,230.0186,249.992355,0.6881650663074957
45.93,0.540771,-0.619873,0.236328,-92.14782,239.837631,249.992355,0.8558777565482117
45.94,0.631104,-0.76001,0.254639,-89.675896,242.88176,249.992355,1.0201708088535957
45.95,0.716064,-0.910645,0.321045,-83.518974,235.176071,249.992355,1.2021197361935292
45.96,0.894775,-1.047852,0.409912,-84.358208,210.754379,249.992355,1.4375826801519973
45.97,1.094482,-1.115723,0.49585,-93.833916,192.016586,249.992355,1.6396938383591613
45.98,1.017578,-1.127197,0.686279,-105.12542,205.467209,249.992355,1.6664383963213283
45.99,0.941406,-1.107178,1.061768,-120.285027,234.329208,249.992355,1.799844345032092
46.0,1.417236,-1.130371,1.333984,-140.342712,232.856735,249.992355,2.250735388621461
46.01,1.875977,-1.244629,1.243164,-159.614563,170.318588,249.992355,2.571740224646727
46.02,1.903564,-1.260986,1.125732,-166.01561,30.319212,249.992355,2.545763958051885
46.03,1.626221,-1.028564,1.125732,-160.591125,-131.347656,249.992355,2.2293073316079592
46.04,1.20752,-0.794434,1.044189,-133.041382,-203.392014,249.992355,1.7831322436872146
46.05,1.019287,-0.825195,1.015869,-82.824699,-159.095764,249.992355,1.6588799237904472
46.06,1.353271,-1.110596,1.076172,-24.67346,-59.486385,249.992355,2.054972517636428
46.07,1.797852,-1.50293,1.014404,7.537841,27.282713,249.992355,2.5534458823362596
46.08,2.048096,-1.702393,0.812012,-9.544373,43.006893,249.992355,2.784277759098219
46.09,1.970459,-1.517578,0.579346,-40.763851,-3.067016,249.992355,2.553701909871432
46.1,1.550781,-1.194092,0.377686,-49.354549,-51.300045,249.992355,1.993344959865452
46.11,1.175049,-1.033691,0.303711,-36.880493,-55.236813,249.992355,1.5942075170450678
46.12,0.931641,-1.065918,0.22998,-8.68988,-5.577087,243.865952,1.4342339195560116
46.13,0.678467,-1.195313,0.481201,17.64679,78.216553,198.638901,1.4562434688124786
46.14,1.007324,-1.29541,0.593994,16.197205,198.303207,78.926086,1.7451697857549562
46.15,1.525635,-1.195801,0.560059,-22.78137,249.992355,-72.624207,2.0177136239583158
46.16,1.533447,-0.89209,0.645996,-59.18121,249.992355,-117.736809,1.888013533300278
46.17,1.425293,-0.624512,0.637451,-49.301144,248.680099,-87.692253,1.6816120692341618
46.18,1.470459,-0.564697,0.607422,-19.416809,249.992355,-80.604546,1.6882220998950344
46.19,1.492676,-0.710449,0.442871,3.349304,243.736252,-83.839409,1.7114187521521436
46.2,1.364746,-0.858643,0.32251,0.869751,181.846603,-60.974117,1.6443272624587237
46.21,1.127686,-0.894531,0.154297,-18.035889,109.565727,-46.966549,1.4476425625015312
46.22,0.936035,-0.880615,0.022217,-28.678892,62.309261,-39.93988,1.2853551628009279
46.23,0.792236,-0.812988,0.039551,-27.381895,32.333374,-26.039122,1.1358484271420197
46.24,0.714111,-0.736816,0.101318,-13.526916,17.578125,-13.381957,1.031075979402585
46.25,0.645508,-0.728271,0.179932,8.369446,13.450622,-5.630493,0.9896639591947359
46.26,0.620117,-0.802734,0.257568,29.304502,10.475158,-2.296448,1.046550640470398
46.27,0.627441,-0.89624,0.33667,39.672852,3.15094,-0.221252,1.1446724575095708
46.28,0.600098,-0.946045,0.375244,37.582397,-9.788513,3.852844,1.181493466408088
46.29,0.558594,-0.937744,0.39209,29.739378,-25.787352,11.184691,1.1597955140765117
46.3,0.516113,-0.905762,0.406982,22.895811,-42.060848,20.179747,1.119112048785554
46.31,0.441162,-0.869873,0.424561,17.326355,-59.959408,31.09741,1.063745735170769
46.32,0.362793,-0.831787,0.42627,12.634276,-76.774597,42.8009,1.00259387945369
46.33,0.279297,-0.796387,0.391846,11.58142,-87.532036,53.092953,0.9304742638536544
46.34,0.168213,-0.791748,0.364502,14.312743,-89.347832,59.249874,0.8877061545787548
46.35,0.121582,-0.818115,0.349121,16.784668,-83.259575,61.264034,0.8977637821776951
46.36,0.156006,-0.839355,0.336182,16.479492,-71.540833,58.654781,0.9175363890249802
46.37,0.227295,-0.845947,0.321045,13.191222,-60.577389,52.825924,0.9329304560678678
46.38,0.261475,-0.833984,0.294434,8.872986,-53.428646,46.348568,0.9222742912154712
46.39,0.238037,-0.817139,0.257324,5.119323,-49.011227,40.390011,0.8891531924623562
46.4,0.256836,-0.820313,0.236084,4.440308,-48.423763,38.269043,0.8914111306916691
46.41,0.344971,-0.872314,0.200439,9.475708,-52.658077,42.137142,0.9592249465886509
46.42,0.435303,-0.980957,0.144043,17.776489,-62.19482,47.622677,1.08282672829359
46.43,0.462402,-1.128662,0.100098,20.126341,-76.10321,47.058102,1.2238109042870962
