t,ax,ay,az,gx,gy,gz,acc_mag
1.0,0.469482,-0.825684,-0.348877,-100.196831,46.478268,102.943413,1.0118708303479254
1.01,0.254883,-0.801514,-0.380371,-92.552177,36.262512,117.240898,0.9230775338648428
1.02,0.168701,-0.829834,-0.328857,-84.625237,42.785641,119.476311,0.9084224905879422
1.03,0.145508,-0.880371,-0.348633,-81.80999,55.580135,113.967888,0.9580034678402788
1.04,0.123047,-0.907227,-0.394043,-76.202393,63.247677,96.527092,0.9967302943058368
1.05,0.134766,-0.887695,-0.369385,-67.138672,61.248775,84.526054,0.9708808196714982
1.06,0.116699,-0.865234,-0.321777,-57.273861,60.966488,92.430107,0.9304778176216777
1.07,0.110352,-0.869873,-0.195557,-43.945309,67.878723,96.458427,0.8983869657792237
1.08,0.023438,-0.861816,-0.227051,-37.918091,95.077507,96.42791,0.8915314432486383
1.09,-0.214111,-0.914551,-0.472412,-24.16992,167.938217,97.595207,1.0513896279048982
1.1,-0.696533,-0.895264,-0.695557,11.924743,249.992355,59.249874,1.3305846046133256
1.11,-0.619629,-1.094727,0.191895,62.286373,249.992355,-5.867004,1.2724743585609102
1.12,0.202148,-1.179932,0.427979,2.410889,248.260483,-25.276182,1.271325828798031
1.13,0.608887,-0.875732,0.054199,-93.0252,249.992355,74.84436,1.067982886657834
1.14,0.422119,-0.664795,-0.230469,-84.129326,249.992355,124.191277,0.8205198365347423
1.15,-0.025879,-0.678467,0.125,-6.515502,249.969467,53.016659,0.690371054383076
1.16,0.291016,-0.871826,0.514893,40.016174,249.992355,-81.619255,1.0535111238050598
1.17,0.895508,-0.984863,0.4729,0.076294,249.526962,-97.05352,1.4126302123461043
1.18,1.001465,-0.87793,-0.012207,-18.936157,206.779465,8.285522,1.3318566897282906
1.19,0.550781,-0.688721,-0.284912,0.015259,164.993271,26.382444,0.9267530272656248
1.2,0.1604,-0.82959,0.099365,23.185728,191.993698,-35.217285,0.8507767811388602
1.21,0.511719,-1.108154,0.189941,29.449461,181.12944,-55.503841,1.2352891184487946
1.22,1.010498,-0.964355,0.008789,18.241882,66.253662,-39.81781,1.396840728411797
1.23,0.517578,-0.865723,-0.057617,21.812437,-48.72131,-17.028809,1.0102885812984328
1.24,0.14502,-0.772949,-0.120605,16.921997,-84.220879,-36.178589,0.7956296393586655
1.25,0.242676,-0.794434,-0.148193,12.916564,-77.377319,-68.122864,0.8437879985997667
1.26,0.317383,-0.900146,-0.102295,11.993407,-78.453064,-77.278137,0.9599265893962934
1.27,0.239014,-0.932129,-0.108887,5.905151,-83.580009,-66.390991,0.9684258069702604
1.28,0.158691,-0.878906,-0.167725,0.007629,-89.759819,-56.663509,0.9087300291846858
1.29,0.126953,-0.833008,-0.212402,-3.814697,-93.65844,-62.118526,0.8689844658433199
1.3,0.149414,-0.8479,-0.197754,-5.851745,-96.351616,-69.717407,0.8833830414446499
1.31,0.205566,-0.88501,-0.23999,-5.867004,-111.999504,-74.386597,0.9397314938619435
1.32,0.270752,-0.867676,-0.268799,-7.644653,-142.799377,-76.545715,0.9478508262806971
1.33,0.256348,-0.837646,-0.298096,-8.277893,-175.308212,-82.550041,0.9253249935217356
1.34,0.206787,-0.83252,-0.383545,-4.425049,-184.898361,-83.206169,0.9396580126801453
1.35,0.20166,-0.822021,-0.514404,-1.594543,-169.151291,-81.382744,0.9904528031446022
1.36,0.264404,-0.822754,-0.507568,-1.983642,-152.061462,-81.390373,1.0022269674859083
1.37,0.26001,-0.854492,-0.413574,0.907898,-132.240295,-77.102661,0.9842790415527499
1.38,0.196777,-0.878662,-0.402832,0.892639,-99.372856,-56.335445,0.9864287699560471
1.39,0.235352,-0.842285,-0.375977,-3.318786,-66.101074,-32.791138,0.9519418520361419
1.4,0.317627,-0.797363,-0.342773,-3.837585,-38.05542,-18.554688,0.9242120938545437
1.41,0.369141,-0.758545,-0.382324,-2.975464,-24.627684,-16.464233,0.9261896327869363
1.42,0.35376,-0.748047,-0.461426,-1.480102,-34.294128,-24.757383,0.9474356998155601
1.43,0.195801,-0.764893,0.26416,-40.206905,-14.404296,-92.056267,0.8325742241085776
1.44,0.350342,-0.44873,-0.351563,-92.933647,73.638916,-189.262375,0.6690998974988712
1.45,0.700684,-0.730957,-0.195557,5.149841,41.755672,-78.514099,1.0312607545882855
1.46,0.513184,-1.07251,-0.005371,9.490967,42.243954,22.361753,1.1889761837803985
1.47,0.441895,-0.789063,-0.106201,-33.699036,43.235775,-26.763914,0.9105878658289929
1.48,0.539795,-0.542725,-0.176758,-39.047241,32.981873,-62.973019,0.7856032447832685
1.49,0.58374,-0.737061,-0.091064,-11.665343,26.046751,-40.138245,0.9446184189486251
1.5,0.660645,-0.894287,-0.113281,-6.568908,3.509521,-21.835325,1.1176017355726504
1.51,0.732178,-0.822998,-0.241211,-10.2005,-40.390011,-14.617919,1.1276493596012016
1.52,0.717041,-0.65625,-0.32251,-9.735107,-87.013237,-6.721496,1.0241213591567164
1.53,0.650879,-0.749756,-0.134277,11.45172,-103.645317,2.319336,1.0019021134352397
1.54,0.4729,-0.875244,-0.216553,1.502991,-93.269341,10.803222,1.0181265497692318
1.55,0.60498,-0.71582,-0.353516,-16.88385,-103.698723,-13.450622,1.0016848980872177
1.56,0.580078,-0.608643,-0.55127,-19.142151,-116.34063,-25.619505,1.005403103453038
1.57,0.651123,-0.582031,-0.477539,-17.799377,-145.812988,-56.900021,0.9953716605424328
1.58,0.754395,-0.70874,-0.298828,-2.540588,-143.043518,-62.667843,1.0773682644337543
1.59,0.691162,-0.80835,-0.27002,19.53125,-117.84362,-13.122558,1.0972900405745056
1.6,0.50415,-0.906738,-0.267578,46.31805,-93.627922,46.905514,1.0714191566459879
1.61,0.33252,-0.90332,-0.449219,41.53442,-82.229607,80.612175,1.0622402189528506
1.62,0.366455,-0.773438,-0.549805,24.078367,-103.2257,84.213249,1.0172419303656333
1.63,0.415771,-0.707031,-0.369873,19.882202,-112.388603,82.763664,0.8997579649722474
1.64,0.30249,-0.743896,-0.4021,25.215147,-91.041557,79.13208,0.8980901229364455
1.65,0.220215,-0.757324,-0.557617,10.345458,-91.110222,54.191586,0.9659042426089659
1.66,0.316406,-0.678955,-0.607666,-26.214598,-120.376579,-11.070251,0.9645468451127711
1.67,0.467529,-0.630615,-0.501953,-40.534969,-133.079529,-82.809441,0.9317807994775381
1.68,0.470703,-0.613281,-0.550781,-19.14978,-128.829956,-81.138603,0.9492284283200751
1.69,0.543457,-0.51709,-0.550537,18.409729,-142.448425,-16.593933,0.9304937223420694
1.7,1.13208,-0.135742,-0.323242,60.913082,-154.418945,59.524532,1.1851229503844738
1.71,0.488037,-0.667725,0.1604,122.627251,-126.045219,125.694267,0.8424754886606494
1.72,-0.750488,-1.452637,0.467041,112.617485,-58.021542,117.286674,1.7004451733572594
1.73,-1.303955,-1.434326,-0.872314,10.848998,-0.907898,34.889221,2.1256814039025227
1.74,-0.392334,-0.939697,-0.727783,-45.974728,-8.430481,-65.361023,1.2516487184725593
1.75,0.446533,-0.643311,-0.311035,-67.985535,71.220398,-75.942993,0.8426052065083623
1.76,0.568848,-0.586914,-0.556641,-55.107113,93.383781,-24.238585,0.9888909410956297
1.77,0.352539,-0.681641,-0.591553,-31.524656,70.747375,0.816345,0.9689443488720083
1.78,0.163818,-0.807617,-0.441406,-35.552979,77.354431,-5.783081,0.9348373188148835
1.79,0.256348,-0.86377,-0.425537,-32.958984,80.375664,-12.977599,0.9964409909136617
1.8,0.467041,-0.794922,-0.252197,-2.510071,54.222103,30.982969,0.955840786205527
1.81,0.164063,-0.710449,-0.424805,-12.580871,101.119987,46.386715,0.8438683176864741
1.82,0.281982,-0.838623,-0.184326,2.204895,114.486687,20.729063,0.9037579646835762
1.83,0.229492,-0.815918,-0.586426,-17.799377,158.843994,46.493526,1.0306717296326702
1.84,0.232422,-0.837891,-0.329834,-22.613523,115.661613,60.279842,0.929984828650984
1.85,0.372314,-0.830322,-0.435303,-51.063534,116.310112,-37.384033,1.0087323927033374
1.86,0.427002,-0.679443,-0.531006,-51.513668,120.719902,-65.719604,0.9622582139368829
1.87,0.359863,-0.742432,-0.427734,-31.593321,136.199951,-22.705076,0.9293347234172411
1.88,0.301025,-0.925293,-0.352539,-26.56555,146.41571,9.605408,1.0349236363109116
1.89,0.342041,-0.969971,-0.277588,-41.770931,151.374817,14.953612,1.0653125758508628
1.9,0.367432,-0.922363,-0.237549,-62.095638,156.486511,21.278379,1.020876733888083
1.91,0.392822,-0.836182,-0.224365,-77.880859,153.961182,31.85272,0.9507097948548758
1.92,0.448242,-0.756348,-0.290039,-86.250298,144.393921,39.901733,0.9258000913744825
1.93,0.494873,-0.67627,-0.385254,-79.818726,123.680107,40.931698,0.9223128772520744
1.94,0.463623,-0.700684,-0.393799,-65.452576,108.352654,35.224915,0.9278911608513145
1.95,0.461914,-0.724365,-0.459229,-63.194271,111.511223,34.858704,0.9741460214269727
1.96,0.484131,-0.702393,-0.472412,-54.504391,114.463799,38.841248,0.9751470911375371
1.97,0.390869,-0.73584,-0.395508,-42.694088,109.161369,43.380733,0.9223153792629721
1.98,-0.109375,-0.743896,-0.745117,-45.631405,162.437424,31.86035,1.0585572696505372
1.99,0.265137,-0.594727,-0.467285,-87.821953,249.992355,15.380858,0.8014693409750618
2.0,1.195801,-1.036865,-0.008789,-68.733215,238.265976,52.589413,1.5827527622300963
2.01,0.386719,-0.649902,-0.112793,-40.840145,114.143364,70.404053,0.7646217727831192
2.02,0.249023,-0.494385,-0.30249,-30.181883,80.55114,37.002563,0.6308162829651752
2.03,0.745361,-0.685547,-0.34375,-12.870788,79.269409,2.471924,1.0694399338111515
2.04,0.697754,-0.773193,-0.318359,1.602173,35.987854,1.38092,1.0890548712741703
2.05,0.475098,-0.800537,-0.280518,6.54602,2.479553,-3.829956,0.9722489116975139
2.06,0.454346,-0.733887,-0.329834,-1.12915,4.318237,-20.629881,0.9240188764527486
2.07,0.493164,-0.727539,-0.354004,1.358032,-5.531311,-26.222227,0.9475455447803024
2.08,0.468018,-0.72876,-0.35791,8.575439,-15.029906,-16.441345,0.9371400930618644
2.09,0.464111,-0.748291,-0.334229,15.457152,-14.450072,-5.714416,0.9418319730413701
2.1,0.483154,-0.786133,-0.279297,21.789549,-13.664245,-1.556396,0.9640797143462775
2.11,0.492188,-0.874756,-0.157471,22.90344,-13.175963,0.320435,1.0159941942358726
2.12,0.487793,-0.887451,-0.105469,15.2359,-25.848387,-2.838135,1.0181527381542514
2.13,0.465332,-0.835938,-0.098877,5.41687,-50.071712,-13.458251,0.9618226817854734
2.14,0.414063,-0.793945,-0.197266,-0.923157,-68.115234,-13.305663,0.9169027787884603
2.15,0.4375,-0.780029,-0.291992,5.554199,-72.349548,4.53949,0.9408032838510928
2.16,0.559326,-0.671387,-0.469482,21.01898,-92.109673,21.316526,0.9919775331977031
2.17,0.489014,-0.707275,-0.427246,42.572018,-129.096985,14.663695,0.9601623624871994
2.18,0.431641,-0.774414,-0.415283,50.178524,-144.264221,-0.740051,0.9790255187511713
2.19,0.438232,-0.798584,-0.461426,43.907162,-134.307861,-5.020141,1.0211256751037063
2.2,0.389893,-0.836426,-0.441406,31.494139,-117.34008,-8.987427,1.0229683581426163
2.21,0.327881,-0.854004,-0.394531,15.090941,-102.653496,-14.968871,0.99623465716567
2.22,0.292236,-0.766602,-0.390625,1.983642,-80.841057,-14.518737,0.9086629720226307
2.23,0.276855,-0.525635,-0.500244,3.601074,-66.558838,-8.171082,0.776649794814883
2.24,0.341553,-0.519531,-0.31665,57.090755,-61.309811,5.477905,0.6977378693105312
2.25,0.064697,-0.839844,-0.310547,71.266174,-7.240295,31.196592,0.897754468300771
2.26,0.276611,-1.032471,-0.28125,62.538143,29.922483,13.397216,1.105265386077932
2.27,0.325439,-0.979004,-0.278809,33.454895,57.838436,15.090941,1.0686879026254579
2.28,0.299805,-0.797607,-0.317139,17.868042,91.079704,6.156921,0.9091958588747531
2.29,0.389404,-0.79834,-0.414795,20.988462,113.533012,15.61737,0.9803250087807615
2.3,0.823975,-0.834229,-0.444824,32.691956,61.012264,23.117064,1.2540897958447792
2.31,0.492432,-0.949707,-0.166992,24.635313,14.556884,12.321471,1.0827368048316266
2.32,0.032227,-0.86084,-0.173584,-17.066956,48.606869,0.717163,0.8787579246783497
2.33,0.334473,-0.671387,-0.322021,-39.016724,71.281433,-21.301268,0.8162905217745702
2.34,0.729736,-0.576172,-0.37793,-26.573179,39.794922,-17.196655,1.0036532708958807
2.35,0.446289,-0.754395,-0.292236,-10.643004,14.976501,-5.714416,0.9239521455367696
2.36,0.357178,-0.763184,-0.316162,-11.566161,29.45709,-12.039184,0.8999913065046794
2.37,0.485107,-0.733154,-0.39624,-16.571045,44.738766,-5.867004,0.9642871599088105
2.38,0.439697,-0.706543,-0.44165,-14.86206,57.632442,3.097534,0.9421205788846776
2.39,0.425049,-0.728027,-0.458252,-6.156921,73.654175,24.940489,0.9595232465313177
2.4,0.400391,-0.733398,-0.255615,-6.759643,82.023613,35.720825,0.873798951424182
2.41,0.124512,-0.836182,-0.078125,-21.080015,129.325867,20.423887,0.8490035870907732
2.42,0.250488,-0.856689,-0.061279,-43.762203,189.407333,19.493103,0.8946593746817836
2.43,0.480957,-0.729492,-0.106934,-55.099483,211.303696,5.088806,0.8802914825607483
2.44,0.444824,-0.753906,-0.12793,-47.607418,230.522141,21.171568,0.88465175787538
2.45,0.564941,-0.865967,-0.140869,-37.712097,249.992355,39.18457,1.0435043141889735
2.46,0.835205,-0.845459,-0.054443,-24.024961,241.050705,51.132198,1.1896774155017822
2.47,0.75293,-0.72998,-0.0271,-18.127441,138.572693,54.588314,1.049051378770363
2.48,0.420166,-0.790039,-0.094727,-4.730225,42.770382,42.930599,0.8998190338095766
2.49,0.432617,-0.790771,-0.172607,-10.032654,25.482176,24.009703,0.9177523737800954
2.5,0.431641,-0.82666,-0.195313,-15.342711,14.076232,22.727964,0.9528000191278335
2.51,0.348877,-0.841064,-0.197021,-19.493103,10.086059,32.63855,0.9316228247880148
2.52,0.285156,-0.812256,-0.224365,-26.016233,14.129638,29.785154,0.8896141900267779
2.53,0.354004,-0.791748,-0.27002,-30.3421,24.986265,19.714355,0.9083471406461299
2.54,0.336914,-0.862061,-0.290771,-29.022215,41.679379,27.259825,0.9701587424530069
2.55,0.381836,-0.8125,-0.295166,-25.817869,71.746826,42.755123,0.9450280146387197
2.56,0.347656,-0.78833,-0.204102,-24.108885,81.481926,47.157284,0.8854301269100798
2.57,0.313232,-0.842041,-0.172363,-20.782469,88.729851,39.18457,0.9147985216833269
2.58,0.384277,-0.801025,-0.222412,-16.960144,98.854057,27.389524,0.9158476735232776
2.59,0.435059,-0.790039,-0.269043,-12.565612,113.861076,15.312194,0.9411812210467227
2.6,0.53125,-0.747559,-0.232178,-8.605957,125.892632,4.325867,0.9460325811857644
2.61,0.490479,-0.783936,-0.117432,-6.561279,109.008781,-6.027221,0.9321564118542552
2.62,0.438232,-0.84082,-0.088867,-3.471374,85.388176,-11.749267,0.9523249980510855
2.63,0.526123,-0.791016,-0.117676,-1.823425,68.763733,-19.966125,0.9572666109088941
2.64,0.612549,-0.786865,-0.126465,-0.671387,49.552914,-22.674559,1.00516973783088
2.65,0.584961,-0.813477,-0.129639,0.320435,30.34973,-14.236449,1.010312066329508
2.66,0.51416,-0.809082,-0.12207,2.151489,11.116027,-6.683349,0.9663722229162011
2.67,0.427979,-0.824219,-0.119141,1.800537,-1.419067,-4.425049,0.9363212922298627
2.68,0.419434,-0.818848,-0.136475,1.319885,-7.041931,-4.478455,0.9300872825090127
2.69,0.476807,-0.807861,-0.164551,2.708435,-11.428832,-6.91986,0.9523976806833373
2.7,0.534424,-0.807373,-0.179688,6.736755,-18.424988,-6.317138,0.9847578129921083
2.71,0.490479,-0.837158,-0.151367,12.016295,-28.640745,-1.617432,0.9819954862900339
2.72,0.409424,-0.843018,-0.139893,11.360168,-30.746458,0.534058,0.947563935335764
2.73,0.448486,-0.809814,-0.173828,13.275146,-31.066893,-2.960205,0.9418888365279631
2.74,0.440918,-0.800537,-0.180908,19.203186,-32.417297,-0.854492,0.9316629624263273
2.75,0.384766,-0.817627,-0.139404,19.523621,-28.648375,0.045776,0.914326124039448
2.76,0.371094,-0.818848,-0.129639,11.993407,-17.753601,-3.982544,0.9083111109421705
2.77,0.407471,-0.801025,-0.125,8.323669,-7.720947,-10.57434,0.9073580695987665
2.78,0.443359,-0.824463,-0.07959,3.990173,11.108397,-13.633727,0.9394897601091775
2.79,0.530518,-0.818848,-0.040527,-0.442505,22.926329,-11.947631,0.9765264119095807
2.8,0.546143,-0.792725,-0.052246,1.25885,7.308959,-7.484436,0.9640615885875757
2.81,0.4646,-0.799805,-0.047363,2.807617,-8.506775,-5.302429,0.9261665356694767
2.82,0.505859,-0.806396,-0.056641,3.02124,-17.00592,-3.265381,0.9536121012120179
2.83,0.520752,-0.783936,-0.098877,4.516602,-34.194946,2.13623,0.9463165214287448
2.84,0.500977,-0.756836,-0.142334,5.546569,-54.916378,1.457214,0.9187152186510246
2.85,0.401367,-0.770508,-0.168213,4.364014,-59.890743,-4.325867,0.8849144931133176
2.86,0.423584,-0.785156,-0.175293,0.801086,-37.872314,-8.239746,0.9091869913505142
2.87,0.537842,-0.813721,-0.148193,1.022339,-27.503965,0.556946,0.986598726967555
2.88,0.458496,-0.817627,-0.132324,-1.678467,-36.148071,11.169433,0.9467006570827973
2.89,0.339111,-0.811768,-0.145264,-7.095336,-35.438538,2.365112,0.8916642786615376
2.9,0.435791,-0.813721,-0.164063,-6.896972,-24.307249,-10.673522,0.9375352417328109
2.91,0.507324,-0.83374,-0.147705,-4.104614,-22.331236,-9.19342,0.9870748682855826
2.92,0.491211,-0.830566,-0.130859,-3.883362,-27.877806,-1.182556,0.9737824216723159
2.93,0.463379,-0.829834,-0.097412,-4.844666,-38.116455,4.40979,0.9554232899301753
2.94,0.405518,-0.822266,-0.089111,-8.796692,-46.157833,6.774902,0.9211443933504672
2.95,0.392822,-0.806152,-0.09082,-12.420653,-48.812862,4.936218,0.9013536726435412
2.96,0.437988,-0.794922,-0.140869,-11.383056,-51.780697,1.792908,0.9184653229104516
2.97,0.509766,-0.803711,-0.181641,-5.630493,-55.282589,2.403259,0.9689201201120761
2.98,0.520752,-0.809326,-0.177979,-3.868103,-61.248775,4.264832,0.9787071800191312
2.99,0.481689,-0.802734,-0.164063,-6.759643,-68.908691,6.011962,0.9504329726214258
3.0,0.458496,-0.782227,-0.139404,-11.405944,-75.592041,1.686096,0.9173500622777545
3.01,0.522461,-0.775146,-0.129639,-15.388488,-86.151115,-3.990173,0.9437282914896639
3.02,0.483398,-0.79126,-0.138916,-17.39502,-98.861687,-2.296448,0.9375839530730035
3.03,0.486084,-0.809082,-0.175781,-15.060424,-98.342888,6.324768,0.9600991082909097
3.04,0.523438,-0.819336,-0.172119,-12.96997,-95.596306,15.502929,0.9873822820473335
3.05,0.414307,-0.840576,-0.140625,-19.287109,-95.191948,22.346495,0.9476252912675981
3.06,0.304199,-0.8396,-0.16626,-26.710508,-93.116753,22.109983,0.9083543246998937
3.07,0.319824,-0.799561,-0.244385,-28.350828,-93.101494,16.929626,0.8951587635285709
3.08,0.310791,-0.769043,-0.330078,-26.046751,-92.407219,12.7182,0.8927315764629365
3.09,0.299316,-0.785156,-0.363525,-20.095823,-87.936394,14.495849,0.915538332248847
3.1,0.205811,-0.837891,-0.369629,-16.479492,-61.706539,37.208557,0.9386400232479969
3.11,0.205322,-0.832031,-0.383057,-19.340515,-24.070738,47.569271,0.9387040928290448
3.12,0.192871,-0.815674,-0.376709,-22.705076,3.135681,39.230347,0.9189303388168224
3.13,0.185059,-0.856201,-0.342041,-24.513243,22.941587,32.989502,0.940382385821321
3.14,0.169434,-0.872803,-0.343994,-24.810789,36.361694,36.613464,0.9533230455627305
3.15,0.189941,-0.839355,-0.369385,-22.094725,47.760006,36.224365,0.9365039656782025
3.16,0.223389,-0.851318,-0.364258,-18.669128,64.239502,34.538269,0.9525381215515734
3.17,0.23999,-0.819092,-0.373047,-18.608093,77.392578,27.610777,0.9314885768344129
3.18,0.24585,-0.804199,-0.362061,-16.395569,85.929863,9.841919,0.9155689061026483
3.19,0.273926,-0.824951,-0.337646,-10.520934,94.818108,7.438659,0.9325151082920855
3.2,0.16748,-0.81958,-0.308838,-7.56073,107.498161,6.568908,0.8917072597237279
3.21,0.22998,-0.849609,-0.365967,-4.463196,155.067444,2.555847,0.95323559436794
3.22,0.53125,-0.675781,-0.330811,-0.244141,135.650635,-9.490967,0.9210550690279057
3.23,0.289063,-0.756104,-0.317383,5.172729,117.378227,-6.607055,0.8694726249135162
3.24,0.284912,-0.818848,-0.209717,10.513305,137.031555,5.874633,0.8920023065760536
3.25,0.226074,-0.738281,-0.182129,3.173828,149.307251,-15.388488,0.7933090577309703
3.26,0.436768,-0.787354,-0.173584,6.904602,152.061462,-42.465206,0.9169645643076945
3.27,0.50293,-0.870361,-0.151855,16.036987,143.409729,-22.682188,1.0166251994938942
3.28,0.464844,-0.843506,-0.144287,23.483274,136.032104,0.541687,0.9738588474419688
3.29,0.212158,-0.890137,-0.130127,26.832579,151.763916,14.686584,0.9242769778924497
3.3,0.678467,-0.789063,-0.10083,23.635862,196.647629,19.882202,1.0455164163981356
3.31,0.343018,-0.694336,-0.072021,25.367735,125.396721,21.301268,0.7777858662003315
3.32,0.388672,-0.826416,-0.06543,27.603148,119.194023,6.752014,0.9155929300404192
3.33,0.540039,-0.859375,-0.013916,24.841307,119.934074,8.277893,1.0150670752231106
3.34,0.529297,-0.83667,0.002197,20.942686,102.447502,8.895874,0.9900388022284783
3.35,0.548584,-0.870605,0.00293,20.492552,83.267204,8.415222,1.0290316107783084
3.36,0.521973,-0.869385,-0.008789,20.248411,65.055847,14.35089,1.0140825101908622
3.37,0.525146,-0.871826,0.003418,21.316526,47.508236,16.212463,1.0177772734326502
3.38,0.479492,-0.901123,0.016602,22.773741,24.627684,21.736143,1.0208872932880495
3.39,0.428467,-0.907227,0.013916,23.994444,5.805969,26.962278,1.0034134016814804
3.4,0.401611,-0.911621,0.014893,23.460386,-4.180908,28.160093,0.9962760884468722
3.41,0.389404,-0.899414,-0.000488,21.217344,-11.192321,21.293638,0.980092473573795
3.42,0.3396,-0.900879,-0.001953,17.623901,-11.444091,11.428832,0.9627642218373095
3.43,0.3396,-0.870361,-0.011963,14.205932,-5.630493,-1.670837,0.934344445956629
3.44,0.337646,-0.855469,0.040039,10.841369,1.426697,-17.486572,0.9205624111368006
3.45,0.441162,-0.868408,0.117432,6.118774,9.674072,-30.609129,0.9810946128340527
3.46,0.52124,-0.851074,0.136963,2.105713,3.562927,-26.588438,1.007361382248198
3.47,0.624023,-0.834473,0.107178,1.533508,-18.341064,-17.623901,1.0474908190251597
3.48,0.583984,-0.845215,0.101074,2.525329,-55.114742,-10.025024,1.0322992114484055
3.49,0.551025,-0.86499,0.065186,-0.808716,-69.046021,-4.333496,1.0276601896157116
3.5,0.619141,-0.840576,0.018555,-3.639221,-79.727173,-2.746582,1.0441493560224036
3.51,0.574219,-0.848877,0.007568,-3.067016,-100.807182,1.029968,1.024878966373103
3.52,0.498047,-0.897705,-0.010498,-4.333496,-98.937981,7.965087,1.0266622079525476
3.53,0.476074,-0.865234,-0.051758,-12.290954,-83.786003,8.682251,0.988916183908424
3.54,0.506836,-0.843994,-0.079102,-10.047912,-77.728271,8.529663,0.9876566859673456
3.55,0.406006,-0.910645,-0.068359,-7.881164,-66.467285,23.468016,0.9993938867843849
3.56,0.36377,-0.905762,-0.072266,-12.245177,-44.990536,30.197142,0.9787521587715655
3.57,0.405273,-0.870361,-0.073975,-15.1062,-29.975889,29.548643,0.9629365376155379
3.58,0.424561,-0.872314,-0.070068,-15.892028,-29.975889,27.06146,0.9726732657686239
3.59,0.443848,-0.897461,-0.065674,-14.900207,-40.939327,23.521421,1.0033695071612452
3.6,0.494629,-0.885742,-0.071045,-12.428283,-59.997555,20.095823,1.0169779398934866
3.61,0.510498,-0.878906,-0.062012,-10.665893,-91.354362,15.785216,1.0182973303431566
3.62,0.368164,-0.87915,-0.067627,-12.145995,-114.974968,10.147094,0.9555222993342436
3.63,0.313477,-0.85376,-0.07373,-14.236449,-114.677422,-1.274109,0.9124747010350478
3.64,0.387207,-0.843994,-0.085693,-11.863708,-109.619133,-5.294799,0.9325226126663096
3.65,0.322998,-0.868408,-0.105225,-6.813049,-104.728691,11.848449,0.9324872455390475
3.66,0.334961,-0.832031,-0.155518,-4.058838,-93.330376,22.392271,0.9103078077254968
3.67,0.373535,-0.81665,-0.174561,-1.869202,-89.62249,25.665281,0.9148317667451212
3.68,0.330322,-0.856445,-0.144531,-1.480102,-85.632317,19.294739,0.929246937939534
3.69,0.343994,-0.913086,-0.130127,-0.900268,-70.777893,19.920349,0.9843733801566354
3.7,0.336426,-0.903564,-0.110352,-4.547119,-62.271114,27.19116,0.9704575825228015
3.71,0.244141,-0.882813,-0.099609,-10.025024,-55.641171,19.538879,0.9213498649975479
3.72,0.303711,-0.880371,-0.160889,-13.053893,-41.290279,9.468079,0.9450813401411542
3.73,0.41626,-0.878906,-0.19873,-12.176513,-37.834167,14.747619,0.992593450177866
3.74,0.324219,-0.895264,-0.199463,-12.435912,-34.927368,25.238035,0.9728314746275429
3.75,0.244141,-0.900391,-0.216309,-15.73944,-23.567198,18.15033,0.9576525279259697
3.76,0.286865,-0.894287,-0.205322,-15.86151,-5.958557,5.706787,0.9613521156569013
3.77,0.31958,-0.904785,-0.211426,-13.59558,13.71765,9.498596,0.9825824271281265
3.78,0.360596,-0.946777,-0.159668,-7.5531,26.275633,30.059813,1.0256266538897085
3.79,0.323975,-0.962158,-0.119385,-8.308411,25.978086,45.516964,1.022233141613986
3.8,0.391846,-0.908936,-0.070068,-9.124756,4.257202,32.943726,0.9922789247162311
3.81,0.306885,-0.896729,-0.07666,-14.312743,-23.445127,11.039733,0.9508827784043625
3.82,0.327637,-0.869629,-0.134033,-19.699097,-35.972595,-20.423887,0.9389171670062275
3.83,0.406738,-0.879395,-0.140869,-22.270201,-41.53442,-21.842955,0.9790890877902787
3.84,0.427246,-0.892578,-0.119385,-23.28491,-39.199829,-6.141662,0.9967383853474291
3.85,0.255127,-0.916992,-0.053223,-32.035828,-33.7677,15.510558,0.9533083456689132
3.86,0.138916,-0.851563,-0.219238,-52.604671,-15.2359,-21.614073,0.8902373271600108
3.87,0.561523,-0.680664,-0.267822,-45.173641,2.883911,-59.989925,0.9221389180101879
3.88,0.442871,-0.863525,-0.097168,-28.518675,3.547668,-5.973815,0.9753213667761
3.89,0.229492,-1.004639,-0.012939,-37.818909,1.480102,-0.419617,1.0305986202717332
3.9,0.279541,-0.830078,-0.049316,-49.697872,12.428283,-4.631042,0.8772711807765031
3.91,0.276611,-0.768555,-0.075928,-37.92572,30.685423,31.166075,0.8203386462492183
3.92,0.335693,-0.874268,-0.090576,-17.196655,48.538204,58.021542,0.94087105272136
3.93,0.435059,-0.9729,-0.183594,-6.828308,55.809017,83.976738,1.081442324082519
3.94,0.438965,-0.967529,-0.273438,-14.73236,44.998165,80.116272,1.0970738247310434
3.95,0.302246,-0.866943,-0.30835,-24.108885,47.180172,53.085323,0.9685156334644268
3.96,0.218018,-0.840332,-0.265625,-20.362852,62.675472,63.751217,0.9078801458193697
3.97,0.162598,-0.919922,-0.169678,-13.984679,81.817619,69.839478,0.9494657547126173
3.98,0.136963,-0.963135,-0.157471,-13.641356,105.911247,71.06781,0.9854871929330182
3.99,0.070068,-0.984863,-0.14209,-24.436949,132.69043,80.078125,0.9975240455713336
4.0,0.19751,-0.850342,-0.28833,-37.651062,163.581833,38.42926,0.9193616839764425
4.01,0.412842,-0.799561,-0.226807,-25.825499,171.501144,40.313717,0.9279966190315565
4.02,0.114746,-0.862061,-0.218262,-22.796629,188.362106,42.205807,0.8966348827036565
4.03,0.160156,-0.800781,-0.178223,-21.636961,219.703659,-4.394531,0.835860988458009
4.04,0.184814,-0.825928,-0.131836,-18.005371,249.992355,-10.848998,0.8565594005531666
4.05,0.253174,-0.948242,-0.056885,-16.021729,249.992355,7.461547,0.9831052171893911
4.06,0.258301,-0.88623,-0.078125,-25.321959,249.443039,3.669739,0.9264051679076493
4.07,0.449463,-0.816406,0.003906,-22.727964,249.977097,-7.858276,0.9319608371820138
4.08,0.457031,-0.9021,0.115967,-21.408079,249.992355,16.532898,1.017894930751696
4.09,0.236084,-0.881104,0.16748,-30.166624,249.992355,20.797728,0.9274316493801579
4.1,0.378174,-0.818848,0.276367,-37.254333,249.992355,10.620116,0.9433484722354725
4.11,0.625,-0.810303,0.213135,-41.084286,249.992355,8.392334,1.0452954032396775
4.12,0.599609,-0.766602,0.241211,-38.909912,249.992355,16.738892,1.0026925380224987
4.13,0.718994,-0.755615,0.226807,-38.719177,249.992355,-1.068115,1.0674023681395879
4.14,0.786865,-0.781494,0.254395,-35.987854,241.096481,-12.7182,1.137807635888422
4.15,0.667969,-0.785645,0.217773,-35.835266,190.345749,-14.160155,1.053966664802545
4.16,0.646729,-0.773682,0.140381,-32.88269,138.85498,-18.592834,1.018110535121801
4.17,0.562744,-0.808105,0.154541,-31.913755,117.46978,-12.077331,0.9967935700244057
4.18,0.477783,-0.801025,0.200195,-39.367676,118.583672,-1.831055,0.9539369390787842
4.19,0.507813,-0.78418,0.168945,-44.456478,121.74987,1.701355,0.9493970341190244
4.2,0.582764,-0.824707,0.126709,-41.954037,123.313896,11.58142,1.0177478500227843
4.21,0.581787,-0.844482,0.115723,-41.488644,126.380913,19.66095,1.0319969837271812
4.22,0.548828,-0.867432,0.092041,-44.105526,130.386353,21.247862,1.030593030196207
4.23,0.151367,-1.056396,0.084229,-52.61993,168.701157,31.364439,1.070504087776408
4.24,1.024658,-0.793945,-0.004883,-74.150085,238.944992,63.972469,1.296262521126797
4.25,0.51416,-0.72583,0.092529,-45.425411,119.201653,65.78064,0.8942881584483828
4.26,0.364014,-0.870605,0.013428,-37.704468,83.183281,42.884823,0.9437370234366139
4.27,0.685547,-0.855957,0.018066,-43.441769,87.112419,26.344297,1.0967969070953838
4.28,0.525146,-0.811768,0.016602,-47.172543,48.355099,29.663084,0.9669649598325681
4.29,0.476807,-0.808594,-0.040527,-48.278805,19.630432,16.426086,0.9395805499338522
4.3,0.481689,-0.837891,-0.057129,-48.522945,10.437011,8.598328,0.9681680346112446
4.31,0.287842,-0.828125,-0.010498,-53.703304,18.39447,7.743835,0.8767863140999635
4.32,0.369629,-0.797363,-0.04834,-55.282589,32.38678,-2.952575,0.880198901959097
4.33,0.466309,-0.842041,-0.06665,-50.285336,31.814573,-2.151489,0.964841619988483
4.34,0.391846,-0.846436,-0.066895,-48.263546,31.303404,5.325317,0.9351321461895105
4.35,0.363281,-0.843506,-0.065918,-46.134945,40.519711,9.902954,0.9207717630993035
4.36,0.35083,-0.855469,-0.061279,-44.296261,50.216671,13.923644,0.9266412545866928
4.37,0.370361,-0.833496,-0.054932,-44.265743,55.854794,14.060973,0.9137288311971993
4.38,0.402344,-0.812012,-0.064453,-46.06628,52.597042,4.577637,0.9085143761597831
4.39,0.465576,-0.846191,-0.049561,-44.593807,40.565487,0.465393,0.9670866108979072
4.4,0.511475,-0.859863,-0.007813,-42.205807,22.789,9.69696,1.0005159155970484
4.41,0.558838,-0.833252,0.013672,-41.641232,-4.943848,17.211914,1.0033921114559352
4.42,0.57251,-0.804199,-0.011719,-41.976925,-45.585629,21.911619,0.9872391132152332
4.43,0.572998,-0.783691,-0.056885,-41.679379,-84.938042,23.330687,0.9724886604531695
4.44,0.522949,-0.767578,-0.093994,-42.343136,-116.08123,23.185728,0.9335344207478372
4.45,0.501221,-0.750488,-0.159912,-44.242855,-135.009766,17.959595,0.9165296376708175
4.46,0.572754,-0.696045,-0.225098,-40.809628,-166.503891,9.185791,0.9290828252341122
4.47,0.293701,-0.75,-0.163574,-35.903931,-189.712509,0.099182,0.8218982484936928
4.48,0.156738,-0.812256,-0.244141,-46.539303,-127.487175,-12.786864,0.8625146016508938
4.49,0.28418,-0.731934,-0.26123,-51.177975,-86.85302,-25.665281,0.8274821844946271
4.5,0.178467,-0.774902,-0.270508,-46.06628,-49.247738,-9.69696,0.8399393774297048
4.51,0.207275,-0.803223,-0.329102,-42.404171,6.66809,0.274658,0.8924338853707876
4.52,0.38916,-0.776123,-0.356934,-34.179688,41.122433,7.698059,0.938730151366728
4.53,0.398926,-0.799805,-0.35791,-25.634764,53.871151,24.513243,0.962771810763589
4.54,0.333252,-0.854736,-0.362793,-20.736692,65.78064,38.757324,0.9865339761249989
4.55,0.277832,-0.9021,-0.332031,-16.159058,78.536987,32.966614,1.0006096217731468
4.56,0.253662,-0.913086,-0.318359,-15.327453,103.347771,30.059813,0.9997114116188731
4.57,0.186035,-0.920166,-0.257324,-16.700745,135.093689,35.240173,0.9734115931901571
4.58,0.165283,-0.906006,-0.226807,-22.689817,171.005234,32.875061,0.9484760183441645
4.59,0.455322,-0.848389,-0.280029,-21.621702,173.606857,32.974243,1.0027453614183415
4.6,0.435059,-0.84668,-0.341797,-14.114379,141.021729,36.582947,1.01141907490911
4.61,0.330078,-0.86377,-0.359863,-11.390685,132.339478,18.234253,0.9922456740913512
4.62,0.4021,-0.902588,-0.315186,-12.046813,142.14325,-0.457764,1.0371555921557767
4.63,0.416992,-0.949707,-0.265869,-13.023376,149.505615,4.699707,1.0707530243123293
4.64,0.397705,-0.890625,-0.276123,-14.72473,153.808594,10.620116,1.013718929871096
4.65,0.470947,-0.841064,-0.28833,-10.780334,152.694702,11.146544,1.0061381206400044
4.66,0.477295,-0.895752,-0.262451,-5.867004,146.278381,18.02063,1.0483619078972681
4.67,0.427002,-0.898193,-0.237305,-5.851745,140.50293,19.126892,1.022445615315553
4.68,0.379883,-0.855957,-0.236572,-8.934021,139.015198,12.557982,0.9658880839527941
4.69,0.382813,-0.841309,-0.199463,-11.009215,142.700195,0.221252,0.9455855935974278
4.7,0.484375,-0.813965,-0.168213,-15.441894,141.25824,-15.388488,0.9620050806617396
4.71,0.677002,-0.760254,-0.208252,-14.671325,107.604973,-29.289244,1.0390797601839812
4.72,0.75293,-0.822021,-0.199951,-5.500793,45.0592,-24.391172,1.1325204244259792
4.73,0.515625,-0.895996,-0.13208,-5.66101,3.616333,-3.761291,1.0421722981546766
4.74,0.42334,-0.865234,-0.115479,-13.122558,-4.150391,1.76239,0.9701453652917176
4.75,0.419678,-0.836914,-0.101807,-20.057678,-2.975464,0.228882,0.9417639472442126
4.76,0.374023,-0.852051,-0.082764,-26.94702,12.168883,-3.456115,0.9342023286344345
4.77,0.453857,-0.8479,-0.061768,-31.028746,23.948668,-6.698608,0.963709433529111
4.78,0.505615,-0.819092,-0.066895,-31.35681,12.153625,-1.083374,0.9649006030229228
4.79,0.475098,-0.783447,-0.113037,-29.876707,-11.360168,3.349304,0.9231926531239295
4.8,0.424805,-0.783936,-0.133789,-27.175901,-22.460936,2.410889,0.9016176776450204
4.81,0.423584,-0.80127,-0.130127,-26.268003,-20.790098,2.494812,0.9156364202482338
4.82,0.44165,-0.79834,-0.139404,-27.969358,-24.719236,0.488281,0.9229490523945513
4.83,0.414063,-0.80127,-0.165039,-31.791685,-28.305052,-0.282288,0.9169076575042876
4.84,0.420898,-0.80127,-0.186035,-35.385132,-30.769346,1.182556,0.9240117751030016
4.85,0.442139,-0.804932,-0.194092,-36.369324,-38.505554,5.844116,0.9386554876039451
4.86,0.437256,-0.820068,-0.202393,-36.437988,-50.582882,11.45935,0.9511399795030172
4.87,0.435303,-0.830811,-0.210449,-35.896301,-62.149044,14.213561,0.9612618795786089
4.88,0.441406,-0.835205,-0.222412,-35.385132,-70.549011,21.980284,0.9705018014434594
4.89,0.385986,-0.844482,-0.26001,-35.591125,-76.782227,33.805847,0.9642303877289908
4.9,0.337891,-0.826416,-0.29541,-34.500122,-76.972961,40.90881,0.9404258615313597
4.91,0.289551,-0.852539,-0.329346,-33.126831,-73.104858,45.120235,0.9587133647957559
4.92,0.287109,-0.835693,-0.34668,-32.295227,-73.173523,40.679928,0.9492109304733064
4.93,0.290527,-0.807861,-0.334961,-33.561707,-75.492859,35.186768,0.9215444669526263
4.94,0.256836,-0.820557,-0.312744,-37.109375,-76.522827,34.355164,0.9149247677710993
4.95,0.210205,-0.820557,-0.310059,-43.830868,-77.896118,24.749754,0.9020180240743529
4.96,0.220703,-0.823975,-0.319824,-43.823238,-79.330444,11.184691,0.911006040490402
4.97,0.240967,-0.841064,-0.300781,-36.102295,-79.460144,22.880552,0.9251610438977639
4.98,0.164307,-0.828369,-0.302246,-35.057068,-74.08905,41.755672,0.8969641213147826
4.99,0.124756,-0.833984,-0.317627,-35.499573,-61.286922,43.05267,0.9010994855846939
5.0,0.171387,-0.852539,-0.309326,-31.60858,-50.659176,41.725155,0.9229728189746436
5.01,0.208008,-0.856445,-0.279053,-27.496336,-48.515316,48.095699,0.9244652199504317
5.02,0.281006,-0.856934,-0.227051,-26.145933,-71.372986,48.439022,0.9299744130851127
5.03,0.247314,-0.850098,-0.247314,-28.839109,-124.870293,39.527893,0.9192361169993268
5.04,0.101318,-0.834717,-0.306396,-30.85327,-143.936157,41.671749,0.8949281066258898
5.05,0.101563,-0.858643,-0.301758,-31.35681,-148.948669,43.518063,0.9157732989020809
5.06,0.083008,-0.874756,-0.299561,-30.311583,-161.186203,37.666321,0.9283453992566559
5.07,-0.048584,-0.862549,-0.280762,-30.914305,-159.370422,45.600887,0.9083933526292451
5.08,0.009766,-0.838623,-0.330566,-33.584595,-140.304565,42.778011,0.9014753414492268
5.09,0.173828,-0.815918,-0.351807,-24.131773,-163.963303,34.797668,0.9053764529503736
5.1,-0.251465,-0.884766,-0.383057,-23.826597,-145.16449,43.769833,0.996382550143267
5.11,-0.077881,-0.802734,-0.437256,-25.672911,-73.638916,19.752502,0.9174094693499735
5.12,0.500732,-0.707275,-0.368408,-22.956846,-184.78392,-13.877868,0.941644792856096
5.13,-0.327148,-0.923828,-0.491211,-18.547058,-229.804977,45.295712,1.0962537270217145
5.14,-0.31665,-0.927246,-0.509277,-12.71057,-187.17955,44.43359,1.1042714474915125
5.15,-0.123779,-0.834473,-0.468262,-9.513855,-149.589539,43.708797,0.9648501071223446
5.16,-0.035645,-0.80835,-0.382568,-6.378173,-148.742676,64.933777,0.8950187501661627
5.17,-0.053467,-0.836914,-0.268555,-3.128052,-182.067856,82.717888,0.8805711507368386
5.18,-0.174072,-0.8479,-0.270996,-0.869751,-245.697006,77.774048,0.9070139487350787
5.19,-0.394531,-0.856934,-0.36377,2.89917,-249.992355,61.31744,1.0110980186000762
5.2,-0.508301,-0.875732,-0.387207,5.065917,-249.114975,55.854794,1.0840690491264844
5.21,-0.384766,-0.869141,-0.556396,2.6474,-249.778732,47.157284,1.101375259143313
5.22,-0.494385,-0.801025,-0.030273,-0.328064,-249.42778,-30.708311,0.9417929886015292
5.23,-0.938232,-0.969238,-0.559814,40.40527,-163.818344,-131.660461,1.4605113149387101
5.24,-0.68457,-0.831543,-0.541504,7.377624,-71.289063,6.088256,1.2055398905739287
5.25,-0.195557,-0.662842,-0.543213,-21.041868,-40.90118,42.510983,0.8790235608799117
5.26,-0.4375,-0.771484,-0.488037,1.693725,-22.804258,11.238097,1.0123111802331337
5.27,-0.60083,-0.89917,-0.419678,6.378173,-5.073547,23.994444,1.16001422469037
5.28,-0.591309,-0.907471,-0.398926,9.544373,30.242918,22.201536,1.1542494976381839
5.29,-0.353271,-0.823486,-0.391846,14.961242,33.554077,-0.076294,0.9779943145811227
5.3,-0.183838,-0.678467,-0.323486,17.845154,9.246826,6.019592,0.7737939470744134
5.31,-0.150879,-0.844971,-0.262451,29.052732,-61.500546,16.242981,0.8975639202212844
5.32,-0.564209,-1.022461,-0.640381,37.826538,-40.077209,-26.824949,1.3318581446096278
5.33,-0.941162,-0.877197,-0.673096,68.519592,149.879456,-34.950256,1.452005066199495
5.34,-0.168945,-0.877197,-0.523682,55.320736,169.143661,-13.031005,1.035499795730545
5.35,-0.179443,-0.801025,-0.502197,35.263062,143.638611,-35.743713,0.962311107533837
5.36,-0.652588,-0.690186,-0.531738,16.944885,114.494316,-87.295525,1.0885647031683507
5.37,-0.511719,-0.76123,-0.640869,8.31604,76.148987,-227.119431,1.1189461662752145
5.38,-0.19751,-1.04834,-0.482666,38.734436,142.852783,-249.992355,1.170894283552533
5.39,-0.352295,-1.274658,-0.29834,50.842281,249.992355,-139.129639,1.355681208687721
5.4,-0.294678,-1.08374,-0.285645,20.187376,249.992355,17.25769,1.1588445009184793
5.41,-0.020752,-0.886963,-0.213135,33.531189,247.764572,-25.55847,0.9124475530670242
5.42,0.070557,-0.871338,-0.177979,49.507137,249.992355,-144.340515,0.8921237161593676
5.43,0.165527,-0.928711,-0.19043,46.989437,249.992355,-178.61937,0.9623756512661777
5.44,0.486816,-0.937744,-0.122559,50.651546,246.505722,-136.016846,1.0636608180585576
5.45,0.50415,-0.930664,-0.073975,45.242306,204.81871,-58.235165,1.0610254492805533
5.46,0.135742,-0.937988,-0.11084,40.382381,170.341476,-27.473448,0.9542184678091281
5.47,0.058594,-0.888916,-0.053467,29.830931,136.08551,-47.805782,0.8924481116462739
5.48,-0.209473,-1.00293,-0.354248,14.907836,173.614487,-142.349243,1.0840844838540031
5.49,0.29126,-0.906494,-0.066162,49.186703,231.40715,-171.18071,0.9544323809888262
5.5,0.62915,-0.759277,-0.074463,13.313293,230.056747,-28.289793,0.9888761416871175
5.51,0.303711,-0.864258,-0.086182,7.583618,219.245895,-4.02832,0.9201139055622407
5.52,0.149414,-0.813477,0.019775,-0.061035,219.06279,-63.133236,0.8273212335906773
5.53,0.35083,-0.806396,-0.077393,-8.430481,223.991379,-72.410583,0.882805683129079
5.54,0.524414,-0.832764,-0.039307,-2.662658,222.648605,-67.138672,0.9849116525562077
5.55,0.634033,-0.70166,-0.046387,-7.286071,190.772995,-79.803467,0.9468243524846622
5.56,0.651855,-0.697754,0.022705,3.509521,162.506088,-60.287472,0.9551393105542247
5.57,0.583252,-0.800293,0.043457,11.817931,139.785767,-24.650572,0.9912317045988793
5.58,0.438477,-0.775391,0.185059,11.20758,119.720451,-17.868042,0.9098022399900981
5.59,0.242432,-0.869385,0.060791,4.241943,145.507813,-26.733397,0.9045988605619619
5.6,0.625732,-0.658936,0.026123,-4.600525,128.814697,-20.996092,0.9090762339039559
5.61,0.849854,-0.575195,0.165527,13.404845,68.984985,-12.329101,1.039471162211824
5.62,0.487061,-0.80127,0.078125,14.717101,20.973204,31.150816,0.9409386516909591
5.63,0.469727,-0.839844,0.105469,10.56671,-22.880552,7.987976,0.968041894148182
5.64,0.590576,-0.767578,0.126465,7.797241,-64.26239,-9.368896,0.9767033296170338
5.65,0.547363,-0.823242,0.163574,11.192321,-92.063896,8.827209,1.0020429620575158
5.66,0.465332,-0.880859,0.196533,9.872437,-110.740654,36.483765,1.015416992271648
5.67,0.403809,-0.856934,0.172363,-0.015259,-120.910637,36.590576,0.9628637456078611
5.68,0.389648,-0.768311,0.039551,-10.06317,-120.140068,10.719298,0.8623755784030528
5.69,0.455078,-0.742676,-0.003418,-6.866455,-110.618584,-7.507324,0.8710196954053335
5.7,0.485107,-0.800049,-0.020264,-2.761841,-99.655144,-8.399963,0.9358513950120501
5.71,0.491455,-0.846191,-0.021484,1.296997,-94.596855,-14.22119,0.9787894501689318
5.72,0.425537,-0.873535,-0.03833,3.158569,-81.893913,-17.13562,0.9724270273362419
5.73,0.618652,-1.02832,-0.046387,18.64624,-60.493465,-2.601623,1.200967973458493
5.74,0.182373,-0.982666,0.037598,-6.431579,-23.925779,92.216484,1.000152982442686
5.75,-0.013672,-0.817139,-0.126465,-15.464782,47.088619,27.923582,0.8269803293488908
5.76,0.583252,-0.81543,0.067627,7.56073,69.137573,-16.212463,1.0048295335692516
5.77,0.611084,-0.897461,0.110596,5.294799,48.767086,17.913818,1.0913713285555011
5.78,0.523926,-0.878906,-0.003662,7.766723,7.095336,5.065917,1.023224130166993
5.79,0.68042,-0.827637,0.025146,24.223326,-74.752808,21.369932,1.071721373065313
5.8,0.508545,-0.850342,0.339111,7.995605,-104.86602,77.255249,1.0472324499890175
5.81,0.016113,-0.84668,-0.171143,17.791748,-10.31494,52.307125,0.8639540367507984
5.82,-0.01416,-0.960205,-0.177246,14.396667,59.066769,8.575439,0.9765297190260007
5.83,0.208008,-1.108398,0.035645,-11.268615,133.728027,-38.749695,1.1283102501054398
5.84,0.108887,-1.101563,0.137451,-53.909298,197.76152,-98.655693,1.115432740750871
5.85,0.47168,-0.790283,-0.263184,-57.991024,219.055161,-160.728439,0.9572330230121608
5.86,0.75708,-0.749023,-0.106201,-23.612974,216.438278,-29.075621,1.0702729714096306
5.87,0.48999,-0.996582,-0.086914,-11.871337,186.180099,24.971006,1.1139209694677625
5.88,0.537109,-0.907227,-0.008057,-10.391234,113.121025,-51.925655,1.0543300349790856
5.89,0.487549,-0.855713,0.025391,-20.370481,66.90979,-49.690243,0.985187022169395
5.9,0.21167,-0.956055,0.023438,-29.08325,94.650261,-33.52356,0.9794869533429222
5.91,0.31543,-0.952393,0.057861,-35.827637,120.864861,-39.627075,1.0049360211824432
5.92,0.508789,-0.845459,0.14209,-46.249386,126.892082,-38.383484,0.9969236356421689
5.93,0.489502,-0.792969,0.123047,-51.475521,111.556999,-31.654356,0.9399747907119637
5.94,0.420654,-0.796143,0.109375,-52.444454,96.80938,-39.169312,0.9070591793207321
5.95,0.375732,-0.787109,0.125977,-56.465145,105.8731,-44.700619,0.8812407833469805
5.96,0.384766,-0.771484,0.152344,-53.75671,124.458305,-43.731686,0.8754662365551283
5.97,0.503174,-0.715576,0.159668,-52.87933,114.875786,-39.299011,0.8892282925525931
5.98,0.5625,-0.7146,0.179443,-48.728939,97.244255,-33.660889,0.9269623510418317
5.99,0.438965,-0.75,0.194824,-47.340389,89.591972,-19.325256,0.8905878183542598
6.0,0.43042,-0.734619,0.20752,-49.552914,71.846008,-15.045165,0.8763509582130895
6.01,0.489746,-0.684814,0.208008,-46.07391,39.794922,-18.432617,0.8672304694693332
6.02,0.570557,-0.754883,0.102539,-35.842896,-0.846863,-20.591734,0.9517866780213936
6.03,0.527832,-0.750488,0.209961,-33.615112,-29.197691,17.982483,0.9412345509430686
6.04,0.110596,-0.64624,0.095215,-33.615112,8.209229,31.463621,0.6625130255632715
6.05,0.351074,-0.800781,0.038574,-3.639221,24.971006,17.776489,0.8752091846598731
6.06,0.568115,-0.90332,0.058594,0.701904,21.217344,74.859619,1.0687258453228312
6.07,0.392822,-0.911621,0.062988,-4.28009,15.960692,97.351067,0.9946504207353457
6.08,0.342041,-0.885498,-0.0625,-11.749267,10.047912,55.603024,0.9513175093968365
6.09,0.389893,-0.832275,-0.066162,-21.949766,1.213074,40.596004,0.9214530033148733
6.1,0.4104,-0.783691,-0.005615,-27.046202,-18.226624,36.079407,0.8846644966912598
6.11,0.436523,-0.855957,0.084473,-17.562866,-54.38995,44.799801,0.9645467345375235
6.12,0.2771,-0.93457,0.096924,-17.189026,-71.411133,78.903198,0.979591627504033
6.13,0.148193,-0.914795,0.163818,-29.685972,-66.383362,71.18988,0.9410884094483366
6.14,0.203613,-0.879883,0.290527,-45.06683,-70.365906,-0.045776,0.9487140165439741
6.15,0.227783,-0.848633,0.275146,-64.002991,-59.524532,-66.65802,0.9207433872116595
6.16,0.191895,-0.911865,0.17041,-90.515129,-16.349792,-102.165215,0.9472914215541066
6.17,0.28833,-1.18042,0.181641,-104.125969,23.048399,-131.080627,1.2286248484305533
6.18,0.325439,-1.319336,-0.001953,-119.850151,19.393921,-124.52697,1.3588825695497018
6.19,0.374268,-1.147461,-0.052246,-109.77935,-12.527465,-76.469421,1.2080864732547087
6.2,0.953857,-0.691895,-0.268799,-106.903069,-42.053219,-7.781982,1.2086417045075848
6.21,0.942139,-0.400635,-0.14624,-88.790886,-50.704952,72.662354,1.0341762113614874
6.22,0.553223,-0.737793,0.126221,-48.614498,-148.826599,35.041809,0.9307663183737367
6.23,0.789795,-0.949707,-0.349609,-82.214348,-221.382126,0.12207,1.2837234829802717
6.24,0.622803,-0.861572,-0.195313,-91.857903,-202.125534,-11.924743,1.0808964131506775
6.25,0.594482,-0.78418,-0.356934,-102.180473,-203.285202,-21.331785,1.0467803022029025
6.26,0.510498,-0.685791,-0.643799,-111.381523,-142.601013,-15.525817,1.0702311227421861
6.27,0.355469,-0.752441,-0.446777,-117.797844,-44.067379,22.735594,0.9445291716887309
6.28,0.590332,-0.905273,-0.377197,-95.283501,-40.039063,19.699097,1.1446784053008074
6.29,0.508545,-0.860107,-0.488037,-89.721672,-63.323971,11.367797,1.1120171679623476
6.3,0.345459,-0.756836,-0.704834,-94.90966,-74.119568,19.294739,1.0903823270454267
6.31,0.367676,-0.65625,-0.619629,-94.169609,-62.675472,11.322021,0.974571598763785
6.32,0.375244,-0.582031,-0.538574,-79.856873,-58.898922,4.570007,0.8772856421787604
6.33,0.247803,-0.509521,-0.632813,-63.71307,-44.448849,17.471313,0.8493940600327977
6.34,0.206055,-0.522705,-0.788086,-51.10931,0.068665,39.367676,0.9678629672872084
6.35,0.202637,-0.589355,-0.991943,-37.879944,52.772518,47.599789,1.1714742784384982
6.36,0.371338,-0.579834,-0.905029,-25.634764,97.579948,32.63092,1.1371793476145264
6.37,0.393066,-0.445068,-0.945313,-38.345337,158.828735,31.990049,1.1163346599246124
6.38,0.243896,-0.438721,-0.738281,-48.248287,212.066635,58.715816,0.892759883517399
6.39,0.229004,-0.557129,-0.725586,-38.597107,222.076401,62.774654,0.9430326601199982
6.4,0.171387,-0.638428,-0.610596,-25.474546,245.750412,44.647213,0.8998840426238262
6.41,0.270264,-0.670166,-0.463379,-12.886046,248.077377,23.254393,0.8584201738618449
6.42,0.474121,-0.638672,-0.329834,-1.205444,218.635544,1.029968,0.8610941375836907
6.43,0.678467,-0.612061,-0.317627,27.397154,178.253159,-12.367248,0.9673794751487134
6.44,0.839844,-0.625244,-0.339355,54.76379,134.521484,-1.846313,1.100649726251272
6.45,0.80835,-0.596924,-0.455078,54.244991,125.762932,31.669615,1.1031065090733532
6.46,0.818604,-0.681152,-0.041992,79.315186,60.035702,47.615047,1.0657597684206324
6.47,0.754639,-0.754395,-0.050049,9.094238,-7.247924,55.564877,1.0682212967110325
6.48,0.590576,-0.634521,0.033203,9.346008,25.283812,35.224915,0.8674672042365636
6.49,0.773926,-0.57959,-0.024658,3.40271,13.59558,8.636475,0.9672094078016406
6.5,0.947998,-0.676025,0.075439,-10.559081,-59.890743,0.427246,1.1667909201523639
6.51,0.500977,-0.723633,0.032471,-25.085447,-89.958183,2.296448,0.8807252914836725
6.52,0.163086,-0.667236,-0.20166,-24.322508,-73.760986,-12.947082,0.7158684786271847
6.53,0.362061,-0.751709,-0.307617,-9.025574,-55.435177,-26.367186,0.8892596960905177
6.54,0.597168,-0.846924,-0.266357,-2.403259,-72.570801,-24.307249,1.06997006194052
6.55,0.507813,-0.765869,-0.276123,-8.384705,-103.454582,-22.186277,0.9595172115491207
6.56,0.267822,-0.734863,-0.3479,-19.058228,-111.236565,-13.47351,0.8560295920428219
6.57,0.229492,-0.798096,-0.387695,-30.387877,-108.673088,-21.163939,0.9164776136409444
6.58,0.383545,-0.76001,-0.60376,-42.388912,-101.921074,-37.841797,1.04367049624151
6.59,-0.038574,-0.63916,-0.756836,-78.00293,-31.181334,3.166198,0.9913698552871173
6.6,-0.005127,-0.574219,-0.526123,-58.79974,28.221128,41.381832,0.7788190786177493
6.61,0.443359,-0.623047,-0.540527,-18.028259,49.804684,0.518799,0.9364423125953889
6.62,0.683105,-0.687744,-0.481689,-5.447387,33.859253,-17.745972,1.0824271537992753
6.63,0.634033,-0.722656,-0.467773,-9.597778,11.848449,26.962278,1.0691310111272612
6.64,0.526367,-0.775879,-0.443848,-12.809752,3.14331,81.237785,1.0373290164812705
6.65,0.531006,-0.812256,-0.407715,-14.35089,-8.255005,103.324883,1.0525961727067983
6.66,0.499023,-0.78833,-0.404541,-19.058228,-22.78137,102.180473,1.0169275117283434
6.67,0.347168,-0.761719,-0.387939,-21.52252,-21.919249,92.086784,0.9226256678122499
6.68,0.345215,-0.750732,-0.321777,-24.108885,-3.608703,58.059689,0.8867425611630468
6.69,0.589844,-0.721436,-0.243164,-29.58679,2.655029,19.104004,0.9630755823547807
6.7,0.664551,-0.728027,-0.328369,-37.086487,-6.599426,21.591185,1.0389790876100442
6.71,0.40918,-0.783691,-0.377197,-37.780762,-13.290404,32.783508,0.9611854309601244
6.72,0.275879,-0.829834,-0.34082,-34.667969,-23.223875,3.997802,0.9385584492172024
6.73,0.113525,-0.812256,-0.445557,-43.42651,-22.5296,-29.808043,0.9333642244108138
6.74,-0.323242,-0.684814,-0.540527,-47.927853,-16.593933,-26.382444,0.9303897263453633
6.75,-2.193115,-0.3125,-0.798584,-29.846189,5.561828,11.123656,2.3548133807758527
6.76,-1.900146,-0.512207,0.25415,40.145874,133.659363,-12.649535,1.9843142530015248
6.77,0.603271,-0.743408,1.009766,49.415585,249.992355,-40.626522,1.3914807683403316
6.78,4.540771,-0.952637,-0.666016,20.202635,249.992355,-35.232544,4.687184212346044
6.79,1.671143,-0.958496,-2.290527,6.477355,179.023727,0.343323,2.9929830347320716
6.8,-0.610107,-0.625,-0.663574,-25.68054,15.731811,-2.510071,1.096898356697192
6.81,-0.349121,-0.672363,1.138428,-14.595031,14.053344,28.884886,1.367470580156663
6.82,-0.098145,-0.551514,-0.727539,2.349854,154.762268,52.841183,0.9182119198431264
6.83,0.851318,-0.685059,-0.828857,49.766537,120.048515,64.048767,1.3715145267382332
6.84,1.23584,-0.852783,-0.595459,45.227047,52.49786,45.036312,1.6152742093434167
6.85,0.596436,-0.768555,-0.737305,14.152526,-14.068603,28.823851,1.2206684042548164
6.86,0.28125,-0.655518,-0.35498,16.059875,-78.147888,26.252745,0.7967535448455816
6.87,0.359375,-0.647217,-0.270996,38.566589,-86.379997,20.118711,0.7883394368734828
6.88,0.468018,-0.736328,-0.445557,53.665157,-86.60125,7.125854,0.9796636219422461
6.89,0.530029,-0.86792,-0.439453,62.065121,-101.875298,-8.277893,1.1078514369941486
6.9,0.539307,-0.928467,-0.406738,55.404659,-125.350945,-11.344909,1.1481893619878212
6.91,0.474609,-0.907471,-0.556641,36.720276,-150.299072,-3.623962,1.1655927769178223
6.92,0.342773,-0.915039,-0.614258,-10.208129,-189.735397,-6.324768,1.1541674885448818
6.93,0.361816,-0.747803,-0.147461,-26.649473,-211.944565,-68.145752,0.8437208609403942
6.94,0.068604,-0.691895,-0.287109,30.448912,-158.676147,-95.268242,0.7522345230857196
6.95,0.162109,-0.848389,-0.410645,59.028622,-116.790764,-28.266905,0.9563851416803797
6.96,0.392334,-1.03125,-0.380127,59.867855,-117.34771,33.39386,1.1670043128390744
6.97,0.3479,-1.028076,-0.459229,34.53064,-124.999992,42.28973,1.178501568186059
6.98,0.079102,-0.963867,-0.57251,0.267029,-121.292107,49.163815,1.123861388336213
6.99,-0.016113,-0.839111,-0.472656,-21.217344,-105.484001,45.227047,0.9632084890749251
7.0,-0.017334,-0.662354,-0.391113,-19.950867,-60.958858,24.467466,0.7694040990539366
7.01,-0.003662,-0.614014,-0.381592,1.800537,-10.368346,-0.411987,0.7229377960129073
7.02,0.270996,-0.733154,-0.516113,21.636961,13.999938,-30.540464,0.9366569534792341
7.03,0.588623,-0.974609,-0.677734,34.454346,-24.078367,-19.187927,1.3250143824751488
7.04,0.39917,-1.062988,-0.567627,25.924681,-71.365356,31.806944,1.2694410534455707
7.05,0.100342,-1.062988,-0.459961,-10.047912,-89.340202,66.230774,1.1625730629207784
7.06,0.130615,-0.790039,-0.458984,-74.72229,-95.191948,46.020504,0.9229779043953328
7.07,0.111572,-0.55835,-0.376465,-26.916502,-56.327816,61.302181,0.6825898694743425
7.08,0.086182,-0.618164,-0.499756,13.84735,-35.179138,83.19854,0.7995687134674543
7.09,0.34668,-0.702881,-0.545654,34.599304,-64.369202,33.004761,0.95496963840585
7.1,0.337158,-0.890625,-0.510986,43.739315,-93.360893,-9.796143,1.0807382198224509
7.11,0.177979,-0.966553,-0.450195,45.478817,-94.139091,-28.907774,1.0810072914994606
7.12,0.133057,-0.918213,-0.380371,36.598206,-70.381165,-49.987789,1.0027469153575093
7.13,0.260498,-0.932861,-0.417969,19.378662,-55.038448,-39.138794,1.0548871685095047
7.14,0.276123,-0.866455,-0.533691,9.780884,-59.020992,4.432678,1.0544260342171943
7.15,0.165283,-0.791992,-0.539063,14.045714,-63.514706,12.451171,0.9721927360981464
7.16,0.094727,-0.797607,-0.456787,19.638062,-43.838497,-7.873535,0.9240154188902909
7.17,0.124023,-0.893555,-0.58374,14.953612,-17.814636,-19.477844,1.0745113448233108
7.18,0.490967,-0.850342,-0.608398,-14.846801,-45.661922,-30.181883,1.1551096218355208
7.19,0.459961,-0.822998,-0.196045,-8.934021,-52.62756,-12.153625,0.9629763608469317
7.2,0.042236,-0.799561,-0.417236,-0.061035,-33.13446,16.609192,0.9028662980270112
7.21,0.184326,-0.769287,-0.336426,2.601623,-32.302856,7.865905,0.859628417469432
7.22,0.247559,-0.773682,-0.259521,5.889892,-12.96234,-3.829956,0.8527722116989975
7.23,0.27002,-0.787842,-0.289307,11.352538,1.663208,-1.579285,0.8816486588278803
7.24,0.355225,-0.789551,-0.335205,14.10675,0.144958,3.517151,0.928406147249683
7.25,0.439453,-0.771729,-0.39209,7.705688,-23.200987,6.370544,0.9707827546624425
7.26,0.406494,-0.73584,-0.400391,-0.862122,-52.536007,4.463196,0.9311341635430418
7.27,0.207764,-0.704102,-0.380127,-1.281738,-53.489681,1.831055,0.8266934390867028
7.28,0.077637,-0.693848,-0.405029,-2.456665,-22.872923,-9.300232,0.8071561445680755
7.29,0.169434,-0.689941,-0.395996,-1.121521,20.805357,-28.854368,0.8133506598343669
7.3,0.361816,-0.689209,-0.419189,0.88501,50.384518,-29.830931,0.8841036597922214
7.31,0.534668,-0.695313,-0.449463,-0.244141,42.785641,-5.058288,0.9855693920582151
7.32,0.362305,-0.821045,-0.508301,-2.372742,10.246276,35.758972,1.0313824274491978
7.33,0.039063,-0.896973,-0.366455,-0.366211,-2.937317,18.264771,0.9697297292147952
7.34,0.063232,-0.776367,-0.208252,2.624511,27.763365,-22.377012,0.8062957894079567
7.35,0.258057,-0.718506,-0.309326,-3.662109,43.327328,-17.875671,0.8237274194543969
7.36,0.402588,-0.673828,-0.407227,12.46643,44.784542,-2.929687,0.8842822518048182
7.37,0.340088,-0.764893,-0.467285,39.367676,44.143673,20.301817,0.9586847346328197
7.38,0.431641,-0.846436,-0.512695,30.441282,26.466368,21.133421,1.0796406893045483
7.39,0.532471,-0.759766,-0.486572,16.639709,4.264832,14.007567,1.0476268666758217
7.4,0.350342,-0.810303,-0.467285,22.033689,-10.459899,26.763914,0.9988421997482886
7.41,0.250977,-0.902588,-0.406494,10.231017,-22.552488,23.025511,1.0212208009578534
7.42,0.131836,-0.911133,-0.435303,-24.780272,-48.019405,12.130736,1.0183480624982795
7.43,0.345947,-0.6604,-0.413818,-93.284599,-73.051453,-56.571957,0.8526739259136519
7.44,0.385498,-0.746582,-0.304688,-30.586241,-67.070007,-38.223267,0.8937718769753276
7.45,0.033203,-0.977783,-0.208252,8.964539,-48.370358,43.29681,1.000265429674544
7.46,0.145996,-0.859619,-0.306641,-18.547058,-36.605835,32.333374,0.9242772095307771
7.47,0.24707,-0.811523,-0.373047,-22.445677,-23.262022,13.130187,0.9267023409045647
7.48,0.153076,-0.825195,-0.399658,-12.611388,-3.791809,20.683287,0.9295727872334688
7.49,0.122559,-0.791992,-0.470215,-2.616882,29.571531,19.676208,0.9291793060383987
7.5,0.157959,-0.823486,-0.452148,3.89862,59.738155,22.163389,0.9526374188436019
7.51,0.273438,-0.811523,-0.366455,-0.411987,69.404602,18.890381,0.9314650752432965
7.52,0.355469,-0.826416,-0.388672,-2.853393,58.357235,15.579223,0.9799936421227436
7.53,0.26001,-0.898193,-0.334473,-2.777099,42.655941,11.253356,0.9930901535500188
7.54,0.203369,-0.893799,-0.297363,-16.319275,32.348633,-3.822326,0.9636702529034504
7.55,0.239258,-0.870605,-0.338379,-21.667479,23.635862,-6.286621,0.9642083821612422
7.56,0.275635,-0.890137,-0.68335,-20.080564,1.64032,5.073547,1.1555456522760146
7.57,0.605225,-0.879395,-0.255127,-10.742187,-61.645504,36.216736,1.097598584537626
7.58,-0.080811,-0.70874,-0.306885,-24.436949,-44.540401,37.635803,0.7765444021728571
7.59,0.113281,-0.691406,-0.376465,-15.769958,-48.263546,6.698608,0.7953620169595729
7.6,0.353516,-0.873779,-0.359131,5.546569,-55.679317,27.099607,1.008681504865634
7.61,0.21875,-0.913574,-0.327637,-0.511169,-63.827511,41.488644,0.9948944766883572
7.62,0.042725,-0.824219,-0.294189,-27.496336,-68.534851,24.902342,0.876190363623682
7.63,0.066895,-0.777344,-0.406006,-33.103943,-61.843868,11.96289,0.8795336874713782
7.64,0.089844,-0.770996,-0.348389,-23.376463,-50.804134,21.89636,0.850812359849691
7.65,0.063232,-0.70874,-0.439697,-25.131224,-25.0473,12.657165,0.8364473236450697
7.66,-0.034668,-0.685791,-0.521729,-24.597166,27.961729,11.978148,0.8623875667853752
7.67,0.039063,-0.739014,-0.466309,9.45282,78.262329,23.254393,0.8747066329038553
7.68,0.340088,-0.817139,-0.486328,13.252257,70.327759,19.042969,1.0098964880862789
7.69,0.297852,-0.863525,-0.478271,1.441955,54.51202,0.221252,1.0310840843355114
7.7,0.147217,-0.900879,-0.401611,1.693725,40.107727,-1.449585,0.9972698797472026
7.71,0.139893,-0.88623,-0.413574,-5.401611,27.961729,-3.349304,0.9879357862862342
7.72,0.129883,-0.842529,-0.398193,-12.504577,19.058228,-3.440857,0.9408944546435588
7.73,0.087646,-0.814209,-0.373047,-15.426635,10.581969,8.483887,0.8998789814225021
7.74,0.090576,-0.849609,-0.380859,-15.579223,0.144958,15.815734,0.9354640786999787
7.75,0.125,-0.908691,-0.280029,-18.051147,0.740051,13.923644,0.9590414872788351
7.76,0.11499,-0.903076,-0.348877,-10.910033,58.906551,23.254393,0.9749277527104252
7.77,0.005615,-0.871094,-0.281494,-5.561828,122.016899,71.716309,0.9154644488438641
7.78,0.756836,-0.86084,-0.522461,-41.473385,2.89917,80.67321,1.2596871568040218
7.79,0.331787,-0.895264,-0.507324,-29.396055,-121.643059,103.805534,1.0811835570526402
7.8,-0.807617,-0.725586,-0.301758,-19.096375,-53.810116,42.045589,1.1268443338141254
7.81,-0.283936,-0.723877,-0.321045,-13.656615,0.793457,1.113892,0.8412416152628209
7.82,0.214355,-0.952393,-0.516846,9.666443,23.262022,36.132813,1.104595075215348
7.83,0.074219,-0.971436,-0.600586,11.886596,28.846739,42.472836,1.1445085868847817
7.84,-0.003662,-0.899414,-0.557617,-0.816345,4.669189,31.73065,1.058251233086454
7.85,0.010742,-0.901123,-0.495117,0.099182,-4.737854,30.982969,1.0282406796961499
7.86,-0.052979,-0.901855,-0.537598,2.632141,14.930724,26.847837,1.0512662959830872
7.87,-0.071045,-0.892334,-0.500488,6.286621,40.328976,16.700745,1.025570864311677
7.88,0.05957,-0.928223,-0.4729,8.682251,45.242306,7.026672,1.0434466601743475
7.89,0.137939,-0.98291,-0.429932,7.865905,30.3421,-1.358032,1.0816564891151903
7.9,0.10498,-0.965088,-0.323486,7.057189,24.04785,-21.850584,1.0232589312290412
7.91,0.102539,-0.96875,-0.269287,-4.402161,21.507261,-42.694088,1.0106959470533163
7.92,0.26123,-0.876709,-0.563232,-12.96234,0.587463,-65.734863,1.0742858415733683
7.93,0.32666,-0.987061,-0.392334,7.6828,-46.70715,-39.871216,1.1112705075169593
7.94,0.186523,-0.966553,-0.328857,-5.28717,-83.541862,-20.019531,1.0378643735031086
7.95,0.201904,-0.815918,-0.316406,-10.543822,-98.602287,-30.258177,0.8981092165076585
7.96,0.259521,-0.899902,-0.473145,-15.785216,-128.479004,12.039184,1.0493049842967488
7.97,0.057129,-1.0354,-0.404297,-4.78363,-152.534485,57.594296,1.1130017730668718
7.98,-0.020264,-0.906006,-0.451416,-24.642942,-146.987915,19.348145,1.0124395817963656
7.99,0.04126,-0.860596,-0.661621,-29.502867,-118.34716,8.956909,1.0863103656216302
8.0,0.160889,-0.871582,-1.13623,-18.661499,-105.8731,43.05267,1.4410270871656092
8.01,0.295898,-0.874023,-0.49707,-4.53949,-110.107414,75.98877,1.048117558212341
8.02,-0.172119,-0.961182,-0.769775,-16.708374,-34.950256,78.971863,1.2434023234295486
8.03,0.267822,-0.935547,-0.705322,-41.389462,-33.836365,70.808411,1.2018552061612913
8.04,0.229248,-1.042725,-0.749512,-65.063477,-52.909847,133.872986,1.304453260670155
8.05,-0.140137,-0.949463,-0.757324,-74.813843,-56.182858,150.794983,1.222562067182685
8.06,-0.476807,-0.770508,-0.689697,-73.348999,-6.698608,105.422966,1.1387315070384239
8.07,-0.253418,-0.665283,-0.5979,-66.596985,35.430908,42.259212,0.929680893002002
8.08,0.117676,-0.625977,-0.494141,-47.828671,46.943661,18.417358,0.8061452557610197
8.09,0.000488,-0.567139,-1.036133,-34.461975,61.462399,23.445127,1.1811936662351352
8.1,-0.595947,-0.530273,-0.438721,-8.071899,204.101547,34.866333,0.9103946381536965
8.11,-0.183838,-0.636719,-0.228271,41.130062,249.992355,-5.783081,0.7009387595546418
8.12,0.683105,-0.575684,-0.352051,32.76825,232.337936,-46.524044,0.9602001955227878
8.13,1.283936,-0.85498,-0.817871,-10.879516,65.887451,-8.018494,1.745965470774551
8.14,0.234375,-1.005371,-0.71582,-58.776852,-87.028496,22.521971,1.2562248049875469
8.15,-0.708984,-0.677002,-0.248291,-118.492119,-97.915642,-11.306762,1.0112558731305346
8.16,-0.565674,-0.344727,-0.618896,-138.023376,-77.438354,-17.570496,0.906562759890897
8.17,-0.126465,-0.198486,-0.734131,-105.484001,-67.710876,6.202697,0.7709334689725178
8.18,-0.046387,-0.19873,-0.655762,-62.507626,-50.331112,-14.244079,0.6867817464908338
8.19,-0.115967,-0.308594,-0.474121,-29.899595,-51.689144,-57.968136,0.5774680290423012
8.2,-0.241211,-0.465576,-0.38623,-14.72473,-60.539242,-71.342468,0.6512429432991962
8.21,-0.30127,-0.755859,-0.358154,-1.579285,-52.459713,-57.693478,0.889022344205701
8.22,-0.294189,-1.071045,-0.372314,-31.387327,-20.408628,-12.985229,1.1714530610920781
8.23,-0.311523,-0.811768,-0.430664,-86.585991,39.680481,30.136106,0.9703016779584585
8.24,0.138184,-0.427734,-0.619629,-81.031792,25.138853,68.359375,0.7655006794595286
8.25,0.600098,-0.390137,-0.605713,-31.738279,-32.63092,148.956299,0.9376634400156594
8.26,0.101318,-0.610352,-0.884033,-26.870726,-72.059631,224.35759,1.0790316242432378
8.27,-0.030273,-0.716309,-0.998047,-107.940666,-178.291306,215.820297,1.2288664908032119
8.28,-0.153076,-0.588135,-0.750977,-198.120102,-216.964706,133.247375,0.9660753047925404
8.29,-0.328613,-0.407471,-0.782715,-237.08342,-219.558701,48.797604,0.9416272568458286
8.3,-0.415771,-0.293457,-0.794434,-205.795273,-201.591476,2.89917,0.9434553066499759
8.31,-0.44751,-0.313721,-0.6521,-143.39447,-171.81395,16.471863,0.8508351637896733
8.32,-0.4729,-0.417725,-0.66626,-117.996208,-140.785217,61.378475,0.9176224568007258
8.33,-0.42749,-0.512451,-0.756836,-127.525322,-105.400078,97.709648,1.0090364009276374
8.34,-0.350342,-0.578613,-0.733887,-136.222839,-60.203548,118.392937,0.9980594418680683
8.35,-0.246582,-0.583496,-0.705078,-137.191772,-21.537779,124.282829,0.9478424187722345
8.36,-0.154541,-0.534912,-0.741211,-138.86261,-2.189636,125.747673,0.9270423479787749
8.37,-0.083008,-0.442871,-0.801514,-142.295837,-4.585266,132.194519,0.9194834108895059
8.38,-0.068115,-0.341064,-0.866211,-145.111084,-18.913269,144.317627,0.9334269129621237
8.39,-0.111816,-0.273682,-0.92627,-143.64624,-35.957336,156.021118,0.9723069309019658
8.4,-0.174072,-0.223633,-0.946045,-134.918213,-50.72784,159.240723,0.9875798306456041
8.41,-0.235107,-0.19165,-0.837402,-123.435966,-62.248226,157.218933,0.8906442238924587
8.42,-0.271973,-0.173828,-0.747803,-114.753716,-70.823669,155.090332,0.8144905236538974
8.43,-0.300781,-0.137451,-0.83667,-105.75103,-76.156616,155.784607,0.8996547539261937
8.44,-0.306641,-0.07959,-0.947754,-95.512383,-80.581657,161.575302,0.9993002128975056
8.45,-0.285156,-0.022217,-0.98291,-84.403984,-82.481377,170.066818,1.023679445688444
8.46,-0.263916,0.032471,-1.009766,-72.647095,-85.655205,177.345261,1.0441903062435505
8.47,-0.309082,0.081543,-1.027832,-61.988827,-90.927116,182.38829,1.0763919192362048
8.48,-0.427002,0.119629,-1.063965,-53.306576,-97.43499,180.824265,1.15267659248811
8.49,-0.542969,0.150879,-1.066406,-45.783993,-102.447502,170.41777,1.206151551189982
8.5,-0.625732,0.168457,-1.006348,-36.598206,-103.157036,157.684326,1.196935501093104
8.51,-0.669922,0.165771,-0.896729,-24.871824,-98.297112,148.010254,1.1315469101924145
8.52,-0.672607,0.157227,-0.798096,-15.48767,-88.928215,144.485474,1.055498806817895
8.53,-0.636963,0.156006,-0.741455,-9.902954,-78.559875,150.344849,0.9898561776490562
8.54,-0.595703,0.16748,-0.742676,-6.42395,-70.365906,162.635788,0.9666846722613325
8.55,-0.612793,0.199951,-0.783203,-3.677368,-66.452026,175.08696,1.0143483634624744
8.56,-0.691406,0.23877,-0.827148,1.274109,-65.879822,179.771408,1.1041862087709662
8.57,-0.765625,0.258789,-0.817871,10.025024,-63.575741,172.035202,1.149811445319188
8.58,-0.88916,0.275146,-0.636963,18.974304,-51.589962,151.542664,1.1278442668582394
8.59,-1.22876,0.388672,-0.489014,23.910521,5.226135,105.773918,1.3784236480052132
8.6,-1.001221,0.256104,-0.867676,46.096798,58.906551,39.978027,1.349405198831322
8.61,-0.385986,-0.054688,-0.650879,49.148556,37.200928,39.207458,0.7586958825385834
8.62,-0.666504,-0.216797,-0.429932,13.748168,20.26367,105.545036,0.8222347875448959
8.63,-1.257324,-0.009033,-0.602539,-30.807493,19.111633,110.16082,1.3942734604753833
8.64,-0.815918,0.714355,-0.868896,-25.3067,25.817869,84.518425,1.3896062419135142
8.65,-0.724609,0.451172,-0.826416,22.087095,47.340389,95.779411,1.1880983888218182
8.66,-0.859619,0.215332,-0.794189,42.266842,75.775146,110.41259,1.189978513716109
8.67,-0.756836,0.380615,-0.89624,30.700682,107.64312,107.620232,1.2332536830356517
8.68,-0.655518,0.297607,-0.894043,44.349667,97.122185,123.237602,1.1478617776640183
8.69,-1.131104,0.184082,-0.575439,45.791622,87.524406,90.339653,1.2823464759030612
8.7,-1.284668,0.275391,-0.647217,23.269651,158.569336,-6.492614,1.4646166454721181
8.71,-0.393066,0.031982,-0.897705,13.160705,249.992355,-44.05212,0.9805090492723665
8.72,-0.155518,0.214844,-0.848145,-3.364563,224.8535,60.913082,0.8886471367674573
8.73,-0.641113,0.496338,-0.875488,14.335631,149.284363,133.911133,1.1932545944420243
8.74,-0.575684,0.350342,-0.891846,52.192684,45.791622,97.412102,1.1178286418481145
8.75,-0.526611,0.164795,-0.880615,60.066219,-32.463074,33.592224,1.039210910051949
8.76,-0.647461,0.155029,-0.871826,45.036312,-65.956116,15.136718,1.0969595761184638
8.77,-1.133301,0.300537,-0.891602,24.597166,-57.876583,37.261963,1.4729724272280182
8.78,-1.115234,0.570557,-0.793701,21.438597,-40.199276,61.676022,1.4829846399764226
8.79,-0.700684,0.261963,-0.755615,50.140377,12.21466,56.137081,1.063266998194715
8.8,-0.744141,-0.025635,-0.670898,46.600338,27.786253,23.826597,1.0022510202090094
8.81,-0.601318,-0.049316,-0.577637,20.492552,22.460936,4.165649,0.8352723560306542
8.82,-0.378418,0.018066,-0.562988,-10.650634,49.644466,9.475708,0.6785882781363085
8.83,-0.411133,0.24292,-0.819824,-36.193848,68.977356,18.241882,0.9487633324833966
8.84,-0.593262,0.255859,-0.920166,-26.481627,71.777344,10.932921,1.124334957244059
8.85,-0.612061,0.153564,-0.839111,-34.507751,76.034546,-3.334045,1.049908491316267
8.86,-0.553955,0.185547,-0.817627,-84.121696,78.491211,0.579834,1.0048919058102717
8.87,-0.502686,0.279785,-0.87793,-129.600525,94.818108,22.598265,1.049635148859355
8.88,-0.456543,0.341064,-1.015625,-141.311646,124.565117,45.280453,1.164581600219581
8.89,-0.463867,0.411133,-1.08667,-121.871941,159.942627,76.11084,1.2510214331809029
8.9,-1.184326,0.064209,-0.788086,-87.882988,184.28038,95.443718,1.424019105683979
8.91,-0.14209,0.064941,-0.48584,-89.012138,209.403976,87.219231,0.5103404816208489
8.92,0.084961,0.833496,-1.118652,-83.137505,134.941101,84.663383,1.3976109081718702
8.93,-0.354736,0.57959,-0.783691,-29.388426,45.372005,34.713745,1.037272279238677
8.94,-0.43042,0.399414,-0.785156,-13.557433,27.984617,-11.940001,0.9804401379645776
8.95,-0.610352,0.394043,-0.901367,-17.364502,36.91864,-8.544922,1.157696816287408
8.96,-0.471924,0.298828,-0.851318,-12.84027,44.830318,-2.044678,1.018210573743958
8.97,-0.505127,0.349365,-0.841064,-6.759643,19.90509,-0.305176,1.041440272627288
8.98,-0.513428,0.370361,-0.898926,9.521484,-13.710021,-10.559081,1.0994742084200975
8.99,-0.513672,0.318604,-0.907227,23.29254,-41.236874,-13.412475,1.0901505684670352
9.0,-0.594971,0.240479,-0.904297,28.755186,-53.665157,-0.495911,1.1088614451278391
9.01,-0.565186,0.277832,-0.942383,19.737244,-35.03418,27.351377,1.133451169441807
9.02,-0.428467,0.405762,-0.91748,12.825011,-16.242981,45.196529,1.0908695252563434
9.03,-0.381836,0.376709,-0.832275,24.856565,-18.798828,32.691956,0.9901464927989191
9.04,-0.352783,0.242432,-0.780029,28.167723,-4.486084,29.121397,0.8897608445835319
9.05,-0.325195,0.21167,-0.771729,19.256592,20.240782,45.898434,0.863783321421524
9.06,-0.379883,0.179688,-0.7854,12.863158,41.816708,64.117432,0.8907592441468121
9.07,-0.380859,0.249268,-0.872803,7.789611,62.866207,77.095032,0.9843643586162595
9.08,-0.311523,0.349365,-0.935791,5.973815,76.278687,82.412712,1.046330386844901
9.09,-0.251221,0.368896,-0.918945,7.400512,66.398621,73.554993,1.021594911245157
9.1,-0.225098,0.388916,-0.914551,5.096435,51.307674,56.365963,1.0189839528967077
9.11,-0.091797,0.356689,-0.889404,-3.349304,53.558346,42.312618,0.9626490571054438
9.12,-0.015137,0.297852,-0.856689,-10.871886,60.852047,42.92297,0.9071168532190327
9.13,-0.088135,0.303955,-0.89209,-16.563416,66.40625,52.009579,0.9465627228821131
9.14,-0.125732,0.299561,-0.927979,-15.098571,73.112488,53.38287,0.9832041257978935
9.15,-0.17627,0.256348,-0.942627,-11.947631,83.160393,57.754513,0.9926384392783709
9.16,-0.170166,0.23999,-0.953369,-8.590698,85.670464,62.911983,0.9977294812808731
9.17,-0.13623,0.250732,-0.959473,-3.913879,74.623108,59.509274,1.0010062869198175
9.18,-0.097412,0.326904,-1.011963,0.335693,61.69891,55.641171,1.0679065672281447
9.19,-0.073486,0.418701,-1.084473,5.981445,63.537594,67.337036,1.164814323111628
9.2,-0.088867,0.473389,-1.127686,13.671874,78.315735,90.75927,1.2262423103147273
9.21,-0.100098,0.446289,-1.113525,23.948668,94.055168,108.856194,1.2037987401347454
9.22,-0.136963,0.384521,-1.131348,30.265806,107.604973,113.098137,1.2027317073703512
9.23,-0.124512,0.336182,-1.115967,36.102295,112.899773,91.705315,1.172136476847726
9.24,-0.073242,0.244141,-1.025391,44.68536,104.972832,54.924007,1.056596385251246
9.25,0.064941,0.122559,-0.990234,39.001465,102.798454,20.13397,0.9999007034290954
9.26,0.096924,0.129883,-1.174316,33.424377,81.733696,1.556396,1.1854458753232895
9.27,-0.002441,0.176514,-1.022949,39.482117,61.515804,-11.405944,1.0380692690172464
9.28,0.076904,0.476318,-0.92749,44.654842,94.459526,-41.557308,1.0454811152957284
9.29,0.259277,0.476563,-1.031006,77.972412,123.863213,-86.044304,1.1650365778523866
9.3,0.181885,0.259277,-1.021729,98.045341,135.375977,-107.315056,1.0696900791327366
9.31,0.141602,0.160645,-0.942871,92.796318,165.336594,-115.722649,0.9668834806066344
9.32,0.17749,0.158691,-0.879395,80.299377,198.226913,-121.833794,0.9110549377540303
9.33,0.319092,0.282227,-0.796631,63.972469,218.757614,-118.797295,0.9033785110096432
9.34,0.467529,0.422607,-0.862305,54.183956,201.774582,-78.315735,1.0680589662162854
9.35,0.482666,0.397705,-0.960693,61.172482,185.386642,-22.392271,1.14632751638875
9.36,0.515869,0.29541,-0.87915,72.921753,174.736008,-2.815246,1.0612693417606107
9.37,0.502686,0.147705,-0.761963,80.512993,168.342575,-19.035339,0.9247148722660407
9.38,0.514404,-0.007324,-0.658447,80.627434,156.181335,-43.830868,0.8355941407172504
9.39,0.619873,-0.129395,-0.594727,71.327209,135.025024,-56.968685,0.8687265430979992
9.4,0.722656,-0.178711,-0.574951,53.25317,108.497612,-52.963253,0.9406051075015487
9.41,0.713867,-0.146484,-0.552979,32.051086,78.353882,-40.206905,0.9147947476816863
9.42,0.671631,-0.061035,-0.54834,15.823363,50.094601,-29.876707,0.8691894080038021
9.43,0.697998,0.042236,-0.581543,10.002136,30.738829,-22.514341,0.9094929073659674
9.44,0.706055,0.108887,-0.637695,11.32965,23.742674,-12.222289,0.9576141993616218
9.45,0.652588,0.113281,-0.653564,15.274047,23.605345,2.044678,0.9305103894105643
9.46,0.645508,0.058838,-0.591797,19.203186,24.444578,14.73236,0.8777050629436975
9.47,0.703125,-0.022949,-0.524902,19.546509,21.194456,19.042969,0.8777434316644016
9.48,0.736816,-0.091553,-0.517334,14.72473,11.085509,15.380858,0.9049388030253759
9.49,0.741211,-0.114502,-0.56665,2.563476,-7.583618,11.58142,0.9399982324584445
9.5,0.680908,-0.083252,-0.64917,-14.495849,-29.991148,11.45172,0.9444513163038103
9.51,0.529541,0.052002,-0.780029,-31.318663,-49.262997,14.328002,0.9442262014612812
9.52,0.0,0.53125,-1.093994,-26.123045,-44.403072,38.970947,1.2161617633094703
9.53,-0.393311,0.622559,-1.275879,42.335506,49.896236,99.929802,1.4731396654231397
9.54,0.524414,-0.128662,-0.824463,111.335747,208.702072,120.399467,0.9855471536202619
9.55,0.351563,-0.072998,-0.686035,87.753288,246.597275,98.419182,0.7743185857242482
9.56,0.350098,-0.036133,-0.841064,65.635681,206.420883,75.965881,0.9117361764178277
9.57,0.503662,-0.257568,-0.479004,52.009579,158.561707,33.752441,0.7412567145625056
9.58,0.608887,-0.231934,-0.501953,27.648924,135.3302,-4.78363,0.8224922937839599
9.59,0.733154,-0.293213,-0.640137,-3.875732,117.080681,-9.468079,1.0164959566343585
9.6,0.727783,-0.107178,-0.62085,-40.000916,92.720024,-0.312805,0.9626058078325727
9.61,0.629883,-0.03833,-0.663574,-48.080441,54.870602,4.920959,0.9157249783996284
9.62,0.466064,-0.16748,-0.670654,-31.34918,12.992858,-26.222227,0.8336917837018666
9.63,0.518066,-0.212402,-0.509766,-63.781734,6.439209,-32.424927,0.7572109116461544
9.64,0.561035,-0.093994,-0.51416,-118.865959,10.932921,0.740051,0.7667826607722685
9.65,0.722168,-0.037109,-0.696777,-130.355835,-3.013611,13.870238,1.0041921558317413
9.66,0.833496,0.167969,-0.812988,-112.853996,-22.476194,7.995605,1.1763837193369349
9.67,0.791748,0.272217,-0.769775,-79.231262,-48.530575,-23.231504,1.1373304450413697
9.68,0.630859,0.136475,-0.756836,-62.248226,-61.965939,-85.830681,0.994690521922271
9.69,0.483154,0.027588,-0.737549,-72.265625,-70.281982,-154.151917,0.8821436463870269
9.7,0.445557,0.042969,-0.773926,-95.024101,-69.145203,-208.160385,0.8940519161021915
9.71,0.588867,0.057129,-0.809326,-110.145561,-57.54089,-233.970627,1.002515157294891
9.72,0.684082,0.189453,-0.761719,-114.578239,-47.21069,-207.580551,1.041189923546132
9.73,0.812256,0.429688,-0.811523,-107.841484,-27.06146,-151.367188,1.2259531664827168
9.74,0.898193,0.62793,-0.922363,-67.901611,-8.247375,-80.757133,1.4324106443049074
9.75,0.798584,0.71875,-0.979736,-5.401611,-12.069701,-29.365538,1.454035968348789
9.76,0.800537,0.660156,-1.029053,40.260311,-25.985716,-13.389586,1.4613745274617318
9.77,0.892334,0.563721,-1.044922,56.678768,-27.549742,4.959106,1.4852283728373223
9.78,0.952637,0.493408,-1.016602,63.125607,-36.071777,33.752441,1.4779879345370177
9.79,0.618164,0.500488,-1.115234,85.784904,-55.046078,42.358395,1.369803578545479
9.8,0.393066,0.404541,-1.06543,110.397331,-64.308167,69.526672,1.2055270158470113
9.81,0.223633,0.342773,-0.920166,124.786369,-64.376831,109.02404,1.0070801933182878
9.82,-0.024414,0.326416,-1.068359,141.822815,-44.830318,121.192924,1.1173783608666314
9.83,-0.250244,0.224365,-1.070801,177.032455,55.175777,103.301994,1.122308555773322
9.84,0.175537,-0.27832,-0.602051,178.390488,170.021042,66.352844,0.686105434587134
9.85,0.604004,-0.468994,-0.421875,119.827263,225.677475,27.366636,0.8733582997126665
9.86,0.897461,-0.352295,-0.448242,34.118652,220.458969,15.388488,1.0632351123387525
9.87,0.984131,-0.07959,-0.543701,-36.277771,177.917465,21.804808,1.1271464725855287
9.88,0.874268,0.245605,-0.629639,-57.670589,127.79998,17.456055,1.1050391948569065
9.89,0.794678,0.466553,-0.657959,-38.322449,88.508598,2.235413,1.1322962824164
9.9,1.032227,0.518555,-0.268555,-8.094788,14.587401,-1.983642,1.1859652843059951
9.91,1.077148,0.465332,-0.855957,21.087645,-99.105827,-1.739502,1.4523925330216347
9.92,0.705078,0.361328,-0.73291,44.143673,-128.700256,22.293089,1.079282158551692
9.93,0.362305,0.090576,-0.456543,57.609554,-122.169487,52.284237,0.5898308534232505
9.94,0.477539,-0.041992,-0.594238,39.825439,-106.620781,27.587889,0.763495661565277
9.95,0.527344,-0.022705,-0.619873,-2.677917,-56.259151,17.875671,0.8141558496319977
9.96,0.489502,0.076172,-0.631592,-42.739864,-22.201536,33.721924,0.8026972256411504
9.97,0.453369,0.259766,-0.709717,-55.870052,-12.825011,35.430908,0.881317221553057
9.98,0.441895,0.379639,-0.80957,-34.690857,-22.933958,14.053344,0.9973968850191983
9.99,0.449707,0.345215,-0.845215,-6.91986,-41.007992,-15.800475,1.0177417050995798
10.0,0.287109,0.199951,-0.816162,4.53949,-58.013912,-44.097897,0.8879934631099488
10.01,0.458984,0.194824,-0.69458,-8.293152,-59.745785,-43.80035,0.8550228532805424
10.02,0.623779,0.237305,-0.615479,-31.471251,-62.431332,-19.40918,0.907870201794838
10.03,0.872559,0.431641,-0.480225,-48.545834,-96.153252,-4.348755,1.0854903094855337
10.04,0.682617,0.500732,-0.729248,-24.635313,-200.454697,6.988525,1.1173634816016675
10.05,0.066895,0.199707,-0.884521,31.051634,-249.992355,-53.50494,0.9092498151305833
10.06,-0.126465,0.083252,-0.741943,47.927853,-190.948471,-100.341789,0.7572342484185458
10.07,0.159912,0.08374,-0.582764,37.887573,-115.692131,-76.080322,0.6100804168632197
10.08,0.424072,0.169922,-0.616699,16.197205,-73.410034,-27.57263,0.7674817286874
10.09,0.210693,0.187988,-0.656738,-5.729675,-31.509398,9.902954,0.714867700373293
10.1,0.148438,0.259277,-0.689697,-31.242369,-2.586365,6.568908,0.7516251421965606
10.11,0.091064,0.370361,-0.669189,-59.974667,36.2854,26.084898,0.7702427150827199
10.12,0.218018,0.431396,-0.577637,-80.718987,53.924557,53.718563,0.7531924461311331
10.13,0.378174,0.407959,-0.731201,-84.373466,26.130674,59.646603,0.9187497060451231
10.14,0.275635,0.368896,-0.739746,-76.141357,2.655029,56.106564,0.8713684964221509
10.15,0.236572,0.373047,-0.754639,-67.634583,-14.73236,55.191036,0.8744200339161952
10.16,0.347168,0.395752,-0.794189,-69.831848,-9.857178,56.02264,0.9528281237710188
10.17,0.427734,0.429443,-0.791016,-82.992546,20.126341,77.919006,0.9965359889442027
10.18,0.502197,0.419922,-0.773926,-96.839897,48.385616,104.820244,1.013655644866145
10.19,0.547607,0.402588,-0.768555,-101.745598,47.813412,114.723198,1.025976272736363
10.2,0.499268,0.299316,-0.790527,-90.866081,29.632566,111.854546,0.9817288533037011
10.21,0.520996,0.25415,-0.794189,-74.630737,13.519286,98.304741,0.9832421991742422
10.22,0.428711,0.286377,-0.811523,-59.616085,6.317138,89.24102,0.9614439594583764
10.23,0.422119,0.151123,-0.812744,-43.884274,24.54376,81.222527,0.9282108708833354
10.24,0.492676,0.084229,-0.796875,-36.6745,49.156185,61.294552,0.9406561173149304
10.25,0.472656,0.173096,-0.768311,-29.556273,55.305477,40.801998,0.9185138606863806
10.26,0.43335,0.230225,-0.749023,-16.799927,50.575253,32.981873,0.8954502932346384
10.27,0.416992,0.25,-0.793701,3.547668,56.663509,32.707214,0.9307758083797623
10.28,0.400635,0.225098,-0.826172,27.641294,78.2547,34.492493,0.945377007554658
10.29,0.435059,0.183594,-0.852539,45.715328,112.205498,36.766052,0.9745798257905814
10.3,0.524902,0.141846,-0.843018,53.894039,134.803772,33.287048,1.0031558929917126
10.31,0.625488,0.110352,-0.867188,66.886902,135.795593,17.39502,1.0749082888284005
10.32,0.750732,0.180176,-0.906494,92.506401,128.013611,1.190186,1.1907112575414747
10.33,0.825684,0.174316,-0.956787,119.10247,129.043579,-8.117676,1.2757670238256669
10.34,0.815674,0.178467,-0.892334,115.898125,144.020081,-20.935057,1.2220615827039978
10.35,0.710938,0.189453,-0.737793,85.235588,159.240723,-30.22003,1.0419519134307496
10.36,0.790039,0.342041,-0.572266,76.324463,154.647827,-32.241821,1.033751441091136
10.37,0.760498,0.30542,-0.434814,84.152214,146.04187,-18.188477,0.9277401570482976
10.38,0.759277,0.16748,-0.429443,77.568054,132.850647,-11.848449,0.8882411853646508
10.39,0.765625,0.078369,-0.462891,64.628601,125.091545,-1.914978,0.8981043473154998
10.4,0.723389,0.064209,-0.463379,50.621029,119.377129,5.760192,0.8614723086919277
10.41,0.720215,0.03418,-0.490967,31.639097,109.336845,6.866455,0.8723110189112596
10.42,0.705566,0.036621,-0.517822,3.005981,102.882378,18.089294,0.8759589611853971
10.43,0.709961,0.025146,-0.576172,-24.67346,91.300957,27.267454,0.9146863486578336
10.44,0.652344,0.017822,-0.595215,-45.654293,74.59259,32.791138,0.8832616906925151
10.45,0.561768,0.015625,-0.58667,-65.437317,67.985535,41.496273,0.8124094505537217
10.46,0.531982,-0.002441,-0.620605,-84.289543,68.67218,49.057003,0.8174113853073004
10.47,0.535889,-0.01123,-0.665771,-98.335258,70.884705,53.718563,0.8547246092525943
10.48,0.552979,0.008789,-0.719482,-103.843681,68.206787,53.207394,0.9074785778661665
10.49,0.533691,0.024658,-0.746826,-99.403374,54.862972,49.423214,0.9182500611059059
10.5,0.490234,0.025879,-0.753662,-89.393608,36.705017,47.393795,0.8994473345566154
10.51,0.477539,0.002686,-0.76123,-77.011108,24.681089,48.622128,0.8986221809064141
10.52,0.406738,0.081787,-0.918701,-66.864014,28.465269,47.843929,1.0080359326006192
10.53,0.466064,0.187256,-0.794434,-56.015011,37.254333,57.945248,0.9398967187877613
10.54,0.748779,0.005859,-0.748291,-48.347469,50.567623,61.073299,1.0586046190164673
10.55,-0.213867,0.401123,-1.275391,-127.128593,128.562927,160.148621,1.3539796740346584
10.56,-0.915039,0.129639,-0.389648,-135.177612,249.992355,249.992355,1.002959722893198
10.57,1.003906,-0.104004,-0.27002,-70.854187,249.992355,95.809929,1.0447750424143945
10.58,1.940186,0.015137,-0.334717,-71.472168,247.54332,-52.665707,1.9689048512952574
10.59,1.502197,0.175781,-0.553711,-100.746147,243.103012,-5.569458,1.610618098212919
10.6,1.085693,0.403564,-0.533936,-54.801937,164.825424,42.633053,1.275413989432843
10.61,0.960449,0.533447,-0.300537,20.835875,84.190361,39.031982,1.139012937494127
10.62,0.869385,0.489746,-0.243896,69.42749,56.991573,5.493164,1.027213065316539
10.63,0.810059,0.366455,-0.27417,103.782646,39.56604,-22.949217,0.9304053092099163
10.64,0.810791,0.249268,-0.271973,124.0158,17.074585,-40.519711,0.8907782519987789
10.65,0.823242,0.173584,-0.253906,129.577637,-3.791809,-50.682064,0.8788213996347608
10.66,0.787842,0.14917,-0.227051,130.905151,-17.776489,-54.054256,0.8333659835060464
10.67,0.716064,0.165039,-0.209717,133.19397,-24.54376,-55.198666,0.7641771677471134
10.68,0.631836,0.179688,-0.197998,134.857178,-26.046751,-55.999752,0.6860814210019099
10.69,0.572266,0.172119,-0.188965,132.270813,-24.108885,-60.195919,0.6267544145373051
10.7,0.588623,0.181396,-0.162109,130.653381,-24.360655,-61.729427,0.6369151221520808
10.71,0.681396,0.190186,-0.124512,121.093742,-19.844055,-68.405151,0.7183136233957977
10.72,0.710693,0.179443,-0.095459,102.203362,-11.795043,-81.733696,0.7391865469412983
10.73,0.690186,0.242432,-0.085693,80.764763,-11.314391,-95.497124,0.7365278538310686
10.74,0.678955,0.351318,-0.059814,69.145203,-8.911133,-113.471977,0.7667998068237889
10.75,0.695068,0.386475,-0.022949,69.168091,3.852844,-132.026672,0.7956186943819257
10.76,0.727539,0.373535,0.021973,70.884705,23.735044,-148.94104,0.8181223658322757
10.77,0.781982,0.372314,0.067383,68.138123,45.700069,-163.597092,0.8687082545993218
10.78,0.822998,0.383545,0.102783,62.713619,68.260193,-173.660263,0.9137816041691801
10.79,0.835938,0.398438,0.138184,57.66296,87.471001,-180.221542,0.9362905518822668
10.8,0.841064,0.412354,0.165771,54.794308,100.242607,-183.517441,0.9512646833836522
10.81,0.814453,0.419922,0.189453,56.15234,109.413139,-182.38829,0.9357139597665517
10.82,0.769531,0.4021,0.217529,59.974667,116.538994,-180.335983,0.8950872783153607
10.83,0.746826,0.354736,0.230957,62.58392,119.636528,-176.086411,0.8584450126950474
10.84,0.77832,0.32959,0.262451,61.378475,118.118279,-166.686996,0.8850379189057382
10.85,0.800537,0.321777,0.25293,50.2243,116.195671,-152.72522,0.8990959409306662
10.86,0.821045,0.34082,0.240723,37.29248,113.128654,-137.359619,0.9209889940460744
10.87,0.86499,0.379883,0.285156,24.871824,109.725945,-123.374931,0.9868296398695167
10.88,0.936523,0.425049,0.308105,8.804321,103.301994,-113.655083,1.0736250150564675
10.89,1.034912,0.458008,0.333008,-5.607605,86.944572,-107.597343,1.179706956778674
10.9,1.113281,0.486572,0.368408,-14.907836,60.165401,-99.998466,1.2695949553337866
10.91,1.129883,0.503662,0.39624,-20.912169,30.311583,-92.834465,1.2989677215131252
10.92,1.134033,0.520752,0.415283,-28.19824,1.64032,-88.699333,1.315170506315436
10.93,1.154297,0.545166,0.417969,-34.584045,-21.675108,-84.44976,1.343244436700186
10.94,1.160889,0.568115,0.411133,-37.834167,-38.658142,-79.780579,1.3562626099819313
10.95,1.156006,0.581299,0.398682,-39.840698,-51.559444,-75.302124,1.3539592817219432
10.96,1.146973,0.595703,0.387451,-42.121883,-60.554501,-70.167542,1.3492692112173166
10.97,1.131592,0.611572,0.37207,-45.082088,-64.483643,-64.834595,1.339013386993573
10.98,1.115723,0.622559,0.35083,-48.377987,-62.82806,-59.867855,1.3249525312666866
10.99,1.09375,0.628418,0.32666,-52.436825,-55.511471,-55.282589,1.3030368378614627
11.0,1.064453,0.626221,0.304199,-57.258602,-43.388363,-51.475521,1.271908000466622
11.01,1.033936,0.614746,0.288574,-62.507626,-28.823851,-47.538754,1.237017077524801
11.02,1.027588,0.614014,0.276855,-68.267822,-15.045165,-41.549679,1.2286573895781525
11.03,1.006104,0.607422,0.272705,-74.478149,-3.166198,-33.309937,1.206472031140797
11.04,0.956299,0.595703,0.260498,-81.527702,6.195068,-25.329588,1.156386202621771
11.05,0.911865,0.578369,0.234375,-88.836662,11.45935,-18.447876,1.1049615916451576
11.06,0.897705,0.562988,0.218994,-95.001213,11.566161,-11.787414,1.0820296332379258
11.07,0.901367,0.560303,0.212646,-100.708,8.720398,-3.051758,1.0824140805689846
11.08,0.867676,0.553223,0.205078,-106.445305,5.805969,5.081176,1.049273231712789
11.09,0.811035,0.54126,0.201904,-111.877434,1.029968,8.934021,0.9957436336934321
11.1,0.751953,0.531006,0.20166,-117.225639,-5.859375,10.894774,0.9423733028078628
11.11,0.710938,0.518799,0.202148,-122.604362,-13.206481,13.748168,0.9030221792121165
11.12,0.684326,0.512695,0.201904,-127.281181,-19.966125,17.883301,0.8785917496294853
11.13,0.66333,0.516846,0.202637,-131.43158,-25.627134,21.064756,0.8649845260956984
11.14,0.677979,0.537598,0.192383,-133.766174,-33.973694,20.843504,0.8863849912616978
11.15,0.712646,0.560059,0.170654,-132.804871,-46.516415,20.103453,0.9223086210770232
11.16,0.70874,0.572266,0.149658,-129.135132,-61.050411,18.951416,0.9231458602626132
11.17,0.686523,0.56543,0.118896,-123.741142,-76.48468,13.168334,0.8973077360889072
11.18,0.647949,0.547607,0.081787,-116.752617,-91.979973,4.142761,0.8522912919999829
11.19,0.599854,0.516113,0.073486,-109.062187,-106.788628,-2.89154,0.7947311761098843
11.2,0.567627,0.494873,0.073975,-103.126518,-119.621269,-7.377624,0.756684873565608
11.21,0.536865,0.504883,0.051758,-95.809929,-130.607605,-11.146544,0.7387893897979315
11.22,0.531006,0.535889,0.002686,-84.83123,-141.494751,-13.038634,0.754421372280107
11.23,0.543945,0.560303,-0.052979,-72.792053,-150.856018,-11.024474,0.7827019798588732
11.24,0.526855,0.553955,-0.099609,-63.224789,-157.974243,-11.756896,0.7709502486743226
11.25,0.488037,0.542725,-0.136963,-58.151241,-164.306625,-20.164488,0.7426233246828435
11.26,0.445313,0.546387,-0.178223,-53.749081,-168.701157,-30.838011,0.7270528587846966
11.27,0.406982,0.555664,-0.207764,-47.554012,-172.241196,-40.039063,0.7194183128861817
11.28,0.397949,0.541992,-0.194336,-39.222717,-179.031357,-48.347469,0.6999180063128823
11.29,0.415771,0.542969,-0.190918,-27.297972,-191.947922,-60.371395,0.7100215082136597
11.3,0.365234,0.590332,-0.178223,-12.275695,-208.969101,-72.502136,0.7166946230501524
11.31,0.309082,0.672363,-0.144775,4.333496,-226.165756,-78.842163,0.7540314894737488
11.32,0.307373,0.764404,-0.172607,29.08325,-232.91777,-87.081902,0.8417747993341211
11.33,0.26416,0.793945,-0.22168,58.822628,-227.027878,-111.022942,0.8656045234545624
11.34,0.160156,0.77124,-0.266846,74.615479,-217.864975,-147.583008,0.8316657198971231
11.35,0.090088,0.742676,-0.344727,70.350647,-213.302597,-172.195419,0.8237233717996594
11.36,0.072266,0.82373,-0.443115,59.494015,-210.098251,-170.944199,0.9381387908412059
11.37,0.118896,0.965088,-0.459717,54.145809,-214.874252,-173.797592,1.075579298168666
11.38,0.083496,1.027832,-0.47583,58.830257,-235.244736,-196.25853,1.1357043590389182
11.39,-0.197266,1.109863,-0.50415,76.98822,-249.992355,-221.504196,1.2348590915667261
11.4,-0.527832,1.24585,-0.514893,100.486748,-247.306808,-236.907944,1.447709792801375
11.41,-0.520264,1.358154,-0.532959,114.433281,-217.971786,-241.348251,1.5489681123551253
11.42,-0.380859,1.422607,-0.660156,102.127068,-180.023178,-237.106308,1.6138990670627453
11.43,-0.277344,1.479492,-0.749268,81.352226,-163.429245,-229.911789,1.6814335574812345
11.44,-0.261475,1.514893,-0.790527,61.096188,-162.284836,-224.327072,1.7286419278737284
11.45,-0.296143,1.465576,-0.858398,37.651062,-164.12352,-224.891647,1.7240826008718375
11.46,-0.330566,1.427002,-0.927734,9.82666,-160.728439,-226.562485,1.7338682081161765
11.47,-0.311768,1.422119,-0.971924,-18.333435,-147.842407,-224.754318,1.7505022130123113
11.48,-0.273682,1.39917,-0.978516,-36.506653,-132.736206,-222.633347,1.7291824913177902
11.49,-0.27417,1.340576,-0.916992,-46.142574,-120.613091,-218.948349,1.6471756217052267
11.5,-0.297607,1.267822,-0.845947,-50.949093,-105.476372,-211.746201,1.5529226886558132
11.51,-0.28125,1.212158,-0.804932,-50.018307,-81.268303,-203.231796,1.4820067827402141
11.52,-0.249512,1.175293,-0.769775,-41.91589,-49.34692,-197.814926,1.4269279675645858
11.53,-0.212891,1.158203,-0.745361,-26.893614,-16.220093,-195.648178,1.3936713340709137
11.54,-0.230225,1.098145,-0.708252,-12.802123,15.426635,-191.986069,1.326856015984402
11.55,-0.272949,1.029541,-0.661621,-7.942199,48.774715,-178.459152,1.2538732690838417
11.56,-0.253174,0.986572,-0.589844,-14.86206,87.486259,-152.206421,1.177003538565624
11.57,-0.197754,0.982422,-0.518799,-28.129576,130.157471,-122.398369,1.1284555963798488
11.58,-0.130371,1.004395,-0.412598,-43.289181,171.218857,-97.457878,1.0936375191396828
11.59,-0.048096,1.059814,-0.338623,-55.747982,205.07811,-75.523376,1.1136357016282301
11.6,0.05127,1.068848,-0.301514,-66.192627,229.77446,-59.028622,1.111744283637204
11.61,0.15625,1.067139,-0.2771,-77.651978,239.456161,-47.370907,1.113545741234279
11.62,0.24585,1.125488,-0.275146,-81.787102,234.199509,-40.39764,1.1844284621537935
11.63,0.312256,1.202637,-0.305176,-79.734802,220.45134,-36.224365,1.2794420480353925
11.64,0.272217,1.229248,-0.313721,-78.140259,212.425217,-29.518126,1.2975259559769892
11.65,0.177246,1.188232,-0.25415,-78.346252,211.563095,-18.913269,1.2279672849225258
11.66,0.151855,1.146729,-0.173828,-82.595818,209.938034,-1.625061,1.1697279658322273
11.67,0.214355,1.156006,-0.146973,-99.95269,206.886276,27.275084,1.1848624396063876
11.68,0.10498,1.172852,-0.223389,-118.499748,218.05571,55.335995,1.1985429736246422
11.69,-0.088623,1.109375,-0.104492,-102.21862,244.094833,45.524593,1.1178038758288504
11.7,-0.072266,0.991211,0.113037,-95.108025,249.992355,17.64679,1.000249461207553
11.71,-0.047607,0.938721,0.193604,-127.54821,249.885544,17.715454,0.9596593411758154
11.72,-0.022217,0.980225,0.181396,-157.043457,249.824509,34.515381,0.99711541685504
11.73,0.088135,1.024658,0.204834,-163.177475,249.992355,46.852108,1.048641389010085
11.74,0.201416,1.032227,0.239014,-156.852722,249.076828,51.704403,1.078512251567408
11.75,0.276855,1.005615,0.256104,-142.959595,227.210983,50.682064,1.0740109301427057
11.76,0.338379,0.950195,0.262939,-123.039238,185.607895,48.782345,1.042356850309432
11.77,0.393555,0.865479,0.23999,-102.485649,145.591736,51.071163,0.9805787258379615
11.78,0.412842,0.782715,0.251465,-83.427422,109.321587,56.930538,0.9199543110470215
11.79,0.430176,0.746826,0.266113,-76.60675,73.448181,46.127316,0.9020069811376185
11.8,0.5,0.728271,0.281006,-69.442749,34.790039,26.550291,0.9270075627938533
11.81,0.537598,0.712158,0.295166,-58.486935,-5.172729,11.657714,0.939842324075693
11.82,0.525635,0.698486,0.272949,-47.828671,-49.629208,-4.898071,0.9157925540328443
11.83,0.525879,0.69458,0.245361,-37.101746,-97.282402,-24.459837,0.9050923264297405
11.84,0.526855,0.691406,0.21167,-27.565001,-142.753601,-39.146423,0.8946634209360523
11.85,0.49585,0.690186,0.180664,-20.790098,-183.448776,-47.103878,0.8688287621804426
11.86,0.459229,0.697754,0.169922,-18.89801,-222.152695,-54.298397,0.8524232546341048
11.87,0.443848,0.721436,0.149658,-22.247313,-249.992355,-62.141415,0.8601560708173838
11.88,0.430908,0.766113,0.120117,-28.488157,-249.992355,-68.138123,0.8871521441793397
11.89,0.406494,0.826172,0.080078,-36.514282,-249.519333,-71.243286,0.9242348357987812
11.9,0.381104,0.89502,0.056152,-46.44775,-249.977097,-72.052002,0.9743993566910849
11.91,0.359863,0.960693,0.033936,-59.036251,-249.992355,-71.685791,1.0264424343887972
11.92,0.351807,1.040527,0.004395,-72.692871,-249.992355,-69.335938,1.0984006186282853
11.93,0.374023,1.132813,-0.028809,-86.647026,-249.992355,-64.52179,1.1933098742485122
11.94,0.393799,1.220947,-0.039551,-99.609367,-249.992355,-56.304928,1.2834926999445693
11.95,0.393066,1.298828,-0.026855,-110.527031,-249.992355,-46.44775,1.357267934110653
11.96,0.367188,1.37207,0.000488,-118.957512,-249.992355,-38.101196,1.4203532484519474
11.97,0.328369,1.43335,0.057129,-123.840324,-249.992355,-32.38678,1.4715917046864593
11.98,0.290039,1.477051,0.148193,-123.329155,-249.992355,-24.650572,1.5125354354100269
11.99,0.243652,1.499512,0.234375,-112.991325,-249.992355,-13.557433,1.5371513184696552
12.0,0.195313,1.513916,0.313965,-88.844292,-249.992355,-7.003784,1.5584167748872573
12.01,0.147461,1.501465,0.337158,-60.302731,-249.992355,-1.869202,1.545903428325974
12.02,0.082275,1.460693,0.310547,-29.396055,-249.992355,4.196167,1.4956044447256098
12.03,0.031006,1.433105,0.290527,5.66864,-249.992355,8.033752,1.4625858097185274
12.04,-0.040039,1.416016,0.282715,36.247253,-249.992355,10.44464,1.4445179836201418
12.05,-0.080566,1.39917,0.26709,60.783382,-249.992355,11.001586,1.4267111261064729
12.06,-0.077881,1.384033,0.263428,81.527702,-249.992355,8.529663,1.4110305122264366
12.07,-0.063232,1.356201,0.256836,98.426811,-249.992355,3.532409,1.381754019035588
12.08,-0.068604,1.323486,0.240479,112.953178,-249.992355,-3.074646,1.3469045439276683
12.09,-0.080811,1.291748,0.228516,128.242493,-249.992355,-9.620667,1.3142917771488185
12.1,-0.088135,1.251953,0.220215,143.287659,-245.834335,-13.954162,1.274224759867348
12.11,-0.094971,1.201416,0.21167,155.937195,-227.592453,-15.632628,1.223611083962956
12.12,-0.102051,1.15332,0.200195,165.00853,-209.701523,-16.105652,1.1750061561651495
12.13,-0.10083,1.124268,0.190918,169.464096,-194.137558,-15.823363,1.1448121712525596
12.14,-0.100586,1.121826,0.182617,166.969284,-176.811203,-14.419555,1.1410346560736007
12.15,-0.104248,1.153564,0.167969,161.079391,-157.234192,-10.963439,1.1703807639230064
12.16,-0.098145,1.189697,0.150146,156.158447,-136.253357,-6.996154,1.2031438875504459
12.17,-0.086914,1.196289,0.148438,153.747559,-114.784233,-3.120422,1.2085922615841125
12.18,-0.06665,1.174561,0.147949,152.130127,-94.566338,0.587463,1.1857169442248854
12.19,-0.048828,1.140869,0.150635,148.216248,-75.531006,3.585815,1.1518060392140683
12.2,-0.031982,1.10376,0.152832,140.426636,-57.075497,5.546569,1.1147495710463406
12.21,-0.017578,1.068115,0.150879,130.264282,-38.520813,8.033752,1.0788619522209502
12.22,-0.00415,1.036865,0.149658,118.705742,-19.599915,11.024474,1.0476181402061535
12.23,0.014893,1.018066,0.14624,106.315605,-1.197815,14.160155,1.028623507122504
12.24,0.032715,1.009521,0.144043,93.467705,15.762328,17.402649,1.0202702125001002
12.25,0.051025,1.009766,0.147949,79.89502,30.433653,21.003721,1.0218218200753004
12.26,0.071045,1.016602,0.154053,66.108704,43.006893,24.864195,1.0306596650873654
12.27,0.085693,1.030029,0.157471,53.916927,54.229733,28.717039,1.0455142978128038
12.28,0.088623,1.035889,0.164795,44.258114,63.858028,31.372068,1.0526525772898674
12.29,0.101563,1.02832,0.170654,36.689758,70.495605,32.218933,1.0473203201910102
12.3,0.124756,1.016846,0.172852,30.380247,73.448181,33.416748,1.0389502688560217
12.31,0.143555,1.005371,0.177002,24.368284,72.311401,35.858154,1.0308775842310278
12.32,0.155029,0.994385,0.177246,18.867493,67.512512,38.848877,1.0218863261547244
12.33,0.162354,0.982666,0.181152,13.72528,59.692379,42.198177,1.012327682114838
12.34,0.164307,0.975342,0.186768,8.796692,49.530025,45.745846,1.0065640034478682
12.35,0.165527,0.97168,0.198486,4.463196,37.826538,48.995968,1.0054640233867147
12.36,0.164063,0.968994,0.209961,1.152039,25.230406,52.49786,1.0049625174731645
12.37,0.156006,0.963135,0.218018,-1.335144,12.176513,56.03027,0.9997493428780035
12.38,0.14624,0.948486,0.21875,-2.479553,-1.403808,58.486935,0.984308585909927
12.39,0.149658,0.925293,0.21875,-3.15094,-15.73944,59.776302,0.9625051767720525
12.4,0.160645,0.90918,0.219482,-5.1651,-30.921934,61.470028,0.948992853897752
12.41,0.171631,0.914307,0.227051,-9.040833,-45.82214,64.689636,0.9575837545671919
12.42,0.178223,0.931641,0.222168,-13.885497,-59.074398,68.809509,0.9742058359679437
12.43,0.174316,0.950439,0.220215,-18.005371,-69.618225,71.769714,0.9910676096018879
12.44,0.153076,0.964111,0.213867,-21.263121,-77.49176,72.113037,0.9993404704033556
12.45,0.130371,0.960693,0.202637,-23.483274,-83.488457,69.999695,0.9904490858489396
12.46,0.119385,0.929199,0.196289,-25.459288,-87.85247,67.466736,0.9571796755818628
12.47,0.128906,0.897217,0.194336,-29.159544,-91.056816,65.856934,0.9270283613897689
12.48,0.149658,0.900879,0.184326,-37.460327,-93.200676,66.825867,0.9316418646030244
12.49,0.15918,0.93335,0.183838,-49.049374,-94.734184,70.121765,0.9645086340432625
12.5,0.159424,0.972168,0.212891,-59.234615,-96.359245,73.066711,1.0078934516510165
12.51,0.168213,1.010986,0.224854,-67.016602,-97.000114,73.600769,1.0492605143056704
12.52,0.182861,1.052002,0.207275,-74.768066,-95.031731,74.066162,1.0877082692293922
12.53,0.195068,1.066895,0.19751,-82.504265,-88.966362,75.538635,1.102418552886788
12.54,0.206299,1.074951,0.211914,-91.38488,-78.804016,76.35498,1.114893032177527
12.55,0.241211,1.104736,0.215088,-101.943962,-66.085815,76.61438,1.151037455498734
12.56,0.28125,1.150391,0.197021,-114.662163,-51.86462,79.101563,1.2005491617680635
12.57,0.306641,1.207764,0.188232,-129.058838,-40.000916,82.450859,1.2602197698818252
12.58,0.344238,1.272217,0.187012,-144.538879,-34.645081,84.396355,1.3311684280649838
12.59,0.404541,1.351074,0.177734,-159.675598,-35.606384,86.677544,1.4214934923920688
12.6,0.494141,1.446289,0.149902,-172.43956,-39.680481,93.757622,1.5357075922863699
12.61,0.562988,1.526855,0.126953,-182.815536,-42.877193,105.392448,1.6322863545891695
12.62,0.584473,1.57666,0.120117,-192.008957,-45.143124,116.348259,1.6857916647729636
12.63,0.633057,1.629395,0.06543,-200.309738,-50.079342,126.441948,1.7492770838760794
12.64,0.704346,1.700928,-0.019775,-208.641037,-58.624264,141.63208,1.8411003230473346
12.65,0.760742,1.75293,-0.066162,-217.773422,-73.440552,162.300095,1.9120327888684339
12.66,0.831055,1.776367,-0.056885,-227.912888,-96.076958,183.78447,1.9619806408165703
12.67,0.900146,1.809082,-0.063965,-235.931381,-122.596733,207.077011,2.0216656561521247
12.68,0.940918,1.882568,-0.153076,-236.57225,-147.735596,232.032761,2.1101708980847973
12.69,0.937988,1.94458,-0.229004,-231.109604,-168.716415,249.992355,2.1710955060890345
12.7,0.955811,1.969971,-0.224609,-227.6306,-181.709274,249.992355,2.2010928220870194
12.71,0.961182,1.991699,-0.179932,-226.837143,-178.99321,249.67955,2.2188085244898894
12.72,0.962891,2.006348,-0.117676,-221.481308,-161.079391,249.984726,2.228550878028366
12.73,1.000732,1.998291,-0.083008,-212.196335,-136.482239,249.992355,2.2364082329863213
12.74,1.064941,1.985107,-0.038574,-200.271591,-114.410393,249.992355,2.253050618252062
12.75,1.139893,2.001465,-0.023682,-186.759933,-97.373955,249.992355,2.3034276708414354
12.76,1.221924,2.001709,-0.001709,-173.278793,-90.698235,249.992355,2.3451951098230612
12.77,1.253906,2.007813,0.035889,-166.946396,-83.061211,249.992355,2.3674630557045657
12.78,1.309082,1.983887,0.102783,-156.951904,-80.436699,249.992355,2.3790896697228545
12.79,1.333252,1.91333,0.117188,-146.16394,-94.261162,249.992355,2.334978717622069
12.8,1.31665,1.832031,0.111816,-137.207031,-126.899712,249.992355,2.2588509524351092
12.81,1.315186,1.722412,0.124023,-123.687737,-163.230881,249.992355,2.1706678734594567
12.82,1.248291,1.611572,0.166504,-112.388603,-191.436752,249.992355,2.0452672964385363
12.83,1.124023,1.561523,0.150635,-105.972282,-212.722763,249.992355,1.9298892940484955
12.84,1.024658,1.526611,0.112305,-96.580498,-226.982101,249.992355,1.8420308290878302
12.85,0.922607,1.448975,0.100098,-80.230713,-232.826218,249.992355,1.7206835376320655
12.86,0.78125,1.333252,0.060791,-57.601925,-229.415878,249.992355,1.5464824614863888
12.87,0.63623,1.206543,0.007568,-37.597656,-218.505844,249.992355,1.3640351529095576
12.88,0.567139,1.062988,0.002686,-24.711607,-206.268295,249.992355,1.204822537995119
12.89,0.584473,0.921875,-0.020752,-18.112183,-195.236191,249.992355,1.0917384525874319
12.9,0.533936,0.817871,-0.078613,-17.921448,-184.03624,249.992355,0.9798880693762936
12.91,0.400635,0.744141,-0.120361,-24.734495,-180.206284,249.992355,0.8536632834010142
12.92,0.330322,0.705811,-0.095459,-18.554688,-186.454758,249.992355,0.7851077710008989
12.93,0.284912,0.650391,-0.080566,-3.067016,-196.5103,249.992355,0.714614708063723
12.94,0.16748,0.547607,-0.10498,13.534545,-202.377304,249.992355,0.5821887814523738
12.95,0.02124,0.385986,-0.203369,29.58679,-201.751694,249.992355,0.4368011904253467
12.96,-0.015381,0.222412,-0.300049,40.771481,-195.533737,249.992355,0.3738088753708237
12.97,0.068359,0.099365,-0.326904,38.772583,-187.713608,249.992355,0.34844308189717293
12.98,0.139893,0.032959,-0.287598,30.09033,-179.412827,249.992355,0.3215104302102811
12.99,0.106689,-0.012939,-0.233643,25.291441,-175.231918,249.992355,0.2571750607873944
13.0,0.034912,-0.034668,-0.247559,21.934507,-178.070053,249.992355,0.25240082497686095
13.01,-0.063232,-0.060547,-0.283447,22.773741,-181.465134,248.634323,0.29665877172603544
13.02,-0.151611,-0.12915,-0.274414,31.822203,-181.304916,237.022385,0.3390702894931964
13.03,-0.208496,-0.228271,-0.243652,42.747494,-173.973068,225.273117,0.3936299385984252
13.04,-0.240479,-0.333252,-0.231934,46.417233,-157.600403,217.880234,0.47189026828384584
13.05,-0.264648,-0.426514,-0.279785,38.490295,-133.224487,208.22142,0.5746585093122697
13.06,-0.287109,-0.471436,-0.374023,19.386292,-106.62841,192.169174,0.6667658393364195
13.07,-0.241699,-0.437744,-0.452637,-1.914978,-88.523857,169.151291,0.674476441327642
13.08,-0.12207,-0.374268,-0.418213,-10.513305,-84.136955,145.622253,0.574351577078883
13.09,-0.054443,-0.35083,-0.311523,-9.651184,-92.193596,130.699158,0.47232648525993115
13.1,-0.112793,-0.372803,-0.244141,-8.964539,-102.890007,123.977654,0.4596837668865412
13.11,-0.224609,-0.421387,-0.232178,-7.858276,-107.681267,117.889397,0.53096405747847
13.12,-0.309814,-0.490479,-0.263672,-6.988525,-103.904716,110.41259,0.6372419380588507
13.13,-0.3479,-0.554932,-0.305908,-8.468628,-94.581596,102.645866,0.7228856334773849
13.14,-0.340088,-0.603027,-0.355225,-12.344359,-85.33477,93.055717,0.7781299448665371
13.15,-0.30835,-0.608398,-0.432861,-16.288757,-80.986015,79.124451,0.8078344472879329
13.16,-0.297852,-0.579102,-0.518555,-17.547607,-80.772392,66.604614,0.8324507362799315
13.17,-0.318604,-0.563721,-0.556641,-14.373778,-79.437256,59.318539,0.8538964091375487
13.18,-0.310791,-0.588135,-0.543213,-7.759094,-74.714661,53.085323,0.8588213942811391
13.19,-0.26001,-0.657959,-0.494141,0.396728,-65.414429,46.394344,0.8629545606009623
13.2,-0.185303,-0.736816,-0.452637,5.561828,-54.283138,39.764404,0.8843728135995588
13.21,-0.144531,-0.765869,-0.506348,3.013611,-38.848877,36.453247,0.9294260767947067
13.22,-0.167236,-0.771973,-0.637207,3.700256,-20.507811,35.606384,1.0148610512153868
13.23,-0.182617,-0.776123,-0.764893,10.742187,-7.087707,29.46472,1.1048878591363922
13.24,-0.183594,-0.778809,-0.818115,21.52252,1.708984,15.815734,1.144361118066321
13.25,-0.155273,-0.773438,-0.756592,34.393311,3.944397,-4.684448,1.093045058008589
13.26,-0.096924,-0.775879,-0.647705,42.312618,1.274109,-21.621702,1.015334551486356
13.27,-0.076416,-0.783936,-0.600098,39.207458,-3.097534,-25.894163,0.9902083956198311
13.28,-0.095459,-0.788086,-0.633057,30.746458,-10.0708,-25.421141,1.0153586210428314
13.29,-0.066406,-0.76123,-0.675293,24.124144,-22.834776,-28.472898,1.019755610715136
13.3,0.018311,-0.739502,-0.676758,22.987364,-39.985657,-30.586241,1.0025965745448167
13.31,0.061523,-0.753418,-0.642334,26.329039,-58.189388,-27.244566,0.9919761740127633
13.32,0.060547,-0.782715,-0.593994,29.533384,-76.919556,-20.561216,0.9844478566536676
13.33,0.074951,-0.832764,-0.546387,32.798767,-96.80938,-13.076781,0.9988254531528519
13.34,0.099609,-0.904785,-0.558838,35.324097,-118.835442,-6.034851,1.0681094322914668
13.35,0.05835,-0.957275,-0.624512,34.194946,-141.799927,0.488281,1.1444629248118963
13.36,-0.044189,-0.963867,-0.645508,23.117064,-160.743698,3.784179,1.1608931214689835
13.37,-0.071289,-0.943359,-0.721191,7.522583,-170.54747,-0.015259,1.1895901743386248
13.38,-0.052979,-0.919678,-0.741699,18.554688,-165.75621,-6.645202,1.1826799248850044
13.39,-0.064209,-0.918213,-0.689453,31.661985,-158.554077,-10.475158,1.150036237802531
13.4,-0.091797,-0.930176,-0.627197,37.605286,-147.605896,-11.016845,1.125624340974377
13.41,-0.127686,-0.956299,-0.578857,36.064148,-131.469727,-9.567261,1.125116402176237
13.42,-0.158691,-0.950928,-0.538818,29.296873,-113.868706,-7.583618,1.1044327647208771
13.43,-0.168701,-0.922363,-0.469971,25.405882,-95.497124,-5.401611,1.0488499759312577
13.44,-0.153564,-0.92041,-0.350586,27.221678,-76.61438,-2.410889,0.9968184456519652
13.45,-0.140137,-0.956299,-0.21582,29.075621,-57.945248,2.967834,0.9903153177498568
13.46,-0.110107,-1.007568,-0.127686,26.275633,-39.581299,10.749816,1.021577476586578
13.47,-0.080566,-1.04126,-0.113281,17.448425,-20.668028,18.287659,1.050497907145464
13.48,-0.080566,-1.033691,-0.155762,2.89154,-4.196167,20.874022,1.0484606642506908
13.49,-0.105957,-0.979004,-0.219971,-15.205382,3.883362,16.601563,1.0089910597750607
13.5,-0.121338,-0.894531,-0.267334,-28.747557,1.13678,8.842468,0.9414754844184737
13.51,-0.123535,-0.829834,-0.296387,-31.417845,-9.57489,3.219604,0.8897924575708652
13.52,-0.142334,-0.804443,-0.314941,-27.938841,-22.087095,1.678467,0.8755428837504192
13.53,-0.150146,-0.778564,-0.301758,-25.283812,-29.228209,2.883911,0.8483888341886638
13.54,-0.128418,-0.746094,-0.248047,-24.124144,-27.351377,5.554199,0.7966647687509472
13.55,-0.134033,-0.723877,-0.216309,-25.123594,-22.109983,9.925842,0.7673019872898805
13.56,-0.221924,-0.687256,-0.251709,-30.09796,-17.936707,14.717101,0.7648061793637654
13.57,-0.338623,-0.619873,-0.312256,-35.400391,-15.480041,15.205382,0.7722770757921019
13.58,-0.398438,-0.540527,-0.331543,-34.729004,-12.046813,10.726928,0.7488945442597376
13.59,-0.374756,-0.491943,-0.312256,-27.793882,-5.058288,5.752563,0.692786968931287
13.6,-0.328613,-0.495117,-0.291992,-20.973204,2.960205,4.417419,0.6621077521989907
13.61,-0.351074,-0.516357,-0.296387,-20.1416,6.568908,7.728576,0.6911749117944024
13.62,-0.403076,-0.514404,-0.319092,-21.713255,4.478455,11.627196,0.7272561044473947
13.63,-0.39209,-0.503662,-0.32666,-18.951416,-0.640869,9.552002,0.7170193400069486
13.64,-0.354248,-0.497314,-0.302002,-13.236999,-6.141662,3.997802,0.6811887169529454
13.65,-0.371582,-0.508301,-0.28125,-5.66101,-11.718749,2.235413,0.6895974563649434
13.66,-0.399658,-0.568115,-0.35083,0.549316,-15.830993,2.204895,0.7781791947161014
13.67,-0.4375,-0.626465,-0.45874,0.297546,-17.379761,0.274658,0.8912390441542606
13.68,-0.482422,-0.649658,-0.512207,-0.152588,-19.622803,-4.325867,0.9576755786261859
13.69,-0.429199,-0.680908,-0.541992,2.63977,-24.307249,-11.940001,0.9703622076982388
13.7,-0.379639,-0.731445,-0.520752,5.126953,-27.267454,-18.218994,0.9748436817510795
13.71,-0.337891,-0.771729,-0.47168,3.936767,-30.632017,-21.537779,0.9655143705414229
13.72,-0.319092,-0.813721,-0.464111,-0.457764,-31.242369,-18.783569,0.9896264904629424
13.73,-0.296387,-0.867432,-0.499512,-9.147644,-29.022215,-11.238097,1.0439328362193614
13.74,-0.27417,-0.916504,-0.517578,-18.02063,-25.184629,-4.714966,1.087674471981392
13.75,-0.286621,-0.965088,-0.523682,-23.719786,-24.124144,-2.342224,1.1348080377354577
13.76,-0.325928,-0.987793,-0.55127,-29.029844,-26.81732,-4.79126,1.1772266922445311
13.77,-0.351318,-0.973877,-0.576416,-32.905579,-29.899595,-10.688781,1.1849540722361354
13.78,-0.258545,-0.975342,-0.599121,-32.661438,-32.752991,-18.127441,1.1734920138756804
13.79,-0.185791,-0.990234,-0.663818,-30.525206,-34.446716,-26.885984,1.2065388545591889
13.8,-0.412842,-0.97998,-0.707764,-25.695799,-42.304989,-36.117554,1.2773915598045886
13.81,-0.622803,-0.930176,-0.723877,-18.15033,-64.208984,-43.937679,1.3330824726602626
13.82,-0.575439,-0.855469,-0.71875,-9.315491,-83.557121,-54.000851,1.2568050028472995
13.83,-0.45166,-0.80542,-0.68042,0.106812,-89.073174,-59.951778,1.147026376505789
13.84,-0.395264,-0.782471,-0.592529,7.270813,-86.174004,-55.313107,1.058104489820358
13.85,-0.353271,-0.779785,-0.47876,10.513305,-77.011108,-48.934933,0.9808548227265846
13.86,-0.311035,-0.815918,-0.395996,11.039733,-64.422607,-45.150753,0.9587897506570459
13.87,-0.340088,-0.84375,-0.371582,7.369995,-54.855343,-42.91534,0.9826734416722577
13.88,-0.433105,-0.805664,-0.394531,2.105713,-51.330563,-41.755672,0.9961571823171281
13.89,-0.475342,-0.720215,-0.399414,2.059937,-49.186703,-46.203609,0.9508896921225931
13.9,-0.403809,-0.627441,-0.356201,8.895874,-44.250484,-55.465694,0.8268150152017076
13.91,-0.268799,-0.549316,-0.271729,17.677307,-37.063599,-61.706539,0.66920670924461
13.92,-0.195801,-0.518311,-0.209717,23.124693,-29.769896,-56.480404,0.5924234502541236
13.93,-0.218506,-0.522949,-0.210693,24.375914,-26.664732,-44.746395,0.6046586383125606
13.94,-0.262939,-0.508301,-0.260254,25.169371,-28.114317,-39.085388,0.628680339153373
13.95,-0.255859,-0.453125,-0.311035,33.27179,-29.502867,-41.748043,0.6062415894105254
13.96,-0.211182,-0.381592,-0.381104,49.781796,-31.867979,-45.585629,0.579180930628763
13.97,-0.169922,-0.370605,-0.491455,69.587708,-40.634151,-50.170895,0.6385527144519864
13.98,-0.149414,-0.535645,-0.561279,79.307556,-57.334896,-62.19482,0.7901102614584878
13.99,-0.112549,-0.620117,-0.520264,69.450378,-73.478699,-86.09771,0.8172435382344726
14.0,-0.092285,-0.640381,-0.458496,55.595394,-87.791435,-104.675285,0.7929835612432328
14.01,-0.092041,-0.70874,-0.436768,49.118038,-97.450249,-112.411491,0.8375859472943658
14.02,-0.081055,-0.783447,-0.406494,48.301693,-98.846428,-116.21093,0.8863388104274799
14.03,-0.045898,-0.818115,-0.35498,45.196529,-87.8601,-118.591301,0.892989126489791
14.04,-0.043457,-0.85498,-0.355225,32.943726,-63.560482,-117.134087,0.9268571151337189
14.05,-0.150146,-0.906006,-0.424316,10.009766,-32.569885,-113.288872,1.011649524888931
14.06,-0.243164,-0.938232,-0.530029,-18.730164,-5.1651,-109.092705,1.1046894394177034
14.07,-0.250732,-0.945068,-0.608154,-43.846127,21.537779,-106.75811,1.1514648705731323
14.08,-0.1875,-0.941406,-0.635986,-61.94305,47.019955,-103.179924,1.1514684967605497
14.09,-0.095703,-0.943848,-0.651367,-74.028015,67.733765,-93.940727,1.1507767289974193
14.1,-0.027832,-0.98291,-0.674805,-82.115166,82.94677,-82.4356,1.1925805953263704
14.11,0.024658,-1.025146,-0.648926,-84.114067,88.127129,-75.126648,1.2135226787151527
14.12,0.155518,-1.065186,-0.58667,-77.049255,75.386047,-78.117371,1.2259644170284878
14.13,0.33252,-1.029785,-0.637939,-60.768124,50.796505,-89.546196,1.2561818595832372
14.14,0.272949,-0.938477,-0.720703,-36.712646,35.057068,-85.021965,1.2143529348336093
14.15,0.078857,-0.928223,-0.698486,-20.51544,28.129576,-67.260742,1.1643449043878709
14.16,-0.023682,-0.923828,-0.674561,-16.448975,31.089781,-65.39917,1.144137908396099
14.17,-0.000244,-0.879883,-0.773193,-18.241882,46.737667,-70.205688,1.1713332439890878
14.18,0.025635,-0.828125,-0.910889,-20.835875,72.319031,-64.987183,1.2313273078962392
14.19,0.037598,-0.774414,-0.909424,-18.562317,87.944023,-52.207943,1.1950659667047674
14.2,0.134277,-0.760254,-0.730469,-10.330199,75.645447,-41.191097,1.0628270871623475
14.21,0.281738,-0.765137,-0.5354,-3.555298,37.04071,-33.77533,0.9754302073510949
14.22,0.322754,-0.758789,-0.448486,-0.785828,-12.733459,-26.390074,0.9386536012997554
14.23,0.232178,-0.740967,-0.457764,3.501892,-58.1665,-19.493103,0.901380385003468
14.24,0.104492,-0.729248,-0.491943,12.535094,-89.179985,-17.105103,0.8858493883369791
14.25,-0.021484,-0.731201,-0.535156,20.469664,-101.84478,-20.416258,0.9063710106755402
14.26,-0.155762,-0.733398,-0.57959,22.499083,-102.630608,-23.719786,0.947659746506097
14.27,-0.243652,-0.725098,-0.625244,21.461485,-97.740166,-26.321409,0.9879592432099616
14.28,-0.266113,-0.713135,-0.622559,21.179197,-87.974541,-27.656553,0.9833399033269218
14.29,-0.239502,-0.714844,-0.568115,21.705626,-78.010559,-26.115416,0.9439903630678653
14.3,-0.177002,-0.741943,-0.519775,23.719786,-73.913574,-26.786802,0.9230250125960835
14.31,-0.115479,-0.775879,-0.482666,24.955748,-74.142456,-30.899046,0.9210266497979306
14.32,-0.089111,-0.79541,-0.431152,24.337767,-74.60022,-33.248901,0.9091258909111543
14.33,-0.056641,-0.812012,-0.395996,20.751951,-72.235107,-32.264709,0.9051986097210932
14.34,0.003906,-0.818359,-0.41748,15.037536,-63.041683,-30.4718,0.9187035757615184
14.35,0.066895,-0.831299,-0.465088,9.82666,-44.410702,-27.671812,0.9549030401930868
14.36,0.122803,-0.881104,-0.487793,6.965637,-21.820066,-21.255491,1.0145771762039593
14.37,0.1521,-0.980713,-0.501465,6.591796,-2.540588,-12.451171,1.1119350451325833
14.38,0.151611,-1.085938,-0.516846,6.683349,11.398314,-3.318786,1.2121786266392427
14.39,0.109619,-1.17041,-0.519775,3.913879,20.858763,9.010315,1.2853178376907402
14.4,0.090088,-1.225586,-0.562988,-1.319885,21.560667,21.537779,1.3517146071874788
14.41,0.165771,-1.206055,-0.582031,-0.259399,12.168883,21.156309,1.3493734740341534
14.42,0.269775,-1.18457,-0.512207,10.498046,-5.91278,6.408691,1.3184614694309424
14.43,0.321045,-1.198486,-0.439697,22.857664,-28.388975,-9.117126,1.3163479919952779
14.44,0.267578,-1.185059,-0.439453,25.344847,-44.837948,-12.832641,1.2919294712847138
14.45,0.160156,-1.13623,-0.473145,20.26367,-50.788876,-10.208129,1.2411828021129685
14.46,0.085449,-1.094971,-0.493408,17.196655,-41.816708,-9.643555,1.2040408950305632
14.47,0.027344,-1.077148,-0.497314,14.953612,-11.970519,-9.803772,1.1867252094887004
14.48,0.033203,-1.026123,-0.491699,3.837585,29.441832,-7.522583,1.1383315672241545
14.49,0.126465,-0.897461,-0.45874,-9.559631,66.879272,-5.249023,1.0158110209807727
14.5,0.227295,-0.789551,-0.379395,-13.488769,84.823601,-5.081176,0.9049830742345406
14.51,0.263428,-0.738037,-0.283447,-14.671325,78.50647,-5.195617,0.833327742465112
14.52,0.239258,-0.699951,-0.238037,-18.52417,54.832455,-5.355834,0.7770697564144419
14.53,0.209961,-0.674072,-0.263916,-21.598814,22.506712,-9.033203,0.753729618471372
14.54,0.200195,-0.655762,-0.339355,-21.530149,-10.803222,-18.867493,0.7650252640887096
14.55,0.195068,-0.643799,-0.402832,-18.211365,-38.719177,-29.953001,0.7840932962658207
14.56,0.188477,-0.654541,-0.429443,-13.031005,-58.2962,-36.437988,0.8052135061330008
14.57,0.175293,-0.684082,-0.446045,-7.850646,-68.740845,-39.398193,0.835255625900239
14.58,0.169189,-0.720703,-0.453857,-3.52478,-71.304321,-41.076656,0.8683455005808459
14.59,0.180664,-0.743896,-0.449951,-0.267029,-68.130493,-41.091915,0.8879620724518587
14.6,0.144775,-0.762695,-0.435059,2.632141,-59.707638,-39.421082,0.8899099938370172
14.61,0.103271,-0.783691,-0.427002,4.653931,-52.528378,-39.329529,0.8984248387739512
14.62,0.133301,-0.79248,-0.412109,5.531311,-47.096249,-41.816708,0.9031209968116121
14.63,0.212646,-0.79834,-0.404297,4.936218,-39.138794,-43.701168,0.9197940753913346
14.64,0.279297,-0.806152,-0.433838,3.768921,-30.860899,-41.793819,0.9571328390338512
14.65,0.2771,-0.810303,-0.504395,4.150391,-25.718687,-37.254333,0.9938760877664781
14.66,0.189941,-0.802246,-0.59668,6.988525,-27.053831,-33.691406,1.0176950674917316
14.67,0.068848,-0.773438,-0.653564,12.84027,-34.095764,-34.065247,1.0149346230393366
14.68,0.02417,-0.737793,-0.663818,18.943787,-43.090816,-37.025452,0.9927623264774909
14.69,0.082764,-0.697266,-0.65332,23.445127,-52.673336,-39.863586,0.9590916415296299
14.7,0.13208,-0.666016,-0.634277,26.275633,-63.827511,-40.176388,0.9291553967905476
14.71,0.106201,-0.651855,-0.580078,28.366087,-79.841614,-39.44397,0.8790245044991635
14.72,0.053955,-0.6604,-0.488037,30.34973,-102.745049,-42.396542,0.822933420997106
14.73,0.063721,-0.67041,-0.386719,31.646727,-129.508972,-50.819393,0.7765703566979619
14.74,0.08667,-0.697266,-0.335205,31.501768,-150.299072,-56.320187,0.7784946728661668
14.75,0.064209,-0.741699,-0.337891,27.755735,-162.780746,-57.441708,0.8175637774284035
14.76,-0.001465,-0.777832,-0.345703,21.385191,-170.288071,-60.981747,0.8511964113281963
14.77,-0.029297,-0.760498,-0.351318,15.007018,-175.384506,-69.023132,0.8382361596453591
14.78,-0.032959,-0.726807,-0.37793,8.377075,-171.325668,-73.509216,0.819857180141761
14.79,-0.032227,-0.690674,-0.406006,2.929687,-158.401489,-73.867798,0.8018167033936122
14.8,-0.036865,-0.649902,-0.412109,-0.442505,-139.160156,-73.608398,0.7704319994068263
14.81,-0.03418,-0.621826,-0.41333,-0.205994,-119.949333,-75.691223,0.747447346356919
14.82,-0.018555,-0.637939,-0.428955,2.502441,-103.2257,-81.192009,0.7689686910212925
14.83,0.015869,-0.685547,-0.458252,4.730225,-88.325493,-86.692802,0.8247553636527623
14.84,0.050537,-0.738037,-0.476318,4.79126,-73.783875,-89.355461,0.8798473952123743
14.85,0.081543,-0.763672,-0.484619,1.853943,-62.568661,-91.644279,0.9081298142853806
14.86,0.126709,-0.759033,-0.484131,-2.929687,-56.488033,-96.290581,0.9091584520483764
14.87,0.17334,-0.720215,-0.488037,-7.911682,-55.14526,-103.950493,0.8870944229302764
14.88,0.202148,-0.665771,-0.496094,-12.46643,-58.731075,-112.960808,0.854531506254158
14.89,0.197021,-0.614502,-0.506592,-15.121459,-65.765381,-120.24688,0.8204056538743502
14.9,0.166992,-0.57666,-0.503174,-15.830993,-73.493958,-125.045769,0.78333081002856
14.91,0.164063,-0.556396,-0.485596,-15.388488,-81.504814,-128.379822,0.7565029094464872
14.92,0.213623,-0.568604,-0.487061,-14.61029,-89.538567,-131.988525,0.7785715848051482
14.93,0.259033,-0.623779,-0.503418,-15.205382,-96.565239,-136.512756,0.8423942180796352
14.94,0.24292,-0.682617,-0.519531,-18.722534,-102.073662,-140.846252,0.8915652275913412
14.95,0.190918,-0.704346,-0.514893,-24.978636,-108.093254,-146.934509,0.8931224842590182
14.96,0.182617,-0.697021,-0.496094,-30.288694,-112.915031,-156.929016,0.8748122655553018
14.97,0.241943,-0.668945,-0.510742,-31.723021,-113.288872,-170.555099,0.8757175451239971
14.98,0.287109,-0.633545,-0.545654,-30.136106,-107.582085,-185.829147,0.8840526752530078
14.99,0.273438,-0.614014,-0.580566,-27.313231,-98.197929,-201.904282,0.8881657572750707
15.0,0.240234,-0.595703,-0.605469,-25.100706,-85.449211,-220.298752,0.8827044516291962
15.01,0.239502,-0.558594,-0.612061,-23.185728,-67.489624,-240.85997,0.8625584806614564
15.02,0.307861,-0.499023,-0.611084,-22.987364,-44.334408,-249.992355,0.8468919676712018
15.03,0.436768,-0.439209,-0.61499,-24.54376,-19.561768,-249.992355,0.8728593996772905
15.04,0.543213,-0.38916,-0.606689,-25.68054,4.318237,-249.778732,0.902550503678326
15.05,0.602539,-0.340332,-0.606934,-30.09033,19.508362,-249.992355,0.9204607526130596
15.06,0.577393,-0.22583,-0.604004,-35.423279,22.628782,-246.803268,0.8655649584895405
15.07,0.576172,-0.098389,-0.587891,-31.814573,15.975951,-248.352036,0.8290177300793995
15.08,0.674805,-0.017578,-0.55835,-22.216795,4.974365,-249.992355,0.8760282510336067
15.09,0.793945,0.036621,-0.540771,-11.909484,-5.088806,-249.992355,0.9613131826345668
15.1,0.836182,0.068604,-0.546387,-1.51062,-12.664794,-249.954208,1.0012220531475522
15.11,0.818604,0.06958,-0.550049,13.000487,-18.920898,-249.603256,0.988689935023615
15.12,0.835938,0.022461,-0.524414,29.373167,-25.077818,-244.468674,0.9870698454319228
15.13,0.866699,-0.054199,-0.513428,40.878292,-25.779722,-237.71666,1.0088176244425946
15.14,0.848633,-0.135254,-0.527832,46.455379,-22.644041,-230.567917,1.0085029664948932
15.15,0.899902,-0.210693,-0.540039,46.356197,-22.064207,-222.21373,1.0704472296073264
15.16,0.994873,-0.216309,-0.562256,38.795471,-21.484373,-211.585983,1.1630536011491475
15.17,1.004395,-0.170654,-0.58374,31.074522,-18.638611,-203.834518,1.1741739612770332
15.18,0.975586,-0.122314,-0.607666,29.197691,-18.218994,-197.540268,1.1558489198627995
15.19,0.919678,-0.093506,-0.622314,33.561707,-17.662048,-189.208969,1.1143723391739406
15.2,0.863525,-0.088623,-0.617432,40.496822,-13.59558,-182.708725,1.0652472653698764
15.21,0.847656,-0.103027,-0.614014,44.738766,-4.547119,-179.008469,1.0517359218268623
15.22,0.842529,-0.111816,-0.624023,44.227596,8.834839,-175.750717,1.0544015545445673
15.23,0.864502,-0.103516,-0.634277,41.076656,21.759031,-171.691879,1.077212413124264
15.24,0.912109,-0.07251,-0.643799,37.124634,31.951902,-168.113693,1.1187840186479248
15.25,0.94165,-0.030518,-0.637695,34.141541,40.237423,-165.63414,1.137669101210453
15.26,0.922607,0.011719,-0.630127,33.622742,47.798153,-160.057068,1.1173186866507692
15.27,0.88623,0.036133,-0.615967,37.521362,56.678768,-151.504517,1.0798724700991316
15.28,0.858643,0.038818,-0.593262,45.341488,70.396423,-140.937805,1.0443823242553467
15.29,0.817871,0.011719,-0.567627,55.290218,88.638298,-128.78418,0.9956157485350461
15.3,0.780273,-0.047852,-0.540527,63.400265,102.798454,-117.919914,0.9504131765511251
15.31,0.75415,-0.113525,-0.51123,67.222595,111.396782,-110.328667,0.9181428325837978
15.32,0.768311,-0.170898,-0.492676,68.748474,119.1101,-103.546135,0.9285674774086157
15.33,0.810791,-0.20874,-0.495605,67.352295,127.639763,-94.879143,0.9729227869188799
15.34,0.797363,-0.218018,-0.50293,62.797543,135.635376,-83.473198,0.9676043545752573
15.35,0.74707,-0.217041,-0.490479,57.441708,140.632629,-72.151184,0.9196684348296401
15.36,0.710693,-0.229004,-0.470215,52.307125,142.601013,-63.499447,0.8823998631516213
15.37,0.684326,-0.245605,-0.44873,47.363277,144.485474,-58.975216,0.8543901352432622
15.38,0.678955,-0.263184,-0.429443,42.182919,145.675659,-56.663509,0.8453797963814843
15.39,0.702637,-0.2854,-0.417236,35.873413,143.188477,-53.88641,0.8655852317738559
15.4,0.729248,-0.297119,-0.39917,27.893064,135.765076,-50.064083,0.8828471184553983
15.41,0.758545,-0.299072,-0.37207,20.942686,124.999992,-46.745296,0.8962536823405525
15.42,0.809082,-0.306396,-0.345215,17.074585,111.740105,-44.80743,0.9314856884380994
15.43,0.854004,-0.3125,-0.318604,14.656066,95.443718,-43.647762,0.9635806094105465
15.44,0.865234,-0.314453,-0.276123,11.32965,74.707031,-42.182919,0.961121467398372
15.45,0.852295,-0.31543,-0.24292,8.972168,50.788876,-40.390011,0.9406981334758776
15.46,0.821533,-0.323242,-0.216797,8.926392,28.114317,-39.428711,0.9090669941549961
15.47,0.790771,-0.334473,-0.196289,9.216309,10.95581,-39.970398,0.8807498701055823
15.48,0.852539,-0.338623,-0.187988,7.606506,-1.205444,-40.092468,0.9363908216092254
15.49,0.936523,-0.307617,-0.200684,3.166198,-6.912231,-37.597656,1.0059709817256162
15.5,0.963135,-0.259277,-0.197998,-0.267029,-10.44464,-32.829285,1.0168858337876479
15.51,0.955566,-0.22583,-0.197021,0.259399,-17.26532,-30.815123,1.001460355529364
15.52,0.92627,-0.203369,-0.2229,3.234863,-25.512693,-33.752441,0.9741763049166203
15.53,0.909912,-0.187988,-0.250732,7.354736,-33.38623,-37.42981,0.9623647290461138
15.54,0.983398,-0.179199,-0.253906,12.153625,-41.595455,-40.039063,1.0313351370146369
15.55,1.095947,-0.164063,-0.253418,15.167235,-46.745296,-40.641781,1.136766105011053
15.56,1.177002,-0.13623,-0.248779,14.869689,-49.888607,-37.460327,1.2106953835482317
15.57,1.207275,-0.099121,-0.268555,10.95581,-51.605221,-34.126282,1.2407496469034358
15.58,1.150879,-0.049072,-0.279297,6.54602,-48.118587,-32.646179,1.1853005306815652
15.59,1.036865,-0.01416,-0.273926,4.264832,-38.101196,-31.692503,1.0725320448830422
15.6,0.946533,-0.000732,-0.2771,2.601623,-23.643492,-32.318115,0.9862604452744721
15.61,0.924805,0.028076,-0.280273,-0.968933,-8.804321,-33.760071,0.9667499699146621
15.62,0.955322,0.092285,-0.271973,-6.904602,4.432678,-31.112669,0.9975600020239385
15.63,1.07666,0.188232,-0.24585,-12.527465,14.915465,-23.551939,1.1202991850055055
15.64,1.167725,0.310059,-0.221924,-17.204285,24.322508,-13.71765,1.2284007981444818
15.65,1.118896,0.431152,-0.189697,-18.867493,27.084349,-4.249573,1.2140038128972246
15.66,1.053955,0.509521,-0.186035,-14.10675,18.52417,-1.167297,1.185344596600921
15.67,1.027832,0.530762,-0.187988,-3.227234,2.27356,-1.396179,1.1719583648799132
15.68,0.964844,0.500244,-0.195557,10.482787,-13.72528,3.601074,1.1042692353411827
15.69,0.851318,0.438477,-0.192871,23.750303,-26.878355,10.993957,0.9768334757234726
15.7,0.795898,0.358643,-0.189453,22.071836,-37.818909,9.429932,0.8932921510133177
15.71,0.855957,0.347168,-0.212158,20.89691,-45.646664,5.531311,0.9477336245153487
15.72,0.916504,0.395264,-0.215576,27.778624,-54.206844,5.325317,1.0211200827953586
15.73,0.857666,0.452393,-0.218262,31.913755,-68.702698,9.544373,0.9939258999789672
15.74,0.765869,0.501221,-0.236572,34.78241,-90.850822,11.314391,0.9453804140059175
15.75,0.736328,0.551514,-0.276123,42.106625,-113.594048,5.050659,0.9605157608852651
15.76,0.729492,0.599121,-0.35376,55.01556,-126.502983,-0.305176,1.0080925990726248
15.77,0.710205,0.642822,-0.405273,70.930481,-129.295349,-2.410889,1.0401237764025972
15.78,0.714844,0.682861,-0.369629,82.069389,-118.827812,-8.308411,1.055427253437204
15.79,0.792725,0.766602,-0.363281,83.526604,-95.069878,-16.456604,1.1610618575209506
15.8,0.895996,0.830078,-0.387451,83.45031,-73.257446,-23.15521,1.281388541973511
15.81,0.875,0.806152,-0.398438,87.913506,-71.716309,-22.201536,1.2546947385511744
15.82,0.786377,0.717773,-0.406738,89.973442,-84.518425,-16.525269,1.1397467553373424
15.83,0.661377,0.668457,-0.46582,80.871574,-85.853569,-16.319275,1.0494010526857689
15.84,0.648682,0.644531,-0.516846,62.873837,-71.365356,-21.041868,1.0503991311882355
15.85,0.793213,0.63623,-0.545654,39.634705,-60.699459,-25.871275,1.1539990311889348
15.86,0.89502,0.615723,-0.551514,12.413024,-60.081478,-28.312681,1.218336285811516
15.87,0.805908,0.551514,-0.558594,-12.748717,-60.6842,-27.160643,1.1250256234841942
15.88,0.72168,0.564697,-0.584473,-25.825499,-53.421017,-27.252195,1.0868824278356881
15.89,0.741943,0.656006,-0.498047,-17.807007,-26.252745,-23.315428,1.1085459401820026
15.9,0.884033,0.9646,-0.54126,10.69641,7.507324,-11.45935,1.4159554698820862
15.91,0.89209,1.381348,-1.074463,95.123283,26.512144,-12.657165,1.9642855198705202
15.92,1.074463,0.566406,-1.264648,189.941391,-41.107174,-14.09912,1.7534597398027136
15.93,0.831787,0.222656,-1.129395,175.827011,-119.438164,5.676269,1.420203638120252
15.94,0.592529,0.86792,-0.42041,70.358276,-87.7304,1.686096,1.1318658535095931
15.95,0.918945,0.963623,-0.062012,-57.28912,8.56781,26.329039,1.3329946313837877
15.96,0.771484,0.41333,-0.318848,-127.571098,26.084898,70.381165,0.9315005626729379
15.97,0.71167,0.114258,-0.835205,-36.453247,-46.058651,44.082638,1.1032209531589763
15.98,0.61084,-0.229248,-0.817139,99.174492,-29.167173,6.965637,1.045655916841195
15.99,0.900879,-0.105225,-0.518311,123.962395,2.471924,20.996092,1.0446538019779568
16.0,1.280762,0.166016,-0.745605,58.174129,-19.309998,54.367062,1.4912543139669368
16.01,1.071045,0.393311,-1.219482,22.117613,-39.016724,49.491879,1.6700201445102392
16.02,0.819336,0.313721,-1.02417,46.905514,-26.992796,32.295227,1.3485757433815129
16.03,0.841553,0.286621,-0.77002,62.553402,-7.598876,32.646179,1.176135132478407
16.04,0.900635,0.249756,-0.769043,57.098385,-3.280639,33.576965,1.2103506097862717
16.05,0.916016,0.126465,-0.816406,50.544735,-1.289368,31.524656,1.2335304881992175
16.06,0.955811,0.058594,-0.765137,50.849911,2.166748,29.861448,1.2257416340020437
16.07,1.016846,0.016602,-0.691162,55.221554,0.473022,30.860899,1.2296163321800828
16.08,1.026611,-0.029297,-0.703613,58.174129,-0.236511,32.920837,1.24493361802909
16.09,0.950928,-0.050781,-0.684326,55.976864,6.431579,31.692503,1.1726657006244363
16.1,0.887939,-0.043457,-0.633301,49.446102,9.368896,30.34973,1.0915101168431744
16.11,0.84375,-0.060547,-0.672852,42.846676,5.249023,34.194946,1.080883812263372
16.12,0.880371,-0.094238,-0.776611,41.084286,-5.218505,41.816708,1.1777344962282459
16.13,0.951416,-0.134277,-0.856201,43.67828,-19.187927,48.59161,1.2869743082851344
16.14,0.915771,-0.163086,-0.790039,42.79327,-30.021666,52.986141,1.2204077963361264
16.15,0.793213,-0.18335,-0.639404,37.147522,-39.466858,50.094601,1.0352012176794423
16.16,0.679199,-0.22876,-0.545654,32.592773,-46.501156,42.427059,0.9007667327987863
16.17,0.637207,-0.248779,-0.499756,30.563353,-47.58453,36.506653,0.8471598498665999
16.18,0.70166,-0.24292,-0.489014,31.85272,-50.155636,36.903381,0.8890846833659884
16.19,0.821289,-0.202393,-0.532959,36.911011,-62.568661,42.770382,0.9997618934781421
16.2,0.797363,-0.165039,-0.506348,42.694088,-81.05468,53.482052,0.9588607419192842
16.21,0.654053,-0.174561,-0.36377,48.004147,-103.973381,59.204098,0.7684955968839379
16.22,0.584717,-0.197998,-0.306396,50.849911,-123.832695,60.066219,0.6891847988087085
16.23,0.585938,-0.226807,-0.277588,51.666256,-133.964539,61.06567,0.68689144181377
16.24,0.577393,-0.243896,-0.291504,52.383419,-138.969421,61.882015,0.6912615404324185
16.25,0.521973,-0.28418,-0.383545,52.314754,-141.899109,66.040039,0.7073336215351284
16.26,0.528076,-0.311523,-0.467529,46.546932,-143.814087,67.138672,0.7710345045106607
16.27,0.505859,-0.208252,-0.585449,36.972046,-139.450073,68.130493,0.8012569843601989
16.28,0.373535,-0.031982,-0.710449,33.447266,-133.18634,74.867249,0.8032988398784104
16.29,0.080566,-0.005615,-0.504639,43.609615,-136.71875,67.420959,0.511060592202138
16.3,-0.079102,-0.143555,-0.324707,55.984493,-136.84845,50.079342,0.36373039504281196
16.31,-0.125244,-0.284668,-0.486084,54.244991,-105.941765,40.794369,0.5770611621102221
16.32,-0.162109,-0.412598,-0.640381,40.542599,-59.242245,28.778074,0.7788480356565073
16.33,-0.057129,-0.427246,-0.667236,20.744322,-17.555237,10.32257,0.7943593310668667
16.34,0.163818,-0.334961,-0.757568,5.058288,18.730164,3.334045,0.8443603989227585
16.35,0.272949,-0.154053,-0.847412,-6.065368,46.730038,11.474608,0.903515678421797
16.36,0.354492,0.071289,-0.7771,-7.011413,54.710384,30.006407,0.8571062417139429
16.37,0.310791,0.195068,-0.759277,11.642455,60.234066,50.712582,0.8432936220759647
16.38,0.221436,0.100586,-0.730225,38.848877,78.048706,67.184448,0.7696622610710493
16.39,0.256104,-0.064209,-0.635498,52.856441,98.480217,73.608398,0.688164052026114
16.4,0.300293,-0.168945,-0.5354,52.719112,119.636528,65.834045,0.6366878818337914
16.41,0.290527,-0.23877,-0.415039,47.630306,143.455505,48.133846,0.5600664444063758
16.42,0.280273,-0.291748,-0.341309,41.183468,174.163803,36.239624,0.5293030167248246
16.43,0.278564,-0.314941,-0.258301,34.736633,217.430099,34.439087,0.4934624019902631
16.44,0.258301,-0.322998,-0.170654,29.396055,249.992355,33.52356,0.4474035117441525
16.45,0.269775,-0.299561,-0.174072,20.866392,249.992355,19.790649,0.4391086477513282
16.46,0.357666,-0.252197,-0.260498,13.610839,249.343857,-13.351439,0.5093009938818105
16.47,0.527832,-0.23291,-0.303223,15.167235,249.992355,-47.897335,0.6517652000935613
16.48,0.588867,-0.254883,-0.29248,15.342711,244.445786,-72.250366,0.7051767422270817
16.49,0.465576,-0.202637,-0.269043,9.620667,203.514084,-91.25518,0.5746363209839768
16.5,0.379639,-0.140625,-0.28125,8.987427,161.087021,-106.346123,0.4929530641409991
16.51,0.394531,-0.121826,-0.3125,16.25061,135.887146,-121.368401,0.5178344660574459
16.52,0.371094,-0.112793,-0.323975,23.605345,122.76458,-138.313293,0.5053640453277222
16.53,0.314453,-0.109863,-0.314941,28.434752,118.797295,-154.48761,0.458408552995033
16.54,0.309814,-0.112305,-0.300049,30.403135,120.330803,-167.137131,0.44567536393882035
16.55,0.413086,-0.093262,-0.270264,28.152464,125.625603,-174.476608,0.5023748338999476
16.56,0.566162,-0.074951,-0.233398,27.19879,130.851746,-182.579025,0.6169535550177176
16.57,0.701172,-0.048096,-0.169678,28.549192,134.83429,-198.181137,0.7230117720231117
16.58,0.806152,0.000488,-0.109375,26.05438,137.557983,-208.808884,0.8135380604944061
16.59,0.838135,0.055908,-0.035889,19.958496,143.096924,-207.550034,0.8407639401223151
16.6,0.800537,0.0979,0.037109,14.190673,153.778076,-198.120102,0.8073543065160427
16.61,0.758545,0.122803,0.10498,13.511657,169.639572,-191.017136,0.775559084940664
16.62,0.728027,0.130127,0.137451,15.823363,190.58226,-192.09288,0.7522294372457116
16.63,0.689453,0.138184,0.151611,17.860413,211.814865,-193.023666,0.7193233990257789
16.64,0.700684,0.153809,0.174561,14.015197,227.340683,-191.123947,0.7382999519558429
16.65,0.915527,0.183838,0.244629,5.882263,225.639328,-184.448227,0.965313133451524
16.66,1.164795,0.239746,0.32251,-5.973815,205.215439,-170.112595,1.2321681040511478
16.67,1.27417,0.312988,0.323242,-12.924193,170.715317,-156.1203,1.3512794187761463
16.68,1.307617,0.358887,0.280518,-3.372192,122.993462,-148.979187,1.3846849626474609
16.69,1.300293,0.34375,0.203125,13.626098,70.678711,-152.046204,1.360215318974904
16.7,1.231201,0.296143,0.119873,32.012939,26.451109,-157.501221,1.271977246250498
16.71,1.12085,0.235596,0.078125,43.769833,-0.724792,-160.438538,1.1480042305414209
16.72,1.040283,0.1875,0.087158,44.036861,-8.392334,-158.843994,1.0606325881534096
16.73,1.068359,0.185303,0.108887,29.96063,-4.234314,-155.944824,1.0897635218059927
16.74,1.125977,0.244141,0.083008,4.600525,2.761841,-154.388428,1.1551274217479213
16.75,1.140137,0.341797,0.018311,-20.019531,1.724243,-156.944275,1.1904086948182964
16.76,1.159424,0.434814,-0.040039,-27.030943,-11.993407,-161.277756,1.238923059714767
16.77,1.135254,0.461182,-0.039795,-17.539978,-31.448362,-163.887009,1.2259992347734152
16.78,1.064941,0.417969,-0.014404,-5.264282,-49.59869,-162.98674,1.144117517415934
16.79,0.990967,0.37793,-0.028809,-0.495911,-54.977413,-156.280518,1.060979094266235
16.8,0.868652,0.355957,-0.06958,-9.498596,-36.079407,-144.126892,0.9413304729758832
16.81,0.757813,0.377686,-0.056641,-27.526854,-2.578735,-129.920959,0.848607954503138
16.82,0.811035,0.434082,-0.04126,-47.630306,21.087645,-116.828911,0.9208188429593521
16.83,1.0,0.496582,-0.003174,-63.270565,25.009153,-108.879082,1.1165141096287141
16.84,1.102539,0.532471,0.039063,-73.287964,13.458251,-108.5205,1.2250075633770592
16.85,1.043945,0.544922,0.047607,-80.596916,-1.228333,-106.0028,1.1785701402793132
16.86,0.998535,0.573975,0.077881,-82.733147,1.617432,-99.670403,1.15437641045328
16.87,1.033691,0.645752,0.086914,-79.544067,29.45709,-82.656853,1.2219111147628536
16.88,1.099365,0.733398,0.090576,-68.29071,61.19537,-46.005245,1.3246433638549662
16.89,1.173584,0.785156,0.117676,-52.162167,83.503716,-8.956909,1.4169040159333306
16.9,1.134521,0.780029,0.078369,-37.597656,97.709648,6.439209,1.3790303986653085
16.91,1.022217,0.698242,0.087402,-14.595031,104.919426,21.987913,1.2410111181037018
16.92,0.985596,0.601074,0.110352,6.515502,103.591911,38.726807,1.1596840054928756
16.93,0.993164,0.516846,0.151367,24.54376,91.567986,37.055969,1.12978603607099
16.94,0.975098,0.386475,0.325928,31.562803,81.18438,34.164429,1.098366103088128
16.95,0.928955,0.283203,0.374023,23.872374,72.616577,41.244503,1.0406990610945126
16.96,0.987061,0.244873,0.461182,4.837036,67.108154,33.706665,1.1166651427236367
16.97,1.001953,0.274902,0.47168,-25.115965,61.431881,23.254393,1.1410359092565843
16.98,0.939209,0.38208,0.411865,-40.519711,54.222103,18.157959,1.094409178646634
16.99,0.902588,0.481201,0.394531,-36.361694,52.291866,11.146544,1.0963002372096797
17.0,0.921143,0.494385,0.38916,-22.705076,43.197628,2.967834,1.1155117481559753
17.01,0.905518,0.455078,0.369141,-10.742187,25.093077,-7.904052,1.078574945142432
17.02,0.838379,0.411621,0.359131,-3.921509,6.233215,-17.036438,1.0006429285429443
17.03,0.797119,0.394775,0.366699,-2.27356,-8.056641,-21.987913,0.9621404041962899
17.04,0.812744,0.403809,0.374512,-4.53949,-17.38739,-22.583006,0.9817707248441461
17.05,0.837402,0.442627,0.375977,-8.712769,-23.605345,-19.264221,1.0190777572207137
17.06,0.858887,0.506836,0.349854,-15.213012,-29.609678,-15.747069,1.056866799072144
17.07,0.840576,0.57251,0.317871,-19.500732,-33.77533,-12.649535,1.065541029016246
17.08,0.805176,0.610596,0.289795,-19.287109,-38.002014,-9.109497,1.0512454557414268
17.09,0.764404,0.614746,0.255371,-17.021179,-42.991634,-8.19397,1.013627380930981
17.1,0.766846,0.611572,0.233154,-15.075683,-51.818844,-12.21466,1.008183458808961
17.11,0.791504,0.610107,0.212402,-15.632628,-61.805721,-17.730713,1.0216769269534278
17.12,0.767578,0.622559,0.200684,-18.692017,-68.054199,-17.288208,1.008478935040787
17.13,0.726074,0.644287,0.200684,-20.713804,-65.155029,-11.367797,0.9912432898642997
17.14,0.720215,0.660645,0.206299,-21.14105,-53.031918,-6.645202,0.9988597197059255
17.15,0.717041,0.661377,0.203613,-20.774839,-37.391663,-5.004883,0.996506691186266
17.16,0.697266,0.664795,0.191895,-22.308348,-25.779722,-3.890991,0.9823217180771279
17.17,0.676514,0.678955,0.196045,-25.146482,-21.415709,-3.250122,0.9783070715506456
17.18,0.715088,0.695801,0.230713,-25.184629,-23.307798,-2.716064,1.02406951312594
17.19,0.756836,0.711426,0.225098,-24.345396,-26.80969,-2.258301,1.0628249121920317
17.2,0.737061,0.729248,0.190186,-24.192808,-29.418943,-1.922607,1.054150026239624
17.21,0.687256,0.738525,0.189209,-21.331785,-28.045652,-2.632141,1.0264209812947123
17.22,0.675049,0.721924,0.204102,-16.00647,-22.5296,-2.319336,1.0092190250787982
17.23,0.698242,0.689941,0.19458,-14.389037,-18.028259,-2.296448,1.0007106726946606
17.24,0.722656,0.666504,0.189697,-14.465331,-19.27948,-3.944397,1.0012213682103475
17.25,0.69751,0.652588,0.200439,-13.641356,-21.659849,-5.371093,0.9759954357295939
17.26,0.661621,0.627686,0.191162,-12.237548,-22.361753,-7.202148,0.9318127346634623
17.27,0.644531,0.603516,0.192139,-10.993957,-19.973755,-8.857727,0.9036421678618146
17.28,0.664551,0.585205,0.205811,-10.353087,-16.372681,-9.681702,0.9090935547824547
17.29,0.693604,0.574951,0.211182,-11.138915,-13.755797,-9.628296,0.9253393962979205
17.3,0.687256,0.587402,0.209473,-12.977599,-11.840819,-8.651733,0.9280306335832885
17.31,0.67749,0.608398,0.198975,-14.739989,-11.146544,-9.399414,0.9320578721994681
17.32,0.676758,0.619141,0.193115,-14.457702,-9.849548,-11.253356,0.9373528533428593
17.33,0.687256,0.615479,0.197266,-12.939452,-7.019042,-12.512206,0.9434241271734575
17.34,0.713135,0.603271,0.213623,-12.420653,-1.25885,-13.275146,0.9581921591178879
17.35,0.758301,0.592041,0.236084,-12.725829,4.898071,-12.023925,0.9905900299003619
17.36,0.785889,0.580322,0.252197,-13.366698,6.500244,-9.689331,1.0089591026468814
17.37,0.785889,0.572998,0.259033,-14.442443,3.196716,-9.902954,1.0065020235518654
17.38,0.777588,0.575684,0.256592,-14.747619,-0.968933,-11.062621,1.0009468617584052
17.39,0.767334,0.582764,0.246338,-14.083861,-3.692627,-10.932921,0.9945339398411699
17.4,0.750488,0.582275,0.236816,-12.527465,-4.997253,-10.231017,0.9789577271899946
17.41,0.742676,0.577393,0.240479,-10.635375,-3.372192,-9.44519,0.9709688289878311
17.42,0.776611,0.579102,0.252686,-11.306762,-2.449036,-8.735657,1.0011663130174726
17.43,0.819092,0.60498,0.234375,-14.114379,-6.454467,-9.719849,1.044913463158074
17.44,0.771973,0.631592,0.213623,-13.687133,-13.748168,-11.95526,1.0200419370408258
17.45,0.723877,0.632813,0.213379,-9.216309,-19.645691,-14.625548,0.9848760336910427
17.46,0.722656,0.614502,0.217529,-5.302429,-20.317076,-15.167235,0.9732231338089944
17.47,0.742432,0.611816,0.211182,-3.77655,-19.935608,-14.656066,0.9849476786124225
17.48,0.717041,0.621338,0.197266,-3.280639,-21.736143,-15.525817,0.9690833713778191
17.49,0.683838,0.632324,0.187012,-1.518249,-24.627684,-17.524719,0.9499692307459227
17.5,0.67749,0.638672,0.195801,-0.434875,-24.444578,-19.371033,0.9514371525671047
17.51,0.701172,0.643066,0.177002,-0.419617,-23.231504,-22.315977,0.9677322780314812
17.52,0.717529,0.64502,0.160156,2.838135,-21.293638,-23.498533,0.9780330314345216
17.53,0.663818,0.639893,0.184814,5.897521,-15.029906,-22.293089,0.94035823129752
17.54,0.6604,0.643311,0.203125,5.439758,-11.802672,-25.184629,0.9440534774820757
17.55,0.703369,0.651855,0.190918,3.288269,-13.519286,-30.044554,0.9777998639343329
17.56,0.702148,0.65625,0.1875,3.990173,-15.464782,-29.624937,0.9791997377471054
17.57,0.654785,0.649658,0.202637,6.561279,-14.73236,-26.733397,0.9443837498379565
17.58,0.640869,0.637695,0.184814,8.018494,-12.107848,-26.283262,0.9227806905121065
17.59,0.642822,0.641357,0.186035,7.156372,-6.874084,-26.283262,0.926913127729886
17.6,0.664307,0.650879,0.172363,3.784179,-4.455566,-26.542662,0.9458627102592637
17.61,0.667725,0.668457,0.153076,1.663208,-6.050109,-27.94647,0.9571435097465792
17.62,0.649902,0.691406,0.137207,2.799988,-9.07135,-31.814573,0.9587703725548677
17.63,0.647705,0.703857,0.125732,6.324768,-9.719849,-33.401489,0.9647512525506251
17.64,0.646484,0.705566,0.104492,8.888245,-5.317688,-31.585691,0.962644025938976
17.65,0.653564,0.702637,0.08252,13.351439,-3.227234,-30.570982,0.9631480707892219
17.66,0.65625,0.681152,0.103271,20.39337,-3.77655,-29.678343,0.951470971204587
17.67,0.676758,0.672607,0.147217,23.406981,-7.720947,-27.290342,0.9654400095821594
17.68,0.737549,0.69873,0.117432,18.966675,-20.195005,-29.96826,1.02273770582931
17.69,0.7146,0.742188,0.068115,15.228271,-33.317566,-35.430908,1.0325385419290651
17.7,0.599854,0.764648,0.080322,20.683287,-34.828186,-37.04071,0.9751733224940067
17.71,0.533691,0.74707,0.09082,28.32794,-23.704527,-36.827087,0.922598472132379
17.72,0.564453,0.730225,0.091553,31.539915,-11.352538,-36.354065,0.9274792135907952
17.73,0.614258,0.71875,0.09082,32.76062,-9.82666,-36.102295,0.9498224704985664
17.74,0.608887,0.708496,0.100098,32.875061,-15.480041,-37.330627,0.9395368914465253
17.75,0.553711,0.715332,0.105957,32.814026,-18.417358,-39.756775,0.910781328088142
17.76,0.499023,0.739502,0.11792,30.22003,-16.738892,-43.80798,0.8998845975640432
17.77,0.580322,0.761963,0.075928,24.436949,-20.172117,-51.406857,0.960794618134906
17.78,0.628662,0.779785,0.041504,24.391172,-24.444578,-55.5191,1.0024984481209933
17.79,0.539795,0.755127,0.092529,30.72357,-24.54376,-56.65588,0.9328220859279651
17.8,0.507568,0.725586,0.142334,31.555174,-19.851685,-58.0368,0.8968607949821421
17.81,0.562744,0.764648,0.146973,21.957396,-11.428832,-55.6488,0.9607124627946699
17.82,0.616455,0.848877,0.104004,8.522034,-5.760192,-50.285336,1.0542417939780229
17.83,0.654053,0.916016,0.037598,6.195068,-2.929687,-43.861385,1.126181268122055
17.84,0.656982,0.901123,0.033691,17.01355,3.585815,-34.0271,1.1156984776067411
17.85,0.640625,0.834717,0.072998,26.130674,13.305663,-23.567198,1.0547424181846488
17.86,0.664307,0.807617,0.11499,26.969908,22.384642,-14.556884,1.0520321806095096
17.87,0.746338,0.83252,0.094482,16.647339,24.635313,-12.138366,1.1220680946217123
17.88,0.75708,0.880127,0.061035,4.653931,22.705076,-12.680053,1.162548465120487
17.89,0.710205,0.891113,0.087402,1.63269,20.530699,-10.971068,1.1428528472196235
17.9,0.663574,0.843262,0.133301,4.585266,20.019531,-7.4234,1.081291085101972
17.91,0.604492,0.762451,0.181641,6.355285,19.554138,-5.187988,0.9898159214449928
17.92,0.557861,0.690186,0.218506,2.929687,14.86206,-7.942199,0.9139532165012605
17.93,0.567383,0.67627,0.214111,-7.324218,1.686096,-16.067505,0.9083546124229238
17.94,0.602051,0.700195,0.205811,-16.159058,-18.684387,-22.880552,0.94609545625534
17.95,0.624023,0.720215,0.204834,-16.983032,-41.336056,-27.000425,0.9747160193153697
17.96,0.615967,0.718262,0.188232,-14.434813,-68.252563,-33.561707,0.9647522643440647
17.97,0.551514,0.698486,0.17334,-12.702941,-95.046989,-44.784542,0.9066957262455801
17.98,0.456543,0.685547,0.135254,-9.521484,-110.260002,-56.190487,0.8346854764364838
17.99,0.397705,0.68457,0.102783,-6.340026,-108.161919,-62.118526,0.7983543680684662
18.0,0.415771,0.688232,0.101563,-11.764525,-94.024651,-61.721798,0.8104590385910937
18.01,0.435791,0.696533,0.102295,-27.435301,-78.643799,-59.654232,0.8279711847612814
18.02,0.398438,0.729248,0.101807,-38.986206,-67.398071,-58.486935,0.8372097411025508
18.03,0.382813,0.779541,0.065186,-46.012875,-56.495663,-52.909847,0.8709071008127102
18.04,0.377441,0.811035,0.043213,-48.919674,-40.214535,-36.78894,0.8956041776783983
18.05,0.371338,0.821289,0.017822,-45.196529,-22.430418,-22.209166,0.9015127039864719
18.06,0.366943,0.813965,-0.012207,-35.057068,-1.63269,-14.938354,0.8929362784224864
18.07,0.370605,0.793701,-0.007324,-26.359556,20.652769,-6.576538,0.8759925709742064
18.08,0.386475,0.767334,0.019287,-22.438047,39.18457,6.324768,0.8593813946962081
18.09,0.451172,0.781494,0.070801,-24.757383,50.552364,9.353638,0.9051529302946547
18.1,0.514648,0.842041,0.053711,-34.667969,56.327816,12.420653,0.9883220533338312
18.11,0.478516,0.866211,0.056641,-30.944822,63.972469,17.356873,0.9912150430950893
18.12,0.481689,0.820557,0.09375,-18.417358,70.594788,14.511107,0.9560999662535293
18.13,0.477295,0.755859,0.128418,-11.19995,76.86615,13.671874,0.9031193318880955
18.14,0.47168,0.705811,0.184326,-9.162903,81.237785,10.162353,0.8686928481327563
18.15,0.544434,0.696533,0.240479,-13.504027,81.398003,3.997802,0.9161859799658582
18.16,0.619629,0.742676,0.287354,-25.535582,77.735901,7.148742,1.0089995341589608
18.17,0.561768,0.816406,0.231689,-36.811829,72.044373,32.76825,1.0177336760572482
18.18,0.462646,0.839111,0.244141,-24.887083,73.0896,47.042843,0.9888141481178351
18.19,0.505371,0.799805,0.241455,-7.019042,78.491211,47.378536,0.976416101204297
18.2,0.484131,0.750732,0.235107,4.219055,91.339104,49.125668,0.9237189304295976
18.21,0.473145,0.730225,0.262939,6.950378,100.151054,45.81451,0.9089728595348708
18.22,0.564941,0.759766,0.343018,1.289368,99.967949,41.038509,1.0070074759211076
18.23,0.634033,0.8125,0.368896,-10.002136,93.994133,44.189449,1.0946407419354534
18.24,0.620117,0.858398,0.38501,-14.198302,82.389824,45.81451,1.1267763399153357
18.25,0.659424,0.87915,0.398926,-8.132935,66.139221,43.106075,1.1691392935625762
18.26,0.678223,0.865723,0.348389,4.592896,53.085323,39.352417,1.153619367806817
18.27,0.645752,0.854248,0.285889,18.630981,44.769283,30.487059,1.1083626713891983
18.28,0.662598,0.81958,0.29541,26.855467,36.964417,23.03314,1.0945385119327689
18.29,0.78833,0.765869,0.297852,26.397703,25.329588,16.677856,1.1387428717515646
18.3,0.875977,0.729492,0.291016,24.871824,8.148193,8.987427,1.1765137461368653
18.31,0.827148,0.729492,0.281738,18.867493,-8.338928,-4.135132,1.1382920067416797
18.32,0.742188,0.776123,0.258301,9.346008,-20.446775,-10.177611,1.1045041172734487
18.33,0.68335,0.840576,0.177246,6.256103,-14.312743,-3.730774,1.0977027734282172
18.34,0.723877,0.848877,0.144531,12.191772,-0.205994,3.509521,1.1249352346775348
18.35,0.753418,0.804932,0.142334,20.027161,13.626098,7.888793,1.1116713430254466
18.36,0.688477,0.743896,0.149414,24.917601,24.909971,2.426147,1.0245517955384198
18.37,0.593994,0.682129,0.197998,24.612425,28.640745,-7.644653,0.925922271403491
18.38,0.508057,0.666748,0.244141,17.608643,20.469664,-25.321959,0.8730862721598593
18.39,0.497559,0.710205,0.32251,5.355834,1.853943,-36.399841,0.9251858195011422
18.4,0.564941,0.788574,0.231445,0.549316,-17.272949,-28.007505,0.9972833473902991
18.41,0.487061,0.864014,0.126709,15.792846,-18.600464,-17.562866,0.9999018854857711
18.42,0.397217,0.834229,0.156738,37.399292,-10.147094,-19.256592,0.9371692324089603
18.43,0.388916,0.733154,0.198975,44.120785,-2.830505,-30.036924,0.8534409724151987
18.44,0.425781,0.667236,0.206543,35.484314,0.25177,-42.03796,0.8180179402103599
18.45,0.43042,0.653564,0.196289,21.263121,4.676819,-51.719662,0.8068064513977315
18.46,0.407471,0.684082,0.191162,22.422789,15.571593,-58.090206,0.8188673328500777
18.47,0.375244,0.710205,0.166748,27.252195,29.487608,-64.743042,0.8203682691724491
18.48,0.379395,0.737549,0.145752,19.004822,44.242855,-76.530457,0.8421180077221957
18.49,0.356934,0.788574,0.161621,-0.015259,60.264584,-84.556572,0.8805522025825613
18.5,0.338867,0.859863,0.212158,-22.392271,74.440002,-90.194695,0.9482648572113174
18.51,0.392334,0.933838,0.275391,-38.986206,82.206718,-90.301506,1.0496759407936336
18.52,0.39917,1.034668,0.253906,-42.114254,88.249199,-75.813293,1.1376918809414085
18.53,0.343994,1.102051,0.211182,-23.231504,99.769585,-55.572506,1.1736465037484667
18.54,0.311768,1.039795,0.246338,10.551452,113.945,-48.370358,1.1131286260324995
18.55,0.335205,0.918213,0.330566,28.640745,125.602715,-62.942501,1.0318679109992712
18.56,0.352295,0.839844,0.393066,23.269651,134.635925,-80.512993,0.9919428369200517
18.57,0.300781,0.840576,0.44458,9.559631,143.516541,-87.745659,0.9973407632985829
18.58,0.269775,0.877686,0.450928,-3.082275,153.503418,-86.517326,1.022960080553
18.59,0.280029,0.928467,0.451172,-9.391785,163.833603,-82.221977,1.0695902881543007
18.6,0.309326,0.974854,0.476563,-9.620667,170.181259,-81.359856,1.1283329245222793
18.61,0.361816,1.01416,0.510742,-9.185791,168.014511,-85.540764,1.1917586643360307
18.62,0.381592,1.059814,0.477783,-13.229369,158.691406,-88.066093,1.2235582389690325
18.63,0.258789,1.095947,0.382568,-13.46588,147.483826,-88.386528,1.1892980484109104
18.64,0.144287,1.118164,0.335938,-8.781433,138.374329,-84.396355,1.1764199118975331
18.65,0.108887,1.129395,0.344727,-2.250671,138.748169,-72.395325,1.1858440661920941
18.66,0.15918,1.099609,0.381836,7.072448,141.738892,-64.048767,1.174851886910431
18.67,0.240234,1.024658,0.437012,15.899657,139.49585,-59.738155,1.1395682866173489
18.68,0.338867,0.963867,0.470459,16.822815,129.516602,-55.053707,1.124812032323179
18.69,0.398682,0.973389,0.460205,6.469726,114.364616,-47.996517,1.1481385475934514
18.7,0.379883,1.037598,0.407959,-4.699707,101.562492,-47.065731,1.1778587559525124
18.71,0.237793,1.09668,0.397949,-3.532409,95.733635,-51.338192,1.1906367791438328
18.72,0.070068,1.094482,0.40918,4.089355,94.978325,-51.23138,1.1705676594490384
18.73,0.014648,1.029053,0.385986,10.94818,96.084587,-46.714779,1.0991586932326924
18.74,0.039551,0.957275,0.384033,13.397216,96.900932,-41.65649,1.0321923523815704
18.75,0.109375,0.92627,0.411133,10.246276,94.085686,-40.641781,1.0192984583594737
18.76,0.160889,0.937744,0.414795,4.203796,89.065544,-39.329529,1.0379325468844303
18.77,0.121826,0.988037,0.384033,-2.227783,79.162598,-34.01947,1.0670239138529183
18.78,0.08374,1.049072,0.393311,-3.547668,63.423153,-35.499573,1.1235025551840103
18.79,0.065674,1.063721,0.373779,-2.120972,51.414486,-46.539303,1.1293919518741047
18.8,0.03125,1.04248,0.357422,2.685547,38.208008,-57.380672,1.1024933555282772
18.81,0.015869,0.998535,0.400146,8.560181,22.40753,-60.874935,1.0758442232507455
18.82,0.00415,0.943359,0.449951,9.002686,8.827209,-58.998104,1.0451790888560677
18.83,0.027344,0.919678,0.48999,4.241943,-4.669189,-61.256405,1.0424229075188245
18.84,0.029297,0.953613,0.469727,-6.263732,-18.417358,-66.871643,1.0634281933948337
18.85,0.006104,1.021484,0.425537,-13.610839,-33.248901,-75.538635,1.1065932222099502
18.86,0.01001,1.088623,0.394775,-8.781433,-43.106075,-81.024162,1.1580360688916385
18.87,-0.018066,1.092285,0.4104,2.258301,-47.615047,-83.145134,1.1669794606508719
18.88,-0.007324,1.048096,0.365479,6.072998,-54.38995,-87.066643,1.1100152096403904
18.89,0.010498,1.00415,0.359375,11.398314,-65.971375,-90.553276,1.0665729328691032
18.9,-0.037842,0.959961,0.405762,16.181946,-77.041626,-89.965813,1.042880596774626
18.91,-0.098389,0.928955,0.449463,15.388488,-85.823051,-90.484612,1.0366555723648043
18.92,-0.081055,0.938721,0.431885,10.398864,-88.98925,-94.047539,1.036480430153411
18.93,-0.106689,0.978516,0.415039,2.510071,-82.321159,-96.519463,1.0682384923311836
18.94,-0.111816,1.004395,0.378906,-4.737854,-80.459587,-98.953239,1.079296942790537
18.95,-0.105713,1.025879,0.337891,-3.684997,-83.030693,-98.243706,1.0852526382787557
18.96,-0.094482,1.030029,0.363525,4.02832,-90.286247,-97.084038,1.0963744865646956
18.97,-0.077148,1.002197,0.354736,8.033752,-98.602287,-95.512383,1.0659213246806727
18.98,-0.11792,0.976318,0.383057,9.101868,-102.210991,-87.448112,1.0553836405653634
18.99,-0.195557,0.956787,0.401367,4.722595,-101.608269,-75.59967,1.0558311286882007
19.0,-0.233887,0.964355,0.381592,-0.63324,-95.481865,-64.544678,1.0631538690415419
19.01,-0.20166,0.993652,0.378906,-5.020141,-83.045952,-54.504391,1.0823958654484966
19.02,-0.190186,1.003906,0.376221,-6.385803,-68.466187,-41.107174,1.088825152296272
19.03,-0.210693,0.971191,0.404053,-4.585266,-53.894039,-26.985167,1.0727825154890436
19.04,-0.244141,0.924072,0.42334,-5.607605,-41.427608,-15.007018,1.0453375745016535
19.05,-0.260498,0.899414,0.43042,-14.442443,-28.419493,-4.737854,1.0305659259843594
19.06,-0.254883,0.906006,0.453369,-28.373716,-12.199401,10.414123,1.0446796953545139
19.07,-0.225342,0.933105,0.476074,-39.81781,7.858276,25.29907,1.0714991420738516
19.08,-0.187744,0.950439,0.489746,-43.937679,29.342649,36.491394,1.0855566529541423
19.09,-0.182129,0.94751,0.506348,-42.533871,48.278805,47.393795,1.0896487827942543
19.1,-0.158691,0.937256,0.528076,-42.304989,61.592098,59.17358,1.0874262755667623
19.11,-0.097168,0.939697,0.534668,-43.319698,69.313049,65.971375,1.0855145979013825
19.12,-0.038574,0.952148,0.545654,-41.007992,71.678162,65.544128,1.0980947386705757
19.13,-0.040527,0.966064,0.534912,-37.094116,69.892883,61.325069,1.1050126413616272
19.14,-0.067871,0.956055,0.541504,-32.051086,66.772461,58.181759,1.1008515874912475
19.15,-0.046143,0.953125,0.526611,-27.351377,65.0177,57.449337,1.0899062287164891
19.16,0.005371,0.972412,0.506104,-20.698545,63.377377,52.017208,1.0962459597193506
19.17,-0.038818,0.944824,0.525146,-7.659912,52.688595,34.500122,1.0816550048032876
19.18,-0.135498,0.882324,0.540283,4.257202,28.45001,10.383605,1.0434371418868507
19.19,-0.129395,0.853271,0.522949,9.32312,2.662658,-6.019592,1.0091036230571169
19.2,-0.092529,0.853271,0.51001,10.803222,-14.938354,-10.284423,0.9983702796968668
19.21,-0.110596,0.861328,0.512695,11.665343,-29.46472,-14.045714,1.008451070615228
19.22,-0.158691,0.896729,0.488525,10.856627,-41.168209,-17.349243,1.0334226669407829
19.23,-0.178467,0.947998,0.449707,11.230468,-48.255917,-16.63208,1.0643246985492725
19.24,-0.237793,0.979492,0.387451,14.938354,-48.820492,-10.69641,1.0798464549712612
19.25,-0.307129,0.986328,0.354004,22.14813,-43.80798,-7.484436,1.0920118947342103
19.26,-0.297119,0.967529,0.359131,27.648924,-36.4151,-7.369995,1.0739493196436227
19.27,-0.273682,0.945801,0.394531,28.289793,-26.55792,-4.493713,1.060705462739775
19.28,-0.258301,0.932861,0.41748,24.177549,-17.356873,-0.38147,1.054153026046029
19.29,-0.248047,0.937012,0.423828,17.555237,-7.469177,3.883362,1.0578983769422279
19.3,-0.21582,0.955566,0.440674,13.168334,3.715515,9.162903,1.074187240210942
19.31,-0.157959,0.964355,0.458008,13.961791,13.34381,15.075683,1.0792140379785653
19.32,-0.141602,0.959229,0.464111,16.288757,20.240782,17.623901,1.0749746141960748
19.33,-0.165771,0.94751,0.508789,17.829895,22.544859,15.167235,1.0881734563303773
19.34,-0.157471,0.925049,0.554932,17.990112,20.904539,12.748717,1.0901661767207786
19.35,-0.160156,0.90625,0.556152,16.700745,18.211365,14.045714,1.0752878935150345
19.36,-0.215088,0.892334,0.533203,15.937804,14.35852,16.181946,1.0615216693544225
19.37,-0.225342,0.891602,0.524658,15.907287,8.392334,14.785766,1.0587724780763808
19.38,-0.199951,0.904053,0.525635,15.274047,4.745483,13.47351,1.0646991981001017
19.39,-0.208496,0.926025,0.509033,15.11383,6.721496,14.47296,1.0770828555547618
19.4,-0.205566,0.937988,0.477051,15.075683,11.421203,13.862609,1.0722203715193066
19.41,-0.178467,0.95459,0.47168,14.633178,16.044617,11.497497,1.0796177844908819
19.42,-0.147949,0.960693,0.454346,13.351439,18.196106,8.575439,1.0729632960013125
19.43,-0.140381,0.957275,0.432617,14.236449,18.875122,6.66809,1.0598300427309089
19.44,-0.153564,0.944336,0.419434,17.303467,19.302368,8.789063,1.044642170002724
19.45,-0.164307,0.915039,0.399414,20.286558,19.111633,12.4588,1.0118422333377868
19.46,-0.150391,0.89209,0.406494,20.622252,18.257141,13.137816,0.9918061267289088
19.47,-0.128906,0.887451,0.425049,19.592285,16.799927,13.069152,0.9923974438892917
19.48,-0.111816,0.902344,0.451904,20.751951,12.847899,14.045714,1.0153544885447643
19.49,-0.101563,0.92627,0.468018,21.499632,7.705688,14.137267,1.0427521297954754
19.5,-0.06665,0.94751,0.433594,19.500732,2.105713,9.422302,1.0441365712568447
19.51,-0.061035,0.977539,0.393555,20.118711,-2.197266,7.286071,1.0555535541937227
19.52,-0.083252,1.0,0.38501,23.986814,-5.531311,9.529114,1.0747853718784974
19.53,-0.091797,1.001465,0.391113,29.014585,-7.499694,12.359618,1.0790404136097036
19.54,-0.091309,0.989014,0.384033,34.317017,-7.911682,14.450072,1.064879040438866
19.55,-0.092773,0.977539,0.391113,38.475037,-10.223388,17.555237,1.0569572861847352
19.56,-0.098389,0.975342,0.410889,41.038509,-14.060973,21.14868,1.062921531725649
19.57,-0.125488,0.985352,0.434326,40.664669,-17.295837,21.377562,1.0841147892746412
19.58,-0.134766,1.008545,0.418945,34.034729,-18.302917,12.5885,1.100381663245076
19.59,-0.111572,1.028076,0.359131,25.413511,-12.542724,0.968933,1.0946979711870302
19.6,-0.131592,1.044922,0.335205,22.53723,-4.829407,0.099182,1.1052333837579282
19.61,-0.170898,1.030518,0.346191,26.130674,0.190735,3.814697,1.1004643034687678
19.62,-0.187988,0.993896,0.365479,29.426573,3.677368,5.012512,1.0755201747996175
19.63,-0.197754,0.962646,0.384277,28.129576,7.583618,4.806519,1.0552074575935293
19.64,-0.216797,0.958496,0.398193,23.216246,11.215209,4.432678,1.060317493241529
19.65,-0.234619,0.978516,0.400635,17.715454,13.664245,2.990722,1.0830734234769128
19.66,-0.23877,1.00415,0.394531,15.068053,16.479492,0.648498,1.1049810158373763
19.67,-0.241455,1.020264,0.382568,16.853333,20.553587,0.793457,1.1160633590191016
19.68,-0.236084,1.021484,0.372803,22.552488,23.66638,1.213074,1.1127206721010445
19.69,-0.227051,1.017578,0.359863,29.098509,24.864195,2.426147,1.1029589844840106
19.7,-0.237549,1.010742,0.349365,33.279419,25.05493,4.264832,1.0954838297254779
19.71,-0.234131,1.000244,0.361084,32.302856,25.077818,3.097534,1.088892574937032
19.72,-0.246338,0.996338,0.365234,27.778624,26.519773,2.334595,1.089388679601546
19.73,-0.26416,1.009766,0.369629,24.833677,29.304502,2.494812,1.1072639603983325
19.74,-0.262695,1.015869,0.360352,22.560118,33.77533,0.663757,1.109437718887365
19.75,-0.227295,1.008057,0.346436,20.080564,38.719177,-3.707886,1.0898898267118562
19.76,-0.216797,0.998779,0.352051,17.852783,41.007992,-4.470825,1.0809719407325058
19.77,-0.217041,0.996338,0.363281,15.495299,40.664669,-3.913879,1.0824829286810946
19.78,-0.216064,0.997314,0.375732,13.328551,41.007992,-5.241394,1.0874251250159708
19.79,-0.224121,1.004883,0.37085,10.887145,42.053219,-6.385803,1.0943261802725914
19.8,-0.230469,1.013916,0.354492,9.300232,44.082638,-5.836486,1.098547310351721
19.81,-0.2229,1.017334,0.3396,9.933472,47.050472,-5.332946,1.095436459844203
19.82,-0.212646,1.013916,0.330811,11.230468,49.301144,-4.676819,1.0875108707930234
19.83,-0.234131,1.002686,0.329102,12.321471,52.688595,-2.39563,1.080973943331198
19.84,-0.213867,0.987549,0.325928,11.856078,54.817196,-3.593445,1.061706730822594
19.85,-0.198486,0.980469,0.319336,9.101868,56.434628,-4.501343,1.0500912498697434
19.86,-0.210205,0.986572,0.324219,6.317138,57.067867,-5.302429,1.0595416052095359
19.87,-0.224365,1.002197,0.317383,3.784179,59.280392,-4.653931,1.0749281132815347
19.88,-0.218994,1.008301,0.304199,4.867554,64.903259,-4.844666,1.0757166496052757
19.89,-0.227295,1.00415,0.281982,6.149292,74.768066,-1.960754,1.0674708838413347
19.9,-0.210449,0.998047,0.275635,6.858825,87.211601,1.251221,1.0565799775857008
19.91,-0.178711,1.001953,0.263672,5.195617,99.594109,4.516602,1.0513659492840732
19.92,-0.144287,1.011719,0.256348,3.219604,109.016411,7.148742,1.0536168043620033
19.93,-0.121582,1.027832,0.259033,0.442505,114.341728,10.017395,1.066920286636729
19.94,-0.087646,1.045166,0.248779,-3.219604,115.791313,9.70459,1.077935424648898
19.95,-0.059326,1.06665,0.235596,-6.256103,114.471428,8.964539,1.0939685882108316
19.96,-0.055664,1.08252,0.231201,-6.210327,112.17498,9.216309,1.108332952544947
19.97,-0.041748,1.080566,0.228271,-4.356384,109.359734,9.368896,1.105202888749844
19.98,-0.014893,1.06543,0.236572,-2.082825,105.697624,9.07135,1.091480278123705
19.99,0.010498,1.050781,0.226563,-1.419067,99.754326,7.591247,1.0749798653621379
20.0,0.024658,1.052979,0.221191,-2.113342,92.460625,5.714416,1.0762426538127916
20.01,0.036621,1.060303,0.221924,-1.38092,82.763664,4.402161,1.083897509557984
20.02,0.02832,1.063477,0.205322,0.190735,73.043823,3.128052,1.083486260001944
20.03,0.027588,1.052979,0.202393,2.586365,64.804077,1.419067,1.072608408802579
20.04,0.041504,1.033203,0.201172,6.027221,55.534359,0.38147,1.053423559072513
20.05,0.036621,1.005615,0.194336,9.407043,46.890255,-0.335693,1.0248751664285753
20.06,0.030762,0.98584,0.194092,10.093688,38.818359,-0.946045,1.005235549862817
20.07,0.025879,0.98291,0.183838,9.048462,31.768797,-2.090454,1.0002890587150297
20.08,0.006592,0.986084,0.166992,8.293152,26.329039,-2.876281,1.0001457081765637
20.09,-0.009521,0.994629,0.153076,8.079529,21.507261,-3.189087,1.0063844985183346
20.1,-0.010986,1.002197,0.145996,8.659363,18.066406,-2.967834,1.0128348093450383
20.11,-0.013428,1.003174,0.138672,10.009766,15.258788,-2.731323,1.0128022062791924
20.12,-0.014893,0.998291,0.126953,11.322021,10.848998,-2.685547,1.0064411489694767
20.13,-0.028564,0.989014,0.12793,12.817382,5.699157,-1.815796,0.9976626078950739
20.14,-0.059082,0.981445,0.129639,13.114928,1.38092,-0.38147,0.9917314359593529
20.15,-0.086182,0.988525,0.137451,12.123107,-1.106262,1.296997,1.0017493649361602
20.16,-0.095703,1.003418,0.157715,11.268615,-2.540588,2.349854,1.02023564344616
20.17,-0.087158,1.029297,0.170654,10.841369,-4.66156,3.028869,1.0469821483143826
20.18,-0.091064,1.050537,0.180176,12.763976,-6.805419,4.501343,1.069758866025891
20.19,-0.110107,1.054199,0.192139,14.930724,-7.278442,5.905151,1.0772077229443726
20.2,-0.111084,1.067627,0.199951,15.167235,-7.156372,5.699157,1.0918550584148063
20.21,-0.113037,1.077393,0.201416,16.105652,-6.774902,5.989074,1.1018717914866503
20.22,-0.115479,1.065918,0.200684,18.112183,-7.118225,6.706237,1.0907752518374259
20.23,-0.108887,1.044189,0.190674,18.981934,-8.789063,6.408691,1.0670255951784848
20.24,-0.104248,1.022949,0.186768,18.676758,-11.306762,5.981445,1.0450715707208766
20.25,-0.105469,1.010498,0.180664,16.036987,-14.709472,7.141113,1.031925093628893
20.26,-0.101563,1.001709,0.174805,14.35089,-17.715454,6.866455,1.021906429999831
20.27,-0.102539,0.989258,0.168701,12.21466,-20.812986,6.324768,1.008764424673075
20.28,-0.11792,0.981689,0.157959,9.002686,-25.230406,4.867554,1.0012839081908786
20.29,-0.118896,0.982422,0.142578,5.683898,-31.181334,0.007629,0.9998088472223078
20.3,-0.112793,0.988281,0.130615,3.173828,-37.239075,-3.982544,1.003235702133352
20.31,-0.122803,0.988525,0.129395,2.822876,-42.701717,-5.424499,1.0044925676474665
20.32,-0.139893,0.992676,0.135742,2.464294,-47.126766,-7.644653,1.0116331266763658
20.33,-0.141602,1.001953,0.142334,1.731872,-49.682613,-10.215758,1.021870788392055
20.34,-0.155029,1.018066,0.143066,2.655029,-49.194332,-10.803222,1.0396923831369544
20.35,-0.178223,1.019043,0.140381,6.79779,-46.081539,-10.597228,1.0439918097087735
20.36,-0.183594,1.002441,0.143555,11.535644,-42.144772,-11.505126,1.029175764066566
20.37,-0.190186,0.99585,0.144287,13.236999,-37.460327,-11.726378,1.0240638043916015
20.38,-0.192139,1.000732,0.143555,12.512206,-32.951355,-10.635375,1.0290723828623525
20.39,-0.186279,1.020996,0.143555,11.177062,-28.808592,-9.19342,1.047731232655589
20.4,-0.18457,1.040771,0.135254,10.253905,-24.54376,-7.293701,1.0656284548833144
20.41,-0.180176,1.056641,0.131104,10.44464,-20.545958,-5.187988,1.0798804807352524
20.42,-0.175537,1.06543,0.127441,12.145995,-17.753601,-3.013611,1.0872881548835158
20.43,-0.179932,1.06543,0.123047,13.954162,-16.00647,-1.037598,1.0875004247047448
20.44,-0.181396,1.058105,0.124756,15.296935,-14.465331,1.251221,1.0807658207849655
20.45,-0.177734,1.046143,0.124023,15.73944,-13.236999,3.166198,1.0683568016978222
20.46,-0.171387,1.03418,0.125977,15.251159,-12.527465,4.53186,1.055827628307765
20.47,-0.172607,1.030273,0.130615,13.397216,-12.359618,5.737304,1.0527658377830276
20.48,-0.182617,1.036865,0.135254,10.742187,-11.985778,6.401062,1.0614761614986932
20.49,-0.178955,1.045654,0.12915,9.346008,-11.215209,6.278991,1.068689338508156
20.5,-0.171387,1.043945,0.126709,10.528563,-10.787963,5.943298,1.0654810357181397
20.51,-0.167236,1.024658,0.131348,13.076781,-11.177062,6.179809,1.0464913730002745
20.52,-0.162598,0.995117,0.13623,14.236449,-11.375426,6.393432,1.0174746022348666
20.53,-0.156006,0.977783,0.135498,12.916564,-10.69641,6.500244,0.9993783943677189
20.54,-0.142578,0.978271,0.133789,9.95636,-10.131835,6.355285,0.9976182296078997
20.55,-0.130371,0.993408,0.132324,6.912231,-9.490967,6.500244,1.0106263864955238
20.56,-0.116699,1.013672,0.12915,5.0354,-8.392334,7.408142,1.028508290041942
20.57,-0.106934,1.020508,0.129639,5.195617,-6.240844,8.514404,1.0342522558549243
20.58,-0.098145,1.019531,0.123047,5.355834,-3.959656,8.674622,1.0316086783247802
20.59,-0.077393,1.017578,0.115967,4.875183,-2.777099,8.232117,1.0270847129725962
20.6,-0.061768,1.009033,0.108398,4.188538,-2.128601,8.827209,1.0167167783198034
20.61,-0.051758,1.004639,0.100342,1.716614,-1.991272,9.025574,1.0109633662250082
20.62,-0.04541,1.005615,0.07251,-3.158569,-1.960754,9.19342,1.0092478865100487
20.63,-0.038818,1.010986,0.056152,-5.523681,-1.167297,10.94818,1.0132880027040683
20.64,-0.025635,1.009766,0.04248,-8.850098,-0.25177,12.992858,1.010984212725896
20.65,-0.006592,1.009033,0.034424,-10.253905,-0.419617,15.121459,1.009641550912501
20.66,0.016602,1.001221,0.024902,-6.66809,-2.655029,17.471313,1.0016682219422754
20.67,0.029785,0.983887,0.017822,-4.28009,-6.462097,19.645691,0.9844990597649141
20.68,0.020996,0.976074,0.013916,-4.79126,-9.353638,22.02606,0.9763989658679488
20.69,0.018311,0.976074,0.012451,-6.065368,-12.252807,24.147032,0.976325137235542
20.7,0.025391,0.982666,0.013672,-6.584167,-15.602111,25.291441,0.9830890570141649
20.71,0.025635,0.993164,0.021484,-6.767272,-20.042419,26.580809,0.9937270482265239
20.72,0.025879,0.999268,0.029541,-5.798339,-26.084898,26.710508,1.0000394637943044
20.73,0.020996,1.0,0.042725,-4.570007,-33.096313,25.657652,1.0011324875564673
20.74,0.019531,1.003906,0.054932,-3.753662,-40.016174,24.467466,1.0055974549594882
20.75,0.025879,1.012695,0.067139,-2.418518,-46.760555,23.376463,1.0152480145200973
20.76,0.031494,1.019531,0.077637,0.160217,-53.38287,22.460936,1.0229676611535674
20.77,0.04248,1.021484,0.088135,4.684448,-60.676571,19.889832,1.0261588039290022
20.78,0.052002,1.02417,0.085693,9.590149,-68.649292,16.265869,1.0290635000586699
20.79,0.04541,1.037842,0.078857,14.09912,-76.271057,12.763976,1.0418236470310127
20.8,0.050293,1.044678,0.092041,20.835875,-84.594719,8.071899,1.0499300239606448
20.81,0.049072,1.037842,0.094727,26.672361,-92.491142,4.440308,1.043310731602527
20.82,0.043945,1.026611,0.09375,30.258177,-100.921623,1.358032,1.0318189622438618
20.83,0.030762,1.010254,0.096924,30.982969,-109.756462,-0.541687,1.0153589054792398
20.84,0.031738,0.988037,0.107666,26.18408,-120.613091,-5.477905,0.9943924685801879
20.85,0.039307,1.006592,0.102783,15.602111,-138.900757,-9.841919,1.0125891762220254
20.86,-0.004395,1.04541,0.046631,4.142761,-163.078293,-9.57489,1.0464587112189376
20.87,-0.036865,1.077393,0.042969,-0.12207,-188.049301,-13.931273,1.078879529713582
20.88,-0.048584,1.084717,0.052002,2.6474,-214.294418,-22.987364,1.0870490251819371
20.89,-0.066406,1.076416,0.040527,8.132935,-236.984238,-33.287048,1.0792236096476948
20.9,-0.099365,1.050781,0.056885,14.579772,-249.992355,-42.549129,1.057000480799796
20.91,-0.094727,1.005615,0.064697,15.899657,-249.992355,-54.962154,1.0121365691264197
20.92,-0.113525,0.942627,0.045166,17.097473,-249.771103,-69.297791,0.9505122588951707
20.93,-0.137939,0.908447,0.06958,19.676208,-249.992355,-80.024719,0.9214903667049374
20.94,-0.11499,0.888672,0.121338,22.132872,-249.992355,-82.336418,0.9042585547994556
20.95,-0.084961,0.884277,0.112305,21.560667,-249.18364,-83.618156,0.8954197882976453
20.96,-0.083008,0.894531,0.068848,18.02063,-238.922104,-82.81707,0.9010083712868598
20.97,-0.073486,0.938232,0.02002,11.871337,-223.060593,-76.461792,0.9413183725074105
20.98,-0.089111,1.016602,-0.03833,9.368896,-194.000229,-69.519043,1.0212196559139468
20.99,-0.099854,1.126221,-0.018311,3.463745,-151.870728,-54.969784,1.130787272159534
21.0,-0.130371,1.212646,-0.004395,-1.716614,-106.040947,-34.286499,1.2196418470116543
21.01,-0.130615,1.255615,0.005371,4.096985,-69.618225,-22.506712,1.2624017403707108
21.02,-0.11792,1.249268,0.026123,18.64624,-44.998165,-22.712706,1.2550928544745206
21.03,-0.093018,1.228271,0.035889,29.937742,-22.65167,-24.414061,1.2323108447490023
21.04,-0.059082,1.248047,0.040283,33.241272,-2.624511,-14.022826,1.2500938832831716
21.05,-0.018799,1.299316,0.072998,33.424377,12.252807,2.861023,1.3015007407838843
21.06,0.019775,1.373047,0.105957,33.7677,23.063658,17.303467,1.377271215368636
21.07,0.031006,1.449707,0.136475,38.375854,32.226563,28.747557,1.4564467664525196
21.08,0.021973,1.494385,0.150635,50.270077,43.632504,39.581299,1.5021185852585008
21.09,0.031494,1.478516,0.165527,69.198608,56.602474,51.284786,1.4880862280193978
21.1,0.036377,1.391357,0.184326,88.294975,71.06781,62.934872,1.403984922231717
21.11,0.025146,1.270264,0.182129,99.868767,88.188164,73.066711,1.283500651987758
21.12,0.044678,1.165771,0.169189,103.935234,101.943962,83.801262,1.1788312287371758
21.13,0.075439,1.076416,0.16748,101.783745,110.168449,96.145622,1.0919761893818931
21.14,0.090576,1.027588,0.157959,93.215935,112.358086,108.5205,1.0435957815174417
21.15,0.10791,1.064697,0.152832,85.243217,106.37664,116.912834,1.0810096623680103
21.16,0.114746,1.093262,0.170898,84.20562,96.710197,126.068108,1.1124722790092343
21.17,0.090332,1.088867,0.171875,82.672112,87.7304,137.191772,1.106043502552228
21.18,0.064941,1.076172,0.173096,79.017639,77.972412,147.705078,1.0919366887695456
21.19,0.049561,1.084717,0.178955,71.846008,67.649841,157.249451,1.1004963220451942
21.2,0.031494,1.110596,0.181152,64.949036,58.349606,165.138229,1.1257137266445674
21.21,0.014893,1.131836,0.188965,61.073299,50.956722,170.944199,1.1475984940605317
21.22,0.000732,1.136475,0.194824,59.074398,44.601437,175.08696,1.153053490704139
21.23,-0.007813,1.122559,0.204834,58.578487,38.330078,177.116379,1.1411208170066833
21.24,-0.013672,1.103516,0.211426,57.212826,31.867979,177.055344,1.12367052080047
21.25,-0.014404,1.097168,0.207275,52.284237,24.742125,174.934372,1.1166682681374087
21.26,-0.017334,1.104492,0.204346,44.242855,16.960144,170.631393,1.1233700785297782
21.27,-0.023438,1.112061,0.204102,36.865234,10.047912,164.237961,1.1308786999360276
21.28,-0.031006,1.093018,0.199951,33.8974,4.730225,154.624939,1.1115890080245485
21.29,-0.038574,1.038574,0.197266,34.393311,1.045227,142.417908,1.0578458213312563
21.3,-0.04541,0.977295,0.193848,33.39386,-1.190186,128.311157,0.9973688546515778
21.31,-0.044922,0.922363,0.191162,29.495237,-2.120972,113.540642,0.9430346759780364
21.32,-0.046631,0.869385,0.188721,22.811888,-0.869751,98.670952,0.8908537165141087
21.33,-0.04834,0.833252,0.18335,13.870238,1.785278,81.314079,0.8545541958261044
21.34,-0.047607,0.799316,0.175293,4.325867,5.332946,62.683102,0.8196951446446417
21.35,-0.040039,0.777588,0.163574,-5.729675,9.765625,43.42651,0.7956146509089685
21.36,-0.034424,0.750732,0.147705,-15.533446,14.373778,23.712156,0.7658983709507418
21.37,-0.027344,0.736084,0.132813,-26.603697,18.791199,4.249573,0.7484695333552328
21.38,-0.005127,0.733887,0.114502,-39.146423,22.28546,-16.403198,0.7427833620255639
21.39,0.01416,0.740967,0.092529,-52.192684,24.513243,-37.506104,0.746856222127124
21.4,0.031982,0.75415,0.080078,-63.560482,24.810789,-58.04443,0.7590636053111754
21.41,0.046875,0.76123,0.064453,-72.509766,22.933958,-77.87323,0.7653904674961662
21.42,0.05957,0.76709,0.05249,-80.787651,18.669128,-96.572868,0.7711879492704746
21.43,0.079102,0.785156,0.044434,-89.309685,12.145995,-114.227287,0.7903805735821193
21.44,0.102783,0.820801,0.034668,-98.785393,2.807617,-130.142212,0.827937495777308
21.45,0.122559,0.877197,0.026123,-108.940117,-9.414673,-144.508362,0.8861025315498202
21.46,0.144287,0.947266,0.016357,-118.995659,-24.536131,-158.401489,0.9583314481816821
21.47,0.15918,1.018311,0.004883,-127.014153,-42.213436,-171.31041,1.0306888030875274
21.48,0.17627,1.079834,0.008057,-132.080078,-61.599728,-182.357773,1.094156065515793
21.49,0.192871,1.132324,0.02124,-136.329651,-81.405632,-191.757187,1.1488289695237497
21.5,0.201904,1.188965,0.031006,-139.137268,-101.753227,-198.463425,1.2063848343198782
21.51,0.208984,1.240967,0.036621,-141.12854,-122.039787,-204.513535,1.2589735918540943
21.52,0.219971,1.294678,0.076172,-145.935059,-141.51001,-210.670456,1.3154392947259101
21.53,0.207275,1.354736,0.088379,-153.366089,-158.325195,-216.018661,1.373347517186382
21.54,0.1875,1.418701,0.097412,-153.129578,-172.363266,-219.200119,1.4343492863124379
21.55,0.174316,1.452637,0.110107,-146.362305,-181.38121,-219.8181,1.4671959218434325
21.56,0.164063,1.444824,0.105713,-136.833191,-184.989914,-217.346176,1.4579466030393569
21.57,0.14624,1.422363,0.095215,-123.458855,-183.914169,-210.716232,1.4330277518575836
21.58,0.126953,1.391602,0.075439,-109.298698,-178.436264,-202.697739,1.3994156756782454
21.59,0.106689,1.35083,0.045898,-97.68676,-169.212326,-192.375168,1.355813725415479
21.6,0.079346,1.306641,0.017822,-87.776176,-155.822754,-178.405746,1.309169245850589
21.61,0.056885,1.282227,0.002441,-79.559326,-137.573242,-162.948593,1.2834905302474966
21.62,0.034668,1.270264,-0.035889,-70.037842,-115.119926,-146.957397,1.271243690344617
21.63,0.026855,1.249268,-0.076416,-59.68475,-94.963066,-128.746033,1.2518910223757498
21.64,0.006592,1.236816,-0.079102,-53.329464,-72.273254,-110.366814,1.2393604797329951
21.65,-0.005615,1.230713,-0.093018,-44.731136,-46.859737,-92.51403,1.2342359437797945
21.66,0.019775,1.204102,-0.114502,-35.728455,-29.502867,-73.127747,1.209695575354808
21.67,0.013428,1.185547,-0.114258,-26.863096,-15.708922,-53.222652,1.1911158176084304
21.68,-0.013916,1.162842,-0.108398,-15.35797,-2.471924,-35.148621,1.1679663087709335
21.69,-0.008057,1.126709,-0.106201,-6.492614,10.650634,-19.577026,1.131731743095951
21.7,0.022705,1.108154,-0.095215,-1.808166,23.590086,-5.714416,1.1124687415680496
21.71,0.047363,1.10791,-0.097412,3.189087,35.568237,6.004333,1.1131922204242177
21.72,0.073486,1.102051,-0.097656,10.711669,45.181271,15.586852,1.1088071487562658
21.73,0.103027,1.095215,-0.077148,18.77594,50.270077,23.910521,1.1027521357304189
21.74,0.115479,1.089844,-0.077637,25.688169,51.36108,30.120848,1.098691425080764
21.75,0.128906,1.098877,-0.067627,31.593321,49.270626,34.141541,1.1084768058439474
21.76,0.136963,1.124268,-0.063232,36.880493,43.80035,36.697388,1.1343437243697343
21.77,0.134033,1.153076,-0.064209,43.266293,37.940979,37.940979,1.162614253545001
21.78,0.133789,1.16626,-0.047852,53.344723,33.187866,38.391113,1.174883695531179
21.79,0.130615,1.145508,-0.018066,66.619873,30.731199,38.43689,1.1530720864911266
21.8,0.135742,1.104492,0.010742,80.345146,28.770445,37.307739,1.1128539253612757
21.81,0.148682,1.057861,0.055664,90.476982,25.711058,34.172058,1.0697077700666664
21.82,0.158447,1.037842,0.112793,94.848625,21.697996,29.899595,1.0559089589647395
21.83,0.161133,1.054932,0.168945,94.268791,17.097473,24.566648,1.080457209397022
21.84,0.166504,1.113281,0.216064,90.446465,11.993407,18.737793,1.1462119433477387
21.85,0.172607,1.218262,0.236328,86.738579,6.553649,13.046264,1.2529191516921592
21.86,0.18457,1.349609,0.225342,87.753288,1.815796,8.033752,1.3806844515474925
21.87,0.202881,1.460205,0.182129,97.297661,-1.617432,4.234314,1.485439434923888
21.88,0.220459,1.486328,0.156494,115.768425,-3.608703,2.532959,1.5107162097167688
21.89,0.230713,1.393311,0.1604,136.817932,-4.974365,2.479553,1.421362793620967
21.9,0.236572,1.229248,0.183838,150.733948,-6.347656,3.250122,1.265232534727115
21.91,0.241211,1.075928,0.201904,152.191162,-7.652282,5.310058,1.1209679000404071
21.92,0.23877,0.975098,0.216797,142.425537,-6.805419,9.933472,1.027048276232914
21.93,0.219727,0.93457,0.195801,127.891533,-1.525879,18.035889,0.979815835261913
21.94,0.201904,0.932861,0.161865,112.983696,7.026672,29.510496,0.9680883992497793
21.95,0.188477,0.967285,0.123291,97.702019,15.548705,44.342037,0.9931588601200716
21.96,0.167725,1.028564,0.077148,83.412163,21.65222,62.179562,1.0450011443175553
21.97,0.139893,1.089111,0.022705,69.816589,23.223875,81.527702,1.0982933755581883
21.98,0.115234,1.13208,-0.013184,55.244442,19.378662,101.959221,1.138006071605947
21.99,0.106689,1.161621,-0.022949,39.741516,10.589599,123.130791,1.166735851408964
22.0,0.104004,1.187744,-0.022461,26.504515,-0.930786,144.599915,1.1925003723575938
22.01,0.084961,1.216064,-0.009521,16.357422,-13.893126,166.427597,1.2190654917017378
22.02,0.065918,1.267334,0.01123,5.119323,-28.045652,187.843307,1.2690968297100107
22.03,0.041016,1.355957,0.043701,-7.499694,-42.884823,208.084091,1.35728091252548
22.04,0.006104,1.458984,0.085938,-19.729614,-57.052608,226.165756,1.4615255423412894
22.05,-0.031494,1.550537,0.119141,-27.275084,-70.159912,240.592941,1.5554264490119745
22.06,-0.054932,1.615723,0.144775,-25.749205,-82.054131,249.793991,1.6231260388454127
22.07,-0.073486,1.654297,0.142334,-17.433167,-93.269341,249.992355,1.6620342126325196
22.08,-0.103271,1.660889,0.11377,-5.256652,-105.339043,249.870285,1.6679810498509868
22.09,-0.134033,1.666016,0.09082,5.424499,-118.09539,249.977097,1.673864519531076
22.1,-0.16748,1.658691,0.084229,13.824462,-128.799438,249.992355,1.6692513017284125
22.11,-0.199951,1.613037,0.084229,26.55792,-132.865906,249.992355,1.6275636055807465
22.12,-0.218506,1.531006,0.069092,44.219967,-129.707336,247.497543,1.5480626436084557
22.13,-0.221924,1.412354,0.045654,62.70599,-121.25396,235.786423,1.4304119584259636
22.14,-0.223145,1.277588,0.008301,75.759888,-110.130302,220.008835,1.2969555487255529
22.15,-0.224854,1.19751,-0.038086,78.796387,-99.388115,203.140244,1.2190324297622275
22.16,-0.229492,1.17334,-0.092529,76.568604,-90.675346,187.461838,1.1991475928779576
22.17,-0.243408,1.135498,-0.137939,76.48468,-83.94622,171.134933,1.1694572801898322
22.18,-0.284424,1.069336,-0.176514,78.094482,-79.00238,152.96936,1.1205059950165372
22.19,-0.327637,0.997803,-0.200195,77.484131,-75.004578,135.894775,1.069128088024536
22.2,-0.375,0.916992,-0.212891,74.256897,-69.007874,121.231071,1.0133222123021879
22.21,-0.407471,0.829834,-0.221191,70.075989,-60.791012,106.704704,0.9505695881301905
22.22,-0.408203,0.746338,-0.222656,64.720154,-51.406857,92.796318,0.8793325842870829
22.23,-0.395996,0.665527,-0.219971,57.78503,-42.030331,80.01709,0.8050628923171158
22.24,-0.387939,0.584961,-0.216309,48.637386,-32.646179,67.466736,0.734483235154486
22.25,-0.395264,0.513428,-0.225098,36.4151,-23.178099,54.290768,0.6859380806486837
22.26,-0.404297,0.475342,-0.258057,20.805357,-14.030456,40.870663,0.6752773477779334
22.27,-0.40332,0.476563,-0.291992,3.14331,-6.034851,26.100157,0.6892304719272067
22.28,-0.390381,0.504639,-0.302734,-13.786315,2.372742,10.620116,0.7061909941637602
22.29,-0.380615,0.543701,-0.293945,-27.06909,13.664245,-4.882813,0.7258665295018086
22.3,-0.364014,0.587158,-0.277344,-37.628174,27.526854,-20.950315,0.7444329408993129
22.31,-0.333496,0.634033,-0.255127,-46.470638,43.060299,-38.162231,0.76046512953192
22.32,-0.303467,0.667969,-0.217041,-53.642269,59.310909,-56.175228,0.7651023465726661
22.33,-0.269531,0.706787,-0.176514,-59.898373,74.714661,-75.065613,0.776757372366687
22.34,-0.234131,0.76123,-0.149902,-66.497803,88.188164,-94.581596,0.8104067174357578
22.35,-0.203125,0.833496,-0.129395,-74.157715,99.19738,-114.44091,0.8675934610553494
22.36,-0.170898,0.925781,-0.123535,-80.566399,107.192986,-134.010315,0.9494932767481822
22.37,-0.133545,1.023438,-0.11377,-82.748405,112.18261,-152.557373,1.0383656483960744
22.38,-0.094482,1.105957,-0.093506,-79.64325,114.669792,-169.799789,1.1139170104675662
22.39,-0.058105,1.166748,-0.06665,-73.554993,114.913933,-186.088547,1.1700937180538147
22.4,-0.015869,1.217529,-0.036865,-67.474365,112.403862,-201.019272,1.218190346057216
22.41,0.026367,1.268555,-0.006836,-62.736507,107.063286,-215.270981,1.2688474051713232
22.42,0.052979,1.326904,0.028564,-59.097286,99.693291,-228.752121,1.328268384684737
22.43,0.07251,1.398682,0.060059,-56.091305,91.361992,-241.157516,1.4018473956551047
22.44,0.092529,1.479736,0.075195,-53.405758,83.091728,-249.992355,1.4845317556596758
22.45,0.112061,1.562012,0.075684,-49.385067,75.233459,-249.992355,1.5678543375329865
22.46,0.133301,1.623535,0.067627,-44.044491,67.91687,-249.855026,1.630401319907157
22.47,0.152588,1.639404,0.058838,-37.139893,61.286922,-249.984726,1.647540737949748
22.48,0.161133,1.618408,0.049072,-30.158995,55.671688,-249.992355,1.6271497654908722
22.49,0.155762,1.569336,0.039063,-25.245665,50.666805,-249.992355,1.5775307285466742
22.5,0.145996,1.508545,0.034424,-23.757933,47.142025,-249.763474,1.5159841228776112
22.51,0.139404,1.46167,0.034912,-25.230406,45.501705,-242.294296,1.4687176419788797
22.52,0.137207,1.420654,0.041504,-27.885435,45.806881,-225.86058,1.4278676866506224
22.53,0.135498,1.385498,0.051758,-29.991148,48.553463,-206.886276,1.3930697421780434
22.54,0.128418,1.353027,0.057129,-30.632017,53.413387,-185.775742,1.3603076740553954
22.55,0.136719,1.309814,0.07666,-29.998777,59.127804,-163.696274,1.3191594123368866
22.56,0.133789,1.27002,0.074707,-29.396055,65.116882,-140.022278,1.2792307973035983
22.57,0.110352,1.239258,0.054443,-28.907774,71.182251,-118.148796,1.2453521569086392
22.58,0.100098,1.209473,0.030029,-29.541014,76.347351,-98.747246,1.2139795254344283
22.59,0.095947,1.187256,0.005127,-31.562803,81.565849,-80.42144,1.1911376589101699
22.6,0.102539,1.172119,-0.018066,-32.737732,86.738579,-63.171383,1.1767342848060474
22.61,0.121094,1.155029,-0.023682,-32.058716,89.729301,-47.233578,1.1616008715565773
22.62,0.136719,1.141357,-0.017578,-30.189512,89.004509,-32.394409,1.1496507610983433
22.63,0.135742,1.138672,-0.002441,-28.488157,86.72332,-19.081116,1.146737011101063
22.64,0.11792,1.14624,0.015625,-26.962278,84.892265,-8.270264,1.1523955070308978
22.65,0.112549,1.150146,0.026611,-25.207518,83.282463,-0.38147,1.1559460385493778
22.66,0.118896,1.156738,0.031738,-23.178099,82.168571,5.302429,1.163265386790134
22.67,0.125977,1.16333,0.031738,-19.386292,82.244865,9.025574,1.1705614866691112
22.68,0.130371,1.155029,0.024414,-12.939452,83.328239,11.093139,1.162619727975575
22.69,0.128906,1.123047,0.023926,-5.172729,85.632317,11.856078,1.130674035485471
22.7,0.133057,1.077148,0.040527,0.976562,89.614861,11.367797,1.0860913483137595
22.71,0.149902,1.034668,0.054199,3.913879,93.833916,10.429381,1.0468744009808435
22.72,0.166504,1.016357,0.05957,4.753113,96.214287,8.94165,1.031626734029804
22.73,0.181641,1.013672,0.065674,4.928589,95.710747,6.813049,1.0319096136488892
22.74,0.187744,1.019775,0.056396,4.760742,93.223564,4.821777,1.038445650468526
22.75,0.184082,1.034912,0.037354,4.554749,89.279167,3.433227,1.051819543355228
22.76,0.184082,1.046143,0.012207,5.775451,83.518974,2.365112,1.0622854465829794
22.77,0.181641,1.041016,-0.00415,8.148193,76.698303,2.113342,1.0567520937462105
22.78,0.168945,1.019287,-0.016113,9.94873,69.564819,2.822876,1.0333189392259294
22.79,0.154541,0.998047,-0.016602,10.177611,62.591549,4.722595,1.0100774036151883
22.8,0.14502,0.983643,-0.016357,8.399963,56.632992,7.369995,0.9944103294405183
22.81,0.133301,0.977539,-0.019287,5.218505,51.765438,10.650634,0.9867743619951829
22.82,0.124512,0.983643,-0.012451,1.434326,47.46246,14.663695,0.9915703792439547
22.83,0.118408,0.998535,-0.015137,-1.502991,44.143673,19.271851,1.0056449320997942
22.84,0.104736,1.004639,-0.018066,-3.028869,41.984554,24.29962,1.0102452822819814
22.85,0.096191,0.999756,-0.022705,-3.64685,40.306087,29.388426,1.0046294267250984
22.86,0.080811,0.997314,-0.041748,-4.135132,38.887024,34.515381,1.0014532080037488
22.87,0.062744,1.002441,-0.047363,-4.981995,37.521362,39.642334,1.005518782413337
22.88,0.05835,1.013672,-0.034912,-6.278991,36.781311,45.013424,1.0159500449470928
22.89,0.054932,1.023926,-0.023438,-7.545471,37.261963,50.140377,1.0256662800072935
22.9,0.053711,1.035645,-0.021729,-8.346558,38.360596,53.977962,1.037264473018815
22.91,0.054932,1.044922,-0.030762,-8.789063,38.818359,56.373592,1.0468169903817954
22.92,0.058838,1.05249,-0.052979,-8.773804,37.902832,57.838436,1.055463824479551
22.93,0.058594,1.056885,-0.075195,-8.018494,35.293579,59.028622,1.061175502961692
22.94,0.055664,1.057861,-0.093994,-7.446289,30.639647,60.661312,1.063486364864637
22.95,0.045898,1.065918,-0.100098,-8.209229,24.719236,62.33215,1.0715910688000343
22.96,0.043213,1.084473,-0.100586,-9.918213,17.829895,63.560482,1.0899846762656804
22.97,0.040283,1.100342,-0.100586,-10.635375,10.856627,64.605713,1.105663954576163
22.98,0.036865,1.106445,-0.105713,-9.689331,3.677368,65.101624,1.1120947822101315
22.99,0.032715,1.101807,-0.105469,-7.797241,-3.944397,65.02533,1.107326802003365
23.0,0.027588,1.090332,-0.114502,-6.484985,-12.08496,64.849854,1.0966748269072288
23.01,0.012695,1.094727,-0.131104,-6.301879,-21.255491,64.598083,1.1026226128508338
23.02,-0.002197,1.105469,-0.143799,-6.91986,-31.898497,64.041138,1.1147845931708062
23.03,-0.014648,1.118652,-0.149902,-6.942749,-42.694088,63.705441,1.1287459725784186
23.04,-0.035645,1.125732,-0.143555,-4.928589,-52.87933,63.217159,1.1354079178312964
23.05,-0.055176,1.114502,-0.137695,-1.937866,-62.042233,61.782833,1.1243304727725743
23.06,-0.072266,1.095947,-0.122314,0.75531,-69.213867,59.692379,1.1051166979830682
23.07,-0.087646,1.083496,-0.106445,2.716064,-74.028015,56.976315,1.092234380230269
23.08,-0.098145,1.072754,-0.095459,3.860473,-76.156616,52.772518,1.0814555035793196
23.09,-0.10498,1.070557,-0.08667,4.005432,-75.920105,47.988888,1.0791778257307736
23.1,-0.11084,1.074951,-0.079102,3.639221,-73.287964,42.808529,1.0835415471522076
23.11,-0.111572,1.081787,-0.074707,3.761291,-68.855286,36.720276,1.0900883268809
23.12,-0.11084,1.080322,-0.066406,4.699707,-62.83569,30.174253,1.0880215467167917
23.13,-0.107178,1.073242,-0.072754,5.462646,-55.435177,23.811338,1.0810312940724705
23.14,-0.111084,1.068359,-0.105225,5.386352,-47.271725,17.227173,1.079260352538719
23.15,-0.104248,1.062988,-0.118164,5.180358,-39.710999,11.428832,1.0746040501245098
23.16,-0.090576,1.046143,-0.111328,5.752563,-32.020569,6.530761,1.055941812700397
23.17,-0.077881,1.018555,-0.101318,6.103515,-24.520872,2.006531,1.0265403427581403
23.18,-0.065674,0.99585,-0.0896,4.79126,-18.211365,-2.059937,1.002027173671453
23.19,-0.054443,0.990234,-0.085205,2.082825,-13.320922,-5.599975,0.9953829951480987
23.2,-0.044922,1.007324,-0.081543,-1.319885,-9.674072,-8.575439,1.0116169669934367
23.21,-0.040283,1.029053,-0.078613,-3.196716,-6.896972,-11.116027,1.0328372575904685
23.22,-0.032715,1.046143,-0.068115,-2.662658,-4.226685,-12.825011,1.0488684859881146
23.23,-0.019775,1.041992,-0.05127,-0.793457,-1.76239,-13.893126,1.0434399798689908
23.24,-0.008789,1.028564,-0.039795,1.319885,-0.091553,-14.404296,1.029371065574509
23.25,-0.002686,1.010986,-0.028564,3.166198,0.839233,-14.35852,1.0113930041719685
23.26,0.008301,1.004883,-0.017334,3.65448,0.297546,-13.84735,1.005066772829547
23.27,0.006836,1.025635,-0.025391,1.586914,-1.495361,-12.596129,1.0259720205746354
23.28,0.006104,1.081299,-0.023193,-0.900268,-4.615784,-10.856627,1.0815649316920368
23.29,0.008545,1.139893,-0.016602,0.259399,-7.759094,-8.926392,1.1400459178813809
23.3,0.005859,1.167236,-0.009766,5.218505,-9.880066,-7.362365,1.1672915584090375
23.31,-0.010498,1.161377,-0.008789,11.45935,-10.589599,-5.088806,1.1614577007596962
23.32,-0.026611,1.141846,-0.007813,16.578674,-9.788513,-2.113342,1.1421827682144394
23.33,-0.036865,1.116943,0.005615,19.599915,-7.881164,1.113892,1.117565309813704
23.34,-0.039063,1.099121,0.011963,21.27075,-4.53949,4.226685,1.099879995262665
23.35,-0.045166,1.081055,0.010254,22.460936,0.640869,7.438659,1.0820466834185114
23.36,-0.05835,1.058838,0.009033,23.521421,7.385253,10.673522,1.060483016286918
23.37,-0.064209,1.040771,0.010498,23.849485,14.297484,13.404845,1.0428026074602996
23.38,-0.061523,1.024902,0.010742,23.338316,20.500181,15.563964,1.026803087109208
23.39,-0.070313,1.021973,0.001709,20.927427,26.290892,17.471313,1.024390380362389
23.4,-0.078857,1.050049,-0.008057,16.273499,31.364439,18.684387,1.0530366774709226
23.41,-0.075684,1.08252,-0.014893,12.931823,36.300659,19.02771,1.0852646772585017
23.42,-0.071533,1.087158,-0.025391,13.099669,40.824886,18.531799,1.0898046567775346
23.43,-0.07251,1.055176,-0.035889,14.739989,44.387814,17.036438,1.0582731742782672
23.44,-0.075195,1.015381,-0.053467,15.121459,46.905514,14.907836,1.0195644085956512
23.45,-0.0896,0.984131,-0.082275,13.633727,48.805233,12.611388,0.9916204721495013
23.46,-0.099854,0.969482,-0.10083,10.787963,49.453732,9.559631,0.9798126650232686
23.47,-0.102295,0.965576,-0.090332,7.263183,49.385067,5.79071,0.9751723688789588
23.48,-0.104492,0.972168,-0.080078,3.463745,50.590511,1.831055,0.9810411226712161
23.49,-0.106445,0.983154,-0.077637,1.098633,52.551266,-2.372742,0.9919424527209226
23.5,-0.108398,0.988281,-0.07373,0.267029,55.641171,-7.400512,0.9969380995152106
23.51,-0.10083,0.986328,-0.073975,0.473022,59.638973,-12.619018,0.9942242770667995
23.52,-0.095459,0.988525,-0.09082,0.823975,62.919613,-17.494202,0.9972674509408196
23.53,-0.109863,0.998779,-0.111816,0.610352,64.689636,-22.514341,1.0110055328562746
23.54,-0.114746,1.021729,-0.119385,0.25177,65.933228,-27.732847,1.0350601780486002
23.55,-0.108887,1.037842,-0.104492,1.281738,67.687988,-32.409668,1.0487568706792818
23.56,-0.107666,1.047363,-0.083496,3.097534,70.495605,-36.651611,1.056187863659207
23.57,-0.105225,1.051514,-0.073242,4.837036,75.004578,-40.626522,1.059300893695932
23.58,-0.100098,1.051025,-0.065918,6.843566,80.955498,-43.80798,1.0578366333952516
23.59,-0.098145,1.04126,-0.072266,8.758545,87.814323,-46.089169,1.0483688298404337
23.6,-0.102295,1.03418,-0.090576,10.398864,94.459526,-48.011776,1.0431665980086786
23.61,-0.105957,1.036133,-0.107666,11.611938,100.45623,-48.950191,1.0470866473668738
23.62,-0.115479,1.042725,-0.106445,11.558532,106.567375,-48.84338,1.0544863029413896
23.63,-0.118652,1.063232,-0.091553,11.032104,113.525383,-47.95837,1.073742303691626
23.64,-0.109131,1.072021,-0.078613,11.894225,122.116081,-46.241756,1.0804251956387354
23.65,-0.101807,1.060059,-0.069336,14.122008,131.988525,-43.853756,1.0671912807111947
23.66,-0.099365,1.03833,-0.062012,16.311646,141.998291,-41.221615,1.0449153459821519
23.67,-0.104004,1.010254,-0.050537,17.791748,151.191711,-38.871765,1.0168500208491908
23.68,-0.105469,0.983398,-0.046875,17.944336,159.294128,-36.66687,0.9901477677548942
23.69,-0.105469,0.963135,-0.04248,16.448975,166.488632,-34.53064,0.9698233285428847
23.7,-0.102295,0.955078,-0.050293,13.412475,173.225388,-32.424927,0.9618563504796337
23.71,-0.097412,0.959717,-0.053467,9.490967,178.916916,-30.624388,0.9661286342521891
23.72,-0.081055,0.975586,-0.052002,5.523681,182.945236,-29.327391,0.9803275801613458
23.73,-0.054199,0.990723,-0.050293,2.525329,184.715256,-28.755186,0.9934782233038628
23.74,-0.02832,1.003418,-0.049561,1.113892,184.28801,-29.685972,1.0050402966274534
23.75,-0.00415,1.00708,-0.048584,0.846863,181.701645,-31.738279,1.008259765118097
23.76,0.019531,1.004395,-0.043945,0.389099,177.627548,-34.362793,1.005545592706268
23.77,0.032715,1.008789,-0.044434,-1.502991,172.775253,-37.796021,1.0102969356095264
23.78,0.057129,1.018311,-0.041504,-3.837585,166.023239,-41.702267,1.020756384931292
23.79,0.082275,1.029297,-0.027588,-5.714416,157.341003,-45.303341,1.0329484922192391
23.8,0.099609,1.037109,-0.017822,-7.133483,147.125244,-48.522945,1.0420339027334955
23.81,0.119629,1.042236,-0.013672,-8.041382,135.299683,-51.750179,1.0491681947719345
23.82,0.138916,1.043701,-0.016357,-8.102417,122.245781,-54.611202,1.0530322805621868
23.83,0.15625,1.036865,-0.020508,-7.308959,108.230583,-56.793209,1.0487724580618047
23.84,0.168701,1.026123,-0.016602,-7.011413,93.246452,-58.494564,1.0400307999929617
23.85,0.175781,1.015869,-0.009277,-8.293152,78.147888,-60.69183,1.0310067157157607
23.86,0.185303,1.014404,-0.009521,-10.665893,62.995907,-63.049313,1.0312338854333678
23.87,0.198975,1.024414,-0.007813,-13.824462,47.981258,-64.666748,1.0435881069607873
23.88,0.209229,1.04126,-0.012695,-17.00592,33.096313,-65.460205,1.0621489184977784
23.89,0.212891,1.055176,-0.032227,-18.821716,18.730164,-65.841675,1.0769204002088548
23.9,0.220459,1.059326,-0.050049,-18.844604,5.401611,-65.856934,1.0831798776555996
23.91,0.240234,1.051758,-0.053955,-17.242432,-7.713317,-64.994812,1.0801936897357807
23.92,0.262451,1.03418,-0.052246,-15.586852,-21.40045,-62.07275,1.0682408175673688
23.93,0.265137,1.021729,-0.053467,-15.312194,-35.461426,-57.548519,1.0569231279042957
23.94,0.25415,1.017334,-0.044434,-15.380858,-49.247738,-52.261349,1.0495404091372567
23.95,0.230957,1.023682,-0.037109,-14.999389,-60.409542,-45.700069,1.0500681172447814
23.96,0.209473,1.029785,-0.028076,-13.984679,-68.275452,-38.116455,1.0512489456498875
23.97,0.193359,1.042236,-0.022705,-11.863708,-73.554993,-29.479979,1.060263693428196
23.98,0.174805,1.060059,-0.013428,-8.148193,-76.789856,-19.828796,1.0744590186182068
23.99,0.142822,1.076172,0.014893,-3.364563,-78.88031,-9.864807,1.0857099514681625
24.0,0.107666,1.105469,0.034912,0.801086,-81.825249,0.114441,1.1112481834680317
24.01,0.09668,1.166016,0.006592,4.203796,-85.266106,12.748717,1.1700358067683228
24.02,0.089355,1.249512,-0.0354,10.06317,-85.021965,29.754637,1.253202982030046
24.03,0.05957,1.317871,-0.060547,20.39337,-78.575134,48.599239,1.3206053523857912
24.04,0.02417,1.371338,-0.090576,33.309937,-65.52124,66.894531,1.3745385083438004
24.05,0.003174,1.412354,-0.09375,46.592709,-46.127316,84.686272,1.4154656329604052
24.06,-0.009521,1.451172,-0.072021,58.586117,-19.729614,102.653496,1.4529892798868131
24.07,-0.035645,1.453125,-0.056885,70.327759,12.924193,120.185844,1.4546747866361744
24.08,-0.049561,1.420166,-0.037109,80.734245,48.934933,134.399414,1.4215149799274014
24.09,-0.025635,1.380615,-0.031738,88.569633,84.411613,147.285461,1.3812176628229165
24.1,0.019775,1.337646,-0.039307,94.528191,116.310112,159.52301,1.3383694976313527
24.11,0.054443,1.289307,-0.046631,97.740166,141.540527,169.67009,1.2912981958707292
24.12,0.070801,1.274414,-0.089355,97.076408,161.293015,177.314743,1.2795030836312977
24.13,0.083496,1.27832,-0.163574,94.924919,176.918015,184.715256,1.2914449496172882
24.14,0.157959,1.257324,-0.17041,93.742363,182.373032,187.042221,1.2786141930844503
24.15,0.25415,1.225586,-0.10498,91.476433,170.211777,182.052597,1.2560549614949181
24.16,0.296875,1.200195,-0.087158,90.866081,140.563965,174.110397,1.2394350812422568
24.17,0.353516,1.166748,-0.125244,97.618095,100.502007,164.176926,1.2255449878711102
24.18,0.422607,1.116699,-0.146729,108.963005,58.197018,155.433655,1.2029724570791305
24.19,0.431396,1.066162,-0.150879,118.469231,19.088745,148.551941,1.1599863756531799
24.2,0.404053,1.033447,-0.18042,123.886101,-14.427184,140.335083,1.124198783586782
24.21,0.367188,1.018555,-0.246094,125.717155,-42.785641,129.53186,1.1103348919154978
24.22,0.323975,1.018555,-0.276367,124.847404,-65.246582,119.712822,1.1039894960274759
24.23,0.303467,1.008057,-0.229736,122.38311,-81.024162,109.764091,1.07752019240198
24.24,0.308838,0.981689,-0.199951,122.070305,-91.346733,101.97448,1.0483675907648042
24.25,0.301758,0.964844,-0.231201,129.325867,-95.649712,100.051872,1.0370321775629723
24.26,0.250977,0.942383,-0.264404,140.098572,-92.132561,101.119987,1.0104378498621278
24.27,0.193359,0.904785,-0.292236,146.247864,-79.803467,100.33416,0.970270827553833
24.28,0.171631,0.857178,-0.32959,148.391724,-62.606808,98.358147,0.9342595420679416
24.29,0.156738,0.807617,-0.351318,148.887634,-44.166561,95.771782,0.8945593085184459
24.3,0.124512,0.766357,-0.37207,146.118164,-26.649473,91.041557,0.8609543393775305
24.31,0.086182,0.739014,-0.389404,140.762329,-10.993957,84.220879,0.839764553036147
24.32,0.067383,0.718994,-0.408203,134.300232,2.433777,76.316833,0.8295315123212621
24.33,0.068848,0.69873,-0.4104,127.571098,13.832091,69.854736,0.8132599953299067
24.34,0.064697,0.653076,-0.350098,121.360771,24.902342,61.958309,0.7438162227250761
24.35,0.083252,0.591064,-0.312744,115.783684,34.927368,49.530025,0.6738667206028207
24.36,0.127441,0.558105,-0.352051,111.701958,40.65704,33.500671,0.6720582609469211
24.37,0.17749,0.546631,-0.397217,111.000053,36.598206,16.51001,0.6986340210367656
24.38,0.186768,0.533936,-0.437256,111.946098,24.29962,1.319885,0.7149564654270915
24.39,0.143066,0.501953,-0.455811,114.219658,8.369446,-12.977599,0.6929562484645044
24.4,0.076172,0.442383,-0.431641,113.93737,-4.53186,-26.535032,0.6227510298297386
24.41,0.022461,0.4021,-0.414307,106.765739,-10.055541,-38.154602,0.5777881936921175
24.42,-0.014648,0.359863,-0.386475,94.581596,-5.546569,-47.515865,0.5282791575464624
24.43,-0.029297,0.324707,-0.356934,77.056885,5.1651,-54.023739,0.4834199317508536
24.44,-0.04834,0.331787,-0.36084,57.403561,17.913818,-61.584469,0.49256966468612334
24.45,-0.084717,0.343506,-0.374268,42.854305,31.044004,-70.419312,0.5150241527821777
24.46,-0.10791,0.344482,-0.359131,32.409668,43.632504,-80.703728,0.509202800056127
24.47,-0.121094,0.348877,-0.344238,22.178648,55.480953,-92.445366,0.5048551461647192
24.48,-0.123047,0.365479,-0.325928,11.482238,66.665649,-105.400078,0.5049203153310431
24.49,-0.136963,0.38916,-0.303955,0.022888,77.819824,-117.355339,0.5124382996947047
24.5,-0.162109,0.437988,-0.302734,-11.665343,88.554375,-129.173279,0.5565614887692105
24.51,-0.194824,0.506836,-0.307861,-22.773741,98.197929,-141.532898,0.6241934933920731
24.52,-0.225098,0.579102,-0.284912,-35.53772,105.766289,-154.541016,0.6835225554083786
24.53,-0.22583,0.674561,-0.258301,-49.537655,110.206596,-169.601425,0.7568032361334087
24.54,-0.205566,0.775635,-0.236328,-61.134335,112.358086,-185.272202,0.8364914567196726
24.55,-0.194092,0.869873,-0.21875,-70.198059,112.915031,-199.90538,0.9177158073679454
24.56,-0.179443,0.965576,-0.187988,-76.377869,112.281792,-214.241013,0.9999381431713664
24.57,-0.16748,1.074463,-0.128906,-80.245972,111.778252,-228.660568,1.0950511611815221
24.58,-0.157227,1.195801,-0.039795,-88.722221,112.319939,-242.767319,1.2067493539070155
24.59,-0.150879,1.365967,0.044434,-103.652946,115.615837,-249.992355,1.3749926174659992
24.6,-0.134766,1.629883,0.083252,-121.215813,122.047417,-249.992355,1.6375626290157577
24.61,-0.097412,1.940674,0.112549,-131.362915,131.401062,-249.847397,1.9463740517744783
24.62,-0.035645,2.171143,0.151855,-131.988525,142.707825,-249.992355,2.1767389447287884
24.63,0.00708,2.269531,0.151367,-124.977104,155.532837,-249.992355,2.2745841499162
24.64,0.047363,2.308594,0.104736,-115.501396,167.793259,-249.992355,2.311453901833432
24.65,0.079102,2.242676,0.075439,-114.906303,180.458054,-249.992355,2.2453382395757213
24.66,0.11377,2.157959,0.046631,-118.652336,193.450912,-249.992355,2.1614590231466337
24.67,0.177246,2.026855,0.036377,-119.812004,207.183823,-249.992355,2.0349153844005405
24.68,0.248535,1.909424,0.007813,-117.500298,224.708542,-249.992355,1.9255468576407067
24.69,0.248535,1.811035,-0.083984,-106.300346,245.071396,-249.992355,1.8299373567709907
24.7,0.324707,1.720215,-0.111572,-90.087883,249.992355,-249.992355,1.7541444049045678
24.71,0.411133,1.590332,-0.097656,-71.060181,249.93895,-248.329147,1.6455160006055853
24.72,0.450684,1.43457,-0.050537,-50.811764,249.855026,-231.880173,1.5045468225100207
24.73,0.376221,1.297119,-0.031006,-32.844543,249.992355,-208.198532,1.3509334968968678
24.74,0.201416,1.167969,-0.026367,-14.465331,249.992355,-184.928879,1.1855020913967211
24.75,0.093018,1.056885,0.008057,0.831604,249.992355,-157.119751,1.0610010211107246
24.76,0.067871,0.984863,0.04248,6.462097,249.992355,-120.895378,0.9881124186093403
24.77,0.046875,0.945801,0.033447,6.134033,249.992355,-80.116272,0.9475523727135086
24.78,0.076904,0.917725,0.025391,5.065917,249.992355,-42.991634,0.9212915411106303
24.79,0.130615,0.902344,0.005127,0.007629,249.992355,-9.628296,0.9117627206077249
24.8,0.147705,0.905518,-0.023682,-10.215758,249.992355,21.041868,0.917791072343265
24.81,0.151611,0.956055,-0.044922,-22.987364,249.992355,44.662472,0.9690433656085778
24.82,0.182129,1.038086,-0.040771,-32.356262,249.992355,61.44714,1.0547301979549084
24.83,0.175537,1.110596,-0.037354,-38.17749,248.336777,74.325562,1.1250031266183218
24.84,0.158691,1.171387,-0.059082,-41.923519,228.126511,80.909721,1.1835628500312096
24.85,0.206299,1.20874,-0.04126,-43.876644,197.563156,81.893913,1.2269124062462649
24.86,0.235107,1.229736,-0.029053,-42.015072,169.677719,83.305351,1.2523458020666656
24.87,0.16748,1.238037,-0.049805,-31.204222,142.753601,81.18438,1.2503062432036403
24.88,0.067627,1.212158,-0.062744,-12.977599,116.104118,72.174072,1.2156632912237666
24.89,-0.032959,1.152344,-0.068359,10.597228,92.788689,62.522884,1.1548402239695326
24.9,-0.07959,1.081543,-0.098877,32.249451,74.699402,55.480953,1.0889657892137843
24.91,-0.031006,1.026367,-0.151855,49.530025,62.271114,51.902767,1.0380031463102606
24.92,0.010498,0.967041,-0.217041,64.086914,56.762691,50.544735,0.9911535195750455
24.93,-0.012451,0.880127,-0.262695,73.631287,54.824825,49.606319,0.9185789168901058
24.94,-0.031982,0.800781,-0.283447,74.325562,52.742001,47.119137,0.8500677973514817
24.95,-0.026367,0.750977,-0.282471,68.237305,54.64172,45.730587,0.802777390724851
24.96,0.001465,0.729492,-0.26123,58.67004,61.676022,45.387264,0.7748560106168114
24.97,0.057861,0.746338,-0.248779,46.813961,71.289063,43.632504,0.7888341374496922
24.98,0.121094,0.774902,-0.256592,38.360596,79.727173,39.016724,0.8252128942909217
24.99,0.150391,0.806396,-0.293945,30.09796,80.642693,31.837461,0.8713757081316876
25.0,0.154053,0.824219,-0.322998,23.574827,74.584961,22.02606,0.8985527223118297
25.01,0.163818,0.850586,-0.33667,19.981384,66.696167,5.699157,0.929343622897365
25.02,0.15918,0.875488,-0.343018,16.906738,60.218807,-13.236999,0.9536660101251381
25.03,0.149414,0.871094,-0.315674,16.075134,57.853695,-34.225464,0.9384984680371088
25.04,0.147217,0.870117,-0.300781,16.403198,59.730526,-55.755611,0.9323334428942256
25.05,0.152344,0.881348,-0.321777,17.311096,62.843319,-73.692322,0.95053849431204
25.06,0.188477,0.902832,-0.339844,16.792297,65.559387,-90.187065,0.9829156342682722
25.07,0.224365,0.929443,-0.339355,15.037536,68.54248,-105.079643,1.0145766405250025
25.08,0.24707,0.951172,-0.314941,12.573241,72.769165,-117.759697,1.0319687940848794
25.09,0.265137,0.971191,-0.291748,11.45172,78.689575,-128.982544,1.0481538449836456
25.1,0.289795,0.977783,-0.265381,10.917663,84.671013,-138.267517,1.0537873657787893
25.11,0.324707,0.980469,-0.217285,8.781433,88.920586,-145.118713,1.0554462880862296
25.12,0.375,0.988281,-0.169922,5.531311,91.026299,-151.153564,1.0706062866642434
25.13,0.433838,1.007324,-0.122314,5.1651,90.438835,-154.129028,1.1035749932904424
25.14,0.498291,1.031982,-0.046387,8.178711,85.548393,-154.23584,1.1469230675045297
25.15,0.589111,1.044434,0.064941,10.612487,75.965881,-150.909424,1.2008794627929984
25.16,0.649902,1.052246,0.169434,13.824462,68.67981,-146.255493,1.248319724460044
25.17,0.664307,1.075684,0.207031,16.937256,62.164303,-144.363403,1.2811173611601712
25.18,0.660156,1.161865,0.27002,14.686584,48.416134,-141.685486,1.3633220540140176
25.19,0.666016,1.343262,0.415039,0.205994,25.512693,-130.821228,1.555695177218532
25.2,0.672852,1.593262,0.480469,-16.868591,0.473022,-114.852898,1.7950108842313464
25.21,0.640381,1.844482,0.414551,-11.337279,-22.956846,-96.359245,1.9960095703893805
25.22,0.563477,1.915527,0.335938,22.369383,-46.852108,-73.272705,2.0247479737246312
25.23,0.521729,1.754395,0.283936,55.122372,-75.538635,-44.456478,1.852220995875492
25.24,0.446777,1.424316,0.228027,68.595886,-106.430046,-14.785766,1.510060286317735
25.25,0.365967,1.133057,0.190918,63.606258,-131.515503,8.224487,1.205902024652915
25.26,0.299072,0.943848,0.165527,52.864071,-147.262573,28.923033,1.0038387798929667
25.27,0.253174,0.794434,0.149658,45.227047,-155.754089,49.98016,0.8471245313388109
25.28,0.240479,0.657715,0.146484,39.093018,-160.377502,71.502686,0.7154556121255882
25.29,0.23999,0.564697,0.161377,30.548094,-163.436874,92.849724,0.6344449842484374
25.3,0.230225,0.524414,0.172363,14.953612,-166.915878,111.534111,0.598099153811473
25.31,0.234375,0.531738,0.177002,-3.77655,-172.759995,124.694817,0.607459174984624
25.32,0.262451,0.587158,0.167236,-16.197205,-181.571945,134.971619,0.6645321091271662
25.33,0.286377,0.666992,0.165527,-28.068541,-191.192612,146.270752,0.7445060791706136
25.34,0.293945,0.776611,0.166992,-41.580196,-201.965317,158.187866,0.8470033272720953
25.35,0.321289,0.916992,0.161865,-52.703854,-215.011581,167.77037,0.9850386935598013
25.36,0.373779,1.071777,0.140869,-60.791012,-225.265488,176.460251,1.1437922686095583
25.37,0.393311,1.22168,0.124756,-67.138672,-234.024033,185.111984,1.2894803700161552
25.38,0.409912,1.342529,0.126221,-71.94519,-243.980392,190.467819,1.4093770625443003
25.39,0.437988,1.452881,0.136475,-77.415466,-249.992355,192.214951,1.5235885645179934
25.4,0.447266,1.601074,0.162109,-85.411064,-249.992355,195.312485,1.6702587093360717
25.41,0.41748,1.775879,0.195313,-92.437737,-249.877914,199.729904,1.8347160382495162
25.42,0.369385,1.87207,0.26416,-96.710197,-249.992355,203.712448,1.9263623409745632
25.43,0.341064,1.959717,0.356445,-102.47802,-249.992355,206.45903,2.0208583350175737
25.44,0.297852,2.030273,0.452881,-104.507439,-249.992355,211.959824,2.1013865585831657
25.45,0.23999,2.047607,0.520996,-96.000664,-249.992355,218.353256,2.126435152682771
25.46,0.183594,2.026855,0.562012,-78.292847,-249.992355,222.389206,2.1113278845326224
25.47,0.128662,1.995605,0.568604,-56.610104,-249.992355,223.182663,2.079015087748283
25.48,0.095947,1.919922,0.540527,-34.736633,-249.992355,222.686752,1.9968664829231821
25.49,0.056885,1.799072,0.495361,-17.570496,-249.992355,224.021896,1.86689005694765
25.5,0.031006,1.693848,0.436035,-6.202697,-249.992355,227.661118,1.7493452890624537
25.51,0.013916,1.608154,0.370117,2.822876,-245.979294,231.391891,1.650254385378509
25.52,-0.000488,1.516846,0.313965,10.856627,-228.668198,232.017502,1.5489984012532096
25.53,-0.011719,1.423584,0.268555,16.769409,-210.792526,230.40007,1.448741014827012
25.54,-0.0271,1.347168,0.223389,20.027161,-193.702682,227.935776,1.3658325942607314
25.55,-0.038574,1.291504,0.1875,20.568846,-174.873337,224.945053,1.3056135666773687
25.56,-0.03833,1.243164,0.148193,19.439697,-155.143738,221.397385,1.2525522284699349
25.57,-0.010986,1.202881,0.126953,16.998291,-138.015747,216.087326,1.2096116966059811
25.58,-0.001709,1.167969,0.122803,14.297484,-125.419609,209.922775,1.1744083967900605
25.59,-0.022461,1.130127,0.125244,12.359618,-114.097588,204.391464,1.1372675991981835
25.6,-0.037354,1.081787,0.127686,11.100768,-102.47039,198.303207,1.089936763890915
25.61,-0.033936,1.032959,0.130615,9.986877,-92.201225,190.650925,1.041737119431769
25.62,-0.020264,0.982178,0.13623,9.262085,-85.678093,181.518539,0.9917877123054107
25.63,-0.02124,0.927002,0.14502,8.659363,-81.985466,171.30278,0.9385172593000088
25.64,-0.023682,0.879395,0.155273,6.637573,-79.330444,159.873962,0.8933118759302375
25.65,-0.015381,0.848633,0.164795,2.960205,-77.537537,147.445679,0.8646224238793486
25.66,-0.008545,0.834961,0.163086,-1.724243,-77.110291,134.33075,0.8507819532300858
25.67,-0.004395,0.839844,0.162598,-7.202148,-78.384399,119.972221,0.8554503901249915
25.68,-0.001465,0.859619,0.173828,-12.847899,-81.192009,104.820244,0.8770194666995711
25.69,0.006592,0.912598,0.179199,-20.835875,-85.861198,89.546196,0.9300488404750581
25.7,0.009033,1.008057,0.147461,-30.639647,-92.926018,73.394775,1.018825430021748
25.71,0.003418,1.101318,0.101074,-36.865234,-101.997368,55.473324,1.1059516143683683
25.72,0.005371,1.148193,0.068848,-37.284851,-112.419121,35.583496,1.1502678209851824
25.73,0.021729,1.151611,0.060791,-35.369873,-123.481743,15.762328,1.1534190870811007
25.74,0.026611,1.134766,0.062012,-34.744263,-133.651733,-1.991272,1.1367706489090048
25.75,0.00708,1.11499,0.035645,-35.675049,-140.945435,-17.158508,1.1155820868609356
25.76,-0.036621,1.0896,0.007324,-37.254333,-144.104004,-30.532835,1.0902398353651364
25.77,-0.075195,1.042725,-0.00415,-38.543701,-143.257141,-42.785641,1.0454410247115806
25.78,-0.098633,0.983154,0.003174,-39.955139,-137.870789,-53.108212,0.9880942924038171
25.79,-0.125,0.925293,-0.001709,-41.755672,-126.136772,-61.813351,0.9336996607742771
25.8,-0.171875,0.87793,-0.034668,-44.044491,-107.681267,-68.733215,0.8952675414360781
25.81,-0.216064,0.836914,-0.066406,-47.119137,-84.007256,-73.600769,0.8669016393616983
25.82,-0.239014,0.807617,-0.082764,-51.86462,-55.709835,-76.042175,0.846299468616754
25.83,-0.266357,0.783447,-0.088135,-58.761593,-22.392271,-76.194763,0.8321676702942743
25.84,-0.291748,0.777344,-0.09082,-68.04657,14.663695,-74.34082,0.8352417986667096
25.85,-0.304443,0.792236,-0.088867,-78.445435,54.595943,-71.113586,0.8533585199867638
25.86,-0.296143,0.820801,-0.099365,-89.538567,94.764702,-68.161011,0.8782302438853948
25.87,-0.256592,0.871826,-0.105713,-100.120537,131.576538,-67.398071,0.9149291049633299
25.88,-0.20166,0.92749,-0.110107,-107.299797,161.666855,-67.901611,0.9555249903320164
25.89,-0.149902,0.966064,-0.118896,-110.679619,181.098923,-68.695068,0.9848281680151112
25.9,-0.114258,1.007324,-0.144287,-116.08123,190.437302,-71.06781,1.023999643510192
25.91,-0.068848,1.082764,-0.181152,-123.535149,188.125595,-75.805664,1.099969987728756
25.92,-0.026367,1.185059,-0.231689,-131.599426,174.171432,-81.611626,1.2077830288967468
25.93,0.008057,1.308105,-0.276855,-139.915466,150.192261,-89.134209,1.337105940940732
25.94,0.043457,1.419189,-0.299072,-145.042419,118.682854,-98.274223,1.4510099895431459
25.95,0.050049,1.490234,-0.304932,-143.829346,83.206169,-108.955376,1.5219348874971623
25.96,0.046875,1.523926,-0.292236,-137.229919,46.524044,-120.506279,1.5524012364066835
25.97,0.034668,1.514648,-0.259766,-129.486084,12.802123,-130.386353,1.537152825480928
25.98,0.020508,1.47876,-0.20166,-122.13134,-16.288757,-139.068604,1.4925878437344988
25.99,0.018066,1.441406,-0.12793,-114.845268,-39.581299,-146.621704,1.447184757414201
26.0,0.015381,1.41333,-0.052246,-105.934135,-55.473324,-152.626038,1.4143789833623095
26.01,-0.001709,1.389648,0.025879,-93.612663,-64.254761,-158.317566,1.3898899982466237
26.02,-0.031738,1.366455,0.073242,-78.826904,-63.171383,-165.878281,1.3687844820252018
26.03,-0.054199,1.327393,0.078369,-63.537594,-53.176876,-173.019394,1.3308085543048633
26.04,-0.048584,1.268799,0.066162,-49.819942,-37.54425,-176.902756,1.2714514216835027
26.05,-0.025635,1.216309,0.038574,-42.91534,-19.706726,-178.100571,1.217190490507546
26.06,-0.013916,1.213379,0.0,-42.625423,1.228333,-180.12999,1.2134587972803197
26.07,0.013184,1.235352,-0.033936,-41.717525,23.025511,-181.915268,1.2358883581683258
26.08,0.049316,1.246338,-0.060059,-36.78894,43.067928,-177.719101,1.2487584080121341
26.09,0.077637,1.218506,-0.04541,-31.684874,56.40411,-167.350754,1.2218209541111171
26.1,0.109863,1.210205,-0.030029,-31.036375,60.974117,-156.814575,1.2155524512068576
26.11,0.136719,1.229248,-0.022461,-30.822752,53.596493,-149.452209,1.2370316192345285
26.12,0.146484,1.227051,-0.006836,-27.122496,34.78241,-145.256042,1.235782525266076
26.13,0.093262,1.200195,0.00293,-23.79608,14.083861,-144.538879,1.2038166071162997
26.14,0.061523,1.154541,0.028076,-23.513792,2.868652,-144.241333,1.1565198926028035
26.15,0.104004,1.137939,0.044189,-29.548643,0.50354,-143.974304,1.143536036799016
26.16,0.163818,1.130615,0.044434,-38.719177,2.243042,-141.944885,1.1432851768937615
26.17,0.242188,1.135254,0.041992,-50.041195,2.838135,-138.786316,1.1615592967748138
26.18,0.335938,1.178467,-0.001953,-61.302181,-1.121521,-136.955261,1.225415286399676
26.19,0.443115,1.254639,-0.06958,-70.175171,-14.678954,-139.045715,1.3324080831134282
26.2,0.537598,1.304932,-0.112305,-74.85199,-40.695187,-141.25824,1.4157936104012476
26.21,0.586426,1.301514,-0.116699,-74.836731,-74.134827,-141.853333,1.4322893570340458
26.22,0.552246,1.249268,-0.097656,-73.34137,-101.600639,-141.197205,1.3693731685249277
26.23,0.525635,1.191895,-0.077637,-76.339722,-113.929741,-139.701843,1.3049648838259977
26.24,0.568848,1.175049,-0.071289,-82.199089,-122.520439,-134.277344,1.3074441942301018
26.25,0.600098,1.206055,-0.063721,-88.172905,-135.4599,-127.227776,1.348609149631575
26.26,0.572021,1.264648,-0.081543,-93.437187,-149.06311,-119.277946,1.3903926960373463
26.27,0.499023,1.338623,-0.10791,-99.296562,-159.675598,-108.413689,1.432682818616179
26.28,0.424561,1.429932,-0.105713,-104.804985,-164.283737,-95.329277,1.4953704576839812
26.29,0.381836,1.515381,-0.116455,-107.200615,-163.017258,-81.825249,1.5670801106140044
26.3,0.354248,1.599121,-0.139893,-106.216423,-157.104492,-68.267822,1.643852082638216
26.31,0.286377,1.674072,-0.16626,-89.393608,-143.081665,-49.453732,1.706508492481945
26.32,0.260254,1.673828,-0.156006,-61.958309,-128.662109,-26.123045,1.701108518036401
26.33,0.244629,1.60498,-0.12085,-26.481627,-114.807121,-0.923157,1.628007638354624
26.34,0.209961,1.460693,-0.076904,15.449523,-105.651848,22.979734,1.477708322703097
26.35,0.174561,1.25293,-0.034912,54.626461,-100.807182,43.525692,1.2655133248468782
26.36,0.144287,1.053711,0.005615,81.901543,-96.717827,58.4259,1.063558713995142
26.37,0.112549,0.910645,0.041016,99.754326,-91.415398,68.908691,0.9184900139261178
26.38,0.093994,0.808838,0.081299,112.464897,-85.105888,77.75116,0.8183295849967785
26.39,0.080811,0.737793,0.114746,118.957512,-77.598572,86.608879,0.7510230176805502
26.4,0.06958,0.71167,0.121338,117.141716,-68.534851,94.833366,0.7252850994912277
26.41,0.072998,0.747803,0.091797,109.642021,-60.012814,101.928703,0.7569443335028013
26.42,0.101074,0.833984,0.046143,101.821892,-55.27496,106.864922,0.8413527453933932
26.43,0.151367,0.965088,0.02124,98.724358,-62.301632,110.382072,0.9771171649464562
26.44,0.162598,1.097168,-0.018066,102.622978,-76.408386,114.807121,1.1092980258632033
26.45,0.125488,1.195068,-0.014893,111.816399,-85.479729,114.883415,1.2017306537727164
26.46,0.113525,1.291016,-0.000488,122.299187,-91.354362,111.892693,1.2959978688350533
26.47,0.122803,1.381592,-0.010498,132.423401,-94.734184,108.512871,1.3870786709040694
26.48,0.124512,1.447021,-0.008301,142.578125,-95.466606,103.599541,1.4523917925911036
26.49,0.130615,1.459473,0.039063,150.672913,-94.245903,94.879143,1.465826604316827
26.5,0.1521,1.512695,0.083496,155.006409,-91.659538,84.342949,1.5226135934770186
26.51,0.160156,1.510742,0.12207,161.819443,-88.027946,77.713013,1.524103808734825
26.52,0.164063,1.454834,0.158203,167.510971,-84.068291,70.3125,1.4725782915464969
26.53,0.161133,1.395752,0.175293,168.334946,-78.865051,61.645504,1.4159149427285525
26.54,0.171143,1.359619,0.188477,164.764389,-72.975159,54.115292,1.3832488319673362
26.55,0.164551,1.366455,0.201904,158.332825,-65.513611,49.446102,1.3910576996810735
26.56,0.14917,1.371582,0.199219,150.802612,-55.282589,46.493526,1.3939788669793385
26.57,0.138184,1.372803,0.190186,143.180847,-45.082088,44.364925,1.3927862755143015
26.58,0.131348,1.369385,0.193604,136.856079,-35.354614,44.158932,1.3892264337195
26.59,0.130615,1.348633,0.202637,132.339478,-26.626585,46.539303,1.3700120439919496
26.6,0.127197,1.31665,0.2146,128.967285,-19.577026,50.529476,1.340074423048586
26.61,0.115967,1.27124,0.229004,126.113884,-13.435363,55.297848,1.2968971874073132
26.62,0.106445,1.227295,0.244629,123.023979,-7.728576,60.844418,1.255956568791692
26.63,0.095459,1.189453,0.251465,119.781487,-2.204895,67.276001,1.2194857547814981
26.64,0.082031,1.1521,0.26123,116.271965,4.112244,74.188232,1.1841894307335292
26.65,0.074219,1.119629,0.262207,112.358086,11.535644,81.001274,1.152315090785068
26.66,0.079102,1.092773,0.258545,108.535759,18.165588,87.898247,1.1257244214096094
26.67,0.083496,1.066162,0.252686,104.751579,23.551939,94.963066,1.098873608226169
26.68,0.083496,1.04126,0.24585,101.425163,27.763365,101.425163,1.073143136825652
26.69,0.075439,1.026611,0.244873,97.648613,30.319212,107.51342,1.0581039524408742
26.7,0.059082,1.033936,0.253906,92.109673,32.028198,113.128654,1.066293858022262
26.71,0.045166,1.068848,0.265869,84.57946,33.439636,117.370598,1.1023440206310369
26.72,0.038574,1.106201,0.264648,78.285217,35.362244,120.36895,1.138071689209867
26.73,0.039551,1.111084,0.259033,75.22583,37.208557,121.604912,1.1415647295471247
26.74,0.041504,1.082275,0.263184,73.265076,37.307739,120.75042,1.1145885229523047
26.75,0.046631,1.069824,0.276855,68.862915,34.599304,118.682854,1.1060499682030644
26.76,0.054688,1.091309,0.276123,61.836239,29.190062,115.318291,1.1270270724139684
26.77,0.060547,1.131348,0.258301,53.787228,21.064756,110.115044,1.1620385720422537
26.78,0.060791,1.178955,0.245605,46.745296,10.536193,103.469841,1.2057994251661426
26.79,0.055908,1.240967,0.243652,39.543152,-0.617981,95.649712,1.2658953735032765
26.8,0.054932,1.31665,0.25,31.532286,-10.643004,87.394707,1.3412996485215376
26.81,0.038818,1.364502,0.244141,25.276182,-17.471313,77.728271,1.3867145968111103
26.82,0.013184,1.342041,0.230469,22.02606,-21.835325,65.139771,1.3617502794191012
26.83,0.007324,1.247559,0.21875,19.691467,-24.787901,50.666805,1.2666130671823184
26.84,0.007568,1.123047,0.183105,15.678405,-24.978636,36.872864,1.137901261031905
26.85,0.020996,1.002441,0.155029,11.146544,-23.300169,25.123594,1.0145751728373802
26.86,0.025879,0.890137,0.130615,7.545471,-19.241333,16.159058,0.9000410433058038
26.87,0.013428,0.806152,0.09668,-0.427246,-14.015197,9.399414,0.8120396423131077
26.88,0.00415,0.747803,0.049072,-12.191772,-8.758545,4.486084,0.7494228515951459
26.89,-0.018311,0.70874,-0.013672,-22.377012,-4.432678,3.227234,0.7091083160596835
26.9,-0.046631,0.697754,-0.084717,-34.52301,-1.739502,1.754761,0.7044232142441076
26.91,-0.072266,0.700439,-0.151611,-48.103329,-1.266479,-0.389099,0.7202937336934149
26.92,-0.093018,0.708496,-0.213135,-60.867306,-3.852844,-2.464294,0.745684557011207
26.93,-0.099609,0.720947,-0.252686,-71.891785,-10.292052,-4.211426,0.7704133593636601
26.94,-0.108154,0.73877,-0.284668,-82.550041,-18.791199,-5.508422,0.7990708797347079
26.95,-0.131104,0.761963,-0.31958,-92.185966,-27.70233,-6.706237,0.836604595125439
26.96,-0.156006,0.796143,-0.332275,-100.364677,-36.773682,-8.308411,0.8766916357020865
26.97,-0.152344,0.82666,-0.302979,-108.131401,-44.609066,-9.994507,0.8935164936233689
26.98,-0.141846,0.869385,-0.259766,-116.607658,-49.835201,-11.489867,0.9183838743668139
26.99,-0.131592,0.924072,-0.220947,-125.007622,-53.535458,-14.175414,0.9591887678955587
27.0,-0.112305,0.994385,-0.174316,-131.515503,-56.52618,-19.126892,1.0157755702447266
27.01,-0.094727,1.074951,-0.133057,-135.20813,-58.662411,-26.260374,1.0872888402715262
27.02,-0.075439,1.152832,-0.097168,-133.56781,-60.333248,-36.071777,1.1593766787239599
27.03,-0.056885,1.221191,-0.064209,-125.114433,-61.851498,-48.324581,1.2242002113163515
27.04,-0.038574,1.275635,-0.034424,-109.939568,-63.941952,-61.172482,1.2766822699783216
27.05,-0.018311,1.293213,0.015381,-91.911308,-67.756653,-73.455811,1.2934340846177668
27.06,-0.003906,1.281006,0.091553,-74.272156,-70.556641,-84.625237,1.284279401330178
27.07,-0.02002,1.244873,0.158691,-60.371395,-72.128296,-94.596855,1.2551065373146615
27.08,-0.047607,1.208496,0.196777,-53.489681,-71.212769,-103.065483,1.2253367684820364
27.09,-0.064697,1.212402,0.190674,-52.383419,-65.887451,-109.565727,1.2290080901641778
27.1,-0.090332,1.239502,0.133057,-51.261898,-54.336544,-114.334099,1.2498916926986114
27.11,-0.07959,1.259521,0.047363,-47.660824,-39.176941,-117.645256,1.2629216014107922
27.12,-0.066406,1.246338,-0.037598,-40.946957,-23.612974,-117.576591,1.2486720052455729
27.13,-0.06543,1.187744,-0.081299,-32.562256,-6.340026,-115.058891,1.192319764927597
27.14,-0.036621,1.096436,-0.095215,-28.549192,12.512206,-111.595146,1.1011716015054147
27.15,-0.01123,1.011475,-0.096924,-31.311033,28.266905,-106.246941,1.0161702860746322
27.16,0.022217,0.939941,-0.089111,-40.199276,36.987305,-98.907463,0.9444169888830888
27.17,0.058838,0.879883,-0.083984,-54.779049,38.597107,-88.302605,0.885838199779734
27.18,0.033936,0.874756,-0.100586,-74.447632,36.445618,-77.980042,0.8811737938840442
27.19,-0.0625,0.963379,-0.165039,-92.803947,40.061951,-72.44873,0.9794096278687483
27.2,-0.082031,1.068604,-0.088135,-111.602776,62.309261,-72.402954,1.0753656922191634
27.21,-0.056152,1.142578,-0.076904,-126.525871,84.716789,-62.637325,1.1465390348365816
27.22,-0.009766,1.20752,-0.089844,-130.058289,96.794121,-51.887508,1.210897134149718
27.23,0.042725,1.198242,-0.077881,-128.547668,97.518913,-50.796505,1.201530177045088
27.24,0.04834,1.159668,-0.088867,-129.707336,92.086784,-56.045528,1.1640721496165947
27.25,0.053711,1.134033,-0.106445,-134.628296,87.768547,-62.995907,1.140283409786795
27.26,0.108154,1.146484,-0.11792,-141.525269,86.555473,-72.044373,1.157595774168168
27.27,0.177002,1.173828,-0.138184,-146.430969,86.791985,-81.916801,1.1951136763689052
27.28,0.245605,1.196777,-0.142334,-148.803711,85.517876,-93.582146,1.2299821020283181
27.29,0.315674,1.209961,-0.154053,-149.330139,81.237785,-107.917778,1.2599158791784475
27.3,0.393799,1.234131,-0.179932,-148.391724,73.158264,-122.344963,1.307873274513246
27.31,0.475098,1.278809,-0.176758,-144.737244,58.082577,-135.498047,1.375614029678747
27.32,0.534424,1.33667,-0.18335,-137.016296,35.980225,-148.124695,1.451176392853743
27.33,0.565674,1.376709,-0.202881,-124.168388,8.041382,-158.164978,1.502156930922332
27.34,0.582764,1.390137,-0.212646,-111.907951,-24.29199,-168.334946,1.5222723408710412
27.35,0.561035,1.392334,-0.22583,-98.304741,-56.015011,-176.330551,1.5180096928811095
27.36,0.526123,1.361816,-0.241943,-82.862846,-85.563652,-177.513107,1.4798258830801683
27.37,0.496826,1.295898,-0.249023,-69.992065,-110.458366,-172.927841,1.4100355155842708
27.38,0.426758,1.239746,-0.238037,-61.004635,-128.463745,-164.276108,1.332574256260791
27.39,0.337891,1.212646,-0.190918,-56.327816,-140.945435,-153.411865,1.2732361650224202
27.4,0.237549,1.226563,-0.165039,-55.01556,-145.179749,-141.525269,1.2602079954876497
27.41,0.144531,1.281494,-0.124512,-50.430294,-141.899109,-128.242493,1.2956154213890014
27.42,0.072266,1.359619,-0.049805,-40.367123,-132.705688,-113.876335,1.3624488019525725
27.43,0.017822,1.463379,-0.004883,-26.931761,-120.147697,-98.762505,1.463495666209504
27.44,0.004639,1.612305,-0.019775,-7.446289,-107.368462,-83.213799,1.6124329393717431
27.45,0.055908,1.734619,-0.040771,26.107786,-97.122185,-63.949581,1.7359985754792542
27.46,0.100342,1.745361,-0.054688,71.853638,-89.042656,-41.15295,1.7490981432238157
27.47,0.122314,1.607422,-0.048828,121.475212,-84.57946,-17.158508,1.6128082261273344
27.48,0.116455,1.393555,-0.006348,162.147507,-83.70208,3.295898,1.398426831176376
27.49,0.111328,1.197754,0.038818,189.239487,-85.426323,16.647339,1.2035428555826335
27.5,0.10083,1.042725,0.066895,205.116257,-88.981621,25.787352,1.049722370700939
27.51,0.083496,0.925781,0.093506,211.357101,-93.177788,33.241272,0.9342298507396346
27.52,0.057373,0.838623,0.116699,208.930954,-93.383781,38.368225,0.8486453050945372
27.53,0.025635,0.783936,0.127686,202.041611,-87.821953,42.976376,0.7946801368582205
27.54,0.01416,0.769531,0.118408,192.375168,-77.003479,47.416683,0.7787161999245938
27.55,0.025391,0.810303,0.097656,177.787766,-64.064026,48.995968,0.8165612953269338
27.56,0.062256,0.881592,0.046387,155.258179,-54.870602,47.218319,0.8850039648323617
27.57,0.11084,1.080322,-0.018555,138.48114,-49.102779,46.928402,1.0861516548387706
27.58,0.135254,1.262695,-0.047852,141.525269,-46.501156,53.947445,1.2708194684710334
27.59,0.160156,1.343018,-0.01709,153.97644,-47.790524,59.226986,1.3526416231803604
27.6,0.177734,1.385986,0.006836,160.507202,-50.544735,59.165951,1.3973522454442187
27.61,0.199463,1.420898,0.001221,156.356812,-54.832455,56.388851,1.434830340358748
27.62,0.21875,1.436035,0.030518,147.399902,-60.287472,52.894588,1.452920999933926
27.63,0.233398,1.462158,0.085693,135.696411,-64.834595,49.507137,1.4831466325407614
27.64,0.223389,1.477051,0.127197,124.557487,-68.107605,47.966,1.4992536072096008
27.65,0.192627,1.47998,0.189697,115.982048,-68.229675,49.560543,1.504470309889165
27.66,0.146973,1.491455,0.234131,107.757561,-63.949581,52.8717,1.5168574108712394
27.67,0.110596,1.5,0.264893,100.58593,-55.419918,58.807369,1.5272196229308346
27.68,0.092773,1.490967,0.283936,97.000114,-44.05212,67.001343,1.5205949745787009
27.69,0.090088,1.454102,0.285645,96.763603,-33.042908,77.384949,1.4846284182154805
27.7,0.090088,1.395508,0.288818,97.915642,-25.070189,89.408867,1.4279265607628424
27.71,0.075439,1.325439,0.295654,99.189751,-20.39337,101.058952,1.3601069344569934
27.72,0.056885,1.261719,0.295898,99.769585,-18.112183,112.030022,1.2971994313096196
27.73,0.046875,1.204834,0.294189,100.20446,-17.189026,122.146599,1.2411161915396962
27.74,0.044189,1.148926,0.29541,100.173943,-16.76178,130.882263,1.187118650050196
27.75,0.044189,1.097168,0.296387,98.884575,-17.036438,137.825012,1.1373546244307444
27.76,0.047363,1.062744,0.294922,96.504204,-17.875671,143.440247,1.1039234798612627
27.77,0.056641,1.045654,0.28833,92.582695,-19.271851,148.048401,1.0861559185941032
27.78,0.062988,1.05127,0.273438,87.692253,-21.003721,151.603699,1.0880737295275535
27.79,0.067627,1.063232,0.259521,83.862297,-23.330687,154.220581,1.0965340151559366
27.8,0.068604,1.0625,0.253906,81.42852,-26.367186,155.715942,1.0945688720459759
27.81,0.073486,1.060547,0.257568,78.674316,-30.021666,156.402588,1.0938470670203397
27.82,0.07373,1.070313,0.252441,74.554443,-33.889771,156.539917,1.102149032277396
27.83,0.068359,1.077393,0.247559,69.549561,-38.063049,155.235291,1.107580285040773
27.84,0.062256,1.071289,0.243896,65.048218,-42.129513,152.229309,1.1004640793197205
27.85,0.055664,1.049561,0.23877,60.791012,-46.31805,147.766113,1.0778162582356048
27.86,0.049072,1.017578,0.221191,56.411739,-50.399776,142.021179,1.0424962857243185
27.87,0.042236,0.98291,0.207275,51.261898,-54.351803,135.772705,1.0054147768065675
27.88,0.03125,0.949707,0.20166,44.914242,-58.029171,130.157471,0.9713839117202837
27.89,0.024658,0.929688,0.20166,36.575317,-61.225887,124.511711,0.9516273167096455
27.9,0.020508,0.919922,0.198975,26.794432,-63.644405,118.576042,0.9414181402400317
27.91,0.013184,0.92334,0.187256,16.76178,-65.0177,112.396233,0.9422289440427948
27.92,0.004395,0.929932,0.169922,7.850646,-65.689087,106.048576,0.9453392654137455
27.93,0.0,0.937012,0.159668,0.038147,-66.15448,99.060051,0.950518468188809
27.94,0.001953,0.942139,0.145996,-7.194519,-67.008972,91.873161,0.9533858303677477
27.95,0.005615,0.951416,0.129883,-13.908385,-68.42804,85.372917,0.9602570108934378
27.96,-0.007568,0.966064,0.112793,-20.713804,-69.961548,79.544067,0.9726557394931672
27.97,-0.026367,0.977539,0.106934,-27.389524,-71.098328,73.745728,0.9837238411088756
27.98,-0.044922,0.988037,0.12207,-34.14917,-70.785522,67.771912,0.9965621828832358
27.99,-0.073242,1.018066,0.149414,-42.480465,-68.084717,61.44714,1.0315751617385909
28.0,-0.104736,1.074219,0.184814,-52.955624,-62.774654,54.672237,1.095021599902486
28.01,-0.121338,1.140869,0.218018,-63.941952,-54.237362,47.187801,1.1678342492532918
28.02,-0.135254,1.203857,0.229004,-72.174072,-42.648312,38.581848,1.232886107059772
28.03,-0.145508,1.220947,0.211426,-76.690674,-28.686522,28.793333,1.247631799991087
28.04,-0.138184,1.193359,0.186035,-80.474846,-13.908385,17.555237,1.2156518999952248
28.05,-0.123047,1.136475,0.147949,-87.10479,1.235962,5.187988,1.1526512466635344
28.06,-0.097168,1.070557,0.080811,-96.275322,15.037536,-5.546569,1.0779908757471002
28.07,-0.071533,1.004883,0.000488,-104.782097,26.81732,-14.656066,1.0074259535678045
28.08,-0.045654,0.94043,-0.064453,-112.907402,35.499573,-23.742674,0.9437409929768866
28.09,-0.029541,0.893555,-0.126953,-122.360222,40.794369,-32.417297,0.9030117789458785
28.1,-0.040039,0.867432,-0.188965,-133.842468,43.075558,-40.939327,0.8886783261506943
28.11,-0.049561,0.863037,-0.239014,-146.629333,41.900631,-48.225399,0.8968928856257029
28.12,-0.064453,0.879395,-0.316162,-158.309937,38.902283,-53.222652,0.9367220321301298
28.13,-0.095459,0.918701,-0.381104,-166.686996,34.118652,-56.571957,0.999181768697768
28.14,-0.113037,0.956543,-0.401123,-175.97197,28.472898,-58.517452,1.0433846535899405
28.15,-0.117188,1.00293,-0.389893,-185.302719,26.473997,-59.089657,1.0824131206212348
28.16,-0.140869,1.04541,-0.377197,-191.46727,29.373167,-57.983395,1.120269485467671
28.17,-0.173096,1.102539,-0.368896,-193.458542,36.270142,-56.320187,1.1754312955477235
28.18,-0.193115,1.174805,-0.350098,-186.973557,44.578548,-54.153439,1.2409789687395996
28.19,-0.197021,1.247559,-0.325684,-177.368149,49.697872,-54.306026,1.304335386615728
28.2,-0.18457,1.337158,-0.314209,-172.912582,49.858089,-57.197567,1.3859238426208709
28.21,-0.18042,1.446045,-0.338623,-168.754562,45.158382,-62.545773,1.496082569430578
28.22,-0.193604,1.583008,-0.387939,-157.791138,37.445068,-69.015503,1.6413084733227326
28.23,-0.219971,1.700195,-0.421631,-133.987427,30.189512,-72.502136,1.7654526272395414
28.24,-0.256836,1.743652,-0.404297,-100.936882,26.43585,-71.754456,1.8082430954407096
28.25,-0.317627,1.729736,-0.425293,-71.678162,31.318663,-60.668941,1.8093500702390346
28.26,-0.501709,1.674316,-0.352051,-44.151302,61.080929,-42.900082,1.7829710864559751
28.27,-0.274658,1.61499,-0.319336,-19.592285,113.746635,-10.940551,1.6690132407982865
28.28,-0.080811,1.54248,-0.492188,12.626647,193.893417,41.137691,1.6211181312492315
28.29,-0.076172,1.448486,-0.501221,46.943661,249.992355,67.337036,1.5346453520670502
28.3,-0.021484,1.335938,-0.320557,67.260742,249.992355,62.164303,1.3740264525652337
28.31,0.101318,1.241943,-0.157227,68.03894,248.908981,38.124084,1.2559490761579468
28.32,0.247803,1.22168,-0.096924,58.609005,249.992355,10.108947,1.2503210031767842
28.33,0.39624,1.202881,-0.141602,63.056942,249.992355,-7.263183,1.2743547246214455
28.34,0.475098,1.157959,-0.163086,79.650879,248.619064,-10.765075,1.2622140066886438
28.35,0.358154,1.110352,-0.157715,96.290581,217.826828,-10.414123,1.1772976993288486
28.36,0.242432,1.050537,-0.047852,105.88073,163.162216,-17.364502,1.0792085418940123
28.37,0.211182,1.009766,0.017578,105.926506,114.349358,-27.633665,1.031762665521485
28.38,0.201172,1.016113,0.03833,101.409904,72.273254,-36.270142,1.0365447367349854
28.39,0.178711,1.02124,0.062744,101.432793,35.301208,-42.625423,1.0386556545154895
28.4,0.150391,0.997559,0.095215,106.346123,8.331299,-48.477169,1.0133150090603613
28.41,0.143799,0.956299,0.149902,110.549919,-9.895325,-52.680965,0.978599274169974
28.42,0.153809,0.908936,0.184814,111.343376,-23.475645,-57.197567,0.9402010823079284
28.43,0.17627,0.862305,0.189453,109.016411,-37.254333,-64.544678,0.9002963207377891
28.44,0.172119,0.858398,0.180664,104.209892,-51.132198,-74.34845,0.8939303985551671
28.45,0.148682,0.859131,0.173584,101.554863,-64.781189,-84.365837,0.8890128330575436
28.46,0.146973,0.8396,0.173584,101.295464,-78.994751,-95.527641,0.8698624188830093
28.47,0.154297,0.813965,0.166992,100.875847,-93.109123,-105.712883,0.8451230167839473
28.48,0.156494,0.794189,0.149658,97.18322,-104.576103,-113.235466,0.8231792372995083
28.49,0.152832,0.781982,0.122803,89.447014,-110.183708,-119.285576,0.8061848704590033
28.5,0.140381,0.777588,0.099609,79.391479,-104.965202,-123.657219,0.7964118757188392
28.51,0.137939,0.791504,0.09375,67.886353,-89.027397,-126.327507,0.8088849190317495
28.52,0.137451,0.825928,0.085449,54.336544,-66.047668,-126.815788,0.8416361269491703
28.53,0.156494,0.877686,0.073486,38.909912,-38.17749,-126.083366,0.8945519989514304
28.54,0.209717,0.961426,0.04126,23.170469,-14.701842,-125.427238,0.9848977414762408
28.55,0.249512,1.045166,0.018799,9.841919,1.487732,-122.703545,1.0747007062903606
28.56,0.255859,1.116455,0.027832,-0.213623,12.855529,-116.172783,1.145735665470007
28.57,0.248779,1.192383,0.063721,-9.262085,20.957945,-108.215324,1.219724794931627
28.58,0.232422,1.291016,0.129395,-19.866943,29.144285,-101.058952,1.3181370810219246
28.59,0.205078,1.426758,0.185791,-33.195496,37.696838,-93.597404,1.45334568232372
28.6,0.229492,1.605469,0.203613,-45.913692,45.501705,-84.533684,1.6345199728954065
28.61,0.320557,1.751709,0.192871,-51.200863,54.145809,-70.518494,1.7912120012915835
28.62,0.417969,1.820313,0.162598,-48.576351,65.605164,-49.98016,1.8747468129147467
28.63,0.476563,1.766113,0.129395,-39.756775,76.545715,-24.581907,1.8338512719855447
28.64,0.497803,1.589111,0.100586,-29.663084,83.389275,0.694275,1.668292282702884
28.65,0.465576,1.37793,0.074707,-21.232603,89.424126,25.505064,1.4563767481407413
28.66,0.420898,1.171631,0.072021,-10.597228,96.984856,49.133297,1.2470209906036065
28.67,0.397705,0.966064,0.081787,1.243591,104.454033,71.372986,1.0479208140360605
28.68,0.393311,0.762695,0.114502,9.796143,108.612053,88.920586,0.8657412510386692
28.69,0.395996,0.615479,0.155518,8.781433,105.911247,102.149956,0.7482065756066302
28.7,0.388184,0.537842,0.17749,-1.770019,94.734184,115.493767,0.6866320229351381
28.71,0.386475,0.520752,0.188232,-17.150879,75.080872,127.990715,0.6752605844805397
28.72,0.423828,0.559814,0.192871,-35.209656,49.491879,138.313293,0.7281628326281149
28.73,0.467529,0.658447,0.134766,-54.344173,22.514341,148.262024,0.8187171015717211
28.74,0.469482,0.807617,0.051025,-71.083069,-7.217407,155.532837,0.9355544439731982
28.75,0.488037,0.969971,0.0625,-82.504265,-44.273373,158.462524,1.0876259026935686
28.76,0.495117,1.09082,0.164063,-87.142937,-84.938042,161.163315,1.2091095004415437
28.77,0.458984,1.174561,0.228271,-87.417595,-125.129692,163.230881,1.2815488693054198
28.78,0.414063,1.250488,0.213623,-83.900444,-163.711533,160.270691,1.3344673814829646
28.79,0.418213,1.355225,0.118408,-76.255798,-198.77623,153.244019,1.423220772915432
28.8,0.387207,1.47876,0.026367,-66.886902,-227.401718,149.765015,1.5288412661679434
28.81,0.37915,1.56665,0.017334,-59.631344,-249.336227,147.972107,1.6119700408369877
28.82,0.470947,1.645264,0.019287,-55.923458,-249.992355,147.003174,1.7114487123118824
28.83,0.524902,1.69043,0.055908,-50.506588,-249.694809,147.148132,1.7709323530186014
28.84,0.484131,1.669678,0.114746,-39.390564,-249.946579,145.500183,1.7422325026703527
28.85,0.41626,1.61084,0.142578,-22.15576,-249.992355,143.089294,1.6698522028263458
28.86,0.369873,1.527832,0.132813,-3.250122,-244.598373,143.783569,1.577566464312043
28.87,0.359375,1.45752,0.056885,12.504577,-207.809433,151.283264,1.5022485960219765
28.88,0.385498,1.426025,-0.060303,23.887632,-156.227112,165.397629,1.4784425793509874
28.89,0.387451,1.420654,-0.116699,29.701231,-105.545036,184.013351,1.4771576495817906
28.9,0.373779,1.425781,-0.110596,30.235289,-57.395931,204.734787,1.4781047581338747
28.91,0.442383,1.439453,-0.113037,30.166624,-15.960692,226.013168,1.5101341070471193
28.92,0.559082,1.449463,-0.118896,33.546448,14.86206,246.505722,1.5580924009534862
28.93,0.630615,1.416504,-0.143066,40.382381,36.857605,249.992355,1.5571212992560985
28.94,0.668457,1.353516,-0.186279,46.783443,53.733822,249.855026,1.5210326061416304
28.95,0.702637,1.291016,-0.221436,49.407955,69.572449,249.885544,1.4864235493697613
28.96,0.779541,1.257568,-0.249756,47.943111,85.71624,249.992355,1.5005130805297902
28.97,0.878174,1.244385,-0.258789,41.992184,101.890556,249.992355,1.544880367220064
28.98,0.917725,1.220947,-0.241943,32.089233,117.21801,249.992355,1.5464369265130087
28.99,0.91333,1.155762,-0.199707,20.439146,125.877373,249.992355,1.4865531861971841
29.0,0.911377,1.085205,-0.186279,8.995056,126.502983,249.992355,1.4293277419804737
29.01,1.001709,1.049805,-0.284912,2.204895,120.437614,249.992355,1.4787448415632767
29.02,1.162598,1.0271,-0.363281,0.862122,114.021294,249.992355,1.5932801400146177
29.03,1.144287,0.982666,-0.281494,-4.211426,113.029472,249.992355,1.5343611302301032
29.04,1.031738,0.907471,-0.146484,-11.390685,109.168999,249.992355,1.3818265009548052
29.05,0.984375,0.851563,-0.039307,-22.636412,97.648613,249.992355,1.3021899722555845
29.06,1.082764,0.846436,0.050293,-37.757874,79.833984,249.992355,1.375267671270215
29.07,1.380127,0.906982,0.110107,-52.429195,60.760494,249.992355,1.6551406091030454
29.08,1.538818,1.033936,0.133057,-65.02533,63.545223,249.992355,1.8586792769246123
29.09,1.401855,1.157715,0.124023,-78.987122,94.009392,249.992355,1.822329050083711
29.1,1.220215,1.173584,0.120117,-87.966911,130.332947,249.992355,1.6972484040263522
29.11,1.252441,1.051514,0.182373,-84.20562,148.071289,249.992355,1.6454634793291523
29.12,1.544922,0.872559,0.280518,-66.612244,131.309509,249.992355,1.796338927621678
29.13,1.775879,0.715576,0.339355,-50.827023,93.460075,249.992355,1.9444683207607163
29.14,1.88501,0.619873,0.399658,-48.545834,49.934383,249.992355,2.024161987883628
29.15,1.837646,0.587646,0.579346,-60.401913,14.427184,249.992355,2.01442607964353
29.16,1.631836,0.574951,0.706543,-73.265076,-8.384705,249.992355,1.8688660717520664
29.17,1.500244,0.561035,0.61084,-75.958252,-31.249998,249.992355,1.7142397254646153
29.18,1.366943,0.500732,0.442139,-66.795349,-58.197018,249.992355,1.5214311014285202
29.19,1.328857,0.409424,0.372559,-53.604122,-94.093315,249.992355,1.439544770650083
29.2,1.410645,0.280762,0.420166,-38.658142,-131.027222,249.992355,1.4984278708783416
29.21,1.393066,0.132568,0.515137,-31.578062,-152.900696,249.992355,1.4911650759553752
29.22,1.229004,0.037354,0.472168,-36.262512,-162.460312,249.992355,1.317113804329755
29.23,1.018555,0.002686,0.344238,-47.721859,-171.279892,249.992355,1.075156408744793
29.24,0.879883,0.002197,0.268066,-61.515804,-186.30217,249.992355,0.9198142751958137
29.25,0.737061,-0.003662,0.208252,-75.019836,-202.484116,249.992355,0.7659250769291994
29.26,0.579346,-0.025879,0.177002,-84.136955,-217.613205,249.992355,0.6063342464029225
29.27,0.469482,-0.079102,0.196777,-85.84594,-230.865463,249.992355,0.5151617827993455
29.28,0.39209,-0.133545,0.306885,-81.596367,-228.172287,249.992355,0.515506778180462
29.29,0.245605,-0.193115,0.412109,-75.378418,-203.399643,249.992355,0.5171547612958813
29.3,0.003662,-0.247314,0.416504,-76.828003,-169.197067,249.992355,0.48441016386529295
29.31,-0.169922,-0.315918,0.366943,-92.39196,-139.450073,249.992355,0.5131518625679926
29.32,-0.270508,-0.391602,0.304199,-117.736809,-110.656731,249.992355,0.5648572705285823
29.33,-0.303467,-0.455566,0.268799,-137.908936,-86.311333,249.992355,0.609824157315861
29.34,-0.263916,-0.477783,0.213135,-148.880005,-68.283081,249.992355,0.585964826905165
29.35,-0.258789,-0.425049,0.04126,-156.188965,-40.702816,249.992355,0.49934035138570565
29.36,-0.308838,-0.452148,0.128662,-152.397156,-5.699157,249.992355,0.5624701186658718
29.37,-0.380859,-0.504395,0.254639,-150.489807,30.136106,249.992355,0.6814021677592463
29.38,-0.347412,-0.487061,0.204834,-164.489731,53.146358,249.992355,0.6323610385064848
29.39,-0.275391,-0.434814,0.076416,-181.831345,61.622616,249.336227,0.5203295326358095
29.4,-0.292236,-0.414063,0.035889,-188.873276,56.961056,234.931931,0.5080728963308316
29.41,-0.396729,-0.438721,0.049805,-189.498886,37.734985,212.234482,0.5935912341898253
29.42,-0.612305,-0.514404,0.054688,-192.626938,7.766723,189.887985,0.8015732440550895
29.43,-0.850586,-0.54541,-0.052979,-209.259018,-40.962215,149.009705,1.011817862036938
29.44,-1.08374,-0.376709,-0.371094,-230.972275,-107.620232,96.17614,1.2058660021399557
29.45,-0.814941,-0.090576,-0.62207,-230.522141,-179.61882,60.890194,1.029224917186229
29.46,-0.378662,0.104248,-0.676514,-193.98497,-245.872482,43.54858,0.7822555515584405
29.47,-0.656494,0.113525,-0.733887,-134.910583,-249.992355,13.809203,0.9911924265398722
29.48,-1.502197,-0.00293,-0.758789,-89.515678,-249.137863,-43.754574,1.6829632076281407
29.49,-1.990234,-0.114014,-0.895508,-69.297791,-249.786362,-112.632744,2.1853981662424813
29.5,-1.978027,-0.236572,-0.784424,-49.453732,-249.992355,-157.180786,2.1409993310809323
29.51,-2.125732,-0.424561,-0.444824,-29.403685,-249.992355,-172.325119,2.2128843100173583
29.52,-2.32959,-0.559326,-0.101563,-20.408628,-249.992355,-187.751755,2.3979470772610894
29.53,-2.398926,-0.55249,0.12207,-26.44348,-249.992355,-211.868271,2.4647499342683834
29.54,-2.298584,-0.482666,0.266602,-30.34973,-249.992355,-237.281784,2.3637959935273605
29.55,-2.046143,-0.411377,0.342529,-22.880552,-249.992355,-249.992355,2.1150078790441893
29.56,-1.786621,-0.367676,0.295654,-27.549742,-249.992355,-249.992355,1.8478667501562445
29.57,-1.615479,-0.326416,0.272217,-44.441219,-249.992355,-249.702438,1.6704555964125476
29.58,-1.356445,-0.251953,0.24585,-58.601376,-249.992355,-249.992355,1.4013798823780794
29.59,-1.068604,-0.203613,0.092773,-72.692871,-249.992355,-249.992355,1.0917781789878382
29.6,-0.907715,-0.197266,-0.054443,-92.658989,-249.992355,-249.992355,0.9304968759915319
29.61,-0.793945,-0.168701,-0.093018,-117.279045,-249.992355,-249.992355,0.8169828876726856
29.62,-0.622314,-0.161133,-0.150146,-139.144897,-231.986984,-241.203293,0.6601381519053418
29.63,-0.532959,-0.199951,-0.306885,-159.111023,-160.758957,-209.86174,0.6466870195906208
29.64,-0.582275,-0.237305,-0.45874,-186.691269,-48.065182,-165.786728,0.7783316942345339
29.65,-0.747314,-0.225098,-0.5896,-228.500351,100.555412,-114.921562,0.978149009200541
29.66,-0.869873,-0.18335,-0.717773,-249.992355,241.706833,-78.643799,1.1425823113272846
29.67,-0.845703,-0.098145,-0.73999,-249.992355,249.992355,-58.769222,1.128020924156108
29.68,-0.413086,0.017334,-0.381104,-248.619064,248.138412,-63.980099,0.5622995374068878
29.69,-0.179932,0.105469,0.137207,-204.69664,249.54985,-86.502068,0.2496497455115867
29.7,0.00415,0.225342,0.762451,-46.760555,249.992355,-80.741875,0.7950646306213099
29.71,0.311035,0.399658,1.173828,139.23645,249.977097,-43.731686,1.27841365049541
29.72,1.126709,0.413574,1.382813,240.661606,249.984726,-31.654356,1.8310347940784741
29.73,1.507568,0.078369,1.082764,249.992355,249.992355,22.056578,1.857762324540198
29.74,0.840088,-0.394043,1.138916,249.137863,249.992355,84.396355,1.469063439286745
29.75,1.493408,-0.862793,1.738037,249.641403,249.992355,123.535149,2.4485611751969767
29.76,2.062988,-1.396973,1.058594,242.698654,249.992355,130.821228,2.7070416154372285
29.77,1.547852,-1.75708,0.545898,134.57489,127.387993,153.396606,2.404408569005692
29.78,1.081787,-1.380615,0.76001,-44.448849,-123.176567,220.390305,1.9115376249747216
29.79,0.509033,-0.800781,0.960205,-188.301071,-231.727585,249.992355,1.3499475719727045
29.8,0.0896,-0.399658,0.819824,-249.992355,-249.992355,248.367294,0.916442070149554
29.81,-0.041748,-0.181152,0.608887,-239.98259,-249.992355,210.578903,0.6366335848641665
29.82,-0.003662,-0.13501,0.424561,-178.398117,-249.603256,166.435226,0.44552570415745935
29.83,0.053955,-0.280762,0.32373,-107.704155,-249.992355,167.755112,0.4319022523314737
29.84,-0.047607,-0.559082,0.308838,-67.520142,-244.178757,202.842697,0.6404842070004536
29.85,-0.226318,-0.834473,0.336914,-76.026917,-216.995224,230.049118,0.9279418452947361
29.86,-0.341553,-0.961426,0.328613,-117.820732,-179.084763,235.153183,1.0719071363947532
29.87,-0.338379,-0.925781,0.241455,-161.60582,-142.776489,229.675278,1.0148257607229922
29.88,-0.333008,-0.855957,0.121338,-185.905441,-114.082329,231.834396,0.9264338207109021
29.89,-0.362793,-0.818359,0.025146,-193.084702,-98.091118,240.653976,0.8955236094297011
29.9,-0.332275,-0.696045,-0.012451,-197.463974,-93.521111,249.992355,0.771388582396058
29.91,-0.32251,-0.566895,0.000244,-208.587631,-92.414848,249.992355,0.6522136924819963
29.92,-0.432617,-0.550049,0.074951,-225.395187,-86.189262,249.839767,0.7037961519438707
29.93,-0.645264,-0.550293,0.157471,-246.582016,-70.350647,249.984726,0.8625457271275534
29.94,-0.960693,-0.645264,0.107422,-249.992355,-56.648251,249.992355,1.1622547724268548
29.95,-1.331787,-0.769775,-0.230713,-249.793991,-21.942137,249.992355,1.5554544841823563
29.96,-1.435547,-0.645752,-0.403076,-249.877914,12.46643,242.538437,1.6248880258310108
29.97,-1.224121,-0.365479,-0.431152,-249.992355,24.345396,191.047653,1.3483097452684973
29.98,-1.027588,-0.148193,-0.324219,-247.16185,26.100157,161.750778,1.0876654922144031
29.99,-0.90332,-0.0271,-0.168945,-232.093796,23.750303,164.955124,0.9193823173332191
30.0,-0.951416,0.017334,-0.065918,-230.583176,27.580259,174.270615,0.953854315572352
30.01,-1.036377,0.054688,-0.040039,-241.950974,34.248352,181.114182,1.0385909613481143
30.02,-1.094971,0.137207,-0.19165,-247.78746,44.662472,183.105453,1.1200522194031848
30.03,-1.091064,0.22583,-0.370117,-241.271957,60.981747,177.284225,1.174055550084833
30.04,-1.086182,0.304443,-0.470215,-225.448593,86.486809,167.541489,1.2221207074581464
30.05,-1.167969,0.359375,-0.576416,-204.94841,114.936821,158.828735,1.351131888692588
30.06,-1.230713,0.363281,-0.706543,-185.440048,134.239197,149.345398,1.4648653809067234
30.07,-1.210205,0.33667,-0.871826,-178.878769,142.51709,143.600464,1.5290596473653342
30.08,-1.103027,0.340576,-0.96167,-189.277634,144.584656,141.693115,1.5024878579892085
30.09,-1.004639,0.405273,-0.958252,-205.253586,137.680054,137.184143,1.446303087307083
30.1,-0.957764,0.531494,-1.043457,-222.5952,119.338982,124.954216,1.512812038087019
30.11,-0.904785,0.694824,-1.146729,-226.203903,89.363091,110.397331,1.6175301192379696
30.12,-0.895752,0.793945,-1.20874,-207.328781,50.537106,98.297112,1.7011092546127071
30.13,-1.001221,0.782715,-1.224609,-176.948532,19.40918,89.668266,1.7648664156096914
30.14,-1.097168,0.722168,-1.19751,-125.770561,2.052307,76.530457,1.7774516703831922
30.15,-1.105225,0.64209,-1.084473,-76.48468,2.319336,46.180721,1.676270728866313
30.16,-1.03833,0.584717,-0.919189,-76.538086,18.829346,19.454956,1.5049689620420748
30.17,-0.954346,0.656982,-0.981201,-106.193535,34.179688,12.001037,1.5182743620442913
30.18,-0.901123,0.766846,-0.94751,-97.190849,32.623291,7.942199,1.5158663031233988
30.19,-0.909424,0.724854,-0.774902,-59.707638,21.728514,2.876281,1.397475739573321
30.2,-0.882324,0.541992,-0.656494,-21.293638,6.79779,-5.172729,1.2260649824034613
30.21,-0.803955,0.35791,-0.556152,0.282288,-2.624511,-15.930175,1.0410323036433595
30.22,-0.758789,0.263428,-0.501709,2.044678,-11.58142,-24.414061,0.9470306111134951
30.23,-0.743896,0.229248,-0.459473,-1.121521,-24.070738,-36.178589,0.9039089235365475
30.24,-0.726074,0.212158,-0.42627,-0.823975,-35.934448,-48.324581,0.8682744861735833
30.25,-0.716797,0.198242,-0.425049,0.541687,-45.806881,-53.115841,0.8566005382755723
30.26,-0.768066,0.201172,-0.440918,-1.037598,-53.63464,-52.085873,0.9081873356659407
30.27,-0.87085,0.23877,-0.480225,-6.149292,-58.074947,-48.362728,1.0227447804926701
30.28,-0.950928,0.311523,-0.530518,-11.062621,-51.734921,-43.30444,1.1325899474377301
30.29,-0.946045,0.375,-0.596436,-9.056091,-36.384583,-37.132263,1.1795601061925585
30.3,-0.897705,0.373779,-0.650391,0.717163,-18.028259,-29.624937,1.1698689929846846
30.31,-0.875244,0.314941,-0.658203,13.47351,0.465393,-23.04077,1.139504753051079
30.32,-0.837158,0.225098,-0.657471,23.254393,14.73236,-19.744873,1.0880122896406088
30.33,-0.791992,0.141602,-0.655762,26.962278,26.05438,-18.478394,1.0379432812596265
30.34,-0.734375,0.087646,-0.64917,24.810789,24.360655,-18.508911,0.984078325562046
30.35,-0.730469,0.038086,-0.674561,17.837524,5.371093,-24.459837,0.9950216309598501
30.36,-0.769287,0.023438,-0.599365,5.821228,-24.719236,-37.635803,0.9754948648957615
30.37,-0.769287,0.05835,-0.516602,-7.453918,-49.835201,-53.138729,0.9284852380479724
30.38,-0.790771,0.104248,-0.565186,-18.577576,-54.38995,-60.173031,0.9775590184438994
30.39,-0.874023,0.152588,-0.678223,-28.96118,-43.54858,-58.868404,1.116774704227312
30.4,-0.928467,0.205322,-0.739258,-39.718628,-41.740414,-60.760494,1.204454434313312
30.41,-0.955322,0.2771,-0.746826,-47.744747,-50.781246,-67.359924,1.2438543355071767
30.42,-0.983154,0.357422,-0.797119,-47.241207,-60.783382,-72.044373,1.315196173185202
30.43,-0.998535,0.426025,-0.990967,-36.346436,-66.650391,-68.099976,1.4698928675039553
30.44,-1.133789,0.45874,-1.072021,-28.427122,-52.322384,-49.270626,1.626391376195164
30.45,-1.190674,0.407715,-0.913086,-28.503416,-40.161129,-25.756834,1.5548833200266186
30.46,-1.174805,0.314453,-0.896973,-17.807007,-24.475096,-28.686522,1.5111611561852032
30.47,-1.088623,0.220459,-0.9104,-4.394531,-8.31604,-42.182919,1.4361512339617997
30.48,-0.975342,0.122559,-0.807861,-1.251221,9.506226,-41.633602,1.272380493706973
30.49,-0.887695,0.02002,-0.703125,-0.930786,27.000425,-34.721375,1.1326023040105473
30.5,-0.841797,-0.072998,-0.647949,1.441955,40.870663,-31.082151,1.064795193365372
30.51,-0.767822,-0.122803,-0.568359,-0.946045,48.866268,-31.60858,0.9631527154994685
30.52,-0.67627,-0.125488,-0.508057,-7.858276,49.774166,-41.15295,0.8551083359978431
30.53,-0.593994,-0.112549,-0.501709,-15.281676,37.30011,-62.339779,0.7856259097802211
30.54,-0.618652,-0.085693,-0.556152,-32.928467,21.163939,-72.502136,0.8362886071548505
30.55,-0.734863,0.024414,-0.642578,-61.424252,19.088745,-66.65802,0.9764866400770673
30.56,-0.787109,0.170898,-0.674316,-84.32769,29.136656,-60.737606,1.0504516990994874
30.57,-0.768066,0.252686,-0.62085,-90.461723,39.459229,-60.485836,1.0194264649556632
30.58,-0.709229,0.262939,-0.564941,-81.916801,38.208008,-63.438412,0.9440874036036071
30.59,-0.665771,0.214111,-0.564453,-67.024231,23.094175,-69.839478,0.8987222785549493
30.6,-0.659424,0.147461,-0.605225,-55.183407,-4.348755,-79.51355,0.9071284688080294
30.61,-0.668945,0.124268,-0.661377,-53.581234,-30.662535,-87.7304,0.9488674749289281
30.62,-0.767578,0.125488,-0.679199,-59.013363,-39.009094,-95.382683,1.0325863188271478
30.63,-0.783447,0.131348,-0.625244,-64.682007,-42.488094,-105.598442,1.010926089508526
30.64,-0.741211,0.13501,-0.601563,-68.901062,-49.041744,-110.069267,0.9641055386159753
30.65,-0.794434,0.125244,-0.614502,-75.340271,-52.49786,-109.832756,1.0121384035278969
30.66,-0.86499,0.125488,-0.581787,-85.739128,-51.36108,-110.618584,1.0499671669214234
30.67,-0.838135,0.142578,-0.535156,-92.224113,-44.151302,-106.414787,1.0045848439255889
30.68,-0.720703,0.138184,-0.516602,-89.210503,-40.100098,-94.66552,0.8974325927160212
30.69,-0.679199,0.104736,-0.509277,-84.907524,-46.646114,-87.394707,0.8553618965245062
30.7,-0.750732,0.062988,-0.521729,-85.746758,-68.725586,-95.581047,0.91638811286976
30.71,-0.820068,0.050049,-0.572021,-91.438286,-103.408806,-113.876335,1.0011116078969418
30.72,-0.918457,0.054199,-0.579346,-107.76519,-122.901909,-120.49102,1.0872638043115388
30.73,-0.981934,0.087891,-0.480713,-132.537842,-129.524231,-112.014763,1.0968154797439722
30.74,-1.001465,0.135986,-0.430908,-142.89856,-138.35144,-108.718864,1.0986837774742102
30.75,-0.860596,0.187988,-0.422363,-136.161804,-160.40802,-112.571709,0.9769111869197732
30.76,-0.755127,0.223389,-0.353271,-128.265381,-176.818832,-107.093803,0.8630873831142475
30.77,-0.83252,0.221191,-0.233398,-122.26104,-187.370285,-98.487846,0.8924626800516647
30.78,-1.050049,0.175049,-0.126953,-122.146599,-183.02153,-92.048637,1.0720830746779841
30.79,-1.208496,0.12915,-0.061523,-124.694817,-158.660889,-81.588737,1.2169335988643752
30.8,-1.196777,0.117676,-0.115479,-126.327507,-120.605461,-64.788818,1.2080803897696544
30.81,-1.158203,0.141113,-0.173828,-125.892632,-75.141907,-47.08099,1.1796453880560889
30.82,-1.225098,0.170654,-0.19165,-120.002739,-40.130615,-33.7677,1.251685911009627
30.83,-1.261719,0.184814,-0.213135,-111.808769,-24.192808,-33.355713,1.2928718334707427
30.84,-1.090332,0.211426,-0.24585,-106.536858,-12.145995,-46.058651,1.1375267232904904
30.85,-0.90625,0.266846,-0.284424,-106.018059,14.381408,-55.511471,0.9866067413067884
30.86,-0.838379,0.305664,-0.304932,-106.819145,51.017757,-45.623775,0.9430235167592588
30.87,-0.952148,0.293945,-0.247314,-104.080193,90.026848,-5.424499,1.0267198700351523
30.88,-1.09375,0.239014,-0.161865,-103.004448,117.584221,40.054321,1.1312015881004587
30.89,-1.081787,0.168701,-0.212402,-106.964104,133.338928,60.928341,1.1152747421034872
30.9,-1.009521,0.121826,-0.317139,-109.848015,147.132874,53.909298,1.0651532138795807
30.91,-0.985596,0.105957,-0.328125,-113.533012,154.670715,30.876158,1.0441706645419608
30.92,-0.92041,0.131836,-0.214844,-120.536797,137.336731,8.522034,0.954302490477731
30.93,-0.735352,0.18335,-0.106201,-124.90081,82.68737,-2.853393,0.7652701737327805
30.94,-0.580811,0.256348,-0.123535,-118.919365,6.134033,1.800537,0.6467740030721705
30.95,-0.885254,0.29541,-0.335693,-111.724846,-58.54797,10.963439,0.9917819835351921
30.96,-1.45459,0.310547,-0.656494,-106.689445,-78.887939,2.151489,1.6258092998088676
30.97,-1.623535,0.410889,-0.590332,-95.649712,-51.406857,-12.96997,1.7757216946272858
30.98,-1.447021,0.52124,-0.5979,-75.080872,-16.220093,-19.241333,1.6501652408292327
30.99,-1.347168,0.571533,-0.718018,-54.725643,-2.02179,-24.711607,1.6300495203020673
31.0,-1.376465,0.5896,-0.748047,-31.944273,-5.935668,-28.396605,1.6738752553383422
31.01,-1.442139,0.54541,-0.686035,-3.02124,-1.792908,-28.320311,1.6875665867295429
31.02,-1.335938,0.440918,-0.624268,26.832579,12.779235,-25.772093,1.539106740415362
31.03,-1.179932,0.310791,-0.547852,56.045528,30.578611,-24.909971,1.337524722840292
31.04,-1.035645,0.152588,-0.452637,79.956055,33.317566,-28.45001,1.1404928397574445
31.05,-0.914795,0.001953,-0.347168,95.619194,17.547607,-42.968746,0.9784576262966117
31.06,-0.82251,-0.106445,-0.246826,100.067131,-7.705688,-62.515255,0.8653186190074728
31.07,-0.7229,-0.156494,-0.133057,85.693352,-38.078308,-66.574097,0.751517762454754
31.08,-0.632568,-0.147461,-0.048584,57.380672,-67.985535,-50.949093,0.6513427870184793
31.09,-0.657471,-0.096191,-0.029785,25.657652,-94.886772,-30.09033,0.6651375576127092
31.1,-0.777344,-0.050781,-0.135254,-4.684448,-124.893181,-17.234802,0.7906554551844944
31.11,-0.830811,-0.016602,-0.322998,-27.603148,-142.379761,-8.575439,0.8915437466153863
31.12,-0.981934,0.058105,-0.491943,-39.535522,-106.780998,6.233215,1.099808386324636
31.13,-1.311523,0.172363,-0.551514,-45.845028,-24.955748,13.450622,1.4331675671372137
31.14,-1.415527,0.233154,-0.430908,-50.384518,50.552364,-3.173828,1.497918282119889
31.15,-1.206299,0.218262,-0.183594,-45.57037,100.006096,-21.362303,1.239557314076683
31.16,-0.931152,0.184082,-0.018066,-27.137754,118.446342,-19.546509,0.9493453587520192
31.17,-0.716309,0.147461,-0.001709,-3.013611,98.81591,-10.932921,0.7313318334948917
31.18,-0.622559,0.094727,-0.0979,16.716003,44.158932,-9.399414,0.6372890419660454
31.19,-0.698242,0.043945,-0.214844,26.94702,-25.665281,-13.236999,0.731868156108052
31.2,-0.876465,0.021729,-0.266113,27.748106,-85.426323,-15.411376,0.9162309612946946
31.21,-1.037598,0.020508,-0.279785,23.612974,-115.264885,-10.536193,1.0748534011171011
31.22,-1.22168,0.033203,-0.407715,17.486572,-104.934685,1.106262,1.2883462200953595
31.23,-1.623291,0.065186,-0.602539,12.474059,-34.805298,9.429932,1.732736601967535
31.24,-1.706055,0.150879,-0.512695,18.096924,58.006283,3.868103,1.7878043233785403
31.25,-1.300293,0.270996,-0.400635,41.816708,130.706787,0.144958,1.3873388631080728
31.26,-0.911621,0.317871,-0.417236,77.789307,169.113144,15.73944,1.0517512538514038
31.27,-0.823486,0.202148,-0.445557,108.940117,182.884201,45.753475,0.9578695351398331
31.28,-0.786133,0.005371,-0.470215,114.349358,189.117416,66.200256,0.9160437148711845
31.29,-0.713135,-0.157471,-0.565674,92.407219,197.448715,59.42535,0.92376713426166
31.3,-0.768066,-0.243896,-0.645996,57.212826,203.910812,28.388975,1.0328220907726557
31.31,-0.898193,-0.233887,-0.619385,23.208616,194.938644,-8.18634,1.1158367139698353
31.32,-0.926514,-0.186523,-0.506592,-2.799988,165.092453,-33.782959,1.0723126765029871
31.33,-0.77002,-0.093994,-0.402832,-18.89801,121.215813,-42.640682,0.8740934118616843
31.34,-0.579346,-0.016602,-0.33374,-24.314878,80.322258,-27.44293,0.6688047560536632
31.35,-0.492188,-0.028076,-0.282227,-23.170469,47.279354,1.76239,0.568057539910351
31.36,-0.525146,-0.104248,-0.257324,-21.469114,18.028259,29.388426,0.594021554992746
31.37,-0.598633,-0.188232,-0.243164,-18.196106,-13.053893,38.246155,0.6729944170711968
31.38,-0.554932,-0.242676,-0.240234,-5.149841,-47.187801,19.729614,0.6515777316299262
31.39,-0.506104,-0.27417,-0.308838,12.680053,-78.323364,-4.310608,0.6532161648030459
31.4,-0.69873,-0.276855,-0.509521,11.726378,-97.618095,-15.86914,0.9080109874698654
31.41,-1.053467,-0.207275,-0.785889,-14.091491,-94.718925,-16.212463,1.3305552096906763
31.42,-1.293945,-0.038086,-0.863281,-43.472286,-57.312008,-8.201599,1.555955748529501
31.43,-1.293701,0.158203,-0.750732,-55.557247,3.387451,5.081176,1.5040907560496473
31.44,-1.112549,0.263672,-0.69751,-43.632504,52.787777,11.283874,1.3393313261045603
31.45,-0.958008,0.213135,-0.679688,-18.043518,65.2771,7.644653,1.19380971416428
31.46,-0.923828,0.064941,-0.633545,-2.601623,46.295162,1.296997,1.1220760999549007
31.47,-0.885742,-0.075439,-0.555664,-7.690429,14.533996,-2.319336,1.0483283904297356
31.48,-0.839844,-0.157959,-0.467285,-24.841307,-15.281676,-4.364014,0.9739837068668038
31.49,-0.90625,-0.178711,-0.4375,-40.191647,-44.136044,-12.21466,1.0220728614051937
31.5,-0.937012,-0.152588,-0.433105,-48.660275,-81.764214,-30.639647,1.0434819245741633
31.51,-0.963867,-0.113037,-0.437256,-54.161068,-119.407646,-45.616146,1.0644293149824464
31.52,-1.033936,-0.068604,-0.471436,-60.958858,-147.346497,-52.047726,1.1384120796126507
31.53,-1.084473,-0.011963,-0.489502,-72.898865,-163.635239,-59.509274,1.1898894944918206
31.54,-1.113037,0.036377,-0.425293,-86.692802,-174.240097,-73.71521,1.1920775081122033
31.55,-1.161377,0.077148,-0.391113,-93.40667,-188.384995,-87.440483,1.2278915786021176
31.56,-1.376221,0.131104,-0.480713,-88.851921,-185.653671,-85.281364,1.4636452739738544
31.57,-1.561035,0.163574,-0.518799,-78.964233,-157.295227,-61.798092,1.6530998539416788
31.58,-1.607666,0.162109,-0.628906,-63.20953,-105.36956,-36.521912,1.7338950522661398
31.59,-1.462158,0.124268,-0.637695,-40.283199,-56.144711,-27.236937,1.600001083066196
31.6,-1.247314,0.059814,-0.549316,-19.714355,-24.467466,-28.320311,1.3642279857296582
31.61,-1.111084,0.006104,-0.483643,-8.44574,-5.180358,-29.45709,1.2117984425311827
31.62,-1.01001,-0.033447,-0.473389,-4.486084,3.890991,-29.541014,1.1159462564254605
31.63,-0.958984,-0.088135,-0.443115,-3.486633,-0.595093,-28.022764,1.060079711015167
31.64,-0.901123,-0.152588,-0.410156,-3.90625,-20.797728,-28.892515,1.0017652934739754
31.65,-0.85083,-0.188965,-0.363281,-10.238647,-44.593807,-31.570433,0.9442417831710266
31.66,-0.829346,-0.19458,-0.351563,-24.017332,-61.06567,-32.714844,0.9215599313582379
31.67,-0.836914,-0.186523,-0.390381,-39.764404,-71.022034,-29.052732,0.9421322614612028
31.68,-0.813721,-0.148682,-0.413818,-53.176876,-78.437805,-25.024412,0.924928937859012
31.69,-0.725342,-0.094238,-0.364014,-62.782284,-78.88031,-17.738342,0.8170116338241458
31.7,-0.750732,-0.071533,-0.273682,-66.955566,-67.901611,-8.422852,0.8022576537727764
31.71,-0.875488,-0.067627,-0.238525,-68.54248,-62.393185,-11.878966,0.9099158339637794
31.72,-0.925537,-0.041992,-0.30249,-70.358276,-67.802429,-25.627134,0.9746190366153332
31.73,-0.927246,0.008545,-0.37793,-72.784424,-67.03186,-31.60858,1.0013437204282054
31.74,-0.917969,0.049316,-0.362549,-74.195862,-58.570858,-26.824949,0.9882008551999943
31.75,-0.880615,0.054443,-0.29541,-74.165344,-57.350155,-20.63751,0.9304374705341569
31.76,-0.834961,0.052734,-0.269043,-75.431824,-68.313599,-19.683838,0.8788201648380628
31.77,-0.834717,0.055176,-0.294922,-75.813293,-81.253044,-19.958496,0.8870038597148268
31.78,-0.935791,0.032471,-0.321777,-71.311951,-78.910828,-21.102903,0.9901008025706273
31.79,-1.077881,-0.005615,-0.327637,-64.071655,-60.295101,-27.633665,1.1265899796088195
31.8,-1.151367,-0.026367,-0.317383,-62.69836,-42.594906,-39.367676,1.1946016725532407
31.81,-1.124268,-0.025879,-0.286377,-69.633484,-32.493591,-43.884274,1.1604568258207628
31.82,-1.040039,-0.012451,-0.255859,-79.475403,-28.144835,-42.701717,1.0711208973794695
31.83,-1.000244,0.001465,-0.250732,-84.33532,-27.023314,-45.265194,1.0311919033744397
31.84,-1.038086,0.00415,-0.250488,-82.649223,-30.532835,-50.285336,1.0678876364299756
31.85,-1.075439,-0.014893,-0.265137,-79.154968,-35.27832,-56.449886,1.107740255176727
31.86,-0.988525,-0.032959,-0.279541,-78.369141,-38.200378,-59.730526,1.0278186328273098
31.87,-0.893555,-0.01416,-0.294678,-82.603447,-30.395506,-52.215572,0.940997432147931
31.88,-0.89917,-0.002197,-0.262207,-88.424675,-23.03314,-38.116455,0.9366237379855371
31.89,-0.923828,-0.015869,-0.196045,-93.261711,-29.296873,-32.661438,0.9445335572492911
31.9,-0.929199,-0.020996,-0.140137,-95.634453,-41.625973,-35.560608,0.9399414834903288
31.91,-0.962646,-0.016846,-0.089111,-94.230644,-47.71423,-34.751892,0.9669084131152237
31.92,-1.005371,-0.024658,-0.032227,-88.74511,-51.23138,-31.013487,1.006189566699039
31.93,-1.041992,-0.02832,-0.050293,-83.045952,-56.053158,-27.770994,1.043589352337882
31.94,-1.083252,-0.015381,-0.090332,-82.664482,-61.088558,-24.871824,1.0871206652846777
31.95,-1.071533,0.004395,-0.052734,-83.938591,-66.947937,-20.500181,1.072838832663136
31.96,-0.972656,0.046143,-0.013428,-84.678642,-65.1474,-9.773254,0.973842483140369
31.97,-0.942871,0.08252,-0.050293,-87.112419,-48.97308,12.741088,0.9478104551491294
31.98,-1.008789,0.125732,-0.101563,-90.080254,-29.029844,41.419979,1.0216549443496077
31.99,-1.003174,0.156494,-0.129883,-88.302605,-16.929626,57.106014,1.0235809884913847
32.0,-0.913086,0.151855,-0.07373,-74.737549,-14.419555,54.672237,0.9285591512235501
32.01,-0.873047,0.106934,-0.024658,-52.490231,-15.762328,47.393795,0.8799170196836745
32.02,-0.950684,0.025879,0.012451,-39.131165,-16.395569,48.759457,0.9511176677456896
32.03,-1.030029,-0.010254,0.022705,-46.813961,-18.241882,54.542538,1.0303302394776153
32.04,-1.045166,0.042725,0.05542,-66.741943,-21.606443,53.680416,1.0475059759166057
32.05,-1.110107,0.127197,0.053467,-82.450859,-28.099058,50.354,1.118648894133901
32.06,-1.237305,0.206787,-0.000488,-84.098808,-32.699585,53.726192,1.254465928010004
32.07,-1.17041,0.261719,0.011963,-72.479248,-37.452698,52.223202,1.1993746355622166
32.08,-0.947266,0.235352,0.049316,-53.428646,-47.851559,42.778011,0.9773103429903932
32.09,-0.923584,0.15332,0.088135,-42.686459,-61.363216,37.54425,0.9403628053474892
32.1,-1.105469,0.096924,0.112549,-47.843929,-75.057983,33.180237,1.115402729572597
32.11,-1.258789,0.112549,0.125732,-54.298397,-82.344048,24.826048,1.270049432008849
32.12,-1.260254,0.174561,0.129883,-48.370358,-83.534233,19.927979,1.2788984638844476
32.13,-1.199951,0.19043,0.104248,-32.035828,-83.633415,20.957945,1.219431684353412
32.14,-1.211426,0.153076,0.068604,-16.433716,-82.420341,21.957396,1.2229847603580348
32.15,-1.299561,0.127441,0.034668,-11.32965,-77.384949,17.333984,1.3062549029289803
32.16,-1.358643,0.157227,0.063721,-15.037536,-62.58392,13.275146,1.3691937396946423
32.17,-1.361816,0.216797,0.043457,-17.829895,-46.401974,11.871337,1.3796493278779212
32.18,-1.344727,0.238525,0.030029,-14.495849,-37.826538,10.040282,1.3660478106548832
32.19,-1.306396,0.189453,0.022949,-12.283324,-40.611263,0.587463,1.3202611880328832
32.2,-1.311279,0.113525,0.047119,-14.35089,-44.418331,-10.513305,1.3170272364788058
32.21,-1.334473,0.030273,0.077637,-19.477844,-41.076656,-17.684937,1.3370722291735029
32.22,-1.349365,-0.023926,0.124512,-29.075621,-30.944822,-23.262022,1.355308671426919
32.23,-1.273438,-0.048096,0.141846,-38.146973,-19.119263,-24.345396,1.282215993027696
32.24,-1.162109,-0.050293,0.156982,-40.832516,-4.455566,-17.181396,1.1737419060653838
32.25,-1.129883,-0.054443,0.175781,-38.009644,9.078979,-10.177611,1.1447701052608772
32.26,-1.168213,-0.071777,0.205811,-31.570433,16.738892,-6.843566,1.188373560299538
32.27,-1.145264,-0.085205,0.202393,-20.89691,21.339415,-5.828857,1.166127114927871
32.28,-1.049561,-0.08374,0.14624,-9.338379,20.668028,0.267029,1.0630036772847964
32.29,-0.919922,-0.0625,0.093994,-4.440308,4.699707,7.17926,0.9268212384920838
32.3,-0.869385,-0.023926,0.088867,-6.515502,-20.187376,10.742187,0.8742425723962428
32.31,-0.968018,0.016602,0.075684,-7.17163,-47.828671,9.979248,0.9711140728997805
32.32,-1.218506,0.026367,0.089355,-4.142761,-74.737549,-0.053406,1.2220623579629641
32.33,-1.323242,0.005859,0.163818,-5.996704,-99.876396,-17.303467,1.3333566873005138
32.34,-1.133789,-0.010498,0.233398,-17.555237,-111.366264,-21.446226,1.1576106128266965
32.35,-1.139648,0.002197,0.240234,-27.8244,-90.690605,-7.339477,1.1646951384242143
32.36,-1.318359,0.053223,0.192383,-24.742125,-67.337036,-0.602722,1.3333845504200954
32.37,-1.371338,0.118408,0.085938,-11.001586,-45.555111,-13.85498,1.37912062726652
32.38,-1.391846,0.123047,0.040039,4.692078,-10.330199,-31.494139,1.3978479793761551
32.39,-1.338867,0.079834,0.090088,14.976501,21.278379,-44.830318,1.3442671456927748
32.4,-1.121094,0.016357,0.163086,20.347593,34.881592,-52.360531,1.1330120704039301
32.41,-0.940918,-0.069336,0.236816,23.597715,23.78845,-49.873348,0.9727363370800949
32.42,-0.904785,-0.155518,0.233398,24.055479,-10.231017,-47.698971,0.9472572886776854
32.43,-0.917236,-0.196045,0.187012,20.988462,-43.365475,-54.908749,0.9564146641833762
32.44,-1.011475,-0.222412,0.144043,17.501831,-63.018795,-62.011715,1.0456085114506288
32.45,-1.07959,-0.266357,0.130859,9.185791,-78.102112,-60.958858,1.1196359664774975
32.46,-1.027832,-0.298096,0.139648,-8.056641,-89.614861,-50.765987,1.079259657980414
32.47,-0.884033,-0.27417,0.149414,-24.772642,-89.294426,-33.729553,0.93755430636577
32.48,-0.790771,-0.229248,0.182373,-30.960081,-73.608398,-19.073486,0.8432872174259491
32.49,-0.771973,-0.200195,0.270264,-27.915953,-56.251522,-19.622803,0.8420587749379493
32.5,-0.800781,-0.204834,0.336426,-19.592285,-52.833553,-34.217834,0.8924066511366888
32.51,-0.844971,-0.237549,0.279297,-12.08496,-57.28149,-46.07391,0.9210930096635194
32.52,-0.848389,-0.268066,0.185547,-12.847899,-53.070065,-38.673401,0.9088734592263106
32.53,-0.842773,-0.286865,0.209717,-23.750303,-29.411314,-14.991759,0.9146251023468577
32.54,-0.922607,-0.293457,0.306396,-33.248901,0.732422,3.936767,1.0154797861671103
32.55,-1.043213,-0.292969,0.337402,-33.77533,19.699097,0.823975,1.1348851518695624
32.56,-0.951172,-0.280762,0.328857,-32.112122,21.697996,-11.611938,1.044845634855695
32.57,-0.738281,-0.251221,0.319824,-36.811829,16.50238,-12.184142,0.8428868350959101
32.58,-0.723145,-0.212891,0.289307,-51.986691,14.205932,-3.639221,0.807440282098311
32.59,-0.946045,-0.1875,0.228516,-65.2771,5.981445,-7.507324,0.991149309781831
32.6,-1.168945,-0.198486,0.246338,-61.241146,-14.282226,-30.136106,1.2109960840006875
32.61,-1.105469,-0.251221,0.409668,-45.272823,-39.627075,-49.690243,1.2054051480834151
32.62,-0.888184,-0.351074,0.575684,-41.893002,-57.685848,-39.596558,1.1151393810587087
32.63,-0.831055,-0.383545,0.500732,-61.218258,-66.322327,-14.678954,1.0433080637443573
32.64,-0.859619,-0.305176,0.235107,-84.503166,-73.226929,-5.935668,0.9419939052807083
32.65,-0.838135,-0.204346,0.079834,-86.181633,-69.42749,-13.137816,0.866372341142652
32.66,-0.805908,-0.166748,0.117432,-69.366455,-41.213985,-22.880552,0.8313139446635067
32.67,-0.857178,-0.194092,0.310059,-50.415035,-3.189087,-32.63092,0.9319669584427336
32.68,-0.869141,-0.266113,0.455078,-36.590576,13.130187,-38.551331,1.0165225982406885
32.69,-0.795166,-0.343018,0.398926,-35.171509,9.529114,-27.114866,0.9534633025743571
32.7,-0.755127,-0.380371,0.280273,-48.873898,8.384705,-3.929138,0.8907591359615684
32.71,-0.765137,-0.360596,0.265625,-69.412231,17.028809,16.944885,0.8865781097060766
32.72,-0.836182,-0.308594,0.360107,-84.564201,25.466917,29.922483,0.961305178082902
32.73,-1.006104,-0.258789,0.500488,-84.281914,4.684448,28.038023,1.1531284592277655
32.74,-0.930176,-0.225586,0.505127,-66.543579,-61.431881,20.988462,1.0822521519964743
32.75,-0.828857,-0.209229,0.397217,-46.592709,-111.785881,34.294128,0.9426356910169484
32.76,-0.946289,-0.217529,0.527344,-40.161129,-114.830009,71.777344,1.1049314149294516
32.77,-0.940918,-0.237305,0.67334,-47.271725,-104.156487,109.039299,1.1811126539619328
32.78,-0.692139,-0.241699,0.502686,-60.928341,-103.73687,122.848503,0.8889139533824406
32.79,-0.375977,-0.209229,0.196533,-78.24707,-117.118828,121.810905,0.4730335073321974
32.8,-0.440918,-0.135742,0.219727,-95.207207,-133.590698,120.544426,0.5109936671006794
32.81,-0.902344,-0.025146,0.64917,-111.198418,-164.062485,111.831657,1.1118807060795686
32.82,-1.358154,0.091797,0.921631,-124.992363,-200.500473,98.747246,1.6439016628393561
32.83,-1.625977,0.206543,0.686768,-121.963493,-201.034531,102.622978,1.7771076222902202
32.84,-2.044678,0.310791,0.513672,-81.542961,-143.066406,122.840874,2.1309993179137816
32.85,-2.220215,0.314453,0.5979,-24.726866,-73.516846,113.555901,2.320715352091678
32.86,-1.643799,0.093018,0.673828,15.838622,-34.713745,85.411064,1.7789805154382663
32.87,-1.013672,-0.115479,0.582031,16.967773,-15.403747,88.958733,1.174574990362897
32.88,-0.983887,-0.126953,0.536621,-10.124206,-7.93457,113.250725,1.1278797766690385
32.89,-1.077881,-0.060791,0.478516,-28.495787,-21.186827,89.62249,1.1808897315575235
32.9,-1.235596,-0.036621,0.481445,-32.653809,-16.662598,42.28973,1.3265850371845749
32.91,-1.600586,-0.032471,0.393066,-25.543211,44.517513,20.759581,1.648463159913803
32.92,-1.629883,-0.01001,0.228516,-16.471863,126.708977,16.578674,1.6458549012731953
32.93,-1.42749,0.0,0.145508,-20.744322,202.690109,18.547058,1.4348868520423483
32.94,-1.355225,-0.003906,0.14917,-35.438538,249.992355,23.643492,1.3634154709262323
32.95,-1.307861,-0.016602,0.232422,-47.218319,249.992355,31.677244,1.3284562498663628
32.96,-1.20874,-0.032227,0.306885,-53.260799,249.092087,42.564388,1.2475052586478343
32.97,-1.101807,-0.010986,0.241699,-54.969784,249.992355,51.292416,1.128059291015326
32.98,-1.156982,0.023682,0.114258,-52.032467,249.992355,53.070065,1.1628512699446993
32.99,-1.271484,0.015625,0.039307,-44.43359,249.984726,46.95892,1.2721873852267205
33.0,-1.234131,-0.003418,-0.016846,-37.033081,249.992355,42.228695,1.2342507020864928
33.01,-1.106934,-0.020508,-0.095459,-33.950806,249.992355,40.679928,1.1112316946078349
33.02,-0.990479,-0.016113,-0.176758,-30.990599,249.992355,31.471251,1.0062562639675838
33.03,-0.973877,-0.022217,-0.213867,-24.215696,249.992355,16.059875,0.9973309881413492
33.04,-1.018555,-0.047363,-0.290527,-19.317627,239.395126,0.595093,1.0602374637424392
33.05,-0.928223,-0.064697,-0.315918,-25.970457,173.393234,-15.022277,0.9826432833241165
33.06,-0.87085,-0.046631,-0.291016,-49.293514,104.545586,-23.78845,0.9193717881885435
33.07,-0.818604,-0.002686,-0.250977,-78.50647,51.261898,-22.315977,0.8562179500226563
33.08,-0.776367,0.035889,-0.218994,-100.257866,7.720947,-20.851133,0.80746028450073
33.09,-0.86499,0.031982,-0.168701,-108.634941,-30.540464,-26.885984,0.881867663442197
33.1,-0.918457,-0.003174,-0.173584,-104.217522,-73.013306,-38.696289,0.93472174478879
33.11,-0.848145,-0.034424,-0.21167,-93.948357,-112.861626,-52.993771,0.8748366371506169
33.12,-0.864014,-0.023682,-0.342285,-87.913506,-134.19342,-63.980099,0.9296451207557646
33.13,-0.940186,0.022461,-0.512207,-83.000175,-147.529602,-73.768616,1.0708922550686413
33.14,-0.872559,0.032959,-0.372803,-78.24707,-179.069504,-94.795219,0.9494354011574457
33.15,-0.593994,0.048584,-0.026611,-80.726616,-238.052353,-120.567314,0.5965713892008232
33.16,-0.320801,0.080811,0.280273,-95.451347,-249.992355,-126.884453,0.43358580909780703
33.17,-0.502686,0.071777,0.20874,-112.251274,-249.565109,-96.336357,0.5490150634773148
33.18,-1.016602,0.04834,0.07666,-108.108513,-249.618515,-63.796993,1.0206336941351681
33.19,-1.261719,0.003906,0.070068,-100.486748,-249.992355,-60.951229,1.2636691087547405
33.2,-1.229248,-0.060791,0.047607,-114.31884,-249.992355,-63.545223,1.231670661189102
33.21,-1.230713,-0.064453,0.006104,-137.924194,-249.992355,-43.663021,1.2324146771253577
33.22,-1.317383,-0.02832,0.135498,-149.650574,-243.453964,-14.373778,1.3246356854218446
33.23,-1.233398,-0.017822,0.254639,-140.144348,-184.78392,-3.440857,1.2595353390869983
33.24,-1.037842,-0.028076,0.221924,-116.188042,-125.91552,-10.70404,1.0616753460997388
33.25,-0.863525,-0.053711,0.164551,-94.566338,-102.424614,-19.798279,0.8807027470985883
33.26,-0.796143,-0.098877,0.190186,-91.613762,-94.41375,-16.593933,0.8244944221606354
33.27,-0.897705,-0.156738,0.401123,-98.1903,-94.017021,-1.121521,0.9956609507246932
33.28,-0.897705,-0.217773,0.56665,-95.909111,-111.67907,14.671325,1.0836934848258524
33.29,-0.773438,-0.272461,0.501221,-86.036674,-136.192322,23.338316,0.961074308888756
33.3,-0.826904,-0.31958,0.428711,-83.244316,-153.594971,18.592834,0.9847307871377842
33.31,-0.945313,-0.331299,0.405029,-99.258415,-159.118652,8.880615,1.0804740562415185
33.32,-1.035889,-0.256592,0.439697,-118.072502,-138.038635,14.083861,1.1542265490769132
33.33,-1.084473,-0.214355,0.478027,-117.980949,-101.127617,32.821655,1.204383479828165
33.34,-1.0625,-0.236816,0.503174,-103.363029,-61.843868,42.762753,1.199238150715695
33.35,-1.026855,-0.28418,0.617432,-83.679192,-40.298458,31.829832,1.2314267083545818
33.36,-0.793945,-0.353516,0.732422,-75.72937,-57.884212,19.004822,1.1365580545511083
33.37,-0.598389,-0.37915,0.647461,-93.330376,-94.985954,33.477783,0.9597030084052044
33.38,-0.696289,-0.311035,0.64209,-114.746086,-121.040337,52.856441,0.9969155986571783
33.39,-0.806885,-0.240479,0.658447,-113.006584,-130.889893,45.402523,1.0688526579819129
33.4,-0.89209,-0.238037,0.637939,-96.038811,-120.834343,28.129576,1.1222532464599957
33.41,-0.920898,-0.270996,0.650879,-82.023613,-100.257866,23.262022,1.1597997374810014
33.42,-0.955322,-0.311768,0.742188,-74.493408,-82.68737,28.045652,1.2492727631914498
33.43,-0.89502,-0.346191,0.850342,-71.136475,-75.378418,33.790588,1.2821819394473626
33.44,-0.703369,-0.343262,0.844727,-81.443779,-65.185547,40.756222,1.1515730351714561
33.45,-0.617188,-0.304688,0.686768,-94.863884,-56.457516,49.446102,0.9723199527480653
33.46,-0.672119,-0.239258,0.586426,-98.579399,-66.436768,45.646664,0.9235170784565926
33.47,-0.716553,-0.174561,0.566406,-92.811577,-88.714592,28.839109,0.9299115556686022
33.48,-0.750732,-0.156494,0.51123,-81.832878,-93.78051,18.89801,0.9216534168330305
33.49,-0.817139,-0.18042,0.474854,-72.662354,-66.864014,28.137205,0.9621610276024486
33.5,-0.869385,-0.220459,0.521484,-67.375183,-21.545408,46.524044,1.037486390832188
33.51,-0.863281,-0.270264,0.637695,-66.505432,11.375426,58.059689,1.1067753284574064
33.52,-0.720215,-0.307617,0.701904,-71.487427,13.435363,60.340878,1.0516687169113665
33.53,-0.560547,-0.307861,0.8125,-78.910828,-0.823975,64.239502,1.0339959306157835
33.54,-0.619385,-0.294434,0.852539,-84.625237,-11.344909,74.272156,1.0941443712335224
33.55,-0.756348,-0.288818,0.78125,-89.462273,-15.449523,83.908073,1.1250909726453235
33.56,-0.918457,-0.275391,0.818848,-93.841545,1.602173,90.286247,1.2609185187132435
33.57,-1.012207,-0.27002,0.885986,-97.404472,36.911011,96.183769,1.3720222313960515
33.58,-1.015381,-0.262695,0.807129,-101.303093,84.281914,112.113945,1.3234290539454694
33.59,-0.954346,-0.210693,0.637939,-105.659477,135.20813,135.58197,1.1671049634398785
33.6,-0.926758,-0.138184,0.508545,-102.424614,185.424789,153.862,1.0661112631639345
33.61,-0.843994,-0.119629,0.492188,-88.836662,216.644272,156.700134,0.984320068382739
33.62,-0.678223,-0.149658,0.565674,-75.973511,208.09935,141.799927,0.8957516558561307
33.63,-0.540771,-0.200195,0.64917,-68.374634,153.572083,123.252861,0.8682931540476407
33.64,-0.520752,-0.227295,0.621826,-70.503235,74.058533,113.44146,0.84232608697879
33.65,-0.675293,-0.20459,0.61499,-80.001831,-1.014709,114.677422,0.9359970107051625
33.66,-0.820313,-0.146484,0.600342,-88.417046,-42.892452,123.466484,1.0270255581965815
33.67,-1.02002,-0.074707,0.58374,-87.257378,-26.397703,133.895874,1.1776138262813494
33.68,-1.33252,-0.037354,0.621094,-71.540833,33.119202,135.5896,1.470633410660862
33.69,-1.412109,-0.056152,0.614502,-48.683163,89.87426,119.728081,1.5410443157122382
33.7,-1.215088,-0.099854,0.494141,-32.226563,119.880669,83.885185,1.3155170074693066
33.71,-1.125244,-0.110596,0.345459,-31.654356,118.461601,44.723507,1.1822636996173908
33.72,-1.090576,-0.052246,0.308838,-40.603634,86.570732,20.668028,1.134665839150893
33.73,-1.02417,0.033691,0.368164,-42.831417,44.227596,10.040282,1.088854445404435
33.74,-0.946289,0.082275,0.420654,-33.309937,-1.922607,2.586365,1.0388367700760308
33.75,-0.878906,0.088379,0.416748,-17.402649,-47.46246,-2.067566,0.9767115746119731
33.76,-0.944092,0.04834,0.435547,-2.784729,-84.396355,-3.684997,1.040839876865313
33.77,-1.075928,-0.043213,0.479004,5.302429,-109.123222,-8.453369,1.1785301254397362
33.78,-1.090332,-0.125244,0.410645,2.441406,-120.277397,-13.816833,1.1718102430790576
33.79,-0.978027,-0.142334,0.283691,-11.95526,-114.303581,-20.622252,1.0282394486528903
33.8,-0.947754,-0.104736,0.34375,-27.023314,-98.81591,-34.614563,1.0135932797291032
33.81,-1.038574,-0.094727,0.712158,-28.45001,-101.509087,-57.151791,1.2628452696070886
33.82,-0.862061,-0.106934,0.927002,-19.348145,-146.240234,-75.790405,1.2704002346036465
33.83,-0.582031,-0.112305,0.640625,-9.979248,-200.149521,-68.122864,0.8727960177561536
33.84,-0.635498,-0.109863,0.422119,-9.559631,-229.980453,-42.968746,0.7707866351552809
33.85,-0.873535,-0.125244,0.43457,-18.737793,-232.452377,-29.792784,0.9836668850078262
33.86,-1.01416,-0.144775,0.547363,-23.551939,-213.127121,-34.790039,1.1615018553553842
33.87,-0.911377,-0.175537,0.636963,-16.113281,-180.519089,-39.154053,1.1256745257253538
33.88,-0.748047,-0.228271,0.630371,-8.895874,-128.631592,-29.479979,1.004514589884587
33.89,-0.771729,-0.28418,0.628174,-11.749267,-60.424801,-17.76886,1.034855785178302
33.9,-0.920166,-0.317139,0.772705,-15.2359,-11.146544,-16.860962,1.2427210587666084
33.91,-0.85376,-0.32373,0.867188,-17.532349,-9.796143,-22.15576,1.259254651706318
33.92,-0.488525,-0.276855,0.812256,-25.634764,-39.352417,-12.954711,0.9874538855997276
33.93,-0.35791,-0.246094,0.734131,-38.612366,-63.2019,10.375976,0.8530006741480337
33.94,-0.537109,-0.220703,0.707031,-46.722408,-68.954468,18.981934,0.9149255308772403
33.95,-0.869141,-0.207275,0.751221,-37.765503,-72.631836,2.39563,1.1673482746579962
33.96,-1.035156,-0.240723,0.760986,-21.39282,-80.467216,-12.123107,1.3071324337116725
33.97,-0.885742,-0.293213,0.749268,-17.234802,-72.181702,-5.28717,1.196626629219407
33.98,-0.693604,-0.325195,0.774658,-26.145933,-37.086487,13.282775,1.0894646913989456
33.99,-0.788086,-0.322754,0.831543,-33.164978,-0.389099,16.540527,1.1902577236720626
34.0,-1.033691,-0.288574,0.846191,-32.104492,8.552551,-3.196716,1.3666862278657819
34.01,-1.067871,-0.245361,0.781006,-27.786253,-4.013062,-16.51001,1.3455559687348573
34.02,-0.7854,-0.213135,0.673096,-30.380247,-8.071899,-6.340026,1.0560955986277947
34.03,-0.616699,-0.195313,0.549805,-43.289181,8.049011,4.524231,0.8489701776829384
34.04,-0.72998,-0.171387,0.569092,-39.718628,4.943848,1.991272,0.9413341641696641
34.05,-0.757324,-0.217529,0.611572,-19.180298,-33.073425,-3.112793,0.9974361222659824
34.06,-0.662842,-0.305664,0.609375,-3.707886,-57.357784,5.119323,0.9508563974044661
34.07,-0.714355,-0.34668,0.666504,-5.821228,-44.56329,16.960144,1.0366859073224637
34.08,-0.847168,-0.34082,0.658203,-23.193357,-23.53668,11.184691,1.1256478498327087
34.09,-0.822754,-0.293945,0.558594,-32.295227,-10.414123,-2.5177,1.0369932807771707
34.1,-0.699463,-0.249023,0.646729,-18.90564,0.541687,-2.159119,0.9846417329866736
34.11,-0.623047,-0.274658,0.773193,-5.79071,8.216858,9.422302,1.0302679245817565
34.12,-0.644043,-0.320557,0.782959,-6.683349,7.598876,17.440796,1.0632840503736525
34.13,-0.717285,-0.317139,0.689209,-13.763427,1.327515,13.671874,1.0440708607307265
34.14,-0.77417,-0.239258,0.600586,-16.181946,-5.508422,6.370544,1.008606525291206
34.15,-0.773438,-0.175537,0.561279,-10.101317,-8.934021,3.204345,0.9716242555916356
34.16,-0.781006,-0.188721,0.589355,-2.380371,-6.599426,5.439758,0.9964563733059265
34.17,-0.818115,-0.240234,0.590332,1.014709,-0.099182,7.04956,1.037071067094729
34.18,-0.901611,-0.295898,0.601563,4.15802,8.453369,4.692078,1.1235373000902105
34.19,-0.933838,-0.319092,0.634521,4.455566,12.535094,-0.62561,1.1732391120948023
34.2,-0.868652,-0.295898,0.641357,-2.243042,16.098022,-5.256652,1.119576136293106
34.21,-0.857178,-0.27124,0.628418,-9.513855,26.702879,-7.476806,1.0969204364984728
34.22,-0.874268,-0.264648,0.601318,-11.543273,37.54425,-8.06427,1.093602504044317
34.23,-0.816895,-0.265869,0.566895,-13.244628,45.768734,-7.484436,1.0292588144927397
34.24,-0.744873,-0.26416,0.601074,-16.899109,56.053158,-2.288818,0.9929281168367627
34.25,-0.716553,-0.260742,0.623535,-20.523069,65.589905,5.889892,0.9850027860864151
34.26,-0.736328,-0.259766,0.656006,-19.691467,70.869446,10.307311,1.0198044765424399
34.27,-0.730225,-0.272461,0.703125,-14.47296,67.718506,6.629943,1.0496896268759637
34.28,-0.680664,-0.285889,0.703369,-11.718749,55.702206,-0.465393,1.019688163792245
34.29,-0.641357,-0.282471,0.742432,-10.658263,36.102295,-4.501343,1.0209475705999793
34.3,-0.670898,-0.278564,0.745361,-8.094788,15.258788,-5.348205,1.0408001963974642
34.31,-0.785156,-0.297363,0.700684,-1.190186,3.364563,-3.242492,1.0935505319650298
34.32,-0.881836,-0.34668,0.679688,5.111694,5.279541,1.167297,1.166103567716007
34.33,-0.926025,-0.415527,0.682617,4.501343,24.688719,8.361816,1.223172496847031
34.34,-0.969727,-0.465088,0.669434,-7.102966,58.090206,19.989014,1.2668145809979454
34.35,-0.934326,-0.443604,0.703125,-24.703978,93.521111,33.561707,1.2506535686260205
34.36,-0.813721,-0.375488,0.852783,-32.76825,120.010368,39.520264,1.237082030050554
34.37,-0.691162,-0.340576,0.893799,-30.731199,125.976555,22.613523,1.1800735461915075
34.38,-0.612549,-0.330078,0.681152,-28.213499,100.883476,-2.410889,0.9737226558877019
34.39,-0.623047,-0.283936,0.562744,-24.185179,54.504391,-8.934021,0.8862776234572326
34.4,-0.707031,-0.238037,0.571533,-17.845154,9.117126,-1.449585,0.9397895607097367
34.41,-0.872559,-0.242188,0.54126,-6.027221,-16.471863,3.959656,1.0549770724641365
34.42,-1.022949,-0.286621,0.491699,5.15747,-14.587401,6.393432,1.1706170000657774
34.43,-1.006348,-0.318604,0.495117,7.019042,8.18634,10.055541,1.1659269486588772
34.44,-0.851074,-0.332764,0.488525,0.75531,35.453796,7.759094,1.0362024458555383
34.45,-0.868408,-0.341553,0.479492,-0.175476,45.524593,-4.150391,1.04914416756564
34.46,-0.993652,-0.32959,0.506592,-0.62561,29.632566,-23.567198,1.1630173342078785
34.47,-1.014404,-0.29126,0.553711,-0.495911,7.980346,-35.263062,1.1918237010300643
34.48,-0.907959,-0.265625,0.564941,4.638672,-3.288269,-29.541014,1.1018641113072882
34.49,-0.881104,-0.285156,0.543457,7.850646,-1.663208,-15.823363,1.073780105049912
34.5,-0.898193,-0.322266,0.559326,10.299682,10.002136,-13.633727,1.1060974705155961
34.51,-0.828613,-0.338135,0.637207,13.084411,25.268553,-23.239134,1.0986207456820574
34.52,-0.768311,-0.364746,0.680664,15.045165,32.012939,-33.531189,1.0893323267639679
34.53,-0.681396,-0.397705,0.581055,12.252807,15.808105,-36.78894,0.979844216631399
34.54,-0.699463,-0.405518,0.439941,5.958557,-4.135132,-35.53772,0.9204571799785147
34.55,-0.747559,-0.353271,0.40625,-0.648498,-12.298583,-31.532286,0.9212404248739847
34.56,-0.751221,-0.266113,0.446533,-2.525329,-5.828857,-22.361753,0.9135320682378918
34.57,-0.82959,-0.279541,0.428223,4.234314,6.690979,-14.457702,0.9745448560789801
34.58,-0.904541,-0.351074,0.415039,13.252257,10.437011,-13.801574,1.0553221051783195
34.59,-0.891357,-0.381104,0.454346,15.159606,1.312256,-14.976501,1.0706016289829752
34.6,-0.891602,-0.389404,0.48584,13.34381,-9.590149,-13.572692,1.0874879802646096
34.61,-0.907715,-0.388916,0.488037,12.733459,-13.000487,-14.839171,1.101536331516124
34.62,-1.000732,-0.396973,0.4375,13.015746,-8.68988,-23.521421,1.1620922289358104
34.63,-1.117676,-0.411133,0.381836,8.262634,-6.843566,-41.954037,1.2506113367313603
34.64,-1.154053,-0.372803,0.356201,1.358032,-8.232117,-59.074398,1.2640014066523027
34.65,-1.121338,-0.332031,0.375244,-0.946045,-0.091553,-64.987183,1.228190357697454
34.66,-1.072998,-0.330566,0.418457,-1.88446,22.796629,-60.31036,1.198209017329197
34.67,-1.020264,-0.327393,0.441406,-8.468628,51.803585,-48.873898,1.1588632632804443
34.68,-0.988037,-0.326172,0.407959,-12.71057,82.550041,-44.456478,1.1176027168157745
34.69,-0.981689,-0.341797,0.440674,-10.627746,110.252373,-55.412289,1.1290403253232366
34.7,-0.884521,-0.390381,0.603516,-10.124206,125.900261,-69.358826,1.139739569751792
34.71,-0.825928,-0.452637,0.713135,-11.741637,126.396172,-76.560974,1.1813546644331667
34.72,-0.755127,-0.465332,0.742188,-21.110533,104.37011,-74.111938,1.1565438529070136
34.73,-0.735352,-0.396973,0.674316,-36.376953,73.219299,-61.508175,1.0737933667559136
34.74,-0.804443,-0.302246,0.538574,-42.739864,55.534359,-49.484249,1.014171158257323
34.75,-0.872803,-0.246582,0.441895,-30.136106,56.732174,-45.234676,1.0088899595882597
34.76,-0.900635,-0.297852,0.439209,-6.629943,71.601868,-40.367123,1.0453534152668176
34.77,-0.898682,-0.412109,0.485352,11.085509,90.400688,-34.858704,1.1013762885176892
34.78,-0.919678,-0.520996,0.478027,10.719298,105.087273,-24.665831,1.1600664931067528
34.79,-0.969727,-0.557129,0.47998,-2.883911,117.065422,-12.397765,1.2170225871240024
34.8,-0.969238,-0.530273,0.490234,-21.629332,128.65448,2.197266,1.2086939769557057
34.81,-0.954346,-0.469482,0.450684,-36.621094,140.541077,20.706175,1.1551215104464119
34.82,-0.953857,-0.429443,0.363037,-39.18457,148.460388,36.705017,1.1072760857469106
34.83,-0.9375,-0.423096,0.305664,-29.975889,152.290344,47.988888,1.0730083672143476
34.84,-0.90332,-0.441406,0.319092,-15.007018,154.762268,57.891842,1.0548203561270515
34.85,-0.848145,-0.481934,0.368164,-2.6474,152.71759,67.138672,1.0426672778393882
34.86,-0.75708,-0.513672,0.41626,6.942749,156.608582,76.461792,1.0051375217272511
34.87,-0.775146,-0.550781,0.389404,18.501282,185.562119,77.87323,1.0275439194959017
34.88,-0.817627,-0.567139,0.171875,29.251097,217.323288,57.128902,1.0098027391896893
34.89,-0.787354,-0.550537,-0.039307,34.484863,214.706406,10.635375,0.9615416527296153
34.9,-0.695068,-0.534424,-0.034668,34.759521,165.88591,-30.357359,0.8774567833369346
34.91,-0.614746,-0.53833,0.086426,29.342649,85.624687,-35.110474,0.8216941565400109
34.92,-0.596191,-0.537842,0.1875,12.649535,-7.125854,-14.755248,0.8245447079722239
34.93,-0.648926,-0.528076,0.229004,-10.780334,-98.892204,11.894225,0.8674168820515312
34.94,-0.764648,-0.519043,0.215576,-24.810789,-171.867355,39.382935,0.9489811439270013
34.95,-0.888184,-0.500488,0.239014,-24.116514,-210.151657,64.76593,1.047132631616454
34.96,-0.955078,-0.494141,0.277588,-20.63751,-211.647018,92.170708,1.1105874174098138
34.97,-1.022217,-0.516846,0.170654,-26.260374,-162.963852,114.921562,1.1580933341147424
34.98,-1.231445,-0.501221,0.047119,-40.870663,-69.953918,111.846916,1.3303756909335798
34.99,-1.428955,-0.449951,0.015381,-52.947994,8.789063,78.117371,1.4982005438481858
35.0,-1.253662,-0.422852,0.026611,-51.322933,36.026001,32.203674,1.3233217180523413
35.01,-1.032959,-0.407227,0.072266,-38.551331,42.465206,3.295898,1.1126816705446352
35.02,-1.01709,-0.375244,0.135742,-24.139402,43.106075,3.952026,1.092568541648532
35.03,-1.004883,-0.328125,0.152344,-17.082214,36.53717,22.758482,1.0680189856224467
35.04,-0.920898,-0.298828,0.179199,-16.441345,32.814026,45.616146,0.9846134173313911
35.05,-0.858154,-0.291992,0.216309,-16.464233,40.161129,65.368652,0.9319212409109473
35.06,-0.839355,-0.293213,0.21875,-16.319275,47.363277,73.59314,0.9156103111553517
35.07,-0.840088,-0.323242,0.197021,-15.480041,34.866333,63.392635,0.9214393700884502
35.08,-0.830566,-0.363037,0.259277,-10.841369,-1.052856,46.333309,0.9427938833350586
35.09,-0.953857,-0.37085,0.350586,-4.66156,-38.337708,34.0271,1.0817963959752315
35.1,-0.991943,-0.366211,0.345459,-2.388,-61.69128,23.948668,1.1123863233836526
35.11,-0.934814,-0.333008,0.26001,-4.425049,-53.764339,20.278929,1.0258541527722156
35.12,-1.13916,-0.275635,0.144531,-6.942749,-24.665831,16.586304,1.1809103982885407
35.13,-1.274658,-0.24292,0.05957,-7.492065,-20.317076,0.366211,1.298965637830347
35.14,-1.197021,-0.236328,0.006348,-5.218505,-33.7677,-13.404845,1.2201436370890928
35.15,-1.242676,-0.237061,0.000244,2.670288,-43.968197,-8.300781,1.2650856169576032
35.16,-1.177246,-0.245605,0.081055,8.140564,-58.204647,3.875732,1.2053214814173023
35.17,-0.975342,-0.247803,0.187988,4.28772,-64.376831,11.650084,1.0237371888902933
35.18,-0.866455,-0.270752,0.278809,-0.228882,-55.90057,21.224974,0.9496238049933247
35.19,-0.949951,-0.327148,0.347168,-0.740051,-39.627075,36.422729,1.0629949842445165
35.2,-1.116455,-0.375488,0.333496,-3.089905,-25.703428,51.704403,1.2242069217191185
35.21,-1.191162,-0.381104,0.199951,-11.245727,-20.874022,58.998104,1.2665257879178773
35.22,-1.013428,-0.312256,0.023193,-25.756834,-21.438597,54.824825,1.0606969576504874
35.23,-0.647217,-0.172363,-0.060059,-34.469604,-8.033752,40.550228,0.6724625880589938
35.24,-0.626465,-0.070801,-0.011475,-32.424927,18.592834,21.507261,0.6305575734625666
35.25,-0.981445,-0.073975,0.118652,-26.31378,25.93231,2.738952,0.9913550755173446
35.26,-1.260498,-0.139648,0.204102,-16.220093,0.976562,2.540588,1.2845288623896312
35.27,-1.404541,-0.189453,0.113525,-13.031005,-12.802123,24.642942,1.4218001918395566
35.28,-1.348389,-0.186279,-0.040527,-25.947569,5.027771,41.801449,1.3617985162611246
35.29,-1.221191,-0.116943,-0.054688,-40.702816,43.563839,39.070129,1.2279958880525619
35.3,-1.144531,-0.050537,0.061279,-42.114254,67.573547,22.499083,1.1472838856059122
35.31,-0.961182,-0.050049,0.040039,-33.493042,56.846615,4.547119,0.963316594399785
35.32,-0.713623,-0.065918,-0.069336,-25.772093,40.039063,-5.638122,0.7200072567335692
35.33,-0.770264,-0.061035,0.14624,-26.43585,29.533384,-8.31604,0.7863955992507842
35.34,-0.940918,-0.109375,0.61499,-24.497984,-0.236511,-18.455505,1.1293813675853697
35.35,-0.683838,-0.217773,0.727539,-12.596129,-52.24609,-32.089233,1.0219454419361143
35.36,-0.522217,-0.284668,0.467773,-3.196716,-95.817558,-36.613464,0.7566756536601399
35.37,-0.744629,-0.270264,0.307129,-6.362915,-118.644707,-36.491394,0.8496135592008874
35.38,-1.004395,-0.26001,0.250732,-15.174865,-120.040886,-43.594357,1.0673710938324121
35.39,-1.159424,-0.272705,0.205566,-18.432617,-106.170647,-55.175777,1.2086725814533066
35.4,-1.153076,-0.236084,0.168945,-11.505126,-94.001762,-66.047668,1.1890594307506248
35.41,-1.068604,-0.182617,0.140137,3.097534,-89.50042,-77.064514,1.0931156646366387
35.42,-0.950439,-0.147705,0.240234,18.806458,-89.561455,-81.878654,0.9913946915845374
35.43,-0.929932,-0.157715,0.371094,32.234192,-79.940796,-70.770264,1.0135868500947514
35.44,-0.953369,-0.213135,0.396973,42.228695,-62.965389,-46.379086,1.0544792748627163
35.45,-1.023193,-0.277832,0.35376,46.173092,-48.553463,-23.406981,1.1177033027923824
35.46,-1.124268,-0.321777,0.332764,44.151302,-45.455929,-21.01898,1.2158333986402083
35.47,-1.012207,-0.350342,0.374512,37.528992,-53.962704,-40.06958,1.1347077887971864
35.48,-0.88916,-0.337402,0.420898,27.435301,-50.666805,-54.435726,1.0400003565422464
35.49,-1.03125,-0.333252,0.399414,22.483824,-26.481627,-43.029781,1.1550173164935666
35.5,-1.191406,-0.354248,0.314453,25.253294,1.091003,-23.513792,1.2821156701128802
35.51,-1.089844,-0.375488,0.32959,31.455992,20.965574,-16.868591,1.1989081493509
35.52,-0.860352,-0.375488,0.465088,34.385681,31.761168,-19.645691,1.0476180839370806
35.53,-0.818359,-0.376953,0.515625,30.509947,24.79553,-22.445677,1.0381108600313358
35.54,-1.028076,-0.401123,0.382324,22.064207,-2.258301,-30.433653,1.1679090563400047
35.55,-1.174072,-0.391113,0.231201,11.940001,-34.568787,-43.853756,1.2589155421846216
35.56,-1.192627,-0.338623,0.221924,2.822876,-36.582947,-45.463558,1.2594740803343276
35.57,-1.250244,-0.298584,0.333008,-2.029419,2.27356,-29.426573,1.3278391441194974
35.58,-1.240723,-0.31543,0.427979,0.579834,51.788326,-13.656615,1.3498354240684307
35.59,-1.144775,-0.347168,0.391846,6.713867,91.377251,-12.565612,1.2588005038785932
35.6,-1.076904,-0.362061,0.327393,9.109497,115.097038,-19.042969,1.182369049572087
35.61,-1.001953,-0.351318,0.328613,8.415222,120.635979,-24.818419,1.1114497987322685
35.62,-0.866943,-0.329102,0.409912,7.980346,111.602776,-24.452208,1.013866923909149
35.63,-0.717285,-0.32373,0.456543,5.79071,93.543999,-14.068603,0.9097968976502393
35.64,-0.74585,-0.363525,0.400879,5.783081,81.161491,-1.739502,0.9214915196386779
35.65,-0.881348,-0.418945,0.331787,8.560181,74.699402,-0.335693,1.030714229793108
35.66,-1.008301,-0.448486,0.270264,6.179809,71.960449,-8.300781,1.1361572199713383
35.67,-1.000244,-0.442383,0.259521,2.479553,73.181152,-15.701293,1.1240738088159512
35.68,-0.844971,-0.389648,0.313965,1.76239,75.378418,-18.77594,0.9820262603260669
35.69,-0.766113,-0.334961,0.365967,3.807068,68.313599,-18.249512,0.9127211213612842
35.7,-0.894531,-0.337158,0.302734,12.107848,50.697323,-14.793395,1.0027507674796365
35.71,-0.978271,-0.371582,0.241943,24.627684,29.251097,-8.666992,1.0740687815098249
35.72,-0.91626,-0.36792,0.255127,31.761168,22.605894,-0.434875,1.0197976760755045
35.73,-0.894775,-0.348389,0.277588,35.575867,28.274534,7.125854,0.9995260345233634
35.74,-0.848389,-0.361084,0.226318,41.03088,25.619505,13.244628,0.9494026477217135
35.75,-0.749268,-0.366699,0.126465,44.006344,17.852783,22.90344,0.8437203853469465
35.76,-0.708496,-0.345459,0.154297,46.615597,17.227173,32.249451,0.8031911770593598
35.77,-0.735596,-0.356201,0.289551,57.014462,19.790649,29.58679,0.8670757805509275
35.78,-0.655518,-0.425049,0.377686,76.721191,7.324218,12.199401,0.8677656453910815
35.79,-0.581787,-0.517578,0.355957,93.032829,-27.160643,-5.966186,0.8561941866784661
35.8,-0.758301,-0.587891,0.333008,91.209404,-78.346252,-16.532898,1.0156429306335963
35.81,-0.852539,-0.585205,0.487549,70.976257,-133.155823,-22.270201,1.1432373620324872
35.82,-0.810059,-0.505127,0.582275,49.232479,-156.036377,-17.951965,1.1182097501072865
35.83,-0.887207,-0.438477,0.390137,45.661922,-145.782471,-6.477355,1.0637693448990715
35.84,-1.08374,-0.376465,-0.031738,52.047726,-130.401611,-5.226135,1.1477044848169757
35.85,-1.204346,-0.26709,-0.298584,51.818844,-132.484436,-13.648986,1.2692276237428808
35.86,-1.119385,-0.197266,-0.012207,46.440121,-124.633781,-7.339477,1.1366994606447212
35.87,-1.108643,-0.230957,0.437256,41.709896,-72.975159,23.849485,1.2139288475170198
35.88,-1.185547,-0.373535,0.540527,34.255981,9.757996,58.0368,1.355440711784547
35.89,-1.167236,-0.448486,0.36499,28.564451,87.875359,64.079285,1.3026117119049712
35.9,-1.199219,-0.430176,0.179443,34.484863,138.946533,39.978027,1.2866147019158456
35.91,-1.154785,-0.375,0.101563,44.334408,154.144287,11.291503,1.2183876391337858
35.92,-0.910645,-0.322998,0.296143,39.924622,139.732361,0.968933,1.0105952208861864
35.93,-0.93335,-0.307129,0.674316,17.906189,112.739555,13.313293,1.1917099114285323
35.94,-0.963623,-0.34082,0.835449,-2.01416,64.224243,33.241272,1.3201146124977179
35.95,-0.837891,-0.379639,0.619385,5.630493,6.629943,40.161129,1.1089746960264693
35.96,-0.867188,-0.369629,0.262207,29.380796,-44.898983,16.517639,0.9784646829773673
35.97,-0.912842,-0.318115,0.139648,42.358395,-101.226799,-24.871824,0.9767186053787448
35.98,-0.87085,-0.296143,0.234619,42.053219,-154.655457,-50.369259,0.949276816376551
35.99,-0.893066,-0.330078,0.375,34.858704,-175.277695,-44.921871,1.02330023279583
36.0,-1.007813,-0.378174,0.483154,23.567198,-141.975403,-23.597715,1.179889996974718
36.01,-1.103516,-0.408447,0.484863,10.139464,-76.99585,-10.398864,1.2726620300904714
36.02,-1.060303,-0.389404,0.367676,6.141662,-26.359556,-13.984679,1.1878819672008663
36.03,-0.90918,-0.355225,0.192383,17.227173,-10.246276,-25.901793,0.994889085131604
36.04,-0.94458,-0.327881,0.154053,29.670713,-10.986327,-30.09796,1.0116667699247612
36.05,-0.973145,-0.29834,0.327393,34.080505,-26.44348,-18.310547,1.0692072404702468
36.06,-0.776367,-0.289063,0.478027,29.228209,-43.113705,11.566161,0.9564585455664035
36.07,-0.621094,-0.308838,0.379639,19.66095,-46.997066,46.188351,0.7907366422526529
36.08,-0.650146,-0.251709,0.197754,19.821167,-56.396481,57.426449,0.7246750213116221
36.09,-0.70874,-0.144287,0.179199,35.705566,-91.51458,43.853756,0.7451465678442062
36.1,-0.852051,-0.120361,0.378662,53.749081,-130.950928,20.942686,0.9401396636489708
36.11,-1.046143,-0.178223,0.580078,62.850948,-154.281616,1.251221,1.2094085745776735
36.12,-1.231934,-0.263916,0.583984,57.853695,-142.105103,-1.12915,1.3886505491548262
36.13,-1.413086,-0.290527,0.505859,40.359493,-92.048637,11.215209,1.528761364309682
36.14,-1.560059,-0.257324,0.474365,24.391172,-15.533446,24.398802,1.6507640284674245
36.15,-1.544189,-0.220459,0.525391,17.158508,62.347408,25.405882,1.6459518648134883
36.16,-1.378906,-0.206543,0.593506,13.313293,119.010918,11.276244,1.5153518204433583
36.17,-1.084229,-0.194824,0.622559,10.70404,152.458191,0.839233,1.2653413072756299
36.18,-0.990234,-0.186768,0.628906,8.926392,172.012314,2.723694,1.1878419160039773
36.19,-1.137451,-0.20459,0.643555,9.239197,173.500046,7.766723,1.3228056862313526
36.2,-1.176025,-0.25,0.585205,10.69641,163.49791,10.162353,1.337161057109427
36.21,-1.069092,-0.279785,0.487549,3.501892,174.659714,17.402649,1.2078664570597197
36.22,-0.979736,-0.270752,0.351074,-19.203186,216.155991,37.399292,1.0753800391842876
36.23,-1.144775,-0.208252,0.131104,-38.490295,249.992355,66.78772,1.170925682929963
36.24,-1.270996,-0.128418,0.067139,-29.71649,249.992355,84.091179,1.279230104422578
36.25,-1.134277,-0.11377,0.154785,10.269164,249.252304,63.362118,1.1504287556619923
36.26,-0.965088,-0.170166,0.317383,60.874935,249.992355,14.48059,1.0300889689677295
36.27,-0.713867,-0.238037,0.453857,92.094414,249.992355,-25.993345,0.8787797696277492
36.28,-0.400879,-0.279541,0.593262,99.174492,240.081772,-34.698486,0.7686396710852231
36.29,-0.077148,-0.33374,0.574951,80.482475,134.773254,-13.435363,0.669255447422731
36.3,-0.256348,-0.435547,0.257813,38.360596,-6.355285,15.174865,0.5673473621001512
36.31,-0.801514,-0.467041,0.18457,-6.156921,-121.009819,27.091978,0.9458425200724484
36.32,-1.161377,-0.400635,0.326904,-46.043392,-173.934921,36.842346,1.2712872077426092
36.33,-1.490723,-0.26709,0.0625,-73.074341,-123.023979,62.141415,1.5157501050070885
36.34,-1.819824,-0.084229,-0.323242,-69.244385,-7.141113,66.749573,1.8502268255489651
36.35,-1.700928,0.034424,-0.362793,-40.435787,92.277519,14.938354,1.739528624026923
36.36,-1.217529,0.039307,-0.190186,-12.443542,145.957947,-52.474972,1.2329203626698686
36.37,-0.908691,0.001221,-0.044678,2.464294,169.395432,-78.430176,0.9097895075268785
36.38,-0.919189,-0.052734,0.033691,5.645751,164.37529,-50.430294,0.9213166534682851
36.39,-1.068115,-0.11792,0.08667,6.805419,133.354187,4.364014,1.0780939052443437
36.4,-0.929443,-0.177246,0.095215,11.314391,87.242119,36.491394,0.95097125665816
36.41,-0.511475,-0.196289,0.01123,13.763427,45.257565,18.722534,0.5479618235297053
36.42,-0.431885,-0.189941,-0.002197,17.349243,4.402161,-21.255491,0.4718125300529862
36.43,-0.889648,-0.256592,0.345947,23.895262,-70.281982,-59.165951,0.988429231243694
36.44,-1.009766,-0.31665,0.550049,29.884336,-194.084152,-80.032349,1.1926644539253277
36.45,-1.085205,-0.272705,0.089844,31.341551,-249.992355,-74.882507,1.1225461475529637
36.46,-1.439697,-0.193115,-0.10498,29.052732,-249.992355,-69.030762,1.4563796398721043
36.47,-1.601318,-0.157227,0.053467,38.970947,-207.748398,-65.574646,1.6099063285613855
36.48,-1.612305,-0.13501,-0.022217,49.72839,-134.223938,-72.227478,1.6181003393529092
36.49,-1.514893,-0.140625,-0.178223,59.143063,-76.919556,-86.410515,1.5318092667832377
36.5,-1.380615,-0.148193,-0.124268,71.983337,-26.19171,-101.34124,1.394095218877821
36.51,-1.208008,-0.155518,-0.008301,81.474297,50.170895,-93.704216,1.2180057811804508
36.52,-0.942871,-0.204346,-0.030762,85.510246,152.427673,-53.031918,0.9652509057239987
36.53,-0.840088,-0.248047,0.026123,87.501518,232.437119,-18.89801,0.8763318852364097
36.54,-0.738525,-0.33374,0.277588,72.265625,231.842026,-16.639709,0.8566543415923368
36.55,-0.632813,-0.453125,0.500244,47.966,171.897873,-20.988462,0.9252127420923255
36.56,-0.783203,-0.554688,0.421631,35.873413,104.61425,-19.14978,1.0482644784184951
36.57,-1.220703,-0.577393,0.164307,31.211851,58.532711,-9.124756,1.3603291075717672
36.58,-1.501221,-0.469482,-0.072754,17.852783,39.43634,0.167847,1.5746018492561857
36.59,-1.458008,-0.30249,-0.218506,9.437561,59.616085,-16.296387,1.5050024585361979
36.6,-1.328857,-0.226563,-0.269287,24.54376,101.577751,-53.75671,1.3746662168639339
36.61,-1.036133,-0.28125,-0.276855,40.451046,120.155327,-72.059631,1.1087478736006666
36.62,-0.82373,-0.341064,-0.23999,40.611263,119.430534,-53.054806,0.9232827113598521
36.63,-0.85498,-0.330811,-0.179443,32.089233,115.341179,-33.363342,0.9341448005368332
36.64,-1.031006,-0.363281,-0.109131,28.83148,117.370598,-29.800413,1.0985699942006428
36.65,-1.227051,-0.402588,-0.020752,34.950256,113.31176,-30.906675,1.2915734202316955
36.66,-1.110352,-0.404785,-0.006104,49.613949,79.315186,-39.863586,1.1818501254156553
36.67,-0.868408,-0.378174,0.105469,61.294552,38.55896,-57.53326,0.9530329158539068
36.68,-0.845947,-0.374023,0.240723,47.851559,8.880615,-65.055847,0.9557547248468092
36.69,-0.824463,-0.366943,0.133545,21.202085,-30.807493,-45.791622,0.9122612951578073
36.7,-0.891113,-0.366699,-0.046875,19.02771,-52.894588,-24.353025,0.9647527149456487
36.71,-1.125977,-0.472412,-0.085205,26.252745,-44.822689,-22.163389,1.2240331671560212
36.72,-1.317627,-0.56958,-0.136963,13.763427,-27.32086,-25.291441,1.4419851423984922
36.73,-1.319092,-0.631592,-0.321045,-12.4588,-0.541687,-28.030394,1.4973249650470002
36.74,-1.453125,-0.643799,-0.534668,-38.68103,71.060181,-44.982906,1.6768778393937944
36.75,-1.606934,-0.477295,-0.396729,-65.696716,178.581223,-57.647701,1.722626278918907
36.76,-1.500732,-0.270508,-0.170166,-75.531006,249.992355,-43.189999,1.5343818238769644
36.77,-1.140625,-0.169189,-0.130859,-55.26733,249.992355,-31.028746,1.1605060905600626
36.78,-0.817627,-0.200928,-0.057617,-17.738342,248.565659,-43.960567,0.8439227991955188
36.79,-0.640137,-0.267822,0.020508,8.605957,249.992355,-64.277649,0.6942078799012583
36.8,-0.551025,-0.341309,-0.18457,22.956846,230.339035,-74.775696,0.6739335790758612
36.81,-0.493652,-0.362305,-0.560303,39.276123,104.446404,-82.595818,0.8299979891168411
36.82,-0.563721,-0.291748,-0.619873,55.335995,-11.299132,-83.335869,0.8872095566854542
36.83,-0.650146,-0.305664,-0.450684,66.612244,-31.379698,-69.328308,0.848078044797765
36.84,-0.672363,-0.419678,-0.205078,62.850948,9.864807,-44.334408,0.8186932353067295
36.85,-0.495361,-0.502441,0.013428,35.041809,50.437923,-18.928528,0.7056980869932977
36.86,-0.28125,-0.526611,0.05127,-2.502441,67.054749,3.494262,0.5992072435485072
36.87,-0.378662,-0.537109,-0.118652,-24.414061,68.122864,15.045165,0.6677943435137796
36.88,-0.623291,-0.548584,-0.338379,-33.714294,57.304379,12.519835,0.8966250182646032
36.89,-0.619385,-0.537598,-0.401367,-42.823788,54.481503,18.4021,0.9130963018860606
36.9,-0.512451,-0.535889,-0.25,-40.946957,83.763115,35.65979,0.7824851741228073
36.91,-0.76416,-0.551514,-0.139648,-23.28491,129.188538,27.526854,0.9526855523728697
36.92,-0.913574,-0.562744,-0.272949,-14.236449,136.871338,-5.363464,1.1071582631281764
36.93,-0.790771,-0.554688,-0.400879,-20.782469,116.851799,-15.464782,1.045801857153639
36.94,-0.614014,-0.468994,-0.40332,-31.173704,81.527702,-1.831055,0.8715707582474299
36.95,-0.446777,-0.383789,-0.383789,-30.761717,17.280579,12.359618,0.7029919492931622
36.96,-0.435303,-0.400635,-0.412354,-14.663695,-63.888546,21.308897,0.7211330850474134
36.97,-0.686035,-0.483643,-0.499268,5.195617,-138.252258,25.222776,0.9766386785797498
36.98,-0.904297,-0.553223,-0.614014,11.131286,-188.850388,32.608032,1.2250803827235175
36.99,-1.008789,-0.574951,-0.68042,4.684448,-190.70433,47.737118,1.345806551968744
37.0,-1.110107,-0.557617,-0.65918,-3.768921,-144.920349,55.39703,1.4063401233478336
37.01,-1.112793,-0.523682,-0.627686,-7.164001,-81.55822,45.555111,1.3807754388636118
37.02,-1.056641,-0.498535,-0.615479,-2.700805,-21.087645,20.912169,1.3205460039495027
37.03,-0.983154,-0.470215,-0.584961,5.493164,24.818419,-3.326416,1.236880473393448
37.04,-0.880371,-0.449219,-0.53125,11.07788,55.7785,-11.772155,1.1220861687508674
37.05,-0.869141,-0.473633,-0.417969,13.824462,75.668335,-7.446289,1.07444515054562
37.06,-0.926025,-0.536133,-0.299561,14.633178,78.75061,-4.898071,1.1111695131864445
37.07,-0.927979,-0.601074,-0.252686,14.564513,66.413879,-12.145995,1.1341451373228209
37.08,-0.867188,-0.62915,-0.232178,12.96234,50.277706,-20.63751,1.0962442125402532
37.09,-0.813477,-0.60791,-0.1875,6.91986,37.193298,-18.180847,1.0326933947832726
37.1,-0.780518,-0.587402,-0.177246,-2.845764,25.909422,-8.583069,0.9928069311019138
37.11,-0.747314,-0.562256,-0.226074,-11.161803,16.517639,-3.356933,0.9621431689764263
37.12,-0.769775,-0.555176,-0.273926,-12.832641,9.681702,-5.844116,0.987830651011093
37.13,-0.866699,-0.57251,-0.273193,-8.766174,-0.50354,-11.367797,1.0740434218177586
37.14,-0.921631,-0.57959,-0.267334,-6.385803,-10.726928,-11.558532,1.121069014743071
37.15,-0.902832,-0.560791,-0.288818,-11.909484,-10.406493,-5.66864,1.1013664254139037
37.16,-0.86084,-0.535889,-0.333496,-23.460386,-2.334595,-0.167847,1.067446536336598
37.17,-0.852783,-0.521729,-0.378174,-32.608032,4.730225,3.486633,1.06885713208361
37.18,-0.861328,-0.514893,-0.386719,-34.172058,8.644104,7.904052,1.0754312204850667
37.19,-0.831787,-0.497314,-0.387939,-27.397154,15.960692,13.85498,1.0438809777393208
37.2,-0.768555,-0.474854,-0.435059,-15.281676,34.057617,13.839721,1.0027160329933893
37.21,-0.806396,-0.444092,-0.475342,-3.921509,57.563778,4.089355,1.036070572038411
37.22,-0.853027,-0.431152,-0.481689,-0.404358,64.964294,-7.514953,1.0703136935282103
37.23,-0.802734,-0.425781,-0.518799,-5.851745,48.706051,-10.31494,1.04633825177043
37.24,-0.735596,-0.400635,-0.592041,-12.489318,18.257141,-6.828308,1.0257301907041638
37.25,-0.698486,-0.366211,-0.673828,-15.266418,-14.617919,-5.683898,1.037322207561855
37.26,-0.725342,-0.336426,-0.687012,-11.436461,-36.720276,-5.554199,1.0541769104775536
37.27,-0.79834,-0.320557,-0.622314,-2.166748,-46.005245,-2.929687,1.061780702614716
37.28,-0.837158,-0.34082,-0.57959,6.690979,-47.508236,-2.76947,1.0737394271721608
37.29,-0.866699,-0.366943,-0.580811,9.925842,-37.353516,-5.79071,1.1059637153048918
37.3,-0.944336,-0.364014,-0.580078,6.370544,-13.275146,-7.003784,1.1665192493808236
37.31,-0.945068,-0.344238,-0.580811,-3.280639,13.984679,-2.830505,1.161462329560886
37.32,-0.86377,-0.310303,-0.569336,-9.689331,34.873962,5.0354,1.0800602046205572
37.33,-0.729736,-0.272949,-0.528076,-5.630493,45.341488,6.271362,0.9412120101618976
37.34,-0.662598,-0.271484,-0.481201,9.536743,48.423763,-1.411438,0.862724796363823
37.35,-0.724365,-0.321045,-0.428955,28.556822,44.097897,-13.587951,0.9009866465575392
37.36,-0.779053,-0.362305,-0.39917,38.574219,37.254333,-20.362852,0.9473780548091665
37.37,-0.756836,-0.351318,-0.451172,33.813477,33.569336,-19.126892,0.9485679952454648
37.38,-0.642334,-0.328369,-0.533447,21.789549,29.724119,-12.496947,0.8972094903231909
37.39,-0.62207,-0.307129,-0.603271,13.542174,25.497435,0.968933,0.919366742373249
37.4,-0.646484,-0.317871,-0.632568,8.842468,16.334534,8.407593,0.958710493069206
37.41,-0.629639,-0.347168,-0.590088,7.698059,6.370544,15.853881,0.9301476970293481
37.42,-0.583984,-0.351318,-0.47583,9.963989,3.082275,25.329588,0.831189411794929
37.43,-0.606445,-0.374756,-0.415283,8.94928,5.950927,23.811338,0.8250318585666859
37.44,-0.631348,-0.418457,-0.48584,-0.396728,2.922058,10.246276,0.8998594687799868
37.45,-0.684082,-0.43335,-0.563721,-12.199401,-3.425598,1.243591,0.9866822036831312
37.46,-0.852051,-0.40918,-0.576416,-20.988462,-4.348755,2.571106,1.107101885129368
37.47,-0.949463,-0.38208,-0.619629,-28.686522,-1.060486,3.868103,1.1964134788650618
37.48,-0.929443,-0.349609,-0.728516,-33.004761,10.94818,1.029968,1.2315950249111922
37.49,-0.813965,-0.302979,-0.769531,-31.913755,29.46472,-3.707886,1.1603935778980337
37.5,-0.807617,-0.29541,-0.682617,-22.102354,51.017757,-2.02179,1.0979427377955555
37.51,-1.003418,-0.372314,-0.589111,-7.621765,69.458008,1.747131,1.2216861985145775
37.52,-1.023438,-0.494873,-0.538818,-3.280639,79.589844,-7.415771,1.2580339673860164
37.53,-0.841797,-0.570068,-0.458252,-14.373778,85.502617,-18.173218,1.1151657317802588
37.54,-0.795166,-0.572998,-0.38623,-29.975889,87.425224,-13.099669,1.0534653712676083
37.55,-0.86792,-0.552002,-0.299072,-37.536621,81.321709,-6.629943,1.0711841090998315
37.56,-0.771973,-0.521484,-0.349609,-40.351864,75.09613,-9.292603,0.9950448873623742
37.57,-0.697021,-0.473145,-0.498047,-30.456541,78.231812,-7.476806,0.9786497226663889
37.58,-0.587891,-0.489014,-0.530029,-9.620667,70.098877,-8.491516,0.9304199379409278
37.59,-0.477539,-0.561035,-0.445313,9.246826,42.945858,-17.433167,0.8608759699950974
37.6,-0.509277,-0.552246,-0.51416,20.240782,3.791809,-33.26416,0.9103291782893702
37.61,-0.650635,-0.518555,-0.638184,29.777525,-32.058716,-49.209591,1.0485723671287548
37.62,-0.727051,-0.525391,-0.61499,35.606384,-52.322384,-51.704403,1.0875897938018726
37.63,-0.695801,-0.5354,-0.565674,34.790039,-53.771969,-40.863033,1.044403784882552
37.64,-0.708252,-0.45874,-0.614014,31.433104,-40.344234,-29.090879,1.0435882690505869
37.65,-0.677246,-0.407715,-0.641846,33.699036,-29.624937,-21.591185,1.0182632044108242
37.66,-0.479248,-0.508789,-0.556641,36.598206,-44.540401,-18.043518,0.8935290117875301
37.67,-0.372803,-0.59375,-0.480713,32.806396,-90.423576,-10.986327,0.8500624257535443
37.68,-0.454102,-0.629395,-0.474609,28.182981,-144.500732,-7.369995,0.909725450512406
37.69,-0.742676,-0.660156,-0.385742,23.193357,-166.130051,-16.113281,1.065912977628099
37.7,-0.970459,-0.653076,-0.272461,13.244628,-150.253296,-24.711607,1.2010553396817316
37.71,-0.838867,-0.548828,-0.324219,-2.708435,-123.039238,-15.708922,1.0535786526092867
37.72,-0.673096,-0.431641,-0.350342,-14.907836,-107.986443,3.051758,0.8729900887530168
37.73,-0.606934,-0.4104,-0.360107,-13.961791,-115.570061,18.486023,0.8163786448731984
37.74,-0.57251,-0.502441,-0.382324,0.160217,-140.861511,21.118162,0.8522829926479819
37.75,-0.733398,-0.651611,-0.390137,10.673522,-172.080978,17.471313,1.0557823641707604
37.76,-1.119385,-0.751465,-0.430176,-3.120422,-179.229721,22.102354,1.4151939144251577
37.77,-1.488281,-0.700195,-0.312012,-39.558411,-122.070305,34.645081,1.6740982232623032
37.78,-1.474609,-0.540039,-0.162598,-61.19537,-24.131773,40.008545,1.5787817879637451
37.79,-0.95752,-0.398438,-0.237305,-47.889706,38.734436,33.760071,1.0639130853923173
37.8,-0.673828,-0.3479,-0.321777,-8.18634,32.028198,22.201536,0.8237833582398955
37.81,-0.814453,-0.405762,-0.33374,31.005857,-8.354187,3.105163,0.9692052813790275
37.82,-0.856689,-0.487793,-0.378418,56.076046,-56.488033,-8.918762,1.0559631794215176
37.83,-0.797852,-0.524902,-0.331299,60.676571,-100.448601,-4.104614,1.010865446490778
37.84,-0.891846,-0.520508,-0.292236,55.046078,-119.10247,0.869751,1.0731820653905841
37.85,-1.049561,-0.469971,-0.369141,53.688046,-119.789116,-7.713317,1.2077732036450386
37.86,-1.093506,-0.384766,-0.422852,52.688595,-121.818535,-18.440247,1.2339384347267899
37.87,-1.093018,-0.315918,-0.342529,50.72784,-122.88665,-16.189575,1.1881997504161494
37.88,-1.130859,-0.303467,-0.189697,58.334347,-105.911247,-0.808716,1.1861362694812938
37.89,-1.064209,-0.333984,-0.101563,76.881409,-75.6073,11.161803,1.1200005137972036
37.9,-0.960449,-0.36377,-0.089111,99.105827,-40.367123,17.425537,1.0308887742244552
37.91,-0.881836,-0.426758,-0.066162,120.506279,-5.813598,23.03314,0.9819035246418051
37.92,-0.77832,-0.527832,-0.062012,134.315491,15.907287,27.992247,0.9424617396838982
37.93,-0.668945,-0.624512,-0.05835,133.270264,15.3656,35.194397,0.9170100183035079
37.94,-0.590576,-0.685791,0.043457,126.052849,-2.63977,52.528378,0.9060782627930106
37.95,-0.470947,-0.689941,0.187012,119.049065,-17.50946,80.451958,0.8560275395301252
37.96,-0.388184,-0.68457,0.28125,105.270378,3.601074,114.036552,0.8357179340279829
37.97,-0.486816,-0.713623,0.264404,88.203423,39.482117,149.909973,0.9034141238662367
37.98,-0.589355,-0.75708,0.138916,63.995358,45.425411,164.039597,0.9694364845006608
37.99,-0.66626,-0.785889,0.027832,36.026001,26.962278,141.670227,1.0306786735665971
38.0,-0.703369,-0.787354,0.031738,15.228271,-9.44519,99.945061,1.056248821121709
38.01,-0.815674,-0.734863,0.132568,5.92041,-46.234127,60.462948,1.1058580278087238
38.02,-0.895996,-0.621582,0.272949,9.986877,-74.638367,35.263062,1.124132630671755
38.03,-0.834717,-0.501221,0.246338,12.680053,-92.247002,25.581358,1.0043193571638456
38.04,-0.922119,-0.422607,-0.054688,-1.13678,-107.337944,13.359069,1.01582031085916
38.05,-1.22876,-0.412842,-0.442627,-28.640745,-147.148132,0.350952,1.369747537210051
38.06,-1.53833,-0.315186,-0.686279,-55.290218,-193.641647,16.326904,1.7137036702233557
38.07,-1.495605,-0.113281,-0.574463,-66.383362,-200.134262,59.93652,1.6061365568826955
38.08,-1.48584,0.019043,-0.432129,-59.020992,-141.059875,108.01696,1.5475201498171196
38.09,-1.798828,0.042969,-0.628662,-44.31152,-38.154602,128.112793,1.9060022084953103
38.1,-2.03833,-0.009277,-1.048584,-29.693602,68.252563,106.50634,2.2922486027228812
38.11,-2.065918,-0.048096,-1.094238,-13.252257,172.660812,64.086914,2.3383086213295283
38.12,-1.771973,-0.036865,-0.761719,-3.494262,246.627792,11.634826,1.9291094255938412
38.13,-1.317871,-0.005859,-0.415039,-4.951477,249.992355,-33.851624,1.381693045521689
38.14,-1.013184,0.041016,-0.140137,-6.652832,249.137863,-43.869015,1.023651556380881
38.15,-1.01123,0.047119,0.1875,1.213074,240.547165,-19.714355,1.0295448329533787
38.16,-1.043945,-0.012207,0.244141,15.213012,209.091171,23.506163,1.0721823547116414
38.17,-0.835205,-0.05835,-0.155273,29.640196,170.829758,59.951778,0.8515173627437082
38.18,-0.759521,-0.124268,-0.500977,42.579647,146.224976,63.819881,0.9183096644346067
38.19,-0.799561,-0.218018,-0.458984,51.528927,129.623413,45.402523,0.9473626303063679
38.2,-0.806152,-0.296875,-0.24585,57.815548,120.948784,28.648375,0.8935647907281262
38.21,-0.794189,-0.336182,-0.084229,61.82098,120.765678,25.764463,0.8665154524219404
38.22,-0.844482,-0.37793,0.063965,62.812801,133.964539,31.311033,0.9274009135476414
38.23,-0.83667,-0.426025,0.23291,67.871094,145.16449,39.810181,0.9673474337718584
38.24,-0.571045,-0.43335,0.219971,89.515678,132.102966,55.740353,0.7498478881519904
38.25,-0.28833,-0.44043,0.069092,118.186943,100.46386,75.309753,0.5309298242366876
38.26,-0.321533,-0.511475,0.017578,131.820679,61.462399,84.106438,0.6043998112160526
38.27,-0.507324,-0.662842,0.099854,129.150391,15.090941,76.202393,0.840659252762973
38.28,-0.79248,-0.769775,0.258057,115.32592,-22.354124,62.278744,1.1345358153333018
38.29,-0.87793,-0.73877,0.327881,98.098747,-67.092896,43.395992,1.1933348850850711
38.3,-0.723877,-0.618164,0.238525,86.97509,-134.162903,18.676758,0.9813352218533685
38.31,-0.506592,-0.503418,0.000732,77.232361,-220.931992,-15.213012,0.7141888216795331
38.32,-0.520996,-0.424805,-0.212158,49.903866,-249.992355,-50.399776,0.704916404267201
38.33,-0.812988,-0.324219,-0.134521,8.743286,-249.992355,-63.735958,0.8855299811672104
38.34,-0.955078,-0.234375,0.178223,-36.453247,-249.229416,-38.017273,0.9994343722516251
38.35,-0.97168,-0.158203,0.416016,-76.057434,-249.992355,29.647825,1.0687654204103911
38.36,-1.150391,-0.083984,0.442383,-105.560295,-249.992355,97.290031,1.2353766566622504
38.37,-1.512695,-0.078857,0.307861,-121.261589,-249.984726,116.34063,1.5457176277687332
38.38,-1.915283,-0.145508,-0.009033,-118.8507,-249.992355,82.19146,1.9208235585919913
38.39,-2.058105,-0.211182,-0.30957,-105.041496,-222.740158,16.052246,2.0919435013998346
38.4,-1.879639,-0.211182,-0.424561,-94.505302,-110.481255,-40.90118,1.938528475459156
38.41,-1.582031,-0.160156,-0.374268,-93.749992,-3.02124,-76.61438,1.6335692716016055
38.42,-1.338867,-0.143311,-0.217529,-94.993584,50.880428,-100.349419,1.363972782811666
38.43,-1.269531,-0.213379,0.031006,-81.550591,64.376831,-90.88134,1.287711508699833
38.44,-1.296875,-0.300293,0.302734,-62.58392,55.27496,-43.80798,1.365177104345806
38.45,-1.255615,-0.336426,0.313232,-66.558838,48.049923,-1.426697,1.3371109780137922
38.46,-1.203369,-0.336914,0.105225,-95.535271,52.642818,9.056091,1.2540655063360924
38.47,-1.261963,-0.344971,0.118408,-111.457817,66.986084,6.355285,1.313611837139876
38.48,-1.461914,-0.335693,0.497803,-91.308586,98.274223,14.114379,1.5804082258878558
38.49,-1.406006,-0.363281,0.821045,-46.127316,136.985779,29.251097,1.6682148689608303
38.5,-0.931641,-0.463379,0.604004,-18.013,176.444992,32.112122,1.2031192303915685
38.51,-0.628662,-0.541748,0.184326,-5.432128,212.280258,28.190611,0.8501075696780968
38.52,-0.554443,-0.532471,0.053711,7.843017,218.093857,22.743223,0.7705954046132121
38.53,-0.419922,-0.410889,0.094971,17.784119,197.250351,30.586241,0.5951333860959239
38.54,-0.570068,-0.259033,0.169678,31.158445,189.376816,65.071106,0.6487420468853549
38.55,-0.935303,-0.226074,-0.037598,47.180172,195.381149,100.318901,0.9629718401329294
38.56,-1.19751,-0.244141,-0.511963,59.471127,206.20726,99.70092,1.3250438261997224
38.57,-1.224365,-0.258789,-0.725098,69.145203,228.294357,87.394707,1.4463085802656361
38.58,-1.038818,-0.278564,-0.529297,78.239441,249.992355,102.554314,1.1987059912376345
38.59,-0.871338,-0.250488,-0.427979,80.131531,249.992355,121.261589,1.0025667922033923
38.6,-0.687256,-0.216309,-0.492188,62.866207,249.610886,110.03112,0.8725591214129849
38.61,-0.587158,-0.2146,-0.479248,27.06146,249.725327,79.704285,0.7877095419429677
38.62,-0.75,-0.207275,-0.362549,-7.827758,237.32756,68.908691,0.8584315365979981
38.63,-1.006836,-0.195801,-0.342285,-29.640196,210.151657,87.471001,1.081302817772154
38.64,-1.135254,-0.174805,-0.498291,-43.014523,199.310287,112.632744,1.2520592450926593
38.65,-1.050293,-0.096924,-0.66333,-48.294064,216.621384,116.012566,1.2460001350421275
38.66,-0.894775,-0.018311,-0.66626,-43.609615,234.771713,85.46447,1.1157329344184477
38.67,-0.945801,-0.029053,-0.642822,-40.298458,212.776169,39.978027,1.1439421891398185
38.68,-1.067871,-0.063721,-0.734619,-52.459713,152.168274,13.031005,1.2977187344116599
38.69,-1.033936,0.017822,-0.72168,-76.148987,115.310661,29.090879,1.2610167715696725
38.7,-0.920898,0.187988,-0.442627,-91.819756,149.520874,86.242668,1.038899069051946
38.71,-0.696045,0.278564,-0.328613,-92.224113,194.900497,147.705078,0.818573788909711
38.72,-0.495117,0.222656,-0.470215,-65.948486,178.543076,165.1306,0.718205182555793
38.73,-0.364502,0.068359,-0.625,-17.456055,100.234978,129.447937,0.72674593971002
38.74,-0.318115,-0.106445,-0.679688,24.948118,-0.801086,74.409485,0.7579600705802384
38.75,-0.283447,-0.182373,-0.593994,46.607967,-110.969536,27.343748,0.68295752794299
38.76,-0.378906,-0.147949,-0.469971,46.600338,-209.60997,-2.388,0.6215556324883559
38.77,-0.573975,-0.085938,-0.398438,33.828735,-249.992355,-27.664183,0.7039783237522304
38.78,-0.866211,-0.013916,-0.318604,25.505064,-249.992355,-51.269527,0.9230512772284105
38.79,-1.213135,0.03418,-0.231445,29.58679,-249.031052,-63.049313,1.2354884008561149
38.8,-1.548584,0.038818,-0.290039,35.896301,-249.992355,-49.629208,1.5759891699186894
38.81,-1.877686,0.037598,-0.4104,28.861998,-249.992355,-28.274534,1.9223804213006332
38.82,-2.028564,0.032471,-0.372314,7.194519,-249.977097,-31.143187,2.0627030766770575
38.83,-1.927734,0.026123,-0.334229,-21.27075,-244.880661,-61.18774,1.9566680378454595
38.84,-1.75,0.056152,-0.382568,-34.820557,-175.834641,-91.430656,1.792208503977146
38.85,-1.518311,0.076904,-0.346924,-18.386841,-86.09771,-104.446404,1.5593392125233687
38.86,-1.241699,0.039795,-0.225098,7.019042,-30.677794,-110.145561,1.2625645164624262
38.87,-1.057373,-0.054199,-0.14209,14.007567,4.074097,-114.837639,1.0682531351837914
38.88,-0.937988,-0.174561,-0.11499,-1.846313,18.02063,-110.977165,0.9609972585626871
38.89,-0.821289,-0.240723,-0.061279,-27.839659,11.993407,-94.41375,0.8580316428261839
38.9,-0.687012,-0.247314,0.041992,-48.995968,-5.767822,-70.083618,0.7313774885816489
38.91,-0.612793,-0.238281,0.143555,-58.708187,-27.229307,-47.744747,0.6729792967357912
38.92,-0.580811,-0.244141,0.181152,-59.013363,-53.764339,-34.301758,0.6555625772616982
38.93,-0.581055,-0.255371,0.125732,-54.077145,-79.51355,-28.877256,0.6470299811368867
38.94,-0.611328,-0.25415,0.009766,-46.730038,-93.635551,-26.710508,0.6621250039380782
38.95,-0.714355,-0.250488,-0.112549,-41.885372,-91.957085,-26.329039,0.7653199210591607
38.96,-0.839111,-0.244385,-0.18457,-40.489193,-89.950554,-28.099058,0.8932510192806947
38.97,-0.949707,-0.22168,-0.128418,-35.491943,-95.321648,-26.885984,0.9836547112544116
38.98,-1.019775,-0.183594,-0.042236,-19.050598,-99.182121,-15.624999,1.0370302248039833
38.99,-0.990479,-0.144287,-0.081299,2.166748,-95.748894,1.708984,1.0042295132144843
39.0,-1.013672,-0.085449,-0.188965,18.836975,-81.123344,12.908935,1.034669138618718
39.01,-1.064941,-0.012939,-0.282959,30.624388,-60.043331,13.47351,1.1019675797785522
39.02,-1.083008,0.054688,-0.388184,43.579098,-32.798767,12.763976,1.1517742501306407
39.03,-0.995361,0.097412,-0.456055,62.118526,-1.022339,17.00592,1.0991900568555013
39.04,-0.961182,0.102783,-0.360107,83.076469,29.541014,21.842955,1.0315581581578424
39.05,-1.066406,0.013428,-0.247803,97.679131,44.837948,19.416809,1.0949010890619297
39.06,-1.126953,-0.094727,-0.190918,97.412102,30.97534,10.269164,1.1469289217131113
39.07,-1.142822,-0.198242,-0.21875,82.824699,3.616333,-2.326965,1.180336213435816
39.08,-1.165771,-0.260742,-0.260742,57.731625,-17.14325,-1.785278,1.2226998019011044
39.09,-1.286621,-0.205322,-0.285156,26.18408,-9.414673,12.931823,1.3337408540121278
39.1,-1.44043,-0.046875,-0.290527,-0.190735,28.106688,21.499632,1.4701842701695595
39.11,-1.473389,0.093506,-0.228271,-7.087707,82.695,16.578674,1.4938963038972954
39.12,-1.383057,0.167969,-0.110107,8.056641,141.517639,12.489318,1.3975635233001038
39.13,-1.252197,0.197998,-0.012695,38.566589,200.988754,20.843504,1.267817691088904
39.14,-1.126709,0.17041,-0.038574,72.8302,247.642502,34.843445,1.140175728673874
39.15,-1.093262,0.070313,-0.177002,96.191399,249.992355,38.627625,1.109727636231972
39.16,-1.15625,-0.085938,-0.29248,103.492729,248.756393,31.517027,1.1957608258945431
39.17,-1.104492,-0.224365,-0.35791,95.977776,226.966843,35.308838,1.182515031358587
39.18,-1.013672,-0.236816,-0.313477,71.983337,198.684677,62.644955,1.0871433074664076
39.19,-0.975342,-0.150879,-0.280029,36.384583,198.295578,95.42083,1.025900935980663
39.2,-0.894287,-0.068115,-0.278809,6.401062,213.661179,122.589104,0.9392142194808383
39.21,-0.816162,-0.013916,-0.26123,-3.677368,226.020798,147.377014,0.8570619453691781
39.22,-0.79834,0.015137,-0.221191,5.447387,225.929245,156.059265,0.8285537658172825
39.23,-0.7854,-0.007813,-0.191406,25.215147,208.084091,142.066956,0.8084246778797639
39.24,-0.694824,-0.049316,-0.212646,45.043941,175.880417,121.208183,0.7283067898543855
39.25,-0.666504,-0.062988,-0.304443,53.619381,144.126892,106.117241,0.7354458582445074
39.26,-0.725342,-0.04248,-0.446777,47.172543,114.608757,90.515129,0.852956772112749
39.27,-0.743164,0.006592,-0.551025,28.007505,85.84594,73.303223,0.9251836228473783
39.28,-0.775146,0.085693,-0.568359,4.066467,68.237305,66.299438,0.965000810593442
39.29,-0.854492,0.171387,-0.51416,-6.233215,64.819336,70.770264,1.0118747884165313
39.3,-0.908447,0.223145,-0.454346,0.137329,68.664551,68.054199,1.039951888574659
39.31,-0.904541,0.21582,-0.450439,6.362915,70.503235,55.061337,1.0332802068180733
39.32,-0.835449,0.159912,-0.422607,9.414673,63.3316,43.601986,0.9498123792591882
39.33,-0.789551,0.075195,-0.342529,15.090941,43.632504,42.053219,0.8639277663479743
39.34,-0.760742,-0.029297,-0.3125,18.814087,12.08496,45.593258,0.8229477229891338
39.35,-0.754395,-0.122314,-0.304199,14.488219,-24.658201,37.948608,0.822562801384794
39.36,-0.769287,-0.151123,-0.312012,5.081176,-62.07275,9.140015,0.8437962654823735
39.37,-0.81665,-0.138184,-0.276855,-4.135132,-99.937431,-28.251646,0.8733044895000827
39.38,-0.875,-0.114502,-0.251465,-15.632628,-135.406494,-48.660275,0.9175894257395297
39.39,-0.9646,-0.083984,-0.233398,-19.950867,-166.664108,-54.420467,0.9959824790928805
39.4,-1.112549,-0.066895,-0.225586,-16.944885,-194.74791,-59.844967,1.13715841544703
39.41,-1.239502,-0.066406,-0.304443,-12.100219,-215.599045,-64.788818,1.2780690533335828
39.42,-1.356445,-0.067139,-0.384521,-5.088806,-219.329819,-64.910889,1.4114910849123348
39.43,-1.463623,-0.055176,-0.38623,-1.029968,-204.795822,-66.062927,1.514731094948869
39.44,-1.432861,-0.018799,-0.359619,0.205994,-183.433517,-73.020935,1.4774200055783053
39.45,-1.373047,-0.000488,-0.338135,7.110595,-168.586716,-78.361511,1.4140698641078524
39.46,-1.371094,-0.01123,-0.341553,15.808105,-160.713181,-75.424194,1.4130404529046576
39.47,-1.407959,-0.008789,-0.390137,20.1416,-141.76178,-60.340878,1.4610382168071443
39.48,-1.471924,-0.000732,-0.523682,21.65222,-105.056755,-40.168758,1.56230715121067
39.49,-1.474121,0.013428,-0.520508,21.942137,-59.906002,-30.746458,1.5633750707648502
39.5,-1.416504,0.023682,-0.379883,20.935057,-15.1062,-40.229794,1.4667499830676667
39.51,-1.381348,0.015381,-0.386963,23.139952,31.066893,-47.279354,1.4346076939825745
39.52,-1.362549,0.035156,-0.478516,30.792234,85.380547,-35.072327,1.4445598928369152
39.53,-1.315918,0.061035,-0.535156,39.146423,138.366699,-20.835875,1.421885156503506
39.54,-1.243164,0.061035,-0.577881,47.195431,181.091293,-9.620667,1.3722712750334753
39.55,-1.155029,0.052979,-0.568359,56.121822,210.23558,4.333496,1.2883829858248674
39.56,-0.980225,0.050049,-0.298096,67.115784,220.771774,20.736692,1.0257715039140052
39.57,-0.820313,0.006836,-0.070801,81.977837,214.515671,47.126766,0.8233911163390094
39.58,-0.602295,-0.092285,-0.040039,102.294914,189.491257,82.656853,0.6106381168671017
39.59,-0.476318,-0.227783,-0.269043,119.926445,146.568298,112.251274,0.5925774785308668
39.6,-0.746826,-0.38916,-0.591309,117.736809,95.230095,108.833305,1.028999957899416
39.61,-1.216309,-0.432861,-0.796875,80.970757,58.586117,60.867306,1.5171637994715665
39.62,-1.282959,-0.246826,-0.627197,34.286499,65.460205,7.873535,1.4492352972398925
39.63,-1.122559,0.027588,-0.283203,10.009766,101.325981,3.52478,1.158060337561908
39.64,-0.98584,0.268311,-0.309082,11.367797,119.667046,39.0625,1.0674282088482578
39.65,-0.633789,0.378418,-0.572266,38.108826,105.537407,81.008904,0.9340112708104759
39.66,-0.544922,0.286377,-0.666748,72.906494,92.056267,118.759148,0.907471579564341
39.67,-0.801025,0.096924,-0.513672,80.123901,97.633354,140.563965,0.9565010381515537
39.68,-0.911377,-0.050781,-0.455566,71.006775,104.820244,131.401062,1.0201603434980209
39.69,-0.638916,-0.080811,-0.467285,84.777824,95.993034,89.157097,0.7956754011542647
39.7,-0.55957,-0.044922,-0.432617,92.460625,80.42907,55.000301,0.7087270558353195
39.71,-0.682861,-0.030273,-0.413574,70.81604,45.143124,45.646664,0.7989111673559208
39.72,-0.750977,0.004639,-0.396729,48.957821,-10.231017,48.652645,0.849342024328833
39.73,-0.983154,0.030273,-0.415283,49.613949,-51.597591,54.840084,1.0676929391608807
39.74,-1.242188,0.05542,-0.448242,58.685299,-63.415524,47.370907,1.3217500876898023
39.75,-1.283936,0.056396,-0.452637,68.916321,-59.997555,22.682188,1.3625536373592784
39.76,-1.297607,0.021729,-0.461182,82.237236,-50.117489,4.852295,1.3772962328468048
39.77,-1.351318,-0.018799,-0.520508,89.302055,-32.180786,-1.449585,1.4482203967590705
39.78,-1.398926,-0.036377,-0.605469,85.868828,0.167847,-2.365112,1.524765539211193
39.79,-1.379395,-0.016357,-0.608398,81.329338,44.662472,-1.083374,1.5076956734958151
39.8,-1.265625,-0.010742,-0.536133,84.968559,88.081352,0.762939,1.3745401503331942
39.81,-1.181152,-0.045166,-0.476074,92.956535,123.435966,2.655029,1.2742866506936341
39.82,-1.120605,-0.101318,-0.504395,95.756523,147.674561,1.251221,1.233059292643302
39.83,-0.931885,-0.128906,-0.524414,92.124931,157.684326,-0.457764,1.0770498843865126
39.84,-0.787598,-0.137939,-0.489258,85.357658,156.1203,3.456115,0.9373959504334335
39.85,-0.757324,-0.159912,-0.444336,75.416565,144.035339,13.031005,0.8924942406626499
39.86,-0.754395,-0.179443,-0.422363,62.759396,130.4245,18.661499,0.8830074235492021
39.87,-0.748779,-0.19458,-0.476074,52.711483,123.458855,18.64624,0.9083929880382169
39.88,-0.783203,-0.220947,-0.593262,44.013973,124.679558,17.349243,1.0070671857736206
39.89,-0.80835,-0.243896,-0.606201,33.798218,137.557983,14.73236,1.0394203354355733
39.9,-0.70166,-0.270264,-0.486328,31.929014,157.608032,10.421752,0.895479932148119
39.91,-0.550537,-0.334961,-0.350586,36.66687,168.830856,5.088806,0.7336214304980465
39.92,-0.398193,-0.412354,-0.193848,34.004211,158.485413,5.027771,0.6051202638062949
39.93,-0.222412,-0.472412,-0.094482,22.90344,126.983635,9.45282,0.5306289134715522
39.94,-0.178955,-0.547119,-0.158447,18.135071,83.091728,12.535094,0.5970507047102449
39.95,-0.267578,-0.622803,-0.376221,16.113281,38.726807,12.367248,0.7752572500363992
39.96,-0.422852,-0.621338,-0.639893,3.105163,6.500244,10.238647,0.9870804301560233
39.97,-0.536377,-0.535645,-0.752441,-15.205382,-9.407043,2.174377,1.068074581026531
39.98,-0.568848,-0.414063,-0.733398,-28.656004,-16.174316,-11.634826,1.016321229472749
39.99,-0.507324,-0.286377,-0.76123,-36.140442,-21.293638,-23.353575,0.9585721360466306
40.0,-0.409668,-0.176758,-0.848389,-39.093018,-30.479429,-24.436949,0.9585588954826928
40.01,-0.351807,-0.123779,-0.868896,-31.631468,-46.104427,-13.916015,0.9455525712016228
40.02,-0.372559,-0.154297,-0.799805,-11.344909,-66.581726,7.133483,0.8957096687627079
40.03,-0.51416,-0.265869,-0.726318,5.760192,-83.778374,25.192259,0.9287543635886725
40.04,-0.697021,-0.387207,-0.716064,11.177062,-97.259514,25.581358,1.071688008417562
40.05,-0.807129,-0.440918,-0.770508,10.353087,-103.149406,7.339477,1.1998118533457651
40.06,-0.933594,-0.423828,-0.864014,6.408691,-100.21209,-14.442443,1.3408012987076048
40.07,-1.052246,-0.35376,-0.936768,-3.52478,-82.084648,-25.726316,1.4525501946370047
40.08,-1.06543,-0.225098,-0.979736,-12.779235,-43.281551,-15.884398,1.4648183587735375
40.09,-1.010498,-0.081055,-1.019775,-8.880615,14.549254,9.017944,1.4379211284538524
40.1,-0.863037,0.02417,-1.10791,5.882263,73.623657,35.736084,1.404593044397202
40.11,-0.761963,0.080078,-1.128418,28.083799,122.901909,56.488033,1.3639381518884937
40.12,-0.712646,0.070801,-1.139893,55.259701,156.333923,66.215515,1.346192094155214
40.13,-0.655518,0.017334,-1.130127,78.193665,177.627548,62.44659,1.3065953283281708
40.14,-0.578125,-0.040039,-1.09082,88.272087,187.957748,53.207394,1.235200351985863
40.15,-0.520264,-0.0625,-1.115723,84.571831,184.730515,45.257565,1.2326470266970184
40.16,-0.455811,-0.031006,-1.184326,74.72229,163.528427,39.68811,1.2693908436856634
40.17,-0.396973,0.056152,-1.196777,69.999695,125.831596,37.93335,1.2621472963018223
40.18,-0.417236,0.135498,-1.070068,79.483032,79.38385,38.497925,1.1564995081382439
40.19,-0.511475,0.143311,-0.905518,107.26165,32.623291,41.992184,1.0498131103534571
40.2,-0.604492,0.087402,-0.895752,148.704529,-8.18634,48.530575,1.0841684985148756
40.21,-0.67041,0.010498,-1.018311,193.008408,-39.367676,47.45483,1.2192280626794152
40.22,-0.7771,-0.061768,-1.088379,227.210983,-56.236263,23.368834,1.3387563420820834
40.23,-0.880859,-0.12915,-0.999512,247.238144,-57.090755,-24.017332,1.3385128085024065
40.24,-0.905273,-0.182617,-0.832764,249.992355,-45.471188,-70.587158,1.2435288709611851
40.25,-0.874268,-0.228027,-0.705078,249.885544,-30.639647,-96.076958,1.1460697337583783
40.26,-0.809326,-0.295654,-0.566406,249.908432,-24.749754,-97.610466,1.0311331722081294
40.27,-0.851563,-0.381348,-0.440918,249.992355,-28.755186,-85.487358,1.031985718310578
40.28,-0.845703,-0.490479,-0.358398,248.611435,-56.968685,-91.423027,1.0412647790326914
40.29,-0.799805,-0.565674,-0.309082,233.474716,-88.752739,-119.659416,1.0272325905193038
40.3,-0.767334,-0.602783,-0.223633,210.250839,-115.997307,-149.917603,1.0010796828095154
40.31,-0.739746,-0.656738,-0.137939,187.736496,-137.184143,-174.262985,0.9987773089538028
40.32,-0.688965,-0.732422,-0.075195,162.429794,-155.906677,-193.466171,1.0083496642207008
40.33,-0.618896,-0.796631,-0.001953,133.720398,-173.614487,-203.254684,1.008789880592584
40.34,-0.487305,-0.840576,0.052734,94.03228,-188.102707,-200.843796,0.9730442176782101
40.35,-0.383301,-0.863525,0.083008,43.251034,-193.717941,-191.177353,0.9484120466811881
40.36,-0.242188,-0.904541,0.103027,-4.066467,-207.153305,-178.001389,0.9420530827686941
40.37,-0.129883,-0.996338,0.084229,-43.579098,-222.267136,-155.860901,1.0082923823841972
40.38,-0.101074,-1.132568,0.022217,-80.718987,-234.748825,-124.084465,1.1372861659182354
40.39,-0.127441,-1.236328,-0.089844,-134.063721,-239.402756,-91.140739,1.246122015053502
40.4,-0.24707,-1.194824,-0.143066,-200.16478,-231.544479,-63.354488,1.2284607670707275
40.41,-0.393066,-1.041992,-0.149658,-249.008163,-215.354904,-47.622677,1.1236750977858323
40.42,-0.453125,-0.907959,-0.172852,-249.992355,-193.6035,-58.471676,1.0293636991899413
40.43,-0.501221,-0.841553,-0.280762,-231.727585,-161.155685,-91.896049,1.018951050489669
40.44,-0.543945,-0.801025,-0.421143,-176.940903,-125.610344,-131.645203,1.055878136954734
40.45,-0.638184,-0.777344,-0.508301,-120.208733,-76.98822,-161.254868,1.1269039084114492
40.46,-0.677246,-0.746826,-0.52124,-83.709709,-24.955748,-166.90062,1.1349459706928784
40.47,-0.586914,-0.695068,-0.506836,-69.534302,20.469664,-146.980286,1.0413790371022456
40.48,-0.370117,-0.647461,-0.468018,-67.550659,45.753475,-113.136284,0.8804732753093645
40.49,-0.175781,-0.621338,-0.424561,-68.771362,48.294064,-78.781128,0.772794871182515
40.5,-0.03125,-0.610596,-0.388672,-67.970276,27.664183,-53.962704,0.7244790965238405
40.51,0.037354,-0.602051,-0.397949,-62.515255,-8.026123,-41.969296,0.7226507694024825
40.52,0.00293,-0.587402,-0.469971,-54.206844,-51.567074,-44.540401,0.7522781635439114
40.53,-0.149414,-0.54834,-0.562744,-48.156734,-93.414299,-59.585567,0.7998012931547436
40.54,-0.367188,-0.484375,-0.616455,-46.188351,-125.846855,-82.710258,0.8657152736286914
40.55,-0.56665,-0.413574,-0.625244,-46.104427,-148.5672,-110.809319,0.9397157737912033
40.56,-0.625732,-0.378906,-0.629395,-44.410702,-165.473923,-135.444641,0.9650121028696997
40.57,-0.524414,-0.382813,-0.684082,-40.344234,-177.940353,-142.791748,0.943145810089299
40.58,-0.406006,-0.452148,-0.768555,-38.757324,-187.065109,-128.387451,0.9797731747527078
40.59,-0.352783,-0.562012,-0.802979,-44.68536,-198.356613,-97.045891,1.041675864976241
40.6,-0.380371,-0.671143,-0.752441,-57.357784,-215.744003,-56.999203,1.0776281745439844
40.61,-0.514648,-0.763184,-0.61377,-70.625305,-234.168991,-16.693115,1.10635708279922
40.62,-0.697266,-0.802979,-0.476563,-79.750061,-234.840378,18.77594,1.1653615070723762
40.63,-0.817627,-0.788574,-0.468994,-80.558769,-199.790939,47.805782,1.2289500545754493
40.64,-0.862793,-0.722168,-0.587891,-74.85199,-125.480644,66.200256,1.2694700504360077
40.65,-0.792236,-0.639893,-0.724854,-69.480896,-36.590576,64.987183,1.2500057009713996
40.66,-0.600342,-0.615967,-0.756592,-57.846066,42.892452,46.592709,1.1455380030871958
40.67,-0.399902,-0.662598,-0.698242,-37.147522,95.260612,27.107237,1.0423529199709665
40.68,-0.258545,-0.746826,-0.669434,-13.313293,112.861626,11.840819,1.0357299221597298
40.69,-0.194824,-0.834473,-0.666748,7.354736,97.846977,-7.5531,1.0857506501075649
40.7,-0.192139,-0.904053,-0.648193,14.091491,56.037899,-35.377502,1.1288859053859253
40.71,-0.231445,-0.926514,-0.64624,3.112793,0.62561,-65.460205,1.153091981509281
40.72,-0.332275,-0.894043,-0.639404,-17.860413,-52.108761,-83.045952,1.1482843884203948
40.73,-0.499268,-0.822266,-0.615723,-37.963867,-89.530937,-80.406181,1.1421491685891998
40.74,-0.692383,-0.730225,-0.611816,-52.62756,-106.277458,-65.063477,1.1776848420396688
40.75,-0.840088,-0.635254,-0.643799,-61.042782,-102.615349,-48.866268,1.2344118618439308
40.76,-0.894531,-0.546143,-0.661133,-59.417721,-80.642693,-34.370422,1.2391750199624747
40.77,-0.855469,-0.480713,-0.622314,-44.975277,-46.363827,-20.149229,1.1619754355949183
40.78,-0.749756,-0.460693,-0.538574,-21.263121,-11.291503,-7.591247,1.0317141334987128
40.79,-0.617676,-0.503906,-0.487549,3.517151,8.674622,-1.312256,0.9344243817522101
40.8,-0.512695,-0.591797,-0.525146,19.836426,1.922607,-6.286621,0.9427927521730319
40.81,-0.426025,-0.666016,-0.623047,22.048948,-32.226563,-21.598814,1.0066092474689472
40.82,-0.381104,-0.697998,-0.709717,8.499146,-82.458488,-45.364376,1.0658985349971168
40.83,-0.423828,-0.701904,-0.657471,-15.86151,-133.811951,-70.968628,1.0509840696418762
40.84,-0.570801,-0.672119,-0.516357,-37.92572,-167.5186,-77.659607,1.0218523783849602
40.85,-0.804443,-0.60498,-0.465088,-49.102779,-169.723495,-61.82098,1.1087994356027604
40.86,-0.977051,-0.535156,-0.551514,-54.405209,-138.763428,-49.621578,1.2430560297641453
40.87,-0.968994,-0.473633,-0.646973,-53.848263,-81.008904,-48.576351,1.2577168415243551
40.88,-0.911133,-0.431885,-0.620361,-39.390564,-13.145446,-45.097347,1.1838647588449451
40.89,-0.852295,-0.41748,-0.565186,-14.22119,42.79327,-43.075558,1.1045956418622156
40.9,-0.694824,-0.469727,-0.584473,8.010864,70.144653,-54.016109,1.0222683274140896
40.91,-0.452393,-0.573242,-0.614258,18.089294,61.431881,-65.986633,0.9542424783968695
40.92,-0.271729,-0.674316,-0.568848,14.244079,26.94702,-64.880371,0.9231071250949155
40.93,-0.220215,-0.740967,-0.470215,-1.579285,-14.801024,-50.415035,0.9047811268693662
40.94,-0.288818,-0.764648,-0.412842,-25.108335,-42.251583,-27.099607,0.9157187985358825
40.95,-0.400635,-0.76416,-0.492188,-50.720211,-45.730587,-9.208679,0.9933267016289252
40.96,-0.470947,-0.750488,-0.64502,-72.929382,-31.089781,-11.71112,1.0959352696911437
40.97,-0.510254,-0.703125,-0.755127,-82.672112,-11.238097,-32.943726,1.151069370746177
40.98,-0.560059,-0.647461,-0.779053,-73.036194,1.899719,-59.570309,1.1574953161075858
40.99,-0.587402,-0.625732,-0.766846,-52.673336,4.257202,-79.940796,1.1509276402728366
41.0,-0.555664,-0.621338,-0.802246,-37.750244,-1.564026,-88.325493,1.1569019127203481
41.01,-0.549316,-0.592285,-0.866211,-35.583496,-9.910583,-84.152214,1.1844285903345968
41.02,-0.572266,-0.526855,-0.870117,-39.787292,-22.506712,-70.823669,1.1671195994712795
41.03,-0.476074,-0.463623,-0.764893,-41.000362,-37.742615,-53.764339,1.0132393799364492
41.04,-0.298828,-0.480225,-0.678711,-35.40802,-49.232479,-33.203125,0.8834946778164541
41.05,-0.263672,-0.607178,-0.709717,-28.968809,-57.006832,-7.766723,0.9705082520808364
41.06,-0.405518,-0.739502,-0.826904,-31.494139,-61.866756,16.113281,1.1811343198569755
41.07,-0.618896,-0.790527,-0.884766,-41.458126,-63.804623,30.120848,1.338198816058735
41.08,-0.79248,-0.771973,-0.855713,-49.09515,-65.040588,29.090879,1.3986463461139846
41.09,-0.797363,-0.720703,-0.845703,-44.464108,-64.498901,16.906738,1.3676308464593068
41.1,-0.661621,-0.669434,-0.837646,-26.878355,-54.832455,6.79779,1.2599742256542392
41.11,-0.563965,-0.695801,-0.796143,-6.942749,-41.023251,-2.540588,1.1983485424846145
41.12,-0.595703,-0.827148,-0.722168,7.759094,-41.809078,-9.002686,1.2492247589353167
41.13,-0.718262,-0.956543,-0.625977,18.196106,-58.525082,4.272461,1.350082225652201
41.14,-0.773682,-1.012207,-0.58667,13.710021,-75.286865,20.454405,1.4026148925749364
41.15,-0.712402,-0.988281,-0.590088,-11.886596,-78.697205,13.72528,1.3536690113572813
41.16,-0.6521,-0.897949,-0.557617,-41.213985,-70.480347,-3.494262,1.2419676063770746
41.17,-0.657715,-0.782227,-0.434814,-53.230282,-56.983944,-7.766723,1.110644549507177
41.18,-0.693848,-0.696045,-0.313477,-47.096249,-43.685909,2.746582,1.0315868934113113
41.19,-0.713623,-0.67334,-0.306152,-36.643982,-33.836365,10.498046,1.027800364289194
41.2,-0.661377,-0.680908,-0.395264,-32.737732,-28.907774,5.928039,1.0282455301575593
41.21,-0.547607,-0.676025,-0.491943,-34.393311,-29.373167,-2.120972,0.999445417380559
41.22,-0.446289,-0.662598,-0.544434,-36.705017,-33.859253,-3.562927,0.9667566195692688
41.23,-0.411133,-0.635254,-0.569824,-38.505554,-39.421082,1.945495,0.9472472640134676
41.24,-0.439697,-0.579346,-0.546631,-39.199829,-39.93988,12.535094,0.9098245378566133
41.25,-0.481445,-0.527344,-0.47998,-36.499023,-29.045103,26.504515,0.8603846713889085
41.26,-0.526855,-0.490234,-0.44165,-31.86035,-9.223938,38.81073,0.8443697580331735
41.27,-0.525391,-0.459717,-0.484131,-30.227659,10.803222,40.771481,0.8495635633258997
41.28,-0.446777,-0.440186,-0.561279,-31.761168,26.30615,31.707762,0.8416694827341669
41.29,-0.361816,-0.436768,-0.601563,-32.691956,33.889771,21.972654,0.8267739392657463
41.3,-0.351807,-0.44751,-0.589844,-31.333921,28.015135,16.609192,0.8197251427673791
41.31,-0.377197,-0.448975,-0.562012,-30.517576,4.768372,13.732909,0.8122275639117401
41.32,-0.345215,-0.440918,-0.558838,-32.012939,-32.295227,9.841919,0.7911270373290246
41.33,-0.295166,-0.430664,-0.575684,-35.804749,-72.07489,3.044128,0.7771785614052925
41.34,-0.338379,-0.4021,-0.607666,-42.716976,-105.270378,-7.415771,0.8033945015974406
41.35,-0.465576,-0.343506,-0.607422,-51.124569,-124.90844,-21.339415,0.8388795324097496
41.36,-0.56543,-0.269531,-0.548828,-55.999752,-129.348755,-35.385132,0.8328086325471177
41.37,-0.605225,-0.193115,-0.496338,-51.48315,-118.255608,-40.512081,0.8061898747156281
41.38,-0.683594,-0.147461,-0.49292,-35.308838,-87.432854,-32.279968,0.8555791195190542
41.39,-0.823975,-0.150879,-0.531738,-14.328002,-42.6712,-18.539429,0.992191802984685
41.4,-0.928467,-0.203857,-0.529785,-0.259399,0.663757,-10.688781,1.0882466598905784
41.41,-0.860352,-0.291016,-0.474365,3.005981,24.406431,-9.506226,1.0246550782507253
41.42,-0.585205,-0.375977,-0.44043,0.534058,27.816771,-7.843017,0.8232874233546872
41.43,-0.416504,-0.4375,-0.486328,-4.943848,29.808043,-6.996154,0.7754977469986615
41.44,-0.491455,-0.474121,-0.590088,-13.97705,32.432556,-15.586852,0.902509051151289
41.45,-0.696289,-0.484619,-0.652588,-27.175901,21.865843,-35.78186,1.0703013801850394
41.46,-0.793945,-0.482422,-0.537598,-40.695187,-9.147644,-57.296749,1.0733551410008713
41.47,-0.574951,-0.48291,-0.335938,-47.554012,-53.512569,-63.781734,0.8225722219629107
41.48,-0.347656,-0.517578,-0.261963,-47.866817,-89.256279,-55.01556,0.6762960104783999
41.49,-0.407959,-0.558838,-0.359131,-45.94421,-104.011528,-39.56604,0.7795547005092074
41.5,-0.727539,-0.539307,-0.681396,-43.876644,-90.484612,-23.91815,1.1333426426222566
41.51,-1.013184,-0.445068,-0.915527,-40.702816,-39.604187,-13.557433,1.436251033144624
41.52,-0.998779,-0.363281,-0.681885,-31.639097,37.017822,-12.001037,1.2627350193239277
41.53,-0.739258,-0.366943,-0.420166,-18.608093,94.383232,-20.317076,0.9261150162744366
41.54,-0.468262,-0.421143,-0.439453,-11.70349,107.864372,-35.392761,0.7679516041405213
41.55,-0.342285,-0.480957,-0.549316,-11.177062,84.144585,-47.515865,0.8063663714032226
41.56,-0.3396,-0.550293,-0.574463,-11.215209,45.0592,-53.024288,0.8649614351044791
41.57,-0.396973,-0.629883,-0.539307,-9.613037,4.974365,-51.765438,0.9193433508037135
41.58,-0.523193,-0.693115,-0.531738,-8.270264,-30.731199,-46.531673,1.0182753159720608
41.59,-0.705322,-0.728516,-0.530273,-10.231017,-55.549618,-44.670101,1.1442919821745672
41.6,-0.793945,-0.740234,-0.562256,-14.678954,-68.229675,-48.133846,1.2224675240336653
41.61,-0.73999,-0.720947,-0.639404,-19.386292,-66.383362,-51.330563,1.2149844657957565
41.62,-0.648438,-0.668457,-0.690918,-22.804258,-48.980709,-49.774166,1.1596009155813047
41.63,-0.643066,-0.602539,-0.702148,-23.933409,-22.201536,-45.31097,1.126764811653701
41.64,-0.699707,-0.549561,-0.709473,-21.52252,1.13678,-42.404171,1.1379627042653901
41.65,-0.693848,-0.515137,-0.698486,-16.448975,14.694213,-39.985657,1.1111587951634097
41.66,-0.585938,-0.505615,-0.667236,-9.048462,22.361753,-30.624388,1.0218482019189543
41.67,-0.395752,-0.519775,-0.638184,-1.289368,27.9541,-13.481139,0.9132713255024488
41.68,-0.245117,-0.549316,-0.586426,3.868103,32.043457,3.372192,0.8400749163146106
41.69,-0.226318,-0.604736,-0.503174,4.646301,26.168821,9.262085,0.8186021873266648
41.7,-0.336182,-0.672119,-0.411133,-1.724243,0.419617,-0.137329,0.8566169686470144
41.71,-0.509277,-0.713135,-0.350098,-12.748717,-45.112606,-19.920349,0.9436594727750047
41.72,-0.631836,-0.706299,-0.326416,-20.874022,-94.764702,-40.52734,1.0023085419934323
41.73,-0.683838,-0.631836,-0.366211,-20.118711,-123.565666,-48.767086,1.0004807032926721
41.74,-0.685059,-0.512939,-0.507813,-11.108397,-115.966789,-39.733887,0.9951312949410243
41.75,-0.671875,-0.416016,-0.646973,2.220154,-75.820923,-19.920349,1.0213027908558754
41.76,-0.6875,-0.393066,-0.646973,15.243529,-21.095274,1.823425,1.0226099907027115
41.77,-0.718506,-0.467529,-0.565918,24.581907,25.665281,19.790649,1.0271793517205259
41.78,-0.717285,-0.592529,-0.535156,29.869078,46.661373,34.812927,1.073303466593675
41.79,-0.681152,-0.690186,-0.531006,28.755186,33.38623,41.862484,1.1055732150047775
41.8,-0.591553,-0.74292,-0.422852,21.347044,-7.919311,32.341003,1.0395522555951673
41.81,-0.532715,-0.760254,-0.270264,11.680602,-63.049313,14.160155,0.9668578206939219
41.82,-0.591064,-0.726318,-0.209961,3.837585,-121.795647,-8.18634,0.9596760446843509
41.83,-0.78833,-0.675781,-0.269775,-0.076294,-169.91423,-39.329529,1.072810654069953
41.84,-0.980469,-0.625977,-0.406006,0.572205,-199.737534,-72.349548,1.232074484974833
41.85,-1.110596,-0.567139,-0.490967,7.759094,-195.884689,-87.127678,1.3401935366304374
41.86,-1.176025,-0.528076,-0.414307,21.797178,-154.052734,-69.091797,1.3540861688422936
41.87,-1.134766,-0.532227,-0.283447,36.247253,-88.317863,-27.381895,1.2850298269277642
41.88,-1.003418,-0.57959,-0.260254,41.114803,-19.302368,11.253356,1.1876465784651593
41.89,-0.917236,-0.677002,-0.262207,36.04126,37.04071,32.073975,1.1697889119618976
41.9,-0.930664,-0.795898,-0.222168,29.281614,69.595337,37.902832,1.2445672852537946
41.91,-0.969971,-0.866943,-0.203369,27.915953,76.629639,33.378601,1.3167356819996183
41.92,-0.941162,-0.866211,-0.233398,30.807493,66.101074,16.952515,1.3002238396403136
41.93,-0.888184,-0.801758,-0.272217,32.188416,51.734921,-8.148193,1.2271058648335929
41.94,-0.844482,-0.707031,-0.281982,31.417845,42.709347,-29.33502,1.1369065623915626
41.95,-0.832275,-0.622559,-0.257813,31.715391,43.838497,-34.011841,1.070854297780515
41.96,-0.802734,-0.577393,-0.220459,35.476685,53.993221,-18.173218,1.013097587543273
41.97,-0.724609,-0.566406,-0.228516,41.603085,68.79425,11.604308,0.9476779632201014
41.98,-0.649414,-0.600586,-0.304199,46.676632,80.238342,40.100098,0.9354031849384522
41.99,-0.635498,-0.658447,-0.404053,47.393795,82.130424,55.564877,1.000334437386817
42.0,-0.634277,-0.705078,-0.461426,43.434139,74.295044,56.961056,1.0546830103348588
42.01,-0.616211,-0.723633,-0.428711,39.550781,66.513062,53.512569,1.0426666949370733
42.02,-0.571045,-0.714111,-0.348633,40.603634,66.085815,54.89349,0.9785662374285147
42.03,-0.501953,-0.70459,-0.311768,43.853756,72.052002,56.327816,0.9195668372298992
42.04,-0.441162,-0.725098,-0.310303,43.80798,74.821472,44.509884,0.90370292223551
42.05,-0.477295,-0.765381,-0.306396,38.284302,64.620972,18.882751,0.9526264225823258
42.06,-0.693115,-0.804199,-0.299316,31.288145,39.077759,-10.963439,1.1030568900478344
42.07,-0.898438,-0.800537,-0.334717,28.999327,0.907898,-31.60095,1.2490339460166806
42.08,-0.822021,-0.747559,-0.407227,33.203125,-29.769896,-29.174803,1.1833836286052803
42.09,-0.719482,-0.664307,-0.480225,36.056519,-32.730103,-5.470275,1.0906760239401982
42.1,-0.758301,-0.612549,-0.501953,34.225464,-14.503478,17.822266,1.0964458482802513
42.11,-0.855957,-0.64624,-0.4646,30.693052,8.308411,28.45764,1.1688206378435486
42.12,-0.874512,-0.744385,-0.442383,30.693052,22.91107,33.630371,1.2306839501098565
42.13,-0.808594,-0.84082,-0.440674,36.354065,30.792234,39.100647,1.246994828983665
42.14,-0.75415,-0.897949,-0.419434,43.128963,36.956787,41.427608,1.2453832781344867
42.15,-0.78125,-0.89624,-0.371826,46.081539,43.395992,32.531738,1.2457336289817338
42.16,-0.835693,-0.866943,-0.351318,43.899532,48.774715,10.017395,1.2543513433731397
42.17,-0.813965,-0.853027,-0.371582,40.092468,51.094051,-11.253356,1.2362310733345931
42.18,-0.723633,-0.835449,-0.405029,37.322998,51.254269,-13.198852,1.1771441038084505
42.19,-0.662598,-0.807861,-0.413818,34.851074,51.49078,-0.099182,1.1237975093623407
42.2,-0.651855,-0.785156,-0.373779,30.372618,49.583431,13.275146,1.0867822349495782
42.21,-0.627441,-0.765625,-0.331543,23.765562,43.624874,20.38574,1.0439274926713062
42.22,-0.593018,-0.752197,-0.335693,15.716552,37.139893,20.76721,1.014968209049919
42.23,-0.549316,-0.737549,-0.384277,7.972717,30.197142,15.670775,0.9966922333328379
42.24,-0.518066,-0.711182,-0.385986,2.220154,25.367735,10.650634,0.9608108084716783
42.25,-0.524658,-0.66748,-0.293945,0.671387,23.506163,10.650634,0.8984426695059623
42.26,-0.547607,-0.633057,-0.231689,1.960754,23.124693,16.799927,0.8685127428074961
42.27,-0.5271,-0.606934,-0.278809,1.945495,20.729063,27.015684,0.850845314282802
42.28,-0.476318,-0.584717,-0.349365,-0.816345,17.173767,39.207458,0.8311610616709616
42.29,-0.446045,-0.558838,-0.348877,-0.694275,17.608643,52.742001,0.7955948801984587
42.3,-0.467773,-0.529541,-0.35498,7.377624,23.674009,64.27002,0.7907186924627494
42.31,-0.590088,-0.513672,-0.408447,22.102354,36.193848,65.597534,0.8825484253778939
42.32,-0.756104,-0.537842,-0.44165,37.246704,51.193233,52.261349,1.0276293097610636
42.33,-0.798096,-0.584473,-0.44043,48.805233,59.55505,35.491943,1.082840938386151
42.34,-0.659424,-0.623535,-0.430176,56.198116,62.789913,31.005857,1.0043342565983697
42.35,-0.509766,-0.648682,-0.389648,56.922909,69.152832,40.267941,0.9124008306572283
42.36,-0.450928,-0.666016,-0.310059,49.407955,73.425293,54.092403,0.8620034552836782
42.37,-0.512451,-0.682617,-0.236816,36.491394,67.649841,65.26947,0.8858068716972114
42.38,-0.64502,-0.712158,-0.246338,23.506163,51.055904,69.519043,0.9919184581446199
42.39,-0.803467,-0.730225,-0.328369,15.86151,32.936096,67.344666,1.134290073515148
42.4,-0.916992,-0.698975,-0.411133,17.654419,25.169371,59.944149,1.2241203872078923
42.41,-0.975098,-0.638916,-0.389893,28.228758,35.316467,47.592159,1.2292462390054322
42.42,-0.983154,-0.600342,-0.218018,42.358395,57.777401,39.398193,1.1724052853019726
42.43,-0.923828,-0.60376,-0.088135,54.397579,83.396904,49.118038,1.1071368882884356
42.44,-0.788818,-0.627441,-0.162109,58.349606,105.453484,73.219299,1.0208797056881873
42.45,-0.645996,-0.645752,-0.395752,53.588863,120.811455,94.863884,0.9954527226463344
42.46,-0.421387,-0.673828,-0.570801,44.654842,125.053398,95.726006,0.9784809446044415
42.47,-0.265381,-0.710205,-0.515869,35.232544,114.82238,76.583862,0.9170272854975472
42.48,-0.368896,-0.729492,-0.317383,27.709959,77.255249,49.049374,0.87691208542761
42.49,-0.637207,-0.720947,-0.235107,24.261473,16.418457,17.677307,0.9904911100595502
42.5,-0.776855,-0.711914,-0.36792,28.678892,-42.434689,-6.866455,1.1161049954287454
42.51,-0.774658,-0.680176,-0.551514,38.475037,-57.952877,-8.033752,1.1691458848817797
42.52,-0.872559,-0.575684,-0.584717,47.248837,-11.810302,13.72528,1.1977751234793617
42.53,-0.941895,-0.469971,-0.507813,47.561642,60.401913,32.50885,1.1687227964042628
42.54,-0.834473,-0.468994,-0.47998,36.766052,114.166252,29.800413,1.0708320877546582
42.55,-0.60083,-0.549561,-0.459229,24.436949,131.195068,23.460386,0.9348289982996889
42.56,-0.418701,-0.620361,-0.411865,25.924681,120.353691,36.972046,0.8542781022284255
42.57,-0.378662,-0.65918,-0.38501,41.992184,97.396843,58.79974,0.8521360705568096
42.58,-0.461914,-0.69458,-0.387695,57.800289,75.3479,64.941406,0.9198441894261223
42.59,-0.551514,-0.725098,-0.393555,62.934872,60.279842,50.056454,0.9923811464477749
42.6,-0.578857,-0.740479,-0.378174,60.005184,54.290768,28.167723,1.0131140854642184
42.61,-0.546875,-0.736816,-0.360107,55.847164,53.298946,15.022277,0.9857216315623798
42.62,-0.506592,-0.725586,-0.341797,53.88641,54.412838,16.471863,0.9486494015541252
42.63,-0.480225,-0.703613,-0.315186,53.1311,56.106564,27.57263,0.908311355753081
42.64,-0.461914,-0.688721,-0.299805,52.017208,57.28912,39.871216,0.8818073470220125
42.65,-0.453613,-0.697021,-0.325195,48.156734,56.167599,46.302792,0.8929472639719549
42.66,-0.461426,-0.730713,-0.344727,39.459229,47.370907,46.035763,0.9304257876768034
42.67,-0.461426,-0.761475,-0.327148,29.167173,28.511045,47.050472,0.9485694191807998
42.68,-0.453369,-0.770264,-0.293213,23.216246,6.622314,53.855892,0.9406508083375041
42.69,-0.472656,-0.770996,-0.295654,23.864744,-9.559631,63.072201,0.9514461698214987
42.7,-0.532227,-0.76709,-0.347412,28.976439,-17.860413,68.855286,0.9961866016831386
42.71,-0.610352,-0.770996,-0.394043,36.849976,-16.88385,69.587708,1.059355597412408
42.72,-0.729736,-0.770264,-0.451416,46.455379,-7.911682,65.788269,1.1530818116890058
42.73,-0.818115,-0.781494,-0.495605,56.617733,5.516052,57.952877,1.2351798821572508
42.74,-0.799072,-0.81958,-0.466553,64.987183,23.986814,49.896236,1.2360821733982736
42.75,-0.770264,-0.854248,-0.418945,67.459106,41.389462,43.235775,1.2241573380186879
42.76,-0.766846,-0.844238,-0.39209,62.004086,49.072262,35.163879,1.2060369631400192
42.77,-0.723389,-0.813721,-0.361816,51.658627,46.737667,28.099058,1.1473204996939608
42.78,-0.655518,-0.792725,-0.317627,44.30389,38.94043,30.166624,1.0765703344779662
42.79,-0.640381,-0.798584,-0.289795,43.121334,32.104492,41.267391,1.0638634180391766
42.8,-0.693604,-0.820801,-0.294922,45.982357,29.914854,54.00848,1.1143517292583165
42.81,-0.764404,-0.842529,-0.352051,49.812313,33.119202,63.133236,1.1908436075564246
42.82,-0.787109,-0.833984,-0.428711,52.61993,45.730587,64.941406,1.2242806098513526
42.83,-0.763428,-0.788818,-0.43335,53.37524,67.611694,58.723446,1.180189972338352
42.84,-0.701904,-0.732422,-0.38623,53.25317,86.524956,48.629757,1.0854882883753285
42.85,-0.633789,-0.69043,-0.351074,53.108212,91.926567,40.298458,1.0008171835540196
42.86,-0.584473,-0.663818,-0.334229,51.918026,80.345146,37.910461,0.9455009515034873
42.87,-0.560791,-0.646973,-0.325439,50.559994,58.41827,42.762753,0.9159536839442266
42.88,-0.585693,-0.628906,-0.352539,50.506588,40.977474,51.61285,0.9288933165902314
42.89,-0.668945,-0.618408,-0.421875,51.307674,38.032532,59.68475,1.0039394319947792
42.9,-0.762451,-0.61084,-0.501953,51.597591,51.750179,64.888,1.0983687209721515
42.91,-0.821533,-0.585449,-0.530518,51.765438,78.514099,67.802429,1.1397878530735446
42.92,-0.82666,-0.557129,-0.495605,52.085873,106.170647,68.061829,1.113276153641135
42.93,-0.779785,-0.534912,-0.453613,52.047726,122.337334,65.322876,1.048789896851605
42.94,-0.625244,-0.5354,-0.462891,53.0014,123.01635,59.913631,0.9443787891608959
42.95,-0.40918,-0.551514,-0.501465,55.702206,114.799492,53.0014,0.8503311771427647
42.96,-0.365967,-0.57251,-0.509766,57.144161,101.036064,42.427059,0.849447420353373
42.97,-0.496338,-0.586426,-0.486328,53.649899,73.013306,26.908873,0.9092644210041433
42.98,-0.613525,-0.564697,-0.470215,46.279903,32.409668,13.793944,0.957286672663419
42.99,-0.616211,-0.514404,-0.468262,41.038509,-5.256652,8.987427,0.929299075852871
43.0,-0.559326,-0.470215,-0.467041,42.030331,-23.521421,12.413024,0.8672225874491508
43.01,-0.536133,-0.431641,-0.439453,47.340389,-18.341064,21.293638,0.8166219968743188
43.02,-0.565186,-0.404053,-0.376709,53.733822,-0.213623,29.251097,0.7903187408166403
43.03,-0.617188,-0.395264,-0.323242,58.761593,15.449523,31.517027,0.8010243739138029
43.04,-0.61792,-0.390381,-0.335449,61.965939,18.692017,27.389524,0.8042067415546826
43.05,-0.544434,-0.374512,-0.380615,66.02478,11.741637,18.615723,0.7625846816747632
43.06,-0.444824,-0.354736,-0.401123,73.707581,-0.038147,7.736206,0.696136252324931
43.07,-0.4021,-0.337402,-0.385742,84.091179,-13.931273,-4.730225,0.6513995779611773
43.08,-0.447754,-0.327637,-0.345703,94.779961,-29.060362,-19.042969,0.6537126375510879
43.09,-0.54834,-0.339844,-0.303711,104.309074,-42.053219,-31.814573,0.7130295025151484
43.1,-0.624268,-0.373779,-0.287354,111.412041,-48.46954,-38.116455,0.7823001968432579
43.11,-0.622559,-0.416748,-0.332031,113.288872,-42.03796,-37.239075,0.8194529815346333
43.12,-0.594727,-0.484131,-0.424561,107.39135,-22.628782,-33.149719,0.8765472448254003
43.13,-0.587158,-0.560547,-0.494385,93.101494,1.266479,-28.923033,0.9504651410746214
43.14,-0.593262,-0.605957,-0.481445,74.287415,21.545408,-25.42877,0.9751579228607026
43.15,-0.561279,-0.624756,-0.406982,57.273861,35.263062,-25.497435,0.9332676591959029
43.16,-0.501465,-0.64502,-0.320557,47.164913,47.248837,-30.319212,0.8776529706404462
43.17,-0.466797,-0.709717,-0.258789,47.286983,63.980099,-34.416199,0.8880143049630451
43.18,-0.476563,-0.827148,-0.29248,54.977413,91.621391,-31.135557,0.9984140710511846
43.19,-0.520752,-0.947266,-0.443604,57.91473,132.621765,-22.003172,1.168451979790355
43.2,-0.56543,-1.015137,-0.612549,45.852657,179.603561,-15.029906,1.313556428582343
43.21,-0.575928,-1.016357,-0.664307,25.726316,220.603928,-13.931273,1.3438669587730774
43.22,-0.554443,-1.003418,-0.625977,13.618468,246.734604,-14.366149,1.3061783674146497
43.23,-0.534424,-1.021484,-0.601807,16.647339,249.992355,-11.772155,1.3004653933423218
43.24,-0.532959,-1.088623,-0.652588,28.274534,249.816879,-6.973266,1.376595957263423
43.25,-0.568115,-1.165527,-0.762939,34.088135,249.885544,-4.013062,1.5044214032893177
43.26,-0.614258,-1.1875,-0.827881,27.305601,249.992355,-4.165649,1.572531745538067
43.27,-0.619141,-1.134277,-0.807861,12.825011,244.13298,-5.767822,1.5239945163716961
43.28,-0.567871,-1.028076,-0.762207,-0.62561,222.602829,-6.736755,1.4001347239698043
43.29,-0.473145,-0.910645,-0.762207,-7.263183,194.305405,-6.92749,1.2783192159625074
43.3,-0.370117,-0.80835,-0.848389,-7.965087,163.11644,-7.888793,1.2288938975802588
43.31,-0.261719,-0.737305,-0.955566,-5.950927,131.607056,-9.719849,1.2349987361702035
43.32,-0.209717,-0.686523,-0.965576,-2.197266,105.24749,-11.871337,1.2031758231422371
43.33,-0.230469,-0.65332,-0.878906,2.838135,84.396355,-15.007018,1.1191151590417314
43.34,-0.315186,-0.631348,-0.786133,7.476806,65.490723,-18.562317,1.0563842129589973
43.35,-0.407471,-0.601074,-0.730713,10.711669,46.936031,-19.943237,1.0301767118732592
43.36,-0.461914,-0.568115,-0.708252,13.069152,34.393311,-19.042969,1.0186952891444037
43.37,-0.483154,-0.541016,-0.706055,15.11383,30.204771,-16.304016,1.0122498520607448
43.38,-0.478271,-0.530273,-0.709473,15.457152,34.072876,-11.528014,1.0066203562907914
43.39,-0.424561,-0.529297,-0.67041,12.161254,43.762203,-3.532409,0.9538642068082857
43.4,-0.333252,-0.550781,-0.592285,6.317138,53.428646,7.278442,0.8747674700684748
43.41,-0.266602,-0.588623,-0.530273,0.25177,58.624264,16.647339,0.8359085578351259
43.42,-0.241455,-0.624512,-0.51416,-5.332946,56.488033,19.729614,0.8442015522190184
43.43,-0.261475,-0.641602,-0.53125,-10.078429,49.377438,15.830993,0.8730686482339175
43.44,-0.291016,-0.634766,-0.548584,-12.367248,42.091366,9.460449,0.8880104684450516
43.45,-0.320068,-0.631348,-0.570313,-10.116576,40.557858,7.209777,0.9090108578542943
43.46,-0.345703,-0.631104,-0.614502,-3.372192,48.156734,8.056641,0.9462639859093233
43.47,-0.354736,-0.644775,-0.664307,6.29425,63.07983,9.620667,0.9914011400891165
43.48,-0.32373,-0.665527,-0.688477,15.350341,75.965881,9.681702,1.0108055600153771
43.49,-0.259277,-0.682373,-0.673584,21.011351,77.36969,4.920959,0.9932637509312418
43.5,-0.19458,-0.69043,-0.633789,23.910521,64.575195,-4.844666,0.9572060686294254
43.51,-0.190918,-0.697754,-0.577637,26.741026,40.832516,-16.052246,0.9257293508412704
43.52,-0.268311,-0.70752,-0.517578,30.204771,13.862609,-24.505613,0.9167673255548542
43.53,-0.387695,-0.721924,-0.480957,32.371521,-5.622863,-26.771544,0.9501585713184931
43.54,-0.470947,-0.744873,-0.493164,31.448362,-10.101317,-19.203186,1.009870087602361
43.55,-0.486572,-0.767578,-0.549561,26.580809,2.120972,-1.777649,1.0620478284846686
43.56,-0.4729,-0.7771,-0.623047,17.440796,26.588438,17.89856,1.1025907600778269
43.57,-0.434082,-0.758301,-0.67334,5.439758,50.529476,28.95355,1.1031021461881942
43.58,-0.338379,-0.723389,-0.673584,-1.731872,62.469479,28.152464,1.044752314196049
43.59,-0.220459,-0.692139,-0.651367,3.65448,58.975216,19.462585,0.9756728625369263
43.6,-0.181152,-0.664795,-0.636963,19.073486,45.043941,4.226685,0.9383444476832588
43.61,-0.251221,-0.64209,-0.639893,34.744263,28.282164,-15.251159,0.9406671092315284
43.62,-0.351074,-0.641357,-0.652588,42.572018,14.419555,-29.754637,0.9800320671636208
43.63,-0.390625,-0.645508,-0.632568,42.41943,9.475708,-26.268003,0.9845865849751356
43.64,-0.371582,-0.668945,-0.570801,38.658142,18.341064,-1.220703,0.954659299095756
43.65,-0.329834,-0.718018,-0.513184,33.958435,39.604187,32.020569,0.9421773366707565
43.66,-0.275146,-0.772949,-0.486084,29.060362,61.935421,54.115292,0.9536420360769547
43.67,-0.224365,-0.824463,-0.490234,25.489805,71.937561,55.442806,0.9850930242114193
43.68,-0.172607,-0.876221,-0.512695,24.894712,63.980099,43.235775,1.0297633613189974
43.69,-0.14502,-0.910645,-0.562744,28.808592,44.296261,33.485413,1.0802712279612932
43.7,-0.19751,-0.953613,-0.61377,34.690857,23.933409,35.255432,1.1511305602619541
43.71,-0.294678,-0.990967,-0.666748,37.17804,7.797241,41.41235,1.2302047042167414
43.72,-0.370605,-1.015137,-0.708008,34.286499,-1.434326,43.41888,1.2919467956761996
43.73,-0.384277,-1.018555,-0.704102,26.878355,-5.645751,37.437439,1.296488614357257
43.74,-0.336914,-1.009766,-0.654297,20.88928,-6.568908,25.833128,1.249497091777728
43.75,-0.253906,-1.003662,-0.589355,22.567747,-7.629394,12.748717,1.191278717641258
43.76,-0.181152,-1.012207,-0.5271,29.21295,-8.766174,-0.221252,1.15551437375439
43.77,-0.147461,-1.022705,-0.470947,33.691406,-4.768372,-12.046813,1.1355445127140547
43.78,-0.177246,-1.025391,-0.451416,31.188963,7.652282,-20.988462,1.1342924016553226
43.79,-0.240967,-1.002441,-0.490234,21.789549,23.376463,-24.055479,1.1416139576608197
43.8,-0.282227,-0.94458,-0.563232,8.956909,36.567688,-21.499632,1.135391448687632
43.81,-0.264648,-0.875244,-0.605713,-2.418518,44.754025,-16.098022,1.0968039304310502
43.82,-0.206055,-0.800781,-0.574219,-8.178711,46.478268,-9.803772,1.0066957499398714
43.83,-0.161621,-0.741455,-0.51709,-8.560181,39.726257,-4.890442,0.9182913114943427
43.84,-0.125977,-0.704102,-0.490723,-8.522034,23.28491,-5.40924,0.8674323568221328
43.85,-0.068115,-0.679199,-0.492188,-11.07788,1.708984,-11.047362,0.8415461735222851
43.86,-0.023438,-0.650879,-0.484375,-13.71765,-17.494202,-13.046264,0.8116723188023601
43.87,-0.063721,-0.63501,-0.438232,-12.786864,-27.290342,-7.5531,0.7741739802944813
43.88,-0.149902,-0.652588,-0.401123,-8.399963,-26.374815,-1.525879,0.780539152430549
43.89,-0.197266,-0.692871,-0.392822,-1.350403,-20.622252,-0.312805,0.8205444662423848
43.9,-0.18335,-0.738037,-0.39209,6.126403,-15.823363,-4.829407,0.8555994413094249
43.91,-0.133057,-0.772461,-0.361816,12.130736,-13.641356,-11.871337,0.8633139519467989
43.92,-0.058105,-0.804199,-0.324463,18.638611,-12.062072,-15.281676,0.8691308652872708
43.93,0.000977,-0.851807,-0.321533,26.123045,-11.749267,-11.70349,0.9104721796227493
43.94,-0.017822,-0.909424,-0.335693,32.63092,-12.84027,-2.830505,0.9695666174683409
43.95,-0.068848,-0.96582,-0.36792,35.522461,-17.01355,6.774902,1.03581535318994
43.96,-0.086182,-0.996826,-0.4104,34.225464,-25.68054,13.72528,1.081442356947424
43.97,-0.074219,-1.01709,-0.419678,31.021116,-39.398193,15.632628,1.1027738443330075
43.98,-0.102539,-1.026855,-0.38916,28.358458,-56.114193,9.277344,1.1029011484017959
43.99,-0.177246,-0.967285,-0.315918,24.55139,-71.510315,-5.203247,1.032889441549772
44.0,-0.266846,-0.911377,-0.243652,21.682737,-82.862846,-22.994993,0.9803984500951641
44.01,-0.325928,-0.928223,-0.207275,21.89636,-87.997429,-35.568237,1.0053804874464196
44.02,-0.358887,-0.991455,-0.223389,25.764463,-79.338074,-31.364439,1.0778151702008094
44.03,-0.43335,-1.035889,-0.302246,27.534483,-49.285885,-12.092589,1.1628460290756468
44.04,-0.515137,-1.014648,-0.407959,20.500181,-2.059937,5.607605,1.2088454154084385
44.05,-0.533936,-0.921143,-0.472168,9.994507,52.772518,11.940001,1.1647036956964634
44.06,-0.478271,-0.827881,-0.447021,8.399963,100.5783,7.92694,1.0554420277983059
44.07,-0.426025,-0.778564,-0.39624,17.784119,131.263733,-1.358032,0.9719389591538145
44.08,-0.358643,-0.770264,-0.373779,29.937742,142.562866,-9.57489,0.9282468270810301
44.09,-0.265625,-0.787842,-0.393799,36.323547,134.246826,-14.266967,0.9199615807141079
44.1,-0.192627,-0.822754,-0.442871,34.507751,108.932487,-13.153075,0.9540251717255682
44.11,-0.132324,-0.848877,-0.490479,25.642393,69.43512,-5.28717,0.9892782477877496
44.12,-0.099609,-0.845703,-0.46875,12.092589,24.459837,6.912231,0.9720401635683579
44.13,-0.117676,-0.836182,-0.382813,-0.640869,-15.686034,20.561216,0.927142799718037
44.14,-0.178467,-0.828369,-0.313965,-11.100768,-41.465755,28.121946,0.9036701231505886
44.15,-0.231445,-0.803223,-0.301025,-20.805357,-48.057552,24.131773,0.8884537277647048
44.16,-0.25,-0.76416,-0.334717,-26.55792,-40.260311,12.451171,0.87090526217781
44.17,-0.223877,-0.746826,-0.393555,-25.978086,-26.298521,1.091003,0.8733587598633221
44.18,-0.18042,-0.752197,-0.432861,-22.766111,-11.657714,-9.422302,0.8864086803106116
44.19,-0.226318,-0.759277,-0.421875,-21.247862,-5.683898,-21.263121,0.8976078851469611
44.2,-0.351318,-0.771484,-0.397461,-22.697447,-9.986877,-30.746458,0.9362623275028211
44.21,-0.373535,-0.775146,-0.374512,-26.290892,-16.868591,-37.216187,0.9384236546917389
44.22,-0.242676,-0.78418,-0.345947,-27.648924,-16.342163,-39.154053,0.89079135614632
44.23,-0.125244,-0.799316,-0.307373,-23.498533,-3.517151,-35.78949,0.8654884681617658
44.24,-0.135742,-0.804688,-0.306885,-15.464782,13.404845,-34.172058,0.8718526659550914
44.25,-0.217529,-0.80542,-0.346191,-7.614135,18.486023,-42.991634,0.9032543665668049
44.26,-0.225342,-0.835693,-0.396484,-0.640869,3.387451,-59.638973,0.9520301305468226
44.27,-0.098633,-0.922119,-0.435303,6.538391,-22.819517,-69.816589,1.0244611367245708
44.28,0.049805,-1.033936,-0.427002,11.352538,-44.700619,-63.3316,1.1197476939583308
44.29,0.089355,-1.120605,-0.391602,12.451171,-58.189388,-44.265743,1.1904167373042098
44.3,0.007813,-1.150391,-0.35376,4.966736,-68.565369,-29.121397,1.2035807548519541
44.31,-0.096191,-1.082764,-0.289795,-6.011962,-74.531555,-29.617308,1.1249941022965408
44.32,-0.138916,-0.993408,-0.23291,-13.442992,-79.139709,-41.435238,1.0297592813954142
44.33,-0.105225,-0.932373,-0.243652,-16.975403,-85.166924,-53.985592,0.9694111660477199
44.34,-0.067871,-0.912354,-0.287598,-17.13562,-91.079704,-56.228634,0.9590145481487755
44.35,-0.085693,-0.914063,-0.304199,-14.717101,-96.733086,-44.120785,0.967156393671158
44.36,-0.167725,-0.917969,-0.265625,-12.374877,-102.127068,-26.077269,0.9702347144949
44.37,-0.251953,-0.927246,-0.212158,-12.069701,-108.131401,-12.451171,0.9840104042585119
44.38,-0.305176,-0.932861,-0.21582,-15.060424,-116.142265,-7.545471,1.0049578641400843
44.39,-0.358398,-0.938965,-0.293457,-20.240782,-122.596733,-9.086609,1.047005925712935
44.4,-0.413086,-0.915283,-0.385986,-26.458738,-119.514458,-13.175963,1.0758104878095396
44.41,-0.432617,-0.848145,-0.453369,-29.792784,-107.749931,-12.748717,1.0545382211541694
44.42,-0.435791,-0.785156,-0.488525,-25.695799,-89.942924,-9.910583,1.0222721827585841
44.43,-0.415771,-0.771729,-0.466309,-17.448425,-68.695068,-11.283874,0.9929125124415544
44.44,-0.355469,-0.803711,-0.411865,-10.421752,-48.553463,-17.204285,0.9705371500911235
44.45,-0.309082,-0.880127,-0.368408,-5.889892,-33.416748,-21.919249,1.0029355279961918
44.46,-0.312744,-0.979736,-0.37085,-4.875183,-29.479979,-20.286558,1.0932617077955307
44.47,-0.366211,-1.056885,-0.404541,-10.650634,-29.380796,-14.160155,1.1894409697109816
44.48,-0.429688,-1.064697,-0.447266,-23.452757,-25.901793,-12.390136,1.23217626738588
44.49,-0.414307,-1.019043,-0.461914,-35.095215,-19.927979,-22.308348,1.1930898832418286
44.5,-0.331299,-0.977051,-0.480957,-38.276672,-12.756347,-41.816708,1.138291403749936
44.51,-0.341553,-0.964844,-0.538086,-35.91156,-7.629394,-58.662411,1.1563385920832185
44.52,-0.416992,-0.963623,-0.609131,-31.295774,-6.179809,-60.211178,1.213874865607654
44.53,-0.467529,-0.917236,-0.710693,-25.352476,-2.76947,-51.132198,1.2509955178920507
44.54,-0.422852,-0.81665,-0.841064,-22.018431,5.943298,-45.883175,1.2462382149894138
44.55,-0.304688,-0.707764,-0.918701,-18.447876,20.935057,-41.221615,1.1990730521703004
44.56,-0.162354,-0.635742,-0.878662,-8.033752,30.46417,-31.34918,1.0966191782583414
44.57,-0.07251,-0.647949,-0.781738,9.567261,27.145384,-21.675108,1.0179439608077647
44.58,-0.040527,-0.709473,-0.676758,25.367735,12.71057,-18.173218,0.9813234767506583
44.59,-0.010986,-0.778809,-0.583252,31.532286,-2.365112,-17.753601,0.9730606590449539
44.6,0.027832,-0.822998,-0.524658,26.374815,-11.238097,-17.738342,0.9764048060061974
44.61,0.046387,-0.814453,-0.449707,14.968871,-13.137816,-17.875671,0.9315158768518119
44.62,0.052002,-0.783203,-0.359863,4.554749,-13.282775,-15.396117,0.8634885789528429
44.63,0.048828,-0.76001,-0.292725,-1.777649,-13.183593,-12.191772,0.8158966229302582
44.64,0.067871,-0.754395,-0.256348,-3.845215,-9.063721,-10.795592,0.7996452874681373
44.65,0.053955,-0.766357,-0.241943,-2.243042,1.25885,-6.706237,0.8054505625567593
44.66,-0.006104,-0.778076,-0.292725,-0.335693,14.10675,-0.961304,0.8313407521690489
44.67,-0.055176,-0.778809,-0.391602,1.739502,29.747007,-1.716614,0.873464352942351
44.68,-0.039551,-0.789307,-0.465332,7.43103,44.670101,-5.241394,0.9171170547285663
44.69,-0.009277,-0.791504,-0.481934,15.624999,59.028622,-10.887145,0.9267281290114161
44.7,0.049072,-0.782715,-0.47168,21.469114,63.385006,-24.757383,0.91516821120983
44.71,0.11084,-0.80835,-0.443848,27.023314,63.720699,-42.610165,0.9288252124075874
44.72,0.089355,-0.801514,-0.509033,32.966614,61.347958,-43.075558,0.953689469014941
44.73,0.019775,-0.741211,-0.643311,30.85327,52.413937,-43.42651,0.9816485317398482
44.74,0.045898,-0.688965,-0.721436,22.163389,36.811829,-50.689693,0.9986237027654611
44.75,0.101318,-0.702393,-0.70166,19.332886,24.116514,-42.770382,0.9979719530993845
