t,ax,ay,az,gx,gy,gz,acc_mag
1.0,-0.624023,0.61792,0.58252,19.447327,-45.249935,-24.177549,1.0538308124784548
1.01,-0.591797,0.586914,0.599121,17.929077,-70.144653,-32.775879,1.0264685602813173
1.02,-0.514404,0.578857,0.606689,18.52417,-73.509216,-35.987854,0.9837471445376601
1.03,-0.361084,0.54126,0.672363,20.469664,-41.427608,-39.077759,0.9356367064331113
1.04,-0.341064,0.502686,0.724365,24.16992,-7.118225,-39.108276,0.9453689861197055
1.05,-0.458984,0.491455,0.681152,23.269651,4.318237,-28.121946,0.9571637145154428
1.06,-0.626221,0.482666,0.638184,17.570496,-1.068115,-9.811401,1.0160698924055371
1.07,-0.628662,0.511475,0.654541,14.930724,1.556396,-1.838684,1.0417516530104476
1.08,-0.509521,0.539551,0.689209,15.35797,8.590698,-17.951965,1.0127862443393472
1.09,-0.504639,0.559326,0.66748,15.281676,12.008666,-32.539368,1.0064967188207818
1.1,-0.565918,0.597168,0.638428,11.589049,19.073486,-24.757383,1.0413755874476798
1.11,-0.573486,0.594727,0.622803,4.096985,34.614563,-10.833739,1.034635188621574
1.12,-0.604736,0.545166,0.586426,2.952575,54.290768,-9.078979,1.0033977530012712
1.13,-0.681641,0.52832,0.530273,13.22174,69.801331,-17.715454,1.0123961328501805
1.14,-0.735352,0.571045,0.481201,26.168821,74.249268,-28.602598,1.0480407236028568
1.15,-0.817871,0.628662,0.455322,33.226013,65.483093,-33.576965,1.1275845895404033
1.16,-0.795654,0.674805,0.501221,34.111023,54.824825,-31.669615,1.1574323161990943
1.17,-0.716064,0.656982,0.569092,32.104492,44.723507,-31.044004,1.1261610474901003
1.18,-0.721191,0.592041,0.591797,29.327391,37.635803,-29.991148,1.1049220304487553
1.19,-0.737061,0.542725,0.598633,26.428221,33.668518,-26.199339,1.0936959413086436
1.2,-0.697021,0.515381,0.614014,26.763914,29.296873,-28.091429,1.0622942350394264
1.21,-0.643066,0.527588,0.616943,31.433104,27.496336,-36.079407,1.0356165522764689
1.22,-0.538818,0.54248,0.641602,33.416748,33.958435,-41.213985,0.9981295075930778
1.23,-0.445557,0.53125,0.615967,29.060362,44.990536,-36.399841,0.9274497009746674
1.24,-0.578857,0.493408,0.556641,22.705076,53.199764,-20.820616,0.9425370463774886
1.25,-0.7854,0.449707,0.511963,19.462585,56.854244,-7.17926,1.0398055872219576
1.26,-0.862793,0.44458,0.508545,24.147032,48.187252,-12.435912,1.0957559738710074
1.27,-0.787598,0.49292,0.484863,34.492493,33.683777,-29.121397,1.0480328548156304
1.28,-0.686279,0.549805,0.4375,38.917542,27.984617,-33.676147,0.9821764881455878
1.29,-0.650635,0.5354,0.493408,35.736084,37.117004,-20.378111,0.9764376670781396
1.3,-0.721924,0.498047,0.477051,33.370972,51.307674,-9.132385,0.9984000864312863
1.31,-0.8396,0.481689,0.468506,32.669067,51.406857,-7.110595,1.0753838034659997
1.32,-0.943359,0.495605,0.460693,31.570433,32.516479,-8.209229,1.160942961197922
1.33,-1.005371,0.508789,0.388916,28.70178,4.371643,-7.591247,1.1920120591747385
1.34,-0.873535,0.48877,0.395264,29.861448,-11.749267,-9.536743,1.0761938202856398
1.35,-0.75293,0.498291,0.425049,37.834167,-14.549254,-17.959595,0.9979299364093653
1.36,-0.724365,0.551758,0.488281,41.992184,-11.856078,-20.973204,1.0332278929403715
1.37,-0.76123,0.593994,0.552979,34.553528,-14.137267,-17.044067,1.1126930211774495
1.38,-0.807617,0.596924,0.508301,20.088194,-23.658751,-16.494751,1.1255813551520832
1.39,-0.744629,0.52832,0.462646,10.69641,-33.874512,-22.003172,1.0235407619420929
1.4,-0.688721,0.463867,0.490723,13.946532,-40.06958,-28.381346,0.9645300784625641
1.41,-0.659668,0.490723,0.550781,20.019531,-36.201477,-32.371521,0.9896113595316093
1.42,-0.652344,0.589844,0.523438,14.961242,-28.221128,-38.81073,1.0234529683947378
1.43,-0.662354,0.529541,0.471924,4.356384,-28.19824,-38.452148,0.9704837730601167
1.44,-0.588623,0.516113,0.470215,7.766723,-17.00592,-30.242918,0.9132096205817151
1.45,-0.771729,0.564453,0.499512,12.664794,-1.014709,-29.33502,1.078742358857758
1.46,-0.934814,0.633545,0.393311,6.324768,9.109497,-28.053282,1.1958051782552208
1.47,-0.901855,0.580811,0.322266,-1.846313,4.165649,-24.833677,1.1200621560886699
1.48,-0.88501,0.48877,0.341797,5.859375,-2.052307,-20.843504,1.067222564514544
1.49,-0.883545,0.465088,0.400391,20.576475,-6.744384,-22.201536,1.0757655728131479
1.5,-0.880371,0.541748,0.462646,31.98242,-16.792297,-24.658201,1.1325128319189148
1.51,-0.742432,0.546387,0.638916,37.384033,-32.531738,-33.027649,1.1215871269986117
1.52,-0.729492,0.605713,0.506836,28.923033,-46.989437,-32.00531,1.075141640589276
1.53,-0.5271,0.565674,0.510498,10.276793,-23.376463,-14.129638,0.926514809530857
1.54,-0.608887,0.435303,0.580322,3.158569,2.723694,-10.749816,0.9471038508326317
1.55,-0.793701,0.414063,0.545898,4.455566,13.526916,-16.021729,1.0485294806413408
1.56,-0.76709,0.453613,0.53833,6.980896,3.547668,-19.592285,1.041148889817878
1.57,-0.761719,0.496582,0.52832,9.841919,-8.049011,-19.287109,1.0516327971706665
1.58,-0.741455,0.50708,0.468262,7.743835,-1.541138,-16.990662,1.01299306220181
1.59,-0.69873,0.475586,0.421143,6.599426,13.198852,-18.615723,0.9443342007705746
1.6,-0.79248,0.451172,0.445801,11.970519,23.597715,-19.447327,1.015046430260705
1.61,-0.911621,0.457275,0.497314,15.686034,26.908873,-16.25824,1.134669329744133
1.62,-0.956787,0.476074,0.486816,12.779235,19.53125,-14.762877,1.1743413620838705
1.63,-0.93042,0.483398,0.506592,8.285522,6.568908,-17.272949,1.164470032790883
1.64,-0.919189,0.484619,0.516602,3.02124,-2.243042,-21.011351,1.160448886976932
1.65,-0.952148,0.5,0.45459,-3.692627,-5.111694,-18.65387,1.1675777841343162
1.66,-0.909424,0.484375,0.373779,-7.850646,-6.553649,-15.167235,1.0960756786107426
1.67,-0.897217,0.429688,0.392334,-3.02124,-6.965637,-14.48059,1.0693718202706672
1.68,-0.95752,0.414795,0.431396,8.239746,-7.904052,-12.321471,1.1291598430873284
1.69,-0.963379,0.417236,0.474609,16.235352,-16.944885,-11.505126,1.1521452513541859
1.7,-0.929932,0.439941,0.493896,20.362852,-34.52301,-16.838074,1.1411638212460995
1.71,-0.918945,0.459961,0.448242,19.630432,-52.642818,-20.76721,1.1211355516216583
1.72,-0.840576,0.441895,0.374268,17.196655,-64.460754,-19.126892,1.0207427387079469
1.73,-0.764893,0.423096,0.331787,20.629881,-69.221497,-20.13397,0.9349621062021712
1.74,-0.812988,0.425537,0.35791,29.029844,-71.372986,-21.957396,0.984952178845755
1.75,-0.865234,0.446533,0.347412,35.423279,-76.026917,-20.378111,1.033787547124166
1.76,-0.847168,0.470215,0.365967,38.825989,-86.669914,-19.989014,1.035725644916645
1.77,-0.806152,0.493164,0.419434,41.679379,-98.525993,-23.094175,1.0339326178992516
1.78,-0.821289,0.505371,0.463379,42.198177,-105.468742,-25.520323,1.069876425949745
1.79,-0.817871,0.499512,0.488281,39.0625,-104.385368,-25.512693,1.075566616135886
1.8,-0.786133,0.485107,0.459961,34.889221,-99.105827,-25.939939,1.0319389597544033
1.81,-0.784912,0.458984,0.472168,34.126282,-90.873711,-24.29199,1.024546621791317
1.82,-0.787842,0.451416,0.498047,38.520813,-77.583313,-21.240232,1.0356264945572802
1.83,-0.856689,0.4646,0.484131,42.945858,-71.739197,-21.209715,1.0881874966576304
1.84,-0.894043,0.473145,0.510742,45.379635,-77.590942,-22.14813,1.1331533291827722
1.85,-0.830566,0.468506,0.568115,48.194881,-93.879692,-25.115965,1.1099965791014854
1.86,-0.68457,0.446533,0.661133,50.750729,-111.648552,-25.177,1.0512490897394395
1.87,-0.629395,0.429199,0.716553,49.781796,-119.422905,-14.953612,1.0458480049390544
1.88,-0.692627,0.42749,0.667236,41.564938,-118.591301,-1.861572,1.0524655533199174
1.89,-0.689941,0.423096,0.604004,36.613464,-115.241997,0.473022,1.0098760521534313
1.9,-0.649658,0.448242,0.590332,41.870113,-108.810417,-9.979248,0.9856309034075585
1.91,-0.572021,0.479004,0.616943,47.645565,-89.675896,-19.721985,0.9681278436787158
1.92,-0.476074,0.519775,0.599854,47.767635,-61.462399,-19.622803,0.9255470411691672
1.93,-0.547363,0.540283,0.602539,43.945309,-41.297909,-15.396117,0.9770185363538402
1.94,-0.606689,0.499023,0.685059,39.375305,-27.488707,-11.322021,1.0423057760230439
1.95,-0.601074,0.450928,0.785889,35.514832,-17.616272,-7.598876,1.087312068810514
1.96,-0.638428,0.428467,0.789795,29.907225,-11.276244,-3.707886,1.1022478955743122
1.97,-0.702637,0.401855,0.703369,26.19171,-9.735107,-2.227783,1.072340498608068
1.98,-0.687744,0.381348,0.668457,31.127928,-9.666443,-5.218505,1.032110879454819
1.99,-0.627197,0.399902,0.69751,41.175838,-7.568359,-12.054442,1.0197146103263401
2.0,-0.668457,0.445068,0.735107,44.464108,-7.919311,-20.446775,1.0887160267590443
2.01,-0.777344,0.469971,0.728516,38.612366,-15.182494,-24.223326,1.1644191674105164
2.02,-0.78833,0.477539,0.760742,34.52301,-26.80969,-25.207518,1.1950883130484542
2.03,-0.766846,0.489746,0.733887,35.842896,-39.497375,-31.967161,1.1689713687687135
2.04,-0.820801,0.490479,0.736328,36.193848,-48.96545,-33.409119,1.2068400285978254
2.05,-0.816162,0.455078,0.78125,32.875061,-48.751827,-26.847837,1.2180180453622187
2.06,-0.811035,0.46875,0.760498,31.387327,-46.241756,-28.137205,1.2065908758684527
2.07,-0.797363,0.426514,0.767578,24.230955,-40.542599,-24.223326,1.1861188524127757
2.08,-0.876221,0.374268,0.758301,18.188477,-37.849426,-12.771605,1.2177274667453304
2.09,-1.001465,0.434814,0.738037,23.307798,-58.090206,-16.220093,1.317836854162912
2.1,-0.989258,0.493896,0.738281,26.30615,-97.747795,-28.732298,1.3295200202858926
2.11,-0.840576,0.483643,0.743164,23.04077,-126.739494,-36.804199,1.221790200534036
2.12,-0.759277,0.429199,0.725098,23.674009,-131.797791,-34.385681,1.1342312171396096
2.13,-0.770264,0.380859,0.68457,29.380796,-115.142815,-19.790649,1.098633830025728
2.14,-0.706787,0.388672,0.627686,31.85272,-89.363091,-12.84027,1.0220584628821388
2.15,-0.620117,0.428223,0.601563,25.062559,-73.59314,-22.644041,0.9642603768624946
2.16,-0.624268,0.348633,0.538574,12.878417,-77.842712,-31.524656,0.89516336944102
2.17,-0.564453,0.230225,0.525879,14.335631,-91.331474,-41.824337,0.8050835127333065
2.18,-0.396484,0.238525,0.611328,26.832579,-97.953789,-58.097836,0.7666913730211133
2.19,-0.325195,0.304199,0.633057,32.737732,-87.890617,-58.517452,0.7739831941812432
2.2,-0.395752,0.33374,0.634521,29.518126,-55.671688,-44.761654,0.8189132631390212
2.21,-0.52832,0.340088,0.573486,21.972654,-16.731262,-39.169312,0.8506868180123635
2.22,-0.68042,0.318115,0.533936,17.417908,-14.122008,-44.006344,0.9215509653410385
2.23,-0.691162,0.144287,0.531494,20.431517,-51.300045,-50.4837,0.8837474303493053
2.24,-0.501953,0.089111,0.555908,40.046692,-76.423645,-60.478207,0.7542753403061775
2.25,-0.414307,0.242188,0.618408,62.942501,-77.133179,-62.171932,0.7827731293657185
2.26,-0.393311,0.408447,0.603516,72.998047,-60.638424,-51.86462,0.8281026849286265
2.27,-0.293701,0.497803,0.655029,74.234009,-30.731199,-41.763302,0.873573749062436
2.28,-0.336426,0.52124,0.821045,71.212769,7.339477,-35.835266,1.0290716608191095
2.29,-0.495361,0.452148,0.794434,63.018795,43.853756,-30.021666,1.039685392116769
2.3,-0.713379,0.384277,0.55127,55.297848,60.485836,-23.124693,0.9800392967988579
2.31,-0.832764,0.370117,0.523193,63.285824,67.962646,-21.27075,1.050815582599535
2.32,-0.6875,0.436523,0.54248,85.182182,84.999077,-33.439636,0.978515779090455
2.33,-0.69165,0.571045,0.521729,95.375053,96.67968,-46.493526,1.0376286734501894
2.34,-0.763428,0.653809,0.489258,83.145134,102.874748,-41.450497,1.1178827801826987
2.35,-0.890381,0.641357,0.447021,65.551758,88.60778,-31.242369,1.1848818088953006
2.36,-0.953613,0.537842,0.510254,58.410641,55.061337,-32.310486,1.207895241835566
2.37,-0.946777,0.446777,0.562256,62.271114,18.623352,-39.428711,1.1883299983565172
2.38,-0.947998,0.425781,0.545898,69.419861,-9.597778,-40.733334,1.1738800170243124
2.39,-0.902344,0.474609,0.544434,80.123901,-18.638611,-39.268494,1.155805683310564
2.4,-0.682861,0.556885,0.537354,92.384331,-3.807068,-46.424862,1.0320704287314892
2.41,-0.648438,0.601318,0.547363,96.466057,18.913269,-51.177975,1.0400295335888303
2.42,-0.746582,0.617188,0.563721,90.583794,37.658691,-36.705017,1.1207529058222423
2.43,-0.824463,0.583496,0.512939,81.031792,38.215637,-21.080015,1.1328341617845041
2.44,-0.85791,0.532471,0.380371,74.478149,20.042419,-19.462585,1.0789888931689704
2.45,-0.748047,0.517822,0.463135,75.614929,-4.440308,-33.111572,1.020885873209146
2.46,-0.688721,0.365479,0.452148,78.00293,-23.895262,-37.879944,0.9013042378608901
2.47,-0.735352,0.625732,0.303223,80.001831,-10.536193,-19.073486,1.012041149092763
2.48,-0.699951,0.727051,0.293701,69.534302,9.82666,-18.318176,1.0510922111798755
2.49,-0.81665,0.720703,0.280518,62.248226,18.547058,-25.169371,1.124731250136227
2.5,-1.012451,0.707031,0.255371,53.459164,4.852295,-26.199339,1.2610171331123936
2.51,-1.008057,0.687012,0.17041,48.774715,-23.147581,-30.166624,1.231748339350616
2.52,-0.924561,0.716553,0.104492,55.252071,-50.933834,-34.034729,1.1743848698761405
2.53,-0.932617,0.760254,0.137451,59.898373,-68.969727,-29.411314,1.2110546604534413
2.54,-0.895996,0.72168,0.199951,56.808468,-76.248169,-20.378111,1.167737666095001
2.55,-0.826172,0.636475,0.267578,56.518551,-83.511345,-21.499632,1.07668871327464
2.56,-0.784912,0.595459,0.326172,62.942501,-93.40667,-26.260374,1.0378084804090781
2.57,-0.752441,0.599854,0.387939,68.664551,-101.959221,-25.688169,1.0375398534600972
2.58,-0.756348,0.598633,0.476318,67.466736,-107.147209,-26.374815,1.0757799974516165
2.59,-0.803711,0.594238,0.439453,58.28857,-112.945549,-30.426023,1.0918741279900352
2.6,-0.818359,0.557373,0.342773,51.971432,-129.394531,-33.416748,1.047792652932344
2.61,-0.776611,0.538818,0.280029,58.609005,-148.31543,-40.046692,0.9858325026524537
2.62,-0.675537,0.602783,0.24707,69.656372,-154.762268,-49.461361,0.9384781128817017
2.63,-0.643799,0.698975,0.254639,72.380066,-153.442383,-51.536556,0.9838110709617981
2.64,-0.683105,0.772705,0.285156,68.466187,-153.312683,-48.149105,1.0700557940528148
2.65,-0.724854,0.789063,0.291992,60.8139,-157.958984,-47.760006,1.110537287689612
2.66,-0.720703,0.744873,0.346191,53.085323,-162.559494,-51.094051,1.0927473673356527
2.67,-0.709473,0.659668,0.456055,44.891354,-161.842331,-53.520199,1.0707473889662305
2.68,-0.710449,0.614746,0.396729,37.025452,-152.908325,-49.026485,1.0198256348798063
2.69,-0.652832,0.663086,0.36792,36.811829,-136.398315,-47.027584,1.0006187036129197
2.7,-0.597412,0.716064,0.396729,38.528442,-122.688286,-51.658627,1.0134311270535359
2.71,-0.567627,0.756348,0.417969,36.903381,-113.998405,-48.362728,1.0339056016842156
2.72,-0.574707,0.79248,0.476563,36.842346,-106.353752,-42.6712,1.0887722347754831
2.73,-0.542725,0.802246,0.509033,38.719177,-93.933098,-38.154602,1.0941954419709488
2.74,-0.461182,0.79541,0.5,40.824886,-74.699402,-33.851624,1.0465972984983287
2.75,-0.459717,0.795166,0.51709,41.572567,-52.032467,-30.937193,1.054044949584694
2.76,-0.498291,0.771484,0.510498,39.1922,-36.109924,-30.6015,1.0507567230053776
2.77,-0.53833,0.703613,0.479004,38.551331,-33.432007,-31.135557,1.0071322031813899
2.78,-0.575195,0.637939,0.448486,47.851559,-37.254333,-31.974791,0.9689969803575241
2.79,-0.497559,0.65332,0.570801,69.190979,-38.986206,-36.575317,1.0001028759492696
2.8,-0.408203,0.784668,0.780273,86.372368,-34.957886,-40.27557,1.179474253200128
2.81,-0.516113,0.900879,0.806396,72.235107,-25.581358,-32.691956,1.3146216604886747
2.82,-0.606689,0.866455,0.670898,35.469055,-11.337279,-22.979734,1.2525653420680296
2.83,-0.554932,0.694092,0.5271,16.975403,-0.686645,-21.682737,1.033221969901918
2.84,-0.548828,0.582764,0.495361,28.648375,7.003784,-24.757383,0.9413865165812605
2.85,-0.56958,0.629639,0.494629,42.327877,16.868591,-27.015684,0.9826110595561195
2.86,-0.599365,0.733887,0.459961,41.931149,21.156309,-24.757383,1.0532771019608278
2.87,-0.614014,0.791992,0.426025,36.132813,19.264221,-20.866392,1.0889269125542815
2.88,-0.600098,0.792969,0.414307,31.997679,18.661499,-19.050598,1.077296493456653
2.89,-0.51001,0.777588,0.415527,30.082701,25.619505,-19.355774,1.0185361974780278
2.9,-0.511963,0.767334,0.387939,27.275084,33.630371,-21.469114,1.000701878006632
2.91,-0.557617,0.745361,0.396484,22.003172,41.755672,-20.355223,1.011780263330927
2.92,-0.662354,0.724121,0.38501,15.876769,46.775814,-15.73944,1.054180603149669
2.93,-0.730225,0.712646,0.318115,12.84027,48.477169,-12.21466,1.0687796897237523
2.94,-0.670898,0.672119,0.256836,16.052246,52.558895,-10.772704,0.9837747747635127
2.95,-0.661865,0.651855,0.21582,27.046202,59.80682,-11.245727,0.9537077600869147
2.96,-0.741943,0.693359,0.200684,38.124084,63.026424,-10.177611,1.0351329315532378
2.97,-0.838379,0.741699,0.199463,42.610165,52.764889,-8.293152,1.1370058234727736
2.98,-0.888184,0.76709,0.23584,45.433041,28.060911,-11.596679,1.1970456931780007
2.99,-0.848145,0.800293,0.241211,47.981258,-0.495911,-17.799377,1.1907987123754376
3.0,-0.810059,0.8479,0.237305,47.607418,-26.451109,-19.683838,1.1964295451492328
3.01,-0.759277,0.88208,0.254883,45.0592,-43.075558,-19.142151,1.1914411579335338
3.02,-0.67627,0.863037,0.310547,40.985104,-47.676083,-20.347593,1.1395672053363066
3.03,-0.695313,0.799316,0.347168,33.363342,-47.195431,-16.342163,1.1148505980843353
3.04,-0.780029,0.737549,0.318359,27.893064,-52.925106,-9.559631,1.1197214926592236
3.05,-0.793213,0.715088,0.293213,30.731199,-69.671631,-11.619567,1.1074798302822493
3.06,-0.73291,0.710693,0.305908,36.087036,-88.302605,-22.15576,1.0657491791284666
3.07,-0.70459,0.705322,0.302979,37.734985,-99.937431,-27.740477,1.0419800699749493
3.08,-0.690918,0.711914,0.298828,39.306641,-102.584831,-25.619505,1.0360923702566291
3.09,-0.632813,0.722656,0.302979,41.809078,-100.45623,-23.307798,1.0072141091873166
3.1,-0.589111,0.731934,0.329834,43.090816,-95.603935,-20.347593,0.9957758875535198
3.11,-0.591309,0.755127,0.351074,42.221066,-86.967461,-14.762877,1.0213305405626525
3.12,-0.585938,0.791748,0.374268,38.925171,-78.811646,-12.268065,1.0536910226304483
3.13,-0.584473,0.811523,0.350098,31.509398,-76.766968,-13.572692,1.0595975070100911
3.14,-0.614258,0.816895,0.302979,22.483824,-81.672661,-15.441894,1.0660331167604502
3.15,-0.620361,0.792236,0.263184,15.86151,-90.911858,-18.493652,1.0400728185434902
3.16,-0.599121,0.721924,0.251953,15.480041,-103.401176,-24.330137,0.9713910379584527
3.17,-0.531738,0.709473,0.278809,23.834227,-114.852898,-37.330627,0.9294254660025193
3.18,-0.436035,0.679932,0.347168,30.029295,-121.322624,-46.867367,0.8791812475667347
3.19,-0.412354,0.709961,0.380615,35.743713,-113.121025,-39.299011,0.9049575797030488
3.2,-0.474854,0.811279,0.36792,37.826538,-99.792473,-29.167173,1.009467712983927
3.21,-0.515625,0.84668,0.395264,35.270691,-95.756523,-31.394957,1.0672252773997626
3.22,-0.526367,0.85498,0.428955,34.439087,-100.32653,-42.625423,1.0918129011483606
3.23,-0.533691,0.824219,0.477295,30.006407,-114.868156,-50.964352,1.0917754166800973
3.24,-0.456299,0.560059,0.439941,21.537779,-139.976501,-44.235226,0.8458267815356759
3.25,-0.510254,0.557861,0.400635,35.40802,-147.369385,-37.025452,0.8556146580453142
3.26,-0.417725,0.761963,0.406738,54.031368,-124.702446,-49.72839,0.9594360789745192
3.27,-0.412109,0.844727,0.456787,52.719112,-108.604424,-59.463497,1.0450128687145437
3.28,-0.464111,0.75708,0.422119,47.431942,-103.157036,-59.211727,0.9832362874111187
3.29,-0.541504,0.68457,0.372314,52.261349,-101.737968,-54.145809,0.9489364475622168
3.3,-0.633545,0.731445,0.360107,59.509274,-109.02404,-51.979061,1.0325057416300405
3.31,-0.611328,0.876221,0.388428,56.076046,-136.253357,-53.50494,1.1368207755002544
3.32,-0.51001,0.92627,0.451416,40.52734,-176.048264,-60.470577,1.1497228875063765
3.33,-0.275146,0.611572,0.619385,27.526854,-204.658493,-63.880917,0.9128874030925171
3.34,-0.171631,0.58374,0.728271,37.895203,-182.258591,-46.768185,0.9489932756358181
3.35,-0.11499,0.738037,0.622314,34.568787,-108.238213,-30.670164,0.9722119254900138
3.36,-0.18335,0.616455,0.621582,24.429319,-47.401424,-39.001465,0.8944261692554618
3.37,-0.258545,0.643066,0.655518,29.663084,-19.004822,-46.844479,0.9539828330242637
3.38,-0.186279,0.708008,0.73291,26.084898,-11.322021,-37.017822,1.0359209728570034
3.39,-0.170654,0.694336,0.828125,11.474608,1.930237,-16.479492,1.094082393714934
3.4,-0.284912,0.714111,0.861572,-4.920959,46.211239,5.134582,1.154744854610316
3.41,-0.322266,0.736328,0.812988,-19.775391,98.999016,4.852295,1.1432339159087261
3.42,-0.343506,0.736328,0.744141,-26.992796,120.468132,-7.537841,1.1017808872461894
3.43,-0.334961,0.695068,0.721436,-24.360655,116.119377,-13.450622,1.0563088081811114
3.44,-0.145752,0.64502,0.825439,-12.847899,122.085564,-13.275146,1.0576596752382121
3.45,-0.164551,0.701904,0.80835,-7.278442,154.724121,-6.523132,1.0831324846559631
3.46,-0.35498,0.670654,0.856934,-6.645202,172.653183,-6.645202,1.1446062504075363
3.47,-0.405762,0.634277,0.871094,-3.440857,154.647827,-8.880615,1.1514142912996173
3.48,-0.3396,0.608887,0.783447,-4.058838,145.042419,-8.323669,1.0487424567442667
3.49,-0.268555,0.641113,0.729004,-2.929687,174.224838,-6.652832,1.0072708170149673
3.5,-0.276367,0.71167,0.743408,-7.980346,217.147812,-2.052307,1.0656023470568183
3.51,-0.387939,0.795654,0.684082,-22.90344,238.2202,14.533996,1.1187180780522856
3.52,-0.719727,0.833252,0.468262,-34.088135,221.145615,34.637451,1.1964886755322843
3.53,-1.157959,0.697266,0.374023,-28.236387,164.962753,44.532772,1.40247713883899
3.54,-1.100342,0.558594,0.368896,-3.982544,95.397942,36.880493,1.2879689563867602
3.55,-0.389404,0.567383,0.514404,21.301268,67.390442,16.235352,0.8591684463020042
3.56,-0.106689,0.672607,0.567871,25.482176,96.450798,8.483887,0.8867131395276603
3.57,-0.366943,0.667969,0.455811,11.024474,149.536133,25.413511,0.8880278249756592
3.58,-0.713623,0.578369,0.355225,7.743835,173.06517,38.871765,0.98486206491823
3.59,-0.844482,0.562012,0.304688,25.787352,159.77478,33.149719,1.0591704838277924
3.6,-0.7771,0.669189,0.334229,53.199764,127.006523,20.217894,1.078613625058575
3.61,-0.738037,0.791992,0.429199,72.540283,95.535271,12.695312,1.1645435685426286
3.62,-0.583496,0.873291,0.378662,69.587708,80.307007,19.386292,1.1164630145871381
3.63,-0.463135,0.885254,0.232422,52.047726,84.9533,32.218933,1.0257624768068874
3.64,-0.521973,0.838379,0.130127,36.079407,109.466545,41.229244,0.9961265966226381
3.65,-0.647217,0.808838,0.05127,28.106688,129.562378,43.716427,1.0371775972479351
3.66,-0.716064,0.832275,0.060547,26.840208,130.752563,37.437439,1.0995886807938684
3.67,-0.685547,0.916992,0.079102,27.908323,116.897575,22.743223,1.147652448991854
3.68,-0.686768,1.032227,0.033203,20.202635,88.36364,11.001586,1.2402601761574061
3.69,-0.550049,1.094238,-0.109863,1.13678,63.240047,6.309509,1.229626195969328
3.7,-0.518311,1.072266,-0.191895,-20.278929,57.769772,9.811401,1.2063268041878203
3.71,-0.684814,0.954102,-0.1604,-35.415649,74.752808,17.044067,1.1853307559495787
3.72,-1.010986,0.804932,-0.20874,-42.335506,58.250423,11.871337,1.309038045444058
3.73,-1.081299,0.730713,-0.150391,-34.156799,-6.721496,-8.514404,1.3136843108795202
3.74,-0.791504,0.729736,0.053711,-14.198302,-88.508598,-41.076656,1.0779044870641368
3.75,-0.61084,0.779785,0.201172,0.350952,-165.031418,-66.040039,1.0107721431702597
3.76,-0.549561,0.782715,0.307861,-4.547119,-199.081406,-59.150692,1.0047081463126493
3.77,-0.427979,0.636719,0.387207,-26.168821,-168.128952,-27.343748,0.8593639335293285
3.78,-0.363525,0.379883,0.366699,-38.085938,-89.988701,2.487183,0.6410379676080037
3.79,-0.568848,0.262939,0.327637,-9.468079,-15.678405,9.933472,0.7071569617800563
3.8,-0.825195,0.376221,0.320801,25.573729,15.815734,-4.119873,0.9619783315995221
3.81,-0.869385,0.519287,0.294922,32.112122,11.749267,-14.381408,1.054736105705119
3.82,-0.780029,0.595459,0.150879,23.872374,5.775451,-1.335144,0.9928651137808197
3.83,-0.723145,0.6521,0.161865,22.293089,18.547058,20.446775,0.9871035301578047
3.84,-0.802002,0.604248,0.230225,20.309446,41.984554,34.538269,1.0302069715028142
3.85,-0.902832,0.508545,0.078613,17.189026,64.575195,30.72357,1.0391841227703587
3.86,-0.92041,0.459473,-0.024414,21.133421,68.992615,13.351439,1.0290121715630967
3.87,-1.051514,0.443848,-0.075439,31.425474,57.548519,3.768921,1.1438416769907451
3.88,-1.133057,0.537354,-0.116943,47.08099,43.937679,1.983642,1.259461453087787
3.89,-0.874023,0.709717,-0.069336,57.746883,31.005857,-12.741088,1.1280168019644035
3.9,-0.746094,0.805176,-0.071045,50.422665,3.890991,-35.331726,1.1000054726395683
3.91,-0.981445,0.814209,-0.044434,35.362244,-33.927917,-38.078308,1.2759878385243333
3.92,-0.966064,0.79541,0.110352,22.811888,-57.426449,-25.161741,1.2562381478445876
3.93,-0.580566,0.743896,0.230713,9.19342,-59.349056,-21.453856,0.9714250498834174
3.94,-0.433838,0.646484,0.164551,-6.111145,-43.891903,-28.96118,0.7957600166513772
3.95,-0.607178,0.548096,0.013184,-8.781433,-8.918762,-32.989502,0.8180758930294916
3.96,-0.837891,0.532715,-0.032471,7.949829,34.370422,-26.863096,0.9934288927482431
3.97,-1.042725,0.601318,0.001465,28.70941,64.147949,-21.026609,1.2036863831472049
3.98,-1.260254,0.691162,0.050781,42.266842,57.487484,-25.817869,1.438236338270244
3.99,-1.355469,0.771973,0.149414,49.888607,14.671325,-34.217834,1.567023632906026
4.0,-1.185791,0.797119,0.361084,50.407406,-43.655392,-38.658142,1.473730182529353
4.01,-0.786377,0.762451,0.616211,38.894653,-89.462273,-38.192749,1.256756265172766
4.02,-0.426758,0.689697,0.617432,19.790649,-90.995781,-25.794981,1.019326550717188
4.03,-0.476318,0.636963,0.430176,9.910583,-47.134396,0.37384,0.9042411688642582
4.04,-0.77832,0.586426,0.296387,5.027771,13.504027,15.624999,1.0185885968559631
4.05,-0.812012,0.539551,0.451172,10.383605,58.349606,18.89801,1.0742601841867732
4.06,-0.649902,0.604492,0.44043,18.035889,57.998653,26.794432,0.9908389236238148
4.07,-0.742188,0.695313,0.317627,16.38031,36.201477,48.355099,1.0654530052714666
4.08,-1.033203,0.672852,0.26416,12.580871,35.980225,66.505432,1.2609594595834557
4.09,-1.031006,0.574707,0.337158,16.120911,59.226986,51.101681,1.2275736331678846
4.1,-0.771973,0.504883,0.45752,21.926878,65.116882,10.681151,1.0296473701311533
4.11,-0.673584,0.552979,0.387451,28.228758,38.063049,-7.896423,0.9537397217784315
4.12,-0.634033,0.637451,0.26001,34.27124,14.175414,0.946045,0.9359203078200622
4.13,-0.624756,0.642334,0.11377,32.073975,9.498596,9.063721,0.9032478286671937
4.14,-0.681152,0.585205,0.066895,28.724669,21.553038,15.411376,0.9005042366108001
4.15,-0.702881,0.553223,0.203613,34.103394,39.894104,26.977537,0.917363418531064
4.16,-0.643555,0.576416,0.326904,43.945309,55.26733,36.186218,0.9237340896042541
4.17,-0.459229,0.686523,0.223877,52.345272,76.507568,28.656004,0.8557604893303967
4.18,-0.529297,0.750732,-0.018799,48.957821,89.698784,6.843566,0.9187530965575027
4.19,-0.953125,0.72876,-0.035889,43.601986,67.749023,3.204345,1.2003442937532547
4.2,-1.212402,0.828369,-0.033936,47.630306,27.473448,19.699097,1.4687632422759633
4.21,-1.130371,0.894531,-0.081055,39.901733,-1.434326,14.930724,1.44377776012342
4.22,-0.93457,0.844238,-0.116943,23.315428,-16.113281,-10.345458,1.2648456628351936
4.23,-0.900146,0.755127,-0.224121,13.793944,-44.136044,-26.634214,1.196122832357112
4.24,-0.889893,0.665771,-0.225342,19.821167,-93.14727,-25.344847,1.133992765785567
4.25,-0.833984,0.616943,-0.056396,33.912659,-143.39447,-11.192321,1.0389073521354057
4.26,-0.832764,0.677002,0.063477,45.249935,-156.326294,7.347106,1.0751078630672366
4.27,-0.671387,0.844238,0.081543,50.430294,-117.889397,19.828796,1.0817335925550247
4.28,-0.569824,0.908447,0.120361,40.27557,-84.20562,20.027161,1.0791024571865269
4.29,-0.644775,0.818115,0.209717,24.971006,-75.912476,13.374328,1.0625573744222003
4.3,-0.61792,0.750732,0.217285,22.209166,-59.028622,8.628845,0.9963114138907574
4.31,-0.540771,0.707764,0.240234,24.978636,-37.582397,3.791809,0.9225375487713223
4.32,-0.611328,0.660889,0.304443,27.206419,-27.618406,0.137329,0.9503587397156928
4.33,-0.686279,0.695801,0.268066,31.47888,-18.287659,0.640869,1.013398873986941
4.34,-0.743896,0.780029,0.152588,34.637451,-13.397216,2.6474,1.0886273914434634
4.35,-0.84668,0.822998,0.050781,35.018921,-21.026609,2.761841,1.181850853688823
4.36,-0.98999,0.791016,0.038086,33.77533,-39.428711,-2.6474,1.2677685339808682
4.37,-1.087402,0.757813,0.18042,31.936644,-65.544128,-22.834776,1.3376378541941014
4.38,-0.979248,0.766602,0.374756,31.410215,-93.078606,-32.623291,1.2988638617822885
4.39,-0.699951,0.783691,0.337646,26.763914,-119.338982,-29.441832,1.1036792139013947
4.4,-0.537598,0.765869,0.306152,22.796629,-122.985832,-7.80487,0.9845283042498068
4.41,-0.585938,0.767334,0.24292,13.381957,-99.472038,21.858213,0.9955575994386261
4.42,-0.733398,0.758545,0.162354,2.39563,-81.741325,23.300169,1.0675307792963162
4.43,-0.768066,0.710205,0.154541,4.669189,-93.460075,-5.477905,1.0574494990598842
4.44,-0.64624,0.715576,0.073486,15.174865,-116.279594,-22.056578,0.9669929377053381
4.45,-0.456543,0.718506,0.119385,27.549742,-124.221794,-24.078367,0.8596133788570302
4.46,-0.431396,0.70459,0.151855,36.231995,-127.517693,-21.980284,0.8400056654219661
4.47,-0.520508,0.698486,0.134766,40.260311,-110.885612,-8.934021,0.8814608017467368
4.48,-0.563477,0.67627,0.167236,43.014523,-52.87933,7.6828,0.8959996217214604
4.49,-0.669922,0.604248,0.173828,48.477169,25.695799,2.723694,0.9187640095106033
4.5,-0.903076,0.57373,0.102051,57.220455,81.695549,-19.821167,1.074768245379905
4.51,-1.029785,0.634766,0.068115,63.812252,89.973442,-31.944273,1.2116206808263055
4.52,-0.964844,0.679199,0.145264,65.711975,51.139828,-21.224974,1.1888384480798895
4.53,-0.88916,0.695801,0.080078,61.759945,2.754211,5.447387,1.1318820712799544
4.54,-0.856689,0.688965,-0.073486,54.794308,-18.257141,18.310547,1.1018116926870944
4.55,-0.833496,0.683594,-0.122559,50.73547,-14.259337,7.743835,1.0849133824103194
4.56,-0.835205,0.731445,-0.107178,47.843929,-8.453369,-1.945495,1.1153772024449846
4.57,-0.899658,0.79541,-0.106689,41.076656,-17.219543,3.082275,1.2055887058964179
4.58,-0.941162,0.805664,-0.062744,31.158445,-37.284851,14.282226,1.2404907096290565
4.59,-0.865967,0.781006,0.011719,19.760132,-49.47662,23.658751,1.1661931881493734
4.6,-0.753174,0.773926,0.045166,8.56781,-40.092468,28.587339,1.080866548334252
4.61,-0.734375,0.772217,0.079834,5.233764,-15.419005,24.528502,1.0686436278151852
4.62,-0.852539,0.789795,0.026855,6.072998,-4.768372,18.028259,1.162462936859064
4.63,-1.034668,0.801025,-0.016846,6.866455,-23.818968,15.640258,1.3086109844277634
4.64,-0.981445,0.787109,0.05249,12.039184,-57.388302,14.48059,1.259178329707909
4.65,-0.804199,0.749512,0.041504,21.804808,-91.110222,9.544373,1.100103109604277
4.66,-0.691895,0.716553,0.050049,36.315918,-113.502495,-2.861023,0.9973323394109909
4.67,-0.648438,0.729736,0.101563,43.495174,-111.282341,-8.636475,0.9814792471107069
4.68,-0.655029,0.757813,0.044434,36.78894,-91.651909,-11.169433,1.0026554314249736
4.69,-0.816406,0.688477,-0.01123,30.540464,-81.008904,-22.682188,1.068010041743522
4.7,-0.973145,0.708008,-0.009766,40.573116,-85.708611,-28.518675,1.2034873883198778
4.71,-1.120605,0.859619,-0.209717,44.43359,-106.681816,-30.075071,1.4278240827479414
4.72,-1.017334,0.804199,-0.157715,32.913208,-159.606934,-48.904415,1.3063607925768441
4.73,-0.669922,0.72876,-0.208008,13.992309,-219.223007,-29.235838,1.0115107274507769
4.74,-0.53418,0.791504,-0.243896,15.243529,-220.687851,20.439146,0.9855516796353198
4.75,-0.663818,0.836914,-0.110596,24.398802,-150.299072,37.261963,1.0739231144434875
4.76,-0.775879,0.803955,-0.033691,19.27948,-78.186035,-3.036499,1.1177955752940696
4.77,-0.767822,0.807373,0.025635,10.749816,-55.480953,-42.03796,1.114476979590875
4.78,-0.820068,0.810547,0.095215,7.324218,-67.863464,-32.478333,1.1569632060087305
4.79,-0.829834,0.781006,0.135498,8.079529,-87.974541,-20.03479,1.147586400928488
4.8,-0.66333,0.71167,0.206787,6.790161,-104.286186,-35.53009,0.994606324717976
4.81,-0.421631,0.574707,0.306641,5.958557,-111.579887,-45.860287,0.7759442885227005
4.82,-0.197754,0.529297,0.447998,18.821716,-87.257378,-27.671812,0.7210854087616806
4.83,-0.30127,0.622314,0.491943,33.439636,-31.051634,-11.421203,0.848555385785159
4.84,-0.598389,0.661133,0.451172,33.111572,8.247375,-27.099607,0.999361002137866
4.85,-0.687988,0.657471,0.393799,24.162291,7.93457,-41.954037,1.0298899244026034
4.86,-0.643555,0.681641,0.262451,19.493103,-13.137816,-37.818909,0.9734875542640492
4.87,-0.611328,0.716553,0.195313,19.546509,-29.136656,-28.289793,0.9619341419047356
4.88,-0.627686,0.742676,0.212646,18.52417,-29.014585,-22.483824,0.9953771530872104
4.89,-0.638672,0.763428,0.16333,16.75415,-21.881102,-23.689268,1.008662938581566
4.9,-0.630859,0.764648,0.111572,14.450072,-17.692566,-25.444029,0.9975559898917955
4.91,-0.621338,0.766113,0.03418,11.009215,-17.295837,-20.271299,0.9869945853007502
4.92,-0.644775,0.803223,-0.016846,9.83429,-15.296935,-12.626647,1.0301387169066116
4.93,-0.70166,0.845215,0.061523,11.650084,-8.628845,-6.202697,1.1002273543927183
4.94,-0.707275,0.843994,0.162598,9.735107,0.007629,-1.502991,1.1131046254800132
4.95,-0.674561,0.780518,0.181396,3.669739,2.296448,-1.12915,1.0474470869027228
4.96,-0.698486,0.702148,0.153809,2.120972,3.326416,2.593994,1.0022732734045143
4.97,-0.720947,0.668945,0.154053,11.367797,7.331848,5.897521,0.9954819519423744
4.98,-0.685547,0.702148,0.168945,22.392271,4.570007,0.190735,0.9957554499665067
4.99,-0.633057,0.755859,0.169678,26.611326,-2.326965,-3.417969,1.0004372128294707
5.0,-0.606689,0.782471,0.171875,30.418394,1.686096,2.311707,1.0049245863182967
5.01,-0.62085,0.762451,0.220459,34.339905,14.22119,8.163452,1.00766483543984
5.02,-0.82251,0.771484,0.249756,31.295774,11.787414,4.356384,1.1550274117491757
5.03,-0.924561,0.778564,0.134766,22.377012,-30.082701,-11.825561,1.2161976893470074
5.04,-0.758545,0.675293,0.134277,17.349243,-86.479179,-16.38031,1.0244225034637808
5.05,-0.533203,0.594238,0.290039,30.4718,-109.130852,-3.105163,0.8494391451858102
5.06,-0.586182,0.755859,0.276855,43.334957,-91.545097,-3.883362,0.9957815302715752
5.07,-0.648438,0.768555,0.216797,35.499573,-68.000793,-38.742065,1.0286639718965567
5.08,-0.59375,0.681641,0.13916,31.013487,-66.421509,-62.095638,0.9146250712619899
5.09,-0.581787,0.751465,0.094482,40.000916,-73.921204,-53.25317,0.9550406315534435
5.1,-0.546631,0.808838,0.210205,44.105526,-65.551758,-38.383484,0.9986042771939243
5.11,-0.504639,0.807129,0.290771,37.208557,-43.342587,-36.79657,0.995321815998725
5.12,-0.573242,0.7854,0.237061,25.184629,-25.80261,-44.410702,1.0008283910266533
5.13,-0.666992,0.760254,0.205322,20.614622,-24.261473,-47.424313,1.0319988353985676
5.14,-0.627686,0.768311,0.236816,22.552488,-34.873962,-41.03088,1.0199869240205974
5.15,-0.479004,0.790039,0.233398,17.478943,-42.182919,-28.442381,0.9529328832299786
5.16,-0.412842,0.820557,0.201416,8.895874,-37.773132,-20.828245,0.9403832794499273
5.17,-0.483643,0.822266,0.265381,8.148193,-25.42877,-19.561768,0.9901812972208676
5.18,-0.585205,0.818604,0.250488,17.959595,-13.244628,-21.316526,1.036977164157919
5.19,-0.816406,0.830566,0.199219,23.124693,-9.498596,-21.049498,1.1815442637298867
5.2,-0.904297,0.873291,0.213379,21.087645,-0.953674,-22.232054,1.2751160074797119
5.21,-0.733887,0.856934,0.252686,16.418457,8.720398,-37.452698,1.1561903925050578
5.22,-0.588135,0.790771,0.234619,14.953612,16.174316,-52.581783,1.0130486798900633
5.23,-0.594727,0.768311,0.227783,20.172117,29.907225,-50.048824,0.9979414273087374
5.24,-0.649414,0.812744,0.301758,21.751402,48.278805,-42.579647,1.0832124646143988
5.25,-0.702881,0.852539,0.294678,11.054992,55.984493,-41.473385,1.143546925301275
5.26,-0.722412,0.815918,0.237549,-4.341125,52.223202,-36.224365,1.1153612902862464
5.27,-0.807617,0.765137,0.134033,-12.115478,45.013424,-20.179747,1.120555528542428
5.28,-0.904541,0.728516,0.081055,-13.488769,46.989437,-12.794494,1.1642593765832425
5.29,-0.902344,0.722412,0.092041,-4.760742,58.227535,-23.986814,1.1595582511288514
5.3,-0.871094,0.712891,0.155273,3.547668,62.675472,-31.433104,1.1362781522347423
5.31,-0.914795,0.695313,0.192139,6.286621,49.942013,-30.868528,1.1650010537827853
5.32,-0.910156,0.722168,0.169922,4.295349,29.312132,-29.525755,1.1742163559770407
5.33,-0.918213,0.701904,0.0979,-5.142211,13.809203,-20.469664,1.1599003183830066
5.34,-0.993164,0.650635,0.066406,-10.131835,2.670288,-13.427733,1.1891637359745715
5.35,-1.032227,0.632813,0.091064,-10.269164,-10.414123,-8.850098,1.2141818334145837
5.36,-0.988037,0.664551,0.181396,-12.031554,-18.119812,-0.259399,1.2044706944488106
5.37,-0.856201,0.712158,0.26123,-14.709472,-13.397216,5.340576,1.1438926008437156
5.38,-0.744873,0.669189,0.281738,-16.76178,4.676819,3.028869,1.0402047896899917
5.39,-0.74707,0.601563,0.237061,-19.744873,28.312681,0.617981,0.9880230491187946
5.4,-0.801514,0.574707,0.200439,-17.349243,40.855404,1.487732,1.0064236785598797
5.41,-0.793457,0.580566,0.236084,-7.774353,39.68811,1.525879,1.011121430027571
5.42,-0.793701,0.583008,0.207764,5.065917,27.404783,-3.425598,1.0064916716799002
5.43,-0.80542,0.543701,0.2229,18.943787,15.190124,-4.165649,0.9969937631705627
5.44,-0.907715,0.553467,0.183838,27.175901,3.837585,2.456665,1.0789201321497344
5.45,-1.039307,0.601074,0.094971,28.671263,-9.223938,4.959106,1.2043539697970858
5.46,-0.969727,0.617188,0.077637,27.153013,-18.295288,2.410889,1.1520933059618044
5.47,-0.854248,0.596924,0.117676,26.672361,-23.094175,0.167847,1.0487638191013267
5.48,-0.858154,0.606689,0.163818,27.992247,-20.408628,3.547668,1.0636428759508523
5.49,-0.872559,0.622559,0.183594,26.359556,-13.298034,5.905151,1.0874951373675195
5.5,-0.853027,0.598877,0.174561,25.024412,-10.978698,5.950927,1.0567782485360873
5.51,-0.785156,0.553955,0.190186,27.366636,-7.194519,8.277893,0.9795441801965851
5.52,-0.730957,0.512207,0.228271,32.043457,3.112793,7.064819,0.9212826906758859
5.53,-0.712646,0.510254,0.29126,36.5448,18.623352,3.532409,0.92361022808975
5.54,-0.696533,0.487549,0.313965,37.872314,30.944822,2.311707,0.9063312135830918
5.55,-0.651611,0.432129,0.302979,37.368774,40.092468,5.1651,0.838527663469131
5.56,-0.760742,0.423584,0.246826,38.299561,51.383968,10.620116,0.9050275520093297
5.57,-0.899658,0.442627,0.200684,44.914242,53.359982,10.261535,1.022534716256128
5.58,-0.804932,0.469971,0.172363,45.196529,51.536556,9.994507,0.9478909585147439
5.59,-0.710205,0.502686,0.13501,37.590027,60.9436,7.4234,0.88051806155297
5.6,-0.736084,0.507568,0.087646,31.059263,78.239441,6.774902,0.8984023324747104
5.61,-0.71875,0.536377,0.122559,26.374815,97.618095,1.396179,0.9051643812645304
5.62,-0.812744,0.521484,0.112793,17.745972,113.204948,-6.141662,0.9722245793236252
5.63,-0.932617,0.541504,0.069336,12.435912,118.743889,-8.934021,1.0806519012156506
5.64,-0.927979,0.575439,0.082764,10.06317,113.250725,-14.343261,1.0950456368836872
5.65,-0.81543,0.508301,0.112061,6.324768,112.350456,-17.059326,0.9673952962579464
5.66,-0.730713,0.553467,0.111084,8.476257,121.055595,-16.052246,0.9233671336548642
5.67,-0.861084,0.588867,0.074463,19.935608,135.093689,-15.686034,1.0458368597032712
5.68,-0.961426,0.580566,-0.031738,21.621702,136.253357,-18.859863,1.1235675923040855
5.69,-0.936523,0.584473,-0.129395,16.296387,115.737907,-17.707825,1.1114976757883932
5.7,-0.921143,0.626465,-0.075195,20.492552,89.950554,-11.268615,1.116520089697897
5.71,-0.873535,0.656982,0.004639,21.957396,73.181152,-3.425598,1.09302802565625
5.72,-0.807617,0.640869,-0.010742,15.800475,69.267273,-1.502991,1.0310546466671882
5.73,-0.819336,0.596924,-0.058838,11.688231,77.484131,1.235962,1.0154268328717733
5.74,-0.919189,0.630127,-0.090576,13.328551,92.39959,5.523681,1.1181111150623628
5.75,-0.932617,0.65332,-0.071533,13.259887,102.302544,2.029419,1.1409287712990674
5.76,-0.813721,0.633789,-0.053955,14.083861,107.719414,-0.076294,1.0328317890087428
5.77,-0.724121,0.63623,-0.058838,15.579223,117.996208,-0.434875,0.9657130763249506
5.78,-0.730957,0.61499,-0.105713,13.145446,131.919861,0.846863,0.9610858829043323
5.79,-0.84082,0.576416,-0.146729,12.321471,136.688232,5.584716,1.0299335303295063
5.8,-0.894287,0.556885,-0.163818,14.640807,126.243584,5.729675,1.0661643769691425
5.81,-0.864014,0.541992,-0.146484,23.818968,96.885674,0.999451,1.030404329627938
5.82,-0.828857,0.544678,-0.231201,24.085997,60.844418,-2.380371,1.0183967559522171
5.83,-0.905029,0.494873,-0.445557,14.450072,28.312681,-3.051758,1.1236092813869951
5.84,-1.095215,0.498047,-0.511475,19.371033,-15.846251,-3.471374,1.3073459320543281
5.85,-1.122314,0.57251,-0.405518,26.31378,-75.637817,-0.221252,1.323556293861353
5.86,-1.032227,0.58374,-0.297852,25.543211,-139.549255,7.110595,1.222685888130308
5.87,-0.904297,0.551514,-0.199951,24.032591,-182.617172,13.275146,1.077915190915315
5.88,-0.692871,0.567627,-0.137939,30.227659,-187.332138,19.500732,0.90625482149945
5.89,-0.683594,0.651367,-0.038818,42.5415,-167.205795,24.04022,0.9450325722688081
5.9,-0.872803,0.607178,-0.090088,34.980774,-143.722534,23.391722,1.0670361044674168
5.91,-0.768311,0.57666,-0.103516,31.066893,-122.741692,22.720335,0.9662060394020521
5.92,-0.634766,0.656494,-0.073486,32.295227,-110.435478,14.72473,0.9161399669199025
5.93,-0.66333,0.66748,-0.089111,26.725767,-93.597404,12.260436,0.9452391282744277
5.94,-0.739746,0.648438,-0.130127,24.185179,-85.121147,9.811401,0.9922847476853607
5.95,-0.793213,0.644775,-0.15332,23.071287,-87.402336,6.309509,1.033648241131382
5.96,-0.78418,0.65625,-0.12085,19.699097,-87.562553,8.277893,1.0296635651512585
5.97,-0.791748,0.66748,-0.105957,12.451171,-85.472099,8.460999,1.0409713405051073
5.98,-0.780762,0.677734,-0.105713,6.370544,-84.106438,5.119323,1.0392727812124207
5.99,-0.794434,0.630371,-0.127686,13.061522,-87.387077,-0.228882,1.0221529692727014
6.0,-0.630615,0.810303,0.155518,41.725155,-85.052483,-7.30133,1.0384854733495312
6.01,-0.583008,0.841309,0.057373,29.724119,-62.294003,13.549804,1.0251784345537123
6.02,-0.998779,0.684326,-0.104736,2.563476,-65.109253,20.004272,1.215249437281499
6.03,-1.114014,0.779053,-0.122803,6.301879,-107.704155,9.017944,1.364929062557465
6.04,-0.904785,0.735596,-0.02002,8.232117,-157.562256,6.980896,1.1662496181525634
6.05,-0.749512,0.706543,0.062744,-0.12207,-176.589951,12.878417,1.0319438252778104
6.06,-0.737061,0.730225,0.121338,-7.408142,-168.685898,14.694213,1.0446101562736216
6.07,-0.650635,0.711914,0.167725,-10.726928,-147.293091,15.968322,0.9789173214556989
6.08,-0.495605,0.682129,0.243896,-8.705139,-111.67907,17.822266,0.8777297690530953
6.09,-0.455811,0.66748,0.321045,-4.440308,-61.721798,15.907287,0.8696913878761823
6.1,-0.55542,0.67627,0.396729,-0.152588,-13.435363,12.184142,0.9608467040797924
6.11,-0.695801,0.717773,0.42334,2.13623,13.191222,12.855529,1.0856122082631532
6.12,-0.761963,0.771729,0.361816,0.526428,24.093626,17.601013,1.1432690324967258
6.13,-0.718994,0.783691,0.291016,-3.868103,39.070129,15.174865,1.1026396817514779
6.14,-0.684326,0.738281,0.233887,-1.38855,64.979553,10.31494,1.0334718370647553
6.15,-0.844482,0.783691,0.187744,7.438659,86.936943,10.108947,1.1672914123478337
6.16,-0.829834,0.782959,0.213135,7.522583,103.637688,15.068053,1.1606359426891792
6.17,-0.626709,0.734131,0.145752,5.851745,121.025078,19.477844,0.9761947251168693
6.18,-0.641846,0.669189,0.036377,5.325317,139.297485,16.693115,0.9279566215971521
6.19,-0.876953,0.667725,0.039795,9.872437,154.769897,15.411376,1.102944641339265
6.2,-0.986328,0.716309,0.012451,14.038085,159.896851,20.599363,1.2190555912123122
6.21,-0.979736,0.713135,-0.0979,12.657165,139.610291,18.531799,1.2157419824621507
6.22,-0.977051,0.64624,-0.198242,10.055541,95.085136,11.474608,1.1880886687301584
6.23,-0.912598,0.658447,-0.258789,16.326904,54.580685,9.620667,1.1547117856564901
6.24,-0.916504,0.643311,-0.280273,24.887083,31.700132,11.360168,1.1542883432080564
6.25,-0.95874,0.587891,-0.200684,42.823788,17.684937,5.729675,1.1423976029986234
6.26,-0.920166,0.663086,-0.054199,51.86462,2.990722,-5.630493,1.1354849371757425
6.27,-0.843506,0.62793,-0.022705,44.891354,16.326904,0.75531,1.0518146100720411
6.28,-0.820557,0.580566,-0.07251,44.029232,50.048824,10.833739,1.0077838908739314
6.29,-0.74585,0.568359,-0.156738,51.139828,92.636101,11.566161,0.9507318107778869
6.3,-0.764648,0.596436,-0.22168,61.31744,123.13842,3.005981,0.9947685602189084
6.31,-0.960938,0.610352,-0.422119,55.068966,130.439758,-0.38147,1.2141317284005884
6.32,-1.132568,0.513672,-0.635498,43.212887,99.95269,1.052856,1.3965768529558265
6.33,-0.955322,0.474121,-0.510742,56.65588,45.036312,-3.562927,1.1824923834380499
6.34,-0.845459,0.617676,-0.439697,55.969234,-5.828857,-1.64032,1.135631108003827
6.35,-0.749268,0.562012,-0.285889,29.769896,-33.187866,-2.998352,0.9792816470704432
6.36,-0.972168,0.520264,-0.317871,3.219604,-18.127441,11.726378,1.147530924446483
6.37,-1.003906,0.532471,-0.220459,6.484985,-8.483887,3.128052,1.1575641638190082
6.38,-0.812988,0.658691,-0.034424,14.511107,-4.592896,3.074646,1.0469041662926937
6.39,-0.732422,0.628662,-0.028076,2.983093,7.354736,-7.919311,0.9656325171119705
6.4,-0.884277,0.541016,-0.073486,-3.822326,8.979797,-16.693115,1.0392518064362457
6.41,-1.016846,0.557861,-0.087158,3.14331,-12.252807,-10.69641,1.163091226001211
6.42,-1.020508,0.568848,-0.184082,6.607055,-48.133846,-13.381957,1.1827555993915226
6.43,-1.092773,0.517822,-0.225586,6.973266,-88.905327,-27.595518,1.2301144241935382
6.44,-1.272217,0.462158,-0.213135,10.32257,-136.58905,-39.283752,1.370238169180088
6.45,-1.411377,0.451172,-0.20166,17.532349,-195.785507,-41.343685,1.4953955882351
6.46,-1.394043,0.471436,-0.253418,24.604795,-249.992355,-43.624874,1.493261018934399
6.47,-1.159912,0.36084,-0.415527,28.602598,-249.992355,-44.30389,1.2838473589461483
6.48,-1.044189,0.150391,-0.538086,45.776363,-249.076828,-31.692503,1.1842654533498813
6.49,-0.972168,0.096436,-0.305176,80.390923,-249.923691,-6.41632,1.0234954388252056
6.5,-0.809326,0.274902,0.003662,101.890556,-249.992355,28.671263,0.8547473861463398
6.51,-0.744385,0.299072,0.129883,98.785393,-249.984726,51.856991,0.8126639422898004
6.52,-0.878906,0.272461,0.085449,95.062248,-249.992355,67.306519,0.924127850980588
6.53,-1.030273,0.4104,0.057373,104.24041,-249.992355,73.34137,1.1104874045472104
6.54,-1.019287,0.628418,0.198486,123.237602,-249.992355,65.200806,1.213775870286191
6.55,-0.944824,0.806152,0.405518,131.68335,-249.992355,61.149593,1.3065290989503449
6.56,-0.895752,0.883057,0.633545,107.864372,-249.992355,70.4422,1.4083822555606131
6.57,-0.876465,0.855225,0.610352,55.625912,-249.992355,73.875427,1.368258111890443
6.58,-0.847656,0.828125,0.480957,26.763914,-249.992355,63.972469,1.2789180371743922
6.59,-0.846436,0.918457,0.528564,31.280516,-249.992355,59.43298,1.3562437336411919
6.6,-0.810303,0.989014,0.624023,16.433716,-249.992355,60.821529,1.4227242700305633
6.61,-0.829834,1.02417,0.565674,-16.609192,-249.992355,55.664059,1.4344112836742466
6.62,-0.992676,1.075439,0.36499,-47.187801,-249.076828,61.042782,1.508374086159332
6.63,-1.048096,1.144531,0.156982,-64.224243,-223.648056,74.020386,1.5598396659596139
6.64,-0.945801,1.17334,0.109375,-78.445435,-184.333786,66.925049,1.5110357963417016
6.65,-0.744873,1.11792,0.25,-97.587578,-163.948044,44.242855,1.3664116921810205
6.66,-0.533447,0.973633,0.350098,-118.8507,-153.076172,31.318663,1.1640857056514353
6.67,-0.315186,0.817383,0.390869,-129.997253,-147.758484,25.238035,0.9592891943757107
6.68,-0.150635,0.70874,0.454346,-129.28772,-145.217896,23.635862,0.8552389014427489
6.69,-0.05957,0.663574,0.530029,-125.244133,-136.947632,26.573179,0.8513576094785316
6.7,-0.006348,0.647949,0.570801,-125.083916,-122.482292,28.671263,0.863534588366905
6.71,0.020508,0.617676,0.446289,-116.546623,-103.065483,30.273436,0.7623110195720642
6.72,0.002441,0.660156,0.307373,-101.547234,-85.319511,17.272949,0.7282101784141718
6.73,-0.104004,0.667236,0.272461,-111.709587,-76.347351,-13.366698,0.7281865888857059
6.74,-0.173096,0.58667,0.197266,-127.181999,-76.881409,-39.405823,0.6426957202844905
6.75,-0.125488,0.480957,0.264404,-126.41143,-88.508598,-43.113705,0.5630065267907647
6.76,-0.042969,0.334473,0.467773,-114.31884,-101.768486,-42.297359,0.5766542310769948
6.77,0.037842,0.209717,0.705322,-94.001762,-98.922722,-52.032467,0.73681229681446
6.78,0.066895,0.192627,0.919189,-70.098877,-76.873779,-57.518002,0.9415351931154778
6.79,0.072266,0.243164,0.98584,-50.636288,-39.108276,-53.497311,1.017954621410994
6.8,0.030273,0.315186,0.838623,-39.993286,0.717163,-48.439022,0.896407945778037
6.81,-0.061035,0.400635,0.668457,-33.180237,31.471251,-47.218319,0.7817086639528822
6.82,-0.155273,0.461914,0.608398,-29.624937,49.369808,-48.835751,0.7795013626216442
6.83,-0.2854,0.452637,0.613037,-29.579161,57.53326,-46.638485,0.8137246322546713
6.84,-0.446777,0.41626,0.658936,-26.06201,59.059139,-43.960567,0.8983756048697004
6.85,-0.547607,0.417725,0.8479,-16.838074,49.011227,-46.295162,1.092383637772921
6.86,-0.517822,0.406982,1.075928,-9.147644,31.143187,-52.429195,1.2615050666533212
6.87,-0.488525,0.404053,1.005859,-5.088806,9.010315,-52.680965,1.188977640796916
6.88,-0.600342,0.494629,0.876221,0.434875,-13.580321,-47.119137,1.1716789685942135
6.89,-0.726807,0.64502,0.915771,0.457764,-37.384033,-52.391048,1.3352661682563518
6.9,-0.750488,0.692871,0.947754,-12.031554,-70.106506,-68.67981,1.3933915836192639
6.91,-0.707031,0.702393,0.838379,-22.117613,-106.513969,-77.461243,1.3023548322369753
6.92,-0.676025,0.736816,0.626221,-28.747557,-136.383057,-65.124512,1.179856075681267
6.93,-0.536133,0.740479,0.438232,-36.964417,-148.254395,-50.2243,1.0138022632417034
6.94,-0.310059,0.699707,0.543457,-38.925171,-148.506165,-46.264645,0.9386543454216786
6.95,-0.144775,0.629639,0.751953,-31.166075,-137.428284,-39.421082,0.9913820581163449
6.96,-0.077637,0.573242,0.786865,-19.90509,-120.422356,-28.152464,0.9766219445404655
6.97,-0.138672,0.550293,0.797119,-9.925842,-120.735161,-28.366087,0.9784942562907563
6.98,-0.098633,0.564941,0.830078,0.358582,-125.129692,-37.368774,1.008918375416961
6.99,0.071777,0.613281,0.85498,9.666443,-118.247978,-40.390011,1.0546356352266881
7.0,0.200928,0.657715,0.991699,13.435363,-102.264397,-35.636902,1.2068255835082384
7.01,0.258301,0.668701,1.111084,8.277893,-81.153862,-32.12738,1.322266270105231
7.02,0.169678,0.606689,1.002441,-7.118225,-58.990475,-29.281614,1.18395528838128
7.03,0.083252,0.592773,0.944092,-16.609192,-35.728455,-25.489805,1.117864226772196
7.04,0.133789,0.640625,0.90918,-18.119812,-24.955748,-25.466917,1.1202268339697992
7.05,0.253662,0.631592,0.827393,-23.66638,-21.430967,-29.724119,1.0713692366112628
7.06,0.337891,0.565918,0.797363,-27.603148,-17.051697,-33.706665,1.0345149899223307
7.07,0.343506,0.494385,0.799561,-26.115416,-7.92694,-34.77478,1.0008549809947493
7.08,0.279541,0.490234,0.789063,-21.339415,8.529663,-29.800413,0.9700994605740176
7.09,0.185791,0.546875,0.774902,-18.516541,29.235838,-18.081665,0.9664696947706121
7.1,0.12207,0.628174,0.753906,-19.91272,49.781796,-11.413573,0.988877098537528
7.11,0.096191,0.682373,0.746338,-25.009153,64.811707,-19.142151,1.015827755997049
7.12,0.083496,0.651123,0.785156,-33.584595,74.020386,-31.440733,1.0234269331422738
7.13,0.076172,0.558594,0.756836,-42.030331,86.006157,-35.774231,0.9437320389369007
7.14,0.044922,0.520508,0.714355,-42.831417,100.067131,-34.194946,0.8850139152425796
7.15,0.022217,0.583984,0.665039,-39.245605,111.732475,-34.667969,0.8853291923719674
7.16,0.024902,0.624023,0.581299,-44.822689,113.342278,-39.176941,0.8531900969502635
7.17,-0.018799,0.525879,0.615479,-55.671688,119.74334,-32.440186,0.809763252119408
7.18,-0.160156,0.44458,0.658203,-58.135983,141.548157,-12.481688,0.810266937462587
7.19,-0.428711,0.374756,0.644043,-55.068966,158.241272,-0.015259,0.8596665440192495
7.2,-0.718262,0.314453,0.70874,-45.81451,146.80481,-4.859924,1.0569263822296235
7.21,-0.877197,0.257324,0.774902,-39.245605,111.67144,-14.289855,1.1984003201722704
7.22,-0.866943,0.238037,0.808838,-31.311033,69.190979,-15.502929,1.2093265435199874
7.23,-0.777832,0.281494,0.88916,-17.448425,28.404234,-17.684937,1.2144410228002016
7.24,-0.644531,0.361816,1.012695,-5.622863,-2.799988,-26.084898,1.2537472595551304
7.25,-0.487305,0.45752,1.086426,-0.999451,-24.879454,-34.301758,1.275583069384742
7.26,-0.335205,0.567139,1.173828,-0.518799,-39.283752,-44.471737,1.3460613696745034
7.27,-0.253418,0.673096,1.209717,-1.899719,-41.221615,-48.347469,1.40737135398906
7.28,-0.270508,0.739502,1.175781,-5.897521,-33.882141,-39.848328,1.4150967267395538
7.29,-0.334717,0.709473,1.105713,-17.127991,-25.566099,-33.653259,1.355724399052772
7.3,-0.418701,0.556885,1.014404,-33.485413,-26.580809,-40.008545,1.2306286628556966
7.31,-0.470703,0.361572,0.955078,-42.770382,-39.176941,-52.261349,1.1244863767413993
7.32,-0.376953,0.255371,0.936035,-39.779663,-51.406857,-60.844418,1.0408983778808572
7.33,-0.206299,0.27417,0.979248,-34.103394,-56.770321,-60.600277,1.0376199264687431
7.34,-0.084229,0.355957,1.040283,-33.64563,-50.285336,-54.420467,1.1027187449114122
7.35,-0.046387,0.43335,1.027344,-41.130062,-32.073975,-45.455929,1.115965801718404
7.36,-0.081055,0.411133,0.968262,-55.801388,-14.35852,-35.987854,1.0550504999088905
7.37,-0.101563,0.279785,0.907715,-68.901062,-3.166198,-31.196592,0.9552702290027677
7.38,-0.127441,0.153564,0.834961,-74.134827,2.189636,-31.120298,0.8584771296301374
7.39,-0.207031,0.065674,0.806396,-72.494507,3.799438,-28.228758,0.8351343712559075
7.4,-0.284912,0.007813,0.788818,-67.489624,-0.823975,-23.574827,0.8387310223408933
7.41,-0.306152,-0.023193,0.73291,-58.868404,-12.145995,-23.399351,0.7946219418396399
7.42,-0.299561,-0.020996,0.678223,-46.722408,-22.262571,-24.024961,0.7417304513541291
7.43,-0.293457,0.001465,0.664551,-35.903931,-27.481077,-24.444578,0.7264621040873365
7.44,-0.305908,0.020264,0.695557,-30.685423,-29.891966,-24.719236,0.7601249071100091
7.45,-0.341797,-0.011475,0.743652,-31.288145,-30.082701,-23.147581,0.8185201047854598
7.46,-0.38501,-0.094238,0.799072,-33.622742,-30.670164,-23.841856,0.8919806959390993
7.47,-0.411865,-0.201904,0.84375,-33.103943,-32.524109,-31.471251,0.9603707960683727
7.48,-0.390869,-0.299561,0.911133,-26.077269,-36.643982,-43.632504,1.0357020380258986
7.49,-0.333008,-0.373535,0.895752,-10.292052,-40.847775,-56.068417,1.0260576834627768
7.5,-0.228271,-0.366455,0.799561,13.702392,-40.954586,-67.062378,0.9086774505769359
7.51,-0.168457,-0.247314,0.672363,36.186218,-38.139343,-72.624207,0.735944277247945
7.52,-0.17334,-0.124023,0.623779,47.927853,-31.387327,-72.654724,0.659187910212255
7.53,-0.195068,-0.087646,0.680664,51.36871,-22.766111,-73.219299,0.7134681680607763
7.54,-0.157715,-0.123291,0.790283,52.284237,-10.246276,-75.370789,0.8152434679253799
7.55,-0.108643,-0.200684,0.899902,54.420467,11.154174,-72.441101,0.9283862229207196
7.56,-0.092285,-0.267578,0.911377,61.088558,40.702816,-63.140865,0.9543178419363226
7.57,-0.105957,-0.271729,0.851563,73.402405,73.21167,-55.824276,0.9001239238343796
7.58,-0.151367,-0.195068,0.845459,90.538017,104.86602,-55.39703,0.8807748940529584
7.59,-0.231201,-0.058105,0.896484,105.339043,134.712219,-54.908749,0.9276387527922709
7.6,-0.337402,0.109375,0.988525,110.733025,162.185654,-47.554012,1.0502307726657032
7.61,-0.460449,0.270996,1.198486,102.088921,182.472214,-35.232544,1.3121816969509215
7.62,-0.597656,0.385742,1.385742,74.928284,191.97081,-28.282164,1.5576490219121895
7.63,-0.694824,0.414551,1.349854,38.116455,180.015549,-34.759521,1.5737657843189374
7.64,-0.731934,0.374756,1.233398,13.298034,141.830444,-43.640133,1.4823764927628877
7.65,-0.705322,0.349121,1.099854,2.754211,92.529289,-44.021603,1.3524213166173475
7.66,-0.676025,0.377197,1.04248,-4.516602,43.136593,-36.399841,1.298480622818069
7.67,-0.683105,0.428955,1.097412,-14.312743,0.762939,-25.131224,1.361964731846607
7.68,-0.641602,0.474609,1.169434,-25.184629,-26.19171,-19.729614,1.4157975524915278
7.69,-0.557129,0.495117,1.154297,-35.865784,-47.241207,-27.999876,1.3740215174949044
7.7,-0.562012,0.457275,1.050049,-45.936581,-80.307007,-42.259212,1.2757589177309323
7.71,-0.577637,0.379395,1.014648,-47.760006,-126.808159,-51.979061,1.2276463797437762
7.72,-0.464111,0.285889,1.062988,-41.53442,-171.028122,-48.141476,1.1946024563786901
7.73,-0.27832,0.231934,1.105713,-32.943726,-191.276535,-29.792784,1.1635534543479298
7.74,-0.153076,0.25415,1.126465,-26.283262,-180.641159,-11.344909,1.1648810585209979
7.75,-0.099121,0.303955,1.115967,-25.894163,-149.368286,-6.454467,1.1608600086810639
7.76,-0.067627,0.305176,1.060547,-33.729553,-115.913383,-13.320922,1.1056517269529313
7.77,-0.038086,0.22876,1.038818,-42.839046,-95.199577,-22.575377,1.0643892700135604
7.78,-0.05542,0.155029,0.964844,-46.798702,-85.746758,-25.169371,0.9787897177519798
7.79,-0.12085,0.142334,0.918701,-46.394344,-76.095581,-20.118711,0.9374834491643039
7.8,-0.131348,0.124023,0.923096,-46.333309,-65.307617,-13.748168,0.9406063081061067
7.81,-0.000977,0.087891,0.884033,-43.29681,-57.723995,-21.453856,0.8883918772135414
7.82,0.115967,0.045898,0.90332,-35.148621,-55.839535,-36.422729,0.9118892443125974
7.83,0.136719,-0.012207,0.900146,-26.199339,-52.558895,-35.339355,0.9105514357388055
7.84,0.091797,-0.046631,0.896729,-17.539978,-45.654293,-30.029295,0.9026206505564782
7.85,0.004883,-0.045898,0.899902,-7.965087,-52.070614,-42.579647,0.9010849458830172
7.86,-0.096924,-0.089844,1.015869,-3.936767,-75.942993,-56.945797,1.0244296126494
7.87,-0.06958,-0.176758,1.148682,-8.010864,-87.799065,-48.278805,1.1642830858893383
7.88,0.106934,-0.141602,1.108643,-8.399963,-74.981689,-37.750244,1.122753449430907
7.89,0.239014,-0.030029,1.049316,-6.309509,-56.877132,-44.952389,1.0766120475329075
7.9,0.265869,-0.019287,1.057861,-12.527465,-40.573116,-47.859188,1.090929974311367
7.91,0.237061,-0.070801,1.071533,-18.692017,-22.674559,-43.29681,1.0997243606517955
7.92,0.160645,-0.096191,1.054932,-17.341614,-7.980346,-43.289181,1.0714201086081967
7.93,0.069092,-0.065674,1.057373,-13.069152,2.082825,-43.472286,1.0616611699921024
7.94,0.023926,0.003174,1.049561,-11.817931,9.735107,-44.036861,1.0498384735153308
7.95,-0.006592,0.072021,1.030762,-12.611388,13.900756,-48.019405,1.033296075454175
7.96,-0.059814,0.10791,1.054199,-11.871337,17.326355,-48.988338,1.0613942784361523
7.97,-0.103516,0.106934,1.046143,-8.750916,28.289793,-40.832516,1.0566766861538113
7.98,-0.128418,0.078125,0.972168,-1.518249,47.378536,-25.192259,0.9837201424048406
7.99,-0.190674,0.015625,0.890381,11.184691,70.045471,-3.364563,0.9107024981090147
8.0,-0.302734,-0.038574,0.83667,32.081604,92.048637,19.950867,0.8905911054642304
8.01,-0.401123,0.019043,0.800049,58.944698,101.745598,29.472349,0.8951763509940374
8.02,-0.533203,0.171143,0.875732,75.218201,82.870476,18.424988,1.0394719339558909
8.03,-0.567383,0.242188,0.892578,75.523376,50.781246,2.296448,1.0850225721693536
8.04,-0.421875,0.268799,0.794434,78.674316,26.985167,-1.480102,0.9388060493957205
8.05,-0.246826,0.28418,0.80835,91.842644,14.884948,1.190186,0.8916900073321445
8.06,-0.223877,0.267822,0.879639,104.927055,15.48767,7.690429,0.9463690110807728
8.07,-0.351563,0.244629,0.97998,114.95208,25.840757,16.387939,1.0694861808410616
8.08,-0.471191,0.186279,1.057373,125.16021,36.056519,16.090393,1.1725009532836208
8.09,-0.484131,0.174561,1.217773,136.146545,36.521912,0.396728,1.3220534964255417
8.1,-0.417969,0.225098,1.353516,133.674622,28.96118,-15.380858,1.4343544739083849
8.11,-0.368164,0.283936,1.230957,110.618584,23.200987,-14.389037,1.3158341532431055
8.12,-0.412109,0.324219,1.075684,86.364738,10.833739,-11.993407,1.1966820194596393
8.13,-0.508057,0.368652,1.057617,73.997498,-9.094238,-16.143799,1.2298698837852726
8.14,-0.495361,0.376953,1.109619,63.606258,-18.440247,-15.716552,1.2722933662056877
8.15,-0.344482,0.377686,1.14209,55.7785,-1.747131,-12.565612,1.2512730041921307
8.16,-0.249756,0.364746,1.167725,56.434628,33.8974,-18.753052,1.2485989667130915
8.17,-0.339355,0.375732,1.195801,58.2962,69.473267,-17.01355,1.2985670500401587
8.18,-0.422363,0.397949,1.204834,55.473324,89.309685,-9.979248,1.3373028370290703
8.19,-0.454102,0.407959,1.199463,46.546932,84.602348,-9.384155,1.3458642801018237
8.2,-0.470947,0.370605,1.216309,29.96826,54.862972,-9.033203,1.355930207022102
8.21,-0.470703,0.304443,1.187988,13.412475,13.84735,-4.837036,1.3136066163817843
8.22,-0.405029,0.240723,1.092529,4.432678,-24.04022,-1.441955,1.1897964823493976
8.23,-0.319336,0.224121,0.980713,2.944946,-52.703854,-0.556946,1.0554637331078696
8.24,-0.28125,0.233643,0.901367,4.53186,-71.998596,1.052856,0.9727040056656495
8.25,-0.311279,0.234619,0.94043,8.361816,-90.873711,6.851196,1.0180124144144804
8.26,-0.304688,0.250732,0.954834,8.674622,-110.626213,14.915465,1.0331550129211007
8.27,-0.314209,0.254639,0.884277,1.464844,-126.327507,18.348694,0.9723755080888248
8.28,-0.281982,0.218018,0.969238,2.5177,-127.815239,13.023376,1.032699374112331
8.29,-0.226807,0.343506,0.906006,-2.532959,-119.651787,12.878417,0.9951304735164128
8.3,-0.400879,0.356201,0.689209,-34.111023,-134.819031,13.404845,0.8732652350362975
8.31,-0.482178,0.202148,0.685547,-44.754025,-162.315353,6.42395,0.8621682705812131
8.32,-0.339355,0.231934,0.764893,-28.015135,-173.973068,5.310058,0.868341233519404
8.33,-0.31543,0.330811,0.86377,-18.890381,-156.608582,12.695312,0.9772566784223068
8.34,-0.417236,0.368652,0.858643,-19.989014,-128.562927,23.643492,1.0233562323301697
8.35,-0.459717,0.343018,0.849365,-25.55084,-116.096489,24.826048,1.0249009569895036
8.36,-0.474854,0.314209,0.837158,-33.721924,-116.546623,26.992796,1.0124461141023753
8.37,-0.541992,0.300049,0.796387,-35.53772,-127.639763,33.554077,1.0089682771197517
8.38,-0.685547,0.321289,0.870605,-28.32794,-155.380249,45.791622,1.1537566367111394
8.39,-0.717773,0.349609,0.851563,-27.969358,-186.622604,56.838985,1.1672977663728308
8.4,-0.511475,0.282959,0.706055,-31.532286,-208.98436,47.065731,0.9166166779690407
8.41,-0.122559,0.264893,0.672607,-21.865843,-212.036118,27.282713,0.7332047370134755
8.42,0.195068,0.31543,0.700684,-11.482238,-181.358322,28.884886,0.7927834996895432
8.43,0.236816,0.348633,0.707275,-7.514953,-133.239746,43.731686,0.8233253987154776
8.44,0.142578,0.340332,0.702881,-9.140015,-97.206108,45.639034,0.7938488876788832
8.45,0.193848,0.267822,0.570313,-14.617919,-83.145134,32.157898,0.6592136139044763
8.46,0.340576,0.152588,0.470215,-10.124206,-82.199089,15.174865,0.6003142974684178
8.47,0.350342,0.147217,0.630371,8.293152,-78.651428,8.758545,0.7360570356256367
8.48,0.342529,0.233643,0.833984,17.501831,-66.856384,8.537292,0.9313669950916234
8.49,0.394043,0.218018,0.864258,8.903503,-54.252621,-2.258301,0.9745479078716448
8.5,0.432617,0.210693,0.791748,-0.297546,-40.260311,-17.967224,0.9265062894778427
8.51,0.408447,0.225586,0.699707,-1.808166,-20.050049,-30.044554,0.8410159814498176
8.52,0.367676,0.207275,0.625,5.096435,-1.571655,-42.999264,0.7541707807923879
8.53,0.373291,0.178711,0.639893,19.035339,7.43103,-56.716915,0.7620674797227606
8.54,0.406006,0.200928,0.763184,34.355164,7.385253,-64.231873,0.8875036625704708
8.55,0.352539,0.258545,0.904053,37.29248,3.570556,-65.101624,1.0042116760698412
8.56,0.290527,0.256104,0.957275,29.129026,-1.373291,-67.970276,1.0326522271171452
8.57,0.262695,0.255371,0.942627,22.27783,-1.991272,-75.10376,1.0113202617346297
8.58,0.254883,0.279541,0.922363,22.308348,6.29425,-86.120598,0.9969262852081894
8.59,0.236816,0.333008,0.942139,27.381895,18.333435,-95.870964,1.0269381876437353
8.6,0.17041,0.406494,1.065186,30.372618,28.95355,-100.151054,1.1527784499772713
8.61,0.070313,0.430908,1.147949,25.382994,37.643433,-97.885124,1.228174470111637
8.62,0.018799,0.398926,1.130859,21.339415,47.782894,-95.687859,1.199307063999041
8.63,-0.032715,0.39917,1.118408,24.459837,58.105465,-94.764702,1.187957665318508
8.64,-0.084229,0.425537,1.081543,28.678892,65.696716,-90.682976,1.1652946080965962
8.65,-0.144775,0.421875,0.979248,32.310486,60.462948,-83.465569,1.0760413383109406
8.66,-0.225586,0.509521,0.983154,35.491943,36.949158,-71.846008,1.1300851651769437
8.67,-0.171631,0.591553,0.968018,32.455444,11.222838,-59.089657,1.1473669858828954
8.68,-0.056885,0.624268,0.99585,27.374266,-7.446289,-51.23901,1.1767173244025093
8.69,0.037109,0.606689,1.046143,20.179747,-10.307311,-44.258114,1.2099023915386729
8.7,0.128662,0.602051,1.017578,13.85498,-0.427246,-40.512081,1.1893209419366162
8.71,0.198242,0.628906,1.043945,8.087158,13.374328,-40.107727,1.23476467815734
8.72,0.237793,0.628906,1.142334,-5.592346,31.661985,-37.223816,1.3255169690505664
8.73,0.275635,0.612793,1.193115,-24.612425,54.405209,-32.867432,1.3693112565443257
8.74,0.299072,0.611572,1.200439,-41.847225,79.864502,-30.708311,1.3800428127739373
8.75,0.278564,0.604736,1.186523,-56.846615,106.163017,-28.717039,1.360566191451559
8.76,0.263184,0.554199,1.195068,-65.437317,131.446838,-26.69525,1.3433502425209145
8.77,0.284668,0.536377,1.345215,-57.235714,161.270126,-24.482725,1.4759199004614039
8.78,0.321533,0.572754,1.260742,-54.817196,199.600204,-19.66095,1.4215839775296428
8.79,0.25,0.361572,1.322754,-50.834652,231.605515,-15.213012,1.3938839462810382
8.8,0.255615,0.251953,1.480957,-9.658813,249.992355,-7.072448,1.5238283952870153
8.81,0.21167,0.419922,1.442871,24.475096,249.992355,14.213561,1.5175689103381764
8.82,0.039063,0.499512,1.521484,40.611263,249.641403,32.249451,1.6018588322224279
8.83,-0.26709,0.54126,1.561523,53.306576,249.992355,52.12402,1.6741127606075406
8.84,-0.540527,0.583984,1.556152,60.93597,249.992355,71.44928,1.7478031345346077
8.85,-0.717529,0.562744,1.496338,64.697266,249.992355,84.648125,1.7523002270218992
8.86,-0.819092,0.506836,1.394287,73.036194,249.992355,95.390312,1.6946476547439
8.87,-0.811279,0.463623,1.251709,85.929863,249.992355,111.663811,1.5620164284190483
8.88,-0.724609,0.4646,1.075195,101.684563,245.910629,131.484985,1.3773001310193793
8.89,-0.654785,0.499756,0.945313,118.820183,237.991318,147.979736,1.2538405495636198
8.9,-0.651855,0.571777,0.842285,130.645752,247.154221,163.444504,1.2088374166855524
8.91,-0.709473,0.646973,0.730469,130.157471,249.992355,178.802475,1.206445589497927
8.92,-0.695801,0.694336,0.590332,118.019096,249.93132,191.673264,1.1466182375668896
8.93,-0.634033,0.731934,0.453125,99.784843,249.908432,200.973495,1.0691339911676179
8.94,-0.713867,0.788574,0.354248,85.456841,249.992355,205.223068,1.1211363399109853
8.95,-0.903564,0.855469,0.312256,76.408386,249.992355,206.83287,1.2828713581622282
8.96,-0.985596,0.912109,0.265381,66.505432,244.850143,212.791428,1.3688569604812622
8.97,-0.916016,0.929932,0.273438,49.22485,197.853073,211.219772,1.3336518199005316
8.98,-0.75708,0.875,0.267334,27.923582,134.300232,199.272141,1.1875447755583788
8.99,-0.560303,0.805176,0.306152,11.650084,87.738029,188.835129,1.0276073617335564
9.0,-0.384277,0.71167,0.291504,-6.347656,67.726135,179.901108,0.8597194796240225
9.01,-0.282959,0.581787,0.212402,-24.131773,73.028564,175.125107,0.6809232839711093
9.02,-0.268066,0.485107,0.172852,-33.874512,94.268791,176.338181,0.5805738503489457
9.03,-0.274902,0.431396,0.176025,-38.772583,115.051262,169.654831,0.5409791299532727
9.04,-0.262939,0.392334,0.178223,-40.611263,118.614189,150.19989,0.5048032517783537
9.05,-0.257324,0.37915,0.224365,-41.481014,105.003349,129.005432,0.5102058571802169
9.06,-0.248535,0.367188,0.251221,-46.058651,87.196342,112.518303,0.5096161932376169
9.07,-0.272705,0.384277,0.188477,-46.218868,69.526672,100.868217,0.5075040977992197
9.08,-0.29834,0.456299,0.14209,-41.557308,55.435177,90.492241,0.5633871680301212
9.09,-0.20874,0.5354,0.174072,-39.146423,47.355648,77.896118,0.6004386802863386
9.1,-0.103516,0.567383,0.184082,-40.977474,41.946407,63.812252,0.6054132585837545
9.11,-0.086182,0.553711,0.138184,-41.893002,43.579098,51.36108,0.577163777883713
9.12,-0.161377,0.512451,0.089111,-36.819458,47.798153,41.41235,0.5446001596134543
9.13,-0.24707,0.490967,0.096924,-26.741026,46.203609,33.508301,0.5581097040591572
9.14,-0.261963,0.523193,0.134033,-15.548705,43.273922,26.359556,0.6002669187178317
9.15,-0.224121,0.581055,0.204102,-2.998352,45.478817,21.041868,0.6553722316897473
9.16,-0.195557,0.623779,0.313477,4.249573,57.022091,19.714355,0.7249900762210474
9.17,-0.187988,0.574707,0.352295,1.686096,74.073792,13.114928,0.6998138259694503
9.18,-0.217041,0.493652,0.364502,3.173828,86.578362,9.910583,0.6508923112074685
9.19,-0.192871,0.448242,0.388672,12.359618,97.999565,11.909484,0.6238477673190792
9.2,-0.188232,0.432861,0.350586,24.002073,105.735771,11.878966,0.5879714912655205
9.21,-0.330078,0.439453,0.272705,37.857056,113.128654,13.908385,0.6135457948010075
9.22,-0.512939,0.521973,0.226807,53.955074,113.525383,13.641356,0.7661616315758706
9.23,-0.626709,0.667969,0.205322,67.977905,96.855156,5.767822,0.9386713372240574
9.24,-0.666016,0.816406,0.208252,74.935913,73.234558,-2.799988,1.0739948624625726
9.25,-0.66626,0.938232,0.241943,76.782227,54.107662,-4.516602,1.1758903387106299
9.26,-0.531982,1.022705,0.34082,75.836182,45.745846,0.198364,1.2021183958949302
9.27,-0.460693,1.001953,0.375,66.627502,44.43359,2.799988,1.1648059299548574
9.28,-0.563965,0.929443,0.353516,56.800838,56.884762,4.241943,1.143194810052075
9.29,-0.645264,0.881592,0.348877,48.851009,75.195313,7.461547,1.1468588602304122
9.3,-0.641846,0.891357,0.239258,38.101196,74.684143,2.998352,1.124156563708543
9.31,-0.682617,0.931641,0.246826,30.09033,63.07983,4.852295,1.1810351374307202
9.32,-0.748779,0.969238,0.341797,22.758482,41.66412,12.268065,1.2715807016048961
9.33,-0.706299,0.960205,0.373535,10.047912,18.257141,12.138366,1.2491518385092342
9.34,-0.646973,0.947021,0.308105,-0.434875,-2.983093,12.20703,1.187582219551556
9.35,-0.614014,0.89917,0.252686,-10.520934,-21.926878,11.650084,1.1177522514815168
9.36,-0.546875,0.801514,0.317627,-15.747069,-37.658691,9.933472,1.0209720216293883
9.37,-0.491943,0.737793,0.34082,-10.002136,-43.05267,17.089844,0.9500024728904657
9.38,-0.481445,0.724609,0.314697,-2.006531,-39.665222,21.080015,0.9251387424138068
9.39,-0.485596,0.740967,0.305664,4.40979,-47.554012,9.315491,0.9371584984414323
9.4,-0.479492,0.759766,0.341309,9.971619,-68.244934,0.061035,0.9610664838090027
9.41,-0.460205,0.773926,0.369629,13.427733,-87.867729,-0.396728,0.9733322624582009
9.42,-0.452393,0.766357,0.382324,15.823363,-99.716179,-2.471924,0.9685732387765005
9.43,-0.457764,0.769043,0.372559,20.149229,-104.331963,-4.463196,0.9694200451950641
9.44,-0.421631,0.789795,0.387695,24.16992,-99.090569,-2.655029,0.9756312086085603
9.45,-0.365479,0.811768,0.38501,26.93939,-87.272636,-2.159119,0.9699355057760284
9.46,-0.352539,0.87793,0.381348,29.983519,-72.814941,-4.508972,1.0200348663281076
9.47,-0.444336,0.952148,0.397949,28.900145,-61.286922,-9.033203,1.1235584993230214
9.48,-0.524414,1.004395,0.332031,25.360106,-58.67004,-15.472411,1.1807048506642124
9.49,-0.459717,1.01001,0.366211,17.807007,-60.363766,-17.211914,1.1685762348730184
9.5,-0.338623,0.933594,0.359375,6.454467,-64.857483,-16.716003,1.0561314707885567
9.51,-0.308105,0.880859,0.29126,-0.259399,-63.423153,-15.663146,0.9775856261760398
9.52,-0.379883,0.880127,0.280029,-3.341675,-49.47662,-9.521484,0.9986745569298339
9.53,-0.451904,0.864746,0.285889,-6.988525,-33.042908,-2.182007,1.0167277856206154
9.54,-0.462646,0.83667,0.281982,-10.520934,-23.643492,1.060486,0.9967807474765953
9.55,-0.455322,0.831787,0.308105,-12.870788,-22.65167,1.770019,0.997053874210416
9.56,-0.416992,0.843994,0.354248,-14.915465,-25.81024,4.364014,1.0058329113744489
9.57,-0.376465,0.864014,0.381592,-17.295837,-27.725218,11.238097,1.0167883471426096
9.58,-0.356689,0.885254,0.413574,-19.538879,-25.81024,17.280579,1.0401659197998172
9.59,-0.355225,0.893799,0.425781,-21.186827,-18.241882,22.964476,1.051832169591233
9.6,-0.353516,0.891113,0.459961,-22.727964,-9.597778,26.832579,1.0633061941632806
9.61,-0.375244,0.890625,0.422852,-21.240232,-10.688781,24.475096,1.054905097184102
9.62,-0.40918,0.958984,0.41626,-15.11383,-21.362303,19.859314,1.1226535406152691
9.63,-0.417236,1.041016,0.48877,-10.536193,-34.65271,18.104553,1.2233954000453
9.64,-0.44751,1.074463,0.526123,-6.904602,-50.201412,17.89856,1.2773180299353797
9.65,-0.471191,1.068115,0.499023,-2.716064,-64.64386,19.203186,1.2696119746737582
9.66,-0.479492,1.043945,0.42627,1.075745,-72.58606,21.469114,1.2253325483267796
9.67,-0.479492,1.031494,0.384521,5.348205,-70.465088,21.736143,1.2007284661991653
9.68,-0.490234,1.015869,0.34668,9.254456,-66.230774,18.531799,1.180045008597977
9.69,-0.498047,1.02832,0.362793,14.442443,-65.589905,13.22174,1.1987958948286401
9.7,-0.437012,1.034424,0.432373,18.348694,-63.850399,11.276244,1.203311643361353
9.71,-0.396729,1.021484,0.406006,20.027161,-60.554501,13.427733,1.1686164185621388
9.72,-0.450195,1.007324,0.334229,20.736692,-53.855892,14.328002,1.152860010340371
9.73,-0.432617,1.003662,0.298096,18.585205,-40.351864,15.586852,1.132853081449223
9.74,-0.368896,0.965576,0.240479,14.007567,-28.900145,15.426635,1.0612499328777365
9.75,-0.328613,0.916992,0.178711,8.491516,-24.078367,9.910583,0.9903526913953433
9.76,-0.286377,0.861328,0.166016,1.358032,-27.778624,0.793457,0.9227453722284387
9.77,-0.258057,0.797119,0.230225,-5.218505,-34.461975,-7.316589,0.8689048659289463
9.78,-0.277588,0.757568,0.30127,-7.225036,-36.972046,-13.290404,0.8612363120932605
9.79,-0.345215,0.770264,0.27124,-5.271911,-37.910461,-18.035889,0.8865952647747448
9.8,-0.385986,0.834473,0.243164,-1.548767,-41.168209,-20.683287,0.9510305519913648
9.81,-0.396729,0.895264,0.23999,1.602173,-45.478817,-21.301268,1.008209665316198
9.82,-0.37915,0.947998,0.196533,3.707886,-45.684811,-20.973204,1.0397500423625863
9.83,-0.335449,0.978027,0.194092,5.050659,-41.328426,-20.629881,1.0520145192885886
9.84,-0.331299,0.967529,0.138916,4.714966,-34.790039,-19.302368,1.0320702729455975
9.85,-0.400879,0.953613,0.096924,4.386902,-27.511595,-16.63208,1.0389783386510039
9.86,-0.44165,0.945068,0.094971,5.828857,-24.589537,-13.298034,1.0474863903483425
9.87,-0.436768,0.943604,0.087158,9.277344,-30.227659,-12.329101,1.043432466240149
9.88,-0.348389,0.938965,0.087402,12.557982,-33.630371,-9.994507,1.0053204842984154
9.89,-0.241211,0.945801,0.048584,17.204285,-28.739927,-5.401611,0.9772833177630732
9.9,-0.223389,0.986084,0.003906,22.941587,-17.585754,-4.119873,1.0110784129893189
9.91,-0.245117,1.030029,-0.016602,25.917051,-4.829407,-3.669739,1.0589229013171828
9.92,-0.249268,1.028564,-0.027832,24.955748,5.020141,-3.684997,1.058703479801592
9.93,-0.239014,0.966309,0.016113,23.277281,14.488219,-5.226135,0.9955603469634575
9.94,-0.253418,0.89624,0.089111,25.405882,27.038572,-6.729125,0.9356321876918301
9.95,-0.300781,0.845703,0.104248,29.541014,40.824886,-7.690429,0.9036317943023032
9.96,-0.349854,0.847412,0.095215,35.064697,49.766537,-8.544922,0.9217216582488447
9.97,-0.389893,0.874756,0.080566,39.291382,54.603573,-7.041931,0.9610959844578479
9.98,-0.48877,0.883057,0.069092,41.999813,55.999752,-4.646301,1.0116617431795076
9.99,-0.618896,0.895508,0.067139,45.013424,50.575253,-6.195068,1.0906303141766232
10.0,-0.717285,0.917969,0.09375,46.279903,28.762815,-12.603759,1.1687403127666984
10.01,-0.705078,0.899902,0.105713,44.486996,-7.217407,-18.692017,1.1481000975772975
10.02,-0.624512,0.855957,0.065186,43.464657,-45.036312,-22.132872,1.061568103603815
10.03,-0.535889,0.823486,0.005859,44.502254,-73.310852,-26.214598,0.9825174504292532
10.04,-0.477783,0.817383,-0.00708,47.393795,-92.65136,-31.143187,0.9468060467582576
10.05,-0.44873,0.818359,-0.009033,51.834103,-108.978264,-36.125183,0.9333550561656586
10.06,-0.443848,0.823242,-0.037109,56.465145,-124.481194,-40.504452,0.9360050830786124
10.07,-0.48584,0.822021,-0.079346,59.92889,-140.197754,-46.691891,0.9581517717757454
10.08,-0.565186,0.831055,-0.115479,63.385006,-159.980774,-56.388851,1.0116437253608603
10.09,-0.60376,0.853516,-0.119385,67.314148,-187.461838,-67.451477,1.0522682538597277
10.1,-0.568359,0.890625,-0.107666,72.029114,-222.160324,-75.942993,1.061996615372196
10.11,-0.487549,0.936768,-0.039795,75.668335,-249.824509,-78.910828,1.0567979727696302
10.12,-0.440918,0.960205,0.064453,76.133728,-249.992355,-75.805664,1.0585634199035976
10.13,-0.442139,0.966553,0.120605,73.913574,-248.535141,-74.638367,1.0696995667733067
10.14,-0.496582,0.969971,0.069336,71.342468,-236.755356,-79.444885,1.0918996769213736
10.15,-0.534668,1.001953,0.025146,71.968079,-221.641525,-81.993095,1.135963030097811
10.16,-0.524902,1.048096,-0.003662,73.486328,-216.384872,-81.192009,1.1721948409134038
10.17,-0.501953,1.102539,-0.05127,74.768066,-218.68132,-81.733696,1.2125088344544133
10.18,-0.458008,1.162109,-0.04248,74.272156,-215.881332,-81.512444,1.249829270878627
10.19,-0.400879,1.184326,0.0271,68.92395,-198.921188,-78.582764,1.2506264258030853
10.2,-0.385986,1.158447,0.080566,61.790462,-174.056992,-76.766968,1.2237138245361943
10.21,-0.379639,1.128906,0.143555,58.746334,-149.772644,-74.60022,1.199651018080675
10.22,-0.299316,1.10083,0.257568,57.762142,-125.068657,-69.30542,1.1695118774001398
10.23,-0.215332,1.037109,0.327148,53.199764,-95.268242,-63.163754,1.10859765560324
10.24,-0.21582,0.959473,0.298828,48.652645,-64.331055,-57.891842,1.0278447760790537
10.25,-0.282471,0.921387,0.250244,47.569271,-39.665222,-54.420467,0.9956736057293072
10.26,-0.379639,0.941162,0.1875,48.385616,-31.044004,-53.184505,1.0320212839689888
10.27,-0.486572,1.02002,0.1875,50.018307,-40.260311,-54.168697,1.1455781778578011
10.28,-0.555908,1.093262,0.230225,48.171993,-60.997005,-57.136532,1.2479018614189978
10.29,-0.551025,1.105225,0.303223,43.04504,-83.763115,-56.800838,1.2716505176262067
10.3,-0.505859,1.04834,0.382324,38.139343,-98.091118,-51.506039,1.225186403963495
10.31,-0.487793,0.959717,0.425049,35.087585,-102.081291,-46.363827,1.1574391488709028
10.32,-0.558105,0.869141,0.383057,34.736633,-101.356499,-43.395992,1.1016441958068857
10.33,-0.639648,0.830322,0.340088,37.567139,-102.714531,-41.732784,1.1019274183593037
10.34,-0.618896,0.795898,0.339844,39.451599,-113.952629,-42.488094,1.0639454072253893
10.35,-0.604736,0.761719,0.250977,41.267391,-134.849548,-43.05267,1.004445578011074
10.36,-0.64502,0.77832,0.187256,42.732235,-156.265259,-41.526791,1.0280552671602825
10.37,-0.658691,0.808594,0.172852,41.732784,-174.644455,-39.093018,1.057154626448279
10.38,-0.598633,0.842285,0.168213,40.519711,-186.55394,-33.836365,1.046948472124106
10.39,-0.501221,0.860352,0.203857,39.1922,-188.384995,-28.564451,1.0163590562365252
10.4,-0.445068,0.824707,0.228271,36.712646,-184.577927,-29.014585,0.9645386513323351
10.41,-0.422363,0.774658,0.233154,34.042358,-181.533798,-31.990049,0.9126041356738418
10.42,-0.477539,0.730469,0.218018,31.623838,-188.529953,-36.399841,0.8995333817074272
10.43,-0.55542,0.733887,0.20752,30.899046,-205.497726,-40.817257,0.9434755193268133
10.44,-0.564209,0.774414,0.285889,31.425474,-225.570663,-42.79327,0.9998906737228827
10.45,-0.473389,0.797119,0.373047,31.34918,-239.273056,-42.045589,0.9993297302147075
10.46,-0.357666,0.787109,0.421875,30.838011,-235.488876,-38.139343,0.9620000317370057
10.47,-0.265137,0.763428,0.437256,31.616209,-205.734238,-30.586241,0.9188649245068613
10.48,-0.244385,0.72876,0.449951,34.591675,-161.865219,-22.041319,0.8906576605104791
10.49,-0.293945,0.701416,0.410156,39.718628,-119.575493,-17.227173,0.8640694488390387
10.5,-0.346191,0.700928,0.318848,44.128414,-85.250847,-13.496398,0.844282131025524
10.51,-0.393311,0.717773,0.250732,45.593258,-65.986633,-10.932921,0.8560129427023869
10.52,-0.43042,0.734375,0.212646,44.540401,-61.462399,-11.871337,0.8773746852633714
10.53,-0.441406,0.751709,0.198242,40.786739,-63.278194,-12.870788,0.8939829797490554
10.54,-0.469238,0.762939,0.233887,35.667419,-68.183899,-12.672423,0.9257231482111701
10.55,-0.443604,0.759033,0.323486,31.341551,-75.767517,-14.389037,0.9367810822710928
10.56,-0.384766,0.729004,0.376221,29.975889,-86.395256,-19.584656,0.9061092360267607
10.57,-0.384033,0.712891,0.371338,34.0271,-93.849174,-22.056578,0.8908349079453499
10.58,-0.378418,0.77002,0.337646,40.153503,-90.736382,-18.127441,0.9220280930861054
10.59,-0.362549,0.860107,0.273926,41.877743,-80.581657,-14.694213,0.9727596220680627
10.6,-0.356934,0.914551,0.245361,38.642883,-64.26239,-11.550902,1.0119325235795122
10.61,-0.379395,0.923096,0.266113,33.485413,-41.343685,-6.179809,1.032890565360145
10.62,-0.452148,0.89209,0.338867,28.45764,-20.469664,-3.501892,1.0559797468195118
10.63,-0.53125,0.852051,0.419922,25.466917,-12.168883,-6.614685,1.0883712395984193
10.64,-0.527832,0.836182,0.500244,24.345396,-18.043518,-12.245177,1.1081746328462856
10.65,-0.418945,0.841064,0.505615,22.644041,-29.167173,-14.045714,1.0670286281754582
10.66,-0.334229,0.8479,0.466797,20.668028,-35.217285,-12.71057,1.0239838248966633
10.67,-0.368652,0.85376,0.435547,19.706726,-32.38678,-14.274596,1.0268941639297595
10.68,-0.456299,0.862305,0.388916,18.64624,-30.84564,-21.362303,1.050254419406079
10.69,-0.516846,0.875977,0.383545,17.784119,-42.701717,-32.089233,1.087001499203198
10.7,-0.542969,0.890137,0.397705,15.029906,-61.836239,-41.641232,1.11594286625929
10.71,-0.544678,0.908203,0.435303,10.673522,-77.529907,-47.8363,1.1449871242516223
10.72,-0.555908,0.935791,0.444336,8.079529,-88.439934,-50.10223,1.1756585307992284
10.73,-0.607666,0.988281,0.427002,8.155823,-94.924919,-48.286434,1.2362394632598492
10.74,-0.653564,1.050293,0.418945,7.965087,-98.678581,-45.005795,1.306053674612954
10.75,-0.658691,1.087891,0.420166,6.515502,-106.773369,-46.562191,1.3393730357588958
10.76,-0.648682,1.090088,0.401123,7.545471,-123.062126,-54.939266,1.330405895205294
10.77,-0.628906,1.100586,0.392578,13.336181,-147.468567,-63.545223,1.327000296275777
10.78,-0.572754,1.115479,0.41748,19.165039,-175.636276,-70.137024,1.3216013371501256
10.79,-0.51001,1.12085,0.406738,23.475645,-202.697739,-75.012207,1.2968618751601881
10.8,-0.465332,1.141846,0.348633,27.481077,-224.937424,-77.301025,1.2813629956530663
10.81,-0.441162,1.178467,0.282227,29.701231,-243.179306,-80.566399,1.289597014521203
10.82,-0.406738,1.19165,0.272217,27.770994,-249.992355,-87.448112,1.2882420650766688
10.83,-0.366211,1.149658,0.29541,21.957396,-249.992355,-95.91674,1.2422121725313273
10.84,-0.282227,1.089355,0.302734,15.48767,-249.832138,-102.195732,1.1653301121613568
10.85,-0.171143,1.014648,0.258301,10.139464,-249.992355,-107.955925,1.0609052252458746
10.86,-0.082031,0.91748,0.180908,10.131835,-249.992355,-113.212578,0.9387365657227803
10.87,0.012695,0.880371,0.214111,18.547058,-249.992355,-113.723747,0.9061223874218096
10.88,0.016602,0.892578,0.204346,27.297972,-247.253403,-107.048027,0.9158211616926091
10.89,-0.125244,0.842773,0.116943,30.242918,-212.081894,-96.870415,0.8600163104930045
10.9,-0.218018,0.726318,0.162842,32.501221,-160.568237,-91.567986,0.775620527327636
10.91,-0.258789,0.615479,0.243164,42.556759,-129.219055,-90.568535,0.7105736252197938
10.92,-0.331543,0.567383,0.306152,60.096737,-116.744987,-88.905327,0.7249643278410324
10.93,-0.364746,0.602051,0.337158,82.824699,-108.978264,-87.684624,0.7805002037674302
10.94,-0.34375,0.697021,0.326416,106.193535,-100.219719,-90.179436,0.8429411260562626
10.95,-0.318359,0.806641,0.307617,122.528069,-92.987053,-92.90313,0.9201360630097052
10.96,-0.316406,0.894287,0.30127,129.226685,-89.454643,-92.285149,0.9953017673575186
10.97,-0.266357,0.939209,0.330322,127.853386,-86.051933,-85.235588,1.0306173978805133
10.98,-0.133301,0.915771,0.324707,120.941154,-77.507019,-73.226929,0.980734580246358
10.99,-0.123779,0.880615,0.239746,109.03167,-67.802429,-56.861874,0.9210223469503875
11.0,-0.313477,0.930176,0.186523,97.846977,-56.27441,-42.694088,0.999142657498918
11.01,-0.549805,0.98584,0.150146,87.303154,-53.329464,-37.42981,1.1387316913746628
11.02,-0.629395,0.979004,0.034668,76.522827,-67.749023,-37.559509,1.1643834283709984
11.03,-0.569092,1.004639,-0.056885,71.06781,-102.119438,-35.591125,1.156028169211287
11.04,-0.536621,1.076904,-0.02417,70.1828,-147.079468,-27.404783,1.2034402817576784
11.05,-0.525635,1.144043,0.010254,68.328857,-179.389938,-15.190124,1.259059841147354
11.06,-0.411377,1.174805,-0.028809,60.859676,-187.873825,-4.135132,1.245081436145845
11.07,-0.255615,1.141113,-0.054199,47.142025,-182.296738,1.76239,1.1706474441927424
11.08,-0.134033,1.076904,-0.025391,32.821655,-172.210678,4.180908,1.0855099139049813
11.09,-0.101563,1.027588,0.000488,22.933958,-160.331726,7.4234,1.032594973286719
11.1,-0.119385,0.987549,0.015381,15.35797,-140.24353,17.623901,0.9948579701580523
11.11,-0.11377,0.956543,0.013672,9.483337,-114.311211,31.829832,0.9633820879241008
11.12,-0.088867,0.949707,0.028564,8.522034,-93.833916,38.406372,0.95428330784626
11.13,-0.086182,0.957031,0.114014,10.292052,-84.754936,34.057617,0.9676439759958204
11.14,-0.091064,0.955566,0.214355,9.490967,-82.336418,29.647825,0.9835380513620203
11.15,-0.05835,0.931396,0.26001,6.17218,-82.603447,31.013487,0.9687664483331367
11.16,-0.001709,0.901611,0.248535,0.701904,-86.639397,33.027649,0.9352405905578522
11.17,0.049561,0.899414,0.213623,-3.532409,-90.49987,31.181334,0.9257627245930785
11.18,0.12207,0.942871,0.189453,-2.151489,-88.264458,28.221128,0.9694324353713362
11.19,0.19043,1.009521,0.225098,1.434326,-76.332092,28.038023,1.0516964124427732
11.2,0.209961,1.053711,0.293457,-0.679016,-57.28149,29.098509,1.113780725228714
11.21,0.175293,1.052246,0.359863,-9.223938,-39.497375,26.390074,1.1258111116586123
11.22,0.132568,1.021973,0.412109,-18.096924,-30.746458,18.692017,1.1098814870219254
11.23,0.114258,0.991943,0.436035,-24.185179,-29.800413,12.573241,1.0895560229001535
11.24,0.109131,0.999756,0.446045,-25.917051,-29.58679,12.20703,1.1001717032909
11.25,0.119629,1.047852,0.458984,-22.003172,-25.115965,15.472411,1.1502048616663902
11.26,0.148193,1.098877,0.483643,-18.211365,-17.372131,18.333435,1.2097116920270714
11.27,0.174561,1.105957,0.505859,-21.850584,-10.06317,19.012451,1.2286194514376696
11.28,0.204102,1.080811,0.490234,-28.091429,-2.388,21.034239,1.2042173470271054
11.29,0.218262,1.057129,0.478516,-29.487608,6.767272,26.512144,1.180736035505396
11.3,0.186768,1.057617,0.524414,-26.107786,17.39502,34.606934,1.1951761576893174
11.31,0.137207,1.060547,0.583984,-22.590635,28.739927,41.328426,1.2184510709560723
11.32,0.092285,1.044678,0.586426,-23.200987,37.071228,41.389462,1.2015673507485962
11.33,0.045166,1.00293,0.548828,-27.687071,39.413452,37.719727,1.1441681371371955
11.34,0.001709,0.960449,0.470215,-32.516479,37.765503,35.980225,1.069377084337887
11.35,-0.022461,0.926758,0.395508,-33.569336,34.698486,35.28595,1.0078747269125266
11.36,-0.046875,0.931641,0.381836,-27.473448,28.732298,32.836914,1.0079439217545785
11.37,-0.086426,0.974365,0.43042,-17.494202,17.303467,29.945372,1.0686992014131012
11.38,-0.105469,0.989502,0.466553,-12.992858,-0.160217,29.174803,1.0990494164385876
11.39,-0.05957,0.954346,0.489014,-13.763427,-17.753601,31.219481,1.0739923485816834
11.4,0.040527,0.925293,0.547852,-13.778686,-27.19116,34.042358,1.0760814966729983
11.41,0.090332,0.922119,0.647461,-13.488769,-23.826597,36.231995,1.1303402438673056
11.42,0.048584,0.937744,0.687988,-14.991759,-9.490967,35.545349,1.164066880697153
11.43,-0.015381,0.979736,0.631104,-16.860962,6.034851,29.724119,1.1655091006392873
11.44,-0.103027,1.051025,0.536621,-17.189026,12.565612,23.735044,1.1845801834384198
11.45,-0.162109,1.121094,0.455078,-17.555237,12.46643,22.514341,1.2207485698541696
11.46,-0.163574,1.150391,0.399658,-20.652769,10.95581,26.145933,1.2287727305409246
11.47,-0.147949,1.171631,0.453369,-23.620604,13.908385,30.807493,1.2649709707827292
11.48,-0.135986,1.173828,0.525635,-29.487608,27.587889,30.784605,1.293312227965467
11.49,-0.105225,1.126953,0.513428,-38.986206,47.485348,24.948118,1.2428610847628951
11.5,-0.109131,1.055908,0.507568,-43.647762,62.20245,19.752502,1.1766378177880399
11.51,-0.158936,1.012207,0.534668,-39.68811,70.304871,20.927427,1.155722083015203
11.52,-0.183594,0.987549,0.571289,-34.576416,76.49231,23.681639,1.1555651888829122
11.53,-0.233154,0.958252,0.587402,-36.170959,79.917908,26.023863,1.147888841667171
11.54,-0.398926,0.927979,0.565674,-43.815609,77.140808,32.966614,1.1577020567456033
11.55,-0.575195,0.882813,0.518311,-52.680965,65.132141,41.175838,1.1742463002773311
11.56,-0.623047,0.803955,0.439941,-57.014462,36.2854,40.06958,1.1081873892600473
11.57,-0.556152,0.74292,0.402588,-54.107662,-9.025574,27.877806,1.0115889833563827
11.58,-0.472168,0.719727,0.463135,-46.401974,-57.365414,12.680053,0.9774679549622075
11.59,-0.394531,0.725342,0.559326,-35.667419,-94.15435,3.250122,0.9973070245420915
11.6,-0.332031,0.764404,0.569336,-23.811338,-113.098137,3.40271,1.0093074561663555
11.61,-0.271973,0.814941,0.573242,-14.198302,-115.646355,9.529114,1.0328138926127979
11.62,-0.204834,0.817139,0.595947,-8.651733,-107.13195,16.51001,1.0319040360837823
11.63,-0.126953,0.773682,0.573486,-0.137329,-90.950005,23.04077,0.9713841122485997
11.64,-0.043457,0.776855,0.575195,17.288208,-70.777893,30.426023,0.9675957264782642
11.65,0.023438,0.857666,0.684326,34.416199,-53.527828,34.980774,1.0974709024279414
11.66,0.033203,0.940674,0.840332,33.813477,-42.144772,30.982969,1.261795499955916
11.67,0.023926,0.940186,0.92041,10.093688,-35.308838,20.324705,1.3159318888802718
11.68,0.03418,0.853027,0.848877,-18.89801,-30.891417,16.197205,1.2039167314469883
11.69,-0.020264,0.814941,0.670898,-30.982969,-34.561157,19.78302,1.0557668253838062
11.7,-0.078857,0.876221,0.519775,-29.113768,-48.225399,19.14978,1.0218354651875223
11.71,-0.041504,0.942871,0.449463,-27.397154,-62.408443,14.297484,1.0453445809999686
11.72,0.018555,0.97583,0.369873,-28.572081,-69.641113,11.253356,1.0437406349539142
11.73,0.010986,1.002197,0.306885,-30.731199,-67.222595,11.734008,1.0481879231464175
11.74,0.000732,1.004639,0.304443,-38.299561,-55.229183,11.657714,1.0497550173226133
11.75,0.055664,0.970459,0.36499,-51.918026,-36.6745,9.712219,1.038319243622596
11.76,0.118652,0.909912,0.428711,-65.551758,-19.859314,7.644653,1.0128234132211795
11.77,0.122314,0.842285,0.419189,-73.104858,-10.116576,8.758545,0.9487487304560676
11.78,0.077637,0.797363,0.365234,-72.441101,-5.706787,15.754699,0.8804607500019521
11.79,0.050293,0.783691,0.348389,-67.214966,-3.189087,25.68054,0.8591134178040756
11.8,0.08252,0.778564,0.356934,-60.913082,-1.678467,37.940979,0.8604494946549739
11.81,0.13208,0.746094,0.330811,-58.052059,-0.892639,52.398678,0.8267631468304572
11.82,0.18335,0.682373,0.260254,-62.759396,2.357483,58.616634,0.7529822561953237
11.83,0.202637,0.605713,0.234619,-67.512512,6.347656,58.54034,0.6804381436243856
11.84,0.172363,0.518311,0.318848,-65.475464,7.080078,55.595394,0.6324708243025918
11.85,0.115234,0.42749,0.443115,-57.075497,2.456665,48.988338,0.6264004135383373
11.86,0.075195,0.368896,0.468262,-45.478817,-8.277893,40.374752,0.6008392859034769
11.87,0.058838,0.357422,0.452881,-32.974243,-25.199888,33.294678,0.5799255094311683
11.88,0.07373,0.387939,0.478271,-21.530149,-42.938229,28.70178,0.6202224843247783
11.89,0.152832,0.44165,0.513184,-13.504027,-52.688595,25.878904,0.6940966507482945
11.9,0.310059,0.493652,0.526611,-11.016845,-51.10931,24.894712,0.7855876945993999
11.91,0.453125,0.51123,0.514893,-13.374328,-41.40472,27.145384,0.8554491101018226
11.92,0.484131,0.486084,0.506836,-16.098022,-25.070189,36.018372,0.8529614358885166
11.93,0.402588,0.460938,0.547852,-12.374877,-4.577637,49.484249,0.8213907422731279
11.94,0.343506,0.500244,0.618896,-0.968933,14.396667,52.894588,0.8667598804674799
11.95,0.348633,0.596191,0.683105,13.404845,21.614073,40.580746,0.9714016255879955
11.96,0.373779,0.693359,0.734375,22.758482,22.628782,28.152464,1.0769234347654433
11.97,0.459717,0.749023,0.752197,22.865294,29.090879,26.130674,1.1567953584912933
11.98,0.584229,0.75,0.737061,15.449523,40.596004,33.554077,1.2029473979197927
11.99,0.576416,0.711426,0.69043,7.720947,49.964901,44.616695,1.146767606549819
12.0,0.430664,0.681885,0.614014,7.911682,54.725643,50.376888,1.0136329840316958
12.01,0.310059,0.682617,0.571289,15.220641,52.62756,46.882626,0.9425888147495706
12.02,0.311768,0.720215,0.599365,25.207518,42.480465,39.123535,0.9874954862043674
12.03,0.356445,0.782959,0.650391,34.118652,30.746458,33.210754,1.078464782265513
12.04,0.29248,0.849121,0.672363,38.597107,30.036924,30.319212,1.1218836957590568
12.05,0.269531,0.908203,0.700928,39.718628,45.06683,29.113768,1.1784649805378182
12.06,0.370361,0.889648,0.731445,34.606934,49.888607,27.900694,1.2098151190367892
12.07,0.364502,0.786133,0.692139,32.981873,37.414551,28.549192,1.1090190246402447
12.08,0.317627,0.727783,0.642822,42.297359,32.478333,29.678343,1.0216531358058858
12.09,0.316895,0.740967,0.603271,50.918575,41.183468,31.34918,1.006672953622476
12.1,0.293945,0.776123,0.515625,54.13055,55.816647,34.614563,0.9770566589400023
12.11,0.2229,0.822998,0.441406,58.456417,66.719055,38.116455,0.9601298739441452
12.12,0.196777,0.829346,0.427734,63.789364,67.070007,37.620544,0.95367308350451
12.13,0.173584,0.749023,0.419434,65.208435,59.42535,37.582397,0.8758377360795776
12.14,0.177734,0.659912,0.321777,66.932678,55.488583,41.961666,0.755389740616723
12.15,0.227783,0.625,0.163086,73.150635,53.779598,47.164913,0.6849139642940565
12.16,0.238037,0.6521,0.111816,83.106987,53.466793,49.247738,0.7031350092443129
12.17,0.199463,0.741211,0.175293,93.208305,60.127254,45.913692,0.787341648040417
12.18,0.194824,0.852051,0.249268,94.245903,70.350647,41.870113,0.9088904408128627
12.19,0.20166,0.868164,0.291016,82.237236,75.416565,42.732235,0.9375850888063441
12.2,0.197998,0.784912,0.262695,71.800232,71.212769,45.051571,0.8510574121485578
12.21,0.161377,0.774414,0.217285,75.881958,56.221004,46.669003,0.8203489201248455
12.22,0.098877,0.850098,0.210449,87.081902,32.623291,45.471188,0.8813240336754695
12.23,0.045898,0.948486,0.218506,94.566338,6.04248,37.879944,0.9744112020271524
12.24,0.03833,1.027588,0.154053,95.382683,-16.410828,20.599363,1.0397781558837442
12.25,0.04541,1.105713,0.116455,94.28405,-31.425474,-0.183105,1.112755621641158
12.26,0.057861,1.157471,0.137695,88.462822,-36.66687,-14.251708,1.1670676605008812
12.27,0.130127,1.171875,0.161621,71.708679,-27.999876,-13.839721,1.1901031045228814
12.28,0.210693,1.141113,0.1604,47.561642,-4.112244,-4.135132,1.171434410890341
12.29,0.248779,1.110107,0.193848,28.015135,33.851624,-1.00708,1.1540388162423305
12.3,0.246582,1.092773,0.248779,16.235352,79.750061,-9.284973,1.1475393252930377
12.31,0.204834,1.099121,0.284912,10.69641,124.786369,-19.065857,1.1537758828910405
12.32,0.140625,1.11499,0.317871,7.339477,155.49469,-17.242432,1.1679126950958278
12.33,0.163574,1.091553,0.343262,0.076294,173.645004,-5.065917,1.1558863291556831
12.34,0.216553,1.065674,0.251709,-5.004883,187.362656,10.932921,1.116205042438888
12.35,0.248779,1.094238,0.232422,1.63269,200.813278,13.137816,1.1459789603518034
12.36,0.23877,1.156006,0.323242,9.513855,221.672043,10.757445,1.223865342061781
12.37,0.188232,1.205566,0.348145,7.194519,247.711166,14.236449,1.2688678446571966
12.38,0.082275,1.222168,0.351318,-0.984192,249.992355,16.494751,1.2743186936449609
12.39,-0.049561,1.185547,0.399902,-4.486084,249.67955,11.627196,1.252157973873105
12.4,-0.105225,1.10498,0.499023,-3.799438,249.900803,6.065368,1.2169950926581423
12.41,-0.074219,1.037109,0.550293,-3.852844,243.400558,9.140015,1.1764038097910938
12.42,-0.041016,0.970459,0.530029,-5.500793,225.181564,13.954162,1.1065277781321172
12.43,-0.119629,0.885254,0.515869,-8.232117,202.041611,16.036987,1.0315554116565915
12.44,-0.213623,0.813477,0.528809,-9.651184,180.442795,19.203186,0.9934880845480735
12.45,-0.233398,0.793945,0.494629,-11.558532,163.085922,25.024412,0.9640960206691033
12.46,-0.313721,0.797363,0.389893,-14.656066,138.633728,25.772093,0.9413953319721742
12.47,-0.405762,0.801758,0.302002,-14.999389,108.093254,20.996092,0.9479788495594192
12.48,-0.35791,0.797363,0.254883,-12.100219,83.389275,17.501831,0.9104134585769259
12.49,-0.241943,0.804688,0.270752,-9.674072,72.441101,16.189575,0.8828169901497138
12.5,-0.158203,0.799805,0.354248,-12.016295,73.112488,15.724181,0.888936371591353
12.51,-0.106689,0.766602,0.433105,-17.608643,80.444328,19.012451,0.8869279058356435
12.52,-0.056885,0.746338,0.450684,-21.133421,87.188713,23.880003,0.8737118411266955
12.53,-0.014893,0.768311,0.42749,-22.28546,87.394707,24.742125,0.8793584560746543
12.54,-0.022461,0.804443,0.404053,-23.056028,82.077019,22.804258,0.900495343452147
12.55,-0.074219,0.869141,0.388428,-21.186827,75.912476,21.347044,0.9548773999975076
12.56,-0.095703,0.972656,0.393555,-15.724181,71.144104,18.15033,1.0536148710843065
12.57,-0.100342,1.049072,0.418945,-12.405395,66.696167,12.748717,1.1340791379674524
12.58,-0.078369,1.060547,0.443604,-16.464233,65.040588,10.406493,1.152252640780658
12.59,-0.062256,1.038574,0.491699,-25.688169,69.610596,14.839171,1.1507735092593157
12.6,-0.117188,1.019775,0.567871,-30.97534,79.63562,20.210264,1.1730948600219848
12.61,-0.206787,1.046143,0.607178,-23.567198,89.355461,17.982483,1.2271271993978456
12.62,-0.296387,1.117432,0.643066,-9.468079,90.171806,15.998839,1.3228882827922395
12.63,-0.356934,1.188477,0.692871,3.204345,85.021965,21.720884,1.4212493386193712
12.64,-0.342041,1.21875,0.700195,10.208129,78.277588,28.610228,1.4465879324140654
12.65,-0.220459,1.188477,0.641846,11.070251,69.252014,31.501768,1.3685927217130742
12.66,-0.101318,1.12915,0.613281,13.511657,61.012264,33.14209,1.2889370211864504
12.67,-0.095947,1.128174,0.606934,16.487122,66.345215,42.572018,1.2846599867050426
12.68,-0.110352,1.12915,0.56958,17.585754,81.459038,47.790524,1.269479681918541
12.69,-0.093506,1.111084,0.56543,17.730713,92.872612,48.484798,1.2501848311317811
12.7,-0.14502,1.094971,0.571777,14.907836,94.40612,54.000851,1.2437528809896279
12.71,-0.250244,1.053711,0.56543,10.856627,90.522758,57.937618,1.2217364756595426
12.72,-0.300537,0.987793,0.546143,7.919311,84.556572,57.922359,1.1680452369951262
12.73,-0.331543,0.91626,0.498047,5.783081,72.235107,56.495663,1.094305241995121
12.74,-0.403564,0.852051,0.451172,4.959106,57.571407,53.138729,1.0451846642010205
12.75,-0.460449,0.821289,0.41626,7.408142,47.950741,46.859737,1.0294665078194627
12.76,-0.463135,0.802002,0.385742,10.017395,41.381832,37.864685,1.0032438022699168
12.77,-0.433594,0.785156,0.356689,10.2005,36.872864,29.815672,0.9652464679515798
12.78,-0.364746,0.772217,0.35791,11.039733,40.245052,26.94702,0.9259904468756684
12.79,-0.255127,0.755859,0.359131,10.459899,51.803585,28.213499,0.8748643833023493
12.8,-0.207764,0.737793,0.36084,5.722045,64.38446,29.876707,0.8471776060219015
12.81,-0.231445,0.731445,0.359619,0.419617,74.714661,28.297422,0.8472923941656741
12.82,-0.233887,0.731445,0.360107,-2.990722,76.553345,23.063658,0.8481697756009701
12.83,-0.200439,0.729492,0.36499,-5.187988,66.596985,19.02771,0.83997147028039
12.84,-0.205566,0.733887,0.351074,-7.728576,50.811764,18.569946,0.839106943482772
12.85,-0.225098,0.754639,0.368652,-8.468628,36.247253,18.341064,0.8695133276891158
12.86,-0.226563,0.819824,0.38501,-8.148193,23.620604,16.090393,0.9336353056975727
12.87,-0.328857,0.871094,0.349121,-17.951965,9.796143,14.251708,0.9944029142787143
12.88,-0.44458,0.864258,0.362549,-27.023314,-7.514953,7.568359,1.0373210902922008
12.89,-0.433105,0.867188,0.425537,-21.591185,-31.890867,-6.477355,1.0586201900294552
12.9,-0.336182,0.881836,0.509277,-14.09912,-54.199215,-18.501282,1.0723880504504888
12.91,-0.209229,0.878174,0.613281,-11.688231,-61.767574,-24.04022,1.0913660860032257
12.92,-0.117676,0.852783,0.725586,-12.161254,-54.64172,-25.009153,1.125860350781126
12.93,-0.057861,0.823242,0.813721,-16.990662,-38.597107,-24.627684,1.15897245511962
12.94,-0.100586,0.791992,0.846924,-24.276731,-32.661438,-27.732847,1.1638939527448366
12.95,-0.167969,0.731689,0.782471,-32.89032,-41.961666,-31.669615,1.0843630589073938
12.96,-0.145752,0.656982,0.678467,-33.935547,-60.211178,-28.793333,0.9556079028121314
12.97,-0.060791,0.611572,0.609131,-28.343199,-79.429626,-30.71594,0.8653071316162835
12.98,0.028809,0.585205,0.587891,-25.260923,-93.818657,-43.17474,0.8300064327383253
12.99,0.080566,0.566895,0.577881,-30.326841,-107.681267,-54.252621,0.8135153787987047
13.0,0.063232,0.553955,0.549561,-42.716976,-126.525871,-56.327816,0.7828676264669525
13.01,0.004395,0.5625,0.480469,-58.776852,-148.544312,-56.312557,0.7397810662527123
13.02,0.005615,0.557373,0.417236,-76.652527,-171.112045,-61.752316,0.6962629309750735
13.03,0.143066,0.497314,0.331787,-89.759819,-185.577377,-72.013855,0.6147127038877592
13.04,0.318604,0.461182,0.350098,-87.173454,-177.116379,-81.108086,0.6608827093698245
13.05,0.443359,0.47168,0.410156,-79.994202,-142.448425,-85.105888,0.7663401135377164
13.06,0.479492,0.48999,0.449219,-74.386597,-92.819206,-86.021416,0.8196343624598714
13.07,0.455322,0.528076,0.476318,-76.141357,-46.150204,-86.769096,0.844429524936214
13.08,0.395508,0.550049,0.494141,-85.372917,-9.498596,-87.8601,0.8385438619094412
13.09,0.351807,0.579102,0.533691,-93.681328,21.125792,-89.050285,0.8625273184856234
13.1,0.333984,0.644775,0.572266,-97.862236,44.677731,-87.966911,0.9245369044213433
13.11,0.315186,0.7146,0.584961,-100.379936,60.279842,-84.602348,0.9757944179574917
13.12,0.248291,0.808594,0.595703,-101.34124,70.549011,-82.351677,1.0345698341465404
13.13,0.155029,0.899414,0.620361,-101.768486,76.522827,-83.267204,1.1035521304215765
13.14,0.071289,0.935059,0.636963,-102.539055,75.447083,-91.461174,1.1336398539090797
13.15,0.00415,0.897461,0.661865,-103.836052,65.917969,-110.694878,1.1151317174423836
13.16,-0.047363,0.792236,0.720459,-107.322685,53.947445,-136.123657,1.0718872627967926
13.17,-0.07251,0.67334,0.745117,-110.824577,43.891903,-158.7677,1.00689810774924
13.18,-0.103027,0.609375,0.740479,-106.460564,36.567688,-169.372543,0.9645007012931612
13.19,-0.168701,0.670166,0.771729,-90.286247,31.35681,-162.506088,1.0359286386609843
13.2,-0.307129,0.841553,0.81665,-71.510315,28.671263,-146.987915,1.2122115726844056
13.21,-0.459229,1.027588,0.831543,-66.734314,31.211851,-141.464233,1.3993899145820652
13.22,-0.546387,1.120605,0.789551,-76.225281,37.811279,-148.429871,1.4756981742195794
13.23,-0.614502,1.064941,0.783447,-90.591423,44.80743,-157.684326,1.4579098886056023
13.24,-0.68457,0.915039,0.724609,-96.908562,40.092468,-155.563354,1.3531410345200532
13.25,-0.725342,0.794434,0.646484,-90.370171,30.982969,-144.996643,1.2550649224546115
13.26,-0.851807,0.737793,0.650391,-77.522278,22.628782,-138.999939,1.3011234103569884
13.27,-1.041992,0.723145,0.643066,-64.76593,25.352476,-141.990662,1.4220477838121335
13.28,-1.153076,0.714844,0.606934,-56.02264,39.901733,-145.050049,1.4862553907279867
13.29,-1.140869,0.682861,0.581299,-54.13055,51.696774,-139.373779,1.4511339524258262
13.3,-1.088623,0.628174,0.587891,-56.632992,46.012875,-124.031059,1.3875584449982639
13.31,-1.057129,0.562256,0.61084,-61.340328,24.276731,-109.733574,1.3441648104964659
13.32,-1.03125,0.510742,0.640869,-65.750122,-0.961304,-102.310173,1.3172118387810672
13.33,-0.958252,0.495605,0.665039,-65.887451,-18.730164,-92.033379,1.2673389771683028
13.34,-0.850342,0.526855,0.666016,-62.70599,-21.171568,-72.70813,1.201763296263037
13.35,-0.799805,0.563965,0.637207,-63.796993,-8.758545,-47.790524,1.1678087686342316
13.36,-0.817139,0.562988,0.600098,-74.333191,14.030456,-22.010801,1.1596504831495564
13.37,-0.887207,0.494141,0.596191,-91.75872,35.293579,-1.76239,1.1776057477827628
13.38,-1.02002,0.376953,0.584473,-106.170647,41.061398,9.635925,1.2345618867995236
13.39,-1.130615,0.266357,0.551025,-108.795158,30.22003,14.579772,1.285637927372633
13.4,-1.086914,0.193604,0.529297,-100.624077,10.82611,13.381957,1.2243446681474135
13.41,-0.960938,0.184326,0.532959,-88.340752,-9.757996,5.073547,1.1141917293720143
13.42,-0.903076,0.236328,0.568848,-79.559326,-22.811888,-4.631042,1.093153800919157
13.43,-0.904541,0.290283,0.621582,-78.422546,-25.337217,-7.957458,1.1352633278204667
13.44,-0.876953,0.297363,0.63501,-83.969109,-23.025511,-4.638672,1.1228129933688868
13.45,-0.85083,0.265137,0.603027,-89.74456,-21.209715,-1.068115,1.0760347951613831
13.46,-0.878174,0.234619,0.621094,-91.369621,-17.784119,-0.968933,1.1009057208830373
13.47,-0.927734,0.210938,0.690918,-90.25573,-11.96289,-1.647949,1.1758200956455882
13.48,-0.922119,0.175781,0.723389,-87.654106,-7.087707,-0.747681,1.1851135200659049
13.49,-0.847656,0.131836,0.719971,-84.091179,-5.508422,0.152588,1.1199373491731581
13.5,-0.761719,0.09082,0.744141,-79.89502,-4.53949,-0.808716,1.0687422211375388
13.51,-0.717041,0.059082,0.781006,-75.408936,-1.464844,-4.623413,1.0618892835135876
13.52,-0.694092,0.052979,0.768311,-69.976807,3.639221,-8.06427,1.0367604697450612
13.53,-0.65625,0.076416,0.728271,-64.239502,10.44464,-7.843017,0.9833016409001868
13.54,-0.673828,0.104004,0.742432,-60.707088,17.364502,-4.760742,1.0080011310628574
13.55,-0.814941,0.089844,0.810059,-61.889645,20.63751,-0.999451,1.152560784209666
13.56,-0.970215,0.018555,0.840576,-64.811707,13.641356,2.151489,1.283833885682256
13.57,-1.002441,-0.070801,0.852783,-64.025879,-5.317688,1.312256,1.3180059124188326
13.58,-0.928467,-0.118652,0.864258,-56.549068,-31.402586,-4.547119,1.273998099589242
13.59,-0.814209,-0.115234,0.879395,-46.386715,-55.305477,-11.383056,1.20397289689677
13.6,-0.679688,-0.086426,0.884766,-38.917542,-67.771912,-11.543273,1.1190424949822058
13.61,-0.560791,-0.057617,0.863281,-34.858704,-66.223145,-1.808166,1.031048179927107
13.62,-0.533691,-0.02417,0.863281,-33.691406,-55.374142,12.275695,1.0152164091177802
13.63,-0.620117,-0.009766,0.871094,-33.905029,-42.152401,24.391172,1.0693199826436426
13.64,-0.727295,-0.012695,0.871094,-31.906126,-31.745909,31.60095,1.1348673653277725
13.65,-0.740479,-0.019043,0.872803,-26.153563,-28.854368,30.197142,1.144751877962644
13.66,-0.680664,-0.021729,0.856689,-18.630981,-38.162231,21.362303,1.094391005563368
13.67,-0.586426,-0.014404,0.846191,-12.977599,-52.223202,12.527465,1.0296320396981633
13.68,-0.476807,-0.011719,0.861816,-11.222838,-60.539242,9.07135,0.9849919126906576
13.69,-0.406006,-0.010254,0.86084,-13.671874,-60.737606,9.597778,0.9518358693346244
13.7,-0.438721,-0.005859,0.85498,-19.256592,-57.197567,11.222838,0.9609897211323334
13.71,-0.528076,-0.012695,0.8479,-25.733946,-52.833553,12.039184,0.9989793965848345
13.72,-0.592285,-0.035889,0.81543,-30.85327,-51.376339,8.880615,1.0084719264540782
13.73,-0.610107,-0.06665,0.779541,-34.118652,-56.083675,-0.999451,0.9921476425562881
13.74,-0.583984,-0.099365,0.802979,-37.918091,-65.353394,-14.869689,0.9978406635941431
13.75,-0.539551,-0.140625,0.855957,-44.090267,-74.905396,-26.824949,1.0215444474299686
13.76,-0.461182,-0.196777,0.884277,-51.849361,-79.978943,-33.119202,1.0165411145556287
13.77,-0.335938,-0.249512,0.88501,-59.143063,-77.690125,-31.318663,0.978955197181158
13.78,-0.296875,-0.308594,0.873779,-65.452576,-69.93103,-20.812986,0.9730646244222425
13.79,-0.345703,-0.387451,0.837402,-68.969727,-62.263485,-7.232666,0.9853278394595375
13.8,-0.393066,-0.439453,0.805664,-64.559937,-61.035152,0.831604,0.9983557985312651
13.81,-0.393311,-0.434814,0.791016,-56.121822,-65.391541,3.990173,0.9846131573227122
13.82,-0.362793,-0.411133,0.770996,-51.071163,-70.327759,8.934021,0.9460887572284115
13.83,-0.345459,-0.399902,0.767578,-49.034115,-72.151184,17.150879,0.9319010228393356
13.84,-0.342529,-0.415527,0.77124,-49.858089,-69.953918,23.04077,0.9406380500330613
13.85,-0.363525,-0.454834,0.777344,-53.909298,-66.200256,25.230406,0.9712301928569766
13.86,-0.406982,-0.494141,0.802246,-58.494564,-61.836239,27.633665,1.0263568193961592
13.87,-0.449951,-0.513672,0.789063,-61.759945,-59.516903,30.082701,1.0435206006370932
13.88,-0.473389,-0.48877,0.77417,-62.713619,-61.897274,33.409119,1.030695128115487
13.89,-0.458008,-0.457275,0.782715,-65.963745,-67.344666,39.588928,1.0156350352926982
13.9,-0.378906,-0.45459,0.792236,-70.396423,-71.19751,45.234676,0.9888678903837459
13.91,-0.321289,-0.4729,0.797607,-73.196411,-72.898865,47.317501,0.9813449739872314
13.92,-0.359131,-0.508301,0.790771,-76.576233,-71.868896,52.139278,1.0063119576965187
13.93,-0.535889,-0.563477,0.815186,-81.138603,-71.960449,63.262936,1.1265929009389328
13.94,-0.676514,-0.640137,0.835449,-81.077568,-79.391479,67.474365,1.2511680952477968
13.95,-0.659668,-0.713135,0.848389,-71.289063,-101.08947,53.306576,1.2897624951013267
13.96,-0.517822,-0.742188,0.860596,-57.78503,-131.797791,30.288694,1.2488427147739622
13.97,-0.232422,-0.732666,0.876953,-46.501156,-147.926331,17.059326,1.1661329331808616
13.98,0.043701,-0.735107,0.884033,-35.316467,-133.102417,20.706175,1.1505678702010584
13.99,0.096436,-0.75415,0.825684,-22.621153,-97.747795,30.128477,1.1224064292634819
14.0,-0.109863,-0.787354,0.62793,-7.713317,-72.07489,31.997679,1.01306084959641
14.01,-0.227295,-0.915771,0.698975,20.309446,-60.920712,29.319761,1.1742510771087247
14.02,-0.24292,-0.911133,0.879883,74.790955,-68.93158,29.861448,1.2897160787467914
14.03,-0.206787,-0.561768,1.128906,118.156425,-82.115166,50.346371,1.2778000258369853
14.04,-0.205811,-0.265137,1.169189,90.087883,-96.664421,88.836662,1.2164122303771037
14.05,-0.330322,-0.370605,0.900879,18.608093,-110.130302,123.985283,1.028612493774988
14.06,-0.218262,-0.499512,0.739502,-0.37384,-113.6856,114.021294,0.9187022078954639
14.07,0.009033,-0.459717,0.696289,28.160093,-128.15094,65.643311,0.8344097834391685
14.08,-0.035645,-0.435303,0.752686,46.150204,-145.423889,58.341976,0.8702272590708705
14.09,-0.328613,-0.496826,0.928223,55.938717,-152.603149,104.705803,1.102914555064897
14.1,-0.549072,-0.5,1.073975,75.98877,-166.77092,147.750854,1.3057190975891406
14.11,-0.419434,-0.421143,1.082764,80.352776,-192.214951,129.417419,1.235177795501927
14.12,-0.023926,-0.325684,0.996582,56.335445,-209.350571,78.453064,1.0487221767732386
14.13,0.20874,-0.176514,1.002441,47.973629,-174.194321,54.794308,1.0390464562650699
14.14,-0.042725,-0.090088,0.931396,49.491879,-102.409355,67.871094,0.9367175573165051
14.15,-0.380127,-0.136475,0.892822,62.965389,-80.520622,82.290642,0.9799250407240341
14.16,-0.466553,-0.139648,0.930664,99.418633,-147.399902,79.086304,1.050385046832351
14.17,0.191406,-0.045654,0.854248,128.547668,-229.461655,46.19598,0.8766186115158633
14.18,0.993408,-0.254883,0.855225,129.608154,-249.992355,17.364502,1.3353780733477691
14.19,1.138916,-0.988525,1.471436,163.169846,-189.743027,37.185669,2.1069967329772963
14.2,1.983887,0.05127,2.764404,249.992355,70.419312,46.241756,3.402993640441457
14.21,2.330078,1.483643,1.58374,249.992355,249.992355,-58.837887,3.184131345458758
14.22,1.059082,0.25293,0.38208,119.384758,249.992355,-237.190231,1.1539555424815986
14.23,-0.820801,-0.834229,0.483398,-40.367123,221.786484,-146.331787,1.2662250717964796
14.24,-1.473877,0.040039,1.150635,27.290342,43.655392,139.930725,1.87026132823063
14.25,-1.22583,0.883301,1.60791,98.327629,-44.998165,223.121628,2.206412113273719
14.26,-0.206543,0.152588,1.407471,73.46344,59.028622,80.14679,1.4307053241090562
14.27,0.540283,-0.203613,1.236572,42.747494,196.701035,-15.541076,1.3647249851314367
14.28,0.343262,0.135254,1.311523,40.084839,249.992355,-27.06146,1.3624298237667143
14.29,0.008057,0.194092,1.33667,45.585629,249.992355,-11.978148,1.350712148687869
14.3,-0.028564,0.070801,1.333496,44.281002,248.725876,7.766723,1.3356797017672313
14.31,-0.033447,0.030273,1.182617,40.374752,249.992355,14.73236,1.1834771332928238
14.32,-0.13501,0.0271,0.967529,39.176941,249.992355,15.518188,0.9772791187480678
14.33,-0.21582,0.012695,0.824219,43.663021,249.969467,20.759581,0.8521011649950961
14.34,-0.205566,0.00415,0.75708,56.945797,249.992355,22.644041,0.7845028548424792
14.35,-0.168213,0.063232,0.733398,75.363159,249.992355,16.899109,0.7550937197441123
14.36,-0.179932,0.124023,0.709961,84.411613,249.992355,13.122558,0.7428336628573048
14.37,-0.14209,0.16748,0.645508,74.790955,249.992355,15.007018,0.6818502009708584
14.38,-0.136719,0.143066,0.494141,49.858089,249.992355,20.256041,0.5322924883914858
14.39,-0.420654,0.124023,0.317627,27.023314,249.992355,31.875608,0.5414964481637898
14.4,-0.725586,0.083008,0.339111,8.049011,249.992355,38.734436,0.8052090671254267
14.41,-1.027832,0.092529,0.376221,-15.029906,249.992355,43.273922,1.098427274290838
14.42,-1.114502,0.172607,0.34668,-47.378536,249.992355,68.519592,1.1798707161604614
14.43,-0.917236,0.251465,0.159668,-88.058464,236.633286,96.618645,0.9643912049293067
14.44,-0.939941,0.287842,-0.080566,-120.079033,183.441147,104.049675,0.9863229596846056
14.45,-1.145508,0.361816,-0.006348,-119.461052,136.09314,94.261162,1.20130749311906
14.46,-1.288818,0.503906,0.043945,-113.677971,84.58709,91.049187,1.3845231153668038
14.47,-1.704346,0.602051,-0.070801,-124.801628,16.792297,103.538506,1.8089426403062094
14.48,-1.935547,0.679443,0.157715,-127.494804,-44.654842,105.140678,2.0573913095672878
14.49,-1.597168,0.709473,0.336426,-135.948181,-114.639275,90.263359,1.7797415574821531
14.5,-1.203613,0.670166,0.23584,-147.529602,-181.373581,79.185486,1.3976506097465848
14.51,-0.866943,0.573486,0.196045,-145.782471,-193.000778,84.053032,1.0577854222241863
14.52,-0.703857,0.444824,0.269531,-134.086609,-162.406906,89.797966,0.8751742840063343
14.53,-0.72583,0.312988,0.366211,-113.18206,-125.717155,89.912407,0.8711493405639471
14.54,-0.734131,0.19873,0.880371,-72.83783,-92.102043,83.625786,1.1633980555691161
14.55,-0.685303,0.065918,1.022705,-19.271851,-62.538143,76.065063,1.2328466658745523
14.56,-0.718018,0.163086,0.724609,38.528442,-30.532835,79.13208,1.0330561914053853
14.57,-0.676025,0.344238,0.783203,78.735352,-5.104064,74.913025,1.0903744955188561
14.58,-0.474121,0.334717,1.267822,105.041496,30.71594,70.831299,1.394345300280386
14.59,-0.624512,0.255859,0.901611,121.032707,103.073112,126.808159,1.1262244276102344
14.6,-0.613525,0.426025,0.24707,109.413139,233.634933,201.019272,0.7867361763323204
14.61,-0.60791,0.438721,0.455322,85.914604,249.992355,150.215149,0.8771253089638903
14.62,-1.091797,0.519287,0.56543,75.469971,221.32872,68.374634,1.3346875149180049
14.63,-1.184326,0.563232,0.607178,51.597591,137.34436,52.185055,1.445172475445059
14.64,-1.016113,0.183838,0.828857,44.68536,74.630737,99.365227,1.32411705126926
14.65,-1.228516,0.297363,0.665283,81.077568,68.489075,142.440796,1.428382926989118
14.66,-1.337891,0.569824,0.386719,85.021965,56.739803,131.202698,1.5047269864722967
14.67,-1.323242,0.543945,0.351074,55.908199,-3.845215,105.812065,1.473125421362689
14.68,-1.256836,0.562012,0.311768,47.340389,-73.799133,113.403313,1.4116279626247137
14.69,-1.015381,0.62915,0.320313,44.723507,-118.515007,126.701347,1.2367007381052217
14.7,-0.889648,0.702881,0.265625,35.919189,-137.084961,128.913879,1.164505004149832
14.71,-0.856201,0.76001,0.249756,28.167723,-134.117126,132.919312,1.171782152124276
14.72,-0.852783,0.755371,0.338135,24.650572,-129.837036,141.63208,1.1883431621190066
14.73,-0.882813,0.748535,0.390869,22.712706,-126.350395,150.909424,1.2216554401119
14.74,-0.945313,0.747803,0.385742,19.248962,-124.916069,154.907227,1.2655524032382066
14.75,-0.890869,0.750732,0.367676,19.226074,-130.493164,151.367188,1.2216512399048265
14.76,-0.700684,0.742432,0.35791,26.016233,-143.287659,146.30127,1.081786906271286
14.77,-0.502441,0.719238,0.365479,33.790588,-152.046204,145.629883,0.9504341947583747
14.78,-0.37915,0.69165,0.397705,39.001465,-147.544861,147.239685,0.8833480129739354
14.79,-0.337158,0.708008,0.461182,42.427059,-135.345459,145.606995,0.9097470429476536
14.8,-0.35791,0.750732,0.557373,45.646664,-126.350395,144.630432,1.0011806855173544
14.81,-0.424072,0.820557,0.618164,48.828121,-120.407097,152.862549,1.1114304217219357
14.82,-0.592285,0.862549,0.616211,51.589962,-126.182549,158.073425,1.2142933315912592
14.83,-0.480225,0.793701,0.579346,45.936581,-141.342163,148.727417,1.0937180238717839
14.84,-0.213135,0.763184,0.568359,38.475037,-147.422791,140.052795,0.975145270696628
14.85,-0.336182,0.752441,0.573486,38.673401,-146.621704,144.615173,1.0040278819838622
14.86,-0.305176,0.75415,0.489014,34.255981,-142.120361,144.638062,0.9492150997914013
14.87,-0.126221,0.746338,0.344238,30.891417,-129.768372,141.677856,0.8315358992424801
14.88,-0.129883,0.735596,0.308838,36.102295,-111.831657,137.199402,0.8083019108903554
14.89,-0.156738,0.69165,0.328857,39.512634,-100.761406,131.355286,0.7817246635440128
14.9,-0.14502,0.637939,0.369629,40.985104,-103.591911,126.106255,0.7514137114546153
14.91,-0.135986,0.61792,0.405273,42.816158,-109.992973,123.115532,0.7513744227247824
14.92,-0.077881,0.633057,0.406494,43.411251,-114.18914,119.758598,0.7563491174358572
14.93,-0.014404,0.676025,0.409668,42.724606,-114.410393,113.69323,0.7905979674050522
14.94,-0.015869,0.70874,0.424316,40.580746,-108.848564,107.833855,0.8262011139044779
14.95,-0.020752,0.699707,0.435791,36.895752,-101.234428,103.4851,0.8245813040774087
14.96,0.025879,0.671875,0.373535,32.218933,-94.848625,100.189201,0.7691645691859448
14.97,0.030762,0.662354,0.326172,29.113768,-93.856804,94.261162,0.7389501306204634
14.98,-0.001465,0.661865,0.281494,28.495787,-97.778313,88.157646,0.7192400826469559
14.99,-0.038086,0.684814,0.247559,30.647276,-102.066032,82.283012,0.7291818816132227
15.0,-0.031494,0.73999,0.27002,35.575867,-103.301994,74.72229,0.7883450212540192
15.01,0.073242,0.77124,0.337402,40.52734,-101.760857,64.788818,0.8449944601995921
15.02,0.187012,0.779541,0.429199,44.05212,-95.970146,56.327816,0.9093236169956217
15.03,0.198486,0.787842,0.444824,39.962769,-86.21978,54.931637,0.9262613562791012
15.04,0.156982,0.785645,0.393555,31.578062,-78.804016,54.405209,0.8926180327407688
15.05,0.123779,0.771729,0.329346,24.963377,-80.375664,50.498959,0.8481483820641291
15.06,0.105713,0.766602,0.293457,20.576475,-85.876457,47.615047,0.8276296729951145
15.07,0.124512,0.775391,0.260986,18.783569,-86.494438,43.579098,0.8275555167002393
15.08,0.192383,0.773438,0.223389,19.989014,-86.166374,34.744263,0.8277198824807822
15.09,0.213867,0.763428,0.238525,22.064207,-87.364189,28.106688,0.8279224483597482
15.1,0.190674,0.773193,0.285156,24.505613,-86.708061,27.06146,0.8458711094847726
15.11,0.226074,0.818115,0.365723,25.466917,-83.747856,25.733946,0.9242158402829938
15.12,0.27417,0.871094,0.413574,23.193357,-80.101013,21.102903,1.0025055606888174
15.13,0.238525,0.905273,0.389648,16.601563,-75.317383,19.042969,1.0140211753499035
15.14,0.151611,0.907959,0.334229,8.018494,-74.333191,16.723633,0.9793285788962762
15.15,0.112061,0.906494,0.285889,2.006531,-79.956055,12.947082,0.9570901525342322
15.16,0.157959,0.916016,0.223389,-0.343323,-84.411613,10.620116,0.9560015707403415
15.17,0.232178,0.92749,0.203613,1.853943,-80.978386,6.492614,0.9775492711638633
15.18,0.24585,0.930176,0.242432,4.516602,-74.554443,4.051208,0.9921909534459584
15.19,0.269531,0.905518,0.267334,4.005432,-65.963745,6.439209,0.9818743686648512
15.2,0.259766,0.878906,0.27124,3.089905,-58.2962,8.850098,0.9557851584911746
15.21,0.161377,0.873779,0.296143,3.417969,-57.28912,10.185241,0.9366071499935285
15.22,0.111328,0.893555,0.310547,5.859375,-62.522884,13.420104,0.9525092654761947
15.23,0.140625,0.931152,0.30835,8.056641,-67.985535,14.10675,0.9909082501568952
15.24,0.224365,0.943604,0.332031,9.994507,-66.017151,9.277344,1.025169618649519
15.25,0.303955,0.928711,0.375488,10.597228,-59.68475,3.013611,1.0468447839531894
15.26,0.352783,0.905762,0.390381,9.44519,-54.13055,2.006531,1.0475008214287949
15.27,0.362061,0.898682,0.384033,8.781433,-52.536007,4.135132,1.0422086403086477
15.28,0.358154,0.891846,0.375244,8.979797,-54.199215,5.439758,1.0317323465744397
15.29,0.332275,0.885254,0.362549,9.742737,-54.89349,7.461547,1.0126811430761413
15.3,0.272705,0.890137,0.310791,10.688781,-56.762691,6.767272,0.9814799750759053
15.31,0.232422,0.89917,0.268799,11.810302,-63.400265,3.471374,0.9668399957516238
15.32,0.265869,0.898438,0.260254,13.328551,-70.106506,1.411438,0.9724244492612266
15.33,0.331787,0.910156,0.268555,16.677856,-71.411133,-0.366211,1.005280232437702
15.34,0.351563,0.925293,0.258057,17.433167,-68.29834,-1.152039,1.0229159760542408
15.35,0.351807,0.912354,0.279297,14.671325,-63.064571,0.88501,1.0169389366004236
15.36,0.337158,0.907227,0.273193,11.970519,-58.952328,4.089355,1.0056693103311845
15.37,0.308105,0.907959,0.228516,8.171082,-57.640072,6.942749,0.985666170141798
15.38,0.30835,0.901367,0.184814,4.081726,-56.922909,8.529663,0.9704114621051217
15.39,0.337402,0.898193,0.185791,2.571106,-55.610653,7.209777,0.9772968180312468
15.4,0.375977,0.896729,0.190674,2.220154,-50.239559,6.057739,0.9908774789276422
15.41,0.4375,0.894775,0.169434,3.768921,-40.977474,4.608154,1.0103150157158904
15.42,0.434326,0.893066,0.163574,5.561828,-32.089233,2.708435,1.0064603360828484
15.43,0.342529,0.900635,0.155518,5.386352,-24.955748,2.883911,0.9760406586766761
15.44,0.268066,0.924805,0.142578,4.837036,-21.263121,2.6474,0.9733715397858107
15.45,0.259766,0.951904,0.178223,5.531311,-20.301817,0.228882,1.0026779331874218
15.46,0.294189,0.956543,0.244873,4.470825,-18.539429,-2.616882,1.0302836816619974
15.47,0.304932,0.949707,0.285156,0.701904,-18.386841,-3.509521,1.0374202884120785
15.48,0.268066,0.940186,0.291748,-5.683898,-19.821167,-0.541687,1.0202578058784946
15.49,0.264404,0.921875,0.260986,-11.093139,-21.308897,2.120972,0.9939198574517968
15.5,0.309814,0.906982,0.209717,-12.107848,-21.804808,2.39563,0.9811127779256571
15.51,0.327148,0.900391,0.181152,-9.910583,-22.315977,0.915527,0.9749593908922566
15.52,0.298828,0.899658,0.185547,-6.66809,-23.551939,-0.579834,0.9659763867491792
15.53,0.30957,0.893555,0.183594,-4.821777,-23.101805,-1.38855,0.9633176421933732
15.54,0.352539,0.879395,0.176758,-3.616333,-22.888182,-4.577637,0.9637752347461519
15.55,0.368164,0.862305,0.177734,-2.63977,-24.42169,-7.629394,0.9543081361263772
15.56,0.351807,0.860107,0.19458,-1.976013,-25.344847,-6.92749,0.9494280347124788
15.57,0.337891,0.877686,0.218506,-0.595093,-24.307249,-6.752014,0.9655298620514022
15.58,0.339844,0.894531,0.247559,-0.480652,-23.147581,-8.644104,0.9884154555539891
15.59,0.33374,0.911377,0.246338,-2.044678,-23.048399,-9.429932,1.0013355251727565
15.6,0.327393,0.928223,0.233887,-3.356933,-23.086546,-8.049011,1.0116754632524207
15.61,0.35083,0.926025,0.19751,-6.324768,-21.492002,-6.523132,1.0097594711737048
15.62,0.378662,0.903809,0.144775,-7.705688,-17.562866,-5.836486,0.9905631829166679
15.63,0.378418,0.888672,0.13916,-5.752563,-11.352538,-5.439758,0.9758604469431067
15.64,0.366211,0.901855,0.154785,-2.792358,-5.882263,-5.218505,0.9856020159126097
15.65,0.363525,0.919922,0.178955,-0.808716,-3.547668,-5.599975,1.0052023695425714
15.66,0.341797,0.923584,0.177246,-1.602173,-3.341675,-3.593445,1.0006241745935383
15.67,0.322021,0.925781,0.1521,-3.379822,-3.761291,-1.89209,0.9919185422210838
15.68,0.320801,0.928955,0.148926,-3.837585,-5.401611,-2.456665,0.9940068546554395
15.69,0.317627,0.92749,0.168701,-5.226135,-6.500244,-2.418518,0.994778688266893
15.7,0.32666,0.913574,0.182861,-8.026123,-7.67517,-3.40271,0.9873005390442162
15.71,0.352539,0.9021,0.17627,-9.033203,-7.743835,-3.608703,0.9844487134538803
15.72,0.372314,0.898926,0.195801,-7.232666,-7.347106,-2.6474,0.9924836017149099
15.73,0.356201,0.904053,0.228271,-6.088256,-7.858276,-1.083374,0.9981475986300823
15.74,0.343506,0.904297,0.243652,-5.889892,-8.491516,0.335693,0.997554877362143
15.75,0.3479,0.900146,0.246582,-5.043029,-9.048462,0.968933,0.9960421246312829
15.76,0.348633,0.895996,0.233398,-5.012512,-9.780884,0.938415,0.9893575830350724
15.77,0.340576,0.897949,0.232178,-4.470825,-11.001586,0.892639,0.9880339275859913
15.78,0.328613,0.906006,0.232178,-3.295898,-12.863158,1.235962,0.9913324364152521
15.79,0.321289,0.91626,0.222656,-2.563476,-14.335631,1.625061,0.9961599788472733
15.8,0.325928,0.928955,0.210693,-1.228333,-16.525269,1.411438,1.0067661066295388
15.81,0.332031,0.93457,0.220459,-0.38147,-17.921448,3.112793,1.016005827021676
15.82,0.324463,0.922119,0.223145,-2.174377,-17.860413,4.096985,1.002683090290746
15.83,0.329102,0.908936,0.21875,-3.509521,-16.51001,2.349854,0.9911227678748985
15.84,0.341797,0.909668,0.2229,-2.120972,-14.991759,0.343323,0.996998229403142
15.85,0.330811,0.918945,0.219727,-1.266479,-16.471863,0.343323,1.0010873015251966
15.86,0.311035,0.92749,0.220215,-1.25885,-19.744873,1.831055,1.0027338218839534
15.87,0.330566,0.938965,0.221191,-0.762939,-22.636412,2.723694,1.019732616945246
15.88,0.36792,0.94043,0.21167,-1.083374,-24.360655,3.036499,1.0317838437386002
15.89,0.389404,0.924561,0.194824,-3.242492,-24.67346,3.77655,1.0219613049978946
15.9,0.391602,0.904053,0.195313,-5.073547,-23.483274,3.082275,1.0043958986286234
15.91,0.398682,0.886963,0.20752,-5.020141,-20.782469,0.434875,0.9943416167962598
15.92,0.392578,0.873047,0.213379,-3.883362,-17.959595,-1.014709,0.9807441806781215
15.93,0.363281,0.874268,0.192383,-2.456665,-15.586852,-1.228333,0.9660894572833305
15.94,0.345947,0.879639,0.195068,-0.419617,-14.053344,-1.396179,0.9651402083397002
15.95,0.348389,0.893311,0.211182,2.02179,-12.603759,-1.411438,0.9818234439887856
15.96,0.360107,0.908447,0.236572,3.242492,-11.245727,-1.472473,1.005444834111748
15.97,0.357178,0.915527,0.257813,2.609253,-10.421752,-1.037598,1.0159888554418302
15.98,0.343018,0.916504,0.26709,0.656128,-10.604857,-0.740051,1.0143855275190001
15.99,0.329102,0.912598,0.259277,-2.174377,-12.306212,-0.808716,1.0041751832907444
16.0,0.331543,0.90625,0.23877,-4.447937,-14.007567,0.511169,0.9940930219295376
16.01,0.346924,0.903564,0.201904,-5.187988,-14.251708,1.63269,0.9887109734841624
16.02,0.368408,0.896973,0.173584,-3.692627,-13.679503,1.670837,0.9850971638620223
16.03,0.341064,0.89624,0.162598,-2.204895,-14.640807,2.380371,0.9726298881383401
16.04,0.287354,0.899414,0.148926,-2.426147,-14.60266,3.921509,0.9558748967244616
16.05,0.293213,0.9021,0.139404,-0.62561,-14.877318,2.189636,0.9587448819081122
16.06,0.335449,0.905273,0.167236,1.365662,-17.791748,-0.991821,0.9798025902323386
16.07,0.355469,0.913086,0.200439,0.640869,-20.835875,-0.50354,1.0001300145871035
16.08,0.361816,0.915283,0.230225,-1.091003,-22.499083,0.099182,1.0107706656655602
16.09,0.390625,0.911621,0.248779,-3.135681,-23.063658,-1.571655,1.0225124591451198
16.1,0.40625,0.907959,0.24292,-5.065917,-22.880552,-1.853943,1.0239329736760117
16.11,0.384521,0.906738,0.223633,-6.744384,-21.690367,-0.320435,1.009971246508533
16.12,0.388184,0.905029,0.19043,-6.362915,-18.936157,-0.312805,1.0030094184986498
16.13,0.412354,0.904541,0.177979,-4.165649,-15.342711,-0.968933,1.0099043352902295
16.14,0.400635,0.898926,0.177246,-4.104614,-10.749816,-0.854492,0.999996250601471
16.15,0.384033,0.893799,0.182861,-4.425049,-6.149292,-1.411438,0.9898465248769629
16.16,0.377441,0.89502,0.197266,-3.433227,-4.798889,-1.815796,0.9911792893503173
16.17,0.351807,0.905518,0.194092,-3.295898,-5.393981,0.450134,0.9906577199199531
16.18,0.325684,0.918213,0.18457,-3.135681,-5.844116,2.067566,0.991590271294046
16.19,0.322266,0.926758,0.186523,-2.372742,-7.492065,0.976562,0.9987625317606783
16.2,0.322754,0.935547,0.183594,-2.456665,-11.322021,0.556946,1.006541151946109
16.21,0.320068,0.931396,0.189453,-4.333496,-14.633178,2.243042,1.0029129935587633
16.22,0.343506,0.904297,0.197266,-5.943298,-15.052794,1.708984,0.987250379083746
16.23,0.382568,0.881836,0.19751,-5.310058,-13.656615,-0.831604,0.9813272673374566
16.24,0.385254,0.873047,0.208252,-4.203796,-12.947082,-1.853943,0.9767295450783702
16.25,0.369141,0.876465,0.209717,-3.27301,-13.000487,-1.670837,0.973877402035287
16.26,0.368652,0.873291,0.192383,-2.120972,-12.96234,-2.151489,0.9672397254424573
16.27,0.369385,0.880371,0.179932,0.320435,-13.038634,-2.677917,0.9715317290186667
16.28,0.363037,0.902344,0.183105,3.028869,-12.321471,-1.113892,0.9897211722146798
16.29,0.370117,0.910645,0.181641,3.036499,-12.229918,-1.205444,0.9996271117746857
16.3,0.370605,0.9021,0.180908,0.717163,-13.47351,-1.815796,0.9918972630716348
16.31,0.362793,0.890137,0.173584,-2.14386,-14.579772,-1.518249,0.9767773772329086
16.32,0.381836,0.885254,0.160889,-3.547668,-15.846251,-1.800537,0.9774244961801397
16.33,0.388184,0.89502,0.154297,-2.830505,-15.762328,-1.480102,0.9877019704673066
16.34,0.369873,0.9021,0.157715,-1.770019,-13.458251,-1.64032,0.9876560470902813
16.35,0.358887,0.908691,0.159668,-1.113892,-10.612487,-2.334595,0.9899561012863146
16.36,0.358887,0.914307,0.177734,-1.289368,-8.522034,-3.128052,0.9981716003643862
16.37,0.37207,0.915039,0.190186,-2.662658,-6.393432,-4.249573,1.0059339794524291
16.38,0.404785,0.900635,0.185059,-4.364014,-4.03595,-5.325317,1.0046099406889224
16.39,0.415527,0.890137,0.183105,-4.951477,-2.693176,-4.53186,0.999266734922663
16.4,0.378418,0.895996,0.19043,-4.173279,-2.5177,-2.037048,0.9910966651341331
16.41,0.35376,0.90918,0.199707,-3.585815,-1.922607,-0.968933,0.9958098693269715
16.42,0.36084,0.912598,0.189453,-3.044128,-1.12915,-1.426697,0.9994663848339272
16.43,0.36499,0.909668,0.173584,-3.288269,-2.655029,-2.632141,0.995411962646622
16.44,0.367676,0.906982,0.167236,-4.150391,-5.592346,-3.15094,0.9928594407044734
16.45,0.370361,0.9021,0.166504,-4.966736,-7.774353,-2.479553,0.9892801738319635
16.46,0.375732,0.890381,0.173584,-4.951477,-8.255005,-1.396179,0.9818779282787652
16.47,0.373047,0.879395,0.190674,-4.53949,-8.361816,-1.068115,0.9740925030560497
16.48,0.369141,0.874023,0.204102,-3.944397,-8.460999,-0.816345,0.9704838529383165
16.49,0.371094,0.876953,0.209961,-3.013611,-8.956909,-0.427246,0.9751107334892791
16.5,0.369629,0.889893,0.20874,-2.113342,-10.391234,-1.38855,0.9859551392888016
16.51,0.348389,0.907471,0.208252,-1.625061,-11.848449,-1.724243,0.9941063356935214
16.52,0.344727,0.919434,0.209717,-1.487732,-11.367797,-1.594543,1.0040800789648203
16.53,0.366699,0.919189,0.213135,-1.289368,-11.032104,-2.944946,1.0123255911745983
16.54,0.374512,0.914307,0.208008,-2.426147,-11.108397,-3.120422,1.0096949323716544
16.55,0.380371,0.902344,0.198486,-4.432678,-10.391234,-2.540588,0.9991513820102538
16.56,0.386719,0.89209,0.198242,-5.264282,-9.32312,-2.815246,0.9923084417785631
16.57,0.372314,0.886719,0.192627,-5.554199,-7.263183,-2.6474,0.9808126532044741
16.58,0.364014,0.880127,0.178223,-5.683898,-4.699707,-2.922058,0.9689649973316891
16.59,0.376465,0.881104,0.175781,-4.989624,-4.493713,-4.417419,0.9741504580925885
16.6,0.382568,0.900635,0.184082,-3.40271,-6.126403,-3.684997,0.995684619030042
16.61,0.374512,0.920898,0.180176,-3.295898,-6.614685,-1.800537,1.0103344770540101
16.62,0.373047,0.924805,0.172363,-4.02832,-5.371093,-2.090454,1.0119967173874627
16.63,0.361328,0.918945,0.18042,-4.875183,-4.081726,-2.304077,1.0037774718576822
16.64,0.349365,0.90918,0.189209,-5.874633,-3.837585,-2.449036,0.9922017039422982
16.65,0.350586,0.913086,0.198486,-5.615234,-4.730225,-2.189636,0.9980146687238619
16.66,0.353027,0.923096,0.211914,-3.913879,-5.775451,-1.777649,1.0107629946436505
16.67,0.358887,0.935059,0.220703,-2.311707,-6.340026,-1.907349,1.0255949621848774
16.68,0.362793,0.937256,0.20752,-1.991272,-6.095886,-1.998901,1.0262222570111212
16.69,0.359131,0.928711,0.184326,-2.479553,-6.080627,-2.609253,1.0126476539043576
16.7,0.36499,0.914307,0.176514,-2.861023,-5.0354,-3.356933,1.000166077481635
16.71,0.371338,0.895752,0.178467,-2.754211,-3.761291,-4.211426,0.9859584300755281
16.72,0.373291,0.884277,0.195801,-1.930237,-4.447937,-5.371093,0.9796070717440744
16.73,0.373535,0.886719,0.227295,-0.564575,-6.217956,-4.074097,0.9886667781467121
16.74,0.365234,0.891846,0.24585,0.152588,-8.346558,-3.364563,0.9945991076670037
16.75,0.356201,0.891113,0.248291,-0.312805,-9.674072,-4.013062,0.9912668419003029
16.76,0.345459,0.891357,0.23999,-0.617981,-10.375976,-3.982544,0.9856238746245952
16.77,0.344727,0.889648,0.231201,-1.350403,-11.96289,-3.753662,0.9817149132176816
16.78,0.356689,0.883301,0.213135,-2.27356,-13.114928,-3.509521,0.9761527685495749
16.79,0.357422,0.878906,0.199463,-2.716064,-13.549804,-3.669739,0.9695420214147501
16.8,0.341553,0.885742,0.197998,-2.76947,-13.450622,-3.623962,0.9697425175669055
16.81,0.341064,0.884766,0.216309,-2.929687,-11.245727,-3.013611,0.972586813777053
16.82,0.356934,0.876465,0.206055,-2.967834,-8.31604,-3.700256,0.968530556877789
16.83,0.343506,0.879639,0.197998,-2.578735,-6.446838,-4.928589,0.9648649389220234
16.84,0.314697,0.885254,0.203613,-2.708435,-4.638672,-4.966736,0.9613361015243316
16.85,0.304199,0.881592,0.206299,-2.876281,-3.166198,-5.439758,0.9551443678659264
16.86,0.30957,0.873779,0.199219,-2.746582,-2.876281,-6.980896,0.9481621885004695
16.87,0.304199,0.868408,0.187012,-2.510071,-3.677368,-8.19397,0.9389584518012498
16.88,0.295166,0.868164,0.173584,-2.319336,-4.638672,-9.307861,0.9332540401777
16.89,0.295898,0.876465,0.167236,-1.449585,-5.0354,-11.19995,0.9400608503309773
16.9,0.299316,0.877441,0.184326,-0.541687,-4.28772,-13.21411,0.9452348124212312
16.91,0.294189,0.868896,0.196045,-1.693725,-2.914428,-15.11383,0.9380624012090027
16.92,0.287598,0.865967,0.180664,-3.14331,-1.808166,-16.662598,0.9301886559128746
16.93,0.283447,0.872803,0.175781,-3.14331,-1.060486,-16.799927,0.9343587312049907
16.94,0.28418,0.876221,0.181885,-3.738403,-1.808166,-18.028259,0.9389375200011979
16.95,0.296387,0.872559,0.193359,-5.096435,-2.89917,-18.989563,0.941590232070724
16.96,0.315674,0.871094,0.213135,-5.126953,-2.02179,-18.989563,0.9507267532456422
16.97,0.33374,0.879883,0.219238,-3.601074,-0.267029,-19.760132,0.9662514072088071
16.98,0.321289,0.88916,0.218994,-3.120422,1.411438,-20.660398,0.9704589116273805
16.99,0.275146,0.890625,0.19751,-4.890442,1.914978,-20.828245,0.9528527756379785
17.0,0.234375,0.888672,0.176514,-5.905151,1.243591,-20.828245,0.9358561622412923
17.01,0.240967,0.883789,0.174561,-5.004883,0.518799,-21.827696,0.9325339856171463
17.02,0.274658,0.878418,0.193848,-3.364563,-1.091003,-23.200987,0.9405489071770803
17.03,0.297363,0.878174,0.224365,-2.151489,-2.609253,-22.254942,0.9539150807435638
17.04,0.286377,0.894287,0.240479,-0.190735,-3.280639,-19.744873,0.9693251126113468
17.05,0.256836,0.92041,0.238281,2.334595,-4.081726,-18.859863,0.9848335564738845
17.06,0.236328,0.938477,0.227539,3.814697,-6.278991,-19.828796,0.994164976064838
17.07,0.220459,0.944336,0.208008,3.219604,-10.162353,-21.324156,0.9917862570337421
17.08,0.2146,0.945313,0.188232,1.548767,-11.230468,-21.369932,0.9874720825385395
17.09,0.26001,0.944336,0.186768,1.335144,-6.759643,-22.53723,0.997124850166718
17.1,0.315674,0.944092,0.194824,2.502441,-2.166748,-25.566099,1.014355051111789
17.11,0.331055,0.941895,0.195313,3.204345,0.892639,-26.092527,1.0173056433633896
17.12,0.323242,0.943604,0.174805,5.523681,0.297546,-23.28491,1.0126355155755697
17.13,0.262939,0.946045,0.162842,7.461547,-4.486084,-19.989014,0.995316822278213
17.14,0.19043,0.933838,0.153809,6.217956,-8.422852,-18.997192,0.9653881103602839
17.15,0.214844,0.93042,0.159424,5.691528,-7.415771,-20.286558,0.968119482559875
17.16,0.312744,0.942627,0.189453,6.820678,-4.814148,-24.024961,1.0110622680497974
17.17,0.358887,0.955078,0.217285,7.461547,-3.570556,-27.19879,1.0431618455819787
17.18,0.317871,0.979004,0.234863,6.019592,-2.326965,-24.414061,1.055770540139286
17.19,0.300293,0.987305,0.24707,3.425598,-1.464844,-17.082214,1.0611270582611678
17.2,0.360107,0.987793,0.238281,1.426697,0.785828,-14.73236,1.0780491163481376
17.21,0.403076,0.970215,0.224365,-2.052307,8.361816,-17.425537,1.074303058371333
17.22,0.383057,0.927979,0.204834,-7.743835,19.355774,-19.599915,1.0246143944167483
17.23,0.338623,0.909668,0.202393,-9.635925,26.31378,-20.782469,0.9915262643026659
17.24,0.385986,0.913574,0.208984,-10.559081,29.884336,-21.385191,1.0135467221238497
17.25,0.470703,0.926025,0.211914,-11.489867,32.989502,-26.161192,1.0601844925436328
17.26,0.461914,0.952148,0.218994,-12.008666,37.643433,-31.753538,1.0806982600781774
17.27,0.415771,0.955078,0.222412,-13.824462,42.739864,-35.018921,1.065132202249561
17.28,0.381592,0.946533,0.217773,-14.617919,43.968197,-38.650513,1.043533542384719
17.29,0.36792,0.935303,0.210449,-16.998291,42.434689,-42.579647,1.0268620208236354
17.3,0.371826,0.914063,0.182861,-21.89636,40.298458,-48.004147,1.0035954800446243
17.31,0.375,0.901611,0.156738,-25.444029,38.589478,-55.328365,0.9889864488277885
17.32,0.373291,0.896484,0.127441,-29.594419,38.566589,-59.745785,0.9794237803004376
17.33,0.348633,0.904297,0.103271,-37.368774,40.100098,-60.760494,0.974660418986531
17.34,0.30957,0.911621,0.093506,-45.387264,42.907711,-62.545773,0.9672795896621618
17.35,0.264404,0.886719,0.087646,-52.337643,45.715328,-65.322876,0.9294417041928988
17.36,0.252197,0.862549,0.08374,-59.80682,52.078243,-67.176819,0.9025555339202126
17.37,0.228027,0.847656,0.046387,-64.76593,59.04388,-68.092346,0.8790157910037794
17.38,0.199707,0.860596,-0.016113,-71.647644,58.189388,-71.983337,0.8836107682877117
17.39,0.192627,0.811035,-0.013428,-80.223083,54.527279,-77.209473,0.8337045301172351
17.4,0.052734,0.764648,0.016602,-82.084648,43.876644,-83.206169,0.766644027606033
17.41,0.039063,0.789551,0.096191,-80.734245,25.001524,-86.143486,0.796347542252125
17.42,0.215576,0.861572,0.207031,-82.969658,18.814087,-87.98217,0.9119436155382634
17.43,0.230957,0.889893,0.258545,-91.247551,28.297422,-93.360893,0.9550372790226569
17.44,0.161377,0.824951,0.264648,-103.408806,33.77533,-93.963615,0.8812634409948026
17.45,0.071289,0.72168,0.274414,-112.663261,28.350828,-89.187614,0.7753755137460816
17.46,-0.055908,0.747803,0.324951,-117.042534,28.633116,-91.26281,0.8172687340612022
17.47,-0.023193,0.81958,0.402588,-122.535698,54.901119,-96.153252,0.9134146864338235
17.48,0.054443,0.78125,0.339111,-130.012512,96.618645,-98.114006,0.8534119011766826
17.49,-0.026855,0.738281,0.249512,-134.963989,136.833191,-100.883476,0.7797668011206941
17.5,-0.114258,0.689453,0.31543,-134.056091,172.69133,-108.245842,0.7667440346510691
17.51,-0.16748,0.663574,0.342529,-131.202698,191.780075,-115.013115,0.7653143927282434
17.52,-0.246338,0.618652,0.352783,-136.032104,189.559921,-116.45507,0.7535705358073655
17.53,-0.285156,0.54126,0.366211,-138.389587,175.285324,-117.271416,0.7130125023146509
17.54,-0.305176,0.507324,0.326172,-132.583618,160.446167,-119.35424,0.675942457266889
17.55,-0.360596,0.514404,0.285156,-125.190727,148.902893,-121.864311,0.6898948432681608
17.56,-0.420654,0.531494,0.250732,-119.255058,134.880066,-127.510063,0.7227047776070116
17.57,-0.439453,0.552246,0.202881,-112.281792,121.231071,-133.293152,0.7343400328771407
17.58,-0.495117,0.559082,0.260498,-106.117241,111.762993,-137.069702,0.7909315611460956
17.59,-0.644775,0.531982,0.414795,-103.828423,104.515068,-137.672424,0.9331637267778896
17.6,-0.727783,0.518066,0.52832,-104.37011,93.261711,-133.735657,1.0378740279268
17.61,-0.747803,0.546631,0.585938,-107.940666,71.800232,-128.730774,1.0960557088095475
17.62,-0.731934,0.568115,0.664795,-114.883415,46.684261,-127.281181,1.1403659174168614
17.63,-0.783936,0.591309,0.641113,-120.849602,22.621153,-124.511711,1.1727010976143921
17.64,-0.868652,0.627197,0.582031,-124.099724,2.090454,-114.837639,1.219299987236119
17.65,-0.763428,0.639404,0.520752,-125.984184,-14.389037,-110.740654,1.1237626225782738
17.66,-0.479736,0.599365,0.539795,-130.157471,-11.436461,-113.273613,0.9384901038082395
17.67,-0.271484,0.540283,0.580078,-137.779236,28.991697,-109.588615,0.8379139385575347
17.68,-0.352051,0.49292,0.567139,-143.241882,86.326591,-96.542351,0.829793153937775
17.69,-0.643311,0.472656,0.567627,-143.196106,125.53405,-76.423645,0.9795167932128576
17.7,-0.898193,0.487061,0.586426,-140.068054,123.329155,-67.771912,1.1780808700789602
17.71,-1.046143,0.475586,0.636963,-139.648438,75.057983,-79.277039,1.3138946240905318
17.72,-1.040771,0.465576,0.689453,-136.306763,11.993407,-84.365837,1.3324078675188014
17.73,-0.89624,0.489502,0.740967,-134.086609,-39.93988,-61.393734,1.261701407105897
17.74,-0.652344,0.468262,0.757324,-142.089844,-62.286373,-28.869627,1.103794200001069
17.75,-0.489258,0.391113,0.7229,-152.96936,-49.926754,-14.968871,0.9565182587556811
17.76,-0.519775,0.317139,0.776123,-154.73938,-10.56671,-15.724181,0.986463434231092
17.77,-0.67627,0.265869,0.942139,-149.208069,34.034729,-16.639709,1.189812310148958
17.78,-0.867432,0.221924,1.003662,-142.318726,56.556698,-9.490967,1.3450003519122216
17.79,-0.942627,0.220703,0.933594,-132.225037,51.643368,5.53894,1.344936144273772
17.8,-0.949951,0.23877,0.883545,-121.818535,22.369383,11.306762,1.3191170464845037
17.81,-0.952881,0.245605,0.933838,-112.022392,-11.886596,5.867004,1.3565977393575444
17.82,-0.806641,0.267334,0.983887,-101.951591,-25.733946,2.388,1.3000656903426073
17.83,-0.63208,0.266846,1.026123,-92.109673,-13.816833,4.379272,1.2343663658918287
17.84,-0.677246,0.233154,0.952393,-82.18383,7.492065,9.689331,1.1916691481619386
17.85,-0.857666,0.212646,0.854004,-74.745178,11.138915,11.192321,1.2288743307954642
17.86,-0.91748,0.110107,0.925049,-71.18988,-16.105652,6.263732,1.3075200779529161
17.87,-0.783936,0.041504,0.985596,-64.346313,-49.423214,8.43811,1.2600308366575796
17.88,-0.558105,0.161377,0.970459,-59.272762,-63.537594,18.737793,1.1310678131018492
17.89,-0.526123,0.194336,0.937744,-61.737057,-60.424801,34.080505,1.092673648241322
17.9,-0.686035,0.161621,0.95459,-54.298397,-44.464108,46.82159,1.186594891682077
17.91,-0.768311,0.214355,1.103027,-39.466858,-22.430418,46.096798,1.3612194611725914
17.92,-0.682129,0.191406,1.15918,-36.483765,0.564575,40.763851,1.3585413140118339
17.93,-0.626709,0.124268,1.057129,-40.428158,17.303467,36.590576,1.2352038006523458
17.94,-0.640137,0.111816,0.916504,-43.655392,25.062559,35.850525,1.1235024604516894
17.95,-0.635742,0.124512,0.79126,-42.625423,23.254393,42.778011,1.0226257948575324
17.96,-0.688477,0.150146,0.744385,-37.567139,16.220093,49.636837,1.0250138677452125
17.97,-0.785645,0.101563,0.736572,-34.194946,3.318786,48.278805,1.081707640805962
17.98,-0.73999,0.100098,0.781494,-22.453306,-6.225585,51.322933,1.0808967026224108
17.99,-0.654785,0.155029,0.946777,-8.19397,-8.010864,53.787228,1.1615352232261404
18.0,-0.606934,0.158203,1.036377,-7.80487,-10.986327,49.72839,1.2113935593744918
18.01,-0.520752,0.161621,1.028076,-16.059875,-6.057739,48.171993,1.1637200070983569
18.02,-0.547607,0.212646,0.971436,-20.683287,-0.076294,44.494625,1.135244312851203
18.03,-0.595947,0.202637,0.930664,-23.28491,-3.77655,41.137691,1.123543528962719
18.04,-0.58374,0.187988,0.892578,-26.512144,-3.761291,42.366024,1.0829530746195792
18.05,-0.602539,0.202881,0.892334,-23.612974,-3.128052,40.939327,1.0956614049230722
18.06,-0.61499,0.199463,0.849854,-18.066406,-13.626098,39.710999,1.067824896593538
18.07,-0.564941,0.169434,0.823975,-15.960692,-29.08325,41.259762,1.0133119038390894
18.08,-0.519287,0.176514,0.870361,-14.846801,-30.158995,41.931149,1.0287586941970406
18.09,-0.500977,0.219482,0.90625,-12.039184,-22.071836,39.558411,1.058508084689484
18.1,-0.487793,0.225342,0.886963,-13.130187,-12.557982,38.345337,1.037026707072677
18.11,-0.472412,0.219238,0.808838,-12.344359,-3.753662,37.094116,0.9620069171435307
18.12,-0.521973,0.225586,0.765625,-10.559081,-15.563964,28.213499,0.9536909859855026
18.13,-0.415771,0.147705,1.02417,-13.282775,-30.96771,33.52356,1.1151710543078135
18.14,-0.476563,0.268799,0.982178,-8.407593,-0.038147,38.764954,1.1242948096713778
18.15,-0.526611,0.187256,0.841064,-13.504027,-1.838684,22.331236,1.0098379112278366
18.16,-0.433594,0.126709,0.885986,-15.960692,-15.930175,30.151365,0.9944999344962271
18.17,-0.562988,0.171387,0.947266,-12.695312,-14.442443,31.089781,1.1151869200582476
18.18,-0.625244,0.154053,0.918457,-10.795592,-16.807556,26.222227,1.12170657802921
18.19,-0.597656,0.135742,0.882568,-12.290954,-21.759031,23.254393,1.0744974916322514
18.2,-0.599365,0.145996,0.89917,-13.496398,-20.706175,14.656066,1.0904402432692037
18.21,-0.589844,0.151611,0.920898,-15.411376,-17.738342,5.584716,1.104062935733738
18.22,-0.575928,0.167969,0.925537,-18.127441,-18.241882,0.984192,1.102962095683256
18.23,-0.551758,0.173584,0.859131,-21.606443,-19.821167,-1.083374,1.0356999424452045
18.24,-0.531006,0.169678,0.804443,-24.085997,-17.745972,-1.281738,0.9787167802633201
18.25,-0.540039,0.150391,0.827393,-24.902342,-7.522583,-3.250122,0.9994192067651092
18.26,-0.542969,0.147705,0.824707,-25.444029,4.234314,-10.002136,0.9983855657184753
18.27,-0.491211,0.148926,0.770996,-25.474546,12.5885,-15.007018,0.9262300103176316
18.28,-0.484131,0.133545,0.801025,-22.926329,15.853881,-16.921997,0.9454407135357563
18.29,-0.550049,0.126221,0.854004,-21.01898,15.144347,-15.35797,1.0236251634548654
18.3,-0.575439,0.109131,0.83667,-21.324156,12.199401,-11.96289,1.021301281102692
18.31,-0.577881,0.110352,0.816162,-20.439146,5.279541,-10.223388,1.006103585277878
18.32,-0.606934,0.099609,0.81543,-19.393921,-4.91333,-8.621216,1.0213799088179676
18.33,-0.615723,0.082764,0.78833,-17.753601,-13.84735,-7.125854,1.0037075676336211
18.34,-0.547363,0.068359,0.76123,-13.435363,-15.266418,-6.370544,0.9400799538071217
18.35,-0.547363,0.079102,0.790283,-7.43103,-8.44574,-4.890442,0.9645779389256215
18.36,-0.635254,0.106934,0.927734,-5.28717,0.953674,-2.510071,1.1294569047236818
18.37,-0.622559,0.026855,1.205078,-0.930786,10.261535,-2.326965,1.3566554041428502
18.38,-0.902588,0.092773,1.279053,38.085938,11.787414,3.753662,1.56819912768819
18.39,-0.979004,0.293213,1.107422,45.0592,5.722045,16.738892,1.5069194342993257
18.4,-0.399902,0.016846,0.824463,11.650084,-11.756896,7.896423,0.9164849347856188
18.41,-0.284668,0.170898,0.818115,14.770507,1.113892,-9.872437,0.8829236376114301
18.42,-0.501953,0.189697,0.834473,19.630432,26.268003,-15.060424,0.9921123695161753
18.43,-0.600342,0.124512,0.826904,20.225523,22.193907,-4.837036,1.0294095299364583
18.44,-0.615967,0.128418,0.830078,21.118162,5.149841,0.854492,1.0416026180348241
18.45,-0.600586,0.122803,0.833984,20.973204,-0.25177,-1.075745,1.0350427201140056
18.46,-0.55542,0.103516,0.836182,23.559568,-0.320435,-8.865356,1.0091616697932992
18.47,-0.48877,0.088379,0.827637,29.685972,3.730774,-13.282775,0.9652408840854183
18.48,-0.468994,0.11377,0.824707,33.782959,6.935119,-14.778136,0.9555315906787174
18.49,-0.450439,0.140381,0.835693,29.479979,9.544373,-17.250061,0.9596795861802001
18.5,-0.454834,0.158936,0.868896,19.691467,13.793944,-18.478394,0.9935365511484718
18.51,-0.533203,0.156738,0.90918,13.023376,17.814636,-17.677307,1.0655892793440633
18.52,-0.610107,0.131104,0.924561,9.70459,21.209715,-15.953063,1.1154514122031491
18.53,-0.666748,0.097412,0.914551,6.41632,22.918699,-18.432617,1.1359777836071443
18.54,-0.691406,0.10083,0.955322,4.943848,25.604246,-22.132872,1.1835746995521659
18.55,-0.640625,0.078613,0.951416,4.074097,33.294678,-22.14813,1.1496837823723531
18.56,-0.577637,0.069824,0.939941,6.652832,40.924068,-25.131224,1.1054541954445694
18.57,-0.567871,0.093018,0.936768,8.270264,50.285336,-30.616758,1.0993926081200474
18.58,-0.575684,0.10791,0.901855,6.515502,60.981747,-36.4151,1.0753599755342393
18.59,-0.60376,0.108154,0.865479,4.745483,67.100525,-41.435238,1.0607908958682668
18.6,-0.643799,0.080811,0.866211,4.081726,69.580078,-42.724606,1.0822795695396823
18.61,-0.631592,0.008057,0.866943,5.897521,70.503235,-41.015621,1.072643246826269
18.62,-0.601807,0.019043,0.8125,8.277893,69.976807,-38.169861,1.0112816378724574
18.63,-0.594482,0.076172,0.837646,1.091003,67.657471,-37.940979,1.029981477126652
18.64,-0.522705,0.122314,0.828857,-19.27948,73.646545,-34.828186,0.9875146368889931
18.65,-0.441406,0.025391,0.695313,-36.308289,86.532585,-35.583496,0.8239806597766722
18.66,-0.467041,-0.072754,0.636475,-26.908873,94.276421,-38.696289,0.7927930788181744
18.67,-0.669189,-0.023926,0.70459,-9.658813,90.835564,-26.130674,0.9720254314044464
18.68,-0.732422,0.01123,0.77002,-3.494262,77.514648,-11.428832,1.062778857234185
18.69,-0.679688,0.002197,0.766602,-4.760742,67.070007,-6.156921,1.0245287846405293
18.7,-0.601318,-0.020264,0.748047,-7.339477,71.800232,-2.662658,0.9599834795604558
18.71,-0.505371,-0.027344,0.683594,-12.725829,88.722221,4.150391,0.8505576399121931
18.72,-0.518311,-0.036865,0.588135,-23.246763,109.40551,8.453369,0.7847981263809184
18.73,-0.646973,-0.040283,0.544678,-32.424927,127.952568,7.5531,0.846682293721795
18.74,-0.792725,-0.094727,0.608643,-29.365538,133.209229,6.04248,1.0039085773131935
18.75,-0.86499,-0.098877,0.676758,-18.424988,113.471977,4.554749,1.1027174396884272
18.76,-0.708984,-0.101074,0.731445,-15.640258,78.781128,-1.724243,1.0236630567510971
18.77,-0.613525,-0.122559,0.758789,-20.812986,41.893002,-6.225585,0.9834604113165919
18.78,-0.707275,-0.135498,0.724121,-27.679441,26.870726,1.998901,1.0212486750395322
18.79,-0.801514,-0.139404,0.655029,-30.487059,28.045652,9.468079,1.0444717125193004
18.8,-0.866699,-0.158691,0.597412,-27.023314,15.792846,-1.51062,1.064542666043029
18.81,-0.852295,-0.186279,0.502441,-22.552488,-11.573791,-20.317076,1.0067539874999256
18.82,-0.759277,-0.183105,0.403076,-24.230955,-37.696838,-29.159544,0.8789193737368632
18.83,-0.703369,-0.231689,0.400879,-26.161192,-53.955074,-29.060362,0.8420877124878382
18.84,-0.738525,-0.282471,0.488525,-15.930175,-61.759945,-29.319761,0.92944376757876
18.85,-0.762695,-0.285889,0.60083,-4.753113,-67.497253,-32.066345,1.012142713378899
18.86,-0.779785,-0.304199,0.634521,-6.591796,-80.688469,-35.392761,1.0503421239134418
18.87,-0.812012,-0.339111,0.633545,-14.419555,-101.623528,-37.498474,1.0843150028889206
18.88,-0.824951,-0.351318,0.646484,-17.730713,-121.902458,-36.102295,1.105400403374723
18.89,-0.767822,-0.367432,0.648682,-16.784668,-134.086609,-35.324097,1.0702080337168096
18.9,-0.689697,-0.408691,0.650879,-14.816283,-138.778687,-37.200928,1.0326440615870505
18.91,-0.660889,-0.411621,0.660889,-13.694762,-141.281128,-37.872314,1.0212641128929383
18.92,-0.676025,-0.393066,0.720703,-17.158508,-141.525269,-34.591675,1.0634488681596308
18.93,-0.674316,-0.401611,0.782471,-21.354673,-136.688232,-32.577515,1.1082663619446365
18.94,-0.665039,-0.401123,0.808594,-24.42169,-129.898071,-37.284851,1.1211604655382745
18.95,-0.661377,-0.381592,0.813965,-32.546997,-124.725334,-44.05212,1.116051527402745
18.96,-0.64624,-0.378418,0.821045,-44.822689,-120.803825,-47.431942,1.111279088415237
18.97,-0.611816,-0.398682,0.827148,-54.344173,-116.981499,-50.125118,1.103376621505096
18.98,-0.575195,-0.428223,0.832275,-59.707638,-110.382072,-54.695126,1.0985926913005566
18.99,-0.573242,-0.428467,0.811523,-62.988277,-103.073112,-61.363216,1.082016608089728
19.0,-0.585938,-0.38208,0.781738,-69.107056,-96.328728,-66.558838,1.0490103750144706
19.01,-0.569092,-0.38916,0.776611,-75.790405,-87.989799,-69.816589,1.038477662439111
19.02,-0.547119,-0.407471,0.794922,-78.514099,-79.139709,-73.348999,1.0475079007272452
19.03,-0.53418,-0.429199,0.807861,-81.016533,-69.313049,-79.154968,1.0593391568907478
19.04,-0.532715,-0.43335,0.792236,-83.892815,-60.623165,-86.006157,1.048434725398296
19.05,-0.533936,-0.407227,0.751465,-88.729851,-53.688046,-92.422478,1.0077802974110974
19.06,-0.524658,-0.412354,0.736084,-94.41375,-47.012325,-98.358147,0.9935398800933961
19.07,-0.498535,-0.42749,0.752441,-97.015373,-39.69574,-105.308525,0.9987253400239727
19.08,-0.465332,-0.464355,0.780518,-98.655693,-31.295774,-113.861076,1.0204742939305234
19.09,-0.452881,-0.522217,0.807617,-98.182671,-23.864744,-122.070305,1.0630413980363136
19.1,-0.482422,-0.523926,0.810059,-97.419731,-19.256592,-129.859924,1.0786218165052104
19.11,-0.536621,-0.535156,0.809082,-100.357048,-16.273499,-136.283875,1.1085881673105662
19.12,-0.566162,-0.561523,0.823975,-100.646965,-14.793395,-143.638611,1.146639564291238
19.13,-0.567139,-0.577393,0.854492,-97.908012,-12.977599,-151.878357,1.1769392082151058
19.14,-0.568848,-0.588379,0.880371,-95.91674,-9.422302,-160.667404,1.2020112280615352
19.15,-0.564209,-0.608154,0.890137,-94.169609,-3.120422,-169.113144,1.2167690669005355
19.16,-0.560059,-0.617432,0.880859,-92.552177,4.890442,-177.635178,1.2127658207527123
19.17,-0.571533,-0.635254,0.865967,-92.277519,14.22882,-185.935959,1.2165921501037231
19.18,-0.570557,-0.649658,0.862305,-91.545097,25.253294,-194.656357,1.2211309185496861
19.19,-0.568359,-0.66748,0.901123,-90.339653,40.077209,-203.353867,1.2572128556493525
19.2,-0.566162,-0.723633,0.929688,-88.890068,60.386654,-209.655746,1.3070975121531676
19.21,-0.562988,-0.806152,0.869141,-80.581657,83.503716,-215.057358,1.3123424145888907
19.22,-0.572754,-0.757324,0.738525,-72.891235,104.156487,-221.984848,1.2029156084767543
19.23,-0.592773,-0.787109,0.673584,-74.523926,124.4049,-226.135239,1.1935810875118622
19.24,-0.582031,-0.894775,0.651367,-66.27655,147.293091,-227.828964,1.2504644554224642
19.25,-0.555176,-0.966309,0.650391,-46.06628,173.431381,-231.742844,1.2903417870231126
19.26,-0.567139,-0.967041,0.614746,-26.039122,200.614914,-237.625107,1.278564658325108
19.27,-0.596924,-0.928955,0.567627,-14.015197,224.769577,-243.614182,1.2415619456676337
19.28,-0.595703,-0.9104,0.533447,-5.28717,245.384201,-246.498093,1.2117161078478738
19.29,-0.586182,-0.903809,0.550293,3.814697,249.992355,-246.757492,1.2096703813245986
19.3,-0.601563,-0.926758,0.608887,13.488769,249.923691,-246.971115,1.2615473880524661
19.31,-0.60791,-0.980225,0.619629,22.308348,249.862656,-246.887192,1.3093264361365349
19.32,-0.599609,-1.052979,0.505371,31.09741,249.992355,-246.238693,1.3128958736179348
19.33,-0.595215,-1.038086,0.376709,39.268494,249.992355,-243.606552,1.25451708250705
19.34,-0.618896,-1.024414,0.341553,46.226498,249.992355,-237.792953,1.2446343856815942
19.35,-0.655029,-1.066895,0.347412,56.52618,249.992355,-227.455124,1.2992394042708217
19.36,-0.651123,-1.088135,0.428711,68.878174,249.992355,-217.956528,1.3385783730790664
19.37,-0.648193,-1.047852,0.489258,79.490662,249.992355,-215.293869,1.3257154180732003
19.38,-0.721191,-1.00708,0.431641,79.353333,249.992355,-216.133102,1.3117318848613844
19.39,-0.812988,-0.967041,0.319824,74.386597,249.992355,-205.512985,1.3032287499901927
19.4,-0.860352,-0.861572,0.292725,73.448181,249.992355,-188.499435,1.252277844854328
19.41,-0.8396,-0.780518,0.294189,71.243286,249.992355,-183.296188,1.1835048272166024
19.42,-0.769043,-0.735107,0.253418,72.540283,249.992355,-184.143051,1.0936316198894398
19.43,-0.70166,-0.643799,0.268066,76.652527,249.992355,-175.315842,0.9892741219485123
19.44,-0.760498,-0.580322,0.299072,76.545715,249.992355,-155.143738,1.0022848361977748
19.45,-0.9021,-0.526611,0.341553,80.14679,249.992355,-132.102966,1.0989822596975805
19.46,-0.990967,-0.460693,0.411865,86.746208,249.992355,-113.861076,1.1678554763167401
19.47,-1.067871,-0.415771,0.491699,89.385979,249.992355,-103.561394,1.2469891353508258
19.48,-1.132568,-0.395264,0.534424,87.722771,241.554245,-97.785942,1.313222340693304
19.49,-1.141846,-0.381348,0.563965,81.390373,201.530441,-91.705315,1.329396519494842
19.5,-1.095947,-0.405029,0.585449,71.70105,155.761719,-83.961479,1.3068660410504973
19.51,-1.007568,-0.446289,0.580078,62.614437,119.689934,-77.392578,1.245334345559055
19.52,-0.88916,-0.510254,0.534424,55.923458,98.587029,-71.472168,1.1561027903659777
19.53,-0.825684,-0.586182,0.416748,54.115292,89.401237,-62.225338,1.0950078997358876
19.54,-0.897705,-0.630859,0.326904,55.152889,87.829582,-45.646664,1.1448683636654478
19.55,-0.983887,-0.70874,0.294678,58.303829,92.353813,-25.207518,1.247870642355609
19.56,-1.041016,-0.75708,0.292725,69.618225,93.093864,-12.557982,1.3200652878857924
19.57,-1.081543,-0.763428,0.338379,84.274284,85.388176,-7.919311,1.3664032785652998
19.58,-1.068359,-0.745117,0.385498,92.155449,74.729919,-2.441406,1.3583810233413893
19.59,-1.01416,-0.725342,0.391602,91.911308,65.589905,6.622314,1.306902310414975
19.6,-0.96167,-0.707275,0.384521,88.897697,61.042782,14.846801,1.254154501632873
19.61,-0.933105,-0.691406,0.383057,84.503166,62.370296,22.544859,1.222889963614879
19.62,-0.918457,-0.688232,0.367676,78.102112,66.673279,30.616758,1.2051606480668873
19.63,-0.887939,-0.702148,0.344971,72.067261,70.671082,38.276672,1.1834071456882453
19.64,-0.860596,-0.69165,0.311523,67.222595,74.295044,45.639034,1.1471929991265637
19.65,-0.846924,-0.6604,0.287354,59.410091,79.284668,53.695675,1.1117467081543349
19.66,-0.842773,-0.643555,0.279785,50.849911,84.938042,61.027523,1.096680907912142
19.67,-0.844727,-0.626221,0.290527,45.532223,90.560905,66.009521,1.09092730422288
19.68,-0.84668,-0.604248,0.315186,42.190548,96.237175,69.869995,1.0868877046411005
19.69,-0.851318,-0.561768,0.342041,39.215088,101.08947,73.554993,1.0757869996560658
19.7,-0.872803,-0.516846,0.387207,34.507751,103.645317,77.980042,1.085745884345872
19.71,-0.865967,-0.478516,0.429443,28.472898,105.316154,81.909172,1.0785627926059753
19.72,-0.842529,-0.443604,0.419189,23.948668,108.64257,86.662285,1.0403648602187598
19.73,-0.856445,-0.401855,0.390869,21.881102,112.17498,91.583244,1.0236034653179913
19.74,-0.914551,-0.357666,0.37085,20.660398,114.70031,96.839897,1.0496943467776703
19.75,-0.95874,-0.32959,0.387939,18.676758,113.777153,104.026787,1.0854992507694328
19.76,-0.980469,-0.329102,0.420654,16.784668,108.489983,110.626213,1.1165022947047625
19.77,-0.991943,-0.343506,0.432861,15.777587,101.791374,114.074699,1.135480485347943
19.78,-1.022949,-0.352051,0.437256,15.61737,93.90258,115.806572,1.166857905975702
19.79,-1.045898,-0.366455,0.450928,14.503478,84.243767,117.477409,1.1964647736615566
19.8,-1.04834,-0.396729,0.464111,13.015746,73.34137,119.86541,1.2131816332940422
19.81,-1.054443,-0.421143,0.456787,12.191772,63.819881,122.299187,1.2238732900374123
19.82,-1.049316,-0.424561,0.428955,11.192321,56.388851,123.298637,1.2105034087527387
19.83,-1.057129,-0.423096,0.389404,10.269164,47.889706,122.779839,1.2033982811492627
19.84,-1.074463,-0.417236,0.369385,10.627746,39.787292,121.780388,1.2103726270409456
19.85,-1.078125,-0.405273,0.376953,11.367797,34.111023,121.803276,1.2118965650429907
19.86,-1.098877,-0.387939,0.418701,13.008117,29.71649,121.726982,1.238280201025196
19.87,-1.109863,-0.3479,0.45752,15.327453,27.175901,121.093742,1.2498619280420538
19.88,-1.088379,-0.297607,0.475342,16.685486,23.941038,120.132439,1.2243728153850852
19.89,-1.074707,-0.25708,0.482422,16.777039,19.599915,119.033806,1.205743027486786
19.9,-1.054932,-0.231201,0.502197,16.571045,17.448425,118.530266,1.1910236159850065
19.91,-1.044434,-0.201904,0.50293,17.524719,18.959045,118.759148,1.1766674086044877
19.92,-1.050293,-0.165039,0.481689,18.52417,21.667479,119.476311,1.1672093000362016
19.93,-1.071777,-0.133057,0.476563,19.683838,23.773191,120.460503,1.1804754956995083
19.94,-1.092529,-0.123047,0.473389,19.91272,24.856565,122.070305,1.1970201858661367
19.95,-1.088867,-0.122314,0.439453,16.647339,23.101805,123.779289,1.1805553767163997
19.96,-1.098877,-0.120117,0.401855,13.099669,16.418457,123.153679,1.1761998962093987
19.97,-1.101807,-0.082275,0.414795,13.938903,7.6828,120.506279,1.1801706371957403
19.98,-1.075684,-0.013916,0.44873,13.671874,-3.059387,116.737358,1.1656107136655876
19.99,-1.04834,0.029541,0.466797,8.476257,-18.043518,112.365715,1.1479498532122387
20.0,-1.02417,0.044189,0.476807,4.447937,-34.545898,109.542839,1.1305847035361836
20.01,-0.966553,0.05835,0.469238,4.264832,-47.599789,109.687798,1.0760175300398225
20.02,-0.934082,0.077881,0.445557,4.585266,-56.846615,111.656181,1.0378321989290946
20.03,-0.922607,0.084961,0.401367,3.257751,-61.210629,113.845818,1.0097116007350813
20.04,-0.914063,0.071533,0.348877,0.793457,-63.682552,113.777153,0.9809909781374139
20.05,-0.889893,0.041016,0.318359,1.373291,-64.613342,110.580437,0.9460149663646977
20.06,-0.843018,0.035156,0.31543,8.201599,-60.371395,106.063835,0.900783757380205
20.07,-0.778564,0.061768,0.34082,17.63916,-50.369259,100.379936,0.8521358226949505
20.08,-0.760254,0.086914,0.375488,23.056028,-40.473934,93.048088,0.8523681282497603
20.09,-0.791992,0.084229,0.390137,22.109983,-34.27124,86.875908,0.8868780814035265
20.1,-0.808594,0.046875,0.372559,17.608643,-31.059263,83.816521,0.89152775107789
20.11,-0.804199,-0.012939,0.331299,12.931823,-30.197142,79.528809,0.8698634816584727
20.12,-0.791016,-0.088135,0.281982,7.484436,-27.671812,70.777893,0.8443861313433565
20.13,-0.783447,-0.174561,0.237793,0.968933,-21.240232,60.836788,0.8371417176195438
20.14,-0.789795,-0.249756,0.2146,-2.052307,-10.330199,51.330563,0.8556911601512546
20.15,-0.815674,-0.277344,0.216553,2.731323,2.433777,40.725704,0.8883349426995428
20.16,-0.875977,-0.220703,0.23584,15.11383,11.96289,31.341551,0.9336305609490297
20.17,-0.933594,-0.114746,0.27124,27.32086,16.204834,25.497435,0.9789461369002893
20.18,-0.935303,-0.052979,0.283936,30.174253,15.251159,19.638062,0.9788861672053599
20.19,-0.951172,-0.071777,0.302002,27.610777,11.665343,13.34381,1.0005425124985945
20.2,-0.963379,-0.091553,0.348633,30.387877,11.611938,13.816833,1.0286039170346377
20.21,-0.934814,-0.087402,0.382568,36.476135,12.893676,19.866943,1.0138415057709957
20.22,-0.923096,-0.076904,0.402344,40.939327,12.702941,24.147032,1.0099015520178194
20.23,-0.938477,-0.078369,0.430908,44.166561,10.925292,25.077818,1.0356459260548463
20.24,-0.948242,-0.077637,0.44043,46.531673,5.844116,25.459288,1.048412599711106
20.25,-0.931641,-0.07373,0.388428,47.035213,-2.357483,25.260923,1.0120609551627808
20.26,-0.900391,-0.074707,0.327148,47.637936,-10.353087,23.437498,0.9608906819373367
20.27,-0.883057,-0.083496,0.25,48.362728,-16.838074,20.111082,0.9215537137166775
20.28,-0.879639,-0.100342,0.19165,48.156734,-23.124693,17.089844,0.9058493306201644
20.29,-0.873779,-0.136719,0.251221,48.377987,-29.953001,13.549804,0.9193986168376588
20.3,-0.856201,-0.15625,0.353516,52.253719,-36.056519,7.316589,0.939397560757425
20.31,-0.858154,-0.11499,0.404053,57.739254,-42.221066,0.541687,0.9554631414267115
20.32,-0.864014,-0.036133,0.438721,60.127254,-47.790524,-3.044128,0.9696916529113777
20.33,-0.856689,0.017822,0.422119,56.938168,-50.239559,-4.852295,0.9552057980173697
20.34,-0.830322,0.032227,0.365234,50.704952,-47.378536,-7.827758,0.9076723406433623
20.35,-0.773926,0.006348,0.319092,42.930599,-40.176388,-9.44519,0.8371507958808855
20.36,-0.782715,-0.058594,0.328125,35.224915,-34.347534,-7.919311,0.8507303002044774
20.37,-0.822266,-0.13208,0.368164,29.46472,-27.999876,-3.921509,0.9105554524860087
20.38,-0.847656,-0.161621,0.347412,26.649473,-17.50946,0.572205,0.9302349916666218
20.39,-0.876709,-0.118408,0.313232,27.57263,-6.080627,2.357483,0.9384846354464201
20.4,-0.92627,-0.037842,0.332031,31.410215,0.839233,-0.1297,0.9847094570608125
20.41,-0.922119,0.024658,0.354004,32.447815,3.990173,-4.341125,0.9880436726891176
20.42,-0.858398,0.020752,0.365723,27.938841,6.690979,-3.40271,0.9332904610232551
20.43,-0.868164,-0.021484,0.32666,24.452208,14.320373,5.264282,0.9278346020449981
20.44,-0.943115,-0.027832,0.2854,28.305052,28.350828,14.900207,0.9857452426712493
20.45,-0.963379,0.027588,0.307861,40.763851,41.069027,14.717101,1.0117502610357954
20.46,-0.954102,0.109375,0.340332,55.053707,42.266842,3.883362,1.018871624520479
20.47,-0.968994,0.185303,0.358643,60.394283,31.98242,-6.92749,1.0497196650982585
20.48,-0.986328,0.21167,0.372803,53.482052,15.937804,-9.353638,1.0754669633666112
20.49,-0.968994,0.196045,0.369385,40.65704,1.808166,-4.28009,1.0553806385783284
20.5,-0.916504,0.171631,0.328857,29.815672,-5.340576,0.312805,0.9887283290297694
20.51,-0.867432,0.168945,0.270264,22.872923,-4.40979,0.068665,0.924133820041773
20.52,-0.886719,0.184082,0.245361,18.630981,3.311157,-1.243591,0.9382743671261622
20.53,-0.917969,0.20752,0.233643,13.96942,15.174865,-0.175476,0.9697013389750475
20.54,-0.941895,0.213623,0.204346,4.867554,23.147581,0.846863,0.9871971762874933
20.55,-0.954102,0.189697,0.209961,-8.262634,25.970457,0.556946,0.9951779738991413
20.56,-0.962891,0.153809,0.215088,-19.897461,26.412962,1.091003,0.998538499060502
20.57,-0.96167,0.145508,0.224365,-25.566099,28.404234,4.051208,0.9981590154825032
20.58,-0.984375,0.181641,0.170898,-26.618956,30.181883,7.827758,1.0154770898006513
20.59,-1.039795,0.193359,0.251953,-27.641294,30.982969,10.787963,1.0872173927577684
20.6,-1.093994,0.146484,0.256104,-27.366636,29.342649,9.45282,1.133079738194978
20.61,-1.056885,0.095703,0.314209,-20.019531,24.238585,7.347106,1.1067485094252443
20.62,-1.023438,0.0354,0.27124,-7.164001,9.986877,1.960754,1.0593628450365815
20.63,-1.200439,-0.030518,0.391846,7.141113,-11.901855,-3.631592,1.2631422836565167
20.64,-1.121582,-0.042725,0.464355,21.980284,-21.125792,-5.088806,1.2146592832453058
20.65,-0.934814,0.080078,0.438965,39.955139,-25.871275,-6.324768,1.0358474655589982
20.66,-0.90625,0.220947,0.459717,47.264095,-24.80316,-8.354187,1.039926131702632
20.67,-0.928711,0.269775,0.498779,38.154602,-14.328002,-7.446289,1.0881466642815205
20.68,-0.939453,0.240479,0.444336,23.674009,-4.364014,0.991821,1.0666942249520244
20.69,-0.950195,0.167725,0.371338,14.671325,2.044678,14.900207,1.0338733596983722
20.7,-0.911865,0.091797,0.349365,13.275146,7.4234,23.719786,0.9808059801301172
20.71,-0.919189,0.124023,0.301025,13.641356,11.589049,22.209166,0.9751441805574189
20.72,-0.950195,0.31543,0.177979,6.317138,13.862609,14.564513,1.0168791213148198
20.73,-0.96875,0.495605,0.126221,-14.373778,7.690429,11.360168,1.0954600035446296
20.74,-1.019531,0.494873,0.168701,-43.403622,-5.92041,16.967773,1.1457760573039568
20.75,-1.054199,0.359131,0.147949,-68.93158,-22.384642,22.956846,1.1234765299564562
20.76,-1.140869,0.194092,0.054199,-84.32769,-46.546932,21.095274,1.158529805929049
20.77,-1.189209,0.033203,0.110352,-91.629021,-68.901062,16.50238,1.1947794979802757
20.78,-1.097168,-0.127197,0.294922,-84.777824,-78.483582,23.315428,1.1432128774279093
20.79,-1.0979,-0.116211,0.328125,-60.9436,-82.206718,34.790039,1.1517618773626779
20.8,-0.973389,0.020264,0.47583,-40.962215,-79.444885,18.760681,1.0836562941804933
20.81,-0.718994,0.083496,0.891113,-22.621153,-70.236206,-18.630981,1.1480445691788277
20.82,-0.635498,0.202881,1.077148,8.308411,-54.51965,-17.433167,1.2669910110450666
20.83,-0.69873,0.395752,1.054932,40.061951,-24.856565,13.397216,1.3257921341703607
20.84,-0.770508,0.473389,1.016113,46.920773,-0.656128,26.046751,1.360244592767786
20.85,-0.834229,0.375732,0.822754,30.860899,12.626647,21.553038,1.2304619883527488
20.86,-0.912354,0.193604,0.620605,13.389586,26.092527,19.989014,1.1202780441287779
20.87,-0.963379,0.026367,0.491455,11.230468,40.702816,24.902342,1.0818143710244377
20.88,-0.98999,-0.004883,0.344971,25.032042,53.451534,28.755186,1.048384011052248
20.89,-0.982178,0.092041,0.17334,36.064148,66.009521,21.759031,1.0015946909628664
20.9,-0.963135,0.178223,0.163574,30.677794,82.710258,10.284423,0.993050310623787
20.91,-1.001221,0.218262,0.344727,27.236937,95.405571,6.66809,1.0811653416633369
20.92,-1.072754,0.390869,0.37793,36.521912,87.364189,16.174316,1.202668202197514
20.93,-1.065186,0.64209,0.334961,38.459778,56.02264,30.288694,1.2880604233563735
20.94,-0.986328,0.695313,0.474609,29.518126,17.631531,30.97534,1.2967485471108113
20.95,-1.000488,0.504395,0.58374,21.484373,-19.226074,17.662048,1.2633855079780678
20.96,-1.046631,0.231934,0.549805,12.382506,-48.637386,-1.396179,1.2047885161064575
20.97,-0.995361,0.020996,0.476074,3.829956,-76.278687,-20.294188,1.103553716777303
20.98,-0.958008,0.009766,0.222168,7.476806,-105.514519,-22.773741,0.9834802097876703
20.99,-0.883057,0.170898,-0.10791,19.371033,-111.274712,5.249023,0.9058920243345782
21.0,-0.842285,0.314209,-0.039795,28.434752,-81.169121,38.757324,0.8998638557754167
21.01,-0.841797,0.317139,0.246826,21.591185,-37.399292,23.620604,0.9328035210085777
21.02,-0.885986,0.294922,0.347412,2.76947,-7.492065,2.761841,0.9963158515370515
21.03,-0.940918,0.298584,0.32666,-12.046813,2.63977,13.313293,1.0398008671760186
21.04,-0.889648,0.255615,0.325684,-18.173218,7.881164,21.453856,0.9812658457242869
21.05,-0.904541,0.229248,0.383057,-11.413573,14.625548,16.410828,1.008702994658983
21.06,-0.996338,0.308838,0.442383,-0.328064,17.929077,10.932921,1.1330370864084722
21.07,-1.001953,0.404297,0.470947,-0.198364,14.465331,11.215209,1.178625027405663
21.08,-0.971191,0.40918,0.487549,-8.110046,8.605957,13.740539,1.1611822674679457
21.09,-0.930176,0.358154,0.445313,-12.512206,10.421752,17.105103,1.0916983771449877
21.1,-0.875244,0.296631,0.397461,-12.001037,26.05438,20.744322,1.0059906839618347
21.11,-0.805664,0.238525,0.425781,-9.45282,50.628658,17.150879,0.9419544131655205
21.12,-0.805908,0.219971,0.483154,-4.959106,66.040039,6.210327,0.965045456453218
21.13,-0.878418,0.258789,0.442627,-3.410339,68.099976,3.181457,1.017107954139579
21.14,-0.94458,0.266357,0.394775,-4.890442,62.011715,17.38739,1.0578396515890298
21.15,-0.975342,0.208984,0.460205,-7.522583,47.866817,26.100157,1.09852399666325
21.16,-0.974609,0.193115,0.467529,-7.202148,27.183531,18.569946,1.0980616885890335
21.17,-0.950928,0.285889,0.425537,-0.267029,9.498596,13.534545,1.0803139913349267
21.18,-0.976807,0.405273,0.435791,5.485534,-0.320435,16.63208,1.143814633347117
21.19,-0.975342,0.457764,0.534668,7.17926,1.777649,22.644041,1.2027924870417175
21.2,-0.873291,0.470215,0.608887,8.232117,14.808654,26.756285,1.163822450236719
21.21,-0.820313,0.456299,0.52417,2.433777,25.55084,21.163939,1.0751169165583807
21.22,-0.946289,0.35376,0.392822,-9.162903,18.844604,10.154723,1.0839364062549979
21.23,-1.039063,0.246582,0.356445,-8.628845,-1.213074,7.057189,1.1258364173884232
21.24,-0.898926,0.257568,0.346436,4.951477,-15.762328,9.002686,0.9972096721331979
21.25,-0.777588,0.345459,0.297607,15.007018,-19.821167,7.003784,0.9014182962831406
21.26,-0.781494,0.421631,0.262695,15.098571,-7.446289,8.81958,0.9260206451381092
21.27,-0.774902,0.437744,0.244629,7.942199,17.64679,16.777039,0.9230039364926891
21.28,-0.763428,0.407715,0.136963,-1.075745,39.703369,20.530699,0.8762492201297528
21.29,-0.783691,0.389404,0.007813,-5.332946,60.111996,19.119263,0.8751389042123542
21.3,-0.821777,0.373291,-0.026123,-4.341125,82.588188,15.815734,0.9029651264246034
21.31,-0.86792,0.353027,0.036621,-0.556946,88.928215,4.394531,0.9376856012384961
21.32,-0.921631,0.361572,0.090576,0.892639,65.460205,-11.802672,0.994153923253839
21.33,-0.883789,0.38501,0.127197,-1.12915,30.990599,-20.1416,0.9723655554522692
21.34,-0.63916,0.37085,0.172363,-3.173828,8.277893,-21.01898,0.7587912966481626
21.35,-0.352783,0.352783,0.106689,-0.617981,-0.946045,-18.692017,0.5101903888736047
21.36,-0.262207,0.385742,0.046143,9.223938,11.535644,-12.5885,0.468698813591415
21.37,-0.469482,0.451416,0.012207,24.749754,44.677731,1.365662,0.6514128984208095
21.38,-0.843262,0.508301,0.068848,36.422729,81.619255,11.245727,0.987016086165266
21.39,-1.169189,0.499512,0.159912,28.869627,93.238823,-1.853943,1.2814394264299036
21.4,-1.447998,0.434814,0.200684,3.219604,66.27655,-32.402039,1.52513458109637
21.41,-1.441162,0.367188,0.244873,-23.490904,15.762328,-68.580627,1.5072284908788716
21.42,-1.270752,0.335205,0.244873,-32.12738,-38.330078,-88.829033,1.3368379945445896
21.43,-1.259766,0.427246,0.146484,-22.132872,-67.779541,-71.006775,1.3382851271414473
21.44,-1.291504,0.568604,0.113037,-14.488219,-58.700558,-34.988403,1.4156519537658259
21.45,-1.223145,0.601074,0.214111,-12.596129,-22.338865,-4.425049,1.3795713699631489
21.46,-1.186279,0.465576,0.469727,-5.210876,19.15741,18.959045,1.3581834677781939
21.47,-1.224121,0.190186,0.668701,2.159119,30.227659,9.315491,1.4077655929301582
21.48,-1.23999,-0.008057,0.460693,10.993957,-3.570556,-26.748655,1.3228296018754644
21.49,-1.208984,0.026123,0.135498,32.226563,-59.585567,-43.006893,1.2168337731132384
21.5,-1.101074,0.255371,0.134033,55.90057,-102.561943,-28.57971,1.1382192873985224
21.51,-0.962402,0.501221,0.341064,55.39703,-120.544426,-8.087158,1.1374378016142246
21.52,-0.873779,0.522217,0.434814,26.679991,-114.395134,-2.510071,1.10691623464741
21.53,-0.891846,0.287598,0.398926,-4.188538,-90.621941,-6.034851,1.0184516929123344
21.54,-0.919189,0.109619,0.388672,-6.340026,-62.95776,-9.429932,1.0039873836189377
21.55,-0.888916,0.093506,0.445313,8.857727,-39.535522,-15.136718,0.9986083792263112
21.56,-0.920654,0.130127,0.47876,15.762328,-22.3999,-20.744322,1.0458240585514373
21.57,-0.979736,0.19165,0.455322,14.259337,-11.70349,-26.458738,1.0972376569731828
21.58,-0.958008,0.277344,0.428467,12.863158,-5.28717,-22.468565,1.0854874446482556
21.59,-0.920166,0.340088,0.375,10.055541,-4.318237,-12.565612,1.0502334575226595
21.6,-0.977295,0.352539,0.329346,6.309509,-7.843017,-8.918762,1.089889008689417
21.61,-1.001709,0.334229,0.355225,7.995605,-13.59558,-13.946532,1.1141430544355602
21.62,-0.938721,0.356689,0.298828,16.609192,-26.329039,-19.958496,1.047722449958003
21.63,-0.935059,0.402588,0.185059,19.561768,-39.375305,-17.951965,1.0347266618320028
21.64,-1.09082,0.400391,0.140381,13.069152,-51.895138,-11.306762,1.1704307115083745
21.65,-1.181885,0.318848,0.219727,8.460999,-72.608948,-12.649535,1.243702599039658
21.66,-1.020996,0.220947,0.261719,14.526366,-93.803398,-18.089294,1.0769156159077646
21.67,-0.810059,0.212646,0.196289,17.425537,-102.180473,-21.324156,0.8601995561019548
21.68,-0.784668,0.241943,0.218018,15.99121,-87.944023,-14.083861,0.8495717355214921
21.69,-0.869385,0.2229,0.363525,28.549192,-64.239502,-11.558532,0.9683310972234652
21.7,-0.887939,0.203613,0.467529,39.047241,-41.313168,-23.147581,1.0239517993201632
21.71,-0.943604,0.233398,0.55542,43.350216,-25.039671,-31.028746,1.1195331668244581
21.72,-1.031738,0.324219,0.713379,38.879395,-15.510558,-37.918091,1.2955735634250953
21.73,-0.951904,0.345215,0.758545,25.93231,-0.839233,-50.575253,1.26518185983913
21.74,-0.802246,0.313232,0.729248,24.574278,14.938354,-50.529476,1.1285014735674916
21.75,-0.753174,0.274902,0.667969,26.962278,10.871886,-39.970398,1.0435634953566553
21.76,-0.770752,0.26709,0.535156,24.627684,0.282288,-31.120298,0.9755960526467908
21.77,-0.802734,0.268066,0.38623,21.438597,3.974914,-30.97534,0.9302767695755925
21.78,-0.869873,0.249023,0.264893,19.378662,18.65387,-36.521912,0.9427936105569448
21.79,-0.991699,0.223633,0.185059,20.126341,28.19824,-40.245052,1.0333080173747806
21.8,-1.0896,0.24707,0.196289,22.392271,23.757933,-42.152401,1.1343725650865326
21.81,-1.053711,0.284668,0.280273,21.858213,13.771056,-42.396542,1.1268964887131383
21.82,-0.962646,0.269531,0.360352,20.294188,7.377624,-41.419979,1.0626325071166418
21.83,-0.918701,0.25415,0.444336,24.520872,5.882263,-41.084286,1.0516835221667211
21.84,-0.928467,0.246582,0.51001,25.733946,2.975464,-44.044491,1.0876414174317748
21.85,-0.972168,0.191162,0.530273,20.324705,-4.043579,-47.721859,1.1237628686680299
21.86,-0.984863,0.143066,0.503174,15.922545,-8.178711,-49.903866,1.115171324685584
21.87,-1.005859,0.116455,0.484619,13.282775,-9.414673,-50.97961,1.122572790542778
21.88,-1.036865,0.097168,0.474854,8.888245,-13.85498,-52.467342,1.1445597274782124
21.89,-1.04126,0.08252,0.459229,4.890442,-21.430967,-53.031918,1.141018497852248
21.9,-1.029053,0.080322,0.444336,1.655578,-28.320311,-53.466793,1.1237598415092969
21.91,-1.005371,0.084961,0.460449,-3.051758,-31.066893,-54.214474,1.1090547780713989
21.92,-0.986328,0.087402,0.484375,-8.323669,-30.838011,-56.953426,1.1023162766706296
21.93,-1.015137,0.089355,0.421143,-14.938354,-27.908323,-62.774654,1.102655372835502
21.94,-1.106934,0.066162,0.308594,-19.500732,-24.833677,-67.115784,1.1510475869554655
21.95,-1.10791,0.02002,0.261963,-19.439697,-26.542662,-70.991516,1.1386351399236718
21.96,-1.01416,0.003906,0.292969,-15.251159,-27.236937,-69.007874,1.055635636664943
21.97,-0.953125,-0.002197,0.345947,-12.222289,-23.109434,-60.531612,1.0139681549452133
21.98,-0.971436,-0.05957,0.349121,-10.086059,-14.86206,-56.900021,1.0339835393452836
21.99,-0.981934,-0.102051,0.234619,-7.896423,-10.482787,-65.010071,1.0147191050325208
22.0,-0.968018,-0.094727,0.132813,-7.591247,-17.524719,-72.20459,0.9816676351097657
22.01,-0.874756,-0.066162,0.140137,-10.498046,-21.14105,-68.588257,0.8883770869112957
22.02,-0.698486,-0.147705,0.147949,-15.1062,-12.344359,-65.910339,0.7291010669461402
22.03,-0.696045,-0.217285,0.06958,-15.136718,-6.195068,-74.653625,0.7324839859341636
22.04,-0.807861,-0.179688,0.126221,-18.730164,-2.471924,-79.75769,0.8371731681713169
22.05,-0.85498,-0.180908,0.215088,-25.588987,0.717163,-72.669983,0.8999896402781534
22.06,-0.847656,-0.187988,0.211426,-23.803709,8.804321,-66.65802,0.89362247954939
22.07,-0.842285,-0.169678,0.269531,-20.195005,31.249998,-64.529419,0.9004896472864082
22.08,-0.818604,-0.23877,0.276367,-24.574278,66.673279,-65.635681,0.8963829206343682
22.09,-0.817627,-0.319824,0.215576,-23.628233,94.764702,-72.654724,0.9040322526774142
22.1,-0.827881,-0.287354,0.176514,-21.347044,107.482903,-75.416565,0.8939331427310434
22.11,-0.819336,-0.274658,0.193848,-22.987364,105.087273,-70.968628,0.8856215585474418
22.12,-0.759766,-0.308594,0.208496,-18.844604,94.207756,-70.320129,0.8461354581909447
22.13,-0.664795,-0.321777,0.176758,-16.479492,79.01001,-79.51355,0.759431511275375
22.14,-0.639893,-0.327881,0.095947,-26.000975,54.687496,-93.0252,0.7253790929017737
22.15,-0.694824,-0.364258,0.052979,-39.665222,18.318176,-103.553764,0.7863021403894307
22.16,-0.710938,-0.42334,0.083984,-49.545284,-26.359556,-110.427849,0.8316867846130537
22.17,-0.631348,-0.413818,0.08252,-60.920712,-69.05365,-113.220207,0.7593781565386247
22.18,-0.525635,-0.415771,0.045898,-82.588188,-100.746147,-114.852898,0.6717620888901069
22.19,-0.440186,-0.50708,0.018799,-104.888908,-120.262138,-115.722649,0.6717493903212716
22.2,-0.364502,-0.588867,0.014893,-111.579887,-120.986931,-107.536308,0.6927105117882939
22.21,-0.369629,-0.593506,0.056885,-104.049675,-99.670403,-86.990349,0.7015061460186931
22.22,-0.47583,-0.567871,0.099609,-99.884026,-70.94574,-71.182251,0.7475383698660557
22.23,-0.585205,-0.56665,0.094727,-100.708,-52.230831,-70.396423,0.820079458987969
22.24,-0.644775,-0.556152,0.095215,-98.014824,-44.868465,-75.965881,0.856799710523994
22.25,-0.658691,-0.515137,0.125488,-94.749443,-43.281551,-81.039421,0.8455691576648241
22.26,-0.664307,-0.474121,0.169922,-97.06115,-46.089169,-86.822502,0.8336474068657563
22.27,-0.681152,-0.470947,0.162109,-103.881828,-53.604122,-94.833366,0.8438237089546607
22.28,-0.709473,-0.467041,0.118652,-113.288872,-67.54303,-103.591911,0.8576465067345637
22.29,-0.736328,-0.485596,0.13916,-126.655571,-85.105888,-111.389153,0.8929433937266125
22.3,-0.743408,-0.530762,0.188232,-142.204285,-101.051323,-118.240349,0.9326280292442426
22.31,-0.730957,-0.581787,0.249268,-158.866882,-113.151543,-124.877922,0.9669068130083684
22.32,-0.733154,-0.651611,0.327637,-175.346359,-119.73571,-129.142761,1.0341458730788418
22.33,-0.828369,-0.742432,0.356689,-188.232407,-123.611443,-130.714417,1.168172725886887
22.34,-0.990234,-0.756348,0.358887,-202.827438,-128.097534,-133.19397,1.2966979411678727
22.35,-1.068604,-0.756592,0.389893,-223.907455,-139.167786,-134.490967,1.3661487893816693
22.36,-1.070068,-0.807861,0.435303,-239.021286,-159.362793,-130.012512,1.4096714587995318
22.37,-1.101318,-0.840088,0.512939,-235.221848,-180.068954,-111.633293,1.477076708430879
22.38,-1.085693,-0.910645,0.529053,-247.238144,-188.522324,-111.900322,1.512580802166615
22.39,-1.118896,-1.094482,0.368164,-249.992355,-192.787155,-127.944939,1.6079066633470986
22.4,-1.18042,-1.122314,0.363281,-249.839767,-195.442184,-125.106804,1.6688178977818402
22.41,-1.244873,-1.095703,0.442627,-249.900803,-204.170212,-109.886162,1.7164476430893545
22.42,-1.336182,-1.044189,0.471191,-249.992355,-224.929794,-105.682365,1.7600380573516017
22.43,-1.365479,-0.978027,0.474121,-249.992355,-249.992355,-107.429497,1.7452393631851764
22.44,-1.355225,-0.914795,0.457275,-249.992355,-249.992355,-99.472038,1.6978177517846254
22.45,-1.350342,-0.947266,0.435547,-249.992355,-249.587997,-92.544548,1.7060004633437238
22.46,-1.29126,-1.058594,0.393066,-249.992355,-249.954208,-83.625786,1.7153642542597187
22.47,-1.084961,-1.165039,0.288086,-249.992355,-249.992355,-76.10321,1.6178534502352182
22.48,-0.807617,-1.258545,0.20752,-249.916061,-249.992355,-73.005676,1.5097169556291008
22.49,-0.612549,-1.30835,0.233398,-232.719406,-249.992355,-68.54248,1.4633764472291468
22.5,-0.509277,-1.315918,0.226563,-193.313583,-249.992355,-54.946896,1.4291025290097277
22.51,-0.440674,-1.298584,0.164307,-155.754089,-249.992355,-38.299561,1.3811266305379097
22.52,-0.336426,-1.27832,0.087891,-119.033806,-249.992355,-28.259275,1.3247676414213172
22.53,-0.286133,-1.226074,0.029053,-79.673767,-249.992355,-21.179197,1.2593544473157667
22.54,-0.30957,-1.155029,-0.034912,-48.042294,-249.992355,-13.526916,1.1963044861092014
22.55,-0.330811,-1.115234,-0.094482,-27.542112,-249.992355,-10.398864,1.1670945295052153
22.56,-0.318848,-1.106934,-0.168457,-10.0708,-249.992355,-12.603759,1.1641927195739545
22.57,-0.29126,-1.104492,-0.23999,9.475708,-249.992355,-13.015746,1.1671890017319388
22.58,-0.267334,-1.100342,-0.275391,30.029295,-249.992355,-12.367248,1.1653583944010528
22.59,-0.215576,-1.111572,-0.271973,48.431393,-249.992355,-11.680602,1.1644890019613752
22.6,-0.13916,-1.129883,-0.234863,65.742493,-249.992355,-10.284423,1.162394824514459
22.61,-0.066406,-1.119629,-0.165527,82.809441,-249.992355,-6.568908,1.1337451398819753
22.62,0.004883,-1.057129,-0.12207,96.183769,-249.992355,1.014709,1.0641647669557568
22.63,0.02832,-0.960938,-0.075928,104.324333,-249.992355,13.381957,0.9643489635126903
22.64,0.044189,-0.914795,-0.022217,102.127068,-249.992355,26.870726,0.9161310795050018
22.65,0.056152,-0.942627,0.002441,91.964714,-249.992355,36.361694,0.9443011525535697
22.66,0.041748,-0.994629,0.025635,83.732597,-249.992355,46.119686,0.9958347736296418
22.67,0.030029,-0.979492,0.095947,83.641045,-249.992355,61.714169,0.9846380785415523
22.68,0.07666,-0.892578,0.147217,81.161491,-249.992355,73.71521,0.9078794450658083
22.69,0.074463,-0.81665,0.177734,71.06781,-249.992355,79.681396,0.839077669602165
22.7,0.00415,-0.822266,0.207275,58.479305,-249.992355,87.120049,0.8479985394332942
22.71,-0.079102,-0.852783,0.227295,46.249386,-249.992355,97.68676,0.8860919752023488
22.72,-0.129395,-0.851074,0.229004,35.247803,-249.992355,101.707451,0.8907933831798482
22.73,-0.13501,-0.824707,0.211914,25.154112,-248.67247,94.009392,0.8621350702442163
22.74,-0.125977,-0.795898,0.162842,15.151977,-229.385361,87.47863,0.8220957048282151
22.75,-0.150635,-0.760254,0.10791,10.017395,-200.103745,90.026848,0.7825098183671563
22.76,-0.238037,-0.714355,0.104004,9.94873,-177.60466,98.31237,0.7601194060211856
22.77,-0.335205,-0.703369,0.101074,5.91278,-159.477234,103.973381,0.7856884214890786
22.78,-0.390625,-0.756104,0.053955,-3.677368,-148.5672,99.250786,0.8527557044464728
22.79,-0.387207,-0.838867,-0.009033,-11.787414,-145.6604,88.371269,0.9239635813315371
22.8,-0.341553,-0.885986,-0.043457,-12.191772,-146.842957,80.886833,0.9505357199253482
22.81,-0.278076,-0.866211,-0.052002,-7.293701,-147.590637,77.972412,0.9112365040432697
22.82,-0.227295,-0.813721,-0.034912,-2.89917,-146.118164,78.315735,0.8455907583518165
22.83,-0.207764,-0.804932,0.025391,-4.081726,-140.823364,83.892815,0.8317007317545176
22.84,-0.200195,-0.898926,0.067139,-12.153625,-131.561279,90.705864,0.9233924608864857
22.85,-0.195068,-1.020264,0.072021,-19.14978,-120.399467,93.177788,1.0412382910558948
22.86,-0.174072,-1.078125,0.064209,-19.386292,-106.750481,93.971245,1.0939732046489987
22.87,-0.159424,-1.05542,0.083008,-14.60266,-93.818657,98.899834,1.0706155781792082
22.88,-0.176514,-1.024658,0.109863,-12.96997,-82.290642,105.400078,1.045538659222604
22.89,-0.19751,-1.096436,0.125488,-17.974854,-72.288513,112.014763,1.1211286011604555
22.9,-0.197754,-1.314697,0.10791,-25.138853,-64.109802,120.216362,1.3338588435156848
22.91,-0.197266,-1.564209,0.048828,-26.603697,-58.731075,127.494804,1.5773546982277002
22.92,-0.220703,-1.683105,0.032227,-19.111633,-54.054256,130.4245,1.6978194352648341
22.93,-0.254395,-1.624268,0.086426,-9.712219,-47.8363,131.484985,1.6463392133230015
22.94,-0.300049,-1.517334,0.162842,-9.742737,-42.076107,130.691528,1.5552650535908663
22.95,-0.332764,-1.477783,0.194824,-19.203186,-39.558411,130.805969,1.5272625398931907
22.96,-0.357666,-1.44165,0.186523,-27.008055,-41.702267,135.2005,1.4970205474825655
22.97,-0.358398,-1.330811,0.198242,-29.472349,-47.317501,136.680603,1.3924104763642795
22.98,-0.3479,-1.201904,0.228271,-32.516479,-56.175228,136.474609,1.2718943685137536
22.99,-0.332764,-1.098877,0.222656,-37.910461,-70.831299,136.84845,1.1695461663230742
23.0,-0.323975,-1.040527,0.203857,-42.366024,-93.559258,137.947083,1.1086991994238113
23.01,-0.350586,-0.977295,0.184814,-42.747494,-127.54821,143.249512,1.0545957875020173
23.02,-0.371338,-0.906738,0.188477,-42.144772,-170.051559,150.093079,0.9977922080358215
23.03,-0.351074,-0.865234,0.194336,-43.67065,-212.676987,153.465271,0.9537553717426707
23.04,-0.303223,-0.86792,0.19165,-47.142025,-247.245773,154.571533,0.9391267415152228
23.05,-0.268555,-0.937744,0.220215,-48.652645,-249.992355,157.501221,0.999990121844211
23.06,-0.262451,-1.040527,0.247803,-46.371456,-249.595627,162.902817,1.1013552069786567
23.07,-0.263916,-1.149902,0.233887,-47.973629,-249.877914,161.72789,1.202759075388334
23.08,-0.197998,-1.287354,0.177734,-50.117489,-249.992355,149.520874,1.3145618677247566
23.09,-0.079834,-1.342773,0.11084,-40.061951,-249.992355,138.214111,1.3497030424078476
23.1,-0.018311,-1.241455,0.072998,-26.100157,-249.992355,130.615234,1.2437341025114652
23.11,-0.044189,-1.106689,0.085205,-22.850035,-249.992355,116.050713,1.1108434194192267
23.12,-0.121582,-1.032227,0.114746,-19.859314,-249.992355,105.888359,1.0456774869762664
23.13,-0.169678,-1.017578,0.164307,-11.95526,-249.992355,104.515068,1.044630269529368
23.14,-0.166748,-1.059082,0.195313,-3.532409,-249.992355,97.801201,1.0897737132987748
23.15,-0.141602,-1.083496,0.188477,0.511169,-240.127548,84.037773,1.10884547523494
23.16,-0.112061,-1.04834,0.179688,-0.518799,-210.411057,72.868347,1.0695149370929795
23.17,-0.08374,-0.991211,0.209717,-5.928039,-180.732712,68.115234,1.0166085058713605
23.18,-0.036865,-0.963135,0.236816,-10.94818,-149.07074,62.70599,0.9925068636064941
23.19,0.003662,-0.937256,0.247803,-10.56671,-114.120476,60.974117,0.9694681771925265
23.2,-0.009033,-0.888672,0.252197,-6.729125,-82.023613,60.195919,0.9238088793045887
23.21,-0.062256,-0.802979,0.286865,-8.720398,-56.343075,58.883663,0.8549518186436005
23.22,-0.116943,-0.77417,0.368652,-17.555237,-37.979126,61.248775,0.8654011504805156
23.23,-0.132568,-0.802734,0.416992,-22.766111,-24.330137,61.94305,0.9142420234511209
23.24,-0.11499,-0.831543,0.450928,-23.03314,-11.276244,60.264584,0.9529021576914389
23.25,-0.12207,-0.83667,0.480957,-22.422789,0.602722,58.769222,0.9727473513965484
23.26,-0.161865,-0.833984,0.48999,-22.216795,7.118225,56.243893,0.9807241154274733
23.27,-0.214355,-0.83667,0.489502,-23.963926,3.318786,53.070065,0.992762289235948
23.28,-0.242676,-0.859863,0.496826,-27.778624,-10.19287,48.614498,1.022297458678735
23.29,-0.226563,-0.890625,0.495117,-30.517576,-25.711058,42.587276,1.043879555927311
23.3,-0.189941,-0.89624,0.47168,-31.188963,-38.772583,35.049438,1.030439587497006
23.31,-0.178711,-0.87915,0.430908,-32.012939,-49.392696,27.175901,0.9952507465382782
23.32,-0.18335,-0.868164,0.384277,-32.615662,-58.753963,19.950867,0.966951273914565
23.33,-0.185547,-0.878174,0.35083,-30.418394,-66.886902,13.290404,0.9636902782455575
23.34,-0.160889,-0.903809,0.341797,-25.230406,-71.624756,6.896972,0.9795821394916303
23.35,-0.125,-0.947266,0.318115,-19.828796,-69.648743,1.235962,1.0070427140796958
23.36,-0.081543,-1.000488,0.286377,-14.411925,-58.616634,-4.180908,1.0438569275154523
23.37,-0.033936,-1.03125,0.257324,-6.950378,-38.101196,-8.903503,1.06341142347259
23.38,-0.004395,-1.019287,0.242432,2.906799,-10.093688,-12.130736,1.0477302033529434
23.39,0.006836,-0.998291,0.233643,11.360168,22.811888,-15.060424,1.025290545663033
23.4,-0.003418,-1.013916,0.207031,16.136169,57.800289,-17.272949,1.034842583556069
23.41,-0.032959,-1.092529,0.134033,16.372681,93.177788,-19.485474,1.1012133111305005
23.42,-0.060791,-1.203369,0.035889,15.48767,129.890442,-23.658751,1.2054378939468426
23.43,-0.068848,-1.259277,-0.04834,21.064756,168.594345,-30.036924,1.2620837394693745
23.44,-0.070068,-1.210938,-0.088867,35.568237,207.374557,-35.369873,1.2162144992381072
23.45,-0.08252,-1.105225,-0.095215,50.140377,242.50029,-36.247253,1.1123838129216013
23.46,-0.106934,-1.028076,-0.11377,57.151791,249.992355,-35.255432,1.0398647772821235
23.47,-0.143066,-1.014404,-0.162842,57.838436,249.855026,-34.896851,1.0373046189697606
23.48,-0.187256,-1.075439,-0.239014,54.237362,249.771103,-36.575317,1.1174799973391023
23.49,-0.233643,-1.212402,-0.293701,47.8363,249.992355,-42.549129,1.2691603281122523
23.5,-0.26709,-1.371094,-0.327881,43.968197,249.992355,-52.330013,1.4348316190748656
23.51,-0.294434,-1.452637,-0.342285,46.722408,249.992355,-56.930538,1.521185279757203
23.52,-0.341064,-1.414795,-0.307861,52.482601,249.992355,-55.404659,1.4875308196612265
23.53,-0.437012,-1.277588,-0.207275,51.696774,249.992355,-58.532711,1.3660796138999365
23.54,-0.501465,-1.196045,-0.076904,39.077759,249.992355,-68.519592,1.299193986079831
23.55,-0.557129,-1.111328,0.058838,23.941038,249.992355,-78.132629,1.2445499413318053
23.56,-0.634277,-0.985352,0.199463,9.796143,249.992355,-88.49334,1.1887015458061794
23.57,-0.709473,-0.835205,0.331055,-4.577637,249.382004,-97.526543,1.1447780321001098
23.58,-0.767334,-0.663818,0.448242,-21.911619,223.068222,-106.224052,1.1092234649717791
23.59,-0.785889,-0.527344,0.524658,-43.128963,165.924057,-114.265434,1.0821179379443813
23.6,-0.760986,-0.45459,0.555908,-66.116333,107.627861,-117.256157,1.0463199628985391
23.61,-0.703857,-0.432129,0.516846,-90.240471,49.865719,-115.760796,0.9743099798349599
23.62,-0.609619,-0.462158,0.421875,-113.677971,-5.798339,-114.265434,0.8736153946388536
23.63,-0.46167,-0.556641,0.282715,-130.126953,-55.488583,-109.802238,0.7764767626954461
23.64,-0.35498,-0.657959,0.1604,-133.995056,-96.694939,-96.336357,0.7646234407085621
23.65,-0.319336,-0.736572,0.032227,-134.666443,-128.868103,-86.494438,0.8034627381584039
23.66,-0.270996,-0.841064,-0.12085,-137.008667,-151.855469,-84.747307,0.8918700615067198
23.67,-0.24585,-0.985352,-0.197754,-139.549255,-165.809616,-75.279236,1.0346339598717993
23.68,-0.246094,-1.124023,-0.234619,-134.437561,-172.004684,-65.727234,1.174323650671313
23.69,-0.258789,-1.184814,-0.260986,-112.602226,-171.737656,-62.026974,1.2405118513391962
23.7,-0.285889,-1.173096,-0.250244,-80.986015,-169.700607,-61.561581,1.2330891310335192
23.71,-0.267334,-1.158936,-0.215332,-54.237362,-162.704453,-65.322876,1.2087050880491899
23.72,-0.192871,-1.175293,-0.177246,-33.729553,-145.599365,-70.770264,1.204129977621187
23.73,-0.091309,-1.216797,-0.144043,-16.88385,-113.746635,-73.875427,1.2286906276760639
23.74,-0.002686,-1.268555,-0.131104,-0.213623,-68.214417,-70.69397,1.2753145735217646
23.75,0.110107,-1.324219,-0.066406,20.957945,-5.043029,-66.162109,1.3304470182032804
23.76,0.177246,-1.353516,0.018799,44.532772,73.608398,-51.544186,1.3652014903203848
23.77,0.103271,-1.30835,0.068359,62.843319,159.01947,-23.872374,1.3141984533631135
23.78,-0.064453,-1.212646,0.12793,71.228027,236.938461,0.923157,1.2210776369359158
23.79,-0.234619,-1.128662,0.203125,71.159363,249.992355,15.190124,1.1705484829899186
23.8,-0.362061,-1.061035,0.245605,66.879272,249.473557,27.580259,1.1476956281919872
23.81,-0.45459,-0.977051,0.252197,64.77356,249.572739,41.198727,1.1067447996308815
23.82,-0.51709,-0.873779,0.25,65.52124,249.992355,54.38995,1.045644207625615
23.83,-0.557861,-0.765381,0.25415,64.14032,249.992355,66.558838,0.9806167411287653
23.84,-0.605225,-0.677002,0.237305,56.747433,249.984726,74.951172,0.9385854631593226
23.85,-0.658691,-0.624512,0.21167,43.586727,249.992355,76.301575,0.9320371561933569
23.86,-0.7146,-0.625977,0.168457,25.703428,249.992355,69.229126,0.9648202554766354
23.87,-0.76123,-0.676025,0.106445,6.92749,249.04631,53.298946,1.0236266172535764
23.88,-0.767822,-0.749512,0.056152,-6.286621,214.614853,27.717588,1.0744635447198756
23.89,-0.715576,-0.816895,0.018311,-10.398864,144.218445,-1.533508,1.086140757693035
23.9,-0.656494,-0.821777,-0.007324,-7.8125,80.978386,-25.161741,1.051834326660335
23.91,-0.619385,-0.777344,0.011719,-6.019592,27.580259,-42.79327,0.9940014122334032
23.92,-0.595947,-0.751709,0.057129,-8.987427,-16.235352,-53.901669,0.9609802131839136
23.93,-0.585938,-0.771484,0.079102,-13.938903,-50.60577,-56.640621,0.9719917841751543
23.94,-0.584473,-0.819092,0.05835,-18.112183,-77.568054,-56.465145,1.0079311061243224
23.95,-0.564697,-0.86499,0.030029,-19.210815,-99.143974,-60.447689,1.0334370531145087
23.96,-0.52832,-0.888916,0.025391,-18.180847,-116.493217,-68.077087,1.0343782578616973
23.97,-0.482666,-0.898682,0.04126,-16.784668,-127.181999,-78.109741,1.0209300623842947
23.98,-0.435059,-0.914063,0.075195,-17.173767,-129.386902,-86.372368,1.0151067872273338
23.99,-0.397705,-0.965332,0.112061,-20.51544,-124.511711,-90.698235,1.0500441919128927
24.0,-0.363281,-1.041748,0.14209,-23.391722,-114.555351,-92.117302,1.1123855215549148
24.01,-0.335938,-1.086426,0.192139,-23.391722,-100.646965,-90.606682,1.153296661159218
24.02,-0.30957,-1.094482,0.22876,-24.314878,-84.350578,-86.84539,1.1601963501166515
24.03,-0.269775,-1.112549,0.256836,-27.412413,-66.757202,-78.00293,1.1732470153049612
24.04,-0.236084,-1.201904,0.289551,-34.27124,-47.45483,-64.544678,1.2586296762245042
24.05,-0.240967,-1.324219,0.354492,-43.960567,-27.481077,-51.002499,1.3918640857188607
24.06,-0.234131,-1.457031,0.35083,-56.709286,-9.605408,-39.146423,1.5168514591158886
24.07,-0.279297,-1.604492,0.26416,-61.096188,2.822876,-22.583006,1.649903602600164
24.08,-0.390625,-1.650879,0.178467,-47.554012,1.76239,-7.530212,1.7058252646021514
24.09,-0.475098,-1.560303,0.116211,-24.688719,-20.523069,3.196716,1.6351662172189103
24.1,-0.488037,-1.404541,0.038574,-1.937866,-56.03027,10.871886,1.4874150353973163
24.11,-0.431885,-1.241943,-0.032715,19.546509,-89.843742,14.846801,1.3153012353445883
24.12,-0.364502,-1.082275,-0.075439,38.581848,-116.973869,18.890381,1.1444963636246295
24.13,-0.317383,-0.940674,-0.092041,53.497311,-137.680054,25.077818,0.9970311372499858
24.14,-0.283203,-0.824219,-0.085938,63.919064,-153.076172,30.97534,0.875743249482404
24.15,-0.263916,-0.744141,-0.07666,69.602966,-164.779648,35.453796,0.7932680748252763
24.16,-0.232422,-0.714111,-0.076904,73.677063,-173.011765,37.414551,0.7549097506463937
24.17,-0.190674,-0.718018,-0.065918,78.132629,-177.528366,38.742065,0.7458227707196933
24.18,-0.161865,-0.742676,-0.042725,83.007805,-178.176865,39.215088,0.761310281571187
24.19,-0.140625,-0.783936,0.006348,87.554924,-175.277695,38.482666,0.796474318371283
24.2,-0.11792,-0.866943,0.029053,88.973991,-169.006332,35.018921,0.8754081153713392
24.21,-0.092285,-0.974121,0.027832,90.789787,-158.912659,30.380247,0.9788783704270925
24.22,-0.030273,-1.064697,0.033691,97.801201,-141.418457,28.472898,1.0656600019795244
24.23,0.032227,-1.116211,0.049316,109.168999,-115.07415,29.022215,1.1177645744547464
24.24,0.069092,-1.109863,0.108643,118.247978,-80.383293,28.70941,1.1173060837040136
24.25,0.080811,-1.151123,0.139648,118.164055,-39.405823,28.129576,1.1623752159926672
24.26,0.06543,-1.243408,0.11084,114.494316,2.502441,35.102844,1.2500520169032967
24.27,0.033936,-1.276123,0.064453,115.95916,45.242306,42.854305,1.2782002004514001
24.28,0.0,-1.210938,0.029053,120.658867,88.935844,47.622677,1.2112864717534824
24.29,-0.054443,-1.109619,0.004639,122.940056,129.074097,52.856441,1.110963494328684
24.3,-0.127441,-1.043945,-0.023926,121.192924,159.736633,60.203548,1.0519671216259565
24.31,-0.193848,-1.023926,-0.046143,117.797844,177.421555,69.007874,1.0431350233929448
24.32,-0.206299,-1.014404,-0.046875,112.55645,187.469467,72.33429,1.0362297130665574
24.33,-0.192139,-1.006836,-0.039063,104.774467,194.778427,73.013306,1.0257495036245448
24.34,-0.199463,-0.991943,-0.016357,95.458977,198.448166,76.072693,1.0119308054738725
24.35,-0.219727,-0.975342,0.02124,84.762566,196.63237,79.223633,1.000011554479747
24.36,-0.231201,-0.960693,0.049316,73.295593,188.499435,81.008904,0.9893518133131409
24.37,-0.227295,-0.942383,0.074463,61.279293,175.277695,81.512444,0.9722620398241413
24.38,-0.219971,-0.918701,0.095215,49.751278,159.812927,80.780022,0.9494549301925815
24.39,-0.230957,-0.88623,0.115479,39.863586,143.417358,79.444885,0.923081875128095
24.4,-0.249268,-0.859619,0.119141,30.143736,125.389091,77.087402,0.9029252122219203
24.41,-0.279053,-0.850098,0.106934,19.218445,104.949944,72.059631,0.9010949266137281
24.42,-0.318359,-0.865967,0.090332,8.19397,80.879204,63.96484,0.9270443183548455
24.43,-0.334717,-0.882324,0.075684,-0.091553,53.459164,53.581234,0.9467096592519799
24.44,-0.319092,-0.879883,0.065918,-4.707336,26.138304,42.594906,0.9382744699057947
24.45,-0.273682,-0.859131,0.066162,-7.148742,3.372192,31.555174,0.9040936469907307
24.46,-0.225098,-0.8479,0.047119,-9.872437,-10.269164,21.40045,0.8785349849408388
24.47,-0.202881,-0.864746,0.005859,-12.329101,-15.014647,12.283324,0.888245840158005
24.48,-0.190918,-0.890625,-0.038086,-12.741088,-13.259887,2.922058,0.9116540554097261
24.49,-0.168945,-0.903076,-0.05835,-10.711669,-6.988525,-7.469177,0.9205940458752707
24.5,-0.146973,-0.904053,-0.054199,-7.064819,2.838135,-17.807007,0.9175240711496346
24.51,-0.12085,-0.894287,-0.029785,-3.158569,15.830993,-27.015684,0.9029070312573715
24.52,-0.087646,-0.878174,-0.00415,-0.350952,32.852173,-36.003113,0.8825466662403751
24.53,-0.064941,-0.86377,0.020508,-0.221252,55.076595,-44.860836,0.8664505320241889
24.54,-0.056885,-0.869385,0.028809,-1.899719,82.633965,-54.832455,0.8717202188380168
24.55,-0.06543,-0.916016,0.019775,-4.226685,113.426201,-64.537048,0.9185627075932269
24.56,-0.069092,-0.997559,-0.014893,-7.270813,147.819519,-73.08197,1.000059730413139
24.57,-0.072021,-1.064209,-0.053955,-5.393981,184.814438,-81.787102,1.068007004727497
24.58,-0.089111,-1.087158,-0.075684,0.183105,223.236069,-89.912407,1.0934264287737883
24.59,-0.107666,-1.115479,-0.098389,4.051208,249.992355,-98.709099,1.1249736718332568
24.6,-0.133057,-1.164551,-0.119141,6.958007,249.992355,-106.895439,1.1781671251274157
24.61,-0.175781,-1.218994,-0.11084,10.246276,249.504074,-114.868156,1.2365802996963033
24.62,-0.254639,-1.282227,-0.097168,11.917113,249.984726,-122.581474,1.3108732662137863
24.63,-0.391113,-1.378418,-0.114014,12.756347,249.992355,-127.80761,1.4373603423251249
24.64,-0.534912,-1.381836,-0.122559,21.560667,249.992355,-133.331299,1.4868161578086916
24.65,-0.72583,-1.29541,-0.14917,35.247803,249.992355,-143.005371,1.492369909204819
24.66,-0.996582,-1.160156,-0.152588,49.804684,249.992355,-159.233093,1.5370168264544146
24.67,-1.223145,-1.04834,-0.102783,61.798092,239.830002,-184.79155,1.6142071712497128
24.68,-1.347168,-0.83252,0.096436,73.677063,132.041931,-210.189804,1.5865847196793494
24.69,-1.291016,-0.571289,0.263672,65.177917,-16.769409,-223.793015,1.4361811714964794
24.7,-1.073975,-0.436035,0.32959,30.693052,-137.199402,-223.327621,1.2050636456013433
24.71,-0.787354,-0.446045,0.319824,-12.977599,-229.545578,-216.697678,0.9597759396426856
24.72,-0.530762,-0.559082,0.254395,-50.720211,-249.992355,-207.687363,0.8117867942957682
24.73,-0.419678,-0.726318,0.148438,-74.478149,-249.839767,-190.826401,0.8518810366782442
24.74,-0.356445,-0.858887,0.023926,-84.777824,-249.412521,-168.861374,0.9302216780262649
24.75,-0.197021,-0.941406,-0.082275,-90.301506,-249.992355,-147.079468,0.9653143047225603
24.76,-0.006348,-1.022949,-0.133545,-91.026299,-249.992355,-127.731316,1.0316487874902003
24.77,0.153076,-1.082275,-0.134766,-82.069389,-249.984726,-112.922661,1.101323436669265
24.78,0.246094,-1.1604,-0.145508,-69.198608,-242.187485,-95.748894,1.1950995753074303
24.79,0.259521,-1.286865,-0.174561,-53.237911,-176.116928,-68.153381,1.3243278372015743
24.8,0.243408,-1.380859,-0.201416,-25.650023,-94.039909,-42.228695,1.4165406585767315
24.81,0.248291,-1.351563,-0.192871,10.513305,-22.842405,-22.15576,1.3876491582136314
24.82,0.282471,-1.244873,-0.161621,39.588928,48.255917,-3.356933,1.2867089801547977
24.83,0.276611,-1.15625,-0.145996,57.250973,118.583672,18.981934,1.1978073884548384
24.84,0.234131,-1.104004,-0.117432,68.145752,184.928879,41.961666,1.1346507972944804
24.85,0.189209,-1.07251,-0.063965,74.562073,242.225632,61.981197,1.0909487921098773
24.86,0.133057,-1.057129,-0.006104,76.545715,249.992355,80.436699,1.0654872813440806
24.87,0.02002,-1.036865,0.036865,74.661255,249.504074,96.05407,1.0377132825833926
24.88,-0.144531,-0.999268,0.078613,69.351196,249.725327,104.957573,1.0127219507614122
24.89,-0.314209,-0.94165,0.124268,61.202999,249.992355,107.948296,1.0004371814386948
24.9,-0.486572,-0.880127,0.173096,50.544735,249.992355,103.126518,1.0204597358685936
24.91,-0.6604,-0.844238,0.224609,40.290829,249.992355,87.326042,1.0951324867453254
24.92,-0.756348,-0.80127,0.264404,30.479429,247.825607,62.973019,1.1331396141782353
24.93,-0.74292,-0.732666,0.276611,19.729614,198.310837,35.53009,1.079464329784454
24.94,-0.67627,-0.695068,0.274414,6.057739,114.044182,11.268615,1.0078510211931127
24.95,-0.624756,-0.70166,0.256104,-9.208679,43.312069,-6.072998,0.9737741390856505
24.96,-0.572998,-0.726074,0.237061,-21.690367,-14.991759,-19.836426,0.95483405846304
24.97,-0.496826,-0.760254,0.214111,-29.20532,-60.554501,-32.173157,0.9330947106875057
24.98,-0.413818,-0.786133,0.208252,-31.074522,-90.293877,-41.893002,0.9124797676206305
24.99,-0.346436,-0.793213,0.204102,-30.693052,-108.657829,-48.454281,0.8893044427354447
25.0,-0.279785,-0.798584,0.188965,-30.441282,-119.567863,-53.741451,0.8670200819508161
25.01,-0.198242,-0.800537,0.176758,-28.556822,-121.360771,-57.449337,0.8434469571330494
25.02,-0.099121,-0.791504,0.190674,-24.337767,-111.694328,-56.182858,0.8201585998652944
25.03,-0.000977,-0.794434,0.203125,-20.744322,-90.423576,-50.895687,0.8199915246574198
25.04,0.065674,-0.825928,0.188232,-19.714355,-59.616085,-43.05267,0.8496478219144683
25.05,0.098877,-0.890137,0.147949,-19.523621,-22.209166,-33.27179,0.9077496606989175
25.06,0.110107,-0.953125,0.106934,-15.853881,18.615723,-23.498533,0.9654044216959026
25.07,0.107422,-0.984375,0.084229,-7.041931,60.211178,-12.954711,0.9937948234670978
25.08,0.091797,-0.997803,0.078369,2.983093,99.609367,0.297546,1.005076721538709
25.09,0.056641,-1.045654,0.061035,7.446289,133.728027,13.786315,1.0489641375290197
25.1,0.009277,-1.188477,0.023193,3.990173,160.087585,24.002073,1.1887394826062605
25.11,-0.032471,-1.428223,0.000244,-1.365662,179.885849,31.059263,1.4285920912233836
25.12,-0.084473,-1.645508,-0.000977,3.501892,195.785507,39.505005,1.6476750954972887
25.13,-0.157471,-1.709961,0.048584,16.51001,207.771286,51.155087,1.7178836230717145
25.14,-0.251953,-1.676025,0.135986,22.3999,212.738022,58.769222,1.7003035926063323
25.15,-0.317871,-1.593262,0.20874,20.942686,209.465012,60.9436,1.6380165325432463
25.16,-0.339844,-1.436768,0.249756,21.324156,201.6754,63.735958,1.4973891577328855
25.17,-0.362305,-1.231689,0.283936,24.353025,189.727768,68.344116,1.3148925271070637
25.18,-0.396973,-1.041016,0.307373,25.749205,170.41777,71.159363,1.1557595061750519
25.19,-0.425537,-0.891113,0.320313,21.255491,141.143799,71.640015,1.038154388858902
25.2,-0.427979,-0.786621,0.333252,11.642455,103.096001,70.709229,0.9555079892842341
25.21,-0.402832,-0.717773,0.345703,-0.480652,59.539791,69.137573,0.8927386313821084
25.22,-0.357422,-0.696045,0.335449,-12.985229,13.351439,65.979004,0.8513255309868253
25.23,-0.28833,-0.716553,0.307617,-23.902891,-31.311033,60.485836,0.8313907681698179
25.24,-0.210449,-0.769287,0.289551,-30.609129,-71.876526,55.046078,0.8484875081997378
25.25,-0.138916,-0.826904,0.276367,-29.449461,-104.667656,51.99432,0.8828627293985175
25.26,-0.102783,-0.865234,0.273682,-22.972105,-127.792351,48.652645,0.9132885945685514
25.27,-0.091309,-0.907471,0.258057,-19.508362,-138.816833,43.647762,0.9478577765524742
25.28,-0.109131,-0.985596,0.213135,-21.492002,-143.196106,38.490295,1.0142660295021224
25.29,-0.148926,-1.079346,0.151855,-20.759581,-146.400452,33.004761,1.1001030325460428
25.3,-0.186279,-1.155518,0.113037,-11.032104,-150.665283,23.742674,1.1758822549617798
25.31,-0.20166,-1.192627,0.101318,6.385803,-155.49469,15.945434,1.2137920966347575
25.32,-0.199707,-1.170654,0.115723,25.512693,-158.302307,8.590698,1.1931913033097417
25.33,-0.17334,-1.115967,0.157227,37.536621,-154.73938,-4.28009,1.1402409527016646
25.34,-0.080566,-1.105225,0.176758,38.299561,-133.346558,-20.820616,1.1221660178177735
25.35,-0.071777,-1.120361,0.186035,41.572567,-99.975578,-29.296873,1.137967367403389
25.36,-0.158936,-1.094971,0.225586,49.339291,-69.633484,-31.997679,1.1292082121260896
25.37,-0.231445,-1.059082,0.258301,54.405209,-44.494625,-35.202026,1.1144240114740889
25.38,-0.275391,-1.063721,0.285645,56.579586,-28.877256,-34.950256,1.1353130117932233
25.39,-0.281738,-1.073242,0.312012,56.144711,-20.660398,-28.411863,1.152638789626655
25.4,-0.260498,-1.074951,0.337646,55.236813,-15.632628,-22.697447,1.1564530607512784
25.41,-0.221191,-1.06665,0.380127,54.51202,-11.32965,-17.288208,1.1537609011879368
25.42,-0.181152,-1.04834,0.421631,53.695675,-5.905151,-10.475158,1.144379964375906
25.43,-0.157959,-1.026367,0.435303,53.665157,2.029419,-1.922607,1.1259968766293271
25.44,-0.175293,-0.991699,0.387695,55.801388,11.619567,7.4234,1.07912091791189
25.45,-0.219238,-0.934814,0.319824,60.134884,19.821167,16.639709,1.0120424428925894
25.46,-0.263184,-0.876709,0.26709,65.52124,25.894163,25.642393,0.9535310989354253
25.47,-0.279053,-0.831543,0.229248,71.174622,30.784605,34.370422,0.9065809302880797
25.48,-0.278076,-0.806641,0.188232,76.072693,35.629272,42.701717,0.8737432405924523
25.49,-0.27832,-0.803467,0.150879,79.956055,40.161129,50.041195,0.8635888576921312
25.5,-0.280029,-0.824951,0.125488,82.855217,44.05212,55.366512,0.8801747732047311
25.51,-0.278564,-0.864014,0.10498,85.861198,46.737667,58.692928,0.9138593407587405
25.52,-0.278809,-0.898193,0.081299,90.538017,49.140926,61.286922,0.9439780988619386
25.53,-0.280518,-0.903564,0.070313,95.848076,51.597591,63.407894,0.9487160631026545
25.54,-0.28418,-0.901611,0.069336,99.800102,54.405209,64.407349,0.9478755976482357
25.55,-0.287842,-0.902344,0.077393,103.080742,57.136532,64.376831,0.9502985782105539
25.56,-0.286621,-0.9021,0.090576,104.858391,59.951778,62.911983,0.9508627763336832
25.57,-0.289551,-0.90625,0.098877,104.690544,63.369747,61.355587,0.9565069290026079
25.58,-0.299072,-0.914307,0.103027,102.508537,67.108154,59.974667,0.9674791543811163
25.59,-0.317139,-0.915283,0.104004,98.487846,69.824219,58.135983,0.9742365972524333
25.6,-0.330566,-0.901855,0.116211,92.124931,70.739746,54.992672,0.9675336262383856
25.61,-0.328613,-0.938232,0.123291,82.679741,69.580078,52.12402,1.0017317306914062
25.62,-0.317627,-0.985107,0.13208,73.951721,66.665649,49.827572,1.0434403859243708
25.63,-0.304443,-1.010986,0.144287,65.750122,63.301083,45.387264,1.06564392308782
25.64,-0.298828,-1.030273,0.152832,56.106564,59.585567,40.725704,1.0835673713881384
25.65,-0.300537,-1.045166,0.142578,46.867367,54.656979,36.453247,1.0968240250874342
25.66,-0.28833,-1.011475,0.135742,40.580746,48.645016,31.303404,1.0604912800626887
25.67,-0.274902,-0.942383,0.143066,34.126282,42.4118,26.428221,0.9920305986455257
25.68,-0.254883,-0.882568,0.146484,25.520323,36.567688,22.171019,0.9302414635829774
25.69,-0.236816,-0.861328,0.157959,15.319823,31.715391,17.745972,0.9071487127924506
25.7,-0.21582,-0.881836,0.153076,4.447937,28.57971,12.351989,0.9206765257526662
25.71,-0.185791,-0.936768,0.132568,-5.485534,27.648924,5.622863,0.9641715906045977
25.72,-0.158691,-0.997803,0.112061,-13.97705,29.418943,-2.02179,1.0165388964574844
25.73,-0.132324,-1.063232,0.070557,-22.827147,33.126831,-11.367797,1.0737551941895322
25.74,-0.11499,-1.136719,0.027588,-32.363892,38.94043,-22.53723,1.142853395149614
25.75,-0.107422,-1.213867,0.022949,-40.840145,47.821041,-34.805298,1.2188269919779426
25.76,-0.123779,-1.251709,0.052002,-46.463009,58.807369,-48.530575,1.2588887439031298
25.77,-0.164063,-1.229492,0.111572,-49.957272,69.290161,-63.133236,1.24539775060701
25.78,-0.217285,-1.159912,0.21582,-54.313656,76.881409,-76.011658,1.1996611568976467
25.79,-0.253662,-1.062988,0.338623,-60.134884,79.444885,-85.632317,1.1440950286217488
25.8,-0.27832,-0.95459,0.442871,-66.345215,76.942444,-93.444817,1.0885030147597203
25.81,-0.287109,-0.856934,0.518311,-74.104309,71.548462,-101.631157,1.0418319206849058
25.82,-0.280029,-0.763184,0.57373,-83.297722,64.498901,-110.168449,0.9950036038110615
25.83,-0.278076,-0.673584,0.5896,-92.90313,56.53381,-117.652885,0.9373738991629753
25.84,-0.26709,-0.631348,0.569336,-103.073112,47.515865,-122.688286,0.8911121400250364
25.85,-0.248291,-0.635498,0.516602,-112.17498,36.598206,-123.992912,0.8557942247345445
25.86,-0.213379,-0.670654,0.440918,-119.781487,24.345396,-122.528069,0.8304914617748939
25.87,-0.161621,-0.746826,0.350586,-125.900261,13.000487,-116.83654,0.8407026616545235
25.88,-0.123535,-0.8479,0.249756,-128.677368,2.334595,-107.460014,0.8925095886101169
25.89,-0.101563,-0.954102,0.138184,-126.213066,-6.752014,-97.702019,0.9693918130606426
25.9,-0.083252,-1.063721,0.03418,-116.775505,-12.680053,-90.148918,1.0675212099743028
25.91,-0.066406,-1.151855,-0.048828,-100.83007,-15.434264,-84.487907,1.1548003599951813
25.92,-0.053467,-1.220459,-0.098145,-79.742432,-15.762328,-78.956604,1.225565719084456
25.93,-0.057861,-1.294922,-0.130859,-54.77142,-14.961242,-71.662903,1.3028027322990998
25.94,-0.063232,-1.365479,-0.143555,-26.30615,-12.153625,-64.52179,1.3744596113709562
25.95,-0.060059,-1.384766,-0.139893,4.249573,-5.813598,-58.174129,1.3931094751260578
25.96,-0.044922,-1.324463,-0.132324,32.394409,6.713867,-52.146908,1.3318145011333222
25.97,-0.040283,-1.239502,-0.127686,54.595943,25.215147,-47.729488,1.2467123335753922
25.98,-0.052002,-1.174805,-0.103027,69.999695,48.423763,-45.997616,1.1804598929053034
25.99,-0.06665,-1.141602,-0.062744,80.54351,75.843811,-44.68536,1.145265977159891
26.0,-0.081055,-1.123291,0.000244,89.454643,107.749931,-41.694637,1.1262116334162067
26.01,-0.111816,-1.080322,0.070068,97.259514,140.769958,-36.758423,1.0883510307635125
26.02,-0.160889,-1.00415,0.133545,100.135796,170.722946,-30.326841,1.0256884321498416
26.03,-0.222656,-0.91626,0.192383,96.16851,195.960983,-24.223326,0.9623509238448311
26.04,-0.292725,-0.816162,0.246826,86.746208,212.547287,-19.767761,0.9015161729802744
26.05,-0.37085,-0.775879,0.275391,71.632385,217.765793,-18.234253,0.9029718423195708
26.06,-0.435059,-0.785645,0.28833,57.800289,210.578903,-17.250061,0.9432118470449785
26.07,-0.451416,-0.759033,0.294434,47.279354,193.801865,-18.974304,0.930912928528227
26.08,-0.431396,-0.731445,0.284668,34.126282,172.332748,-21.293638,0.8956283643705127
26.09,-0.402588,-0.748535,0.247314,19.615173,149.32251,-22.666929,0.8851813139492948
26.1,-0.381836,-0.760986,0.203125,8.651733,124.382011,-26.489256,0.8753046262399167
26.11,-0.370117,-0.757324,0.167725,-0.312805,97.335808,-32.13501,0.859452098892079
26.12,-0.361084,-0.757813,0.142822,-9.117126,71.273804,-37.887573,0.85150473968675
26.13,-0.364746,-0.766602,0.120117,-17.425537,47.866817,-42.518612,0.857406767298346
26.14,-0.366455,-0.791016,0.105713,-25.749205,27.183531,-46.165462,0.8781633206015838
26.15,-0.355713,-0.825928,0.091553,-33.721924,9.307861,-49.362179,0.9039196597939443
26.16,-0.34082,-0.870117,0.081543,-40.222164,-4.798889,-53.092953,0.9380357812674311
26.17,-0.321777,-0.914063,0.083984,-44.067379,-14.076232,-56.228634,0.9726792472105077
26.18,-0.300781,-0.935547,0.092529,-44.677731,-18.692017,-58.708187,0.9870557304483877
26.19,-0.287842,-0.933105,0.102295,-43.609615,-19.561768,-60.729977,0.9818361497795852
26.2,-0.261475,-0.91626,0.127197,-43.731686,-17.272949,-62.347408,0.9612911317774652
26.21,-0.226807,-0.89917,0.192627,-46.06628,-11.817931,-62.713619,0.9471289591592055
26.22,-0.182861,-0.891846,0.262207,-48.858639,-4.135132,-61.622616,0.9474069579045744
26.23,-0.160645,-0.884033,0.296387,-51.780697,5.897521,-60.379025,0.9461323453317723
26.24,-0.154297,-0.881836,0.320068,-56.053158,18.989563,-58.906551,0.950729099022955
26.25,-0.1521,-0.89917,0.343018,-60.56213,34.172058,-56.068417,0.9743215317460658
26.26,-0.149658,-0.930908,0.359375,-64.598083,49.499508,-52.719112,1.0090280531546187
26.27,-0.149902,-0.977539,0.367188,-69.259644,64.239502,-48.919674,1.0549313406421292
26.28,-0.155029,-1.035645,0.346924,-73.280334,78.720093,-44.212337,1.1031549386382677
26.29,-0.163086,-1.101318,0.301025,-75.187683,93.437187,-38.116455,1.1533058705933132
26.3,-0.176514,-1.180176,0.246338,-75.263977,107.711784,-31.34918,1.2184641945564096
26.31,-0.214355,-1.29541,0.202148,-76.507568,118.240349,-25.482176,1.328494993603288
26.32,-0.276367,-1.476807,0.181885,-81.169121,122.497551,-21.995543,1.5134132902690527
26.33,-0.350586,-1.715088,0.161621,-82.344048,120.62072,-19.874573,1.7579985036344599
26.34,-0.424072,-1.910889,0.115967,-70.289612,112.152092,-15.563964,1.9608116117041943
26.35,-0.466553,-1.936768,0.084961,-43.663021,97.488396,-7.255554,1.9939810327969523
26.36,-0.470703,-1.789551,0.103027,-13.946532,78.262329,2.479553,1.853285908471491
26.37,-0.440674,-1.561279,0.137207,8.888245,55.557247,10.95581,1.6280698544491266
26.38,-0.39917,-1.328369,0.156982,26.466368,31.47888,20.202635,1.3959026604262204
26.39,-0.366455,-1.109619,0.169678,42.366024,7.942199,30.46417,1.180819298567736
26.4,-0.331055,-0.900879,0.164063,55.541988,-15.808105,41.862484,0.973702754250495
26.41,-0.299561,-0.709717,0.168213,62.934872,-40.260311,52.810665,0.7884989703094102
26.42,-0.255615,-0.577881,0.197021,61.370846,-64.674377,62.515255,0.6618933092477971
26.43,-0.207275,-0.541748,0.199707,52.284237,-86.776726,70.915222,0.6134628814997692
26.44,-0.16333,-0.583008,0.176025,42.510983,-103.706352,78.559875,0.6305234472951818
26.45,-0.135986,-0.655518,0.151367,38.902283,-115.036003,84.594719,0.6863730831034971
26.46,-0.113281,-0.710938,0.132568,42.442318,-121.788017,88.35601,0.73201072357514
26.47,-0.093262,-0.739746,0.121338,49.751278,-124.244682,89.508049,0.7554103887318468
26.48,-0.100342,-0.748291,0.113525,56.167599,-124.549858,88.10424,0.763476170728334
26.49,-0.124512,-0.779297,0.118896,58.029171,-123.870842,84.83123,0.798087282926498
26.5,-0.139893,-0.866455,0.131104,55.496212,-121.864311,79.299927,0.8874134196021604
26.51,-0.152588,-1.01001,0.137695,51.376339,-117.34771,70.648193,1.0307100517939078
26.52,-0.145264,-1.208252,0.132813,49.339291,-106.994621,56.762691,1.2241788342268463
26.53,-0.128662,-1.415771,0.100586,54.580685,-88.462822,46.363827,1.425159281652756
26.54,-0.167725,-1.430664,0.087891,72.052002,-69.198608,44.029232,1.4431410133462357
26.55,-0.236328,-1.319824,0.114014,83.82415,-56.793209,42.373653,1.345654304327824
26.56,-0.258789,-1.286133,0.095459,81.588737,-50.331112,39.909363,1.315379131996171
26.57,-0.233643,-1.201904,0.074707,80.42907,-44.738766,33.7677,1.226679832928707
26.58,-0.205566,-1.102783,0.075928,78.666687,-36.750793,26.412962,1.1243454925551133
26.59,-0.177002,-1.052246,0.091064,72.58606,-24.314878,21.614073,1.0709080280845784
26.6,-0.162842,-1.044922,0.09375,65.353394,-8.903503,19.40155,1.0616819512207973
26.61,-0.167969,-1.041016,0.102295,59.486385,5.40924,21.369932,1.0594301129579051
26.62,-0.174072,-1.015869,0.112793,54.252621,16.448975,26.382444,1.0368284077869394
26.63,-0.175293,-0.970459,0.119629,49.758907,22.842405,31.288145,0.9933928750353508
26.64,-0.175781,-0.91748,0.12085,45.509335,24.452208,35.568237,0.9419518208809832
26.65,-0.167725,-0.856934,0.123047,40.596004,22.689817,39.031982,0.8818209116311543
26.66,-0.165283,-0.807129,0.128662,34.156799,19.638062,42.053219,0.8338642593216236
26.67,-0.189697,-0.790771,0.128906,26.069639,15.541076,45.94421,0.8233592673225947
26.68,-0.229248,-0.814941,0.113037,17.440796,9.101868,49.247738,0.8540847981049657
26.69,-0.267822,-0.872314,0.088135,11.688231,-0.335693,50.270077,0.9167486659412164
26.7,-0.283936,-0.91748,0.062988,10.253905,-10.978698,49.339291,0.9624742545335953
26.71,-0.277832,-0.921143,0.047852,11.672973,-20.935057,47.859188,0.9633197083922865
26.72,-0.266357,-0.890381,0.041504,14.297484,-29.21295,46.333309,0.930294017300982
26.73,-0.257568,-0.849121,0.04248,16.433716,-35.926819,44.830318,0.8883424439173219
26.74,-0.248047,-0.817383,0.04541,16.921997,-41.969296,43.525692,0.8553971890285822
26.75,-0.246582,-0.805664,0.054443,15.838622,-48.21777,42.373653,0.8443110824032811
26.76,-0.23999,-0.824707,0.070068,13.397216,-54.801937,39.955139,0.8617693198141831
26.77,-0.213867,-0.86792,0.072021,11.108397,-60.386654,35.53772,0.8967782582835068
26.78,-0.172119,-0.900391,0.074951,10.910033,-62.789913,30.929564,0.919753529725763
26.79,-0.13623,-0.892334,0.089355,12.924193,-60.523983,27.893064,0.9070848342250024
26.8,-0.116211,-0.862793,0.103516,14.656066,-54.214474,25.764463,0.8767167841589438
26.81,-0.103271,-0.840088,0.10791,14.572143,-44.769283,24.063108,0.853262746922072
26.82,-0.095459,-0.852783,0.105957,13.107299,-33.088684,22.346495,0.8646260183564916
26.83,-0.091797,-0.908936,0.100098,10.848998,-20.004272,19.920349,0.9190271763712976
26.84,-0.090332,-0.994873,0.076416,8.216858,-5.867004,16.975403,1.0018840059652614
26.85,-0.088867,-1.073975,0.043457,8.033752,9.880066,13.46588,1.0785212817385663
26.86,-0.078369,-1.09668,0.018311,13.824462,28.015135,9.429932,1.09962903530327
26.87,-0.070068,-1.064453,0.009521,21.682737,47.813412,6.530761,1.0667991203942757
26.88,-0.078857,-1.043213,-0.009766,24.658201,67.863464,3.929138,1.046234755957763
26.89,-0.091553,-1.079102,-0.05835,23.216246,87.539665,0.099182,1.0845495842574464
26.9,-0.106201,-1.160889,-0.106934,20.530699,106.727592,-5.325317,1.1706309423033376
26.91,-0.118164,-1.265625,-0.149658,17.684937,125.991814,-12.321471,1.279908937575248
26.92,-0.140869,-1.358643,-0.183105,15.335082,145.317078,-20.462034,1.3781445198653879
26.93,-0.185303,-1.44043,-0.202393,13.061522,163.848862,-29.373167,1.4663351298928906
26.94,-0.251465,-1.477051,-0.187988,12.069701,180.465683,-39.588928,1.5100509233035817
26.95,-0.319824,-1.428711,-0.122559,11.20758,193.672165,-50.811764,1.4691913493408544
26.96,-0.38916,-1.315674,-0.016113,7.92694,200.714096,-61.31744,1.372116324749837
26.97,-0.450684,-1.166748,0.125488,1.785278,200.088486,-71.174622,1.257045823152044
26.98,-0.477295,-1.012695,0.266113,-6.050109,191.879257,-79.307556,1.1507292508748528
26.99,-0.466064,-0.855713,0.409668,-15.930175,179.458603,-84.236137,1.0570185715913414
27.0,-0.455811,-0.715576,0.550537,-29.891966,164.939865,-86.761467,1.0113870020254365
27.01,-0.481201,-0.601318,0.704102,-46.989437,144.432068,-86.639397,1.0435024513286972
27.02,-0.524414,-0.472656,0.823486,-64.735413,111.869804,-83.831779,1.0846856364532538
27.03,-0.512451,-0.368408,0.826904,-89.431755,65.551758,-81.062309,1.040240696704854
27.04,-0.464111,-0.40918,0.714844,-119.636528,12.832641,-74.432373,0.9454254264916933
27.05,-0.378906,-0.555176,0.544189,-141.983032,-37.811279,-65.26947,0.8648305126052156
27.06,-0.272705,-0.719971,0.337891,-153.205872,-80.291748,-58.311459,0.8407714230080611
27.07,-0.182617,-0.847168,0.161377,-154.403687,-107.688896,-52.444454,0.8815243190303942
27.08,-0.127686,-0.933838,0.029053,-149.093628,-119.773857,-44.898983,0.9429746558890116
27.09,-0.105957,-1.011475,-0.069092,-137.733459,-120.933525,-35.987854,1.019353847266983
27.1,-0.103271,-1.081299,-0.114258,-120.933525,-116.394035,-29.243467,1.0922121210671487
27.11,-0.090088,-1.174316,-0.105713,-100.677483,-108.802788,-26.30615,1.1825012278932314
27.12,-0.085693,-1.326416,-0.031006,-76.347351,-98.098747,-24.917601,1.3295428038769568
27.13,-0.095459,-1.539063,0.052002,-41.564938,-84.037773,-22.827147,1.5428971276964643
27.14,-0.119873,-1.683105,0.066406,7.904052,-63.926693,-12.702941,1.6886745494588353
27.15,-0.099854,-1.628906,0.093262,64.949036,-29.876707,2.426147,1.6346263728436539
27.16,-0.070068,-1.451904,0.200439,109.054558,17.204285,12.649535,1.467348132707777
27.17,-0.10083,-1.30542,0.337402,132.072449,72.937012,21.659849,1.352082902378401
27.18,-0.174561,-1.248535,0.463135,140.830994,128.807068,34.332275,1.3430581585214394
27.19,-0.221924,-1.259766,0.548584,144.790649,175.369247,48.545834,1.391835134485403
27.2,-0.262695,-1.292969,0.574463,149.642944,211.364731,61.44714,1.4390223196166902
27.21,-0.337646,-1.296631,0.58252,157.028198,240.707382,78.300476,1.4610223550230161
27.22,-0.397461,-1.240723,0.585449,167.129501,249.992355,99.82299,1.428327462751802
27.23,-0.461914,-1.140869,0.602539,175.811752,249.992355,123.51989,1.3704013518228884
27.24,-0.551758,-1.05835,0.623535,178.421005,249.755844,148.826599,1.3466022090019754
27.25,-0.650879,-1.025146,0.657471,176.322922,249.992355,172.279343,1.3808822939693302
27.26,-0.742188,-1.028564,0.70166,173.744186,249.992355,188.674911,1.449521881531976
27.27,-0.883057,-1.054688,0.670654,170.242294,248.115524,197.830185,1.530337619713049
27.28,-1.040039,-1.073975,0.586426,169.044479,221.298203,203.033432,1.605926173776989
27.29,-1.133545,-1.072998,0.501465,174.674973,175.186142,204.231247,1.6394255461148577
27.3,-1.134766,-1.027832,0.4104,185.485825,131.332397,200.904831,1.5851058813151884
27.31,-1.080078,-0.950439,0.342285,198.661789,95.573418,196.76207,1.478871799727752
27.32,-1.003906,-0.867432,0.293213,212.074265,72.357178,195.472702,1.358763921668882
27.33,-0.926025,-0.778076,0.260498,225.601181,61.904903,197.746262,1.2372484675298652
27.34,-0.843994,-0.678711,0.250732,237.808212,63.96484,200.317368,1.1116838711526762
27.35,-0.822266,-0.577148,0.265869,245.841965,77.545166,202.003464,1.039185986155029
27.36,-0.869385,-0.513428,0.312744,244.560226,98.434441,201.911911,1.0569992426416397
27.37,-0.881836,-0.439697,0.333008,228.721603,117.713921,196.88414,1.040126199443606
27.38,-0.902344,-0.30127,0.263428,212.623581,125.839226,196.464523,0.987108210086412
27.39,-0.964111,-0.171875,0.295898,195.182785,125.762932,211.296066,1.0230379574336428
27.4,-1.094727,-0.157715,0.437988,162.971481,118.10302,232.933029,1.189594348464215
27.41,-1.212646,-0.228027,0.406738,123.39019,106.101982,249.992355,1.299208387707299
27.42,-1.318359,-0.3479,0.282959,90.438835,89.965813,249.992355,1.39254107966767
27.43,-1.410645,-0.44043,0.231934,72.998047,75.744629,249.732956,1.4958914670794135
27.44,-1.385986,-0.506104,0.195557,64.567566,72.143555,249.969467,1.4884021604596656
27.45,-1.304932,-0.544189,0.169189,59.501644,80.512993,249.992355,1.4239431554897126
27.46,-1.341553,-0.549805,0.241699,59.310909,104.255669,249.992355,1.4698531887351878
27.47,-1.442139,-0.554443,0.265381,60.882565,147.407532,249.992355,1.5676731198598133
27.48,-1.498047,-0.541016,0.040527,64.071655,200.492844,249.992355,1.5932625534399532
27.49,-1.537598,-0.463135,-0.29834,73.173523,246.52861,249.992355,1.633312093088458
27.5,-1.529053,-0.314941,-0.566895,86.448662,249.992355,249.992355,1.660891583251297
27.51,-1.55542,-0.099854,-0.712158,99.769585,249.42778,249.992355,1.7136134962937237
27.52,-1.556152,0.141357,-0.682129,101.730339,249.832138,249.992355,1.7049606509224782
27.53,-1.607422,0.330078,-0.618164,91.361992,249.992355,249.992355,1.7535346312702238
27.54,-1.580078,0.552002,-0.630615,74.516296,249.992355,249.992355,1.7885826713666328
27.55,-1.57666,0.763428,-0.531982,42.022701,249.992355,249.992355,1.8307604745318269
27.56,-1.538574,0.977051,-0.452148,-7.6828,249.992355,249.992355,1.877838231579334
27.57,-1.469482,1.155029,-0.627686,-83.95385,249.992355,249.992355,1.971664031664878
27.58,-1.449707,1.112061,-0.769531,-180.87767,249.992355,249.992355,1.9825508854833966
27.59,-1.483398,0.865723,-0.790283,-249.992355,249.992355,249.992355,1.8906330049012685
27.6,-1.523926,0.483887,-0.792969,-249.992355,244.995102,249.992355,1.784740013897262
27.61,-1.300293,0.287109,-0.806641,-248.947128,192.558273,249.992355,1.5568760922472282
27.62,-0.934326,0.384033,-0.697021,-249.900803,152.893066,249.992355,1.2273079050531697
27.63,-0.728516,0.473389,-0.647461,-249.992355,153.083801,249.992355,1.083530550606673
27.64,-0.637695,0.455811,-0.599365,-249.984726,156.036377,249.992355,0.986740585955093
27.65,-0.57666,0.383545,-0.557617,-249.992355,148.55957,249.992355,0.8891457930587087
27.66,-0.560547,0.337891,-0.501221,-249.992355,130.355835,249.992355,0.8243820460993798
27.67,-0.518066,0.400879,-0.398193,-249.992355,105.674736,249.992355,0.7665859496794863
27.68,-0.357422,0.543213,-0.299316,-249.992355,80.276489,249.992355,0.7158358172856398
27.69,-0.217285,0.620605,-0.252197,-249.992355,57.655331,249.992355,0.7042490071409402
27.7,-0.224609,0.575439,-0.239258,-249.992355,37.666321,249.992355,0.6624376470023424
27.71,-0.163086,0.478027,-0.206787,-249.992355,19.348145,244.857773,0.5457725895407354
27.72,-0.017822,0.360352,-0.156006,-249.992355,5.355834,229.759201,0.3930764043083736
27.73,0.098389,0.244873,-0.109863,-249.992355,-1.487732,216.308578,0.285854963607421
27.74,0.251709,0.209961,0.00293,-249.992355,-7.118225,201.942429,0.3277950992647694
27.75,0.45166,0.172607,0.255859,-249.992355,-12.21466,181.785568,0.5470409124827869
27.76,0.61499,-0.012939,0.581787,-249.992355,-18.768311,149.505615,0.8466736273145633
27.77,0.656738,-0.207031,0.969971,-240.829453,-37.452698,107.88726,1.1895420868746092
27.78,0.702148,-0.259521,1.204346,-205.207809,-73.768616,60.417171,1.4180311178041898
27.79,0.892578,-0.176514,1.255615,-172.668442,-116.889946,9.69696,1.5506197814116134
27.8,1.140381,-0.116455,1.149658,-142.501831,-155.303955,-43.502804,1.6234974928068107
27.81,1.359619,-0.004395,0.936523,-100.95977,-183.105453,-93.627922,1.6509568349036263
27.82,1.506592,0.102295,0.829346,-59.501644,-204.986557,-133.956909,1.7228170271984775
27.83,1.50708,0.102783,0.757324,-24.688719,-227.348312,-172.546371,1.6897911446285308
27.84,1.459961,0.033203,0.703369,9.017944,-249.259933,-217.269882,1.6208999077336639
27.85,1.42627,0.02002,0.595947,42.198177,-249.992355,-249.992355,1.5458977133397278
27.86,1.305908,0.05957,0.447021,64.468384,-249.68718,-249.992355,1.3815831729595582
27.87,1.161865,0.103271,0.280518,72.45636,-249.93895,-249.366745,1.1997022655600846
27.88,0.948242,0.151367,0.111816,69.702148,-249.992355,-249.992355,0.9667355776576138
27.89,0.698975,0.227295,-0.026855,60.371395,-249.992355,-249.992355,0.7354932077694532
27.9,0.358643,0.31543,0.082764,41.389462,-249.992355,-249.992355,0.4847378322815334
27.91,0.016846,0.414795,0.226563,-32.012939,-249.992355,-249.992355,0.47293707056013273
27.92,-0.168457,0.387451,0.158203,-85.250847,-249.992355,-249.992355,0.45113659512280757
27.93,-0.302246,0.410645,0.291992,-68.458557,-249.992355,-249.992355,0.5875723688236199
27.94,-0.214111,0.449707,0.365234,-65.895081,-249.992355,-249.992355,0.6176372567502709
27.95,0.099121,0.331787,0.48291,-103.141777,-249.992355,-249.992355,0.59423030393106
27.96,0.269287,0.116211,0.749023,-151.611328,-249.992355,-249.992355,0.8043978738279957
27.97,0.231934,0.042969,0.937012,-161.689743,-114.418022,-213.76799,0.96624593321835
27.98,0.624756,-0.194824,0.817383,-132.385254,232.940659,-139.770508,1.0470871115628346
27.99,0.616455,-0.707764,0.376465,-60.546871,249.992355,-168.899521,1.0112727342047743
28.0,-0.354248,-0.922119,-0.325928,58.410641,244.873032,-246.452316,1.040203901573629
28.01,-0.984131,-0.627441,-1.355225,166.313156,248.916611,-241.538986,1.7885275603878739
28.02,-1.331299,-0.111816,-2.233398,240.112289,249.992355,-104.408257,2.602484672704337
28.03,-2.501221,0.240234,-2.741455,249.992355,249.93132,50.964352,3.718789370564297
28.04,-2.932129,0.587158,-2.370117,243.766769,249.961838,102.668755,3.8157030260875913
28.05,-2.005127,0.930664,-1.525879,200.599655,249.992355,120.62072,2.6860708273733214
28.06,-0.763428,0.803711,-0.861328,140.357971,249.992355,145.317078,1.4038018401074277
28.07,-0.474609,0.859863,-0.581543,41.091915,178.955063,175.659164,1.1414071764707807
28.08,-0.847412,0.901123,-0.686768,-87.577812,3.829956,206.665024,1.4148427632415554
28.09,-1.143066,0.973145,-0.85791,-154.586792,-112.640373,220.108017,1.7290519481730444
28.1,-1.22168,0.96875,-0.77417,-175.849899,-193.725571,225.74614,1.7407807942989262
28.11,-1.033691,0.963867,-0.688965,-175.804123,-249.992355,225.692734,1.5723324865927688
28.12,-0.720459,1.077148,-0.645264,-165.542587,-249.992355,222.763046,1.447644505491939
28.13,-0.46875,1.183594,-0.552979,-172.8134,-244.926437,217.361435,1.3879506813201254
28.14,-0.336182,1.086914,-0.418701,-198.448166,-197.616562,212.676987,1.2123163398721473
28.15,-0.308838,0.894775,-0.281494,-212.196335,-122.581474,213.699326,0.9875434587424494
28.16,-0.35498,0.814941,-0.1604,-197.753891,-65.704346,208.961472,0.9032540029698181
28.17,-0.317383,0.928467,-0.0354,-164.840683,-32.104492,193.222031,0.9818533998403225
28.18,-0.120605,1.140381,0.053711,-146.270752,-2.914428,184.928879,1.1479979367172226
28.19,0.119629,1.287598,0.046387,-157.63092,38.764954,195.159897,1.2939750619753072
28.2,0.263428,1.348877,0.008301,-181.076035,87.821953,205.162033,1.3743843636021185
28.21,0.264893,1.371582,-0.012451,-196.678146,129.745483,200.92009,1.396982645409026
28.22,0.136475,1.356689,-0.032227,-204.795822,159.049988,192.939743,1.3639168038685499
28.23,-0.039307,1.279297,-0.053711,-218.543991,173.294052,188.514694,1.2810272151593813
28.24,-0.17334,1.140137,-0.082764,-238.792404,169.944748,188.041672,1.1562045727573471
28.25,-0.244873,0.984131,-0.101074,-249.992355,148.841858,190.063461,1.0191626782638774
28.26,-0.253174,0.855225,-0.069336,-249.992355,112.365715,190.933212,0.8946029039730421
28.27,-0.222412,0.763428,0.033691,-249.771103,63.247677,187.965378,0.7958796971961277
28.28,-0.173828,0.687012,0.136719,-249.992355,8.781433,184.127792,0.7217296908739449
28.29,-0.120361,0.61377,0.206543,-249.992355,-39.43634,183.90654,0.6586807983158459
28.3,-0.032715,0.543945,0.242432,-249.992355,-73.867798,184.822067,0.596422424858422
28.31,0.086426,0.451172,0.226074,-249.992355,-98.495476,183.39537,0.5119912895118433
28.32,0.203857,0.324707,0.156982,-249.992355,-121.597282,180.709824,0.414289344084542
28.33,0.29248,0.178711,0.191406,-249.992355,-143.051147,181.030258,0.39257920061689466
28.34,0.405273,0.042236,0.363037,-249.992355,-151.100159,187.751755,0.545734319604329
28.35,0.647705,-0.038086,0.548096,-248.771652,-130.813599,198.623642,0.84934182496625
28.36,0.937744,-0.056885,0.637207,-236.45018,-81.642143,206.024155,1.1351794896006533
28.37,1.072021,-0.072266,0.634766,-224.838242,-16.12854,208.206161,1.2479500286281497
28.38,0.897461,-0.088623,0.585693,-219.154343,48.034664,215.583786,1.0753262634656515
28.39,0.624756,-0.059326,0.627197,-208.717331,89.424126,226.478561,0.8872517740872655
28.4,0.512939,-0.021729,0.733154,-194.732651,98.136894,233.81041,0.8950381862680497
28.41,0.58374,-0.03125,0.87085,-189.735397,93.070976,239.051804,1.0488606545199415
28.42,0.645996,-0.132568,0.94751,-196.25853,99.655144,243.812546,1.154409072530184
28.43,0.529297,-0.31958,0.945313,-203.376755,118.385307,241.966232,1.129558922136424
28.44,0.349121,-0.506104,1.005859,-199.745163,126.098625,231.65892,1.1788889088196564
28.45,0.325439,-0.591064,1.108154,-185.935959,110.252373,217.437729,1.2974099130702679
28.46,0.412354,-0.601318,1.198975,-173.614487,74.996948,201.225266,1.4032676897388465
28.47,0.490723,-0.608398,1.237549,-169.845566,33.317566,188.476547,1.4637228960886006
28.48,0.548828,-0.610107,1.173828,-168.724045,-2.63977,182.39592,1.4322412152347104
28.49,0.613037,-0.59375,1.040527,-163.185104,-23.971556,177.154526,1.345752526877806
28.5,0.661865,-0.563721,0.888672,-153.518677,-27.351377,167.884811,1.2432154148215828
28.51,0.670654,-0.544922,0.766113,-139.213562,-19.302368,156.12793,1.1548358768972327
28.52,0.635254,-0.519287,0.710693,-121.826164,-11.421203,142.837524,1.0854912128313154
28.53,0.603516,-0.530029,0.717285,-112.495415,-6.843566,130.2948,1.0768751433299961
28.54,0.618896,-0.580811,0.763184,-110.305779,-2.105713,120.048515,1.1414129377192987
28.55,0.600098,-0.619629,0.781006,-110.16082,3.684997,110.824577,1.1636271220975385
28.56,0.534424,-0.586426,0.71875,-107.521049,7.980346,101.997368,1.070563416034753
28.57,0.42749,-0.511719,0.583252,-99.357597,1.518249,89.920036,0.8858820071346973
28.58,0.297363,-0.472412,0.51416,-87.951653,-21.797178,76.148987,0.7589192032838542
28.59,0.287842,-0.473877,0.599121,-76.629639,-59.539791,60.981747,0.8163077855404786
28.6,0.375244,-0.503174,0.709229,-69.43512,-101.989738,44.738766,0.9470997351139953
28.61,0.47583,-0.584229,0.749512,-69.030762,-131.759644,32.455444,1.0627821749940107
28.62,0.527344,-0.681152,0.749512,-66.184998,-140.434265,25.001524,1.141852871250933
28.63,0.572021,-0.713867,0.775635,-54.13818,-137.130737,15.426635,1.1993430582427198
28.64,0.601807,-0.687988,0.776123,-41.007992,-138.008118,3.578186,1.1991105305692216
28.65,0.618896,-0.654053,0.718018,-33.226013,-146.186829,-3.845215,1.1516802655029739
28.66,0.653076,-0.62207,0.628662,-25.947569,-155.944824,-8.102417,1.0994067750018643
28.67,0.695801,-0.55957,0.5625,-16.242981,-164.482101,-11.245727,1.0553027368963848
28.68,0.74707,-0.496582,0.536865,-7.637023,-166.122421,-13.664245,1.045433544444122
28.69,0.802002,-0.469971,0.491699,-4.180908,-156.837463,-18.859863,1.051593008461924
28.7,0.9021,-0.507568,0.466553,-2.189636,-136.581421,-23.567198,1.135377200067449
28.71,1.08252,-0.579102,0.494629,5.584716,-109.03167,-20.477293,1.3235809474471139
28.72,1.217041,-0.636475,0.562744,19.821167,-75.843811,-4.615784,1.484240556932063
28.73,1.272461,-0.644287,0.644531,33.088684,-35.263062,15.396117,1.5651463014207332
28.74,1.277344,-0.648926,0.711182,39.512634,10.337829,25.489805,1.5995288321677732
28.75,1.152344,-0.697266,0.770996,42.228695,47.790524,34.164429,1.5519379501474921
28.76,0.952637,-0.7146,0.819336,50.086971,69.923401,49.652096,1.4455040278964981
28.77,0.796387,-0.684326,0.88208,63.362118,79.368591,56.610104,1.3713495012012802
28.78,0.66333,-0.631592,0.888672,74.142456,74.630737,46.257015,1.2761869247676847
28.79,0.594727,-0.549805,0.816406,80.238342,53.558346,29.945372,1.1500019562548578
28.8,0.604004,-0.419189,0.685791,86.235039,21.095274,23.269651,1.0054101379128817
28.81,0.615234,-0.256104,0.578857,92.300407,-11.20758,24.79553,0.8827103488806506
28.82,0.590332,-0.120361,0.49292,94.505302,-31.524656,25.779722,0.7784271108748718
28.83,0.580078,-0.016357,0.515381,96.977226,-39.1922,25.436399,0.7761286057696881
28.84,0.598145,0.027832,0.596924,92.491142,-43.022152,27.130125,0.8455000431845051
28.85,0.603271,-0.032959,0.599609,76.034546,-50.636288,27.931211,0.8512068773236033
28.86,0.587646,-0.151611,0.535889,61.859127,-61.683651,28.358458,0.8096238243517787
28.87,0.614258,-0.26001,0.503662,61.462399,-70.709229,33.706665,0.8358190599094998
28.88,0.721436,-0.298828,0.503174,72.746277,-72.822571,45.341488,0.928952178508668
28.89,0.860596,-0.291992,0.484375,82.93914,-65.238953,59.738155,1.0298077218126693
28.9,0.886475,-0.268799,0.530029,90.599052,-48.84338,67.9245,1.067249534489006
28.91,0.812012,-0.22583,0.592773,98.373405,-22.918699,76.667786,1.0304089026076007
28.92,0.757568,-0.193359,0.609131,101.783745,5.111694,89.447014,0.9911294328522385
28.93,0.719482,-0.215576,0.603271,99.548332,20.484922,93.971245,0.9633603996122115
28.94,0.676025,-0.289307,0.599365,99.662773,22.979734,91.728203,0.9486552293109441
28.95,0.652588,-0.361816,0.625732,105.995171,14.717101,85.563652,0.973818489978497
28.96,0.66333,-0.421143,0.680176,113.494865,-5.714416,76.591492,1.0392340960173505
28.97,0.73877,-0.44873,0.68335,118.438713,-26.31378,75.950623,1.1018652133087785
28.98,0.797363,-0.399658,0.61377,120.132439,-38.520813,83.160393,1.0826947324306146
28.99,0.741943,-0.286133,0.532715,120.346062,-44.364925,84.754936,0.9571503435526731
29.0,0.659424,-0.160645,0.487305,123.405449,-47.790524,77.766418,0.8355315618371337
29.01,0.612793,-0.062988,0.474121,127.517693,-58.784481,67.451477,0.7773502888878346
29.02,0.614014,0.002441,0.485596,125.839226,-80.718987,57.273861,0.7828298831119057
29.03,0.678467,-0.000488,0.515625,116.645805,-102.920525,52.787777,0.8521659749473691
29.04,0.791016,-0.039795,0.487061,106.735222,-108.421318,53.787228,0.9297948010190206
29.05,0.906982,-0.052979,0.464355,101.890556,-91.819756,55.107113,1.0203179351506078
29.06,0.929688,-0.032715,0.500244,100.669853,-67.779541,55.52673,1.0562358203095557
29.07,0.830322,0.007568,0.518311,98.670952,-50.758358,62.011715,0.9788453356015954
29.08,0.757568,0.023193,0.530518,92.384331,-37.42981,77.865601,0.9251467657604387
29.09,0.699219,-0.034668,0.571289,83.045952,-32.356262,87.432854,0.9035929402701197
29.1,0.572021,-0.075195,0.490234,74.806213,-50.964352,79.231262,0.757094239326915
29.11,0.531738,-0.066895,0.400635,67.657471,-84.663383,74.279785,0.6691252834066279
29.12,0.712402,-0.098877,0.42334,61.584469,-108.131401,83.595268,0.8345717622427684
29.13,1.070313,-0.133301,0.481445,59.913631,-102.821342,89.385979,1.181155520071341
29.14,1.302734,-0.130615,0.515381,59.318539,-65.513611,88.699333,1.4070514305248405
29.15,1.208008,-0.114502,0.508301,53.054806,-5.28717,101.646416,1.3155850191716991
29.16,0.918945,-0.104492,0.451416,41.648861,58.067318,127.822868,1.0291525135493766
29.17,0.651367,-0.133545,0.455322,29.418943,102.714531,138.397217,0.8058730417367242
29.18,0.61792,-0.181885,0.521729,19.325256,121.429436,124.443047,0.8289200377997868
29.19,0.763916,-0.215576,0.590088,7.164001,117.271416,107.475273,0.9890624422027154
29.2,0.760742,-0.257568,0.641357,-10.238647,100.471489,102.462761,1.0278173313565986
29.21,0.668457,-0.272217,0.621094,-28.404234,91.751091,103.157036,0.9522051316675415
29.22,0.565186,-0.280273,0.556396,-39.009094,91.163628,95.428459,0.8411686382295763
29.23,0.331055,-0.320801,0.563232,-40.473934,71.517944,79.76532,0.7278330718303476
29.24,0.199219,-0.37207,0.664551,-35.263062,24.650572,58.151241,0.7872434988375578
29.25,0.286133,-0.388428,0.755371,-31.944273,-37.849426,34.088135,0.8962888778256707
29.26,0.48877,-0.452881,0.760254,-39.169312,-90.606682,13.565063,1.0109319747525052
29.27,0.738525,-0.563721,0.760986,-43.663021,-112.701408,-0.991821,1.200958048252311
29.28,0.922852,-0.637695,0.862305,-39.611816,-103.141777,-5.630493,1.4148783127725153
29.29,0.973389,-0.802734,0.975098,-40.771481,-67.977905,2.998352,1.5945796090760098
29.3,0.946777,-0.881348,0.919922,-37.29248,-24.642942,16.242981,1.5872672966192558
29.31,0.714111,-0.734131,0.806396,-25.917051,5.40924,32.821655,1.3035249726407239
29.32,0.505859,-0.574951,0.841064,-13.702392,5.584716,35.263062,1.1374755524309084
29.33,0.599609,-0.463623,0.851074,-7.415771,-14.793395,19.538879,1.1396509081670578
29.34,0.777344,-0.398926,0.740234,-7.476806,-24.559019,9.803772,1.1451427957106484
29.35,0.740234,-0.365234,0.675049,-0.015259,-27.793882,1.373291,1.0663176833913053
29.36,0.619873,-0.30249,0.720215,12.901305,-37.42218,1.022339,0.9972223335114392
29.37,0.62915,-0.221191,0.709473,13.946532,-45.150753,0.953674,0.9737079226903723
29.38,0.562988,-0.189697,0.59375,7.217407,-48.21777,-4.966736,0.8399282722072166
29.39,0.465576,-0.186035,0.511963,6.401062,-42.877193,-1.342773,0.7165724990327217
29.4,0.498535,-0.180908,0.539307,8.140564,-36.056519,0.457764,0.7563840895590017
29.41,0.586182,-0.209961,0.614746,5.1651,-28.717039,-8.880615,0.8749889160217974
29.42,0.57959,-0.298096,0.630859,-1.197815,-19.233704,-13.313293,0.9070660787379274
29.43,0.562988,-0.373535,0.559814,-1.663208,-14.808654,-7.186889,0.8774255518076733
29.44,0.595703,-0.432861,0.530762,6.057739,-14.335631,-3.997802,0.9077108626506569
29.45,0.627441,-0.477539,0.553955,20.423887,-3.90625,2.876281,0.9636347062175584
29.46,0.616211,-0.503662,0.535156,36.92627,13.763427,16.540527,0.9590533619674141
29.47,0.496094,-0.486816,0.503906,52.474972,20.996092,21.705626,0.8584988826597272
29.48,0.370605,-0.48291,0.512695,62.088009,13.099669,16.88385,0.7958682662036476
29.49,0.380371,-0.519287,0.587402,69.038391,0.556946,14.999389,0.8714253815525459
29.5,0.488281,-0.559814,0.693604,76.23291,-6.477355,17.14325,1.0163151865307336
29.51,0.601563,-0.580811,0.760254,82.466118,-5.310058,15.213012,1.1301352154525581
29.52,0.66626,-0.582275,0.776855,84.625237,-0.221252,8.31604,1.1774762223713902
29.53,0.693848,-0.55835,0.770752,81.359856,6.324768,2.845764,1.1778108571022767
29.54,0.647217,-0.536865,0.742432,73.425293,10.871886,0.053406,1.1217482551526434
29.55,0.573975,-0.522705,0.722168,69.694519,11.512755,-0.75531,1.0602803581477873
29.56,0.541016,-0.523682,0.732178,69.892883,8.369446,-3.608703,1.0502503382832113
29.57,0.557861,-0.52832,0.744629,72.319031,3.204345,-11.306762,1.0699547959432678
29.58,0.624756,-0.510742,0.741211,77.171326,0.740051,-19.233704,1.0957057983879614
29.59,0.729004,-0.488525,0.774414,81.283562,7.209777,-21.484373,1.170393331763728
29.6,0.802979,-0.487793,0.796387,81.901543,25.215147,-20.080564,1.2316450540066322
29.61,0.775391,-0.481934,0.733887,82.641594,51.811214,-14.129638,1.1713589168167031
29.62,0.651367,-0.449707,0.660889,86.563103,79.246521,-6.362915,1.0311593595846376
29.63,0.504883,-0.40332,0.623291,94.017021,97.030632,-0.099182,0.8978115263071643
29.64,0.501221,-0.345703,0.690918,102.127068,102.066032,5.554199,0.9209238501494029
29.65,0.57959,-0.293213,0.807129,102.890007,99.426262,5.455017,1.036028790193593
29.66,0.594482,-0.251709,0.770752,97.114555,99.380486,5.203247,1.005397888653542
29.67,0.455811,-0.206543,0.607666,91.835014,101.623528,16.899109,0.7871986065320492
29.68,0.222412,-0.102783,0.42627,90.110771,101.181023,30.97534,0.49166813577147744
29.69,0.106445,0.040527,0.496094,95.947258,87.631218,26.43585,0.5090012107942377
29.7,0.172119,0.145264,0.639648,89.065544,53.199764,15.251159,0.6781416841346651
29.71,0.239746,0.131592,0.64209,59.883114,6.958007,14.045714,0.6979069902787907
29.72,0.287109,0.015381,0.622803,31.539915,-36.552429,16.746521,0.6859677323686588
29.73,0.375244,-0.141113,0.620361,13.771056,-67.970276,16.769409,0.7386262306647389
29.74,0.432861,-0.223877,0.704102,9.017944,-81.222527,18.859863,0.8562997038735912
29.75,0.486328,-0.136475,0.815674,10.108947,-71.907043,26.123045,0.959408371594182
29.76,0.497803,-0.005371,0.849854,-4.562378,-58.395382,34.27124,0.9849307060732749
29.77,0.427979,-0.015381,0.823975,-33.348083,-50.971981,41.15295,0.9286212361490556
29.78,0.378906,-0.133789,0.811523,-59.333797,-52.040096,50.155636,0.9055599554342053
29.79,0.401123,-0.310791,0.814697,-75.515747,-60.821529,56.480404,0.9598030572044455
29.8,0.460938,-0.414795,0.769531,-77.255249,-69.67926,55.01556,0.9882796627625199
29.81,0.575195,-0.337891,0.747803,-73.043823,-70.762634,51.887508,1.0021122405773717
29.82,0.630371,-0.248291,0.72583,-76.622009,-61.614986,49.812313,0.9928973800056076
29.83,0.541748,-0.275146,0.691406,-86.036674,-51.979061,46.104427,0.9204555794040253
29.84,0.449707,-0.368896,0.646729,-93.971245,-53.230282,40.64941,0.869815523031177
29.85,0.433594,-0.530762,0.570068,-92.346184,-69.602966,28.045652,0.8914536342984978
29.86,0.549561,-0.685303,0.560059,-72.273254,-96.504204,5.424499,1.0417886436369903
29.87,0.732666,-0.680664,0.722168,-41.114803,-125.740044,-15.716552,1.233543500925687
29.88,1.037598,-0.639404,0.859619,-26.741026,-142.448425,-35.293579,1.4914395428514695
29.89,1.262695,-0.807861,0.881348,-16.25061,-131.752014,-51.414486,1.7389112557718407
29.9,1.145752,-0.748779,1.029053,20.599363,-100.357048,-34.988403,1.7124157535931512
29.91,0.962646,-0.573486,1.085938,35.522461,-74.981689,-13.610839,1.5603957361374712
29.92,0.966309,-0.510254,0.898682,29.70886,-55.786129,-17.39502,1.4148291646417952
29.93,0.897217,-0.459229,0.639648,32.974243,-35.91156,-15.327453,1.1937500506529832
29.94,0.768066,-0.302979,0.493652,48.46954,-29.815672,-9.757996,0.9619843823581545
29.95,0.793213,-0.111572,0.530273,58.181759,-41.91589,-16.75415,0.9606376158999812
29.96,0.8479,-0.048584,0.563721,49.789425,-46.157833,-17.707825,1.019350862508587
29.97,0.806152,-0.005859,0.551758,40.786739,-27.557371,-5.775451,0.9769095482945184
29.98,0.700684,0.140625,0.593262,30.784605,-14.663695,3.845215,0.9288128224378687
29.99,0.713867,0.062012,0.657471,4.905701,-37.261963,-11.001586,0.9724812068487494
30.0,0.89624,-0.109131,0.577148,-19.050598,-64.834595,-18.005371,1.0715668559007414
30.01,0.99292,-0.193115,0.406494,-34.698486,-47.225948,10.856627,1.0901471926584043
30.02,0.936768,-0.190674,0.413574,-34.484863,-1.991272,24.55139,1.0416018018302389
30.03,0.816162,-0.179932,0.535645,-28.678892,25.314329,23.971556,0.9926789515714535
30.04,0.736084,-0.169189,0.611816,-29.312132,27.030943,34.896851,0.9719893984159498
30.05,0.720703,-0.2146,0.621582,-34.706116,25.985716,42.877193,0.9756178334435057
30.06,0.708252,-0.296875,0.616943,-34.423828,27.839659,43.594357,0.9850757972755193
30.07,0.682617,-0.360596,0.619873,-26.130674,26.603697,43.891903,0.9900696844333736
30.08,0.670898,-0.37793,0.611816,-12.641906,21.377562,43.273922,0.9834907366925222
30.09,0.661377,-0.343018,0.586426,0.25177,15.213012,41.099545,0.948143627268042
30.1,0.662354,-0.298828,0.570801,9.872437,9.284973,39.047241,0.9240263938335311
30.11,0.679688,-0.328369,0.572998,17.715454,4.089355,38.81073,0.9476965155095802
30.12,0.735107,-0.39502,0.641113,31.005857,1.434326,42.564388,1.052354018673374
30.13,0.785889,-0.457275,0.69873,46.607967,1.121521,43.579098,1.1467107564011074
30.14,0.825928,-0.514893,0.728271,58.990475,2.441406,46.691891,1.2155864889319887
30.15,0.82373,-0.547119,0.700439,70.503235,4.676819,55.02319,1.2118106724162814
30.16,0.755371,-0.516357,0.625488,85.693352,10.0708,62.57629,1.1083524426977187
30.17,0.646729,-0.413086,0.543213,103.019707,16.693115,62.774654,0.940201471072025
30.18,0.56543,-0.246094,0.530273,114.906303,16.799927,57.075497,0.8133036310413227
30.19,0.551758,-0.128418,0.587158,114.18914,10.498046,51.292416,0.8158937371079643
30.2,0.597168,-0.116943,0.663818,105.934135,2.601623,49.003597,0.9005218612543507
30.21,0.658447,-0.162598,0.721924,94.673149,-3.02124,49.896236,0.9905376434992261
30.22,0.657227,-0.217285,0.695557,80.299377,-7.202148,51.170345,0.981305070303318
30.23,0.580078,-0.23584,0.612549,68.374634,-14.404296,52.574154,0.8759721851092076
30.24,0.517578,-0.22168,0.533691,61.775204,-27.992247,48.812862,0.7757932018038054
30.25,0.5625,-0.191895,0.457031,59.883114,-44.570919,39.085388,0.7497381382762918
30.26,0.661621,-0.159424,0.4375,62.385555,-56.304928,33.546448,0.8090516728967316
30.27,0.712891,-0.129883,0.461914,68.412781,-54.779049,38.490295,0.8593298057009311
30.28,0.680664,-0.115967,0.480225,74.378967,-43.197628,46.615597,0.8410516491928424
30.29,0.626465,-0.130371,0.505859,77.178955,-32.463074,47.660824,0.8156888633216712
30.3,0.652588,-0.202148,0.563721,75.98114,-25.276182,43.365475,0.8857292348618736
30.31,0.751221,-0.308838,0.654541,73.532104,-14.396667,43.29681,1.0431384480336252
30.32,0.802734,-0.393799,0.740723,70.999146,3.860473,47.439571,1.161090043832088
30.33,0.742188,-0.387207,0.679688,71.998596,24.887083,49.400326,1.0783079641442883
30.34,0.666504,-0.315186,0.649902,75.09613,36.827087,43.647762,0.9828236903005544
30.35,0.693359,-0.25293,0.806396,72.257996,35.40802,34.240723,1.093158175470046
30.36,0.760254,-0.246826,0.929443,60.905453,35.484314,32.348633,1.225876628801202
30.37,0.757324,-0.230713,0.774658,47.897335,52.764889,41.610714,1.1076385449725916
30.38,0.566162,-0.214844,0.597412,38.078308,71.388245,49.179073,0.8506459030195821
30.39,0.320313,-0.178467,0.500488,42.495724,71.258545,48.912045,0.6204346268560452
30.4,0.148682,-0.100098,0.559082,53.558346,36.605835,39.405823,0.5871104065267452
30.41,0.119385,-0.049561,0.638672,53.436275,-27.816771,27.351377,0.651621818641764
30.42,0.324463,-0.032959,0.650146,41.709896,-88.050835,17.608643,0.7273598527317823
30.43,0.564453,-0.069824,0.67334,26.30615,-123.481743,11.802672,0.8814019150109671
30.44,0.666748,-0.152832,0.665039,12.847899,-127.006523,16.517639,0.9540374139670834
30.45,0.703857,-0.218018,0.637451,6.912231,-109.15374,26.237486,0.9743152991583371
30.46,0.679688,-0.23584,0.646973,6.706237,-96.755974,33.081055,0.9675589623754203
30.47,0.700195,-0.249512,0.74585,2.601623,-90.095512,46.302792,1.053005934773874
30.48,0.855713,-0.297119,0.881836,-7.67517,-72.235107,66.436768,1.264183202477394
30.49,0.938965,-0.381836,0.88208,-22.422789,-38.597107,75.889587,1.343696069995369
30.5,0.845215,-0.422363,0.787842,-42.999264,-0.564575,78.834534,1.2302332774551337
30.51,0.834473,-0.374512,0.635986,-57.78503,28.007505,88.531487,1.1140388763723643
30.52,0.832275,-0.314453,0.604004,-60.05859,38.742065,96.67205,1.0753525918739397
30.53,0.864502,-0.280029,0.670898,-58.273312,51.513668,94.245903,1.1295503863259044
30.54,1.049316,-0.296143,0.839355,-59.837337,80.192566,77.095032,1.3759656828315159
30.55,0.975586,-0.417969,0.929688,-65.628052,105.49926,61.637875,1.4109521273597485
30.56,0.692871,-0.510986,0.9104,-69.641113,111.595146,62.225338,1.2529984336929556
30.57,0.624512,-0.530762,0.92749,-65.696716,94.703667,57.66296,1.2377242176220031
30.58,0.622559,-0.645996,0.875244,-48.080441,65.444946,36.6745,1.2533724905362331
30.59,0.525879,-0.656494,0.844482,-5.905151,35.636902,21.621702,1.1919240508526538
30.6,0.558105,-0.484619,1.086914,34.164429,12.489318,16.876221,1.3144271792617497
30.61,0.752197,-0.450195,1.205322,35.263062,10.299682,5.149841,1.4903949102563387
30.62,0.776367,-0.478516,0.958252,21.77429,39.848328,9.498596,1.3228643832415325
30.63,0.554932,-0.362549,0.69873,18.722534,75.706482,24.154661,0.9631276732214685
30.64,0.288818,-0.185547,0.585449,23.315428,88.027946,25.245665,0.6786708023290821
30.65,0.121338,-0.121582,0.651123,23.857115,68.054199,16.639709,0.6733990303653548
30.66,0.17627,-0.199463,0.780762,14.47296,27.534483,-5.630493,0.8248914485633853
30.67,0.305908,-0.20166,0.67627,-0.160217,-7.942199,-14.114379,0.7691473025136343
30.68,0.3396,-0.242188,0.658203,-28.541563,-2.990722,-0.816345,0.7792396143375926
30.69,0.044922,-0.481201,0.739502,-38.757324,5.317688,-15.586852,0.8834226601627332
30.7,-0.097412,-0.401123,0.762695,-31.578062,-29.922483,-32.188416,0.867232622713191
30.71,0.232422,-0.33667,0.709473,-45.768734,-71.151733,-44.128414,0.8189741221265786
30.72,0.353516,-0.449951,0.663574,-58.570858,-90.888969,-43.113705,0.8762191039534575
30.73,0.157227,-0.477539,0.699463,-55.404659,-102.546684,-35.697937,0.8614013666224357
30.74,0.178223,-0.463623,0.786377,-54.38232,-118.827812,-45.738216,0.9301067196762961
30.75,0.409668,-0.55542,0.80542,-59.585567,-137.825012,-59.440609,1.0606698935220138
30.76,0.687988,-0.692383,0.788574,-54.626461,-141.426086,-61.035152,1.254818975115136
30.77,0.970703,-0.805176,0.74707,-32.196045,-108.26873,-51.23138,1.4658397900469888
30.78,0.908936,-0.737061,0.759033,4.852295,-49.026485,-19.752502,1.394831410926066
30.79,0.584961,-0.574463,0.80249,33.493042,1.518249,15.098571,1.147247710823604
30.8,0.280029,-0.523682,0.80957,44.830318,17.38739,28.297422,1.0040232382096541
30.81,0.119385,-0.573242,0.892822,49.438473,-3.746032,18.295288,1.0677032792274266
30.82,0.116699,-0.638672,0.86499,41.572567,-50.765987,-9.727478,1.0815397728632081
30.83,0.113281,-0.635742,0.657959,33.164978,-110.740654,-29.563902,0.9219059177627618
30.84,0.075439,-0.522705,0.466309,34.072876,-172.508224,-42.732235,0.704525118946798
30.85,0.124268,-0.37793,0.29834,33.233643,-231.086716,-69.190979,0.4972729394648375
30.86,0.278564,-0.306396,0.155273,27.6947,-249.992355,-98.121635,0.44225119043480254
30.87,0.542969,-0.329346,0.126465,22.766111,-249.992355,-114.173882,0.6475164236542577
30.88,0.84082,-0.39917,0.130127,18.684387,-249.504074,-109.817497,0.9398127459387854
30.89,1.088867,-0.473877,0.144287,14.572143,-249.992355,-91.918938,1.1962480901497816
30.9,1.0625,-0.485596,0.219482,14.427184,-248.275742,-66.436768,1.1886471610785094
30.91,1.026611,-0.46167,0.253174,9.376526,-207.588181,-60.531612,1.1537618508587464
30.92,1.112549,-0.562988,0.167236,1.800537,-144.241333,-70.297241,1.2580495400583396
30.93,1.177002,-0.633789,0.148682,10.520934,-98.648064,-55.6488,1.3450384907685728
30.94,1.084961,-0.638428,0.206055,25.115965,-65.544128,-25.878904,1.2756133213987693
30.95,0.93042,-0.574463,0.238281,39.871216,-35.247803,-6.965637,1.1191366984108777
30.96,0.874023,-0.49292,0.260254,51.757809,-2.952575,-5.256652,1.036638063860767
30.97,0.85791,-0.470215,0.244873,63.278194,25.894163,-2.220154,1.0085011157425658
30.98,0.835205,-0.4375,0.258301,78.987122,51.803585,8.293152,0.9775955444998713
30.99,0.772217,-0.375,0.368164,91.827385,74.424744,14.72473,0.9340711032812224
31.0,0.609863,-0.358643,0.419922,89.096062,80.986015,19.187927,0.8227345661281044
31.01,0.475342,-0.342529,0.389404,83.274834,69.770813,26.283262,0.7034995437247987
31.02,0.422119,-0.293701,0.350586,81.382744,46.981808,28.427122,0.622378719878821
31.03,0.395508,-0.268799,0.285645,77.102661,18.890381,25.360106,0.5570211364840656
31.04,0.384521,-0.243896,0.270508,76.24054,-12.5885,25.657652,0.5296378350542945
31.05,0.435303,-0.207031,0.308105,78.330994,-44.364925,25.215147,0.572083235023541
31.06,0.490479,-0.175293,0.330078,76.164246,-71.502686,23.223875,0.6166431475124005
31.07,0.543945,-0.163086,0.282471,66.78772,-90.972893,24.80316,0.6342421243200423
31.08,0.605225,-0.223389,0.128906,57.15942,-114.471428,26.924131,0.657888062501517
31.09,0.640137,-0.324707,0.110352,63.285824,-141.975403,34.988403,0.7262145540554802
31.1,0.769531,-0.355225,0.263428,82.19146,-149.421692,52.688595,0.8875567991796356
31.11,0.908691,-0.323975,0.377441,89.317314,-134.849548,68.061829,1.035925114372173
31.12,1.0271,-0.323975,0.461182,78.384399,-106.590263,77.323914,1.171572894765409
31.13,1.062012,-0.436035,0.362305,65.696716,-74.989319,94.291679,1.2038525334915402
31.14,1.096924,-0.549072,0.185547,74.256897,-37.406921,114.082329,1.2406248474736432
31.15,1.136963,-0.503418,0.245361,103.645317,4.196167,120.925896,1.2674054467351796
31.16,1.134033,-0.390869,0.418213,123.146049,36.567688,128.623962,1.2703194612454776
31.17,1.094238,-0.384277,0.544189,116.630547,45.906063,139.785767,1.2810805131192966
31.18,1.169922,-0.540527,0.598877,100.273125,39.588928,138.122559,1.4211054095112015
31.19,1.507324,-0.748535,0.732666,99.777214,36.560059,117.446892,1.835518933369253
31.2,1.849121,-0.729004,0.831299,112.42675,55.976864,101.837151,2.154472866400967
31.21,1.841553,-0.486572,0.712891,108.26873,108.718864,110.115044,2.033785470710714
31.22,1.535156,-0.310303,0.542236,98.381035,168.136581,119.438164,1.6574111668023117
31.23,1.204346,-0.264404,0.462646,95.596306,194.35881,109.497063,1.3169662426379802
31.24,1.043701,-0.332031,0.464355,96.511833,177.551254,92.544548,1.1896141930840436
31.25,1.083496,-0.363281,0.602051,104.965202,142.753601,79.38385,1.2916663940731754
31.26,1.16748,-0.30249,0.743408,99.861137,121.238701,62.545773,1.4167445800016318
31.27,1.019531,-0.257324,0.645752,74.775696,108.13903,51.155087,1.2339589727543618
31.28,0.831299,-0.316406,0.554688,59.67712,93.696587,49.85046,1.0482602546987079
31.29,0.800537,-0.335205,0.635498,63.056942,76.522827,35.53772,1.0756763399824318
31.3,0.907715,-0.281494,0.737549,61.744686,60.417171,21.232603,1.2029812636371358
31.31,0.96167,-0.285645,0.52832,40.962215,63.415524,23.315428,1.1338096301077178
31.32,0.885498,-0.299316,0.246338,28.83148,80.490105,26.115416,0.9666329117633022
31.33,0.692627,-0.187988,0.39502,53.230282,83.335869,26.077269,0.8192145321422222
31.34,0.566895,-0.094971,0.650879,61.866756,64.674377,29.640196,0.868350680604904
31.35,0.506592,-0.189697,0.732178,44.204708,34.484863,32.463074,0.9103323733433849
31.36,0.570557,-0.290039,0.74707,39.085388,8.865356,26.374815,0.9837537784781312
31.37,0.838623,-0.253906,0.844238,38.276672,2.777099,9.307861,1.216755765800598
31.38,0.918945,-0.220947,0.796631,24.490355,15.61737,3.410339,1.2360818904890565
31.39,0.681152,-0.187012,0.599609,9.674072,33.52356,27.137754,0.9265379043131479
31.4,0.387939,-0.237549,0.503174,6.698608,32.25708,40.596004,0.6783142851201057
31.41,0.315186,-0.350586,0.552002,24.124144,9.727478,21.820066,0.7259193935940822
31.42,0.366943,-0.347412,0.705566,46.997066,-18.348694,5.760192,0.8678511642839457
31.43,0.399902,-0.311768,0.812988,51.536556,-46.043392,2.059937,0.958159894575013
31.44,0.328369,-0.148926,0.907471,43.121334,-79.940796,-5.271911,0.9764777362940745
31.45,0.028809,-0.101563,0.744629,5.332946,-142.883301,-15.792846,0.7520753613109527
31.46,-0.057129,-0.478516,0.230469,-26.68762,-217.826828,-49.507137,0.5341883982809811
31.47,0.35083,-0.35083,0.190674,16.342163,-249.992355,-109.870903,0.5315260596396003
31.48,0.595459,-0.014404,0.266357,41.114803,-249.992355,-133.178711,0.6524760128510473
31.49,0.564453,-0.020508,0.235352,17.089844,-249.275192,-139.717102,0.6118973207793935
31.5,0.575195,-0.212158,0.178223,4.28009,-249.992355,-166.671738,0.6384541821603176
31.51,0.548828,-0.227539,0.093506,14.122008,-249.992355,-179.954514,0.6014395581777108
31.52,0.560791,-0.17041,0.02124,24.360655,-249.984726,-185.127243,0.5864957385872467
31.53,0.686279,-0.269775,0.095459,33.126831,-249.992355,-181.816086,0.7435521751343345
31.54,0.668945,-0.234619,0.177002,45.257565,-249.992355,-156.860352,0.7306594255807558
31.55,0.748535,-0.026367,0.173828,54.374691,-249.992355,-142.494202,0.7689057409708943
31.56,0.959717,0.021973,0.114258,52.070614,-245.040878,-147.148132,0.9667442388667232
31.57,0.927734,-0.07373,0.043457,56.457516,-201.904282,-122.787468,0.9316732251733973
31.58,0.673096,-0.055176,-0.062256,74.401855,-155.456543,-89.714043,0.6782170933617052
31.59,0.491699,0.04834,-0.009033,97.671501,-138.244629,-83.94622,0.4941520588745938
31.6,0.351807,0.130615,0.061523,110.626213,-157.409668,-82.702629,0.3802808475363964
31.61,0.296143,0.130127,-0.057373,102.157585,-197.998032,-78.956604,0.3285199745936311
31.62,0.49585,0.160889,-0.206299,99.876396,-230.895981,-79.277039,0.5606351489355622
31.63,0.941162,0.211426,-0.26001,103.668205,-237.487778,-86.784355,0.9990455764478416
31.64,1.176758,0.129639,-0.265381,109.039299,-215.087875,-80.078125,1.2132570774761628
31.65,1.081543,0.112793,-0.323242,124.549858,-180.976852,-56.900021,1.1344350630432753
31.66,1.006348,0.16626,-0.299072,142.288208,-155.906677,-59.852596,1.0629312046825985
31.67,1.039795,0.176514,-0.133789,147.827148,-154.327393,-74.234009,1.0631229142211167
31.68,1.196289,0.160889,-0.225586,136.756897,-158.248901,-81.733696,1.227958340188298
31.69,1.274902,0.213623,-0.41626,126.380913,-147.521973,-73.730469,1.35804354986613
31.7,1.307617,0.298828,-0.521973,119.73571,-113.922112,-71.762085,1.4393110174670378
31.71,1.237305,0.300049,-0.565186,112.014763,-92.231743,-70.350647,1.3929782051496715
31.72,1.168213,0.268555,-0.573486,111.404411,-95.680229,-66.40625,1.3288075833581023
31.73,1.23291,0.297363,-0.516357,119.140617,-103.172295,-79.978943,1.369348886631161
31.74,1.327637,0.367432,-0.487549,120.216362,-91.064445,-98.640434,1.4612769435647712
31.75,1.325684,0.385986,-0.533203,110.671989,-58.692928,-103.378288,1.4801110428819184
31.76,1.193848,0.357422,-0.508545,102.081291,-39.779663,-96.740715,1.345972343777167
31.77,1.022705,0.324707,-0.460449,96.252434,-47.95837,-86.013786,1.167635831274032
31.78,0.95874,0.296875,-0.326172,93.177788,-71.95282,-82.847588,1.0553223805117562
31.79,0.861084,0.22168,-0.421387,93.170158,-115.646355,-93.109123,0.9839586786166378
31.8,0.772949,0.202637,-0.621338,107.00988,-170.433029,-116.889946,1.0122118457190667
31.81,0.878906,0.302246,-0.80127,129.898071,-194.419846,-134.269714,1.2271356951258487
31.82,1.172119,0.457764,-0.658203,148.06366,-153.121948,-124.717705,1.4200852154240604
31.83,1.263916,0.530273,-0.1604,141.51001,-71.617126,-105.094902,1.3800004599944886
31.84,0.9729,0.399414,-0.171143,100.448601,12.115478,-88.584892,1.0655307972297188
31.85,0.531006,0.317871,-0.537598,77.262878,64.041138,-61.18774,0.8197688419798597
31.86,0.20874,0.370605,-0.668457,82.664482,48.912045,-52.322384,0.7923100494591747
31.87,0.167725,0.427246,-0.693359,85.182182,-13.961791,-66.734314,0.8315151971082668
31.88,0.326904,0.464844,-0.689453,87.35656,-70.327759,-66.474915,0.8934716608606005
31.89,0.572266,0.522705,-0.619629,93.307487,-87.387077,-53.184505,0.9922948097324706
31.9,0.885986,0.552246,-0.539063,92.796318,-65.475464,-48.477169,1.174962022654775
31.91,1.085938,0.497803,-0.469238,85.266106,-24.826048,-49.72076,1.2834537262001309
31.92,1.106445,0.400146,-0.475586,81.954948,28.167723,-45.410152,1.2690624108912059
31.93,1.004395,0.319092,-0.550537,87.98217,81.871025,-31.845091,1.1889995832034592
31.94,0.858887,0.282715,-0.474854,100.700371,121.543877,-12.809752,1.0213231473485753
31.95,0.794678,0.280518,-0.213623,108.924858,143.173218,7.499694,0.8693895893884398
31.96,0.853027,0.23877,0.0354,102.462761,147.903442,30.990599,0.8865209166336686
31.97,0.88916,0.178223,-0.026611,90.118401,142.929077,51.414486,0.9072359608448068
31.98,0.885742,0.168457,-0.140869,82.595818,139.778137,56.129452,0.912557245642157
31.99,0.968018,0.196289,-0.196045,84.182732,141.220093,52.970882,1.0069865251680383
32.0,1.004639,0.233398,-0.114746,93.429558,130.119324,54.290768,1.03775757826238
32.01,0.950684,0.230713,-0.074219,95.764153,104.637138,62.103268,0.9810897085312841
32.02,0.818115,0.18042,-0.20166,89.309685,64.567566,70.014954,0.8617019700714394
32.03,0.669434,0.120117,-0.188232,85.960381,15.86914,71.281433,0.7056920432235296
32.04,0.675781,0.06958,-0.072998,88.821404,-35.171509,63.957211,0.6832642566130618
32.05,0.912842,0.011963,-0.02417,93.864433,-81.596367,56.076046,0.9132402855946512
32.06,1.133789,-0.057617,-0.044189,98.731987,-105.37719,57.579037,1.1361117387523991
32.07,1.049561,-0.077148,-0.033936,107.810966,-101.318352,70.388794,1.0529395798055081
32.08,0.845459,0.017822,-0.04126,115.905754,-75.782776,81.771843,0.8466527812302986
32.09,0.784668,0.127197,-0.133545,110.885612,-43.464657,67.512512,0.8060503793547895
32.1,0.924072,0.131592,-0.207275,96.321098,-25.177,28.350828,0.9561320208386497
32.11,1.193115,-0.022217,-0.235107,72.181702,-16.242981,-0.427246,1.2162616082747164
32.12,1.349609,-0.196289,-0.354248,52.467342,9.269714,-2.105713,1.409065459766153
32.13,1.264648,-0.234863,-0.44165,56.587215,51.536556,10.993957,1.3599815863360063
32.14,1.218262,-0.214355,-0.322998,76.766968,84.022514,13.031005,1.2784514361808976
32.15,1.067383,-0.171875,-0.217529,87.219231,66.02478,-13.610839,1.1027993245169314
32.16,0.76709,-0.187012,-0.161377,65.383911,0.663757,-27.885435,0.8058803213709838
32.17,0.642822,-0.162598,-0.261475,34.729004,-71.929932,-14.320373,0.7127604148050031
32.18,0.724854,-0.023682,-0.404541,22.117613,-120.704643,-18.188477,0.8304381850089747
32.19,0.869873,0.044678,-0.461182,12.809752,-134.391785,-44.31152,0.9855780014473741
32.2,0.945068,0.006104,-0.496582,2.746582,-117.248528,-56.259151,1.0676068874656064
32.21,0.998291,-0.041748,-0.450439,3.631592,-81.43615,-49.743649,1.096003243109253
32.22,1.073975,-0.054443,-0.408691,10.131835,-50.98724,-54.496761,1.1503976157637845
32.23,1.031982,-0.057861,-0.439209,6.454467,-35.827637,-61.44714,1.1230491037020598
32.24,0.905029,-0.052734,-0.51001,2.807617,-17.158508,-44.021603,1.040177179953973
32.25,0.735352,0.020996,-0.510742,11.764525,1.487732,-25.070189,0.8955672986906121
32.26,0.58252,0.114014,-0.404785,22.247313,-8.087158,-32.600403,0.7184564279209978
32.27,0.545166,0.122559,-0.351318,16.441345,-61.889645,-57.28912,0.6600386452026882
32.28,0.744141,0.03833,-0.408936,-2.609253,-120.964043,-68.267822,0.8499668633993916
32.29,1.014893,-0.032471,-0.555176,-14.915465,-141.304016,-64.117432,1.1572737611585255
32.3,1.120117,-0.036377,-0.647461,-8.750916,-116.4627,-53.344723,1.2942917469948574
32.31,1.009766,0.015869,-0.611084,11.20758,-73.005676,-38.993835,1.1803825036711615
32.32,0.792969,0.100342,-0.489746,29.884336,-44.616695,-34.217834,0.9374003928103508
32.33,0.67334,0.12793,-0.424316,28.648375,-52.261349,-45.69244,0.8060998128991224
32.34,0.701172,0.075928,-0.517334,10.475158,-82.595818,-52.383419,0.8746666235337895
32.35,0.818359,0.043457,-0.636963,2.548218,-90.682976,-37.940979,1.0379411481866396
32.36,0.912354,0.083008,-0.646484,14.404296,-68.603516,-27.313231,1.1212589850859613
32.37,0.874023,0.153809,-0.561035,27.282713,-42.297359,-28.999327,1.049920799029622
32.38,0.861816,0.162109,-0.554443,28.175352,-34.77478,-32.402039,1.0375033426384708
32.39,0.848877,0.101563,-0.632324,19.775391,-50.277706,-26.382444,1.063362988388255
32.4,0.740723,0.041992,-0.593262,18.516541,-60.997005,-9.033203,0.9499440464769492
32.41,0.619141,0.057861,-0.448242,29.762266,-64.239502,-7.446289,0.7665535622290199
32.42,0.622559,0.132813,-0.432617,29.663084,-58.212276,-16.914368,0.7696599704668289
32.43,0.737305,0.241943,-0.625488,20.294188,-30.448912,-22.087095,0.9966896790967588
32.44,0.705322,0.29248,-0.652588,15.594481,-4.959106,-27.9541,1.0044375400332266
32.45,0.651855,0.221191,-0.545166,4.859924,-11.291503,-38.818359,0.8780924592900227
32.46,0.618408,0.07373,-0.549805,-15.502929,-42.648312,-28.030394,0.8307527342049498
32.47,0.661133,-0.027588,-0.649414,-23.094175,-56.137081,-2.044678,0.9271442632239063
32.48,0.769775,-0.020752,-0.664063,-10.963439,-46.07391,-7.286071,1.0168401369428726
32.49,0.840576,0.044189,-0.548584,2.105713,-18.211365,-26.412962,1.00472139648412
32.5,0.811279,0.138672,-0.453369,2.304077,23.460386,-31.166075,0.939652589836265
32.51,0.726807,0.206299,-0.472412,-10.017395,57.113644,-31.745909,0.8910559973391122
32.52,0.760254,0.180176,-0.517578,-27.214048,61.836239,-37.834167,0.9371960955829894
32.53,0.814697,0.067627,-0.543213,-42.633053,44.776913,-41.038509,0.981521765579857
32.54,0.775635,-0.033936,-0.424805,-47.645565,37.376404,-28.785704,0.8849975103614698
32.55,0.658691,-0.05835,-0.311768,-43.540951,47.554012,-16.052246,0.7310799147870225
32.56,0.563477,0.014404,-0.476563,-33.02002,62.70599,-20.095823,0.7381233621245165
32.57,0.528564,0.160156,-0.627197,-20.51544,66.413879,-38.505554,0.8357068404895344
32.58,0.598145,0.256104,-0.631104,-19.775391,53.390499,-54.77142,0.9064540576648107
32.59,0.75415,0.236328,-0.623535,-32.112122,24.536131,-55.213924,1.0066722616169574
32.6,0.878418,0.14624,-0.527344,-45.372005,-7.057189,-40.565487,1.0349376863657058
32.61,0.876953,0.06665,-0.354736,-53.405758,-20.317076,-24.932859,0.9483282218752113
32.62,0.841064,0.0,-0.301514,-53.955074,-1.235962,-19.256592,0.893475989768052
32.63,0.873535,0.010498,-0.426514,-37.857056,36.4151,-21.629332,0.9721562613206788
32.64,0.899902,0.125488,-0.504883,-12.855529,63.705441,-28.106688,1.0394602885329483
32.65,0.895752,0.245361,-0.468506,-2.082825,67.253113,-33.470154,1.0402266761917809
32.66,0.876709,0.246826,-0.37207,-14.98413,51.605221,-31.364439,0.9838586432293005
32.67,0.871582,0.124023,-0.393311,-33.546448,34.751892,-18.478394,0.9642253004220538
32.68,0.842773,0.031982,-0.47998,-28.915403,25.848387,-2.02179,0.9703968148407125
32.69,0.817871,0.058838,-0.455322,-7.057189,22.621153,3.677368,0.9379195096430184
32.7,0.855713,0.138672,-0.420898,4.013062,19.058228,-3.982544,0.9636543925894802
32.71,0.953369,0.200195,-0.349854,2.037048,14.312743,-10.917663,1.0350788904726056
32.72,1.043945,0.210693,-0.297363,-4.676819,18.386841,-7.156372,1.1057293778511086
32.73,1.193359,0.216553,-0.360352,-9.94873,40.702816,0.801086,1.265248777353292
32.74,1.33252,0.209229,-0.381348,-23.063658,73.356628,2.555847,1.4017177397554044
32.75,1.30127,0.143311,-0.383301,-37.162781,114.257805,10.719298,1.36409725174637
32.76,1.111328,0.09375,-0.568115,-40.145874,158.287048,27.755735,1.251636384621748
32.77,0.705078,0.088379,-0.809082,-31.234739,167.831406,28.671263,1.0768284526557608
32.78,0.373535,0.099121,-0.7229,-12.062072,130.813599,1.693725,0.8197181093924911
32.79,0.345215,0.123291,-0.633057,3.890991,66.581726,-31.448362,0.7315293788734667
32.8,0.533691,0.174316,-0.597412,11.215209,-8.155823,-46.768185,0.8198251332333012
32.81,0.698975,0.184814,-0.555908,10.017395,-71.472168,-51.132198,0.9120065623036931
32.82,0.805664,0.196533,-0.515381,10.559081,-94.947807,-43.113705,0.9763899201374419
32.83,0.9729,0.249268,-0.458984,12.847899,-69.831848,-15.624999,1.1042351461894335
32.84,1.075684,0.27417,-0.484863,9.437561,-13.603209,12.359618,1.2113452792350332
32.85,0.975586,0.266602,-0.426758,2.26593,43.563839,13.885497,1.0977099163094046
32.86,0.830078,0.223877,-0.412354,-11.901855,68.847656,1.525879,0.9535125686266542
32.87,0.716309,0.197266,-0.451172,-21.812437,53.230282,5.813598,0.8692345091061445
32.88,0.732422,0.204102,-0.479248,-25.695799,23.16284,15.304564,0.898764851333206
32.89,0.850342,0.24585,-0.501465,-21.606443,-0.953674,19.477844,1.0173450180194525
32.9,0.997803,0.25708,-0.398682,-16.387939,-11.787414,24.29962,1.1048295299877715
32.91,1.144287,0.246338,-0.38208,-9.162903,-6.645202,30.281065,1.2312839944598484
32.92,1.174805,0.237549,-0.436035,-1.63269,2.403259,40.969845,1.2754304515147035
32.93,1.063721,0.197998,-0.460449,4.768372,6.393432,54.924007,1.175890664749916
32.94,0.898682,0.138672,-0.475586,16.822815,5.104064,67.230225,1.0261780080005614
32.95,0.798584,0.07666,-0.413818,35.552979,0.579834,73.371887,0.9026951300300672
32.96,0.780518,0.05249,-0.43457,53.497311,-5.91278,67.764282,0.8948824690002593
32.97,0.598389,0.104736,-0.116211,64.01062,-9.620667,55.755611,0.6185014321228367
32.98,0.399902,0.0896,0.408691,51.017757,-0.25177,34.057617,0.5787729287769081
32.99,0.626953,0.067383,0.255127,30.487059,14.091491,3.112793,0.6802207869706718
33.0,0.986328,0.140381,-0.192627,23.193357,14.526366,-21.446226,1.014719128564156
33.01,1.178711,0.22998,-0.369629,19.378662,16.021729,-21.675108,1.2565333340433116
33.02,1.380371,0.301025,-0.420654,7.118225,41.78619,1.205444,1.474106487327832
33.03,1.598145,0.312012,-0.503174,-15.975951,89.302055,24.978636,1.7042895890795673
33.04,1.459229,0.229004,-0.564941,-39.138794,142.616272,36.697388,1.5814393570219507
33.05,1.045898,0.121826,-0.596191,-46.455379,182.991013,30.334471,1.2100363255543198
33.06,0.731445,0.053711,-0.585938,-37.338257,180.50383,4.417419,0.9387331886057934
33.07,0.590088,0.060303,-0.528564,-24.322508,123.573296,-31.646727,0.7944936762800571
33.08,0.649902,0.122803,-0.438721,-15.388488,38.124084,-57.861324,0.7936808566760319
33.09,0.859131,0.206055,-0.339355,-11.741637,-33.569336,-59.577938,0.9464283143540243
33.1,1.063721,0.259033,-0.256836,-17.272949,-57.556149,-46.188351,1.1245288754967566
33.11,1.141846,0.238037,-0.192383,-31.34918,-27.786253,-36.727905,1.1821527480719232
33.12,1.048828,0.161621,-0.146973,-43.075558,39.535522,-35.552979,1.0713368209643501
33.13,0.925049,0.093994,-0.07373,-41.793819,119.247429,-38.078308,0.9327307421421254
33.14,0.946289,0.076904,0.050537,-31.135557,178.413376,-48.385616,0.9507529043373995
33.15,1.035156,0.106934,0.164795,-23.635862,196.739182,-64.01825,1.0536319170929664
33.16,1.025146,0.130371,0.256348,-23.948668,191.406235,-62.164303,1.0647230701271573
33.17,0.950684,0.126221,0.31543,-28.236387,191.154465,-32.89032,1.0095681718422982
33.18,0.930176,0.125732,0.282471,-30.891417,199.707016,0.534058,0.9802172170702778
33.19,0.9021,0.163818,0.176025,-28.20587,200.378403,14.282226,0.9335981725287384
33.2,0.789795,0.237061,0.105713,-19.950867,189.842209,12.878417,0.8313538946291165
33.21,0.755371,0.303711,0.125488,-13.481139,184.707626,9.986877,0.8237553989540827
33.22,0.812012,0.324707,0.1521,-16.571045,184.03624,7.247924,0.8876556393067078
33.23,0.878662,0.294678,0.151611,-24.185179,177.864059,0.694275,0.9390782338277254
33.24,0.921143,0.244629,0.119385,-27.687071,157.981873,-4.78363,0.9605209796329282
33.25,0.880127,0.195313,0.072266,-26.237486,126.15966,2.380371,0.9044296981269467
33.26,0.788574,0.164063,0.096924,-22.28546,97.084038,24.177549,0.8112705363939947
33.27,0.835449,0.169922,0.209717,-18.325806,81.466667,45.333858,0.8779690984163394
33.28,0.969238,0.220947,0.292725,-21.530149,69.770813,53.665157,1.036304879404705
33.29,1.016602,0.246094,0.293945,-34.286499,59.143063,53.787228,1.086483109056464
33.3,1.001709,0.210205,0.279297,-48.896786,54.733273,55.290218,1.0609495166665566
33.31,0.975098,0.141113,0.306396,-56.816097,57.647701,62.316891,1.0317981862694856
33.32,1.034424,0.071045,0.380371,-56.205746,71.098328,73.364258,1.104428585940259
33.33,1.218262,0.074219,0.479492,-54.924007,90.827934,80.894463,1.311328844595817
33.34,1.417969,0.120117,0.462891,-62.217709,105.461113,83.137505,1.4964398606462608
33.35,1.350098,0.13208,0.343262,-70.487976,112.54882,90.934746,1.3992993020251243
33.36,0.984131,0.115234,0.22876,-66.40625,141.204834,108.459465,1.0169187959306287
33.37,0.823975,0.120117,0.199707,-54.351803,207.267746,114.608757,0.8562977170137732
33.38,0.849854,0.139648,0.149902,-44.654842,249.618515,82.771294,0.8741990590386151
33.39,0.833008,0.134033,0.123779,-43.891903,231.880173,32.554626,0.8527534309482431
33.4,0.753662,0.116211,0.072754,-44.967648,174.507126,5.699157,0.7660316907811322
33.41,0.67041,0.10791,0.047607,-42.251583,101.97448,11.138915,0.6807059296414274
33.42,0.607422,0.132324,0.074707,-31.73065,36.979675,27.214048,0.6261407692436263
33.43,0.541748,0.173584,0.236572,-14.076232,-7.04956,33.813477,0.6161076299998239
33.44,0.470459,0.211426,0.460205,-2.182007,-35.491943,28.053282,0.6912461690179555
33.45,0.434326,0.211914,0.532715,-15.441894,-57.548519,16.067505,0.7192578737122035
33.46,0.413818,0.125488,0.477539,-40.115356,-84.152214,17.204285,0.6442329328659007
33.47,0.515137,0.037109,0.406494,-53.298946,-105.484001,27.57263,0.6572522945460137
33.48,0.71875,-0.018311,0.336426,-55.046078,-104.843132,32.531738,0.7938005471760522
33.49,0.835693,-0.009033,0.348877,-47.134396,-82.611076,34.507751,0.9056376463393072
33.5,0.817627,0.026611,0.395996,-41.290279,-67.78717,34.645081,0.9088646150368052
33.51,0.777588,0.00415,0.448242,-41.755672,-67.619324,45.730587,0.8975417599242945
33.52,0.796631,-0.065918,0.473145,-40.763851,-57.174679,60.577389,0.9288876809980849
33.53,0.784424,-0.125732,0.481689,-33.638,-33.721924,55.671688,0.9290607301576147
33.54,0.79248,-0.167725,0.609863,-24.566648,-25.650023,42.304989,1.013947288962301
33.55,0.899414,-0.20166,0.656006,-27.130125,-35.980225,38.948059,1.1313514798823574
33.56,0.972168,-0.251465,0.481445,-34.210205,-39.215088,44.349667,1.1136132876694675
33.57,0.895264,-0.290771,0.343018,-28.96118,-32.76062,42.396542,1.0018516619045954
33.58,0.791992,-0.259766,0.403564,-14.183043,-40.702816,33.660889,0.9260634993973146
33.59,0.761475,-0.256592,0.467041,-9.140015,-62.423702,29.022215,0.9294142917827334
33.6,0.858154,-0.300293,0.412842,-7.186889,-73.295593,19.767761,0.9985202504351126
33.61,0.965088,-0.333984,0.288818,-2.861023,-78.613281,5.294799,1.0612992024514103
33.62,1.043213,-0.341309,0.226807,4.211426,-86.34948,6.370544,1.120815155187955
33.63,1.169678,-0.290283,0.335449,11.901855,-73.303223,17.829895,1.250974370390537
33.64,1.201416,-0.249756,0.348633,7.17163,-31.135557,20.942686,1.2756658783870485
33.65,1.092773,-0.26416,0.192627,-2.227783,16.426086,24.780272,1.1406307449205462
33.66,1.02832,-0.224365,0.037842,-0.839233,48.385616,26.832579,1.0531921441925969
33.67,1.009033,-0.133057,-0.067139,0.923157,56.65588,24.009703,1.019980100619125
33.68,0.94043,-0.11792,0.00293,-7.904052,44.05975,26.31378,0.9477986580492715
33.69,0.866211,-0.26001,0.085205,-21.118162,32.554626,22.6593,0.9083978140913814
33.7,0.918945,-0.384766,0.074219,-19.508362,39.482117,6.782531,0.9990061299821938
33.71,0.867188,-0.208984,0.115967,-1.083374,41.351315,-2.296448,0.8995208083691004
33.72,0.654785,-0.044678,0.149902,-1.88446,19.645691,-11.154174,0.6732088305370035
33.73,0.673096,-0.062012,0.137695,-15.472411,-23.849485,-40.519711,0.6898286935065836
33.74,0.876465,-0.197266,0.076904,-25.825499,-67.741394,-64.117432,0.9016756601999414
33.75,1.054932,-0.26123,0.086182,-23.582457,-83.503716,-71.82312,1.0902063908489987
33.76,1.105957,-0.201416,0.184326,-14.892577,-68.954468,-72.853088,1.1391599383673041
33.77,1.094727,-0.137451,0.210449,-12.374877,-46.70715,-70.388794,1.1232135876719975
33.78,1.048096,-0.114502,0.26709,-12.184142,-29.579161,-65.193176,1.0876364288308846
33.79,1.020508,-0.14917,0.320557,-13.603209,-12.016295,-61.576839,1.0800208596193872
33.8,1.124756,-0.199951,0.385986,-10.940551,12.130736,-59.402462,1.205836495605022
33.81,1.069092,-0.201172,0.452393,-1.296997,40.64941,-43.197628,1.1781711694388892
33.82,0.884277,-0.207031,0.415039,1.342773,65.246582,-18.196106,0.9985314312584256
33.83,0.664307,-0.173584,0.348145,8.743286,66.413879,0.358582,0.7698312388634277
33.84,0.526611,-0.058838,0.317383,19.294739,45.448299,7.026672,0.6176674058536682
33.85,0.546387,0.033936,0.302002,22.201536,14.22882,3.746032,0.6252164536134666
33.86,0.677246,0.064453,0.255859,21.659849,-10.803222,-2.410889,0.7268288392778591
33.87,0.801758,0.086426,0.22583,22.224424,-18.890381,-0.930786,0.8374273299457093
33.88,0.872803,0.088867,0.275879,22.071836,-12.96997,6.019592,0.9196693118393153
33.89,0.866211,0.031494,0.364746,18.974304,-3.952026,12.420653,0.9404004535691165
33.9,0.832764,-0.062256,0.427246,12.786864,-0.25177,17.044067,0.9380356249887314
33.91,0.819336,-0.164063,0.436523,6.561279,-9.742737,14.526366,0.9427515464818925
33.92,0.891357,-0.250488,0.396484,5.752563,-32.272339,4.959106,1.0072045978097002
33.93,1.010986,-0.288574,0.361572,16.014099,-54.412838,-3.623962,1.1118012218269955
33.94,1.052734,-0.262939,0.370361,31.921385,-60.600277,-2.601623,1.1465396036762099
33.95,1.101318,-0.190186,0.404053,41.427608,-46.554562,4.440308,1.1884152803330157
33.96,1.205566,-0.116211,0.41748,37.078857,-22.613523,2.189636,1.2810870100336667
33.97,1.23584,-0.100342,0.464844,25.108335,0.572205,-9.254456,1.324178600831474
33.98,1.167725,-0.127441,0.420654,13.206481,29.96826,-14.587401,1.2477069655259603
33.99,1.084717,-0.139893,0.27417,5.142211,62.58392,-11.375426,1.1275416668301
34.0,1.03833,-0.10791,0.157471,3.959656,85.067741,-12.290954,1.055732386943301
34.01,0.956543,-0.061768,0.188477,11.550902,93.376152,-17.547607,0.9768896438196077
34.02,0.849854,-0.012451,0.31665,21.247862,94.108574,-20.225523,0.9070138208522514
34.03,0.776611,0.016113,0.422363,20.103453,91.827385,-25.3067,0.8841802858348518
34.04,0.746582,-0.001465,0.451416,8.171082,89.233391,-30.22003,0.872446694076492
34.05,0.80249,-0.037109,0.444824,-2.952575,90.156548,-28.747557,0.9182786445066662
34.06,0.860352,-0.05542,0.409424,-5.645751,91.369621,-23.353575,0.9544134073241008
34.07,0.807861,-0.047119,0.342773,-3.662109,90.805046,-18.241882,0.8788361195416357
34.08,0.642578,-0.014648,0.356934,0.312805,86.72332,-13.534545,0.7352026457678182
34.09,0.508789,0.03125,0.421875,4.966736,76.652527,-12.596129,0.6616806817838949
34.1,0.513428,0.070313,0.464355,5.516052,56.983944,-23.200987,0.6958288548041106
34.11,0.608154,0.070068,0.521484,-2.960205,28.923033,-45.227047,0.8041805609413846
34.12,0.762451,0.011719,0.577637,-18.218994,4.66156,-62.965389,0.956626032538839
34.13,0.887939,-0.061035,0.547363,-28.083799,-9.399414,-61.019894,1.0448766399508604
34.14,0.906982,-0.079834,0.508789,-24.269102,-12.96234,-45.265194,1.043003385613393
34.15,0.817383,-0.033447,0.527344,-12.489318,-9.57489,-31.166075,0.9733064085035092
34.16,0.710938,0.038086,0.562988,-5.264282,-10.253905,-34.095764,0.9076557009042581
34.17,0.679688,0.079346,0.587646,-9.979248,-22.171019,-51.200863,0.9019974425551327
34.18,0.717529,0.082031,0.580811,-19.332886,-46.661373,-64.544678,0.9267784894585113
34.19,0.769287,0.050781,0.552002,-28.373716,-73.33374,-64.033508,0.9482021969675033
34.2,0.842285,0.010742,0.475342,-35.987854,-88.180534,-55.931087,0.9672173637569789
34.21,0.934326,0.00708,0.419434,-36.491394,-92.170708,-50.621029,1.024177758512652
34.22,0.981201,0.071777,0.451904,-28.015135,-93.109123,-48.71368,1.0826470178899492
34.23,0.982666,0.177979,0.500977,-20.912169,-90.515129,-45.3186,1.1172676252921678
34.24,1.006836,0.240967,0.528076,-27.709959,-81.80999,-42.877193,1.1621738629658644
34.25,1.023682,0.204346,0.538574,-47.256466,-65.635681,-43.968197,1.174625079894006
34.26,0.999512,0.099121,0.387939,-63.827511,-38.009644,-43.029781,1.0767292503252617
34.27,0.981445,0.032227,0.14917,-63.957211,-6.523132,-38.017273,0.9932394255435091
34.28,0.94873,0.025879,0.121338,-49.377438,7.217407,-38.17749,0.9568078416197267
34.29,0.894043,0.068359,0.250488,-31.60858,-5.470275,-45.761105,0.9309833923728178
34.3,0.847656,0.152832,0.343018,-23.635862,-30.609129,-50.361629,0.9271136191880691
34.31,0.845947,0.214844,0.355225,-33.050537,-51.11694,-45.44067,0.9423211086301738
34.32,0.843018,0.200439,0.327881,-50.971981,-59.463497,-33.905029,0.9264777877564038
34.33,0.840332,0.124268,0.336182,-61.363216,-56.228634,-26.069639,0.9135747058516889
34.34,0.863037,0.062744,0.403076,-59.29565,-51.87225,-31.112669,0.9545888825463034
34.35,0.919922,0.061279,0.449707,-53.039547,-53.25317,-44.654842,1.0257913958373799
34.36,1.019775,0.113281,0.432861,-49.461361,-54.939266,-50.598141,1.1136167567466826
34.37,1.087891,0.178223,0.373779,-49.034115,-50.544735,-43.235775,1.1640365142258209
34.38,1.062012,0.214355,0.270264,-50.796505,-32.653809,-30.487059,1.1166289374116183
34.39,1.0354,0.193604,0.231934,-54.244991,-2.235413,-24.681089,1.0785773264685292
34.4,1.022949,0.112549,0.242432,-56.701656,24.375914,-28.594969,1.0572914492352619
34.41,0.990234,0.033936,0.246826,-53.771969,35.308838,-32.920837,1.021096519006896
34.42,0.905273,0.013672,0.295654,-47.645565,29.403685,-30.158995,0.9524271183817689
34.43,0.782471,0.03833,0.364014,-45.806881,13.679503,-23.368834,0.8638496668616595
34.44,0.713867,0.07959,0.364502,-50.399776,-6.141662,-18.302917,0.8054826936644883
34.45,0.733643,0.100342,0.338623,-54.473873,-27.816771,-15.663146,0.8142273052053708
34.46,0.791016,0.102051,0.318359,-53.070065,-45.776363,-16.685486,0.8587625817057938
34.47,0.904785,0.114258,0.317383,-47.538754,-52.314754,-21.011351,0.9656203992656741
34.48,1.013428,0.133789,0.350098,-44.242855,-48.286434,-24.192808,1.0805111833336107
34.49,1.044434,0.133545,0.341309,-46.539303,-37.086487,-22.964476,1.1068732903372454
34.5,1.010986,0.114502,0.357422,-51.895138,-26.412962,-19.622803,1.0784033968251399
34.51,0.937012,0.095459,0.387207,-58.197018,-24.032591,-16.960144,1.0183482555953047
34.52,0.850098,0.092285,0.373047,-62.492367,-30.502317,-13.374328,0.9329240028201655
34.53,0.852051,0.120361,0.31665,-62.82806,-42.854305,-9.170532,0.9169214248898321
34.54,0.921875,0.164551,0.238037,-58.04443,-55.175777,-7.072448,0.9662257296279168
34.55,1.030518,0.198486,0.19043,-52.017208,-53.314205,-9.475708,1.0665962804266664
34.56,1.122803,0.217041,0.217285,-51.74255,-40.054321,-11.383056,1.164047311630846
34.57,1.068359,0.203857,0.274902,-62.622066,-30.677794,-8.491516,1.1218376615776455
34.58,0.900146,0.155029,0.273438,-75.98114,-29.327391,-2.6474,0.9534490820180174
34.59,0.802246,0.14502,0.158447,-76.86615,-31.486509,7.888793,0.8305027975419469
34.6,0.837646,0.172607,0.065674,-68.870544,-36.361694,15.182494,0.8577628297151841
34.61,0.883301,0.195313,0.032227,-61.973568,-40.557858,12.33673,0.9052106959702807
34.62,0.904053,0.188232,0.061768,-60.844418,-41.732784,6.29425,0.9255044021813187
34.63,0.896973,0.155273,0.129883,-65.673828,-50.567623,3.761291,0.9195324142992459
34.64,0.854492,0.123779,0.161133,-72.753906,-71.884155,6.301879,0.8783175180958194
34.65,0.835205,0.110107,0.13623,-75.485229,-95.893852,14.808654,0.8533753900681692
34.66,0.838623,0.096436,0.095703,-73.944092,-109.298698,24.238585,0.8495572390569102
34.67,0.82959,0.075928,0.036133,-72.677612,-103.347771,26.512144,0.8338406460307629
34.68,0.871338,0.05249,-0.004639,-68.534851,-85.250847,19.683838,0.8729299116567147
34.69,0.94458,0.049561,-0.011475,-61.06567,-76.950073,8.995056,0.9459489123340646
34.7,0.953857,0.050049,0.093994,-58.250423,-89.073174,4.768372,0.9597827623405204
34.71,0.923584,0.008789,0.165039,-66.459656,-110.298149,10.482787,0.9382550416054262
34.72,0.958008,-0.053223,0.131592,-75.10376,-124.15313,21.812437,0.9684670723659117
34.73,1.06543,-0.087891,0.089111,-72.944641,-123.939507,29.678343,1.072756581476898
34.74,1.139648,-0.077148,0.018799,-64.193726,-112.831108,30.662535,1.1424109506692415
34.75,1.161865,-0.067627,-0.012939,-54.428097,-99.662773,28.717039,1.163903392500855
34.76,1.181885,-0.097412,-0.000488,-44.151302,-90.75927,29.167173,1.1858926971328394
34.77,1.143799,-0.128906,-0.030518,-33.836365,-90.606682,34.584045,1.1514444222631852
34.78,1.070801,-0.151611,-0.012207,-26.428221,-96.099846,42.564388,1.0815496695811062
34.79,1.006348,-0.179688,0.063232,-26.657103,-98.556511,47.195431,1.024217926162201
34.8,0.889404,-0.224854,0.074463,-34.446716,-85.708611,46.463009,0.920404006347756
34.81,0.773193,-0.224854,-0.033936,-31.585691,-50.682064,43.594357,0.8059394447854008
34.82,0.791504,-0.121826,-0.12793,-13.984679,-22.270201,30.296324,0.810978570118841
34.83,0.865479,-0.011963,-0.157715,-3.15094,-25.482176,14.22119,0.8798130676655127
34.84,0.926025,-0.009521,-0.147217,-5.134582,-44.090267,17.219543,0.9377024022337791
34.85,0.991455,-0.078613,-0.10498,-9.468079,-57.067867,35.15625,1.0000919063736091
34.86,1.045166,-0.130371,-0.094482,-9.32312,-56.587215,45.043941,1.057494876356855
34.87,1.065186,-0.130127,-0.096924,-4.577637,-41.473385,40.794369,1.0774732073239686
34.88,1.108398,-0.085449,-0.108887,1.38092,-20.805357,29.556273,1.1170067308543847
34.89,1.133057,-0.007813,-0.170654,5.218505,-5.546569,21.736143,1.1458629917813037
34.9,1.155273,0.078369,-0.223877,4.737854,9.010315,22.506712,1.1793720006083745
34.91,1.19458,0.088867,-0.235352,-5.340576,19.721985,24.726866,1.220782242659599
34.92,1.177979,0.006592,-0.196045,-17.707825,27.412413,26.138304,1.194199154634603
34.93,1.110596,-0.094482,-0.158691,-23.483274,45.135494,31.875608,1.1258477503734685
34.94,0.988037,-0.144531,-0.134766,-20.26367,67.878723,38.383484,1.007605179664138
34.95,0.886963,-0.124756,-0.118408,-11.20758,76.370239,34.919739,0.9034865120017012
34.96,0.899902,-0.067871,-0.115723,-4.196167,60.455318,20.256041,0.9098471822091884
34.97,0.960449,-0.018066,-0.092285,-3.959656,36.079407,8.911133,0.9650415447958705
34.98,1.023438,0.00293,-0.00415,-10.551452,28.633116,8.331299,1.0234506081115982
34.99,1.06958,-0.062988,0.029785,-23.757933,44.471737,13.877868,1.0718470090311396
35.0,1.010254,-0.17041,0.020508,-31.120298,64.102173,24.063108,1.024730838161905
35.01,0.893066,-0.246094,-0.017578,-27.549742,79.467773,39.299011,0.9265193593638505
35.02,0.822754,-0.243652,-0.054443,-13.305663,92.956535,54.183956,0.8597990938986851
35.03,0.868896,-0.162109,0.040283,2.281189,100.807182,54.435726,0.8848063668317492
35.04,0.896729,-0.097656,0.087402,-0.717163,96.992485,43.395992,0.9062553190911489
35.05,0.910645,-0.111328,0.009521,-12.596129,89.729301,37.483215,0.9174741898549518
35.06,1.018799,-0.136475,-0.055664,-19.020081,89.019768,35.774231,1.0294053180948697
35.07,1.115967,-0.181152,0.007568,-25.337217,99.082939,34.454346,1.1305996934445894
35.08,1.010742,-0.272949,0.083252,-30.487059,123.077385,47.607418,1.050253037448119
35.09,0.913574,-0.363525,0.138916,-24.032591,155.006409,68.511963,0.9930083253210922
35.1,0.855713,-0.397705,0.30957,-11.116027,166.160568,63.293453,0.9930999900785419
35.11,0.856934,-0.391846,0.333008,-8.659363,142.967224,35.560608,0.9993865599136302
35.12,0.901367,-0.334229,0.200195,-3.52478,107.093803,19.569397,0.9819620823407592
35.13,0.977295,-0.193115,0.202881,10.787963,92.109673,23.437498,1.0166413430561438
35.14,0.853271,-0.114258,0.260498,6.41632,101.310722,25.566099,0.899436211195102
35.15,0.717773,-0.211426,0.28833,-8.926392,110.969536,28.228758,0.8018935227977589
35.16,0.802002,-0.390869,0.355225,-15.220641,119.827263,43.716427,0.9602971330739253
35.17,0.784668,-0.510742,0.430908,-12.33673,154.182434,62.767025,1.030651718696476
35.18,0.639404,-0.48877,0.279785,-4.020691,181.900009,57.41119,0.8520641022487686
35.19,0.504639,-0.344482,0.223877,10.711669,147.994995,18.989563,0.6507298055060948
35.2,0.681641,-0.16748,0.343262,22.224424,74.668884,-16.571045,0.7813531876974714
35.21,1.068604,-0.150391,0.493408,16.220093,28.549192,-28.877256,1.1865847699009964
35.22,1.172607,-0.271729,0.514893,2.738952,34.080505,-26.359556,1.3091824270662207
35.23,1.016602,-0.399414,0.439209,-2.01416,60.958858,-23.017881,1.1772492155363705
35.24,0.871338,-0.445557,0.377197,5.66864,79.620361,-25.611876,1.048822447939593
35.25,0.814941,-0.439697,0.38623,19.447327,83.351128,-29.388426,1.0033124628898018
35.26,0.840088,-0.357422,0.422119,36.445618,82.878105,-33.111572,1.0058244300020753
35.27,0.875,-0.23999,0.463135,50.819393,86.013786,-37.864685,1.0186825944939866
35.28,0.940186,-0.180908,0.469238,58.280941,87.043755,-43.258663,1.0662371779787083
35.29,1.050537,-0.151123,0.500732,60.859676,88.066093,-50.949093,1.1735410880416588
35.3,1.146973,-0.209473,0.532471,57.006832,91.445915,-60.096737,1.2817766444661878
35.31,1.142334,-0.316162,0.597656,58.990475,97.56469,-63.056942,1.327432887996979
35.32,1.04834,-0.384277,0.66748,69.519043,100.723259,-56.434628,1.300851689751372
35.33,0.976807,-0.428467,0.658936,86.753838,99.349968,-50.270077,1.2537673378398402
35.34,0.931641,-0.442383,0.630615,109.199516,98.175041,-51.10931,1.2088560500717196
35.35,0.916748,-0.358643,0.648438,135.490417,97.770683,-52.383419,1.17878052952914
35.36,0.868652,-0.217773,0.707275,153.762817,101.21154,-48.71368,1.1411482385115441
35.37,0.774414,-0.108887,0.713135,157.791138,106.864922,-40.588375,1.0583642805716753
35.38,0.643066,0.006836,0.656006,157.821655,110.03875,-35.263062,0.918653625306078
35.39,0.496338,0.116455,0.538086,156.684875,112.541191,-31.509398,0.7412487576144732
35.4,0.384766,0.186768,0.473145,152.023315,119.125359,-19.683838,0.6378035368395192
35.41,0.20874,0.235352,0.320313,148.254395,124.351494,0.541687,0.44895809322586
35.42,0.000488,0.319824,0.057373,151.855469,115.531914,18.257141,0.32492966969638215
35.43,-0.088379,0.488525,-0.085449,165.733322,89.653008,26.405333,0.5037549551786066
35.44,-0.062012,0.742432,-0.122803,177.314743,53.260799,34.065247,0.7550704202768109
35.45,-0.022461,0.964111,-0.106934,170.234665,15.800475,47.218319,0.9702831531042885
35.46,0.042969,1.092041,-0.141602,139.839172,-21.568296,61.408993,1.1020213278544115
35.47,0.025635,1.059814,-0.044678,103.050224,-50.651546,85.71624,1.0610650269917485
35.48,-0.078369,0.885742,0.250244,67.184448,-82.962029,101.676933,0.9237438228540422
35.49,-0.072754,0.631104,0.697266,21.01898,-128.326416,84.259026,0.943273702637787
35.5,0.162842,0.34375,0.82959,-33.508301,-176.155075,58.502193,0.9126341805805873
35.51,0.404541,0.103516,0.609131,-73.242188,-228.973373,63.850399,0.7385184886636217
35.52,0.507568,-0.020752,0.269043,-104.675285,-249.992355,80.375664,0.5748391566142654
35.53,0.54248,-0.053467,-0.050049,-122.245781,-249.992355,84.144585,0.5474012905446971
35.54,0.606934,-0.012451,-0.300293,-116.012566,-249.465927,81.375114,0.6772737951567298
35.55,0.741211,0.039063,-0.391113,-98.678581,-249.992355,88.623039,0.8389809552421318
35.56,0.943604,0.050293,-0.343994,-93.635551,-249.992355,106.330864,1.0056091520571
35.57,1.36792,-0.029297,-0.320557,-112.457268,-249.984726,106.033318,1.4052829718095925
35.58,1.840332,-0.223389,-0.239746,-140.480042,-249.992355,75.172424,1.8692786469815035
35.59,2.023682,-0.462646,-0.15332,-146.713257,-248.313889,46.813961,2.081546824080592
35.6,1.949951,-0.613525,-0.140625,-125.076286,-212.608322,54.13055,2.0490234792825093
35.61,1.891113,-0.663818,-0.104492,-106.1325,-157.112122,77.140808,2.0069582192853446
35.62,1.83252,-0.6604,0.02124,-100.791924,-118.278496,78.407288,1.9480012443527852
35.63,1.773682,-0.644775,0.076416,-95.344536,-88.012688,64.239502,1.888788511931656
35.64,1.718506,-0.562988,-0.010986,-79.322815,-61.19537,58.1665,1.8084078777687296
35.65,1.510254,-0.394775,0.005615,-56.205746,-41.221615,48.377987,1.5610079991358148
35.66,1.212646,-0.236328,0.099609,-39.024353,-34.873962,23.41461,1.2394689176340807
35.67,1.072754,-0.1604,0.184814,-41.694637,-47.843929,-20.874022,1.1003115554750844
35.68,1.095947,-0.219238,0.16626,-61.622616,-78.605652,-80.154419,1.1299590767160552
35.69,1.195313,-0.380371,0.14209,-76.301575,-112.121574,-125.961296,1.2623964645506578
35.7,1.219971,-0.531494,0.11377,-67.5354,-133.796692,-130.371094,1.3355743055992804
35.71,1.157471,-0.563721,0.031738,-37.666321,-138.122559,-99.288933,1.2878384146801958
35.72,1.133789,-0.435059,-0.109131,-3.242492,-114.768974,-69.618225,1.2192880730832234
35.73,1.185547,-0.244385,-0.201172,25.863646,-63.392635,-64.77356,1.2270761553457061
35.74,1.128906,-0.048584,-0.202148,45.707699,-15.792846,-84.20562,1.1478906636940647
35.75,0.854492,0.066162,-0.157715,45.852657,-2.326965,-107.528679,0.8714401927458935
35.76,0.656006,0.063477,-0.187256,34.980774,-23.124693,-118.60656,0.6851554649136209
35.77,0.731934,0.039795,-0.094238,30.059813,-57.090755,-117.59948,0.7390479165960757
35.78,1.028809,0.010498,0.159424,26.405333,-68.80188,-116.2033,1.041140806164565
35.79,1.259033,-0.035889,0.108643,16.784668,-50.300594,-114.105217,1.2642212689474102
35.8,1.217285,-0.012207,0.033691,17.753601,-9.178162,-93.292229,1.2178123277233648
35.81,0.956543,0.104248,0.094238,21.461485,40.054321,-52.009579,0.9668107141509138
35.82,0.616211,0.20459,0.021729,5.905151,81.596367,-18.4021,0.6496500704702494
35.83,0.421875,0.189941,-0.138184,-17.608643,111.770622,-5.813598,0.48285703573832284
35.84,0.5,0.108887,-0.24707,-25.268553,124.938957,-10.513305,0.5682428738391709
35.85,0.644287,0.06665,-0.22876,-17.738342,112.281792,-28.518675,0.6869345663664044
35.86,0.649414,0.09375,-0.178711,-9.757996,79.50592,-41.595455,0.6800479596447593
35.87,0.658691,0.158447,-0.149414,-2.288818,39.596558,-32.112122,0.6937606422145898
35.88,0.742676,0.218018,-0.090576,2.479553,-4.638672,-10.047912,0.7792967990926178
35.89,0.852783,0.220703,-0.104736,-2.052307,-41.366573,5.043029,0.887084149894473
35.9,1.012939,0.156494,-0.161621,-8.834839,-50.6134,10.978698,1.0376209025448553
35.91,1.182861,0.093506,-0.125977,-6.950378,-28.800962,12.390136,1.1932198967021963
35.92,1.254639,0.102783,-0.07666,4.165649,6.561279,10.414123,1.2611741041624664
35.93,1.184814,0.182617,-0.048096,14.923095,33.988953,11.413573,1.1997693147022057
35.94,1.050293,0.253662,-0.044189,15.464782,43.838497,19.302368,1.0813937598368135
35.95,1.031738,0.265625,-0.059326,5.081176,45.928951,29.747007,1.06703304332387
35.96,1.106445,0.220703,-0.071533,-9.712219,47.286983,34.645081,1.13050755075895
35.97,1.074463,0.157959,-0.049805,-23.742674,43.464657,31.951902,1.087153311210061
35.98,0.945557,0.097656,-0.077393,-33.599854,26.679991,31.09741,0.9537318339208354
35.99,0.826416,0.060059,-0.154785,-35.53772,-3.616333,41.16058,0.8429287542621856
36.0,0.760254,0.035156,-0.19751,-29.96063,-32.035828,56.159969,0.7862774885191615
36.01,0.803955,0.04126,-0.131836,-20.759581,-37.078857,62.561031,0.8157369432120871
36.02,0.893555,0.062012,-0.026367,-13.160705,-26.168821,53.527828,0.8960922077877923
36.03,0.889648,0.058838,0.025146,-9.521484,-22.018431,37.780762,0.8919460720604133
36.04,0.858398,0.04834,0.046875,-12.405395,-32.432556,25.878904,0.8610349282282339
36.05,0.938232,0.019531,-0.013672,-20.370481,-43.502804,23.849485,0.9385348525062881
36.06,1.108887,0.006836,-0.101074,-24.482725,-35.057068,34.881592,1.1135048554635942
36.07,1.178223,0.005859,-0.100586,-25.985716,-3.52478,48.477169,1.1825232805344679
36.08,1.105957,-0.008789,-0.079102,-27.687071,34.568787,47.920223,1.1088170537893076
36.09,0.922607,-0.016357,-0.121094,-26.504515,48.385616,36.331177,0.930663733436519
36.1,0.749023,-0.004883,-0.176025,-23.54431,28.091429,30.250547,0.7694440193041986
36.11,0.72998,-0.008545,-0.14917,-25.466917,-11.505126,32.63092,0.7451144249878671
36.12,0.848145,-0.043701,-0.123535,-31.539915,-47.683712,32.00531,0.8582077922339089
36.13,0.985107,-0.085205,-0.102051,-34.172058,-61.759945,23.429869,0.9940372729807468
36.14,1.05542,-0.099365,-0.059082,-31.288145,-52.635189,14.366149,1.0617322931648072
36.15,1.060303,-0.083984,-0.047607,-28.060911,-31.974791,9.941101,1.0646887763633088
36.16,1.041992,-0.067139,-0.076904,-28.800962,-15.655517,5.592346,1.046980992473598
36.17,1.020508,-0.077393,-0.105957,-28.518675,-9.429932,3.14331,1.0289087133278636
36.18,0.976563,-0.081055,-0.106689,-19.813538,-10.169982,5.928039,0.9857117979992934
36.19,0.955322,-0.067139,-0.012939,-9.185791,-13.336181,7.164001,0.9577657264310516
36.2,0.958496,-0.070313,0.033203,-7.095336,-15.35797,4.043579,0.9616449132574871
36.21,0.956787,-0.084961,-0.031982,-10.505675,-16.944885,-0.061035,0.9610840666736704
36.22,0.956543,-0.091309,-0.10791,-11.909484,-17.166138,-0.610352,0.9669314414321214
36.23,0.972168,-0.081055,-0.146729,-8.880615,-12.062072,2.761841,0.9865140306604868
36.24,1.034668,-0.053711,-0.151367,-4.150391,-2.204895,5.393981,1.0470600319150758
36.25,1.087402,-0.006836,-0.143799,-1.174927,7.789611,6.698608,1.0968901462320646
36.26,1.051758,0.029541,-0.138184,-3.913879,17.433167,11.154174,1.0612079810767538
36.27,0.930664,0.021484,-0.07251,-12.71057,27.656553,20.179747,0.9337316227117941
36.28,0.79126,-0.021484,-0.078857,-19.126892,32.875061,26.573179,0.7954699091134748
36.29,0.743164,-0.044434,-0.164795,-15.647887,24.841307,22.674559,0.762511969268024
36.3,0.866211,-0.02124,-0.21582,-6.843566,8.735657,10.871886,0.8929450747504014
36.31,1.057129,0.040283,-0.202148,0.793457,-1.63269,4.837036,1.0770367944661872
36.32,1.090576,0.097168,-0.144287,0.694275,1.777649,14.274596,1.1043624270904004
36.33,1.005371,0.113281,-0.120117,-7.980346,15.014647,33.126831,1.0188383219583959
36.34,0.932861,0.082031,-0.129639,-18.234253,24.192808,45.166012,0.9453914536333614
36.35,0.955811,0.01416,-0.15918,-24.253843,22.079466,39.779663,0.969078658170223
36.36,1.02002,-0.043213,-0.123779,-22.468565,15.060424,31.677244,1.0284111068099178
36.37,1.029541,-0.042236,-0.069336,-19.599915,11.184691,34.484863,1.032737154978458
36.38,0.991455,-0.024414,-0.060791,-24.742125,11.054992,41.496273,0.9936169312677797
36.39,0.959473,-0.024902,-0.115723,-31.921385,14.282226,44.80743,0.9667473093120043
36.4,0.90918,-0.013672,-0.14624,-34.385681,15.701293,40.580746,0.9209676072392557
36.41,0.88623,-0.020508,-0.113037,-40.145874,12.649535,29.853819,0.89364509416938
36.42,0.948242,-0.106934,-0.07251,-52.322384,5.874633,18.493652,0.9570033808822204
36.43,1.030273,-0.253418,-0.020264,-60.104366,-1.274109,13.160705,1.0611756532021455
36.44,0.998291,-0.35498,0.006592,-55.450436,-11.520385,15.716552,1.0595466839856562
36.45,0.923828,-0.359131,-0.003662,-42.617794,-23.468016,20.484922,0.9911844727340113
36.46,0.953857,-0.320557,0.004395,-30.311583,-27.57263,21.507261,1.0062898601908894
36.47,0.981201,-0.277588,0.036865,-22.987364,-22.491453,14.457702,1.020377150062662
36.48,0.917969,-0.265137,0.030762,-22.270201,-13.09204,2.075195,0.9559869321146603
36.49,0.830078,-0.266113,0.023926,-24.078367,-8.750916,-7.850646,0.8720195343735139
36.5,0.808838,-0.280273,-0.013184,-25.978086,-13.96942,-12.947082,0.856122469410189
36.51,0.881104,-0.310547,-0.071777,-24.635313,-23.094175,-17.791748,0.9369821960709819
36.52,0.924072,-0.322754,-0.077393,-17.486572,-32.173157,-23.880003,0.9818700943347852
36.53,0.909668,-0.284668,-0.046631,-7.17926,-36.361694,-25.535582,0.9543092740872846
36.54,0.88501,-0.220215,-0.051514,-0.198364,-39.543152,-25.100706,0.9134500744545374
36.55,0.872559,-0.146973,-0.119873,3.181457,-43.754574,-26.077269,0.8929332602938475
36.56,0.856689,-0.086182,-0.18335,2.510071,-44.776913,-30.494688,0.880318466434165
36.57,0.865967,-0.044189,-0.215576,1.88446,-50.628658,-43.098446,0.8934900808548464
36.58,0.918701,0.004639,-0.222656,3.349304,-62.026974,-51.856991,0.9453088077755332
36.59,0.990479,0.030762,-0.230225,1.25885,-64.849854,-46.150204,1.0173487606076885
36.6,1.021484,0.055176,-0.22583,-0.648498,-60.241695,-38.696289,1.047603523348409
36.61,1.01709,0.098633,-0.19873,-2.426147,-50.430294,-35.835266,1.041006315873732
36.62,0.983154,0.127197,-0.193115,-8.361816,-36.117554,-31.738279,1.0099823106124186
36.63,0.940186,0.105957,-0.221191,-15.624999,-26.94702,-26.31378,0.9716491439434298
36.64,0.949707,0.068115,-0.277832,-16.220093,-26.618956,-19.302368,0.9918536481245608
36.65,0.9375,0.068115,-0.302979,-9.475708,-31.86035,-12.153625,0.9875941361034907
36.66,0.844238,0.100342,-0.26123,-4.470825,-30.479429,-6.011962,0.8894084722488312
36.67,0.804199,0.09668,-0.214111,-10.429381,-26.725767,-5.638122,0.8378105837968389
36.68,0.856201,0.043213,-0.207275,-19.996643,-28.427122,-7.858276,0.8819923136824946
36.69,0.942871,-0.031494,-0.222656,-24.894712,-31.471251,-8.163452,0.9693158871147217
36.7,0.995117,-0.08374,-0.265381,-23.628233,-33.126831,-3.532409,1.0332943948604385
36.71,1.010498,-0.104004,-0.286377,-19.599915,-33.073425,0.1297,1.0554311091440312
36.72,0.98584,-0.120361,-0.296631,-15.899657,-32.302856,-0.289917,1.0365120482087993
36.73,0.92334,-0.127197,-0.263428,-11.665343,-34.858704,-1.594543,0.9685711866419525
36.74,0.868408,-0.13208,-0.199219,-8.720398,-42.022701,-1.701355,0.9007029426092711
36.75,0.820801,-0.153809,-0.178467,-6.599426,-54.473873,-1.495361,0.8539449397771498
36.76,0.800049,-0.16333,-0.178467,-3.173828,-69.213867,-6.477355,0.8358262746468311
36.77,0.90332,-0.138672,-0.182129,-1.121521,-72.357178,-15.769958,0.9318733382949638
36.78,1.001465,-0.115479,-0.208008,-2.388,-63.049313,-20.690916,1.0293371040286072
36.79,1.002197,-0.091064,-0.248047,-2.204895,-48.751827,-20.500181,1.0364452677850384
36.8,0.939697,-0.060791,-0.255371,-1.64032,-36.140442,-19.66095,0.9756743027932016
36.81,0.882324,-0.053711,-0.294678,-5.401611,-28.602598,-18.112183,0.9317808949431191
36.82,0.825439,-0.072021,-0.334717,-5.996704,-29.632566,-14.488219,0.8936285790254249
36.83,0.764404,-0.063477,-0.346924,0.274658,-38.650513,-11.802672,0.8418426613809733
36.84,0.80957,-0.030762,-0.358398,5.645751,-47.988888,-16.563416,0.8858888259527828
36.85,0.863525,0.011963,-0.340088,8.171082,-56.419369,-24.749754,0.9281585999914023
36.86,0.911377,0.050781,-0.303223,7.240295,-57.685848,-27.542112,0.9618372699261555
36.87,0.993896,0.027588,-0.326416,-1.564026,-53.985592,-27.427671,1.0464882997989036
36.88,1.033691,-0.003174,-0.391357,-6.790161,-52.612301,-24.993895,1.1052997146502843
36.89,0.992188,0.029053,-0.456787,-4.760742,-48.072811,-19.432068,1.0926735411466684
36.9,0.896484,0.080811,-0.494873,-3.578186,-37.818909,-11.589049,1.0271870648066008
36.91,0.796143,0.100342,-0.461914,-5.66864,-31.654356,-8.857727,0.9258924002328781
36.92,0.812744,0.059814,-0.440918,-5.645751,-37.902832,-17.868042,0.9265739079296373
36.93,0.932861,0.006592,-0.435791,1.152039,-55.725094,-31.60858,1.0296537745601675
36.94,1.047119,0.001709,-0.44043,12.977599,-70.716858,-39.169312,1.1359752223274941
36.95,1.053711,0.050781,-0.412354,20.301817,-72.731018,-38.070679,1.1326612038902013
36.96,0.983398,0.078613,-0.404053,15.99121,-60.93597,-28.182981,1.0660724445280443
36.97,0.930664,0.0271,-0.403564,9.300232,-43.960567,-18.386841,1.0147579972545178
36.98,0.884766,-0.037354,-0.379639,12.557982,-30.784605,-17.555237,0.9634998528245866
36.99,0.866455,-0.046143,-0.371826,22.132872,-21.705626,-20.88928,0.9439957721038796
37.0,0.872559,-0.064697,-0.397217,25.779722,-20.400999,-24.139402,0.9608986707135149
37.01,0.865723,-0.111084,-0.436035,27.641294,-29.487608,-28.617857,0.9756754014578825
37.02,0.940918,-0.151123,-0.506592,34.072876,-35.308838,-32.943726,1.0792591432630998
37.03,1.063477,-0.157959,-0.54541,47.180172,-33.287048,-37.42218,1.205573076719118
37.04,1.10376,-0.161133,-0.526855,61.500546,-27.374266,-40.90118,1.233623188949527
37.05,1.08667,-0.214111,-0.430176,72.83783,-24.719236,-43.136593,1.1881694324451375
37.06,1.101563,-0.281006,-0.433594,85.20507,-30.456541,-43.41888,1.2167206630287004
37.07,0.993408,-0.291992,-0.477295,105.064384,-53.062435,-43.571468,1.140144420480581
37.08,0.787842,-0.235352,-0.450684,126.54113,-82.44323,-34.645081,0.9376575327506307
37.09,0.712402,-0.129883,-0.411865,139.030457,-95.909111,-12.008666,0.8330780164654449
37.1,0.741943,-0.057617,-0.238037,136.077881,-96.534721,8.232117,0.7813198751516565
37.11,0.696045,-0.062988,-0.148438,112.007133,-96.565239,7.30133,0.7144788100517747
37.12,0.628906,-0.150146,-0.315918,95.603935,-94.360344,4.348755,0.7196323789797121
37.13,0.292236,-0.099609,-0.407959,108.047478,-94.863884,11.215209,0.5116193685328968
37.14,0.036621,0.113281,-0.376953,109.977715,-90.614311,-6.317138,0.3953065226011329
37.15,0.223633,0.325439,-0.262207,97.30529,-99.098198,-58.876034,0.4739987049127877
37.16,0.598145,0.427246,-0.227539,66.627502,-109.695427,-104.73632,0.7694742244299025
37.17,0.885498,0.314697,-0.414063,17.478943,-105.949394,-114.936821,1.0269318759206962
37.18,1.040771,0.103027,-0.743164,-20.446775,-104.141228,-114.639275,1.2830087950072673
37.19,1.120361,-0.057373,-0.991699,-31.677244,-101.753227,-109.146111,1.4973200519765304
37.2,1.014404,-0.110352,-1.061035,-22.338865,-83.015434,-76.370239,1.4720693972584988
37.21,0.73584,-0.044678,-1.04126,-4.898071,-57.456966,-34.637451,1.27580524253665
37.22,0.469482,0.088867,-1.030029,12.977599,-44.540401,-15.243529,1.13546044970928
37.23,0.237061,0.224121,-0.966309,24.398802,-52.078243,-27.786253,1.0198927511473939
37.24,0.213623,0.308105,-0.851563,22.102354,-73.280334,-59.68475,0.930442378722616
37.25,0.485107,0.300537,-0.753418,7.141113,-91.598503,-83.221428,0.9451401867141191
37.26,0.781982,0.216309,-0.719482,-11.924743,-91.705315,-83.457939,1.0844075710400587
37.27,0.920166,0.072998,-0.752197,-22.422789,-65.818787,-68.710327,1.1907285594832266
37.28,0.82373,-0.016113,-0.801025,-11.444091,-28.549192,-50.109859,1.14910042741877
37.29,0.584717,0.043457,-0.843994,20.179747,2.403259,-33.470154,1.0276713253633187
37.3,0.390869,0.187744,-0.875977,54.565426,15.480041,-28.388975,0.9774262576921084
37.31,0.285645,0.292969,-0.831055,74.302673,5.760192,-35.804749,0.9263240869215266
37.32,0.244873,0.265869,-0.705566,80.039978,-25.398252,-42.701717,0.7927625695288597
37.33,0.388672,0.087158,-0.619385,84.877007,-65.765381,-44.837948,0.7364103603107441
37.34,0.712158,-0.071533,-0.633057,104.064934,-101.028435,-43.945309,0.9555350084125647
37.35,0.977783,-0.058838,-0.576904,131.523132,-107.933037,-27.114866,1.1368112114810445
37.36,1.019043,0.112305,-0.41626,137.939453,-72.052002,11.177062,1.1064960173782823
37.37,0.898438,0.254883,-0.342529,126.083366,0.320435,36.514282,0.9947272487340436
37.38,0.825684,0.300537,-0.336914,114.501945,85.2127,40.893551,0.9410566399643541
37.39,0.75293,0.292725,-0.325439,91.629021,166.51915,56.78558,0.8709202335725127
37.4,0.765137,0.221191,-0.315918,66.818237,238.334641,69.206238,0.8568338636947072
37.41,0.981445,0.100098,-0.330811,46.897884,249.992355,63.644405,1.0405238177716067
37.42,1.163818,-0.091797,-0.443359,32.241821,249.473557,57.556149,1.2487859020720884
37.43,1.202393,-0.212891,-0.551758,35.850525,249.610886,54.397579,1.3399658185543393
37.44,1.117432,-0.223877,-0.574707,52.322384,249.992355,45.021053,1.2763476491935886
37.45,1.12793,-0.224121,-0.504883,72.990417,249.992355,36.094666,1.2559311888913343
37.46,1.182617,-0.281006,-0.385986,92.613213,249.984726,32.188416,1.2753558456058451
37.47,1.352783,-0.349609,-0.305176,105.422966,249.992355,21.789549,1.4301680631820863
37.48,1.262207,-0.414063,-0.223633,111.770622,249.992355,-1.281738,1.3470806945046019
37.49,0.976563,-0.375977,-0.074219,106.712334,249.992355,-1.602173,1.049067422742218
37.5,0.854736,-0.445068,0.105713,95.985405,249.992355,24.322508,0.9694505622717438
37.51,0.75,-0.376221,0.210938,97.015373,249.992355,50.60577,0.8651803746531703
37.52,0.583496,-0.208984,0.227051,92.666618,249.992355,66.513062,0.6600712468158267
37.53,0.638672,-0.216553,0.182129,74.966431,225.822433,58.052059,0.6985471337239886
37.54,1.005859,-0.260742,0.060791,57.319637,140.258789,36.712646,1.0408814841882816
37.55,1.402344,-0.244141,-0.105469,46.44775,95.535271,26.901243,1.4273392141246595
37.56,1.532715,-0.243164,-0.204102,43.525692,114.44091,26.336668,1.5652481044629956
37.57,1.4021,-0.242432,-0.203125,49.385067,153.152466,10.910033,1.4373299726398945
37.58,1.266357,-0.186035,-0.108398,53.848263,166.549667,-21.530149,1.2845307310757497
37.59,1.239014,-0.117676,0.039551,43.731686,152.206421,-49.415585,1.245217898511341
37.6,1.218262,-0.0625,0.080811,23.353575,129.348755,-70.960999,1.2225379210335359
37.61,1.166504,0.007813,0.081299,3.005981,105.606071,-91.217033,1.1693597189855651
37.62,1.186035,0.124023,0.14209,-17.64679,87.806694,-106.834404,1.2009372564185024
37.63,1.227051,0.182617,0.239014,-46.974178,78.453064,-115.524284,1.2633807096382308
37.64,1.111572,0.141113,0.333496,-77.827454,78.018188,-120.887749,1.169070045792381
37.65,0.859131,0.097656,0.383789,-97.137444,81.542961,-130.0354,0.9460109756329468
37.66,0.664795,0.12207,0.32373,-108.467094,77.766418,-143.135071,0.749436181288974
37.67,0.574951,0.219727,0.294922,-120.017998,59.799191,-155.136108,0.682515635728589
37.68,0.536133,0.328369,0.269775,-135.360718,34.416199,-167.098984,0.6841369340088284
37.69,0.519775,0.397461,0.205566,-150.108337,8.224487,-178.596481,0.6858561638579914
37.7,0.541748,0.419922,0.202148,-160.453796,-13.84735,-182.502731,0.714625213305548
37.71,0.613281,0.386963,0.301025,-169.059738,-30.410765,-173.530563,0.785156034782259
37.72,0.693848,0.311035,0.433838,-176.97142,-37.033081,-155.021667,0.8754331662514278
37.73,0.755615,0.245361,0.468506,-179.458603,-34.339905,-137.09259,0.922309015776166
37.74,0.79248,0.172119,0.507813,-174.45372,-31.196592,-130.630493,0.9568299449379706
37.75,0.776611,0.106934,0.600586,-161.567673,-31.921385,-125.808708,0.9875540841255228
37.76,0.721924,0.049561,0.688477,-150.985718,-29.83856,-108.688347,0.998814864740208
37.77,0.654785,0.010254,0.675781,-143.77594,-21.049498,-85.144035,0.9410252391418628
37.78,0.679688,0.047119,0.674805,-134.552002,-6.637573,-68.214417,0.9589357462989895
37.79,0.792725,0.118408,0.715576,-131.408691,3.189087,-68.069458,1.0744684229259602
37.8,0.953369,0.123535,0.685303,-138.038635,13.160705,-77.735901,1.1805988091621133
37.81,1.019775,0.05249,0.666992,-143.699646,25.909422,-79.292297,1.2196616657044692
37.82,0.989746,-0.052002,0.657959,-138.938904,36.911011,-65.02533,1.189626579310079
37.83,0.928955,-0.140137,0.690918,-126.487724,39.161682,-40.771481,1.1661747096889041
37.84,0.844482,-0.234375,0.690186,-112.04528,35.903931,-22.201536,1.1155439048038405
37.85,0.786865,-0.340332,0.666992,-92.285149,35.980225,-8.766174,1.0862139414097944
37.86,0.759766,-0.400391,0.673584,-59.265133,42.396542,8.43811,1.0914544116420988
37.87,0.717529,-0.310791,0.682861,-19.233704,54.76379,23.338316,1.038141636214924
37.88,0.739502,-0.162842,0.692871,2.403259,76.828003,21.858213,1.0263775853013353
37.89,0.762207,-0.145996,0.685059,7.43103,103.439323,12.306212,1.035171568555667
37.9,0.600098,-0.194092,0.675781,21.575926,115.226738,18.051147,0.9243750721590236
37.91,0.380615,-0.216797,0.663086,41.496273,103.157036,42.205807,0.7947023095662928
37.92,0.217285,-0.229248,0.656982,59.776302,68.122864,58.593746,0.7289669162952458
37.93,0.222168,-0.106689,0.568604,80.764763,12.687682,51.650997,0.6197190264636063
37.94,0.418945,0.124512,0.552246,94.627373,-40.130615,28.358458,0.7042682696849263
37.95,0.685303,0.26123,0.764648,90.00396,-53.161617,0.953674,1.0595130384346385
37.96,0.947998,0.250488,0.960205,66.520691,-20.660398,-27.70233,1.3723840891576236
37.97,1.065674,0.11499,0.882813,24.80316,19.348145,-48.400875,1.388611741036709
37.98,0.950195,-0.081055,0.668701,-14.427184,32.226563,-38.299561,1.1647323634427782
37.99,0.859375,-0.186523,0.446533,-28.07617,17.181396,1.319885,0.9862595704189644
38.0,1.010742,-0.187256,0.503418,-17.654419,4.508972,37.597656,1.1445933263932653
38.01,1.059326,-0.011719,0.698975,-5.981445,30.166624,64.483643,1.2692024897005205
38.02,0.89502,0.121094,0.862549,-30.158995,100.425713,82.138054,1.2488856371329602
38.03,0.739746,0.050049,0.578369,-80.657951,158.470154,83.847038,0.9403402294265624
38.04,0.577148,-0.238037,0.352539,-100.440971,183.364853,81.977837,0.7169694371408031
38.05,0.464844,-0.312012,0.348877,-72.151184,171.226486,48.59161,0.6596564208805975
38.06,0.358154,-0.200439,0.412109,-41.252132,114.730827,8.171082,0.5816217914744942
38.07,0.469971,-0.09375,0.507324,-24.971006,23.727415,1.190186,0.6978821134812098
38.08,0.85791,0.020264,0.606445,-23.582457,-44.418331,6.011962,1.0508071829888679
38.09,1.07959,-0.13208,0.657471,-37.071228,-43.350216,-3.684997,1.2709161303331546
38.1,1.083252,-0.336914,0.645508,-37.231445,-1.319885,-7.766723,1.3052304459228647
38.11,0.998779,-0.374512,0.701904,-16.838074,30.258177,-8.705139,1.276905616794366
38.12,0.849609,-0.323486,0.756104,9.19342,39.215088,-18.676758,1.1824431926705825
38.13,0.79126,-0.245605,0.72168,28.091429,33.02002,-26.44348,1.0987430209220899
38.14,0.880859,-0.134277,0.65918,39.909363,24.993895,-33.538818,1.1083596722228755
38.15,0.919434,-0.015381,0.646729,53.482052,23.071287,-41.374203,1.124212548834961
38.16,0.862305,0.084961,0.709717,64.292908,24.29199,-47.042843,1.120038617474862
38.17,0.745605,0.10498,0.823975,62.675472,21.697996,-52.093502,1.1161910307156206
38.18,0.656006,0.014648,0.880127,50.949093,15.205382,-61.828609,1.0978078028821803
38.19,0.755127,-0.089844,0.943359,40.313717,7.949829,-75.042725,1.2116991925993843
38.2,0.922607,-0.155762,0.995605,29.930113,12.153625,-81.291191,1.3662703953163884
38.21,0.946777,-0.188477,1.036621,18.417358,33.927917,-76.408386,1.4165074531745323
38.22,0.847656,-0.16626,1.001709,5.905151,63.514706,-68.67981,1.3227184139555175
38.23,0.784668,-0.115723,0.875488,-4.051208,89.99633,-62.744137,1.181344539538318
38.24,0.742432,-0.021484,0.810547,-0.701904,112.480156,-56.854244,1.0993876823436763
38.25,0.670898,0.115723,0.76123,-0.038147,139.938354,-51.193233,1.021257583586531
38.26,0.52002,0.217529,0.683594,-13.778686,161.186203,-47.302242,0.8860250691018849
38.27,0.37085,0.293457,0.62207,-33.668518,162.742599,-43.998714,0.7814203850994675
38.28,0.311035,0.332275,0.524414,-51.643368,148.506165,-41.923519,0.6943770519292815
38.29,0.267822,0.354492,0.438965,-60.028072,126.708977,-40.000916,0.6245666281294574
38.3,0.266846,0.361084,0.398193,-61.775204,104.125969,-41.290279,0.6001217443327646
38.31,0.375244,0.398682,0.455078,-58.837887,82.328789,-44.113155,0.7119349568211972
38.32,0.413086,0.375732,0.561523,-70.198059,72.616577,-41.969296,0.7919107643851042
38.33,0.356445,0.198486,0.52832,-98.602287,75.439453,-51.422115,0.6675116123491786
38.34,0.305664,0.126953,0.526123,-105.422966,76.461792,-52.040096,0.621572969355972
38.35,0.266602,0.107666,0.56958,-107.76519,71.037292,-47.439571,0.6380360259107631
38.36,0.246094,0.016846,0.658936,-109.451286,61.538692,-52.444454,0.7035927065056885
38.37,0.332275,-0.130371,0.78418,-105.453484,47.683712,-57.357784,0.8615924475446614
38.38,0.398926,-0.306152,0.938232,-94.352715,36.590576,-54.183956,1.0644953200479559
38.39,0.338623,-0.458252,1.038086,-73.020935,35.522461,-36.560059,1.1841802966731882
38.4,0.233398,-0.549072,1.073975,-47.119137,36.224365,-17.829895,1.2285670466901673
38.41,0.207031,-0.538574,1.068604,-21.224974,31.509398,-15.838622,1.2144292063570443
38.42,0.278564,-0.427979,1.052246,-0.778198,26.771544,-17.547607,1.1696091531161168
38.43,0.334717,-0.310059,1.036377,8.560181,31.547544,-8.659363,1.132364490656167
38.44,0.286865,-0.27417,0.988525,8.644104,46.424862,4.180908,1.065195941012732
38.45,0.180176,-0.332764,0.88208,9.178162,56.793209,10.498046,0.9598231071775674
38.46,0.142578,-0.304932,0.756592,22.094725,50.392147,10.581969,0.8280962897948523
38.47,0.160645,-0.169189,0.74585,37.483215,36.552429,8.117676,0.7814882956551557
38.48,0.191162,-0.091064,0.824463,40.893551,27.145384,5.523681,0.8512195960555654
38.49,0.140869,-0.137939,0.863281,35.987854,15.029906,2.426147,0.8855085137044139
38.5,0.041748,-0.239258,0.87793,30.906675,-7.614135,-9.44519,0.9109052480735853
38.51,0.044434,-0.231934,0.958984,26.733397,-39.466858,-36.857605,0.9876325596941404
38.52,0.217285,-0.205811,1.066162,17.089844,-64.27002,-66.352844,1.1073718206591678
38.53,0.33667,-0.335205,1.143066,4.53949,-74.058533,-74.745178,1.2378646780973273
38.54,0.379883,-0.536377,1.220215,3.532409,-74.996948,-71.403503,1.3859783642045067
38.55,0.457764,-0.67627,1.145752,17.059326,-79.719543,-76.35498,1.4069956069938527
38.56,0.577637,-0.752441,1.012207,48.622128,-80.390923,-80.245972,1.3872256388558424
38.57,0.639648,-0.72876,0.894043,104.11834,-79.437256,-76.35498,1.3189213726955067
38.58,0.676758,-0.524658,0.850342,168.777451,-74.035645,-68.42804,1.2067928258371443
38.59,0.702393,-0.292236,0.949951,218.109116,-57.273861,-65.65094,1.2170311041818118
38.6,0.712891,-0.118164,1.054932,243.148788,-34.599304,-69.580078,1.2786937997038228
38.61,0.701416,-0.083008,1.084961,239.646896,-8.041382,-82.122795,1.2946100202922115
38.62,0.665039,-0.151611,0.994385,223.09111,13.519286,-93.635551,1.2058458836298278
38.63,0.59375,-0.234619,0.880615,217.948898,24.536131,-100.112907,1.0876892552038933
38.64,0.527588,-0.233398,0.695801,230.453476,28.938292,-103.164665,0.9038599204240666
38.65,0.446045,-0.16626,0.534912,249.992355,28.297422,-108.337395,0.7160512393460401
38.66,0.305176,-0.025879,0.468018,249.992355,22.727964,-126.495354,0.5593236647425174
38.67,0.192139,0.202637,0.557129,249.67955,7.072448,-155.715942,0.6231948906489847
38.68,0.204834,0.458008,0.656982,249.961838,-22.766111,-189.590439,0.8266520694609069
38.69,0.235596,0.651855,0.679443,244.834885,-62.995907,-221.870407,0.9705994057745966
38.7,0.286133,0.698975,0.521973,203.742966,-100.730888,-238.609299,0.9180925645287625
38.71,0.324463,0.678955,0.38623,179.138168,-132.232666,-231.773361,0.8458308006297712
38.72,0.335449,0.733154,0.316406,175.361618,-156.433105,-231.460556,0.8661140664791215
38.73,0.263672,0.832031,0.419434,154.296875,-170.204147,-240.280136,0.9683611872132215
38.74,0.169434,0.928467,0.571045,115.974419,-168.838486,-236.717209,1.1031098052641906
38.75,0.133301,0.978271,0.64502,75.294495,-156.333923,-217.323288,1.1793362991284546
38.76,0.102783,1.006348,0.580811,34.332275,-138.191223,-188.804611,1.1664656274035683
38.77,0.114258,0.960205,0.396973,4.478455,-120.788567,-175.262436,1.0452923492104973
38.78,0.187988,0.883057,0.290283,-5.973815,-97.732536,-174.056992,0.9483635239094764
38.79,0.30127,0.822266,0.369873,-0.267029,-61.798092,-166.358932,0.9506266479459747
38.8,0.359375,0.772705,0.582764,3.730774,-14.411925,-148.139954,1.0323939593711307
38.81,0.273682,0.734863,0.775879,8.636475,36.560059,-127.944939,1.1031381094559285
38.82,0.064941,0.740723,0.846924,16.242981,78.346252,-111.495964,1.127017372530699
38.83,-0.107178,0.747803,0.85791,19.035339,103.584282,-94.795219,1.1431124260513486
38.84,-0.140381,0.724121,0.863525,15.579223,110.733025,-74.84436,1.1356643313175772
38.85,-0.078125,0.678955,0.838867,12.413024,105.62133,-55.419918,1.082026455933033
38.86,0.01123,0.641602,0.738525,12.832641,99.296562,-41.267391,0.9783651746301071
38.87,0.07373,0.639648,0.549561,15.922545,94.635002,-33.325195,0.8465240513564869
38.88,0.063721,0.704346,0.445313,26.016233,93.627922,-30.075071,0.8357435740261483
38.89,-0.01123,0.8125,0.498047,34.629822,99.151604,-22.621153,0.9530651484074948
38.9,-0.116211,0.938721,0.481934,35.980225,107.406609,-8.872986,1.0615848966135493
38.91,-0.181641,1.034424,0.383545,29.106138,108.245842,-1.960754,1.1180935701818522
38.92,-0.166992,1.057373,0.387207,12.733459,97.137444,-1.586914,1.1383555024868108
38.93,-0.13501,1.018555,0.496582,-6.607055,75.408936,-0.198364,1.1411729364338257
38.94,-0.102295,0.938232,0.610596,-22.018431,50.537106,2.098083,1.124086752908778
38.95,-0.085449,0.855469,0.688965,-29.411314,29.495237,14.465331,1.101726605282363
38.96,-0.064697,0.818604,0.748535,-24.963377,20.179747,36.499023,1.1111268410267119
38.97,-0.137207,0.858643,0.718018,-12.931823,18.52417,54.405209,1.1276716767845152
38.98,-0.258301,0.947998,0.675049,-3.433227,26.885984,61.683651,1.1921035051563265
38.99,-0.325684,1.015137,0.637207,-1.174927,35.705566,58.982845,1.2420168909777354
39.0,-0.320801,1.020752,0.605225,-3.250122,36.125183,51.414486,1.229286470978185
39.01,-0.248779,0.979248,0.583984,-3.196716,30.822752,48.568722,1.1669854106204585
39.02,-0.125,0.928955,0.581299,3.067016,27.854918,54.061886,1.102946471695703
39.03,0.015137,0.906982,0.620605,16.036987,32.585144,58.479305,1.0990887330502483
39.04,0.091797,0.915771,0.674072,31.669615,45.860287,56.694027,1.1408050994074317
39.05,0.096924,0.955078,0.669678,42.823788,66.604614,53.62701,1.170485741708971
39.06,0.066895,0.999756,0.622803,46.340939,88.500969,51.597591,1.179775647049048
39.07,0.017822,1.01416,0.589355,43.479916,100.502007,47.20306,1.173105896886125
39.08,-0.063721,0.987061,0.5896,36.560059,94.352715,38.787842,1.15151115650783
39.09,-0.128174,0.942383,0.618652,29.914854,75.012207,32.196045,1.1345680191460537
39.1,-0.086426,0.89502,0.641602,23.41461,50.674435,29.945372,1.1046191109518249
39.11,0.086426,0.851318,0.639893,18.196106,27.053831,30.586241,1.0684918539928137
39.12,0.252197,0.84668,0.594727,17.333984,11.611938,36.697388,1.0649744380678816
39.13,0.324219,0.898926,0.557129,18.981934,7.30133,43.884274,1.106154887923929
39.14,0.322998,0.937256,0.54834,19.554138,14.907836,44.494625,1.1328959674833343
39.15,0.27124,0.939697,0.534912,19.363403,31.471251,42.259212,1.1147790979171612
39.16,0.232422,0.916992,0.475098,12.420653,48.240658,40.756222,1.0585898279088082
39.17,0.217529,0.871582,0.391846,3.479004,54.031368,40.626522,0.9800598636210953
39.18,0.178223,0.825195,0.328857,6.54602,51.437374,44.296261,0.9060116733260118
39.19,0.181152,0.819824,0.342041,21.209715,54.199215,49.21722,0.9065977519059928
39.2,0.201904,0.864502,0.342285,34.881592,65.910339,50.140377,0.9514662129813123
39.21,0.198975,0.917969,0.336182,41.328426,81.130974,42.655941,0.9976354407848591
39.22,0.165771,0.938965,0.358398,42.137142,93.360893,35.095215,1.0186188796944617
39.23,0.111328,0.948975,0.352783,41.801449,98.129265,33.01239,1.01852997957743
39.24,0.081299,0.960693,0.341309,41.625973,92.323296,31.822203,1.0227572542548893
39.25,0.078857,0.9729,0.35498,43.891903,79.75769,30.876158,1.0386354687035293
39.26,0.09668,0.977295,0.372314,43.617245,70.724487,33.309937,1.0502715144290071
39.27,0.111084,0.957031,0.366455,37.17804,70.030212,37.612915,1.0307944785659264
39.28,0.102051,0.921387,0.347168,31.60095,77.835083,40.65704,0.9898959695816525
39.29,0.094482,0.898682,0.330811,31.974791,89.279167,39.169312,0.9622848347391744
39.3,0.096436,0.900635,0.283203,36.277771,100.71563,37.353516,0.949024364560784
39.31,0.084961,0.922363,0.239502,41.893002,109.970085,38.18512,0.9567304130704741
39.32,0.075195,0.95459,0.24585,46.264645,114.921562,40.06958,0.9886043589955489
39.33,-0.004639,1.022949,0.242188,50.6134,117.317192,44.342037,1.0512379389396105
39.34,-0.130127,1.086914,0.263184,51.956173,119.766228,44.013973,1.12586895213475
39.35,-0.201172,1.086182,0.330811,42.976376,116.615288,37.788391,1.1531250705925182
39.36,-0.222656,1.013916,0.394775,28.95355,103.393547,32.272339,1.1106073338570208
39.37,-0.207275,0.925537,0.441895,17.814636,86.128227,35.507202,1.0463521658691208
39.38,-0.164551,0.872314,0.524658,11.611938,73.074341,45.333858,1.03115215325431
39.39,-0.078857,0.855469,0.605713,6.370544,66.78009,55.297848,1.051158349050703
39.4,-0.033691,0.854004,0.580566,-5.050659,66.03241,71.014404,1.0332060761789006
39.41,-0.004639,0.857422,0.540527,-19.287109,72.799683,89.096062,1.0135893863562306
39.42,-0.037842,0.870361,0.542725,-27.420042,78.979492,99.647514,1.0264066995640666
39.43,-0.196289,0.913086,0.539551,-23.933409,81.17675,95.314018,1.0785966329068526
39.44,-0.368164,0.963135,0.511719,-13.282775,80.856316,79.200745,1.1510995152818022
39.45,-0.387451,0.979248,0.509033,-3.723144,74.989319,59.402462,1.1696835118928537
39.46,-0.22998,0.973877,0.51001,5.40924,59.30328,43.411251,1.1231373075581632
39.47,-0.101807,0.993652,0.49292,15.457152,37.30011,39.703369,1.1138577506813874
39.48,-0.083984,1.076172,0.484619,26.924131,19.798279,47.7066,1.1832392239107863
39.49,-0.081543,1.207031,0.534424,38.070679,12.557982,58.570858,1.3225664851288195
39.5,-0.005127,1.317139,0.613525,39.94751,21.026609,60.56213,1.4530293724061465
39.51,0.112549,1.353271,0.66748,28.083799,40.199276,53.62701,1.5131223437785855
39.52,0.141357,1.307861,0.624756,6.828308,60.272213,49.72839,1.4562974477441069
39.53,0.075684,1.227295,0.529785,-9.399414,75.912476,54.206844,1.3389000078818434
39.54,0.010986,1.179932,0.444092,-11.535644,80.780022,61.767574,1.2607846450857498
39.55,-0.024414,1.207031,0.360107,-5.40924,71.922302,66.650391,1.2598400413568382
39.56,-0.045654,1.258789,0.291504,-2.067566,45.967098,61.721798,1.2929070408397503
39.57,-0.102783,1.25,0.293457,-6.576538,5.554199,55.816647,1.2880921379847017
39.58,-0.150635,1.182617,0.31665,-15.686034,-31.524656,58.593746,1.2335076385714034
39.59,-0.09375,1.09082,0.323486,-25.390623,-56.701656,62.210079,1.1416306439019583
39.6,0.067627,1.003906,0.345215,-29.991148,-72.761536,60.218807,1.0637547011364978
39.61,0.20459,0.94873,0.375244,-24.345396,-81.130974,56.915279,1.0405545351090446
39.62,0.262939,0.932129,0.398682,-14.122008,-77.850342,60.05859,1.04735320092412
39.63,0.296387,0.928467,0.458008,-9.078979,-62.294003,69.267273,1.07687861522179
39.64,0.303955,0.918701,0.54541,-13.481139,-40.885921,76.873779,1.1107980183300652
39.65,0.237061,0.890381,0.591553,-25.329588,-18.814087,75.950623,1.0949480328723369
39.66,0.150391,0.85376,0.517822,-38.146973,-1.060486,66.467285,1.0097837462372823
39.67,0.07251,0.830566,0.42749,-43.327328,4.516602,55.77087,0.9369339787605101
39.68,-0.013428,0.82251,0.405762,-42.457577,-2.952575,46.989437,0.9172490457492992
39.69,-0.044922,0.818115,0.395752,-42.053219,-18.981934,39.108276,0.9099174604396818
39.7,0.047852,0.80835,0.361084,-44.860836,-36.804199,33.370972,0.8866234778416371
39.71,0.246826,0.78125,0.352539,-51.429745,-44.799801,32.264709,0.8919407958474598
39.72,0.432373,0.731934,0.376465,-59.501644,-39.176941,32.096863,0.92973097598714
39.73,0.498535,0.677002,0.398438,-66.78772,-26.81732,30.822752,0.9303879266590899
39.74,0.467773,0.637451,0.379395,-70.274353,-13.702392,30.403135,0.8769811417328196
39.75,0.407471,0.611572,0.371338,-68.153381,-3.517151,32.455444,0.8233740567135935
39.76,0.349121,0.614258,0.364014,-62.759396,4.051208,38.391113,0.7947984369643665
39.77,0.317139,0.635254,0.305664,-58.410641,9.590149,47.340389,0.7730169925253908
39.78,0.33374,0.632813,0.260986,-56.823727,13.107299,54.38232,0.7615434148917578
39.79,0.364502,0.567871,0.330322,-52.917477,13.923644,54.779049,0.7513000760874445
39.8,0.37085,0.489258,0.409424,-42.617794,17.715454,49.697872,0.7379235223517407
39.81,0.347412,0.471191,0.391602,-28.816221,26.351927,43.42651,0.7043210792167163
39.82,0.270996,0.521729,0.365479,-17.059326,31.455992,38.238525,0.6922534802353831
39.83,0.189453,0.615967,0.395996,-8.094788,27.008055,34.889221,0.7563865521768615
39.84,0.162842,0.727539,0.453125,-0.816345,15.480041,32.12738,0.8724407023460105
39.85,0.217041,0.797363,0.493408,1.365662,5.477905,30.921934,0.96246870282311
39.86,0.328125,0.812256,0.486816,-3.997802,5.722045,34.698486,1.0022053896367749
39.87,0.375244,0.797852,0.456299,-12.390136,17.539978,43.594357,0.9927661612086706
39.88,0.276367,0.798828,0.428467,-13.893126,39.756775,51.650997,0.9476755047810405
39.89,0.156494,0.83252,0.443848,-6.622314,64.26239,48.400875,0.9563372676728645
39.9,0.174805,0.862061,0.51001,-0.862122,75.515747,28.144835,1.01676750333889
39.91,0.294189,0.844727,0.587646,-3.845215,65.841675,3.158569,1.070251696362122
39.92,0.364502,0.787598,0.629395,-10.292052,43.121334,-4.066467,1.0720589459693903
39.93,0.368164,0.731689,0.5979,-10.841369,28.244017,11.108397,1.0140995679010025
39.94,0.387451,0.718262,0.530273,-3.570556,33.782959,33.233643,0.9732461315484383
39.95,0.431396,0.743408,0.537842,4.91333,50.964352,45.433041,1.0139191191825903
39.96,0.423096,0.769043,0.610352,9.674072,64.239502,44.860836,1.0690963122979147
39.97,0.366943,0.788818,0.657959,11.047362,69.541931,39.352417,1.090775434291587
39.98,0.327881,0.78833,0.656494,7.774353,65.986633,36.705017,1.0770118435268017
39.99,0.307129,0.763672,0.65918,1.174927,54.962154,41.870113,1.0545337446592213
40.0,0.226074,0.72583,0.730225,-2.685547,45.677181,52.482601,1.0541191550299236
40.01,0.100586,0.727051,0.755371,-0.579834,48.248287,59.371944,1.053235988579008
40.02,0.077148,0.749756,0.662109,-0.88501,50.621029,50.743099,1.0032318781423364
40.03,0.131592,0.720215,0.578613,-8.453369,35.072327,29.144285,0.9331768880860691
40.04,0.164307,0.658691,0.583008,-13.648986,9.58252,13.076781,0.8948569448766658
40.05,0.183838,0.611328,0.610596,-11.795043,-5.943298,14.190673,0.8833718407578997
40.06,0.215088,0.592773,0.621094,-9.223938,-4.196167,26.702879,0.8850991097662454
40.07,0.223877,0.600586,0.651611,-10.56671,7.766723,38.970947,0.9140138674254347
40.08,0.199463,0.633545,0.701172,-12.649535,23.490904,44.250484,0.9658193045171546
40.09,0.15625,0.67334,0.72168,-13.206481,39.077759,42.839046,0.999311183015581
40.1,0.131836,0.683594,0.701172,-16.00647,50.285336,39.131165,0.988090917535426
40.11,0.172363,0.636963,0.647461,-21.537779,54.13055,36.903381,0.9244655827336137
40.12,0.219482,0.555908,0.645996,-25.314329,48.59161,38.711548,0.8800664093146607
40.13,0.202148,0.490479,0.727539,-22.361753,39.375305,43.197628,0.9004146044273161
40.14,0.149658,0.487793,0.803467,-13.641356,30.769346,42.823788,0.9517871337132059
40.15,0.115479,0.531982,0.843506,-5.996704,15.960692,33.737183,1.003913651566209
40.16,0.14209,0.559814,0.902344,-2.548218,-6.370544,20.492552,1.071357072610248
40.17,0.23877,0.560791,0.952148,-2.006531,-30.395506,7.507324,1.1305235391114155
40.18,0.365479,0.533936,0.955078,-4.730225,-52.87933,-1.350403,1.1536188875105158
40.19,0.44873,0.497559,0.916992,-7.270813,-68.984985,-3.112793,1.135692695866712
40.2,0.473145,0.499023,0.895264,-3.40271,-72.975159,-0.656128,1.1288878488361898
40.21,0.464111,0.555176,0.881592,5.256652,-64.506531,0.450134,1.140536656912438
40.22,0.449951,0.620605,0.843018,8.308411,-51.986691,-3.440857,1.1394234580479725
40.23,0.441162,0.644287,0.812012,0.88501,-43.701168,-8.728027,1.1265403396048452
40.24,0.452148,0.61377,0.795898,-9.727478,-37.155151,-7.453918,1.1020912181884037
40.25,0.485352,0.561523,0.75415,-16.593933,-27.06146,0.137329,1.0581194951105475
40.26,0.482422,0.525146,0.725586,-18.257141,-14.297484,5.401611,1.0173418062755506
40.27,0.421875,0.511963,0.740723,-16.532898,-4.432678,0.785828,0.9943617006517297
40.28,0.366943,0.516602,0.766113,-14.335631,-1.38855,-11.550902,0.9942101993150141
40.29,0.375244,0.530518,0.758789,-14.251708,-5.119323,-21.484373,0.999008585739382
40.3,0.424805,0.543457,0.725098,-15.480041,-11.222838,-21.476744,1.0007856456194804
40.31,0.468506,0.562012,0.723389,-17.00592,-15.098571,-14.694213,1.028905732077045
40.32,0.482422,0.567627,0.763672,-19.226074,-12.832641,-9.567261,1.0668300336965584
40.33,0.48999,0.561523,0.798584,-21.118162,-3.303528,-10.604857,1.092307046889747
40.34,0.499512,0.543701,0.7771,-22.483824,8.415222,-14.846801,1.0719176393478185
40.35,0.532715,0.525635,0.669922,-20.530699,21.080015,-15.747069,1.0044266576181657
40.36,0.564941,0.510986,0.658691,-13.832091,33.905029,-7.522583,1.0070446162698057
40.37,0.508301,0.497314,0.773682,-3.089905,52.894588,9.223938,1.0508448783340956
40.38,0.337891,0.519531,0.873779,7.713317,77.781677,21.469114,1.0712481172366184
40.39,0.118408,0.558594,0.88501,7.652282,96.435539,14.373778,1.053228565601978
40.4,-0.005127,0.581787,0.833984,-4.943848,92.231743,-11.58142,1.016873498402825
40.41,0.016846,0.550537,0.79248,-20.423887,60.020443,-40.153503,0.9650903203768029
40.42,0.114014,0.499023,0.805664,-30.654905,12.199401,-54.38995,0.9545248177082668
40.43,0.197998,0.468262,0.811768,-37.513733,-31.562803,-49.636837,0.9578307754880295
40.44,0.255615,0.452881,0.77002,-45.539852,-57.54089,-37.467957,0.9291776088488142
40.45,0.343018,0.427246,0.766357,-52.787777,-61.172482,-30.876158,0.9420740651822446
40.46,0.465576,0.415527,0.848145,-52.665707,-47.668453,-31.85272,1.0529832099943475
40.47,0.515381,0.448975,0.917725,-44.929501,-27.206419,-36.613464,1.1442968589535671
40.48,0.437744,0.510254,0.898926,-36.781311,-7.186889,-40.039063,1.1225181101113693
40.49,0.294922,0.567627,0.864014,-33.02002,7.537841,-40.039063,1.0750346921885825
40.5,0.187744,0.616943,0.857178,-33.782959,11.650084,-40.992733,1.0726698459773165
40.51,0.168213,0.654053,0.827637,-35.697937,3.40271,-44.631954,1.068205946410616
40.52,0.23877,0.660645,0.770996,-34.042358,-10.910033,-46.730038,1.0430233750693223
40.53,0.3396,0.639648,0.760986,-31.402586,-19.828796,-44.258114,1.0505129300013398
40.54,0.341553,0.590576,0.855469,-33.187866,-14.823913,-39.459229,1.094196359684129
40.55,0.268066,0.52832,0.894775,-37.101746,1.472473,-35.995483,1.0731279995326746
40.56,0.185547,0.498779,0.869629,-36.552429,17.066956,-33.676147,1.0195404737875784
40.57,0.110596,0.517822,0.862793,-30.227659,22.14813,-33.370972,1.0123155929595276
40.58,0.065186,0.568359,0.856445,-24.063108,14.335631,-36.552429,1.02994136022494
40.59,0.062256,0.62085,0.838623,-25.146482,-6.553649,-44.876095,1.0452842044941653
40.6,0.077881,0.62207,0.798584,-35.354614,-41.290279,-56.892391,1.0152698853590605
40.61,0.085449,0.543701,0.743896,-45.951839,-78.720093,-62.69836,0.9253613174420032
40.62,0.089355,0.449707,0.73999,-47.607418,-100.784294,-58.311459,0.8705204776304806
40.63,0.143311,0.401367,0.77417,-41.931149,-101.081841,-52.818295,0.8837265981682344
40.64,0.252441,0.399658,0.772461,-36.529541,-90.522758,-57.693478,0.9056207660858931
40.65,0.377197,0.398438,0.766113,-35.934448,-82.511894,-71.052551,0.9423160538916866
40.66,0.459229,0.366699,0.807373,-36.720276,-73.616028,-73.783875,0.9986043221271376
40.67,0.477539,0.344238,0.831543,-35.118103,-50.643917,-56.686398,1.0188263139583704
40.68,0.428223,0.356689,0.79541,-35.461426,-18.310547,-34.729004,0.9712255394860659
40.69,0.32666,0.364502,0.758545,-39.474487,2.693176,-26.405333,0.9027507854491182
40.7,0.219238,0.364258,0.731934,-39.69574,5.218505,-34.233093,0.8464493910234682
40.71,0.200439,0.379639,0.724854,-31.867979,-2.967834,-48.385616,0.8424457753220679
40.72,0.269775,0.423584,0.766602,-21.591185,-14.808654,-56.602474,0.9164499888619128
40.73,0.345215,0.47998,0.751709,-14.648437,-25.688169,-55.252071,0.9563579964145227
40.74,0.389648,0.513184,0.637695,-11.741637,-32.806396,-49.377438,0.9065529740643952
40.75,0.414795,0.517334,0.594727,-9.010315,-29.602049,-40.626522,0.8907241795920889
40.76,0.410645,0.502197,0.706787,-7.064819,-18.890381,-34.568787,0.959363854959629
40.77,0.3479,0.491699,0.780273,-9.239197,-13.34381,-35.354614,0.9857120629930426
40.78,0.237549,0.501465,0.737793,-12.611388,-18.77594,-38.879395,0.9231658488456991
40.79,0.190186,0.52124,0.64917,-12.229918,-28.778074,-41.671749,0.8539809957463925
40.8,0.245605,0.548584,0.609375,-7.4234,-35.980225,-44.364925,0.8559229589782015
40.81,0.353271,0.545166,0.681641,-0.465393,-32.539368,-43.815609,0.9416160681923392
40.82,0.434326,0.513184,0.82373,2.929687,-16.395569,-37.80365,1.0632629049449622
40.83,0.402344,0.468018,0.928711,0.350952,5.66864,-33.111572,1.1150899803069705
40.84,0.256104,0.434082,0.948486,-4.341125,23.91815,-39.993286,1.074077340667794
40.85,0.108643,0.415771,0.874512,-7.118225,28.305052,-57.487484,0.9743921510531578
40.86,0.063721,0.416504,0.800781,-5.706787,16.921997,-73.974609,0.9048680333717176
40.87,0.114502,0.43335,0.855225,-0.88501,-3.540039,-82.855217,0.9655634267768224
40.88,0.158447,0.472412,0.94873,-0.389099,-23.712156,-86.105339,1.071618944612776
40.89,0.172363,0.51123,0.94873,-9.056091,-36.743164,-86.769096,1.0913998944332914
40.9,0.158203,0.500977,0.905762,-20.431517,-40.367123,-82.145683,1.0470964350918208
40.91,0.115723,0.445557,0.895996,-25.55847,-36.903381,-74.043274,1.0073339490923554
40.92,0.080078,0.381836,0.922363,-23.208616,-31.471251,-69.664001,1.001481263304012
40.93,0.047607,0.356689,0.930664,-17.738342,-29.922483,-72.250366,0.9978120815394049
40.94,0.017822,0.381836,0.900146,-12.7182,-34.65271,-79.13208,0.9779464074764016
40.95,-0.012695,0.431152,0.869141,-8.285522,-42.854305,-84.83123,0.9702882499597736
40.96,-0.033936,0.486084,0.822998,-4.547119,-50.506588,-86.09008,0.9564282592834655
40.97,-0.026123,0.532959,0.748047,-2.937317,-55.999752,-83.595268,0.9188590865954366
40.98,-0.000488,0.537598,0.727295,-5.233764,-62.034603,-78.49884,0.9044168644894898
40.99,0.008545,0.499512,0.795654,-9.864807,-68.054199,-71.243286,0.9394948338788244
41.0,-0.023193,0.466309,0.82373,-15.289306,-70.716858,-64.468384,0.9468437630517507
41.01,-0.089844,0.439697,0.780029,-21.339415,-71.960449,-60.523983,0.8999170167220975
41.02,-0.129883,0.435059,0.746582,-24.269102,-75.958252,-59.646603,0.8738023860656366
41.03,-0.116699,0.483398,0.782471,-22.666929,-84.83886,-63.720699,0.9271208922497648
41.04,-0.058105,0.5625,0.825928,-20.492552,-99.342339,-72.982788,1.000969281351331
41.05,0.01416,0.619873,0.832764,-21.598814,-115.45562,-80.818169,1.0382383740861247
41.06,0.092773,0.624512,0.808594,-26.69525,-123.115532,-81.138603,1.0258880662669783
41.07,0.208496,0.574219,0.781494,-32.951355,-117.431633,-74.493408,0.9919329181013201
41.08,0.344971,0.491455,0.811523,-35.705566,-103.530876,-66.986084,1.0095061106278653
41.09,0.409424,0.431152,0.877686,-30.387877,-88.775627,-61.729427,1.060119226066578
41.1,0.343506,0.459229,0.865234,-16.716003,-76.927185,-58.227535,1.0380354142479917
41.11,0.199707,0.561523,0.834717,-2.548218,-71.289063,-58.357235,1.0256429376088934
41.12,0.134766,0.661377,0.868896,0.282288,-73.852539,-66.986084,1.1002552747889918
41.13,0.19458,0.709961,0.892334,-11.520385,-85.731499,-82.18383,1.1567912367739477
41.14,0.275146,0.698975,0.859619,-28.594969,-104.255669,-92.170708,1.1415849495775598
41.15,0.30835,0.650391,0.815186,-39.810181,-120.269768,-91.51458,1.0874816733982233
41.16,0.352539,0.608154,0.79834,-42.198177,-124.816887,-83.534233,1.0637113282451212
41.17,0.411865,0.602539,0.804199,-38.604736,-114.57061,-73.0896,1.0860119964102608
41.18,0.453613,0.637451,0.80127,-32.203674,-88.188164,-63.362118,1.1198848798291725
41.19,0.465088,0.695801,0.749023,-24.574278,-49.659725,-56.838985,1.1231568607607754
41.2,0.44751,0.726563,0.712891,-19.584656,-15.586852,-56.78558,1.1119229159208834
41.21,0.362549,0.694336,0.760254,-18.981934,-1.571655,-57.91473,1.0915724450594197
41.22,0.197998,0.643311,0.781738,-20.484922,-4.623413,-54.832455,1.0315844858124805
41.23,0.051758,0.609375,0.727539,-22.369383,-15.480041,-50.300594,0.9504366247730566
41.24,0.009766,0.593018,0.67749,-22.65167,-31.547544,-49.751278,0.90042124762802
41.25,0.088379,0.596191,0.664063,-17.288208,-51.391598,-54.26025,0.896791070479072
41.26,0.269043,0.633545,0.660889,-6.034851,-66.291809,-57.830807,0.9542209771300356
41.27,0.485107,0.687988,0.678467,3.601074,-66.162109,-53.771969,1.0811908988157457
41.28,0.63208,0.716064,0.71167,4.554749,-45.783993,-40.946957,1.191111651943679
41.29,0.646973,0.705078,0.703613,-0.366211,-3.601074,-26.05438,1.1877627299178906
41.3,0.604492,0.685791,0.618896,-4.66156,52.574154,-19.264221,1.103971074150496
41.31,0.507568,0.638672,0.602783,-8.621216,96.260063,-25.436399,1.0143345322412127
41.32,0.293945,0.573975,0.666504,-10.246276,110.748283,-41.03088,0.9274041975675978
41.33,0.022461,0.56665,0.680664,-6.881713,95.726006,-63.140865,0.8859459350981864
41.34,-0.121094,0.612305,0.654053,-4.730225,51.055904,-90.980522,0.90408323547669
41.35,-0.092041,0.657959,0.641357,-8.239746,-21.728514,-119.369499,0.9234286073167757
41.36,0.058594,0.695068,0.655273,-11.146544,-100.257866,-137.313843,0.9570451849254559
41.37,0.310791,0.725342,0.618896,-11.657714,-153.198242,-136.230469,1.0028680478811756
41.38,0.519287,0.720215,0.581543,-14.945983,-165.321335,-117.752068,1.0613957298967243
41.39,0.531738,0.662598,0.553467,-22.773741,-137.969971,-93.444817,1.0139561777202208
41.4,0.380127,0.588379,0.470215,-28.70941,-88.539116,-77.163696,0.843675607087819
41.41,0.177246,0.531494,0.397705,-25.077818,-49.125668,-77.850342,0.6870744381629985
41.42,0.016602,0.519775,0.390869,-9.643555,-43.708797,-90.301506,0.6505538042237552
41.43,-0.037354,0.545898,0.447998,12.680053,-68.42804,-99.563591,0.7071790125024922
41.44,0.06665,0.590332,0.496826,31.867979,-98.976128,-95.458977,0.7744482984680127
41.45,0.244141,0.642822,0.501465,39.207458,-108.169548,-79.612732,0.8510535222828233
41.46,0.397705,0.688965,0.52124,34.103394,-83.587639,-63.041683,0.9510694905473522
41.47,0.497314,0.70752,0.543701,24.322508,-37.29248,-54.084774,1.0215265744937818
41.48,0.504639,0.702881,0.519043,19.371033,9.170532,-51.139828,1.0090133083022246
41.49,0.399658,0.686035,0.465088,21.972654,43.655392,-46.95892,0.9201507408751024
41.5,0.26001,0.685547,0.424805,29.449461,62.232967,-38.42926,0.8473719238528027
41.51,0.180176,0.70752,0.378662,37.80365,65.628052,-29.365538,0.8224553797136962
41.52,0.178955,0.755615,0.247314,47.042843,59.188839,-25.619505,0.814949774431529
41.53,0.227051,0.792236,0.133789,57.601925,50.041195,-30.120848,0.8349188779863587
41.54,0.160645,0.851318,0.283203,70.388794,43.579098,-39.993286,0.9114565773299351
41.55,0.027832,0.989502,0.588379,79.940796,39.474487,-54.855343,1.1515548948569494
41.56,0.028076,1.163086,0.706299,71.647644,15.998839,-79.696655,1.3610347470116257
41.57,0.150635,1.197998,0.689941,40.77911,-33.744812,-99.891655,1.3906504574155216
41.58,0.245361,1.072266,0.623047,5.455017,-78.330994,-85.533134,1.2641771866656983
41.59,0.340576,0.960938,0.464111,-11.268615,-90.789787,-40.519711,1.1201753755287607
41.6,0.400146,0.981201,0.37793,-4.188538,-74.195862,-4.981995,1.125034803291436
41.61,0.393311,1.099854,0.55542,12.321471,-34.706116,-7.293701,1.2933923381700543
41.62,0.472656,1.208496,0.741211,16.517639,19.470215,-33.607483,1.4944095900632464
41.63,0.540527,1.232666,0.782715,-1.609802,62.850948,-46.836849,1.5570092088712901
41.64,0.410889,1.179932,0.789551,-26.123045,84.465019,-29.067991,1.4779919067931326
41.65,0.198975,1.098633,0.794434,-39.649963,88.706963,2.029419,1.370295916825997
41.66,0.099121,1.01001,0.770752,-42.648312,76.217651,19.950867,1.2743640838649684
41.67,0.141113,0.91333,0.7146,-36.987305,49.499508,15.876769,1.1682198969667483
41.68,0.267334,0.802246,0.68335,-23.384092,17.112732,-1.25885,1.0872135643800624
41.69,0.382324,0.68457,0.698975,-6.477355,-6.515502,-12.107848,1.0504160016398265
41.7,0.412598,0.581787,0.703613,11.932372,-7.232666,-7.446289,1.0018904514676243
41.71,0.365723,0.53125,0.740967,33.493042,11.795043,0.831604,0.9823502279319735
41.72,0.288086,0.538574,0.776855,54.214474,31.654356,1.88446,0.9882100929949056
41.73,0.158936,0.586182,0.658691,66.818237,38.673401,-4.554749,0.8959597215840677
41.74,0.002441,0.623535,0.500977,72.494507,29.449461,-15.129088,0.7998623689329308
41.75,-0.05249,0.625488,0.421387,76.187134,6.225585,-23.628233,0.7560141810925243
41.76,0.036377,0.629395,0.419922,76.225281,-21.865843,-26.962278,0.7574931275186595
41.77,0.167725,0.640137,0.456787,67.337036,-39.825439,-28.236387,0.8040904288467808
41.78,0.23877,0.646729,0.510742,51.193233,-35.575867,-27.732847,0.8579783813739132
41.79,0.240479,0.653076,0.493896,36.628723,-13.931273,-28.839109,0.8533883465533145
41.8,0.218506,0.677979,0.4375,31.60858,10.833739,-34.439087,0.8359465571895132
41.81,0.222412,0.70752,0.421875,35.438538,33.14209,-39.077759,0.8532468363662418
41.82,0.221924,0.753418,0.391602,40.878292,53.680416,-36.819458,0.8776337908854696
41.83,0.161377,0.804688,0.305176,40.801998,72.090149,-30.181883,0.8756127594142287
41.84,0.05127,0.849365,0.222412,37.109375,87.280266,-24.971006,0.8794979328395265
41.85,-0.030762,0.884033,0.279053,36.254883,98.266594,-25.909422,0.9275404155841405
41.86,-0.043701,0.924561,0.429688,37.93335,101.737968,-32.966614,1.0204678326463799
41.87,-0.022705,0.975098,0.518555,35.102844,93.009941,-39.18457,1.1046406269253364
41.88,-0.034424,1.011963,0.530762,27.32086,72.059631,-36.766052,1.1432245736464028
41.89,-0.062256,1.034668,0.531006,20.500181,45.120235,-25.703428,1.1646377341456868
41.9,-0.059814,1.043213,0.53833,17.654419,18.64624,-14.442443,1.1754447102543786
41.91,-0.009521,1.043213,0.586426,19.828796,-0.419617,-7.904052,1.1967787875317644
41.92,0.078369,1.047119,0.662354,25.787352,-3.738403,-4.768372,1.2414961625546812
41.93,0.139404,1.050781,0.707275,29.441832,6.744384,-3.334045,1.2742888647406443
41.94,0.149414,1.028564,0.697266,25.001524,24.253843,0.671387,1.251578331646885
41.95,0.081055,0.981689,0.664795,20.51544,40.870663,7.659912,1.188375192340786
41.96,-0.053711,0.935303,0.677979,22.384642,51.498409,12.786864,1.1564307578800386
41.97,-0.099854,0.893311,0.705322,27.481077,55.13763,12.4588,1.142564872434384
41.98,-0.016357,0.85498,0.703613,33.39386,50.354,5.706787,1.1073976727526567
41.99,0.09082,0.841064,0.703125,40.893551,42.366024,-2.799988,1.1000098591017264
42.0,0.137939,0.862549,0.687744,46.417233,39.680481,-2.983093,1.1117597558186751
42.01,0.112305,0.895264,0.620605,43.991085,42.785641,3.494262,1.0951075786177356
42.02,0.069092,0.897217,0.549316,36.247253,45.509335,4.936218,1.05428654426062
42.03,0.069824,0.895996,0.504883,29.678343,45.989986,2.677917,1.0308205792867158
42.04,0.100586,0.921875,0.515137,23.551939,46.638485,5.607605,1.060819111719807
42.05,0.09082,0.969482,0.521484,11.680602,47.149654,14.511107,1.1045764722191034
42.06,0.004639,1.019043,0.474609,4.570007,43.090816,19.477844,1.1241547309205258
42.07,-0.087891,1.0625,0.488037,9.895325,35.766602,21.293638,1.1725234288704
42.08,-0.039063,1.110107,0.558594,16.601563,30.776976,23.330687,1.243338540484449
42.09,0.0354,1.119141,0.615234,12.870788,22.712706,27.153013,1.2775925064890605
42.1,-0.004883,1.080566,0.648926,2.563476,17.738342,36.705017,1.2604569320373464
42.11,-0.077881,1.032227,0.692383,-5.386352,24.345396,42.66357,1.2453723332317126
42.12,-0.081543,1.001221,0.678955,-6.774902,40.786739,35.057068,1.212465522691264
42.13,-0.102051,1.018799,0.60083,-1.861572,56.457516,21.591185,1.1871657415466468
42.14,-0.152588,1.061035,0.574463,1.502991,66.741943,14.595031,1.216176840487435
42.15,-0.172607,1.094238,0.533203,-3.845215,69.221497,16.746521,1.2294126306094306
42.16,-0.1604,1.081787,0.434814,-12.489318,64.880371,17.860413,1.176883379084351
42.17,-0.144531,1.014648,0.365967,-15.716552,56.159969,8.575439,1.088270011970375
42.18,-0.122559,0.928467,0.428223,-13.267516,52.696224,0.0,1.0297798873055348
42.19,-0.116943,0.859131,0.534912,-8.560181,57.800289,-2.418518,1.0187799508009567
42.2,-0.155762,0.830322,0.54541,-3.013611,62.171932,-5.653381,1.0055687407770788
42.21,-0.221436,0.850098,0.533691,3.112793,54.367062,-15.266418,1.027874795479002
42.22,-0.225342,0.866699,0.638672,3.547668,33.096313,-20.881651,1.099930951082385
42.23,-0.101318,0.85083,0.634521,-5.599975,14.083861,-7.30133,1.0662053861545626
42.24,-0.105713,0.82251,0.437256,-21.156309,6.874084,20.103453,0.9374917322328767
42.25,-0.36792,0.754883,0.25,-32.218933,14.389037,39.871216,0.8761925987412813
42.26,-0.637695,0.668213,0.127441,-25.93231,26.161192,38.322449,0.9324187551068457
42.27,-0.702881,0.60083,0.1521,-4.669189,16.136169,13.679503,0.9371087445227475
42.28,-0.576172,0.580078,0.291016,15.327453,-23.933409,-14.495849,0.8678450160737227
42.29,-0.382813,0.602051,0.426514,21.438597,-72.967529,-16.799927,0.8312192200412596
42.3,-0.281494,0.65625,0.468506,12.802123,-99.098198,11.840819,0.8540496511163739
42.31,-0.294189,0.68042,0.429932,2.967834,-93.91021,36.750793,0.8569481132163137
42.32,-0.342041,0.750732,0.396729,6.408691,-80.810539,32.76825,0.9154149228333565
42.33,-0.286865,0.872559,0.461914,17.089844,-69.67926,10.147094,1.0281124841679532
42.34,-0.140137,0.935303,0.517334,19.78302,-52.719112,-0.976562,1.0779909777609458
42.35,-0.016113,0.931396,0.518066,14.564513,-28.617857,6.019592,1.0659036156899928
42.36,0.054199,0.885498,0.48999,9.33075,-2.838135,8.979797,1.0134764129988423
42.37,0.084473,0.838623,0.511475,10.719298,21.240232,-0.694275,0.9859162740735138
42.38,0.092773,0.844482,0.57251,19.546509,40.756222,-13.85498,1.024462970513332
42.39,0.064941,0.920654,0.584717,26.672361,52.139278,-20.614622,1.0925726938222462
42.4,-0.019043,0.999512,0.557617,27.473448,54.214474,-21.301268,1.1446936676167996
42.41,-0.097412,1.034668,0.522217,25.489805,50.537106,-20.095823,1.163072466812365
42.42,-0.116455,1.015137,0.514648,21.461485,41.671749,-20.553587,1.144083676877701
42.43,-0.129639,0.967529,0.502686,16.708374,35.78186,-20.408628,1.0980035750205916
42.44,-0.1521,0.931396,0.507324,13.267516,37.796021,-19.180298,1.0714525466823064
42.45,-0.171143,0.898193,0.543945,8.743286,41.66412,-19.508362,1.0639157648625195
42.46,-0.195801,0.854736,0.553223,0.617981,42.549129,-18.791199,1.036806321848975
42.47,-0.203613,0.811768,0.555664,-6.385803,42.221066,-15.441894,1.0045835059809614
42.48,-0.181885,0.788574,0.569092,-9.635925,43.724056,-8.605957,0.9893416048893324
42.49,-0.173828,0.798584,0.571533,-9.658813,49.911495,-5.41687,0.9972976229436225
42.5,-0.196533,0.810303,0.539795,-10.261535,56.90765,-7.56073,0.9932747927552577
42.51,-0.220947,0.805908,0.496826,-11.093139,58.349606,-8.758545,0.9721838074916697
42.52,-0.209229,0.786865,0.465332,-10.162353,51.162716,-5.462646,0.9377991111586745
42.53,-0.218262,0.791748,0.45459,-4.333496,37.948608,1.235962,0.9386987079185739
42.54,-0.256348,0.827637,0.474854,4.135132,22.979734,8.056641,0.9880200515116077
42.55,-0.266846,0.854736,0.501221,7.232666,6.469726,10.658263,1.0261592996474769
42.56,-0.231201,0.846436,0.530762,3.784179,-12.603759,8.255005,1.0254833519570172
42.57,-0.143066,0.812744,0.567383,-1.281738,-29.754637,7.102966,1.001470997373863
42.58,-0.071045,0.785645,0.546143,-4.867554,-42.701717,9.605408,0.9594569477047942
42.59,-0.048096,0.783691,0.485107,-3.89862,-54.855343,10.086059,0.9229374898366628
42.6,-0.066162,0.793457,0.467773,1.190186,-73.074341,8.583069,0.923451677469915
42.61,-0.123535,0.793213,0.49292,2.998352,-93.460075,8.323669,0.9420286014734371
42.62,-0.101563,0.781738,0.526855,0.25177,-102.516167,8.346558,0.9481590239184564
42.63,0.018311,0.772217,0.528076,1.434326,-89.645378,6.66809,0.9356915354891269
42.64,0.105713,0.790283,0.519287,7.705688,-50.918575,3.753662,0.9515153424023178
42.65,0.120117,0.844727,0.483398,14.366149,5.111694,-2.27356,0.9806454122780568
42.66,0.059326,0.913818,0.468262,19.248962,57.891842,-12.657165,1.0285194271592542
42.67,-0.075928,0.955811,0.48291,17.471313,94.627373,-14.73236,1.0735649943086818
42.68,-0.213623,0.953857,0.49292,7.469177,107.330315,-3.013611,1.0947365386146568
42.69,-0.347168,0.925049,0.518799,-3.128052,93.65081,9.040833,1.1159720762752086
42.7,-0.449951,0.891846,0.547363,-5.889892,60.9436,10.612487,1.1390572610215872
42.71,-0.4104,0.883545,0.561279,-0.572205,22.125242,8.911133,1.1243282629490374
42.72,-0.206055,0.88623,0.559082,6.713867,-12.542724,10.032654,1.067911493827555
42.73,-0.038086,0.893311,0.499512,11.123656,-38.108826,14.167785,1.0241910584754195
42.74,-0.020996,0.902344,0.490479,13.839721,-49.697872,18.791199,1.027246404614297
42.75,-0.095459,0.888428,0.567871,16.00647,-46.70715,25.161741,1.0587229120530073
42.76,-0.151367,0.86084,0.602783,16.593933,-37.086487,31.066893,1.0617461181365346
42.77,-0.144531,0.837158,0.584961,17.959595,-27.549742,31.303404,1.0314562998237007
42.78,-0.114258,0.858887,0.587646,18.753052,-16.181946,31.784056,1.0469334222618933
42.79,-0.090088,0.894775,0.622314,10.82611,-3.288269,31.707762,1.0936237300666989
42.8,0.030762,0.829102,0.749512,9.231567,15.533446,27.687071,1.1180897393286462
42.81,0.101074,0.833008,0.714355,12.016295,51.414486,42.968746,1.1020078709178986
42.82,0.092773,0.832031,0.619141,11.909484,91.155998,48.828121,1.0412578894639886
42.83,0.086426,0.801758,0.555908,16.88385,127.120964,40.306087,0.9794483388642813
42.84,0.011719,0.90918,0.518311,25.474546,144.866943,36.170959,1.0466097171735032
42.85,-0.204102,1.091309,0.512207,21.804808,134.872437,42.076107,1.2226892371874385
42.86,-0.316162,1.167969,0.457764,3.013611,102.867119,46.264645,1.2936992984851619
42.87,-0.250732,1.104492,0.370361,-17.868042,59.410091,47.317501,1.1916108358893855
42.88,-0.253662,1.059082,0.261963,-29.869078,23.048399,54.687496,1.1200998644482554
42.89,-0.334229,1.039307,0.238281,-29.861448,-3.158569,49.583431,1.1174282525741865
42.9,-0.255371,0.989502,0.331299,-22.384642,-16.494751,33.485413,1.074284684357922
42.91,-0.046875,0.981934,0.406006,-12.893676,-8.773804,25.665281,1.0635941509885243
42.92,0.101074,1.028809,0.447021,-7.614135,18.714905,24.505613,1.1262733621985386
42.93,0.176514,1.034912,0.476807,-8.575439,59.265133,25.329588,1.1530589556432056
42.94,0.163086,0.980469,0.404053,-17.440796,94.108574,29.624937,1.0729283900456732
42.95,0.126709,0.900391,0.291504,-24.475096,111.579887,32.058716,0.9548474776517976
42.96,0.103271,0.83374,0.238525,-20.782469,116.767876,33.653259,0.873316358867736
42.97,0.05957,0.800049,0.216309,-11.070251,121.070854,35.293579,0.8309130946025584
42.98,0.026611,0.774658,0.209473,-2.159119,125.839226,30.906675,0.8029209799314002
42.99,-0.013916,0.767334,0.220947,7.6828,128.234863,23.574827,0.7986317670998317
43.0,-0.083008,0.811768,0.26001,21.39282,128.875732,19.836426,0.8564244356555926
43.01,-0.118652,0.913086,0.326416,34.187317,130.66864,22.079466,0.9769092821526469
43.02,-0.140137,0.999023,0.375977,34.675598,129.928589,22.949217,1.0765890756583962
43.03,-0.219238,1.004883,0.383057,23.841856,127.540581,19.393921,1.0975371563559932
43.04,-0.269043,0.978271,0.361084,16.944885,128.440857,15.533446,1.076930796451657
43.05,-0.241455,0.961182,0.325684,12.062072,125.778191,9.010315,1.0431881048042102
43.06,-0.204346,0.962158,0.310547,8.750916,119.369499,2.983093,1.0314769720594832
43.07,-0.193604,0.984375,0.302734,10.307311,114.547722,3.051758,1.0479143687329608
43.08,-0.17041,1.019287,0.286377,12.901305,116.447441,10.337829,1.072379290455574
43.09,-0.137695,1.031494,0.278564,13.107299,123.664848,13.900756,1.0772825475041354
43.1,-0.14209,1.005127,0.30835,12.145995,132.698059,13.72528,1.0609192131020155
43.11,-0.156982,0.991211,0.330811,13.389586,140.472412,13.160705,1.0566827871059508
43.12,-0.14917,1.006348,0.344727,15.083312,144.111633,10.711669,1.0741623203841215
43.13,-0.090332,1.018311,0.346191,11.146544,142.379761,9.429932,1.0793356157498
43.14,-0.044189,1.015381,0.281738,3.349304,141.220093,16.204834,1.0546694001088683
43.15,-0.048828,1.026123,0.184814,-0.076294,148.31543,27.244566,1.0437762208965098
43.16,-0.112305,1.042236,0.14917,1.281738,158.058167,30.151365,1.058829533787663
43.17,-0.19043,1.056396,0.135742,-0.152588,162.590012,24.444578,1.081971341709197
43.18,-0.253418,1.05835,0.10791,-5.607605,151.84021,18.409729,1.093604120934079
43.19,-0.279053,1.045898,0.117676,-10.620116,124.183647,18.241882,1.0888621786934285
43.2,-0.264404,1.026611,0.158203,-13.542174,89.653008,26.229856,1.0718525130567171
43.21,-0.195068,1.018066,0.173828,-15.037536,62.82806,38.490295,1.051059502865561
43.22,-0.116699,1.020508,0.157227,-16.51001,48.080441,44.013973,1.0391224972032893
43.23,-0.124268,0.998535,0.172119,-19.638062,40.130615,41.290279,1.0208524047138254
43.24,-0.201172,0.966553,0.20752,-18.478394,34.736633,41.748043,1.0088406344874297
43.25,-0.235352,0.968262,0.226807,-12.123107,36.148071,46.234127,1.0219409375286812
43.26,-0.25,0.977051,0.202148,-8.628845,40.962215,41.053768,1.028587609542814
43.27,-0.300049,0.975098,0.246582,-4.646301,43.952938,28.20587,1.04959430006503
43.28,-0.246826,0.967041,0.335693,-1.312256,44.212337,16.38031,1.0529867806416184
43.29,-0.096924,0.946533,0.354248,-4.508972,41.442867,8.44574,1.0152884454030784
43.3,0.013916,0.908203,0.357178,-8.377075,41.069027,6.355285,0.9760135593059145
43.31,-0.009766,0.888428,0.352295,-9.223938,47.309872,13.206481,0.9557779307794254
43.32,-0.090332,0.901123,0.317139,-9.887695,59.638973,21.110533,0.959562231788017
43.33,-0.115479,0.924316,0.311279,-8.003235,68.641663,20.530699,0.9821354708684541
43.34,-0.130127,0.952393,0.333008,-4.127502,69.923401,16.853333,1.0172904160769431
43.35,-0.166016,0.981934,0.322998,-5.424499,68.809509,18.943787,1.0469400176781858
43.36,-0.203369,0.982666,0.293701,-11.100768,66.177368,23.696898,1.0455867707263706
43.37,-0.23877,0.96167,0.284668,-14.297484,60.676571,26.535032,1.0309491607368426
43.38,-0.264404,0.955078,0.298584,-13.21411,55.13763,27.122496,1.0350052494340307
43.39,-0.265869,0.970459,0.319824,-11.58142,49.751278,24.665831,1.0558240321275132
43.4,-0.253662,0.984131,0.33252,-13.145446,43.29681,20.980833,1.069311828142287
43.41,-0.243164,0.978271,0.344482,-17.478943,36.514282,19.966125,1.065274954488746
43.42,-0.218018,0.955566,0.354248,-20.622252,30.784605,21.339415,1.042175548640439
43.43,-0.190674,0.930176,0.35376,-21.430967,23.803709,19.729614,1.0132769132137571
43.44,-0.183838,0.903564,0.359619,-22.02606,14.85443,15.243529,0.9897222527057781
43.45,-0.195557,0.875977,0.385742,-21.842955,6.347656,14.198302,0.9769212533986554
43.46,-0.214111,0.874023,0.391846,-19.760132,-2.563476,13.351439,0.9814800112921302
43.47,-0.233643,0.888916,0.385986,-18.692017,-13.313293,9.132385,0.996868044778746
43.48,-0.235352,0.892578,0.393799,-20.721434,-24.009703,4.753113,1.0035754592401112
43.49,-0.199951,0.890137,0.398438,-22.53723,-32.989502,3.845215,0.9955285636354188
43.5,-0.182861,0.912354,0.401855,-20.599363,-42.564388,1.373291,1.013565689860307
43.51,-0.228027,0.965576,0.384766,-18.295288,-58.654781,-7.080078,1.0641326041715853
43.52,-0.29248,1.005859,0.399658,-18.77594,-84.983818,-14.289855,1.1211705469039936
43.53,-0.312988,0.997559,0.461914,-24.116514,-117.286674,-14.869689,1.1430004330799706
43.54,-0.259766,0.943604,0.49585,-29.899595,-149.803162,-12.863158,1.0971481696070042
43.55,-0.17627,0.898926,0.497803,-27.671812,-172.912582,-7.667541,1.0425674525828053
43.56,-0.0979,0.892334,0.495361,-18.104553,-179.328903,-1.754761,1.0252935666807823
43.57,-0.027344,0.905762,0.527344,-7.904052,-172.752365,-0.801086,1.0484484676492212
43.58,0.019287,0.908936,0.588135,-3.410339,-159.416199,-3.028869,1.0827924171742245
43.59,0.057861,0.892334,0.633789,-2.922058,-146.263123,-3.761291,1.0960366596961983
43.6,0.040527,0.877197,0.647705,-3.334045,-141.235352,0.091553,1.0911639572323675
43.61,-0.028076,0.886963,0.642334,-1.495361,-143.035889,5.516052,1.0954837254386758
43.62,-0.060547,0.902832,0.651611,3.608703,-149.406433,3.974914,1.1150643276304735
43.63,-0.005859,0.920166,0.664795,8.666992,-158.691406,-3.890991,1.1352057907983029
43.64,0.123779,0.937988,0.657959,12.96234,-166.580185,-9.32312,1.1524117209860372
43.65,0.245605,0.966064,0.654785,17.021179,-167.221054,-7.087707,1.192621006164993
43.66,0.298584,1.000732,0.665283,19.836426,-157.592773,0.785828,1.2382319697734345
43.67,0.216064,1.021484,0.635986,20.13397,-144.256592,8.338928,1.2225348283578674
43.68,0.057861,1.032715,0.581787,22.735594,-135.84137,10.406493,1.1867283934898498
43.69,-0.068115,1.075439,0.569092,34.332275,-135.650635,9.773254,1.2186362871710328
43.7,-0.086914,1.169678,0.591797,51.284786,-138.664246,8.19397,1.313744402952492
43.71,0.005371,1.26416,0.597656,63.83514,-139.579773,2.906799,1.3983283046470167
43.72,0.102539,1.289551,0.593262,65.315247,-134.605408,-2.616882,1.423171046911087
43.73,0.109131,1.241943,0.567627,57.594296,-118.370049,-3.105163,1.3698658334081482
43.74,0.034912,1.186768,0.558838,50.888058,-88.401787,2.738952,1.3122259880874179
43.75,-0.041748,1.17334,0.57251,50.743099,-47.538754,9.277344,1.3062302060525166
43.76,-0.099854,1.219971,0.538086,50.598141,-7.644653,8.529663,1.3371000731257925
43.77,-0.126465,1.289307,0.447998,44.738766,24.154661,2.967834,1.3707691798687334
43.78,-0.141846,1.347656,0.379883,33.561707,43.899532,1.594543,1.40734078166626
43.79,-0.1604,1.362061,0.33667,13.504027,51.773067,8.071899,1.4121915651288248
43.8,-0.165283,1.336914,0.283447,-12.161254,55.953976,18.051147,1.3765898863837407
43.81,-0.143311,1.286133,0.202881,-33.996582,62.873837,24.726866,1.3098995520920678
43.82,-0.070557,1.231689,0.109375,-49.285885,73.783875,26.069639,1.2385471220728745
43.83,0.022705,1.190186,0.043457,-62.995907,82.550041,22.3999,1.1911955097589983
43.84,0.064941,1.151611,0.023438,-77.400208,84.312431,18.363953,1.1536787111869578
43.85,0.041992,1.12793,0.02417,-85.998528,81.291191,22.392271,1.1289701510066599
43.86,-0.044434,1.128662,0.063232,-91.13311,74.462891,31.47888,1.131304811456223
43.87,-0.141846,1.123291,0.103271,-99.105827,62.278744,34.385681,1.136911543541537
43.88,-0.19165,1.10791,0.083252,-105.895988,39.260864,26.725767,1.1274418770402312
43.89,-0.180664,1.0896,0.054932,-109.901421,4.074097,14.686584,1.1058413835265888
43.9,-0.121094,1.052979,0.085449,-114.379875,-34.934998,6.271362,1.063357918519442
43.91,-0.041504,0.987061,0.13623,-120.086662,-64.346313,5.798339,0.9972816115004828
43.92,0.039307,0.901855,0.166504,-125.701897,-77.514648,8.468628,0.9179384855697031
43.93,0.105469,0.811035,0.212891,-129.135132,-78.727722,7.995605,0.8451177782220652
43.94,0.124023,0.723633,0.272949,-128.944397,-73.356628,4.28009,0.7832800136726329
43.95,0.079346,0.657227,0.295654,-124.732964,-61.607357,3.173828,0.7250202789998359
43.96,0.005127,0.625732,0.290527,-118.125908,-45.127865,7.080078,0.689907790709744
43.97,-0.048096,0.624023,0.286377,-111.907951,-34.477234,10.581969,0.6882802596864158
43.98,-0.055908,0.627686,0.327881,-108.093254,-39.321899,8.087158,0.7103670665374345
43.99,-0.023926,0.605713,0.389893,-105.941765,-57.960506,1.060486,0.7207476973907027
44.0,0.032471,0.561523,0.397949,-103.012077,-78.773499,-3.738403,0.6890035210149509
44.01,0.10376,0.519043,0.395752,-97.724907,-92.315666,-1.976013,0.660901973785069
44.02,0.180176,0.489014,0.453369,-89.50042,-95.66497,2.716064,0.6907543219792404
44.03,0.230957,0.474609,0.529785,-78.926086,-90.202324,4.653931,0.7478415507010827
44.04,0.234863,0.479248,0.569824,-70.243835,-78.895569,2.861023,0.7807295724186448
44.05,0.189697,0.485107,0.591797,-66.352844,-67.581177,0.091553,0.7883764598635604
44.06,0.143066,0.47998,0.599121,-66.223145,-61.408993,-0.740051,0.7808934968335951
44.07,0.130615,0.450684,0.583008,-67.390442,-61.027523,-0.717163,0.7483813694534357
44.08,0.137939,0.413818,0.557617,-66.123962,-64.453125,-2.326965,0.7079613149982137
44.09,0.16626,0.405029,0.557861,-60.028072,-69.67926,-5.294799,0.7091542665471315
44.1,0.225098,0.424805,0.598633,-49.713131,-74.493408,-7.522583,0.7677824342338133
44.11,0.286377,0.458496,0.626221,-39.703369,-75.09613,-7.064819,0.8272745064281868
44.12,0.330811,0.486328,0.632324,-33.691406,-68.016052,-5.012512,0.8635881438978884
44.13,0.348877,0.478027,0.669189,-31.074522,-53.733822,-3.234863,0.8933302253808498
44.14,0.355225,0.449463,0.686768,-27.57263,-34.172058,-3.120422,0.8943444944863249
44.15,0.325195,0.427002,0.682861,-21.057127,-14.572143,-5.249023,0.8685514615438743
44.16,0.258545,0.44458,0.715332,-11.543273,-1.502991,-8.712769,0.8810202969563187
44.17,0.212158,0.525879,0.746094,0.50354,1.983642,-13.435363,0.937131792460911
44.18,0.190918,0.632568,0.731445,9.83429,-3.845215,-16.143799,0.9856996222851058
44.19,0.180176,0.70459,0.7146,8.735657,-16.014099,-14.808654,1.0195899269196416
44.2,0.210449,0.713135,0.712891,-1.914978,-29.403685,-12.542724,1.0300795540670633
44.21,0.285156,0.661865,0.694336,-13.740539,-39.131165,-9.986877,1.0007405775009823
44.22,0.329102,0.605713,0.653564,-18.051147,-41.358944,-5.66864,0.9499169789350015
44.23,0.309326,0.588135,0.640869,-12.992858,-35.400391,-1.617432,0.9232001016366929
44.24,0.248779,0.619385,0.659912,-3.181457,-23.79608,-0.839233,0.9386227233612022
44.25,0.217041,0.666992,0.709961,3.27301,-11.543273,-5.088806,0.9980128983465093
44.26,0.20459,0.712891,0.771973,-0.289917,-7.728576,-13.404845,1.0705199478337617
44.27,0.184814,0.711426,0.804932,-11.520385,-15.289306,-21.347044,1.0900452709387807
44.28,0.195801,0.664307,0.793457,-22.415159,-24.513243,-21.415709,1.0531931602032933
44.29,0.23877,0.602783,0.758545,-29.357908,-28.884886,-15.296935,0.9978722237912027
44.3,0.285889,0.551514,0.696533,-32.173157,-28.747557,-12.756347,0.9333051122789373
44.31,0.33667,0.511475,0.652344,-30.46417,-24.54376,-19.851685,0.8947100417794583
44.32,0.394043,0.478271,0.67749,-25.169371,-16.807556,-32.653809,0.9181534378250729
44.33,0.437988,0.450928,0.704346,-18.432617,-7.286071,-41.526791,0.9440724744658113
44.34,0.429932,0.44043,0.687012,-12.847899,1.953125,-42.510983,0.9223912389371443
44.35,0.359375,0.425049,0.671143,-10.742187,10.06317,-39.138794,0.8719231442478173
44.36,0.266602,0.383057,0.643555,-10.971068,15.335082,-35.720825,0.7949668733211466
44.37,0.154297,0.340088,0.608643,-8.407593,16.647339,-32.501221,0.7140824275964225
44.38,0.076416,0.349609,0.585449,1.770019,16.357422,-29.655455,0.6861606149714511
44.39,0.05249,0.401855,0.600342,15.701293,13.404845,-29.891966,0.7243294541084189
44.4,0.054932,0.458496,0.630859,24.627684,4.615784,-35.354614,0.7818050808999645
44.41,0.062988,0.486572,0.623779,25.711058,-8.956909,-43.998714,0.7936120211847852
44.42,0.071289,0.479736,0.625,22.40753,-22.857664,-51.879879,0.7911091904516089
44.43,0.102783,0.441895,0.639648,18.936157,-33.752441,-56.953426,0.7842098571288173
44.44,0.166992,0.396973,0.6521,17.868042,-40.084839,-61.492916,0.7814782791562412
44.45,0.239746,0.36377,0.669189,19.958496,-41.41235,-67.512512,0.7985115372597944
44.46,0.282471,0.39624,0.670166,27.519224,-37.155151,-73.394775,0.8282019506116851
44.47,0.293457,0.50293,0.660645,40.634151,-28.20587,-75.462341,0.8806289864488904
44.48,0.291992,0.635986,0.655029,50.758358,-18.096924,-73.669434,0.9585408239094463
44.49,0.281006,0.739746,0.664307,49.22485,-9.58252,-73.410034,1.0331951929819456
44.5,0.244141,0.749268,0.683594,35.446167,-3.623962,-78.994751,1.0432200729189407
44.51,0.194092,0.667725,0.674072,17.471313,0.457764,-89.004509,0.9684531177465433
44.52,0.150146,0.544434,0.632324,5.256652,2.02179,-99.342339,0.8478123864676665
44.53,0.126221,0.444336,0.591797,3.425598,1.342773,-107.032768,0.7507262556658053
44.54,0.118652,0.416016,0.570801,10.421752,-0.198364,-112.098686,0.7162132300935246
44.55,0.114258,0.472168,0.569336,21.812437,-0.839233,-115.112297,0.7484256754574898
44.56,0.103271,0.583496,0.560059,31.929014,1.396179,-116.325371,0.815351804399794
44.57,0.086182,0.702148,0.547852,36.102295,8.178711,-117.492668,0.8947519013290779
44.58,0.049316,0.776367,0.576904,30.769346,19.294739,-121.551506,0.968501942053293
44.59,-0.023438,0.775635,0.645996,16.891479,32.745361,-130.134583,1.009687984025263
44.6,-0.120361,0.713623,0.682129,0.526428,46.508785,-141.052246,0.9945071790042543
44.61,-0.196533,0.632568,0.662842,-10.459899,57.937618,-150.817871,0.9370843140705111
44.62,-0.236328,0.581299,0.670166,-11.978148,65.65094,-158.226013,0.918086008248138
44.63,-0.238281,0.588623,0.725342,-4.257202,70.411682,-163.070663,0.9640414348221761
44.64,-0.252441,0.663574,0.749756,10.246276,74.256897,-164.710983,1.0325652383714068
44.65,-0.30835,0.772217,0.740723,25.024412,80.360405,-164.283737,1.1135840248126767
44.66,-0.370605,0.84668,0.730713,31.257627,88.836662,-164.085373,1.1782005673033773
44.67,-0.41333,0.854736,0.697754,28.060911,93.505852,-163.11644,1.1782512308977233
44.68,-0.459961,0.814941,0.648438,22.926329,89.11895,-159.873962,1.1384923341182407
44.69,-0.518555,0.757324,0.629395,22.727964,78.544617,-155.62439,1.1129137410536363
44.7,-0.534668,0.706543,0.641846,27.565001,68.93158,-151.138306,1.0940928519961184
44.71,-0.496826,0.677246,0.675049,34.118652,63.827511,-145.706177,1.0775849716811199
44.72,-0.498535,0.672607,0.698242,39.558411,61.920162,-139.709473,1.0901739371485635
44.73,-0.571777,0.680908,0.720703,43.457027,63.423153,-133.300781,1.144542465967078
44.74,-0.648193,0.69043,0.726563,46.394344,66.474915,-127.120964,1.1936253780470654
44.75,-0.706787,0.71582,0.689209,49.133297,62.95776,-121.940605,1.2194077174800888
