t,ax,ay,az,gx,gy,gz,acc_mag
1.0,0.215576,0.519043,0.03833,-4.737854,39.855957,49.415585,0.5633363440476746
1.01,0.182861,0.546631,-0.024902,-26.519773,32.043457,55.335995,0.5769434158442229
1.02,0.172363,0.58252,-0.041992,-48.21014,20.820616,53.810116,0.6089350394196412
1.03,0.157715,0.584229,-0.006348,-63.346859,8.033752,44.715878,0.6051758775513115
1.04,0.209229,0.549316,0.110107,-73.921204,-10.231017,28.778074,0.5980371173648004
1.05,0.260498,0.532471,0.157471,-83.938591,-33.210754,14.526366,0.6133365223806585
1.06,0.29126,0.443115,0.203125,-102.523796,-48.347469,6.141662,0.5678406963665074
1.07,0.297852,0.577393,0.157471,-139.091492,-52.8717,2.296448,0.6685025102376206
1.08,0.294434,0.910645,-0.070068,-172.18779,-44.548031,7.041931,0.9596224366932028
1.09,0.427246,1.016846,-0.037842,-170.913681,-24.002073,27.8244,1.1036063379647654
1.1,0.462891,0.840088,0.058105,-146.690369,-26.382444,51.315304,0.9609329407664199
1.11,0.486816,0.744629,0.103271,-117.515556,-34.324646,46.310421,0.8956154671163289
1.12,0.539795,0.746338,0.120605,-102.371208,-41.687008,25.192259,0.9289481246517483
1.13,0.61792,0.817139,0.116699,-104.537956,-42.579647,10.711669,1.031096468969805
1.14,0.697021,0.854492,0.115234,-111.92321,-43.838497,11.558532,1.108726173255146
1.15,0.773926,0.907227,0.123535,-114.06707,-49.652096,18.699646,1.1988674569067257
1.16,0.795654,0.953369,0.132568,-107.76519,-59.776302,22.315977,1.2488202482747468
1.17,0.814697,0.975342,0.171631,-101.783745,-64.460754,16.021729,1.2823729640529702
1.18,0.881592,0.957275,0.215088,-91.896049,-54.557796,10.70404,1.3190309806191058
1.19,0.921143,0.97583,0.291992,-76.522827,-40.740963,10.95581,1.373320044058558
1.2,1.022461,0.949463,0.407715,-56.762691,-28.404234,11.756896,1.4536636495816355
1.21,1.125732,0.927734,0.490723,-43.785091,-24.703978,16.036987,1.5390815356273362
1.22,1.125488,0.971436,0.491699,-33.058167,-30.273436,16.88385,1.56594350052644
1.23,1.099365,1.00415,0.452148,-25.283812,-38.459778,9.521484,1.5560714763882153
1.24,1.026367,1.012207,0.363281,-11.566161,-44.776913,-2.586365,1.486595208689642
1.25,0.953125,1.000732,0.252197,-1.617432,-42.022701,-15.525817,1.4048185392633454
1.26,0.916748,0.952637,0.217529,2.807617,-29.502867,-24.696348,1.3398742534708248
1.27,0.89917,0.879883,0.264404,6.179809,-16.166687,-26.977537,1.2855388978187319
1.28,0.830078,0.821289,0.322998,10.169982,-10.925292,-25.260923,1.2115580116564786
1.29,0.787109,0.839355,0.344482,15.266418,-13.404845,-26.084898,1.2011349808535259
1.3,0.737061,0.803467,0.356201,23.857115,-25.665281,-28.320311,1.147038486804606
1.31,0.667969,0.783936,0.283203,29.907225,-33.996582,-30.540464,1.0681489485394815
1.32,0.60083,0.786377,0.200439,31.913755,-36.598206,-31.249998,1.0097332656449425
1.33,0.534424,0.78418,0.13501,32.730103,-37.124634,-29.571531,0.9585275083564373
1.34,0.473633,0.774658,0.092285,32.394409,-35.858154,-24.79553,0.9126553330135095
1.35,0.426758,0.772461,0.060059,31.829832,-35.331726,-18.943787,0.8845481731177788
1.36,0.398438,0.758301,0.021973,31.288145,-35.820007,-13.359069,0.8568874250296826
1.37,0.403809,0.761719,-0.01001,30.754087,-36.277771,-7.095336,0.8621935650084614
1.38,0.430908,0.768555,-0.024658,32.554626,-37.696838,3.318786,0.8814570377806283
1.39,0.441406,0.775635,-0.030762,39.894104,-42.098995,20.797728,0.8929698823056688
1.4,0.453857,0.779297,-0.030029,50.743099,-49.392696,46.669003,0.9023257346983959
1.41,0.409912,0.73999,-0.017822,58.937069,-54.481503,75.653076,0.8461268649132943
1.42,0.436279,0.827637,-0.024414,65.231323,-58.120724,88.462822,0.935905130344951
1.43,0.717773,0.853027,-0.042236,83.419792,-76.553345,86.196892,1.1156330140122241
1.44,1.047852,0.774658,-0.061279,90.736382,-121.948235,57.296749,1.3045474106788915
1.45,1.107178,0.572021,-0.012939,73.638916,-182.746872,25.55084,1.246281896621306
1.46,1.062744,0.309082,0.061279,22.796629,-243.492111,18.554688,1.1084726465280954
1.47,0.981934,0.39917,0.065674,-37.612915,-249.992355,20.454405,1.062000067576269
1.48,0.767822,0.524658,0.009521,-73.96698,-249.343857,23.567198,0.9300039193944293
1.49,0.457764,0.528076,-0.158203,-93.582146,-249.740585,18.707275,0.7165475076231861
1.5,0.253418,0.547363,-0.194824,-104.080193,-236.984238,-4.417419,0.6338638082971768
1.51,0.449219,0.51001,-0.175781,-73.188782,-150.611877,0.297546,0.7020020441722374
1.52,0.593018,0.543457,-0.09668,-50.636288,-74.08905,22.514341,0.8101622563246204
1.53,0.671875,0.72998,-0.083496,-64.292908,-39.741516,25.42877,0.9956196050907193
1.54,0.701416,0.773438,-0.069092,-63.323971,-29.579161,22.842405,1.046405489933993
1.55,0.681396,0.70752,-0.035156,-53.38287,-27.900694,24.345396,0.9829145453964959
1.56,0.687012,0.669922,-0.024658,-48.71368,-26.382444,26.008604,0.9598900932877681
1.57,0.727051,0.657471,-0.020508,-45.501705,-24.497984,25.68054,0.9804549201804232
1.58,0.700928,0.661865,-0.010986,-42.388912,-25.405882,23.307798,0.9640985590721521
1.59,0.645508,0.675293,-0.016357,-38.803101,-29.022215,23.208616,0.9343279752645748
1.6,0.612793,0.688477,-0.022949,-35.896301,-30.738829,26.924131,0.9219774926640022
1.61,0.591553,0.697754,-0.029785,-34.805298,-28.625486,31.028746,0.9152500983610983
1.62,0.562012,0.708008,-0.031982,-34.538269,-24.261473,34.011841,0.9045195766438667
1.63,0.565674,0.718018,-0.039795,-34.713745,-20.057678,37.277222,0.9149429297092798
1.64,0.608154,0.725342,-0.039795,-35.575867,-18.554688,40.199276,0.9473942931562339
1.65,0.609375,0.726563,-0.032715,-36.323547,-20.378111,40.885921,0.9488424288674069
1.66,0.57959,0.724609,-0.018799,-35.949707,-24.612425,41.175838,0.9280819863471115
1.67,0.560059,0.717041,-0.01001,-35.194397,-27.137754,43.235775,0.9098978400139216
1.68,0.592041,0.709473,-0.008545,-35.087585,-25.947569,45.997616,0.9240873878778998
1.69,0.593262,0.701904,-0.001465,-35.148621,-20.973204,46.562191,0.9190381777080863
1.7,0.563477,0.695557,0.00293,-34.339905,-14.892577,46.249386,0.8951616919182813
1.71,0.55127,0.693604,0.005127,-33.256531,-9.033203,48.744198,0.8860086951294552
1.72,0.55957,0.707031,0.000732,-33.035278,-4.455566,52.963253,0.9016717560648109
1.73,0.596436,0.732666,-0.001709,-33.340454,-1.220703,57.121273,0.9447424465604369
1.74,0.629639,0.746826,-0.000244,-33.950806,0.762939,59.410091,0.9768287486212718
1.75,0.65625,0.748291,0.002441,-34.309387,0.045776,60.882565,0.9952936459467628
1.76,0.703613,0.740234,-0.000977,-34.126282,-3.372192,62.995907,1.0212828124736066
1.77,0.76416,0.7229,-0.010742,-33.927917,-8.682251,64.674377,1.0519697268286763
1.78,0.81665,0.706787,-0.01709,-33.798218,-14.923095,64.575195,1.0801653364041082
1.79,0.853516,0.69043,-0.035645,-33.699036,-21.209715,62.774654,1.0983868686309939
1.8,0.884766,0.667969,-0.060059,-33.905029,-26.573179,60.798641,1.110225447014254
1.81,0.897217,0.64624,-0.076172,-34.622192,-30.838011,58.853146,1.108344105534468
1.82,0.894287,0.630127,-0.092285,-35.438538,-33.973694,57.365414,1.0978733058613823
1.83,0.881348,0.61084,-0.105957,-36.155701,-35.03418,56.762691,1.0775558865103008
1.84,0.885986,0.593262,-0.120605,-37.29248,-34.454346,57.167049,1.073068757752736
1.85,0.890381,0.578613,-0.135986,-38.589478,-33.721924,57.815548,1.070543563394783
1.86,0.889893,0.561523,-0.154785,-40.023804,-33.912659,58.532711,1.0635675940921667
1.87,0.889648,0.54248,-0.17041,-41.954037,-35.827637,60.096737,1.0558397995927222
1.88,0.885254,0.519287,-0.188721,-44.418331,-39.222717,61.828609,1.0435273109631582
1.89,0.87793,0.503906,-0.207275,-47.21069,-42.388912,63.446041,1.0332692134003605
1.9,0.876953,0.488037,-0.218994,-50.643917,-44.654842,64.651489,1.0272220060016237
1.91,0.879395,0.469238,-0.224121,-54.351803,-46.310421,65.055847,1.021640880794225
1.92,0.874512,0.450684,-0.214355,-57.868954,-47.744747,64.38446,1.0068939229258462
1.93,0.850342,0.4375,-0.202148,-60.867306,-49.003597,63.08746,0.977420882152617
1.94,0.82373,0.429199,-0.186523,-63.255306,-50.354,62.248226,0.9473825647699032
1.95,0.809814,0.425781,-0.166016,-64.689636,-51.62048,62.431332,0.929865305736804
1.96,0.792969,0.426514,-0.146973,-65.1474,-52.635189,62.530514,0.9123130437991117
1.97,0.787598,0.427734,-0.126709,-64.704895,-53.260799,62.530514,0.9051641591672751
1.98,0.803467,0.433105,-0.113037,-63.743587,-54.222103,62.973019,0.9197372040333043
1.99,0.825684,0.442627,-0.107666,-62.255856,-55.625912,63.415524,0.9430083226255217
2.0,0.845947,0.447998,-0.105713,-60.592648,-56.449886,62.980648,0.9630699731494072
2.01,0.855957,0.449951,-0.106934,-58.830257,-56.137081,61.95068,0.9729096405144724
2.02,0.86499,0.450439,-0.114502,-57.556149,-54.77142,61.347958,0.981943837917933
2.03,0.883057,0.45459,-0.119141,-56.846615,-52.436825,60.783382,1.0003181050195984
2.04,0.904297,0.456787,-0.117432,-56.480404,-49.873348,59.242245,1.0199008295917795
2.05,0.929688,0.454834,-0.121582,-55.793758,-48.538204,57.075497,1.0421016877560463
2.06,0.95166,0.452881,-0.120605,-54.946896,-48.858639,54.489132,1.060803243672454
2.07,0.961426,0.452148,-0.125977,-53.962704,-50.537106,51.383968,1.069882223382088
2.08,0.9646,0.445313,-0.130615,-53.184505,-52.223202,47.904964,1.0704284685087557
2.09,0.966553,0.438477,-0.128174,-52.62756,-53.428646,44.006344,1.069072193826965
2.1,0.949707,0.428467,-0.126953,-51.895138,-53.710934,39.878845,1.0495925019487324
2.11,0.925781,0.420166,-0.127197,-51.139828,-52.993771,36.216736,1.0245921160764413
2.12,0.909912,0.412354,-0.132324,-50.346371,-51.498409,33.39386,1.0077129105236273
2.13,0.899414,0.406494,-0.140625,-49.652096,-49.636837,30.815123,0.9969745764346251
2.14,0.880859,0.397949,-0.152832,-49.262997,-47.843929,28.091429,0.9785875559734039
2.15,0.857666,0.38916,-0.168945,-49.301144,-45.936581,25.566099,0.9568588642955659
2.16,0.831299,0.384277,-0.181396,-49.613949,-44.05975,23.933409,0.9336119905753139
2.17,0.807617,0.378906,-0.195068,-50.178524,-42.068478,23.117064,0.9131629099722569
2.18,0.779785,0.374756,-0.203125,-51.292416,-40.016174,22.743223,0.8886880619126151
2.19,0.754395,0.369629,-0.209229,-52.322384,-37.879944,23.124693,0.8657448747217624
2.2,0.726563,0.364746,-0.225098,-53.459164,-35.743713,24.42169,0.8435653780762935
2.21,0.716797,0.36084,-0.248047,-55.061337,-33.599854,26.519773,0.8399587841186019
2.22,0.719238,0.353027,-0.259521,-57.113644,-31.623838,28.442381,0.8421891193870887
2.23,0.72583,0.347168,-0.27002,-58.845516,-29.884336,29.418943,0.8486846349050983
2.24,0.746338,0.343262,-0.274658,-59.700008,-28.038023,30.181883,0.8661906417481084
2.25,0.770508,0.337891,-0.277588,-59.55505,-26.412962,30.22003,0.885950339290527
2.26,0.784668,0.334961,-0.280762,-58.509823,-25.459288,29.739378,0.8981815197325094
2.27,0.796387,0.334717,-0.282715,-56.27441,-25.566099,29.701231,0.9089529663755985
2.28,0.807617,0.33667,-0.290039,-53.527828,-25.901793,30.014036,0.921799614401091
2.29,0.820313,0.341553,-0.296875,-50.178524,-25.55084,29.846189,0.9368599870861174
2.3,0.834961,0.34082,-0.302979,-46.485897,-24.238585,29.052732,0.9513750145773221
2.31,0.834473,0.338379,-0.307373,-42.533871,-22.163389,27.725218,0.9514849954145362
2.32,0.838135,0.338867,-0.306885,-38.032532,-20.751951,26.779173,0.9547143683526502
2.33,0.852295,0.34082,-0.306396,-33.218384,-19.920349,26.252745,0.9677001334302895
2.34,0.850586,0.344971,-0.303711,-28.022764,-19.920349,25.192259,0.9668205137242383
2.35,0.85791,0.353027,-0.297607,-22.3999,-20.568846,24.337767,0.9742728351329518
2.36,0.862061,0.355957,-0.293213,-16.998291,-21.415709,23.094175,0.9776647773848662
2.37,0.864258,0.358887,-0.283691,-11.650084,-22.575377,21.713255,0.9778662243957503
2.38,0.865479,0.357178,-0.281006,-6.492614,-23.78845,20.38574,0.9775450859991062
2.39,0.857178,0.351807,-0.275391,-1.869202,-25.100706,19.180298,0.9666242764456104
2.4,0.859619,0.343018,-0.272705,2.151489,-26.550291,18.608093,0.9648700381450344
2.41,0.874512,0.333008,-0.273438,5.531311,-27.877806,18.028259,0.9749019981782784
2.42,0.890869,0.319092,-0.27417,8.31604,-28.747557,16.174316,0.9852088451313255
2.43,0.88501,0.306396,-0.266602,10.719298,-28.617857,13.587951,0.9737545046468334
2.44,0.858643,0.295654,-0.256592,12.664794,-26.710508,11.405944,0.9436729007601098
2.45,0.825439,0.290283,-0.247314,14.122008,-22.499083,10.612487,0.9092733238174318
2.46,0.789063,0.289795,-0.22998,15.342711,-16.555786,11.230468,0.8714885887916145
2.47,0.757568,0.291504,-0.211426,17.082214,-9.483337,12.611388,0.8387996245325816
2.48,0.726563,0.285889,-0.20166,19.271851,-1.876831,14.991759,0.8064075079573602
2.49,0.721191,0.272949,-0.20459,21.133421,5.943298,17.822266,0.797793634458185
2.5,0.73999,0.259521,-0.20874,22.445677,12.939452,20.477293,0.8114855125884873
2.51,0.772217,0.246338,-0.208008,23.368834,17.318726,22.521971,0.8368206697955065
2.52,0.807373,0.244629,-0.204102,24.093626,19.142151,23.429869,0.8679586022236314
2.53,0.8125,0.250488,-0.200195,25.230406,19.14978,23.216246,0.8734864201400042
2.54,0.793457,0.255371,-0.19458,27.038572,19.180298,23.056028,0.8559496100180197
2.55,0.767822,0.263184,-0.182617,28.808592,21.240232,23.559568,0.8319647890560032
2.56,0.742188,0.27417,-0.17749,30.883787,25.367735,25.421141,0.810872934770917
2.57,0.712891,0.283691,-0.172119,33.546448,31.288145,28.32794,0.7863326977323275
2.58,0.688721,0.287842,-0.174805,36.712646,38.612366,31.845091,0.7666462162105805
2.59,0.682373,0.288574,-0.176025,40.023804,46.806332,36.750793,0.7615068385970017
2.6,0.719971,0.289063,-0.177979,43.037411,55.39703,42.617794,0.795985039589941
2.61,0.775879,0.2771,-0.18042,45.860287,62.911983,48.095699,0.8434002662087557
2.62,0.834961,0.254395,-0.202393,48.011776,68.183899,52.238461,0.8960131773556681
2.63,0.89209,0.233398,-0.187988,49.911495,71.434021,54.801937,0.9410837808866968
2.64,0.942627,0.205322,-0.15332,51.704403,74.256897,57.006832,0.9768366328168698
2.65,0.964355,0.174805,-0.15918,52.589413,76.591492,58.319088,0.992912698302323
2.66,0.978271,0.150391,-0.141113,53.016659,77.697754,58.097836,0.9997722146024064
2.67,0.988525,0.143066,-0.134033,54.122921,79.673767,59.013363,1.0077769599817215
2.68,0.983643,0.129395,-0.153564,54.847713,83.984367,59.906002,1.0039315313157566
2.69,1.007324,0.105957,-0.167236,55.320736,90.75927,59.570309,1.0265945677437611
2.7,1.101563,0.067871,-0.174561,54.847713,97.793571,58.639523,1.1173714952203677
2.71,1.158447,0.029297,-0.19751,51.475521,103.546135,52.757259,1.1755288027598472
2.72,1.148193,0.011963,-0.192871,49.041744,103.675835,43.594357,1.1643408011656209
2.73,1.143066,-0.009033,-0.17334,49.453732,97.991936,37.757874,1.1561696376591974
2.74,1.131348,-0.025391,-0.140137,48.782345,89.912407,33.950806,1.1402768868805506
2.75,1.132568,-0.023926,-0.107666,47.7066,80.978386,29.777525,1.137925610774272
2.76,1.132324,-0.022949,-0.072998,48.255917,72.9599,23.872374,1.1349066065456666
2.77,1.147705,-0.019531,-0.046387,48.355099,67.840576,17.478943,1.1488080695899554
2.78,1.16333,-0.013184,-0.020752,48.515316,65.177917,11.116027,1.163589769747053
2.79,1.172119,-0.012695,0.012939,50.437923,62.538143,4.928589,1.172259156887674
2.8,1.158447,-0.023193,0.017822,51.567074,58.265682,-0.541687,1.158816202312515
2.81,1.130859,-0.019287,0.006836,52.406307,52.276608,-3.837585,1.1310441181253719
2.82,1.091797,-0.005859,0.034424,54.145809,46.539303,-6.538391,1.0923552667818284
2.83,1.054932,-0.013184,0.059326,54.077145,44.479366,-9.277344,1.0566810856431565
2.84,1.010742,-0.019043,0.080322,51.834103,44.036861,-10.093688,1.0141073168540893
2.85,0.990723,-0.020752,0.105713,50.811764,42.373653,-11.009215,0.9965630670469381
2.86,1.002441,-0.009277,0.131104,50.415035,40.290829,-12.145995,1.011020415237002
2.87,1.026855,-0.008057,0.147217,49.591061,36.430359,-12.573241,1.037385632907551
2.88,1.022461,-0.020508,0.145996,49.507137,27.397154,-13.381957,1.033035288168318
2.89,0.998291,-0.033447,0.152588,51.10931,15.090941,-14.343261,1.0104388750607334
2.9,0.977539,-0.076904,0.080322,51.216122,7.072448,-15.281676,0.9838436590337919
2.91,1.058594,-0.116455,0.131348,48.561092,-0.25177,-15.304564,1.0730495426423703
2.92,0.96582,-0.088379,0.038574,45.852657,-5.0354,-16.304016,0.9706220034168811
2.93,0.9375,-0.072998,0.00708,42.297359,-10.81848,-15.632628,0.9403643359911094
2.94,0.990234,-0.055176,0.018799,35.743713,-10.787963,-13.656615,0.9919481680677674
2.95,1.001221,-0.0354,0.026123,31.532286,-15.251159,-15.335082,1.0021871391960684
2.96,0.999756,-0.030762,0.019287,30.105589,-25.421141,-15.213012,1.0004150881254241
2.97,0.986816,-0.017822,0.012207,27.57263,-33.882141,-14.366149,0.9870524061006083
2.98,1.012451,-0.010742,0.036377,24.696348,-39.276123,-14.686584,1.0131612428897978
2.99,1.011719,-0.023193,0.02832,24.29199,-38.925171,-15.579223,1.012380991825706
3.0,0.904297,-0.031006,-0.047119,23.345945,-34.790039,-15.548705,0.906054433467438
3.01,0.858154,-0.018066,-0.068359,19.935608,-25.749205,-10.787963,0.8610619147035827
3.02,0.909424,0.003174,-0.062012,15.35797,-13.694762,-7.308959,0.9115413178764855
3.03,0.965088,0.015625,-0.019531,12.107848,-8.247375,-7.995605,0.9654120614172996
3.04,0.982178,0.030273,0.041748,11.497497,-9.674072,-9.185791,0.9835308707493629
3.05,0.955566,0.036865,0.078369,13.450622,-12.870788,-8.56781,0.9594827297778736
3.06,0.889893,0.028564,0.092285,16.021729,-15.655517,-6.67572,0.8951212067480024
3.07,0.886963,0.015381,0.049561,16.25824,-18.058777,-3.27301,0.8884797303546097
3.08,0.940918,0.005859,-0.042236,13.130187,-19.203186,-0.869751,0.9418836925549778
3.09,0.998535,0.01123,-0.105957,6.736755,-19.050598,-2.052307,1.004203736785519
3.1,1.035156,0.03125,-0.101074,0.175476,-17.524719,-4.959106,1.0405481537689643
3.11,1.049805,0.043457,-0.073242,-6.095886,-17.868042,-7.888793,1.053253739342045
3.12,1.058594,0.044678,-0.057861,-12.130736,-21.820066,-8.674622,1.0611151096092262
3.13,1.039307,0.070068,-0.068848,-17.547607,-27.862547,-8.926392,1.043938988627688
3.14,1.003662,0.083496,-0.128174,-21.171568,-34.484863,-9.803772,1.0152524644323695
3.15,0.958008,0.070557,-0.176025,-25.703428,-38.169861,-10.70404,0.9765973678737825
3.16,0.914551,0.046631,-0.176758,-31.204222,-37.811279,-10.231017,0.9326421459091371
3.17,0.895264,0.029785,-0.161133,-35.079956,-37.284851,-7.530212,0.9101365939297242
3.18,0.888428,0.033447,-0.136475,-36.437988,-37.574768,-5.386352,0.8994711994377586
3.19,0.891602,0.032227,-0.078613,-34.812927,-37.330627,-3.784179,0.8956409490984655
3.2,0.916016,0.003418,-0.04126,-34.706116,-33.851624,-1.457214,0.9169511342378066
3.21,0.962646,0.006104,-0.030273,-36.178589,-30.96771,-0.450134,0.9631412329772825
3.22,0.977295,0.0354,-0.036377,-33.981323,-32.394409,-1.64032,0.978612263950335
3.23,0.97998,0.054199,-0.013916,-29.022215,-35.934448,-2.76947,0.9815762767391029
3.24,0.992188,0.053955,-0.017578,-25.955198,-39.016724,-1.914978,0.9938094160617517
3.25,0.955811,0.060303,-0.042236,-23.216246,-39.070129,-0.640869,0.9586422686414364
3.26,0.907959,0.050781,-0.056885,-19.233704,-32.653809,-0.50354,0.9111553977598991
3.27,0.902344,0.030029,-0.056885,-18.516541,-18.280029,-0.190735,0.9046338145360254
3.28,0.936035,0.026855,-0.0979,-20.065308,-2.89917,0.778198,0.9415238298896104
3.29,0.962646,0.050781,-0.152344,-21.697996,9.170532,0.656128,0.9759481162505514
3.3,0.96875,0.077148,-0.185303,-25.375364,19.172668,-1.083374,0.9893258200476727
3.31,0.949219,0.089844,-0.205811,-31.051634,24.406431,-2.89154,0.975421356142052
3.32,0.95166,0.079346,-0.18335,-35.362244,20.233152,-2.357483,0.9724041165153509
3.33,0.967773,0.053711,-0.14917,-38.192749,11.260985,-1.678467,0.9806738193456579
3.34,1.003174,0.052002,-0.139893,-41.473385,-2.822876,-2.380371,1.014215131877355
3.35,1.030273,0.052734,-0.167969,-43.724056,-21.850584,-4.981995,1.045206637103879
3.36,1.056152,0.05542,-0.169189,-46.760555,-40.710445,-9.82666,1.0710524455996542
3.37,1.061523,0.067383,-0.158203,-50.254818,-59.265133,-14.366149,1.0753602826155522
3.38,1.063721,0.087402,-0.162598,-53.237911,-80.413811,-19.447327,1.0796201114507824
3.39,1.042236,0.115234,-0.188965,-55.381771,-101.379387,-22.811888,1.0654776044934027
3.4,0.994629,0.125732,-0.180176,-54.725643,-117.858879,-23.628233,1.018606290202942
3.41,0.956543,0.100098,-0.192139,-55.290218,-124.618523,-23.551939,0.9807708783268395
3.42,0.921143,0.091797,-0.196289,-58.448788,-123.89373,-22.270201,0.9462877401609936
3.43,0.930908,0.092529,-0.181641,-61.996456,-120.887749,-21.301268,0.9529663022300421
3.44,0.966553,0.118408,-0.188965,-64.76593,-123.153679,-21.781919,0.9919440142961699
3.45,0.993652,0.138184,-0.211182,-63.240047,-132.9422,-22.644041,1.0252009325415188
3.46,0.97583,0.139648,-0.23877,-59.661861,-145.40863,-24.688719,1.0142765232933275
3.47,0.935303,0.148926,-0.278809,-59.165951,-151.557922,-27.244566,0.9872715501654041
3.48,0.900146,0.175293,-0.330811,-60.012814,-151.71051,-27.549742,0.974898135645976
3.49,0.853027,0.179688,-0.348633,-59.715267,-149.208069,-27.938841,0.938875821800732
3.5,0.782227,0.205322,-0.354004,-61.18774,-140.464783,-26.847837,0.8828108717211179
3.51,0.755615,0.220215,-0.342773,-59.494015,-126.106255,-23.727415,0.8584532625478221
3.52,0.772705,0.210449,-0.317139,-55.557247,-111.778252,-21.736143,0.8613587777151864
3.53,0.782471,0.198975,-0.284424,-51.414486,-102.371208,-20.843504,0.8560075515099151
3.54,0.777588,0.210449,-0.236816,-46.546932,-95.405571,-19.096375,0.8396509377122138
3.55,0.796387,0.199951,-0.218018,-41.313168,-84.663383,-15.777587,0.8495554746418859
3.56,0.793701,0.176025,-0.230225,-38.17749,-77.697754,-12.947082,0.8449554003916419
3.57,0.722412,0.169434,-0.27002,-34.408569,-75.614929,-13.160705,0.789618755159729
3.58,0.604492,0.19165,-0.31665,-28.610228,-69.595337,-9.658813,0.7088071127351926
3.59,0.584961,0.186523,-0.358887,-23.124693,-52.444454,-0.724792,0.7111751400456852
3.6,0.581055,0.16333,-0.410156,-23.712156,-25.390623,6.66809,0.729746220449959
3.61,0.642334,0.15918,-0.456787,-28.305052,0.892639,12.237548,0.804105467787031
3.62,0.774658,0.176025,-0.463135,-30.746458,14.10675,15.548705,0.9195508935420594
3.63,0.851318,0.186523,-0.454102,-32.394409,9.979248,15.312194,0.9827216254143388
3.64,0.901123,0.212646,-0.411621,-32.295227,-1.449585,16.723633,1.0132486516576273
3.65,0.932373,0.20459,-0.365234,-28.526304,-13.885497,20.210264,1.022043225105964
3.66,0.891602,0.197754,-0.339355,-25.650023,-26.344297,23.468016,0.9742805483765956
3.67,0.83252,0.200439,-0.286133,-22.171019,-37.246704,24.772642,0.9028496202635299
3.68,0.799316,0.189941,-0.281494,-19.317627,-48.080441,25.512693,0.8684598570878219
3.69,0.783936,0.19751,-0.39624,-14.205932,-53.009029,26.550291,0.9003177160291804
3.7,0.792236,0.185059,-0.525635,-15.571593,-41.114803,24.177549,0.9685953057918462
3.71,0.767822,0.211426,-0.647949,-25.398252,-21.247862,19.058228,1.0266886011644427
3.72,0.741211,0.256104,-0.732178,-30.738829,-6.484985,16.609192,1.0728781985952554
3.73,0.727295,0.264893,-0.683594,-28.221128,5.584716,18.058777,1.0326795608077077
3.74,0.766357,0.216064,-0.577148,-27.145384,20.88928,17.929077,0.9834055711907473
3.75,0.775391,0.173584,-0.52832,-30.84564,35.690308,15.403747,0.9541931829231437
3.76,0.758301,0.17627,-0.521729,-33.14209,45.219418,13.381957,0.9371726996354514
3.77,0.766357,0.178955,-0.53125,-31.639097,51.422115,12.496947,0.9495022411632318
3.78,0.772461,0.179443,-0.523193,-29.441832,56.045528,11.543273,0.9500666829328349
3.79,0.782471,0.181641,-0.473877,-23.91815,57.594296,11.45172,0.9326380486828746
3.8,0.828125,0.154053,-0.395752,-16.014099,55.3894,11.642455,0.9306680331557542
3.81,0.871338,0.144043,-0.338135,-10.0708,49.278255,10.368346,0.9456815395882484
3.82,0.893799,0.15332,-0.302979,-2.876281,39.299011,7.850646,0.9561275800027944
3.83,0.898682,0.174072,-0.291992,4.821777,28.129576,6.217956,0.9608276257331488
3.84,0.880859,0.203369,-0.301514,12.496947,20.797728,5.775451,0.9529859496540334
3.85,0.851563,0.229492,-0.315674,18.112183,19.691467,5.683898,0.9367369936695145
3.86,0.833252,0.253418,-0.343994,20.317076,23.216246,6.401062,0.9364088050974317
3.87,0.81543,0.277344,-0.356445,22.331236,28.274534,7.324218,0.9321474224933521
3.88,0.789795,0.290771,-0.359131,24.627684,33.531189,8.56781,0.9150404316897698
3.89,0.774658,0.30249,-0.351807,25.779722,41.061398,10.871886,0.9029747406838133
3.9,0.787109,0.336182,-0.315918,27.297972,51.902767,13.099669,0.9123393544778171
3.91,0.813232,0.361084,-0.233398,32.623291,65.429688,14.030456,0.9198926933528715
3.92,0.799072,0.360596,-0.197266,36.842346,80.490105,14.72473,0.8985874532598371
3.93,0.776855,0.367432,-0.189941,39.199829,95.306389,16.563416,0.8801065555544964
3.94,0.765137,0.37085,-0.172607,41.824337,107.315056,17.585754,0.8676160024561558
3.95,0.763672,0.347168,-0.165283,44.357296,114.326469,18.753052,0.8550081952221278
3.96,0.800049,0.313965,-0.173096,45.227047,115.257256,21.194456,0.8767067062832359
3.97,0.765381,0.289551,-0.156494,45.791622,110.183708,22.323606,0.8331495836871072
3.98,0.676514,0.279297,-0.100098,50.72784,103.85894,22.544859,0.7387134870902249
3.99,0.745117,0.241211,-0.010986,57.952877,103.752129,25.962828,0.7832641842992695
4.0,0.862061,0.198242,0.030029,59.982296,108.993523,29.563902,0.8850710700988932
4.01,0.908447,0.203613,0.064453,62.553402,108.993523,27.763365,0.9332140133897476
4.02,0.976318,0.207764,0.110352,69.770813,106.407158,24.612425,1.0042610620371577
4.03,1.058105,0.196777,0.096191,74.272156,106.948845,23.574827,1.0805369439473136
4.04,1.130615,0.208252,0.029297,73.669434,106.178276,22.262571,1.1500076034261686
4.05,1.166016,0.208252,-0.043213,71.243286,104.61425,20.591734,1.1852550658524938
4.06,1.156982,0.19751,-0.116943,65.338135,101.417534,16.25824,1.1795309295109644
4.07,1.164551,0.176025,-0.168945,60.8139,94.009392,12.054442,1.1898345453259456
4.08,1.156494,0.120361,-0.159424,57.090755,81.596367,9.902954,1.173618828296905
4.09,1.116211,0.100098,-0.11792,51.811214,69.061279,7.621765,1.1268769819838367
4.1,1.01416,0.123047,-0.053223,47.21069,60.409542,5.302429,1.0229827748002407
4.11,0.92627,0.144287,0.036377,46.82159,59.020992,3.860473,0.9381461172962344
4.12,0.927734,0.138916,0.059814,47.843929,66.558838,2.883911,0.9399817787638225
4.13,0.998779,0.133301,0.050049,48.59161,75.836182,1.518249,1.0088773710630048
4.14,1.053955,0.125732,0.02002,48.316952,80.665581,1.00708,1.061616916900348
4.15,1.074707,0.086426,-0.022461,45.06683,82.81707,0.595093,1.0784104440545819
4.16,0.987793,-0.00708,-0.113281,41.16058,82.206718,0.87738,0.9942925737477878
4.17,0.912842,-0.115967,-0.163818,35.125732,78.00293,5.577087,0.9346470987367371
4.18,0.883545,-0.14917,-0.133301,23.635862,74.516296,11.505126,0.9059098258248445
4.19,0.898438,-0.101563,-0.085938,11.383056,67.825317,12.535094,0.9082352242987496
4.2,0.927246,-0.047363,-0.046387,3.52478,53.703304,12.802123,0.9296129044145204
4.21,0.963379,0.001221,0.016602,1.144409,35.179138,16.616821,0.9635228149275968
4.22,1.049316,0.065186,0.06543,2.487183,12.100219,20.057678,1.0533728529594826
4.23,1.118164,0.122803,0.079346,7.843017,-13.427733,17.074585,1.1276821783734103
4.24,1.172119,0.159668,0.106201,10.749816,-38.299561,8.834839,1.1877017608751785
4.25,1.173584,0.218506,0.115479,14.213561,-61.759945,3.982544,1.1993246751955868
4.26,1.156738,0.26001,0.075439,23.139952,-83.145134,1.770019,1.1879979139144143
4.27,1.143311,0.272217,0.071289,31.646727,-102.447502,0.762939,1.177431212144047
4.28,1.169922,0.306885,0.209717,41.893002,-113.945,0.88501,1.227549228910189
4.29,1.170654,0.369629,0.415039,58.181759,-115.104668,-0.854492,1.295883388611028
4.3,1.130127,0.407471,0.498779,78.208923,-106.338493,-7.385253,1.300769058215562
4.31,1.062744,0.387451,0.386963,94.764702,-89.782707,-16.372681,1.195526432290813
4.32,1.065918,0.334229,0.18457,103.187553,-72.868347,-25.398252,1.132235086925414
4.33,1.13501,0.279785,-0.053711,106.590263,-72.059631,-35.087585,1.1702188760424266
4.34,1.194824,0.254639,-0.130371,107.727043,-93.101494,-44.464108,1.2285935084225377
4.35,1.294678,0.305664,0.055176,109.603874,-123.306267,-52.787777,1.3314150350495522
4.36,1.304199,0.409912,0.073975,116.325371,-142.822266,-67.840576,1.3691001351143022
4.37,1.142334,0.407715,-0.124512,128.608704,-144.943237,-86.730949,1.219287384878971
4.38,1.018555,0.274658,-0.321533,138.031006,-146.42334,-94.28405,1.1028484823755256
4.39,0.84668,0.105713,-0.548584,134.338379,-146.362305,-92.65136,1.0143897997441615
4.4,0.735596,0.016602,-0.655518,115.745537,-139.251709,-92.277519,0.9854343965703654
4.41,0.746582,0.054443,-0.580078,91.743462,-118.827812,-91.308586,0.9470159497373843
4.42,0.80542,0.146484,-0.427246,72.83783,-92.338554,-92.01812,0.9234165274522652
4.43,0.851074,0.203125,-0.380371,62.721249,-72.792053,-94.009392,0.9540800892702876
4.44,0.821045,0.224121,-0.361084,58.532711,-67.54303,-91.361992,0.9245143426264408
4.45,0.707275,0.252197,-0.343262,53.680416,-64.77356,-86.59362,0.8256331225659495
4.46,0.56958,0.241211,-0.332275,49.308773,-54.504391,-81.764214,0.7021472769626041
4.47,0.469238,0.175049,-0.299561,48.416134,-35.598755,-72.174072,0.5835779688833361
4.48,0.503906,0.14209,-0.162598,47.149654,-8.720398,-58.441158,0.548223434869397
4.49,0.747314,0.160156,-0.021484,47.622677,20.820616,-48.622128,0.7645846723470201
4.5,1.062744,0.179443,-0.027344,54.679867,35.629272,-47.317501,1.0781337088325362
4.51,1.244385,0.230957,-0.093994,65.261841,24.192808,-54.13818,1.2691217577955238
4.52,1.264648,0.314697,-0.179443,73.928833,-5.332946,-61.454769,1.3155107585884656
4.53,1.131836,0.38916,-0.280273,77.262878,-34.202576,-69.908142,1.229248221892145
4.54,0.934814,0.422852,-0.329346,78.514099,-55.465694,-76.293945,1.0775666179944514
4.55,0.692383,0.366699,-0.372803,77.789307,-67.558289,-78.315735,0.8676660948193147
4.56,0.490723,0.224854,-0.39502,73.394775,-70.709229,-74.920654,0.6688865258360345
4.57,0.377441,0.078125,-0.398682,64.567566,-59.448238,-64.445496,0.554538151284472
4.58,0.360596,-0.012207,-0.375,51.86462,-36.277771,-51.87225,0.5203878227485729
4.59,0.370361,-0.055176,-0.37915,40.954586,-16.067505,-37.696838,0.53288496300515
4.6,0.412354,-0.073975,-0.467529,31.845091,-0.411987,-21.385191,0.6277670649070402
4.61,0.5354,-0.044922,-0.531738,20.904539,12.779235,-6.645202,0.7559209262403046
4.62,0.696533,0.02832,-0.592041,7.476806,19.813538,3.479004,0.9145888629160099
4.63,0.821045,0.0896,-0.624756,-7.797241,19.477844,7.324218,1.0355979488010778
4.64,0.890381,0.141357,-0.606934,-24.337767,15.586852,8.201599,1.086797592455007
4.65,0.911377,0.203613,-0.540527,-40.290829,11.19995,8.758545,1.0789975568216084
4.66,0.887695,0.251465,-0.471436,-52.795406,7.011413,9.590149,1.0360931238773858
4.67,0.83252,0.25415,-0.417725,-61.69891,3.082275,11.291503,0.9654925937183568
4.68,0.746582,0.221191,-0.39502,-68.969727,0.709534,15.35797,0.8731271050683286
4.69,0.682129,0.16626,-0.389648,-75.889587,1.708984,22.117613,0.8029744230951569
4.7,0.640137,0.089355,-0.401611,-82.954399,6.134033,30.3421,0.7609540657063342
4.71,0.585693,0.007568,-0.408447,-90.728752,14.511107,39.69574,0.7140885916201155
4.72,0.543213,-0.056396,-0.406982,-101.242058,28.816221,50.338741,0.6810985394999758
4.73,0.564697,-0.092041,-0.412109,-114.105217,50.186153,61.080929,0.7051156468062527
4.74,0.588623,-0.116943,-0.449707,-127.67791,75.431824,68.534851,0.7499260545060425
4.75,0.553223,-0.139404,-0.451172,-142.227173,98.052971,75.363159,0.7273550278433497
4.76,0.532471,-0.156006,-0.373291,-155.281067,125.511162,87.646477,0.6687371744998181
4.77,0.561523,-0.137939,-0.328613,-172.149643,158.966064,102.813713,0.6650727411486655
4.78,0.600586,-0.07251,-0.296143,-191.276535,184.600815,113.357536,0.6735442969434156
4.79,0.677246,-0.058838,-0.271729,-201.232895,196.327194,113.883965,0.7320933712314298
4.8,0.737305,-0.013672,-0.250488,-198.196396,187.843307,117.805473,0.7788130871736811
4.81,0.839844,-0.000977,-0.223633,-175.674423,153.244019,110.41259,0.8691090941613717
4.82,0.804443,-0.179199,-0.098877,-145.561218,115.554802,114.219658,0.8300707698618233
4.83,0.737793,-0.270996,-0.025635,-143.859863,111.358635,128.913879,0.7864060631060776
4.84,0.845703,-0.184814,0.043701,-152.366638,130.737305,136.924744,0.8667638410812948
4.85,0.961182,-0.04541,0.123535,-152.47345,148.864746,134.437561,0.9701514322254027
4.86,0.99585,0.055176,0.187256,-152.168274,160.240173,129.074097,1.0148036376619862
4.87,0.967773,0.084717,0.272949,-147.895813,175.46843,130.836487,1.0090900387076467
4.88,0.977295,0.048828,0.416748,-139.48822,202.522263,130.455017,1.0635640959119483
4.89,0.960938,0.02832,0.536377,-128.990173,241.86705,119.132988,1.100865181742524
4.9,0.927002,0.056885,0.584717,-123.474113,249.992355,103.256218,1.0974801052037344
4.91,0.964355,0.104492,0.580811,-131.439209,249.740585,92.178337,1.1305930133385753
4.92,1.109863,0.167236,0.692139,-149.452209,249.740585,83.488457,1.318643300436475
4.93,1.253174,0.256348,0.868896,-153.343201,249.992355,69.671631,1.546331022192855
4.94,1.310791,0.312744,1.010986,-140.434265,249.992355,43.334957,1.6846585848215656
4.95,1.317871,0.290283,1.126709,-118.545525,249.992355,20.042419,1.757987873510793
4.96,1.283691,0.234131,1.206055,-97.702019,228.721603,7.446289,1.7768648152481945
4.97,1.214111,0.197021,1.182373,-78.24707,180.343613,-4.478455,1.7061326753482566
4.98,1.142822,0.186035,1.101807,-59.692379,138.969421,-16.593933,1.5983209346554903
4.99,1.072021,0.19458,1.012451,-45.219418,100.936882,-24.520872,1.487328957642525
5.0,1.00415,0.195801,0.896484,-33.660889,70.976257,-29.983519,1.3602715965412937
5.01,1.000977,0.202148,0.792969,-26.069639,49.522396,-37.475586,1.2929109031151373
5.02,0.965576,0.190186,0.718506,-21.247862,29.022215,-45.3186,1.2185067083967982
5.03,0.93335,0.187012,0.702881,-19.210815,7.240295,-51.124569,1.1832824729560563
5.04,0.876221,0.17627,0.719727,-15.907287,-12.161254,-54.161068,1.1475370618285057
5.05,0.804688,0.138672,0.752441,-10.299682,-30.166624,-55.084225,1.1103693797151468
5.06,0.788086,0.098389,0.796875,-2.479553,-48.21777,-52.284237,1.1250643112026975
5.07,0.768555,0.074951,0.775635,8.377075,-63.270565,-48.828121,1.0944880509402557
5.08,0.765869,0.064209,0.669189,20.683287,-79.330444,-44.631954,1.0190642955981728
5.09,0.803223,0.067139,0.581299,25.177,-101.242058,-41.069027,0.9937722880272926
5.1,0.838867,0.096191,0.591797,24.879454,-125.617973,-39.222717,1.0311034096437661
5.11,0.762451,0.099854,0.602051,30.128477,-139.839172,-37.475586,0.9766103395510413
5.12,0.684814,0.081055,0.615723,35.40802,-140.87677,-33.088684,0.9244754947266045
5.13,0.673828,0.080078,0.630615,38.795471,-128.166199,-24.307249,0.9263541104205238
5.14,0.69165,0.073486,0.627686,43.189999,-106.979362,-17.311096,0.9368936061752156
5.15,0.712891,0.067139,0.60498,49.278255,-90.362541,-12.870788,0.9374017407717995
5.16,0.719971,0.044678,0.581299,55.374142,-80.688469,-7.568359,0.9264247902155901
5.17,0.707031,0.012207,0.503174,59.562679,-69.404602,-2.052307,0.867885891166575
5.18,0.745605,-0.057861,0.506348,61.004635,-54.687496,0.068665,0.9031406360307347
5.19,0.768066,-0.043701,0.417236,57.807919,-42.190548,-1.098633,0.8751691479097055
5.2,0.776367,-0.026123,0.315674,52.963253,-30.998228,-1.235962,0.8384975874109598
5.21,0.887939,-0.006104,0.294434,43.472286,-19.966125,-4.302979,0.9355021682994648
5.22,0.887695,0.026611,0.294189,35.095215,-15.632628,-9.460449,0.9355520969283325
5.23,0.886475,0.02832,0.319824,28.976439,-13.961791,-11.627196,0.9428294326128136
5.24,0.864258,0.03418,0.335205,22.827147,-14.289855,-13.09204,0.9276165991340387
5.25,0.846924,0.025146,0.380859,16.914368,-18.058777,-14.129638,0.9289597197796038
5.26,0.875732,0.022705,0.443604,11.932372,-19.897461,-13.610839,0.9819402026931171
5.27,0.952637,0.019775,0.474854,10.124206,-15.823363,-15.045165,1.0646100815368977
5.28,0.98999,0.04541,0.485352,8.460999,-10.81848,-19.554138,1.1034984513373818
5.29,1.014648,0.09082,0.527344,8.255005,-9.45282,-21.995543,1.1471052831540791
5.3,1.055908,0.122314,0.525146,11.795043,-9.162903,-22.796629,1.1856140773354542
5.31,1.03418,0.115479,0.505859,17.578125,-7.530212,-25.169371,1.1570466713672356
5.32,1.016113,0.142334,0.52002,18.981934,-5.767822,-28.259275,1.1502892665434206
5.33,1.015869,0.192627,0.538574,21.156309,-5.79071,-31.60858,1.165828863841516
5.34,0.977295,0.210693,0.511963,26.458738,-10.215758,-34.591675,1.123211097987818
5.35,0.901855,0.208984,0.481201,30.677794,-19.218445,-34.667969,1.0433461341673722
5.36,0.850098,0.220703,0.486816,33.622742,-27.137754,-31.669615,1.004174407993452
5.37,0.799805,0.232178,0.509766,38.513184,-29.525755,-29.098509,0.9764507342743923
5.38,0.770508,0.235107,0.513428,45.089718,-29.281614,-26.504515,0.9552833038931435
5.39,0.848145,0.228516,0.508057,51.025387,-29.220579,-23.643492,1.0147371179423763
5.4,0.915771,0.236084,0.491211,56.015011,-35.705566,-22.933958,1.0656736958459658
5.41,0.908203,0.257813,0.44873,62.110897,-51.727291,-21.438597,1.045303231162135
5.42,0.864746,0.284424,0.428467,65.90271,-65.643311,-17.967224,1.0061146189083032
5.43,0.839355,0.312256,0.431641,68.069458,-74.523926,-15.907287,0.9941501790182407
5.44,0.799805,0.318359,0.388672,72.19696,-79.322815,-14.747619,0.9445138508725004
5.45,0.752441,0.289551,0.342529,76.072693,-76.652527,-12.916564,0.8759756594352379
5.46,0.732422,0.25415,0.297607,76.759338,-68.214417,-9.628296,0.8304240693964741
5.47,0.751221,0.234375,0.277344,76.400757,-56.732174,-6.805419,0.8343766090932799
5.48,0.782471,0.213135,0.264404,77.072144,-41.122433,-5.989074,0.8529928893501986
5.49,0.79834,0.183105,0.262207,77.919006,-26.077269,-6.820678,0.8600155274609872
5.5,0.820801,0.153809,0.227295,78.048706,-13.557433,-6.698608,0.8654677966897439
5.51,0.869141,0.119629,0.158691,75.98114,-0.801086,-6.828308,0.8915716510763452
5.52,0.9375,0.093994,0.143555,68.67218,8.44574,-8.003235,0.953073533396558
5.53,0.999023,0.091309,0.136719,61.256405,9.391785,-7.987976,1.0124605537851832
5.54,1.037354,0.063721,0.100586,56.449886,2.685547,-8.598328,1.044165327212602
5.55,1.07666,0.031494,0.075195,50.72784,-8.407593,-9.506226,1.079742059781409
5.56,1.058838,0.019775,0.059082,44.494625,-22.033689,-10.406493,1.060669431817944
5.57,0.948242,-0.000977,-0.046631,38.017273,-34.950256,-10.795592,0.9493883795654969
5.58,0.697754,-0.09082,-0.201172,29.060362,-44.929501,-8.071899,0.7318326929701897
5.59,0.589844,-0.195068,-0.201904,13.023376,-48.706051,3.913879,0.6532478045703637
5.6,0.683105,-0.177246,-0.035889,-5.729675,-38.30719,17.280579,0.7066375349937194
5.61,0.766602,-0.041992,0.116211,-17.593384,-16.220093,17.242432,0.7764965878798181
5.62,0.855225,0.046631,0.149902,-16.960144,0.640869,11.413573,0.869514151920485
5.63,0.931396,0.044434,0.112305,-13.175963,0.976562,11.764525,0.9391939640974062
5.64,0.987061,0.051025,0.118408,-16.983032,-8.140564,13.893126,0.9954463435112914
5.65,1.016846,0.121582,0.151855,-22.483824,-18.928528,14.160155,1.0352863910363161
5.66,0.949219,0.169189,0.161621,-21.690367,-22.964476,12.535094,0.9776313084813723
5.67,0.890869,0.187988,0.166992,-21.408079,-14.717101,12.237548,0.9256745601824651
5.68,0.9021,0.213867,0.157715,-23.857115,2.365112,13.549804,0.9404241197002553
5.69,0.939453,0.243896,0.158936,-27.023314,14.640807,13.351439,0.9835231822997361
5.7,0.95459,0.260254,0.18335,-29.357908,16.777039,11.222838,1.0062760233236208
5.71,0.973145,0.251465,0.205566,-29.167173,13.351439,9.017944,1.0259157945981727
5.72,1.044678,0.214111,0.22583,-27.854918,7.392883,7.118225,1.0900435004645457
5.73,1.092529,0.216309,0.227783,-28.366087,-1.930237,1.747131,1.1367912272757035
5.74,1.064453,0.225342,0.237061,-27.603148,-15.007018,-5.546569,1.1135695415617293
5.75,1.002441,0.224121,0.249268,-25.886534,-27.000425,-9.277344,1.0570017582511393
5.76,0.96582,0.243652,0.244629,-26.336668,-34.645081,-9.086609,1.0256792467165357
5.77,0.958496,0.283203,0.224365,-26.618956,-39.398193,-8.163452,1.0243330388355147
5.78,0.97583,0.306885,0.232666,-25.344847,-40.832516,-7.446289,1.0490739057287621
5.79,1.017334,0.326416,0.249268,-23.29254,-36.705017,-7.957458,1.097110025674727
5.8,1.023193,0.336182,0.231201,-18.455505,-31.677244,-10.688781,1.10154262503727
5.81,1.068604,0.330811,0.215576,-12.306212,-28.320311,-12.298583,1.1392205398047388
5.82,1.106689,0.338623,0.20752,-7.850646,-28.923033,-15.037536,1.1757936167754952
5.83,1.101318,0.320801,0.174805,-2.548218,-36.857605,-19.439697,1.1603324552687475
5.84,1.205566,0.17749,-0.052979,11.009215,-61.210629,-21.385191,1.219712611600372
5.85,1.340576,0.259277,0.068115,42.41943,-167.9077,-9.498596,1.3671167571681653
5.86,0.862549,0.306641,0.106445,56.716915,-240.211472,-26.405333,0.9216018762497177
5.87,0.695801,0.227295,0.090576,54.832455,-211.75383,-37.651062,0.7375676649650525
5.88,0.744873,0.170898,0.057861,51.132198,-147.003174,-30.113218,0.7664136010366726
5.89,0.811768,0.206055,0.014893,44.18182,-92.155449,-30.586241,0.8376441668739776
5.9,0.859619,0.237061,-0.026367,38.223267,-54.878231,-28.747557,0.8920975067620132
5.91,0.949707,0.230225,-0.112793,38.162231,-32.470703,-25.367735,0.9837017827182178
5.92,1.018799,0.179443,-0.203125,41.984554,-30.136106,-24.917601,1.054234773793295
5.93,1.015869,0.19751,-0.26416,34.248352,-42.190548,-22.392271,1.0680732797242891
5.94,1.028564,0.246826,-0.258789,20.63751,-58.410641,-18.661499,1.0889622228952665
5.95,1.07666,0.262695,-0.224609,9.185791,-70.724487,-16.975403,1.1307761146690356
5.96,1.149658,0.271973,-0.156006,-0.602722,-76.950073,-21.957396,1.191646215002171
5.97,1.25293,0.278076,-0.116699,-4.081726,-83.061211,-30.72357,1.2887119551230213
5.98,1.358887,0.286377,-0.158936,1.12915,-107.757561,-37.719727,1.397800528327987
5.99,1.343506,0.207764,-0.137451,31.10504,-175.994858,-37.353516,1.3664066119325535
6.0,1.092773,0.188477,-0.057373,42.098995,-248.527512,-41.564938,1.1103909537577294
6.01,0.886475,0.285889,-0.115479,29.823301,-249.992355,-47.142025,0.9385658449927741
6.02,0.809326,0.268555,-0.171631,26.588438,-236.976608,-41.961666,0.8698204196625876
6.03,0.803955,0.270508,-0.251709,9.910583,-195.091232,-46.714779,0.8848025998888114
6.04,0.858643,0.321533,-0.219971,-6.813049,-164.421066,-63.369747,0.9428883880815375
6.05,0.717773,0.358154,-0.204346,-22.28546,-134.559631,-81.771843,0.8277859958715175
6.06,0.833252,0.311279,-0.223877,-16.548157,-83.32061,-65.498352,0.9172373861078712
6.07,0.856445,0.262451,-0.157471,-0.244141,-78.468323,-49.644466,0.9094919907657242
6.08,0.970947,0.297363,-0.222656,1.724243,-102.493279,-51.940914,1.0395857467828231
6.09,0.877197,0.362305,-0.217285,24.627684,-179.214462,-46.516415,0.9736283998831382
6.1,0.578125,0.333984,-0.26123,27.297972,-200.553879,-56.472775,0.716948352938341
6.11,0.592285,0.317627,-0.354248,16.792297,-158.935547,-59.875484,0.7597236852027189
6.12,0.671387,0.314941,-0.403564,12.374877,-124.52697,-58.334347,0.8442820851741437
6.13,0.745117,0.326416,-0.404053,7.354736,-98.937981,-59.585567,0.908298175465524
6.14,0.780273,0.328369,-0.388428,3.295898,-83.290092,-58.2962,0.9314120816663267
6.15,0.753906,0.358643,-0.375977,0.793457,-84.175102,-56.320187,0.915618786839807
6.16,0.731445,0.391846,-0.361572,2.372742,-92.948906,-52.429195,0.9051460583381006
6.17,0.588379,0.377197,-0.353271,4.119873,-95.260612,-47.920223,0.7831141831757359
6.18,0.467285,0.382568,-0.369385,7.125854,-95.603935,-42.869564,0.7079257193194778
6.19,0.384766,0.365234,-0.385498,11.283874,-89.691154,-33.401489,0.6557815623483173
6.2,0.348145,0.352051,-0.435547,10.971068,-77.316284,-25.177,0.6594285684098014
6.21,0.359863,0.359375,-0.473145,9.132385,-60.050961,-17.38739,0.69463512754467
6.22,0.40918,0.361816,-0.476807,5.714416,-42.533871,-9.788513,0.725040692309749
6.23,0.490723,0.390869,-0.496826,2.288818,-31.814573,-0.923157,0.8002647762871986
6.24,0.598389,0.416748,-0.511963,1.663208,-30.761717,3.417969,0.8909850751802748
6.25,0.642822,0.439209,-0.537842,0.617981,-36.117554,3.608703,0.9462550852328351
6.26,0.647217,0.452637,-0.52002,1.213074,-43.563839,4.341125,0.9456166767025633
6.27,0.696045,0.429443,-0.46167,2.296448,-50.498959,4.211426,0.9391693783200132
6.28,0.654053,0.40918,-0.477051,3.593445,-57.670589,3.799438,0.9070784176740178
6.29,0.606201,0.412109,-0.525391,6.690979,-59.013363,4.570007,0.9018587379201911
6.3,0.609375,0.414063,-0.556396,8.743286,-49.102779,3.746032,0.9232348387111483
6.31,0.649902,0.395996,-0.558594,9.124756,-32.318115,1.701355,0.9440406233081287
6.32,0.675537,0.40918,-0.571533,9.849548,-10.864257,0.244141,0.9748992157438634
6.33,0.643066,0.398926,-0.620605,14.09912,14.801024,-2.555847,0.9786860578638076
6.34,0.645752,0.393066,-0.642822,20.973204,39.787292,-4.150391,0.9923289018989622
6.35,0.689697,0.418213,-0.646973,25.924681,48.645016,-5.821228,1.0340010289680568
6.36,0.69165,0.426758,-0.640137,27.023314,49.774166,-7.522583,1.0345421653238693
6.37,0.715576,0.413818,-0.654541,23.910521,50.491329,-6.66809,1.0543805146060885
6.38,0.721924,0.415527,-0.675537,21.575926,46.157833,-6.958007,1.0724678027213683
6.39,0.714111,0.426758,-0.678955,23.437498,36.224365,-9.170532,1.073804825333729
6.4,0.646484,0.427002,-0.687256,26.657103,28.129576,-12.435912,1.035660697234379
6.41,0.615234,0.418213,-0.712891,27.282713,22.750853,-13.359069,1.0303536121186745
6.42,0.619385,0.417969,-0.715332,25.42877,14.541625,-11.817931,1.034425315530319
6.43,0.586914,0.413574,-0.687744,26.496885,0.587463,-10.490417,0.9942350357978741
6.44,0.560547,0.403809,-0.664795,28.20587,-11.520385,-11.100768,0.9587632865911168
6.45,0.553223,0.407959,-0.63208,29.479979,-15.563964,-13.160705,0.9338154848844605
6.46,0.55957,0.416992,-0.652588,29.747007,-15.304564,-14.915465,0.9554433581892754
6.47,0.573975,0.429932,-0.671143,30.906675,-16.410828,-15.86151,0.9822025003521423
6.48,0.598877,0.442139,-0.655762,33.470154,-18.577576,-15.678405,0.9920505819231195
6.49,0.603516,0.43335,-0.647949,35.858154,-20.072937,-15.220641,0.9858304577142056
6.5,0.625488,0.414307,-0.644775,37.727356,-22.048948,-14.320373,0.989252409154509
6.51,0.665283,0.405029,-0.641357,38.879395,-25.566099,-14.907836,1.0089542915211769
6.52,0.683838,0.40625,-0.639893,39.627075,-30.868528,-18.211365,1.0208508824470888
6.53,0.666016,0.417725,-0.644531,39.81781,-35.964966,-22.262571,1.0166079371330916
6.54,0.606934,0.424805,-0.647461,40.161129,-38.986206,-24.559019,0.9838871454094722
6.55,0.527832,0.416504,-0.626709,38.81073,-36.071777,-25.230406,0.9191552496292451
6.56,0.540527,0.387451,-0.620605,33.370972,-29.46472,-24.742125,0.9096363455551895
6.57,0.602539,0.378174,-0.592041,26.390074,-24.429319,-25.398252,0.9255168104783403
6.58,0.642822,0.362061,-0.587891,21.766661,-24.177549,-28.434752,0.943357895650426
6.59,0.652832,0.342529,-0.605713,20.904539,-27.44293,-29.853819,0.9541509180596117
6.6,0.608154,0.350098,-0.625,23.117064,-32.020569,-31.486509,0.9397046862286045
6.61,0.532959,0.383057,-0.622803,25.856016,-31.35681,-32.234192,0.9047991698377048
6.62,0.463135,0.381836,-0.586182,29.747007,-22.972105,-29.273985,0.8389887342777613
6.63,0.489502,0.312012,-0.699219,29.235838,-12.825011,-24.154661,0.9087743978067384
6.64,0.521484,0.321533,-0.71167,27.664183,-2.304077,-22.460936,0.9390437802600047
6.65,0.613037,0.332031,-0.748779,20.759581,-0.686645,-23.902891,1.0230977173129652
6.66,0.63208,0.339355,-0.782471,11.909484,-11.177062,-26.596067,1.0615779803038494
6.67,0.601807,0.325439,-0.812012,4.325867,-28.755186,-31.341551,1.061812458070633
6.68,0.52124,0.316895,-0.797607,-0.091553,-38.253784,-31.661985,1.0041366964084122
6.69,0.468506,0.327393,-0.732422,-5.66864,-35.873413,-28.45001,0.9290457655944621
6.7,0.49585,0.329102,-0.637451,-8.453369,-27.618406,-24.757383,0.8720774772375445
6.71,0.540283,0.299316,-0.592773,-7.827758,-22.247313,-23.765562,0.856081548378424
6.72,0.541748,0.292725,-0.60376,-4.837036,-23.529051,-23.53668,0.8623833015133119
6.73,0.495361,0.294434,-0.653809,-2.250671,-27.908323,-21.90399,0.8715159833061009
6.74,0.442139,0.307617,-0.708984,-2.182007,-32.165527,-18.501282,0.8903782489852275
6.75,0.422119,0.306152,-0.746094,-4.470825,-33.119202,-13.267516,0.9102580700554103
6.76,0.465576,0.33252,-0.735352,-9.162903,-32.928467,-8.262634,0.9317044199100915
6.77,0.481445,0.35083,-0.722412,-9.506226,-35.949707,-4.714966,0.9363493336725349
6.78,0.428711,0.344727,-0.720703,-8.056641,-39.985657,-2.319336,0.9066656717109124
6.79,0.333008,0.334473,-0.70752,-7.377624,-41.328426,0.938415,0.8505004798311404
6.8,0.28125,0.320313,-0.711426,-7.56073,-38.276672,7.5531,0.82935452850093
6.81,0.272217,0.319092,-0.727783,-7.6828,-32.424927,14.381408,0.8399939848844156
6.82,0.335938,0.318604,-0.746582,-7.637023,-25.650023,19.668579,0.8784916228308611
6.83,0.416748,0.319336,-0.766602,-8.659363,-18.516541,22.682188,0.9291571464526331
6.84,0.468018,0.329346,-0.782715,-11.734008,-11.627196,22.933958,0.9696145663432456
6.85,0.527344,0.339844,-0.791016,-14.030456,-4.577637,22.735594,1.009599896457998
6.86,0.568848,0.352539,-0.780273,-14.266967,0.442505,20.095823,1.0279580478570125
6.87,0.572998,0.373779,-0.764648,-12.832641,0.679016,16.685486,1.0260233977590374
6.88,0.545898,0.380371,-0.733887,-9.719849,0.999451,15.571593,0.9905941917929864
6.89,0.507324,0.391602,-0.703857,-8.483887,6.973266,14.564513,0.9519161958013951
6.9,0.48584,0.39502,-0.681396,-6.866455,18.783569,15.274047,0.9254089986681565
6.91,0.475342,0.398926,-0.668701,-5.622863,34.553528,17.501831,0.9122790131538706
6.92,0.464844,0.40332,-0.648193,-3.585815,52.040096,19.386292,0.8938126940164812
6.93,0.504883,0.391846,-0.650146,-1.083374,68.67218,21.049498,0.911668773580076
6.94,0.604492,0.363525,-0.667236,-0.823975,79.406738,22.941587,0.9709608042475247
6.95,0.696045,0.368408,-0.685059,-3.341675,78.773499,20.874022,1.043795444505292
6.96,0.706299,0.401855,-0.68457,-4.776001,66.055298,15.945434,1.0625355539114913
6.97,0.670898,0.42041,-0.69458,-3.982544,47.561642,12.619018,1.0532284039580397
6.98,0.615967,0.425537,-0.690918,-3.318786,34.0271,10.078429,1.0187564803141131
6.99,0.574707,0.428467,-0.682129,-2.883911,28.686522,7.781982,0.9895312418408021
7.0,0.553223,0.427246,-0.669678,-2.975464,26.458738,7.186889,0.9680203799140802
7.01,0.514648,0.411621,-0.675293,-2.426147,24.665831,7.713317,0.9435650732164688
7.02,0.467041,0.395752,-0.669189,-1.625061,25.527952,8.544922,0.9069514093412061
7.03,0.484131,0.367432,-0.675537,-0.747681,30.258177,9.674072,0.9087020073456424
7.04,0.518555,0.371338,-0.709473,-2.319336,36.300659,10.635375,0.9540142221151632
7.05,0.588379,0.372559,-0.722168,-3.570556,39.916992,9.399414,1.0032530470155574
7.06,0.630127,0.383789,-0.684814,-4.699707,37.277222,7.324218,1.0066400783030647
7.07,0.654053,0.374512,-0.672607,-2.708435,30.509947,5.989074,1.0101706496439105
7.08,0.64502,0.38208,-0.682617,-3.410339,25.909422,4.135132,1.013904283198863
7.09,0.658447,0.391357,-0.659912,-3.730774,21.377562,1.327515,1.0110373885282384
7.1,0.656738,0.382568,-0.655518,-3.39508,15.724181,-0.213623,1.0036767027245377
7.11,0.623535,0.392822,-0.635742,-2.525329,9.857178,-1.045227,0.9732794616516882
7.12,0.619629,0.394043,-0.626953,-1.068115,7.270813,-1.373291,0.9655465020903964
7.13,0.625977,0.391602,-0.625,0.1297,6.378173,-0.946045,0.9673801377602291
7.14,0.625732,0.381348,-0.620605,1.670837,4.989624,-1.464844,0.9602694408097135
7.15,0.62207,0.371094,-0.625488,3.196716,3.684997,-2.502441,0.9570355687642963
7.16,0.614258,0.372803,-0.627197,4.165649,3.623962,-2.723694,0.9537667661341529
7.17,0.620117,0.374756,-0.626465,4.78363,3.974914,-2.449036,0.9578337796559484
7.18,0.638916,0.371826,-0.635742,5.348205,3.631592,-2.525329,0.9750057024940931
7.19,0.640625,0.364014,-0.641357,5.424499,1.724243,-3.089905,0.9768548429884555
7.2,0.623291,0.362549,-0.640381,5.043029,-0.595093,-4.226685,0.9643761056989125
7.21,0.609863,0.368164,-0.641602,4.058838,-1.518249,-4.379272,0.9587130624274397
7.22,0.605713,0.370361,-0.647217,2.426147,-1.754761,-3.959656,0.9607004495569886
7.23,0.589111,0.371338,-0.653564,0.801086,-2.250671,-3.479004,0.9550338123129464
7.24,0.579834,0.365234,-0.643066,-0.335693,-2.906799,-2.410889,0.9397538096054732
7.25,0.596924,0.364014,-0.631592,-1.411438,-2.983093,-1.396179,0.9421957909245827
7.26,0.60083,0.37085,-0.630615,-1.937866,-3.364563,-0.740051,0.9466792960791949
7.27,0.598389,0.373047,-0.62793,-2.029419,-3.814697,-0.518799,0.9442084221346472
7.28,0.600098,0.368652,-0.621094,-1.64032,-2.990722,-0.343323,0.9390312367243169
7.29,0.594482,0.368408,-0.620117,-1.037598,-0.63324,-0.564575,0.9347076529466312
7.3,0.590576,0.37915,-0.627441,-1.251221,2.632141,-0.579834,0.9413909616928559
7.31,0.597168,0.384033,-0.636475,-1.602173,5.393981,0.465393,0.9535152809147843
7.32,0.601563,0.378906,-0.637939,-1.815796,6.736755,1.220703,0.955203626210663
7.33,0.587646,0.379883,-0.627197,-1.716614,6.881713,1.579285,0.9396887739108093
7.34,0.578125,0.375977,-0.632813,-1.487732,7.110595,2.624511,0.9359698248998201
7.35,0.580078,0.371582,-0.645508,-1.838684,8.041382,3.997802,0.9440573324073067
7.36,0.622559,0.371826,-0.648682,-2.342224,8.499146,3.723144,0.9729453324216114
7.37,0.688232,0.382813,-0.644043,-2.27356,7.522583,1.358032,1.0173497258278492
7.38,0.678223,0.396973,-0.63623,-0.488281,4.53186,-1.060486,1.0111194852034056
7.39,0.617432,0.397705,-0.624023,1.274109,1.998901,-2.13623,0.9637407567276586
7.4,0.599365,0.389648,-0.604736,1.838684,2.418518,-1.533508,0.9363597582259716
7.41,0.622314,0.391602,-0.586182,2.296448,4.03595,-1.159668,0.9403383317317231
7.42,0.584229,0.395996,-0.584717,4.455566,4.417419,-1.029968,0.9165316833290599
7.43,0.581543,0.384766,-0.591797,6.706237,6.607055,0.617981,0.914582322600869
7.44,0.630127,0.373779,-0.604736,7.789611,11.215209,0.297546,0.949987582374633
7.45,0.615967,0.378906,-0.626953,8.544922,12.657165,-0.907898,0.9571077087423338
7.46,0.593018,0.384521,-0.650879,9.307861,14.297484,-0.1297,0.9608174750731796
7.47,0.581543,0.379639,-0.658447,9.315491,18.379211,1.190186,0.9570112240611393
7.48,0.58667,0.369873,-0.665039,8.377075,23.262022,2.601623,0.9608665862386933
7.49,0.598145,0.365967,-0.643311,6.744384,27.328489,3.90625,0.9516082853963599
7.5,0.639404,0.376953,-0.599121,5.462646,28.991697,5.325317,0.9538747360455669
7.51,0.67041,0.384766,-0.576416,5.897521,28.770445,6.278991,0.9642353695607727
7.52,0.695313,0.393555,-0.574707,7.980346,27.893064,6.263732,0.9841919740797523
7.53,0.673096,0.386719,-0.598633,11.680602,25.611876,6.080627,0.9802914254781585
7.54,0.65625,0.375,-0.589355,12.985229,22.087095,4.119873,0.9584510308435168
7.55,0.638672,0.38208,-0.593262,14.60266,22.827147,3.196716,0.9517598702550975
7.56,0.664307,0.370117,-0.616699,16.174316,24.490355,3.440857,0.9790853081008825
7.57,0.674805,0.343506,-0.631104,15.731811,27.870176,3.204345,0.985723297318776
7.58,0.631348,0.331787,-0.658936,12.374877,29.579161,1.953125,0.9710198569385694
7.59,0.638428,0.33252,-0.663574,7.888793,29.953001,3.356933,0.9790251861213786
7.6,0.67749,0.340332,-0.633301,3.944397,29.693602,5.111694,0.9878708047740858
7.61,0.682617,0.353271,-0.584473,0.907898,25.0473,2.960205,0.9655957000002641
7.62,0.669678,0.366211,-0.543701,0.587463,18.791199,1.228333,0.9371178675097387
7.63,0.674072,0.375732,-0.527588,2.983093,14.396667,1.747131,0.934824419210367
7.64,0.685059,0.37793,-0.538818,6.278991,13.351439,1.548767,0.9499798711051723
7.65,0.66748,0.379639,-0.544678,9.429932,14.892577,-0.350952,0.941450712679639
7.66,0.655029,0.378662,-0.532959,12.145995,18.211365,-0.770569,0.9254691765618128
7.67,0.651611,0.364258,-0.522949,14.122008,22.6593,0.694275,0.9114584151161259
7.68,0.619873,0.332031,-0.53125,13.961791,25.177,1.426697,0.8813136125069214
7.69,0.621826,0.304688,-0.549072,11.718749,26.367186,3.807068,0.8837320933427731
7.7,0.668701,0.30542,-0.57251,8.781433,28.282164,5.928039,0.9317779262791107
7.71,0.696533,0.325684,-0.589111,6.431579,28.861998,5.41687,0.9686485731502421
7.72,0.701416,0.348389,-0.583008,5.378723,29.388426,4.592896,0.9763491324526283
7.73,0.673828,0.362305,-0.575195,6.42395,33.668518,4.394531,0.9571616240917726
7.74,0.646973,0.353516,-0.540771,8.560181,40.985104,5.111694,0.9143199108769315
7.75,0.635254,0.337158,-0.521973,9.643555,49.407955,7.110595,0.8886388322648296
7.76,0.620117,0.320801,-0.50415,9.674072,57.884212,8.354187,0.861176867890679
7.77,0.622803,0.304199,-0.498291,8.171082,65.77301,9.819031,0.8536477781210469
7.78,0.684814,0.296387,-0.506592,6.408691,73.59314,11.627196,0.9019151417007035
7.79,0.713867,0.295654,-0.507813,5.119323,77.445984,11.184691,0.9246033876068159
7.8,0.739502,0.288818,-0.473877,3.90625,75.576782,9.346008,0.9245747434669628
7.81,0.800781,0.29834,-0.431396,2.288818,70.854187,8.735657,0.9572666683725073
7.82,0.895996,0.324219,-0.418457,2.388,60.356136,6.874084,1.0406887396460096
7.83,0.903076,0.328369,-0.469482,5.516052,44.616695,4.447937,1.0694792238566395
7.84,0.837158,0.330078,-0.455566,8.247375,31.181334,2.182007,1.0086254921446314
7.85,0.784912,0.336426,-0.47998,9.498596,31.517027,4.310608,0.9796173240709865
7.86,0.773926,0.328369,-0.474365,10.269164,35.369873,5.973815,0.965302961179546
7.87,0.744141,0.310059,-0.460938,9.185791,39.489746,4.844666,0.9286260017929716
7.88,0.758789,0.294189,-0.456055,7.446289,46.798702,6.095886,0.9328955339516853
7.89,0.807129,0.291016,-0.463867,4.684448,54.397579,6.584167,0.9753564110549537
7.9,0.848633,0.283447,-0.469482,2.6474,57.15942,6.622314,1.0104125488244888
7.91,0.875244,0.272949,-0.448975,0.671387,54.214474,6.912231,1.020848552314201
7.92,0.879395,0.278076,-0.443359,-2.082825,49.240108,6.782531,1.0233420887865405
7.93,0.869873,0.299561,-0.432373,-4.379272,45.364376,5.844116,1.0165442636594828
7.94,0.854004,0.311768,-0.422119,-5.111694,41.213985,3.692627,1.0023505215247808
7.95,0.859619,0.30957,-0.408936,-5.363464,37.307739,3.166198,1.0010030280458697
7.96,0.884521,0.310059,-0.408936,-6.561279,33.905029,3.77655,1.0226155851628704
7.97,0.916992,0.309814,-0.402832,-7.736206,28.625486,3.65448,1.048395279884453
7.98,0.909424,0.311035,-0.406494,-9.368896,22.094725,1.937866,1.0435670342805008
7.99,0.871582,0.300781,-0.402832,-10.536193,16.143799,0.083923,1.0061799108057168
8.0,0.88208,0.291016,-0.389893,-12.092589,13.153075,-1.098633,1.0073589182138607
8.01,0.911621,0.291504,-0.380859,-13.954162,9.597778,-3.570556,1.0300878639892812
8.02,0.950928,0.304443,-0.356201,-15.022277,1.319885,-6.752014,1.060107897260463
8.03,0.972168,0.334229,-0.349854,-15.197753,-12.184142,-10.45227,1.0859177989060682
8.04,0.893555,0.342285,-0.349121,-13.366698,-27.679441,-13.427733,1.018570091790938
8.05,0.843506,0.331787,-0.32666,-12.985229,-38.406372,-13.908385,0.9634789779777242
8.06,0.831787,0.335449,-0.341553,-14.007567,-42.808529,-13.572692,0.9597156332888405
8.07,0.827637,0.331055,-0.349365,-13.938903,-45.532223,-13.916015,0.9574112596052963
8.08,0.802734,0.320068,-0.368408,-14.129638,-49.148556,-14.961242,0.9394412455518439
8.09,0.78833,0.309326,-0.404785,-13.839721,-52.482601,-14.694213,0.9386147555845263
8.1,0.797119,0.298584,-0.42749,-14.73236,-52.757259,-15.220641,0.952522338487135
8.11,0.820313,0.307861,-0.430908,-17.349243,-53.092953,-17.14325,0.9764084789441353
8.12,0.803955,0.331543,-0.431152,-19.805908,-52.955624,-17.662048,0.9706474385573786
8.13,0.786377,0.348877,-0.412842,-22.27783,-48.858639,-17.547607,0.954223487565675
8.14,0.771484,0.351318,-0.399658,-22.430418,-43.319698,-17.333984,0.9371971064530662
8.15,0.714111,0.362549,-0.411865,-23.567198,-36.92627,-18.066406,0.9005715273908009
8.16,0.665527,0.374512,-0.393311,-23.056028,-26.588438,-18.089294,0.8589988175742735
8.17,0.739014,0.370361,-0.389404,-21.293638,-13.481139,-16.555786,0.9137529412992331
8.18,0.812988,0.380615,-0.410645,-20.011902,-7.843017,-16.891479,0.9871406092315319
8.19,0.810303,0.392822,-0.431152,-17.807007,-10.406493,-18.753052,0.9983947729215132
8.2,0.779785,0.392334,-0.443604,-15.701293,-13.931273,-18.760681,0.9791706299705889
8.21,0.759277,0.387451,-0.447266,-14.991759,-14.999389,-17.822266,0.9626352969250609
8.22,0.727783,0.393311,-0.436768,-15.075683,-13.71765,-17.021179,0.9354827222530622
8.23,0.705322,0.40918,-0.426514,-14.938354,-11.657714,-15.930175,0.9202290955408876
8.24,0.694092,0.42749,-0.404297,-13.442992,-10.543822,-14.678954,0.9099271777307237
8.25,0.691895,0.434326,-0.391846,-9.94873,-9.864807,-13.000487,0.9060359005122258
8.26,0.700439,0.434082,-0.406494,-4.91333,-8.155823,-10.833739,0.9188467486371165
8.27,0.705078,0.424316,-0.4375,0.328064,-5.020141,-9.429932,0.9319792400799494
8.28,0.68457,0.422852,-0.441406,3.570556,0.488281,-8.415222,0.9177576780610446
8.29,0.686279,0.432129,-0.430908,5.393981,8.804321,-5.325317,0.9183659635167235
8.3,0.696533,0.439453,-0.428223,7.102966,15.495299,-3.128052,0.9282521731873296
8.31,0.702393,0.44165,-0.42627,9.986877,19.126892,-1.441955,0.9328004941299077
8.32,0.684082,0.439453,-0.415771,12.367248,20.362852,-1.060486,0.9132100778977419
8.33,0.706299,0.429199,-0.435303,14.953612,21.224974,0.244141,0.9341085380248915
8.34,0.751465,0.409424,-0.455566,17.295837,20.828245,2.838135,0.9694679150735213
8.35,0.754639,0.393555,-0.487061,17.723083,18.920898,2.220154,0.980608982248786
8.36,0.725342,0.376953,-0.498047,16.654968,19.447327,1.213074,0.9572175277239756
8.37,0.755127,0.376953,-0.476563,13.046264,25.978086,1.350403,0.9692381767692604
8.38,0.76123,0.399414,-0.450684,8.056641,31.791685,-0.083923,0.9706280050317938
8.39,0.75293,0.410645,-0.421387,4.135132,36.575317,0.053406,0.9555626116032376
8.4,0.762451,0.408936,-0.417236,0.282288,42.388912,1.449585,0.9605446679842641
8.41,0.789551,0.422119,-0.40625,-1.785278,46.211239,1.029968,0.9831654460272696
8.42,0.81665,0.442383,-0.35376,-1.64032,50.071712,-0.442505,0.993864215468592
8.43,0.818848,0.432617,-0.341797,-0.869751,53.413387,-1.739502,0.9871649836790201
8.44,0.784424,0.395752,-0.373535,-0.25177,52.803036,-1.861572,0.9547088841657441
8.45,0.753174,0.393555,-0.408447,-1.914978,51.307674,-3.471374,0.942860309966434
8.46,0.765625,0.424561,-0.368408,-2.128601,51.689144,-4.03595,0.9498200554894596
8.47,0.838379,0.456543,-0.339111,-2.609253,47.920223,-3.77655,1.0130681757961801
8.48,0.871582,0.472168,-0.326416,2.586365,36.491394,-3.890991,1.0436211994799645
8.49,0.862549,0.475098,-0.327881,7.537841,21.263121,-6.690979,1.0378896074082253
8.5,0.80127,0.481934,-0.4021,6.355285,10.581969,-7.736206,1.0178302428479908
8.51,0.806396,0.476807,-0.505615,0.602722,1.777649,-7.354736,1.0645496476397895
8.52,0.865967,0.483154,-0.554443,-6.660461,-10.803222,-9.979248,1.136109005797419
8.53,0.856934,0.459229,-0.561768,-10.375976,-27.732847,-13.72528,1.1228581569463705
8.54,0.764893,0.424561,-0.415771,-12.153625,-37.437439,-14.205932,0.9685963393545322
8.55,0.708252,0.415527,-0.210449,-13.755797,-29.434202,-13.816833,0.8476864779114976
8.56,0.78125,0.433838,-0.137207,-10.169982,-11.032104,-15.098571,0.9040977455966805
8.57,0.845459,0.495117,-0.233643,-1.808166,3.440857,-20.553587,1.0072392048659542
8.58,0.80249,0.490723,-0.283691,7.04956,10.978698,-24.482725,0.982486562915748
8.59,0.710205,0.429688,-0.21167,10.353087,20.698545,-25.856016,0.8566370925129264
8.6,0.79834,0.38623,-0.166504,13.824462,28.251646,-23.696898,0.9023546700250407
8.61,0.864502,0.39917,-0.222412,20.26367,26.748655,-21.583555,0.9778381740594912
8.62,0.741943,0.390625,-0.320801,26.06201,26.94702,-23.361204,0.8977642159693157
8.63,0.667236,0.355225,-0.34375,25.398252,42.755123,-24.703978,0.8303931254658844
8.64,0.700928,0.324707,-0.359863,19.142151,71.739197,-21.453856,0.8521948578828671
8.65,0.743164,0.327637,-0.351807,9.483337,95.176689,-18.52417,0.8851027623468363
8.66,0.788086,0.34375,-0.35791,3.379822,102.058403,-15.731811,0.9313126080946182
8.67,0.774414,0.33252,-0.34375,0.526428,95.817558,-12.802123,0.9101926479026295
8.68,0.810547,0.321533,-0.338867,-4.554749,89.843742,-11.810302,0.9355216475245242
8.69,0.859375,0.313721,-0.340332,-11.566161,91.056816,-11.764525,0.9761004695675543
8.7,0.959473,0.308594,-0.37207,-16.63208,91.789238,-11.734008,1.0743624990965572
8.71,1.012939,0.312012,-0.338623,-22.575377,82.420341,-12.741088,1.1126825432233582
8.72,1.039063,0.348389,-0.314941,-26.405333,63.720699,-15.037536,1.1402695500498996
8.73,1.028809,0.441162,-0.499756,-29.418943,35.430908,-17.082214,1.2258988246429638
8.74,0.976807,0.550049,-0.418457,-40.664669,2.494812,-21.369932,1.1965835025183156
8.75,0.986084,0.640137,-1.176758,-51.445004,-16.021729,-23.41461,1.6633990574690727
8.76,0.894287,0.446777,-0.427002,-86.006157,-29.983519,-37.979126,1.0870554880510932
8.77,0.994385,0.435791,0.000977,-95.588676,-40.893551,-35.774231,1.0856870075832168
8.78,0.717773,0.375,0.256104,-71.640015,-43.746944,-35.636902,0.84935995805371
8.79,0.683594,0.428711,-0.259766,-45.402523,-19.989014,-26.397703,0.8476864120139004
8.8,0.624268,0.487061,0.281494,-59.150692,7.583618,-34.210205,0.8403438734119504
8.81,0.763672,0.602539,-0.116455,-41.168209,29.96826,-22.789,0.9796989012599739
8.82,0.660156,0.449707,0.074219,-30.380247,41.793819,-25.253294,0.8022161741987006
8.83,0.707031,0.438232,0.157227,-28.228758,27.511595,-17.875671,0.8465580017423496
8.84,0.507324,0.451416,-0.064941,-10.391234,16.136169,-6.195068,0.6821813391708982
8.85,0.459717,0.448486,-0.137207,-8.781433,27.923582,-0.457764,0.6567382835909599
8.86,0.386475,0.476074,-0.244385,-15.86914,50.529476,9.475708,0.6601010584190878
8.87,0.263672,0.414307,-0.271729,-22.15576,77.75116,17.837524,0.5612573948501703
8.88,0.243652,0.359619,-0.182129,-33.500671,115.875237,30.677794,0.47102345473022894
8.89,0.331055,0.373047,-0.136475,-43.388363,146.064758,45.906063,0.5170946749474413
8.9,0.344238,0.367432,-0.14502,-44.654842,146.575928,60.9436,0.52396266629217
8.91,0.287109,0.346924,-0.262939,-45.898434,134.300232,80.383293,0.5214640518559261
8.92,0.280029,0.322021,-0.364746,-57.601925,137.695313,98.602287,0.5613852596907047
8.93,0.34375,0.233154,0.056641,-73.760986,146.224976,110.130302,0.4192052636799781
8.94,0.444092,0.191406,0.297363,-66.093445,142.875671,124.534599,0.5676959706295263
8.95,0.486816,0.127197,0.292236,-46.95129,153.045654,139.221191,0.581868347962836
8.96,0.575439,0.095947,0.396973,-43.106075,174.468979,150.138855,0.7056368983117309
8.97,0.612793,0.133789,0.51709,-39.68811,195.968613,161.613449,0.8128941047086023
8.98,0.823975,0.124268,0.632568,-33.157349,214.294418,164.596542,1.0461929129338432
8.99,1.078857,0.041992,0.649902,-19.920349,213.165268,167.945847,1.2601858450708767
9.0,1.165771,-0.044922,0.743164,-8.422852,183.349594,165.603622,1.383232714123332
9.01,1.169678,-0.049805,0.731201,1.754761,149.864197,161.682114,1.3803195514481421
9.02,1.152832,-0.008789,0.557617,8.018494,136.611938,157.76825,1.2806387411889428
9.03,1.021484,0.037354,0.562256,7.759094,133.537292,151.443481,1.1666004856453644
9.04,0.919922,0.105713,0.773193,4.66156,133.834839,142.692566,1.206341220261498
9.05,1.037842,0.098877,0.727295,10.94818,142.410278,138.145447,1.2711611601673487
9.06,1.136475,0.048828,0.530029,2.166748,133.720398,122.467033,1.254946349470765
9.07,1.430176,0.122803,0.561523,-23.193357,91.01104,96.900932,1.5413604534027723
9.08,1.184326,0.019043,0.53833,-1.670837,74.447632,94.467155,1.3010725956014138
9.09,1.230225,-0.018066,0.403564,-8.865356,75.09613,85.884087,1.294852822940507
9.1,1.332031,0.066406,0.304443,-23.178099,64.941406,78.674316,1.3679919159285994
9.11,1.352539,0.118164,0.241211,-25.848387,56.488033,60.119625,1.3789514944108803
9.12,1.240479,0.116699,0.175781,-19.210815,68.313599,44.975277,1.2582947850178035
9.13,1.108887,0.096436,0.207275,-14.961242,98.785393,37.117004,1.132207227714962
9.14,0.979004,0.102295,0.424072,-10.345458,119.537346,33.584595,1.0717976302572236
9.15,1.036377,0.123779,0.671387,-6.263732,118.247978,30.441282,1.2410314382556955
9.16,1.234375,0.160645,0.639404,-4.341125,101.753227,29.029844,1.399401990803929
9.17,1.276611,0.16333,0.526855,2.098083,67.947388,22.377012,1.3906791597079464
9.18,1.211426,0.124023,0.519287,7.476806,23.872374,16.578674,1.3238555987621912
9.19,1.116455,0.106445,0.553711,7.026672,-15.213012,13.137816,1.250759040171607
9.2,1.041016,0.112305,0.583496,8.232117,-44.448849,10.139464,1.1986635504998888
9.21,0.985352,0.111084,0.574951,13.755797,-62.171932,7.911682,1.1462228715921698
9.22,0.922607,0.099854,0.582275,19.668579,-72.380066,7.125854,1.095544920754051
9.23,0.850586,0.091553,0.599854,24.42169,-78.475952,9.819031,1.0448460731232136
9.24,0.76416,0.09375,0.567383,27.595518,-76.652527,13.549804,0.9563749457137612
9.25,0.710693,0.077881,0.519531,31.188963,-65.933228,18.760681,0.8837773760235097
9.26,0.697021,0.043701,0.524658,32.897949,-52.581783,24.589537,0.873506765174718
9.27,0.682617,0.026611,0.519043,33.004761,-40.245052,27.168272,0.8579509017764362
9.28,0.690674,0.008545,0.488281,33.729553,-27.70233,28.07617,0.8458852914325914
9.29,0.721436,-0.013672,0.460693,33.729553,-17.356873,29.090879,0.8560927904900263
9.3,0.792725,-0.022217,0.490723,30.570982,-13.275146,29.174803,0.9325854295682515
9.31,0.845947,-0.02124,0.496094,28.671263,-14.86206,25.825499,0.9809111688858476
9.32,0.860107,-0.025391,0.451172,27.427671,-14.373778,19.996643,0.9715888677388188
9.33,0.873291,-0.022705,0.42627,22.5296,-10.2005,15.99121,0.9720384769164234
9.34,0.914307,-0.020508,0.401611,16.853333,-5.828857,12.825011,0.9988339519830111
9.35,0.956543,-0.021484,0.373779,10.116576,-3.837585,6.889343,1.0272033946332149
9.36,1.008545,-0.011963,0.358154,4.684448,-7.377624,-0.175476,1.0703179051618261
9.37,1.169922,-0.009521,0.415283,2.349854,-20.271299,-6.019592,1.241478193773052
9.38,1.253174,-0.003906,0.427979,2.861023,-41.053768,-17.944336,1.3242455797747636
9.39,1.198242,0.003418,0.404541,1.014709,-68.122864,-33.935547,1.2646932410545255
9.4,1.130859,0.023193,0.384766,-4.203796,-95.787041,-43.106075,1.194748872309993
9.41,1.031494,0.052002,0.350342,-9.346008,-112.411491,-46.722408,1.0906069855837162
9.42,0.935059,0.080322,0.354004,-15.075683,-110.511772,-48.568722,1.0030482486804908
9.43,0.903076,0.112061,0.367676,-18.615723,-98.083488,-46.752926,0.9814731633992853
9.44,0.885742,0.140137,0.361572,-17.250061,-85.84594,-44.380184,0.9669082585835121
9.45,0.956055,0.140381,0.402344,-11.741637,-76.927185,-41.763302,1.0467228298465645
9.46,1.172607,0.15332,0.429199,-5.767822,-80.986015,-41.275021,1.258064378499765
9.47,1.162354,0.143066,0.276855,5.104064,-103.85894,-48.164364,1.2034049163506852
9.48,1.039063,0.100586,0.255371,11.436461,-135.07843,-55.091854,1.074701730251701
9.49,0.962158,0.114746,0.250977,8.972168,-150.970459,-58.753963,1.0009516052282448
9.5,0.844482,0.152588,0.215332,9.666443,-150.222778,-56.480404,0.8847603157307633
9.51,0.739502,0.179199,0.167969,14.274596,-137.741089,-50.750729,0.7792233791192357
9.52,0.918213,0.180176,0.177979,18.226624,-123.336784,-44.288631,0.9524993589425664
9.53,0.827148,0.144775,0.054688,21.995543,-123.115532,-38.375854,0.84150127265085
9.54,0.651855,0.076904,-0.023438,22.430418,-126.121513,-34.729004,0.6567941124012912
9.55,0.755371,0.029297,0.020752,17.120361,-111.946098,-20.431517,0.7562237151491613
9.56,0.914063,0.036133,0.069092,9.880066,-105.323784,-11.817931,0.9173823990692213
9.57,0.972168,0.02002,0.06958,8.155823,-118.644707,-14.549254,0.9748603987361473
9.58,1.013672,0.019531,0.078613,7.461547,-138.252258,-16.639709,1.0169033323349863
9.59,0.991943,0.053711,0.047607,6.29425,-152.694702,-18.783569,0.9945361799447017
9.6,0.964355,0.10376,0.007813,4.699707,-159.706116,-20.164488,0.9699524455322539
9.61,1.007324,0.141357,-0.072998,-1.197815,-161.575302,-23.15521,1.0198098599390968
9.62,1.046387,0.167969,-0.167969,-8.026123,-166.091904,-26.504515,1.0730111479807651
9.63,1.005371,0.195801,-0.172852,-9.346008,-177.970871,-24.963377,1.0387428426448964
9.64,0.963867,0.160156,-0.118652,-7.751464,-192.237839,-19.508362,0.9842600444643682
9.65,0.894043,0.092285,-0.107666,-5.805969,-192.672714,-14.625548,0.9052189650189616
9.66,0.844971,0.063965,-0.11499,-4.219055,-182.26622,-16.082764,0.8551550807695644
9.67,0.966797,0.113281,-0.166992,-6.607055,-171.882614,-18.135071,0.9876311822912438
9.68,1.012695,0.18335,-0.227051,-4.516602,-158.26416,-20.126341,1.053907273969584
9.69,0.924805,0.188477,-0.395508,-2.159119,-138.801575,-24.162291,1.02333496256993
9.7,0.824707,0.148193,-0.375488,-4.623413,-104.74395,-24.116514,0.9182015243082533
9.71,0.894043,0.080078,-0.338379,-17.883301,-70.098877,-18.791199,0.9592839619080474
9.72,0.901123,0.139648,-0.380859,-30.227659,-48.362728,-16.189575,0.9882195115023787
9.73,0.950195,0.193115,-0.37085,-30.632017,-47.180172,-16.181946,1.038120254956043
9.74,0.942139,0.239746,-0.292236,-25.871275,-55.709835,-18.02063,1.0151383745741267
9.75,0.91748,0.228271,-0.192871,-20.416258,-56.938168,-20.790098,0.9649230137591288
9.76,0.875488,0.219727,-0.167725,-17.829895,-48.698421,-20.027161,0.9180908823738531
9.77,0.777588,0.25,-0.243896,-15.182494,-38.238525,-17.929077,0.8524249858843885
9.78,0.740967,0.28125,-0.32666,-13.099669,-24.665831,-14.236449,0.8572283320032068
9.79,0.794922,0.29248,-0.34375,-15.571593,-3.204345,-12.886046,0.9141168409913473
9.8,0.885254,0.290283,-0.32666,-19.683838,18.554688,-15.823363,0.9872414194132051
9.81,0.968018,0.288086,-0.275391,-20.500181,32.737732,-19.172668,1.0468488881404996
9.82,1.005859,0.289063,-0.26709,-19.126892,39.871216,-21.583555,1.0801142596734847
9.83,1.090332,0.303955,-0.267578,-17.791748,37.399292,-21.247862,1.1631038209605367
9.84,1.290771,0.371582,-0.230469,-19.676208,18.2724,-27.94647,1.362820207190222
9.85,1.218994,0.420166,-0.206543,-17.997742,-16.639709,-45.455929,1.3058123335460574
9.86,0.917236,0.37915,-0.202148,-9.277344,-58.883663,-55.641171,1.0128871684941023
9.87,0.72998,0.329346,-0.18042,-1.205444,-82.748405,-49.819942,0.8209086212947211
9.88,0.790039,0.32373,-0.191162,1.419067,-84.976189,-41.503902,0.8749317942931324
9.89,0.811035,0.330566,-0.235352,5.798339,-77.011108,-44.05975,0.9068859991669295
9.9,0.745361,0.296143,-0.258301,12.359618,-62.850948,-50.201412,0.8426049509532922
9.91,0.727051,0.293945,-0.210693,13.694762,-44.746395,-49.140926,0.8120334721395418
9.92,0.786621,0.324707,-0.20459,13.46588,-34.355164,-46.07391,0.8752509934812985
9.93,0.868896,0.32959,-0.268555,15.602111,-38.772583,-44.43359,0.9673322153950007
9.94,0.827881,0.341064,-0.300049,19.897461,-47.218319,-43.792721,0.9443203930118209
9.95,0.809326,0.320557,-0.312744,26.916502,-56.762691,-43.952938,0.9249725261114516
9.96,0.746582,0.280518,-0.318359,32.867432,-63.766476,-42.92297,0.8587359803391261
9.97,0.665039,0.24707,-0.309814,34.713745,-64.811707,-40.939327,0.7741480291371929
9.98,0.571045,0.256592,-0.325684,35.812378,-63.407894,-37.574768,0.7056925069355633
9.99,0.5271,0.267822,-0.348633,39.878845,-60.005184,-32.623291,0.686373078123698
10.0,0.494141,0.271729,-0.407471,44.715878,-54.962154,-25.55084,0.6957331335814042
10.01,0.427246,0.22876,-0.468018,48.065182,-51.795956,-14.595031,0.6737292708796315
10.02,0.352051,0.224121,-0.519775,48.240658,-44.784542,-3.570556,0.6665854632880918
10.03,0.296387,0.208252,-0.554688,51.254269,-27.961729,5.500793,0.6624899445402926
10.04,0.27417,0.119385,-0.615723,57.28912,5.508422,16.319275,0.6844974651918004
10.05,0.202881,0.142334,-0.542725,57.258602,48.21014,29.945372,0.59663229324434
10.06,0.169189,0.207031,-0.5354,40.130615,92.52166,40.878292,0.5984479197741437
10.07,0.216797,0.170898,-0.493408,26.672361,143.066406,53.955074,0.5653835159225993
10.08,0.408447,0.156494,-0.482666,12.863158,173.912033,73.310852,0.651372237204657
10.09,0.600098,0.149902,-0.385254,8.247375,179.946884,92.094414,0.7287035499597899
10.1,0.726318,0.102295,-0.305176,12.413024,177.429184,100.036613,0.7944397366226088
10.11,0.778564,0.062988,-0.214844,15.457152,192.192062,96.031181,0.8101156303738375
10.12,0.85791,0.078613,-0.115967,11.695861,234.886154,84.548943,0.8692743623034098
10.13,1.025879,0.111084,0.022705,5.584716,249.992355,74.935913,1.0321254258674184
10.14,1.169434,0.154297,0.173828,-0.007629,249.992355,68.450928,1.1923085247321688
10.15,1.278076,0.213623,0.306885,1.63269,249.587997,62.19482,1.331649898107607
10.16,1.3125,0.212891,0.335938,12.626647,249.992355,55.824276,1.371434711433614
10.17,1.220703,0.210693,0.277344,22.628782,249.992355,50.422665,1.2694199654936897
10.18,1.081543,0.198975,0.227295,25.482176,249.992355,45.532223,1.1229378115011535
10.19,0.968018,0.172363,0.194092,23.231504,247.474655,43.411251,1.0022173200244546
10.2,0.86792,0.079834,0.072998,22.697447,240.837082,44.55566,0.8746355252103587
10.21,0.858887,-0.010986,0.034424,17.692566,240.066513,42.16766,0.8596467778925249
10.22,0.830078,0.069824,0.00415,0.793457,231.094345,42.953487,0.8330198674461492
10.23,0.625977,0.17749,-0.214844,-17.13562,215.042099,49.591061,0.6852064279945133
10.24,0.546875,0.107422,-0.381592,-20.973204,191.680893,58.731075,0.6754437105880844
10.25,0.532227,0.020264,-0.318115,-42.083736,135.040283,74.455261,0.6203816264606811
10.26,0.521484,0.077637,-0.046631,-78.063965,61.119076,100.105278,0.529289633552368
10.27,0.547852,0.133301,0.303467,-90.3778,21.446226,120.529167,0.640314915173776
10.28,0.694824,0.033203,0.589844,-73.822021,19.195557,119.049065,0.9120300293965107
10.29,1.045898,-0.149414,0.746582,-53.88641,31.013487,116.45507,1.2936815112399187
10.3,1.482666,-0.21875,1.184814,-44.029232,29.800413,108.688347,1.910480108415683
10.31,1.579834,-0.166992,1.302246,-14.434813,9.994507,91.598503,2.0541680652118024
10.32,1.366699,-0.27002,1.044434,30.036924,7.858276,76.957703,1.7411545989248054
10.33,1.37915,-0.296631,0.9104,39.375305,32.325745,64.147949,1.6789499196405473
10.34,1.61377,-0.181641,0.858398,36.895752,52.062984,49.09515,1.836870760882485
10.35,1.574951,-0.231201,0.624023,47.32513,40.855404,29.411314,1.709774622378926
10.36,1.715576,-0.115967,0.471924,36.087036,9.277344,13.420104,1.7830764477837173
10.37,1.40918,-0.218018,0.08252,55.496212,-34.301758,1.525879,1.428331078960337
10.38,1.230469,-0.254395,-0.016357,49.819942,-59.967037,-10.467528,1.2565979179654088
10.39,0.966309,-0.135254,-0.029541,24.726866,-56.411739,-15.060424,0.976175905602059
10.4,0.994873,-0.069336,-0.058594,1.396179,-24.475096,-17.158508,0.9990060179303226
10.41,1.132813,-0.061279,-0.096191,-12.771605,-4.318237,-16.944885,1.1385399058842864
10.42,1.17749,-0.095703,-0.068359,-16.677856,-18.432617,-17.845154,1.1833489414327456
10.43,1.200195,-0.081055,0.086182,-25.146482,-53.688046,-16.807556,1.2060121426312422
10.44,1.176514,0.012451,0.160889,-31.921385,-91.712944,-15.571593,1.1875291532918255
10.45,1.119385,0.05957,0.163818,-26.840208,-122.833244,-17.166138,1.1328758538555759
10.46,1.133789,0.072998,0.156006,-16.777039,-146.911621,-21.957396,1.146797312763245
10.47,1.149658,0.092529,0.119873,-3.379822,-166.297897,-26.786802,1.1595881462545226
10.48,1.169678,0.071533,0.135498,13.618468,-189.285263,-33.51593,1.1796708446753272
10.49,1.134521,0.024902,0.158691,28.991697,-212.699875,-38.261414,1.1458363070377895
10.5,1.018311,-0.003662,0.186279,39.772034,-226.211533,-38.650513,1.03521522825256
10.51,0.947754,-0.000977,0.218262,46.020504,-224.273666,-40.664669,0.9725620287102514
10.52,0.875,0.008301,0.188232,50.682064,-209.854111,-44.151302,0.8950559716716044
10.53,0.803467,-0.004639,0.137939,52.574154,-189.559921,-43.434139,0.8152348791182821
10.54,0.815918,-0.060791,0.133789,52.291866,-164.12352,-37.658691,0.8290459727457821
10.55,0.909424,-0.068848,0.11792,42.610165,-141.410828,-33.119202,0.9196179561535323
10.56,0.815186,-0.018555,-0.033936,31.631468,-132.171631,-29.174803,0.8161030294742202
10.57,0.772949,-0.028564,-0.07666,24.620054,-123.64196,-29.113768,0.7772662441512561
10.58,0.794678,-0.040039,-0.041748,18.455505,-109.809868,-30.876158,0.7967804846436689
10.59,0.831543,-0.03125,-0.078125,12.748717,-94.337456,-29.487608,0.8357893508378771
10.6,0.825439,-0.018311,-0.068604,9.963989,-82.839958,-26.69525,0.8284873832823285
10.61,0.86792,0.001465,-0.05249,8.880615,-72.32666,-25.192259,0.869507028565612
10.62,0.7771,0.009521,-0.166016,8.735657,-61.103817,-24.681089,0.79469262718173
10.63,0.863037,0.044678,-0.082031,7.5531,-53.817745,-22.605894,0.8680772269873229
10.64,0.896484,0.052246,-0.140381,6.591796,-51.422115,-23.048399,0.9089114543964114
10.65,0.76123,0.034668,-0.263428,8.056641,-56.121822,-26.18408,0.8062675079078903
10.66,0.925293,0.047119,-0.179932,6.874084,-59.501644,-20.271299,0.9438023419307667
10.67,1.154541,0.056885,-0.078125,8.560181,-71.670532,-23.010252,1.1585785858244577
10.68,0.818604,-0.027832,-0.31543,16.296387,-90.064995,-43.640133,0.8777147679855911
10.69,0.804199,-0.04248,-0.370361,17.272949,-86.715691,-37.651062,0.8864016314978217
10.7,0.946045,0.040283,-0.336182,12.20703,-71.258545,-22.506712,1.0048095338112593
10.71,0.788574,0.079834,-0.349121,12.107848,-65.544128,-25.718687,0.8660876939854301
10.72,0.732422,0.057373,-0.297852,11.192321,-47.95837,-17.707825,0.792748043906133
10.73,0.827881,0.033936,-0.269043,7.255554,-23.262022,-10.002136,0.8711617175392866
10.74,0.831543,0.047363,-0.260742,2.861023,-8.68988,-5.950927,0.8727504827738568
10.75,0.863281,0.052979,-0.260742,-0.457764,-2.067566,-2.189636,0.9033533361680799
10.76,0.961914,0.039551,-0.335449,-2.571106,-2.197266,-1.243591,1.0194944122446186
10.77,1.029297,0.053467,-0.38916,-5.142211,-15.1062,-1.64032,1.1017061949076985
10.78,1.06543,0.084229,-0.34375,-7.537841,-29.907225,-4.318237,1.1226752299044458
10.79,1.019287,0.108887,-0.309814,-8.590698,-38.925171,-13.175963,1.0708814508310434
10.8,1.009766,0.106445,-0.339844,-7.766723,-44.090267,-21.316526,1.070724921311258
10.81,0.90625,0.109619,-0.370361,-7.316589,-44.792171,-20.927427,0.985125706690268
10.82,0.837402,0.162109,-0.360107,-12.077331,-39.039612,-17.440796,0.9258501438861475
10.83,0.743652,0.17041,-0.352783,-13.702392,-30.647276,-17.211914,0.8405436992167629
10.84,0.66626,0.141357,-0.333008,-14.10675,-23.025511,-15.663146,0.7581414888482229
10.85,0.650635,0.114014,-0.320068,-15.281676,-12.977599,-12.550353,0.7340085967105562
10.86,0.704346,0.098877,-0.288818,-15.296935,-3.211975,-8.728027,0.7676560336302973
10.87,0.818359,0.10376,-0.229004,-14.320373,9.414673,-8.18634,0.8561077166437643
10.88,0.811523,0.117432,-0.233154,-11.901855,20.278929,-12.344359,0.8524791152098683
10.89,0.748779,0.090332,-0.221191,-10.025024,29.289244,-8.773804,0.7859741214225823
10.9,0.758789,0.061035,-0.259277,-10.581969,45.547482,0.213623,0.8041831759462518
10.91,0.868896,0.050537,-0.355469,-14.259337,55.366512,2.883911,0.9401555494416868
10.92,1.029053,0.079346,-0.416992,-21.461485,50.132748,1.663208,1.1131613506536238
10.93,1.132568,0.095703,-0.409912,-28.213499,30.509947,-4.600525,1.2082620521132823
10.94,1.154785,0.085938,-0.378174,-31.22711,0.457764,-8.964539,1.218166372194291
10.95,1.103516,0.082275,-0.328613,-32.25708,-22.842405,-11.596679,1.154341042175145
10.96,0.973633,0.074951,-0.266602,-32.76062,-30.113218,-14.335631,1.012252684606961
10.97,0.861328,0.068115,-0.230469,-39.733887,-10.002136,-17.456055,0.8942267815101491
10.98,0.892334,0.068115,-0.251221,-46.455379,29.58679,-17.333984,0.9295222491269373
10.99,0.957764,0.078369,-0.310547,-47.164913,60.981747,-18.486023,1.0098975289929173
11.0,1.038818,0.102783,-0.410889,-46.264645,72.433472,-22.201536,1.1218453336061973
11.01,1.148193,0.109619,-0.453369,-43.762203,61.904903,-25.009153,1.239317126715757
11.02,1.197754,0.14624,-0.413574,-46.798702,37.605286,-29.930113,1.275556441554822
11.03,1.136475,0.167725,-0.376465,-51.284786,12.931823,-36.804199,1.208897430502274
11.04,0.993896,0.146729,-0.277588,-54.000851,0.488281,-39.932251,1.0423117364785834
11.05,0.868896,0.143066,-0.253906,-56.823727,9.101868,-37.910461,0.9164695281393702
11.06,0.775146,0.153809,-0.215332,-58.303829,32.012939,-36.750793,0.8190704487533413
11.07,0.827881,0.175537,-0.184082,-56.594845,48.881527,-35.896301,0.8660752688155919
11.08,0.913818,0.211914,-0.143555,-50.537106,47.95837,-33.760071,0.9489883658638815
11.09,0.958496,0.23999,-0.137207,-42.366024,36.155701,-31.539915,0.9975648063985617
11.1,0.982666,0.259521,-0.107178,-33.920288,24.620054,-28.366087,1.0219935130327393
11.11,0.957764,0.257813,-0.09668,-30.624388,18.77594,-28.068541,0.9965572964285595
11.12,0.852539,0.246094,-0.114502,-27.587889,9.681702,-27.305601,0.894704259161093
11.13,0.732422,0.264404,-0.045654,-23.353575,11.848449,-24.070738,0.7800229156992762
11.14,0.750977,0.323242,-0.020996,-19.53125,27.999876,-25.512693,0.8178585923672869
11.15,0.822754,0.366455,-0.042725,-13.946532,41.557308,-24.780272,0.9016866624088437
11.16,0.835205,0.375488,-0.046875,-7.614135,45.631405,-24.810789,0.9169274212248208
11.17,0.847656,0.380371,-0.037842,-2.250671,39.81781,-24.085997,0.92985741323119
11.18,0.883301,0.414063,0.000977,2.716064,30.105589,-20.744322,0.9755356370215288
11.19,0.922852,0.426514,0.011719,7.843017,22.979734,-18.669128,1.0167139917700554
11.2,0.925049,0.391113,-0.012939,12.130736,15.045165,-18.814087,1.0044164718337707
11.21,0.885986,0.323242,-0.02832,17.227173,2.593994,-18.325806,0.9435351637114539
11.22,0.886963,0.297852,-0.03125,19.828796,-9.048462,-19.004822,0.9361601037071596
11.23,0.853027,0.29541,-0.068115,22.02606,-18.249512,-19.851685,0.9052965171997515
11.24,0.786621,0.273438,-0.091553,25.032042,-22.872923,-19.27948,0.8378083845928017
11.25,0.746582,0.256836,-0.123779,26.367186,-17.036438,-17.13562,0.7991687271540346
11.26,0.739746,0.251221,-0.16333,25.207518,-4.692078,-15.228271,0.798130831541421
11.27,0.724365,0.241455,-0.195313,22.384642,9.544373,-12.901305,0.7881321832148463
11.28,0.771484,0.224121,-0.18457,20.195005,23.124693,-8.857727,0.8243081158141049
11.29,0.842529,0.213623,-0.157959,18.333435,35.987854,-5.989074,0.8834256888108926
11.3,0.933594,0.2146,-0.123779,16.532898,43.037411,-4.821777,0.9659048388309275
11.31,0.902832,0.212158,-0.139893,14.030456,39.733887,-5.325317,0.9379161415803654
11.32,0.823975,0.193604,-0.123047,13.84735,33.790588,-1.213074,0.8553115652497633
11.33,0.826904,0.178955,-0.112549,12.130736,37.002563,1.541138,0.8535000847346179
11.34,0.820313,0.179688,-0.154297,8.598328,40.809628,1.350403,0.8538200978672263
11.35,0.797852,0.184082,-0.18042,6.729125,42.396542,3.715515,0.8384541567837802
11.36,0.784912,0.185791,-0.175781,3.921509,48.095699,6.866455,0.8255326180024628
11.37,0.793945,0.188232,-0.163574,-0.228882,60.272213,10.978698,0.832187720604552
11.38,0.789795,0.183594,-0.152832,-3.829956,74.59259,17.044067,0.8251306072889311
11.39,0.765381,0.165039,-0.164063,-9.19342,91.789238,23.429869,0.7999766338156384
11.4,0.789551,0.180908,-0.164795,-16.082764,110.53466,28.587339,0.8266050314932761
11.41,0.820801,0.230713,-0.152832,-22.491453,129.074097,29.136656,0.8661988167816901
11.42,0.895508,0.260254,-0.071045,-25.062559,144.165039,26.824949,0.9352615220380874
11.43,0.994873,0.286865,0.014893,-26.420591,150.749207,24.314878,1.0355122480217218
11.44,1.037598,0.310547,0.070801,-25.573729,148.178101,20.324705,1.0853855676274675
11.45,0.985596,0.308838,0.087646,-23.208616,142.01355,14.045714,1.0365626883001335
11.46,0.954834,0.295166,0.129639,-21.423338,138.60321,10.719298,1.007788274109696
11.47,0.944336,0.272217,0.20874,-19.859314,141.975403,10.154723,1.0047113832265462
11.48,0.963135,0.246338,0.264648,-19.203186,148.254395,7.225036,1.028761392341781
11.49,1.055908,0.257324,0.35376,-19.607544,145.118713,4.516602,1.1429363425143153
11.5,1.173584,0.303955,0.406982,-17.318726,119.049065,3.27301,1.278797245619883
11.51,1.160645,0.328125,0.43457,-8.041382,74.394226,2.220154,1.2820350683776165
11.52,1.064209,0.314697,0.427734,3.15094,30.906675,1.800537,1.189340730087892
11.53,0.984863,0.312256,0.381592,11.825561,-0.312805,2.120972,1.1013952028082383
11.54,0.94165,0.307617,0.309326,18.196106,-19.767761,2.960205,1.0377935803737657
11.55,0.987549,0.26416,0.176025,19.088745,-37.467957,5.531311,1.037313035503748
11.56,0.979736,0.259521,0.108887,15.541076,-60.363766,6.561279,1.019357718323651
11.57,0.948975,0.255127,0.122803,18.417358,-69.961548,8.132935,0.9903150577280949
11.58,0.96875,0.255127,0.108154,21.850584,-69.282532,7.56073,1.0076029160065982
11.59,0.908203,0.222168,0.044678,25.657652,-66.513062,9.033203,0.9360488412027441
11.6,0.887207,0.158203,0.062744,23.193357,-58.357235,8.636475,0.9033832296395587
11.61,0.859619,0.158203,0.067383,17.112732,-48.240658,5.104064,0.8766490079039615
11.62,0.947754,0.189209,0.152588,12.847899,-38.124084,-1.556396,0.9784277121693763
11.63,0.945557,0.236816,0.175293,11.131286,-34.805298,-6.996154,0.9903976443600823
11.64,0.907715,0.219971,0.132324,13.542174,-37.155151,-6.034851,0.9433151133327612
11.65,0.858887,0.196777,0.10498,10.528563,-34.27124,-3.784179,0.8873718875973027
11.66,0.894043,0.202393,0.086914,5.546569,-29.541014,-5.805969,0.9207767675685568
11.67,0.938721,0.200928,0.050537,1.205444,-26.885984,-7.339477,0.9613132503996812
11.68,0.922852,0.217773,0.047363,-3.65448,-31.433104,-8.483887,0.9493809283959732
11.69,0.845459,0.215576,0.059326,-6.538391,-37.788391,-6.469726,0.874524731916142
11.7,0.8125,0.19165,0.111084,-9.57489,-41.381832,-1.373291,0.8421553464509977
11.71,0.852295,0.19873,0.12915,-11.764525,-43.388363,3.036499,0.8846355760566043
11.72,0.868652,0.221191,0.117188,-11.314391,-44.189449,5.531311,0.9039993268410104
11.73,0.868164,0.231201,0.099365,-9.841919,-40.092468,7.827758,0.9039004571975833
11.74,0.893799,0.225098,0.087402,-9.521484,-31.394957,10.391234,0.9258427898995596
11.75,0.924805,0.224121,0.062744,-9.399414,-22.125242,10.94818,0.953641085630228
11.76,0.915771,0.22168,0.049805,-9.277344,-12.603759,10.543822,0.9435354179181616
11.77,0.910889,0.218018,0.064941,-10.231017,-0.640869,11.795043,0.9388652470541232
11.78,0.951172,0.237549,0.0625,-10.69641,11.558532,13.793944,0.9823766848744936
11.79,0.983643,0.237061,0.073486,-10.131835,18.287659,14.915465,1.0144711239685436
11.8,0.988281,0.234375,0.056641,-8.323669,22.621153,16.014099,1.0172704549268106
11.81,0.938965,0.224854,0.0354,-5.775451,30.052183,16.220093,0.9661613491239442
11.82,0.916992,0.202637,0.061768,-5.027771,40.313717,15.11383,0.941143648789599
11.83,0.908203,0.204102,0.06958,-5.950927,54.38232,16.082764,0.933451494193994
11.84,0.913818,0.226074,0.061035,-5.088806,66.688538,17.433167,0.9433440845338461
11.85,0.924316,0.237793,0.07666,-4.493713,75.408936,18.325806,0.9574875113049778
11.86,0.925049,0.231689,0.104004,-5.897521,79.444885,18.592834,0.9592769553877546
11.87,0.908203,0.234619,0.104248,-7.995605,81.169121,17.753601,0.9437936267394478
11.88,0.887451,0.236816,0.119873,-7.537841,83.625786,16.197205,0.9262940307407794
11.89,0.874756,0.222412,0.131104,-5.981445,88.760368,15.800475,0.9120599849220444
11.9,0.88208,0.224854,0.151611,-6.103515,95.100395,17.379761,0.9228273636152106
11.91,0.900635,0.225586,0.185547,-7.026672,100.669853,17.028809,0.9468157876957903
11.92,0.899658,0.216309,0.211182,-7.202148,104.61425,15.937804,0.9490900576705037
11.93,0.89624,0.196533,0.244873,-7.888793,106.842033,14.85443,0.9496494847142287
11.94,0.896973,0.183105,0.264404,-8.460999,107.704155,12.649535,0.9528890171315859
11.95,0.890381,0.16626,0.308105,-8.468628,107.337944,10.681151,0.9567389423379818
11.96,0.905762,0.161377,0.356201,-8.804321,105.041496,9.460449,0.9865731038164378
11.97,0.908203,0.16626,0.364258,-7.522583,101.066582,7.873535,0.9925517454384936
11.98,0.90625,0.155762,0.389404,-7.080078,99.456779,7.057189,0.9985921781988881
11.99,0.917969,0.149414,0.390137,-7.720947,98.976128,6.706237,1.0085625945502839
12.0,0.918213,0.145996,0.396729,-7.575988,94.734184,6.507873,1.010853028301345
12.01,0.886475,0.130127,0.428711,-6.813049,90.827934,5.073547,0.9932593232761523
12.02,0.898193,0.11377,0.459473,-6.866455,87.09716,5.119323,1.0152879965201993
12.03,0.948486,0.11792,0.499512,-7.110595,79.528809,6.950378,1.0784447397711205
12.04,0.949707,0.120605,0.50708,-4.829407,67.977905,5.867004,1.0833370104791953
12.05,0.934326,0.108643,0.505859,-2.525329,56.236263,5.897521,1.06801765135507
12.06,0.914307,0.108398,0.506104,-1.51062,47.027584,5.905151,1.0506420301268173
12.07,0.908447,0.107422,0.508545,-0.694275,39.710999,4.417419,1.0466295691016951
12.08,0.921875,0.114014,0.501465,-0.740051,33.51593,2.723694,1.055613496525125
12.09,0.949463,0.128418,0.500244,-1.037598,27.435301,1.060486,1.0808400578388089
12.1,0.950928,0.15625,0.505859,-0.946045,18.753052,-0.63324,1.088380196238888
12.11,0.932617,0.181885,0.512207,0.190735,10.009766,-1.670837,1.0794501529774314
12.12,0.945801,0.18335,0.514893,2.487183,2.151489,-3.120422,1.0923696972865917
12.13,0.954102,0.193848,0.510498,4.104614,-6.584167,-5.584716,1.0993160971767857
12.14,0.916504,0.213623,0.51001,5.523681,-15.213012,-7.6828,1.0703852429125693
12.15,0.880371,0.233887,0.536621,7.270813,-22.15576,-8.583069,1.0572219842828658
12.16,0.861328,0.249268,0.538574,10.45227,-25.703428,-9.880066,1.0459839448500152
12.17,0.85498,0.249268,0.497314,13.671874,-30.563353,-10.253905,1.0200228187741684
12.18,0.852539,0.263916,0.453857,15.258788,-38.070679,-7.911682,1.0012295331371324
12.19,0.855957,0.284668,0.422119,16.50238,-46.661373,-5.950927,0.9959330832109152
12.2,0.858643,0.284424,0.412598,17.967224,-57.418819,-4.074097,0.9941840487701461
12.21,0.871826,0.262451,0.435303,19.699097,-68.122864,-2.26593,1.0091827403825335
12.22,0.903809,0.246826,0.442139,22.483824,-76.255798,-0.75531,1.0359926052236088
12.23,0.892822,0.218506,0.383545,25.939939,-81.68792,-0.541687,0.995983314491262
12.24,0.872803,0.19165,0.351074,27.381895,-82.221977,-0.999451,0.9600873672666461
12.25,0.894531,0.171631,0.287354,26.458738,-79.116821,-0.663757,0.9550995924185078
12.26,0.893311,0.19043,0.272705,22.3999,-77.980042,-1.13678,0.9532240789268807
12.27,0.796631,0.193848,0.295654,22.766111,-66.551208,-1.747131,0.8715556694675332
12.28,0.821045,0.177979,0.30542,21.827696,-51.689144,-1.327515,0.8939087161819154
12.29,0.880127,0.191895,0.288574,18.791199,-47.775265,0.648498,0.9458975529252627
12.3,0.914063,0.203125,0.296143,17.242432,-54.794308,3.135681,0.9820751549871323
12.31,0.96167,0.201416,0.30127,17.860413,-65.52887,4.600525,1.0276873098642407
12.32,0.975586,0.195068,0.312012,20.1416,-76.965332,3.379822,1.0426749523048877
12.33,0.949463,0.169434,0.282227,24.177549,-81.245415,1.64032,1.0049079302373924
12.34,0.895264,0.160645,0.218262,25.596617,-73.577881,0.610352,0.9353837428376655
12.35,0.86792,0.165039,0.163818,23.094175,-56.65588,-1.88446,0.8985317662971076
12.36,0.878662,0.162842,0.152344,19.866943,-39.718628,-3.303528,0.9065170277187297
12.37,0.873535,0.172119,0.146729,15.426635,-25.459288,-5.241394,0.902340149736783
12.38,0.854004,0.1875,0.154053,10.56671,-12.008666,-8.590698,0.8878127104434809
12.39,0.860596,0.182373,0.177002,5.79071,-5.92041,-8.857727,0.8973377816346529
12.4,0.862061,0.186279,0.186035,1.396179,-8.712769,-6.858825,0.9013645515478185
12.41,0.854248,0.183838,0.228271,-1.63269,-13.885497,-5.310058,0.9031299492260236
12.42,0.856934,0.186279,0.275635,-2.868652,-19.317627,-3.067016,0.9192444720649671
12.43,0.870361,0.190918,0.286377,-1.976013,-25.070189,-0.25177,0.9359432350169534
12.44,0.916992,0.185303,0.271973,-0.328064,-31.311033,1.88446,0.9742591249775391
12.45,0.944824,0.182129,0.287842,1.441955,-40.687557,1.899719,1.004348734544431
12.46,0.961426,0.186279,0.297363,3.753662,-54.122921,0.869751,1.0234571671965564
12.47,0.973633,0.196777,0.27417,6.835937,-65.856934,-0.221252,1.0304618359347424
12.48,0.985596,0.203857,0.261475,9.902954,-73.677063,-1.770019,1.0398684182578102
12.49,0.985352,0.197021,0.216553,12.550353,-81.443779,-2.63977,1.0279256004954833
12.5,0.979004,0.193115,0.144043,14.007567,-86.578362,-5.1651,1.00821159539553
12.51,0.956299,0.188477,0.099854,14.747619,-83.740227,-8.522034,0.9797970086941479
12.52,0.953857,0.195801,0.098145,13.09204,-75.59967,-10.57434,0.9786795436070992
12.53,0.949463,0.212646,0.088135,11.863708,-68.260193,-10.391234,0.9769678029034529
12.54,0.95874,0.213135,0.0896,11.238097,-62.606808,-9.933472,0.9862236439190657
12.55,0.967041,0.213379,0.08667,10.520934,-61.157223,-10.108947,0.9940878141401795
12.56,0.95459,0.2229,0.090088,10.223388,-62.744137,-11.314391,0.9843994747276128
12.57,0.956055,0.226074,0.108643,10.231017,-66.795349,-12.016295,0.9884097925202886
12.58,0.958984,0.22876,0.094482,11.32965,-74.249268,-11.466979,0.9904081472706088
12.59,0.975342,0.214844,0.081543,13.076781,-83.709709,-10.673522,1.0020475149158348
12.6,0.971191,0.205078,0.052734,13.679503,-93.582146,-10.833739,0.9940069513444059
12.61,0.934326,0.188477,0.033936,13.824462,-102.951042,-10.971068,0.95375065184827
12.62,0.905029,0.171631,0.012207,13.488769,-108.77227,-9.986877,0.9212403062453357
12.63,0.89624,0.162842,-0.000732,11.940001,-110.153191,-10.45227,0.9109139313832015
12.64,0.886719,0.181885,-0.026123,8.750916,-108.917229,-10.879516,0.9055579215682452
12.65,0.857666,0.192871,-0.063721,6.767272,-106.498711,-9.963989,0.8813912616074657
12.66,0.845459,0.177734,-0.079834,4.653931,-103.614799,-8.201599,0.8676195957866558
12.67,0.841797,0.158691,-0.114746,2.235413,-101.600639,-6.317138,0.8642752265372414
12.68,0.836426,0.16333,-0.159668,-0.427246,-97.328178,-4.905701,0.867051908826686
12.69,0.848389,0.175537,-0.196045,-1.976013,-87.158195,-4.455566,0.88826278528091
12.7,0.871826,0.186768,-0.222412,-4.371643,-73.852539,-4.135132,0.9189287011754502
12.71,0.875,0.195068,-0.215576,-7.537841,-60.714718,-4.066467,0.9220355396621108
12.72,0.924072,0.208252,-0.183105,-9.681702,-47.08099,-3.295898,0.964782564992237
12.73,0.950439,0.242432,-0.196045,-10.139464,-36.987305,-2.319336,1.0002705680814568
12.74,0.92749,0.248291,-0.201416,-9.017944,-34.263611,-2.067566,0.9810476674642268
12.75,0.959473,0.235596,-0.174805,-8.598328,-35.316467,-2.27356,1.0033198398167955
12.76,0.99707,0.240723,-0.176514,-7.843017,-41.877743,-3.944397,1.0407945713852471
12.77,0.988037,0.256348,-0.191162,-5.233764,-52.986141,-6.561279,1.0384961823314518
12.78,0.96167,0.267578,-0.224121,-2.89154,-62.850948,-9.109497,1.023052978894544
12.79,0.900879,0.271973,-0.270996,-2.090454,-68.527222,-10.856627,0.9792809185244038
12.8,0.848633,0.266846,-0.268311,-2.578735,-68.016052,-11.886596,0.9291800412869402
12.81,0.804443,0.256104,-0.205078,-4.875183,-62.263485,-11.543273,0.8687777535992735
12.82,0.827393,0.253906,-0.166992,-4.981995,-55.099483,-8.880615,0.8814384614645541
12.83,0.918457,0.262939,-0.209473,-2.311707,-51.383968,-6.813049,0.9780486267558479
12.84,1.028564,0.280518,-0.226807,0.152588,-55.7785,-7.644653,1.0899888374056865
12.85,1.093018,0.308594,-0.243164,2.952575,-65.551758,-10.116576,1.161484970223894
12.86,1.001465,0.30542,-0.296387,6.774902,-76.61438,-14.09912,1.088144648653845
12.87,0.905029,0.266357,-0.279297,7.835388,-84.968559,-18.798828,0.983885337068807
12.88,0.875,0.248291,-0.263184,7.263183,-87.135307,-19.248962,0.9468575597929183
12.89,0.891602,0.261963,-0.296387,6.889343,-86.715691,-19.035339,0.9754096542181648
12.9,0.875488,0.268066,-0.311279,7.148742,-87.6007,-23.506163,0.9670745753772044
12.91,0.821045,0.250244,-0.330811,7.385253,-90.766899,-25.245665,0.9198765511099846
12.92,0.826416,0.221191,-0.358154,5.828857,-94.40612,-23.170469,0.9274498106382901
12.93,0.885254,0.230713,-0.391846,2.632141,-98.739616,-25.421141,0.9952117466152618
12.94,0.901855,0.266602,-0.410645,1.876831,-105.209343,-29.46472,1.0261814573719408
12.95,0.871826,0.275391,-0.435303,3.845215,-110.969536,-30.807493,1.012625043619799
12.96,0.774658,0.256348,-0.447998,4.417419,-112.319939,-28.465269,0.9308660065079184
12.97,0.732422,0.241699,-0.449951,2.548218,-108.718864,-25.291441,0.8929256940451428
12.98,0.737305,0.240967,-0.49707,-1.602173,-101.928703,-22.453306,0.9212829874767036
12.99,0.726318,0.255859,-0.516602,-8.171082,-97.442619,-22.178648,0.927296765555127
13.0,0.707031,0.273926,-0.512207,-13.999938,-100.395195,-21.423338,0.9150324034076607
13.01,0.665039,0.292236,-0.491211,-16.433716,-105.895988,-18.264771,0.8769076335270437
13.02,0.586182,0.294922,-0.470703,-15.007018,-106.147758,-14.022826,0.8075578229557311
13.03,0.544678,0.285645,-0.478027,-13.282775,-97.442619,-9.429932,0.7789589221762595
13.04,0.543213,0.292236,-0.531982,-12.023925,-78.422546,-5.805969,0.8145471695297946
13.05,0.560547,0.303467,-0.558838,-11.100768,-54.931637,-2.01416,0.8477057682604264
13.06,0.618896,0.302002,-0.530273,-11.024474,-34.431458,2.479553,0.8691529907611203
13.07,0.657471,0.289307,-0.540283,-10.581969,-24.581907,6.530761,0.8988172095476366
13.08,0.646973,0.285156,-0.574463,-8.666992,-22.552488,9.19342,0.9109861389911484
13.09,0.621338,0.276855,-0.588623,-6.774902,-16.670227,11.093139,0.8995480183947936
13.1,0.635498,0.246826,-0.606689,-8.255005,-4.425049,14.762877,0.9126074320325251
13.11,0.629639,0.216064,-0.66626,-13.85498,8.94928,19.195557,0.9418233964056105
13.12,0.700684,0.202881,-0.651611,-17.631531,18.623352,22.590635,0.9781184301187664
13.13,0.773926,0.166504,-0.678711,-17.272949,15.99121,28.541563,1.042752922322925
13.14,0.832031,0.220947,-0.644531,-13.549804,-3.211975,29.563902,1.0754131167746652
13.15,0.879639,0.266602,-0.608887,-7.80487,-19.416809,25.466917,1.1025356118937837
13.16,0.833496,0.341309,-0.599854,-8.19397,-21.080015,21.484373,1.0821424290790007
13.17,0.80249,0.386719,-0.598877,-11.100768,-9.82666,15.151977,1.0734036734565426
13.18,0.741943,0.389404,-0.533447,-6.690979,9.414673,14.22119,0.9933179713837861
13.19,0.750977,0.375488,-0.435059,-12.748717,26.824949,13.145446,0.9456394800102202
13.2,0.62915,0.407715,-0.515137,-22.491453,30.258177,15.876769,0.9096303493694567
13.21,0.623779,0.390381,-0.429688,-19.599915,13.908385,20.080564,0.8521322334860946
13.22,0.811279,0.34668,-0.362549,-17.616272,-2.952575,15.159606,0.9538356334515922
13.23,0.828369,0.347656,-0.432373,-16.067505,-15.472411,6.04248,0.9969986487583622
13.24,0.768799,0.403809,-0.491943,-11.894225,-25.238035,2.937317,0.998058879090307
13.25,0.712891,0.450684,-0.488281,-8.666992,-18.386841,3.250122,0.9745501427315066
13.26,0.707764,0.45874,-0.4729,-4.089355,7.286071,9.040833,0.9669574330320854
13.27,0.762207,0.471436,-0.470215,-1.609802,38.925171,8.132935,1.0120837708263086
13.28,0.820557,0.479248,-0.444824,-0.1297,69.580078,2.990722,1.049219150954175
13.29,0.856445,0.461182,-0.420898,-0.953674,86.807243,-0.556946,1.0598782956325694
13.3,0.856689,0.450439,-0.390381,0.724792,86.784355,-3.723144,1.0436515992432531
13.31,0.911865,0.393311,-0.369385,5.577087,78.010559,-8.995056,1.059545468194263
13.32,0.887939,0.339111,-0.378662,10.093688,68.534851,-16.342163,1.0231406786390618
13.33,0.835449,0.329346,-0.396729,15.449523,61.202999,-19.78302,0.9817523714043169
13.34,0.79248,0.318359,-0.398926,20.675657,63.644405,-20.797728,0.9426128350266614
13.35,0.754883,0.282715,-0.364746,24.452208,77.682495,-20.988462,0.8847687604283958
13.36,0.758789,0.232422,-0.356934,22.804258,93.292229,-19.721985,0.870162406083485
13.37,0.808838,0.153076,-0.614014,22.224424,90.286247,-10.131835,1.026968531268607
13.38,0.770508,0.160889,-0.668213,31.799314,50.163265,10.253905,1.0325097877279419
13.39,0.654541,0.230469,-0.655518,19.187927,26.512144,5.043029,0.9545908699364352
13.4,0.724365,0.261963,-0.604492,4.859924,27.374266,-4.829407,0.9791526156110701
13.41,0.746094,0.241211,-0.552979,0.556946,34.858704,-9.918213,0.9594919373282925
13.42,0.696533,0.230957,-0.466553,-6.286621,49.491879,-18.028259,0.8695809667575527
13.43,0.620117,0.240479,-0.342285,-18.600464,80.902092,-25.848387,0.7480202299102613
13.44,0.69751,0.222656,-0.259766,-32.363892,117.568962,-29.182432,0.7769004242449606
13.45,0.889893,0.242188,-0.277344,-30.128477,122.848503,-16.479492,0.9630598491937041
13.46,0.929199,0.247559,-0.298828,-12.954711,84.381096,-2.738952,1.0069728961923454
13.47,0.814209,0.288818,-0.345947,-7.705688,50.354,-2.326965,0.930608112802591
13.48,0.750244,0.319824,-0.348877,-9.117126,53.741451,-5.012512,0.8870561490914766
13.49,0.793701,0.302979,-0.322266,-11.672973,72.9599,-8.499146,0.9086324485720285
13.5,0.889404,0.305664,-0.3125,-16.067505,78.483582,-9.552002,0.9910228080685126
13.51,0.916016,0.336426,-0.322266,-18.829346,63.255306,-5.805969,1.0276785200090541
13.52,0.889648,0.351318,-0.239502,-16.716003,34.332275,-2.326965,0.9860320020323884
13.53,0.919678,0.351807,-0.16748,-12.33673,3.623962,-1.075745,0.9988119639516739
13.54,0.916016,0.357422,-0.137451,-5.584716,-22.224424,-1.228333,0.992838645370435
13.55,0.907471,0.379395,-0.125977,1.739502,-39.68811,-2.510071,0.9916220985814101
13.56,0.903564,0.382813,-0.157959,9.58252,-46.806332,-4.219055,0.9939440330048771
13.57,0.828857,0.337158,-0.220215,16.334534,-46.295162,-6.614685,0.921506424089382
13.58,0.842041,0.307617,-0.239502,16.75415,-42.724606,-6.034851,0.9279129659477768
13.59,0.85791,0.353027,-0.248047,14.411925,-31.036375,-5.767822,0.9602941971281509
13.6,0.853516,0.361328,-0.29541,17.448425,-23.513792,-4.394531,0.9727870033774095
13.61,0.841797,0.366211,-0.33252,18.64624,-22.186277,-2.304077,0.9763719763133312
13.62,0.81543,0.355469,-0.349365,20.256041,-21.347044,-2.578735,0.9556883373181865
13.63,0.749268,0.329834,-0.35083,21.514891,-20.378111,-1.121521,0.8906596949901797
13.64,0.695313,0.328613,-0.396484,20.492552,-16.784668,2.89917,0.8652434535978876
13.65,0.66333,0.33374,-0.468018,19.271851,-4.676819,7.255554,0.8777413769579282
13.66,0.622314,0.327881,-0.505615,17.990112,15.052794,10.887145,0.8662720086566345
13.67,0.603516,0.323242,-0.503174,15.86914,40.740963,15.968322,0.8496475899430305
13.68,0.60376,0.333496,-0.475098,11.95526,70.098877,20.469664,0.8375343749482763
13.69,0.630371,0.340332,-0.419678,8.369446,98.57177,23.704527,0.8302548353060041
13.7,0.691895,0.347168,-0.348877,4.333496,120.452873,27.053831,0.8490933237153616
13.71,0.787842,0.343506,-0.324707,-2.662658,128.242493,30.433653,0.918763312746542
13.72,0.978027,0.325928,-0.29248,-11.680602,114.028923,30.494688,1.0715924711908908
13.73,0.967773,0.325684,-0.256104,-14.72473,89.164726,23.735044,1.052731640163342
13.74,0.922363,0.303467,-0.220703,-13.351439,66.78009,29.907225,0.9957688175811693
13.75,0.87915,0.289307,-0.144043,-12.153625,62.797543,40.176388,0.9366705122923429
13.76,0.939453,0.299561,-0.104248,-9.208679,75.592041,48.278805,0.9915525086620476
13.77,1.184326,0.325195,-0.072998,-4.79126,65.437317,43.869015,1.2303286432108294
13.78,1.226074,0.327148,-0.084717,4.974365,23.376463,32.424927,1.2717941018376364
13.79,1.190674,0.290527,0.008789,16.700745,-27.130125,24.696348,1.2256376946414467
13.8,1.15625,0.303223,0.090576,26.176451,-66.978455,20.660398,1.1987753175658065
13.81,1.07251,0.276367,0.072998,43.746944,-84.297173,20.13397,1.1099482541060193
13.82,1.005371,0.235107,0.004883,56.694027,-84.632866,19.371033,1.0325066550773414
13.83,0.953125,0.236084,-0.048096,62.240597,-75.363159,19.91272,0.9831053584926693
13.84,0.942383,0.213867,-0.072754,69.05365,-68.885803,21.385191,0.9690809857251353
13.85,0.9021,0.175293,-0.110352,76.858521,-66.162109,22.735594,0.9255752858374082
13.86,0.87915,0.128662,-0.203369,81.100456,-63.484188,22.239683,0.9114919543830323
13.87,0.91333,0.053955,-0.294678,79.200745,-56.343075,21.171568,0.9612065098661161
13.88,0.945068,0.049316,-0.335449,68.336487,-52.795406,16.677856,1.0040476204249478
13.89,0.927734,0.08667,-0.352295,56.411739,-59.318539,8.560181,0.996149502173745
13.9,0.85498,0.09668,-0.367188,47.058102,-62.301632,4.631042,0.9355024586520336
13.91,0.873291,0.07373,-0.367432,39.466858,-55.450436,3.181457,0.9503049816795659
13.92,0.826904,0.026123,-0.494141,28.678892,-44.31152,2.784729,0.9636534461236571
13.93,0.781738,0.062256,-0.504883,12.763976,-30.311583,2.26593,0.9326826651487632
13.94,0.866699,0.119629,-0.477051,-0.732422,-28.343199,-0.495911,0.9965219068555392
13.95,0.839844,0.146484,-0.444824,-7.972717,-37.399292,-3.540039,0.9615944558742007
13.96,0.794434,0.145508,-0.415283,-11.062621,-44.31152,-5.279541,0.9081618404827413
13.97,0.767578,0.144531,-0.393799,-11.978148,-46.920773,-3.738403,0.8747244414362731
13.98,0.74707,0.159912,-0.382813,-12.413024,-44.517513,-0.083923,0.8545356783733492
13.99,0.740479,0.173828,-0.362061,-12.023925,-35.621643,2.494812,0.8423855950489656
14.0,0.759277,0.172363,-0.354004,-11.444091,-24.116514,3.967285,0.8552949190273493
14.01,0.796631,0.170654,-0.368408,-11.108397,-15.502929,4.753113,0.894129852057854
14.02,0.834961,0.165771,-0.361572,-9.742737,-12.580871,4.78363,0.9248644263598854
14.03,0.854736,0.151855,-0.377197,-8.857727,-11.405944,5.363464,0.9465258303554108
14.04,0.883545,0.149902,-0.400146,-9.979248,-8.148193,6.538391,0.9814475013697881
14.05,0.906738,0.188477,-0.412842,-11.291503,-3.349304,6.004333,1.013970363046672
14.06,0.893311,0.223633,-0.416748,-11.123656,1.426697,5.851745,1.0107893731702962
14.07,0.90918,0.236084,-0.397461,-8.796692,5.500793,6.111145,1.0199603786309543
14.08,0.910156,0.229248,-0.380127,-5.859375,7.148742,4.417419,1.012637707163327
14.09,0.883057,0.206543,-0.378906,-5.28717,6.996154,3.669739,0.9828628759567634
14.1,0.857422,0.205566,-0.377197,-5.79071,5.935668,4.112244,0.9590137867877604
14.11,0.851074,0.190918,-0.385986,-6.340026,3.509521,4.272461,0.9538143574071424
14.12,0.841553,0.169189,-0.407715,-7.904052,1.274109,4.669189,0.9502988428673371
14.13,0.875488,0.141602,-0.44751,-12.20703,2.372742,5.66101,0.9933758425933259
14.14,0.898926,0.177979,-0.427002,-15.312194,4.341125,5.386352,1.0109773419424395
14.15,0.91748,0.197021,-0.378418,-13.511657,2.586365,3.463745,1.0118236049653122
14.16,0.88916,0.169922,-0.355225,-11.558532,0.617981,1.121521,0.9724524627502363
14.17,0.857422,0.152588,-0.325195,-10.0708,3.761291,-0.663757,0.9296275446935723
14.18,0.872559,0.147461,-0.306152,-9.643555,9.017944,-2.540588,0.9363936149429896
14.19,0.896729,0.144287,-0.315186,-10.833739,9.658813,-4.776001,0.9613968235884702
14.2,0.854736,0.165039,-0.343262,-12.367248,5.027771,-5.233764,0.9357565398440986
14.21,0.788818,0.185303,-0.328125,-10.139464,4.058838,-4.463196,0.8742065285491754
14.22,0.782227,0.1875,-0.32666,-8.926392,9.796143,-4.882813,0.8681832094258677
14.23,0.779541,0.207275,-0.315674,-7.797241,17.700195,-4.730225,0.8661969583079822
14.24,0.823486,0.217529,-0.288086,-7.858276,22.865294,-3.936767,0.8991338061896016
14.25,0.911133,0.25415,-0.30542,-8.583069,20.248411,-2.067566,0.9940004741392229
14.26,0.906006,0.274414,-0.309814,-6.996154,12.397765,-2.082825,0.996059551446599
14.27,0.906738,0.272705,-0.311768,-4.829407,1.350403,-2.243042,0.9968656396390638
14.28,0.923096,0.24585,-0.314453,-1.701355,-8.201599,-2.731323,1.0056983329632203
14.29,0.930664,0.230957,-0.315186,1.342773,-14.625548,-4.135132,1.0093655588244528
14.3,0.879395,0.228027,-0.341553,4.653931,-18.325806,-6.378173,0.9705618633363873
14.31,0.854004,0.229736,-0.373535,6.256103,-16.143799,-7.17163,0.960015550882901
14.32,0.8396,0.226563,-0.426758,5.500793,-8.56781,-6.454467,0.9687008534800617
14.33,0.823975,0.217041,-0.471924,2.01416,1.693725,-2.815246,0.9740399673945623
14.34,0.842285,0.233643,-0.434814,-2.128601,10.70404,1.350403,0.9762665042241283
14.35,0.868164,0.244385,-0.371582,-3.189087,12.474059,1.899719,0.9754516604347958
14.36,0.913818,0.20874,-0.324951,-2.883911,7.598876,1.731872,0.9920830999089744
14.37,0.976563,0.1875,-0.324951,-4.501343,-1.907349,0.556946,1.0461475495215768
14.38,0.966309,0.189697,-0.30542,-3.639221,-16.532898,-2.311707,1.0310283272975578
14.39,0.935791,0.183105,-0.285156,-1.838684,-33.866882,-4.798889,0.9952618655620239
14.4,0.887695,0.175537,-0.303467,-0.717163,-49.331661,-6.782531,0.9544149367455436
14.41,0.8479,0.150391,-0.359863,-1.457214,-63.117977,-9.841919,0.9333023313214213
14.42,0.911377,0.163086,-0.350342,-3.517151,-79.048157,-10.025024,0.9899215102668494
14.43,0.912598,0.205078,-0.387939,-1.976013,-99.311821,-9.216309,1.0126148149266827
14.44,0.793457,0.192627,-0.460205,1.182556,-111.190788,-5.332946,0.9372661382995761
14.45,0.753662,0.182861,-0.484619,-0.602722,-103.500359,-0.640869,0.9144944673020171
14.46,0.752441,0.210938,-0.501221,-1.441955,-91.560356,-0.679016,0.9283775035867684
14.47,0.734619,0.210938,-0.495361,2.502441,-81.268303,-2.426147,0.9107922020559904
14.48,0.724365,0.205566,-0.475586,4.699707,-65.536499,-4.829407,0.8905863669386591
14.49,0.741455,0.221191,-0.468018,4.447937,-45.921322,-6.126403,0.9042797265393048
14.5,0.725098,0.233643,-0.465088,6.431579,-27.610777,-4.53186,0.8925598068460174
14.51,0.699463,0.209717,-0.470459,8.255005,-10.94818,-0.900268,0.8686549252372888
14.52,0.708984,0.190186,-0.481689,8.903503,5.645751,3.089905,0.8779825280567944
14.53,0.748535,0.18457,-0.488037,9.147644,18.585205,5.897521,0.9124422417304012
14.54,0.759766,0.188232,-0.493408,8.216858,25.856016,6.79779,0.9252713737298913
14.55,0.781982,0.19165,-0.497314,7.568359,29.861448,8.255005,0.94633333737114
14.56,0.82959,0.175293,-0.486084,8.19397,32.63855,8.644104,0.9773560553887207
14.57,0.912354,0.157959,-0.49292,8.216858,32.745361,6.42395,1.0489570979773197
14.58,0.983154,0.157715,-0.497559,8.003235,26.748655,2.990722,1.1131175892159821
14.59,1.001465,0.159668,-0.486328,8.773804,11.436461,-2.159119,1.1246959322559142
14.6,0.962891,0.137939,-0.481934,7.67517,-7.736206,-7.629394,1.0855628152981291
14.61,0.857666,0.129395,-0.513428,3.875732,-24.375914,-10.993957,1.0079396533349603
14.62,0.726318,0.127441,-0.535645,0.114441,-33.790588,-11.680602,0.911424495847023
14.63,0.63916,0.127686,-0.534668,-4.699707,-30.479429,-10.246276,0.8430297090968977
14.64,0.622559,0.144043,-0.49292,-10.299682,-16.784668,-9.017944,0.8070304955390472
14.65,0.616455,0.173096,-0.472168,-17.745972,6.835937,-5.264282,0.7955637073578709
14.66,0.649658,0.193848,-0.464111,-22.6593,34.873962,1.174927,0.8216030576799237
14.67,0.688965,0.223877,-0.407959,-19.897461,65.322876,7.148742,0.831398958403846
14.68,0.804199,0.248047,-0.298096,-14.648437,89.805595,5.706787,0.892818330359542
14.69,0.961426,0.266357,-0.203613,-10.169982,93.917839,-0.732422,1.0182063929744303
14.7,1.162598,0.267822,-0.148682,-1.930237,72.685242,-9.391785,1.2022766197560362
14.71,1.405518,0.303467,-0.129883,7.614135,26.329039,-17.570496,1.4437599045900948
14.72,1.510986,0.362061,-0.239258,17.669678,-32.608032,-28.022764,1.5720722790256814
14.73,1.520996,0.397217,-0.34668,28.465269,-108.222954,-45.265194,1.6097817241803314
14.74,1.352295,0.395264,-0.464111,38.841248,-186.912521,-61.584469,1.4833524250972863
14.75,0.970459,0.35498,-0.591553,44.494625,-241.310104,-66.856384,1.190687374120512
14.76,0.640381,0.303711,-0.649414,42.961117,-249.992355,-62.263485,0.9612839019134775
14.77,0.330322,0.2146,-0.664307,37.780762,-247.619614,-51.010128,0.7723144268579993
14.78,0.114014,0.093506,-0.668701,25.848387,-220.725998,-39.596558,0.6847653551640883
14.79,-0.127686,0.008301,-0.63208,3.814697,-166.694626,-25.009153,0.6449013471818771
14.8,-0.105469,-0.008057,-0.707031,-14.556884,-103.881828,-1.525879,0.7148996154503092
14.81,-0.080322,0.177246,-0.630859,-31.021116,-61.935421,18.066406,0.6601900075591874
14.82,0.072021,0.169678,-0.549316,-31.967161,-48.21014,25.825499,0.5794184291002488
14.83,0.24707,0.028076,-0.558105,-30.982969,-22.239683,39.718628,0.6109934841722945
14.84,0.381104,0.035889,-0.546875,-26.931761,10.017395,59.150692,0.6675331787724113
14.85,0.496094,0.116211,-0.509521,-20.256041,30.746458,63.941952,0.7205733153524352
14.86,0.613525,0.165283,-0.52124,-16.700745,55.664059,64.025879,0.8218409416146168
14.87,0.72998,0.201416,-0.546875,-9.529114,85.693352,70.487976,0.9340832249221693
14.88,0.812256,0.196045,-0.542236,-4.119873,117.576591,71.144104,0.996099056950161
14.89,0.83252,0.217285,-0.544922,-1.64032,150.299072,66.062927,1.018450935346912
14.9,0.735107,0.204346,-0.559082,0.88501,185.066208,63.865658,0.9458923151654208
14.91,0.626465,0.175781,-0.563477,-1.739502,225.921616,62.034603,0.860734387436101
14.92,0.71875,0.130127,-0.417725,-11.032104,249.992355,57.54089,0.8414444570225654
14.93,0.924316,0.137207,-0.267334,-21.606443,249.992355,58.654781,0.971932763240853
14.94,1.032715,0.189941,-0.216553,-23.452757,249.450668,58.685299,1.0721348126588373
14.95,1.157715,0.164551,-0.18335,-24.337767,249.992355,49.003597,1.1836377297661647
14.96,1.268311,0.118164,-0.126221,-30.235289,249.992355,38.505554,1.2800418994931377
14.97,1.408447,0.146484,-0.137695,-40.786739,244.789108,30.364988,1.422722891883729
14.98,1.431641,0.206543,-0.155518,-43.098446,189.07164,18.280029,1.454799577967357
14.99,1.361572,0.213379,-0.126465,-38.734436,104.24041,4.837036,1.383980601399456
15.0,1.14624,0.201904,-0.120605,-34.500122,31.753538,-4.066467,1.1701183396738126
15.01,0.868652,0.216064,-0.173584,-33.721924,-8.735657,-8.331299,0.911795675716879
15.02,0.75,0.210205,-0.257568,-34.057617,-17.044067,-4.318237,0.8203824819247423
15.03,0.729736,0.192871,-0.27124,-33.027649,-7.324218,3.593445,0.8020504908900686
15.04,0.844727,0.178955,-0.260498,-37.696838,6.530761,7.728576,0.9019134130048183
15.05,0.893066,0.181396,-0.235596,-45.173641,16.670227,8.468628,0.941263440481994
15.06,0.904297,0.175293,-0.157959,-39.787292,25.756834,7.064819,0.9345757035890673
15.07,0.906738,0.184326,-0.145996,-32.875061,36.750793,5.889892,0.9367308615264045
15.08,0.9104,0.193604,-0.13916,-27.809141,49.156185,7.446289,0.941103700139363
15.09,0.960205,0.198242,-0.116699,-24.200438,62.843319,8.621216,0.9873764171733088
15.1,1.077393,0.199707,-0.106201,-21.728514,71.784973,8.94165,1.1008801999759101
15.11,1.15625,0.185059,-0.072754,-17.555237,64.117432,7.8125,1.1732237810822792
15.12,1.105713,0.194336,-0.055664,-11.039733,38.719177,1.63269,1.124040123910619
15.13,1.011719,0.208984,-0.104248,-3.631592,11.589049,-1.304626,1.0383242714686969
15.14,0.942139,0.200439,-0.105469,0.160217,-3.852844,-0.87738,0.968981629342373
15.15,0.930908,0.194336,-0.133789,2.494812,-10.841369,-0.297546,0.9603414402601816
15.16,0.945313,0.195557,-0.165283,3.845215,-9.666443,-1.167297,0.9793761679288505
15.17,0.966064,0.213867,-0.149414,5.691528,-7.102966,-2.510071,1.0006714191886366
15.18,0.961426,0.213623,-0.05957,10.978698,-7.598876,-5.691528,0.9866728558671308
15.19,1.02002,0.236328,-0.094727,18.630981,-16.052246,-5.950927,1.0513158081723113
15.2,0.954102,0.165039,-0.149658,26.115416,-16.212463,-1.89209,0.9797683475643618
15.21,1.007324,0.116455,-0.119385,21.629332,-14.747619,-2.693176,1.0210368192313144
15.22,1.07959,0.156006,-0.139893,16.960144,-24.627684,-1.121521,1.0997374648455875
15.23,1.0625,0.169434,-0.156006,19.172668,-45.455929,-5.851745,1.0871761597790857
15.24,0.971191,0.150391,-0.187256,19.096375,-68.199158,-11.535644,1.0004470105397887
15.25,0.91626,0.130127,-0.187256,15.808105,-77.003479,-9.880066,0.9442087869030874
15.26,0.886475,0.138916,-0.15918,8.659363,-69.465637,-8.31604,0.9113033814712859
15.27,0.903809,0.145508,-0.120605,5.210876,-58.814999,-8.68988,0.9233573807416064
15.28,1.00415,0.164795,-0.123291,5.737304,-52.513119,-8.06427,1.0250245290752802
15.29,1.045654,0.167969,-0.107666,9.590149,-56.755062,-7.736206,1.0645176561396246
15.3,1.005615,0.153076,-0.102295,13.572692,-74.806213,-9.056091,1.0223297203084727
15.31,0.872559,0.14502,-0.133301,18.684387,-94.192497,-7.781982,0.8945161627841053
15.32,0.835449,0.134277,-0.16333,20.51544,-101.356499,-6.072998,0.8617900169008689
15.33,0.86377,0.155029,-0.22998,20.03479,-97.793571,-3.860473,0.9072063735121133
15.34,0.834961,0.179199,-0.319824,18.684387,-89.965813,-3.578186,0.9118988672533813
15.35,0.824219,0.171143,-0.351807,15.388488,-75.790405,-4.631042,0.9123568663954912
15.36,0.846436,0.153076,-0.321045,8.19397,-59.440609,-6.187438,0.918126383401
15.37,1.0,0.161621,-0.295166,1.541138,-52.87933,-8.43811,1.0551039357319258
15.38,1.101074,0.190674,-0.309082,0.923157,-58.555599,-10.398864,1.159418910694491
15.39,1.092529,0.218506,-0.291992,2.502441,-80.101013,-15.251159,1.1517915679240756
15.4,0.945801,0.221191,-0.29541,4.905701,-108.581535,-21.095274,1.0152497516286325
15.41,0.790039,0.200439,-0.312256,9.010315,-125.701897,-22.834776,0.8728351641507118
15.42,0.698975,0.16626,-0.355469,9.506226,-117.706291,-18.684387,0.8016025500121616
15.43,0.682373,0.150879,-0.38916,4.234314,-95.458977,-12.504577,0.7999017998292041
15.44,0.705322,0.155273,-0.412598,0.25177,-71.395874,-9.048462,0.8317607455374412
15.45,0.763672,0.150391,-0.42334,-0.984192,-52.734371,-9.590149,0.8860186973563255
15.46,0.795166,0.142578,-0.420166,-2.838135,-41.389462,-9.475708,0.9105805407518875
15.47,0.795654,0.137695,-0.423828,-5.378723,-32.89032,-7.888793,0.9119514100679925
15.48,0.75708,0.145996,-0.442627,-6.645202,-22.880552,-8.842468,0.8890464664712413
15.49,0.770508,0.157227,-0.41748,-9.750366,-10.398864,-9.742737,0.8903327793544389
15.5,0.827393,0.179688,-0.39917,-13.282775,0.007629,-8.216858,0.9360574996724295
15.51,0.842041,0.199219,-0.411133,-13.206481,3.463745,-7.736206,0.9579935278126884
15.52,0.805664,0.195801,-0.384521,-11.886596,0.457764,-7.949829,0.9139414160316842
15.53,0.84082,0.208496,-0.371094,-11.695861,-6.958007,-7.17163,0.9424222043500461
15.54,0.883057,0.232178,-0.395752,-9.94873,-20.225523,-5.104064,0.995146187470464
15.55,0.856201,0.240234,-0.416992,-7.43103,-36.636353,-5.66864,0.9821786269416577
15.56,0.800293,0.234375,-0.445557,-5.859375,-48.553463,-6.187438,0.9454742549234221
15.57,0.780518,0.239014,-0.469482,-5.508422,-47.943111,-4.79126,0.9416737167639331
15.58,0.808105,0.263916,-0.490234,-4.920959,-38.864136,-2.456665,0.9813331344844115
15.59,0.810791,0.28418,-0.500244,-3.387451,-31.150816,-1.25885,0.9941752248054666
15.6,0.758789,0.26123,-0.484131,-1.220703,-29.350279,-0.488281,0.9372217904967852
15.61,0.722168,0.245605,-0.456299,0.694275,-31.09741,1.312256,0.8888516263415397
15.62,0.739258,0.243652,-0.441406,3.601074,-30.685423,1.701355,0.8948228564939543
15.63,0.807861,0.230713,-0.419922,7.347106,-29.953001,1.785278,0.9392562854588731
15.64,0.842041,0.214111,-0.452881,10.658263,-32.989502,2.738952,0.9797845508901435
15.65,0.818604,0.203369,-0.465332,12.359618,-36.300659,1.541138,0.9633303323372518
15.66,0.838135,0.206787,-0.468994,11.07788,-34.263611,0.732422,0.982439063570866
15.67,0.869141,0.233154,-0.530273,12.832641,-32.188416,2.243042,1.0444885447557575
15.68,0.806885,0.238037,-0.551758,17.127991,-32.600403,0.205994,1.006062576164127
15.69,0.807129,0.214355,-0.532227,17.753601,-32.279968,-1.373291,0.9902882752991676
15.7,0.806152,0.201416,-0.574707,15.426635,-34.996033,-0.938415,1.0103155883232724
15.71,0.790039,0.200195,-0.588135,13.336181,-38.658142,-4.394531,1.005058425053489
15.72,0.772461,0.201904,-0.557617,11.642455,-37.54425,-6.996154,0.973857248484602
15.73,0.743896,0.188232,-0.546631,11.062621,-34.675598,-7.759094,0.9421348071274088
15.74,0.751221,0.177002,-0.534424,10.848998,-29.113768,-6.736755,0.9387607312947215
15.75,0.793701,0.195557,-0.546875,10.559081,-22.872923,-5.935668,0.9835019487906468
15.76,0.795898,0.214111,-0.547852,11.253356,-22.125242,-6.378173,0.9896660854192185
15.77,0.754883,0.202881,-0.557617,12.138366,-25.68054,-6.721496,0.9601800677680202
15.78,0.70166,0.188721,-0.561035,11.825561,-28.343199,-6.355285,0.9179883673914392
15.79,0.702393,0.177734,-0.54541,10.803222,-26.107786,-6.79779,0.9068723004398138
15.8,0.710693,0.174805,-0.54126,9.361267,-19.508362,-5.905151,0.9102767248886462
15.81,0.692139,0.177979,-0.547607,8.491516,-10.894774,-3.791809,0.90033679598859
15.82,0.667725,0.180908,-0.550049,7.194519,-2.700805,-1.869202,0.8838202772566378
15.83,0.7146,0.178711,-0.549316,5.767822,4.745483,-1.228333,0.9188791266412575
15.84,0.782471,0.19043,-0.554199,4.768372,7.232666,-1.998901,0.9775791437740476
15.85,0.781494,0.197266,-0.587158,4.562378,2.13623,-4.814148,0.9971967026399555
15.86,0.745361,0.174805,-0.599854,3.768921,-3.623962,-8.811951,0.9725968484742278
15.87,0.751221,0.189209,-0.568604,0.770569,-8.308411,-12.260436,0.9609597001633315
15.88,0.747314,0.209229,-0.579834,0.358582,-11.734008,-13.771056,0.9687427195045132
15.89,0.700928,0.204102,-0.613281,-0.1297,-6.523132,-14.053344,0.9534522917005339
15.9,0.662598,0.185547,-0.601074,-3.173828,5.859375,-14.915465,0.9136485934367765
15.91,0.675293,0.184082,-0.584961,-6.240844,17.967224,-13.633727,0.9121875849264777
15.92,0.695801,0.19043,-0.590332,-7.652282,30.990599,-10.879516,0.9321450996089611
15.93,0.721924,0.194092,-0.564697,-8.651733,45.1889,-9.811401,0.9368717457843416
15.94,0.758057,0.193848,-0.535645,-9.689331,61.523434,-9.45282,0.9482315267791933
15.95,0.818604,0.216553,-0.503906,-11.230468,78.239441,-10.086059,0.9853572790927156
15.96,0.889893,0.249023,-0.463135,-9.780884,91.537468,-12.115478,1.0336421209504767
15.97,0.912842,0.260254,-0.445557,-6.637573,93.185417,-15.61737,1.0485865256281905
15.98,0.908203,0.256348,-0.440918,-6.568908,80.375664,-20.477293,1.0416120530394222
15.99,0.873291,0.250732,-0.445557,-5.546569,63.194271,-24.459837,1.0119410786967789
16.0,0.866455,0.225098,-0.408203,-3.387451,52.398678,-27.519224,0.9838917957976883
16.01,0.875977,0.21875,-0.380127,-4.081726,49.995419,-27.885435,0.9796345252991036
16.02,0.900391,0.243408,-0.335449,-5.149841,47.912594,-25.596617,0.9911999994683213
16.03,0.901611,0.273926,-0.289307,-5.126953,35.247803,-25.230406,0.9857161807772054
16.04,0.879395,0.292725,-0.378418,-1.281738,8.346558,-25.688169,1.0011112197822978
16.05,0.787598,0.256592,-0.470459,1.274109,-16.349792,-25.497435,0.952618357344115
16.06,0.706543,0.228516,-0.561523,-3.501892,-33.027649,-23.651121,0.9309837015941793
16.07,0.672607,0.2146,-0.644043,-11.299132,-46.440121,-20.446775,0.9556383846926619
16.08,0.665039,0.217773,-0.672852,-19.325256,-57.212826,-16.555786,0.9707892484746625
16.09,0.610352,0.247803,-0.653809,-24.871824,-62.217709,-13.885497,0.9281175029025149
16.1,0.559326,0.267578,-0.586914,-27.06909,-59.05151,-10.06317,0.8537632012191672
16.11,0.538818,0.268799,-0.473145,-27.938841,-46.676632,-3.082275,0.7657962722225801
16.12,0.54126,0.264404,-0.369629,-26.718138,-33.52356,4.135132,0.7067513427344867
16.13,0.580811,0.268066,-0.284424,-21.537779,-27.214048,10.56671,0.700069860694631
16.14,0.607422,0.264893,-0.237549,-12.306212,-26.245115,16.784668,0.7039597395689614
16.15,0.615479,0.265869,-0.237793,-0.694275,-24.597166,22.247313,0.7113692679972898
16.16,0.621582,0.25708,-0.324951,11.123656,-17.868042,27.084349,0.7470257435490426
16.17,0.681641,0.218018,-0.506348,18.486023,-4.53949,29.548643,0.876672457825042
16.18,0.913086,0.177979,-0.579346,22.048948,14.244079,24.986265,1.0959216922540589
16.19,0.986572,0.188965,-0.551758,22.003172,31.929014,26.290892,1.1460667401914253
16.2,0.963379,0.253662,-0.504883,20.751951,35.400391,28.022764,1.1168484013392328
16.21,1.008301,0.284912,-0.507324,19.950867,27.626036,20.683287,1.1641406252343398
16.22,1.015869,0.262939,-0.522705,20.149229,14.10675,12.313842,1.1723255776050439
16.23,0.981689,0.228516,-0.539307,17.181396,-1.88446,4.882813,1.1431469263511145
16.24,0.886963,0.212402,-0.580566,14.259337,-12.809752,0.434875,1.0811451583062286
16.25,0.808594,0.220459,-0.601074,9.971619,-16.830444,-1.350403,1.0313662690785461
16.26,0.764648,0.225342,-0.612061,4.844666,-13.870238,-0.976562,1.0050294764776802
16.27,0.734619,0.210449,-0.595703,0.427246,-6.607055,0.541687,0.9689251369280292
16.28,0.722168,0.208496,-0.580566,-3.982544,0.076294,2.738952,0.9497652776323211
16.29,0.721191,0.211426,-0.547119,-7.789611,2.662658,4.852295,0.9296002431787548
16.3,0.746338,0.217041,-0.479736,-10.95581,-1.060486,7.057189,0.9133859182300764
16.31,0.771729,0.236084,-0.449951,-10.086059,-9.689331,8.102417,0.9239898305165485
16.32,0.782715,0.239258,-0.426025,-6.019592,-20.408628,7.583618,0.9227049704071177
16.33,0.789551,0.249756,-0.423828,-1.716614,-27.999876,7.942199,0.930268248797625
16.34,0.764893,0.254395,-0.452393,0.88501,-29.663084,7.492065,0.9243579089957527
16.35,0.748535,0.255371,-0.46875,2.426147,-25.451658,7.102966,0.9193723708954931
16.36,0.778076,0.260254,-0.476318,2.571106,-16.120911,8.239746,0.9486902779179304
16.37,0.803711,0.264648,-0.501221,2.571106,-9.880066,8.522034,0.9834695858367964
16.38,0.806641,0.265625,-0.532715,2.952575,-10.32257,7.17163,1.0025026756727387
16.39,0.751709,0.264404,-0.521729,4.676819,-8.895874,6.92749,0.9524584218421295
16.4,0.718506,0.236816,-0.51123,5.744934,-1.899719,8.712769,0.9130656070578936
16.41,0.744629,0.215576,-0.497314,4.920959,6.095886,9.521484,0.9210138837243443
16.42,0.75708,0.202637,-0.490723,4.638672,10.353087,9.002686,0.9246842395639714
16.43,0.765625,0.196777,-0.484863,3.959656,10.810851,8.163452,0.9273591306085254
16.44,0.773438,0.196777,-0.485596,3.456115,9.239197,7.850646,0.934200729387962
16.45,0.768799,0.186523,-0.494629,2.983093,7.240295,7.026672,0.9330062055372408
16.46,0.756348,0.176758,-0.51416,1.579285,7.629394,6.713867,0.9314860134580659
16.47,0.720215,0.159912,-0.527344,-0.869751,11.940001,6.462097,0.9068479411152677
16.48,0.701416,0.135986,-0.556641,-6.004333,19.195557,5.226135,0.9057183889780532
16.49,0.708252,0.131836,-0.60791,-12.573241,30.296324,3.639221,0.9426325872257971
16.5,0.736816,0.134277,-0.638916,-19.950867,41.374203,2.593994,0.9844499914373508
16.51,0.779297,0.144043,-0.611816,-26.962278,46.661373,3.494262,1.0011848070730998
16.52,0.809326,0.172852,-0.580566,-32.081604,46.19598,4.905701,1.0109120973338879
16.53,0.830322,0.197021,-0.522217,-32.531738,45.333858,6.095886,1.0004811308635462
16.54,0.843018,0.203857,-0.459961,-31.974791,45.196529,7.995605,0.9817337451132053
16.55,0.835449,0.210449,-0.411865,-31.509398,42.556759,9.391785,0.9549327680140628
16.56,0.826904,0.216797,-0.446777,-31.272886,37.406921,10.185241,0.9645625185305512
16.57,0.808838,0.2146,-0.484375,-30.578611,33.973694,10.765075,0.9668977251338426
16.58,0.942383,0.190186,-0.485596,-32.455444,22.979734,11.863708,1.077060772891205
16.59,1.075195,0.205078,-0.479004,-37.643433,-9.155273,10.643004,1.194799609191851
16.6,1.08252,0.260986,-0.45459,-31.372068,-63.499447,4.821777,1.2027532210291518
16.61,1.056396,0.311035,-0.398682,-15.319823,-122.558586,0.724792,1.1711800105726702
16.62,0.874756,0.300049,-0.414795,1.899719,-155.570984,-2.13623,1.0135493840765728
16.63,0.624512,0.248047,-0.501709,3.471374,-145.91217,-4.966736,0.8386026908101356
16.64,0.499512,0.232422,-0.537109,-6.904602,-106.681816,-4.272461,0.7694272558916795
16.65,0.534424,0.20166,-0.550781,-17.463684,-60.859676,-1.678467,0.7934957323999922
16.66,0.629395,0.197998,-0.619629,-25.268553,-30.807493,2.601623,0.9051416307241646
16.67,0.761963,0.228271,-0.733154,-28.549192,-26.718138,6.385803,1.0817624741716638
16.68,0.796875,0.269287,-0.753174,-26.268003,-38.459778,5.53894,1.1290687881037187
16.69,0.765625,0.311279,-0.654541,-21.90399,-48.095699,1.495361,1.0542770874618304
16.7,0.759521,0.302979,-0.567383,-18.470764,-45.837399,0.160217,0.9952848298708264
16.71,0.77002,0.272217,-0.469727,-20.431517,-33.203125,1.518249,0.9421657762931108
16.72,0.759521,0.307373,-0.461182,-22.125242,-19.355774,2.998352,0.9402335601827877
16.73,0.697998,0.321289,-0.489502,-20.39337,-6.034851,7.263183,0.91106533109816
16.74,0.804199,0.343262,-0.4021,-22.590635,5.737304,8.666992,0.962418434073766
16.75,0.932373,0.34375,-0.385254,-20.881651,-1.76239,5.279541,1.065788026835074
16.76,0.947266,0.337891,-0.430908,-13.610839,-24.536131,-1.00708,1.0941503128460002
16.77,0.890625,0.311523,-0.528076,-8.850098,-44.586178,-7.957458,1.0812602517109375
16.78,0.831787,0.313965,-0.534668,-7.04956,-51.803585,-12.741088,1.0374553025639226
16.79,0.812744,0.319092,-0.456543,-7.537841,-48.957821,-16.845703,0.9852938774035896
16.8,0.779541,0.305908,-0.410645,-7.629394,-44.273373,-20.881651,0.9326806480087384
16.81,0.733154,0.312744,-0.423096,-4.951477,-41.778561,-23.231504,0.9024044672252016
16.82,0.699219,0.310547,-0.449951,-0.534058,-37.322998,-22.216795,0.8875824195932455
16.83,0.686035,0.305664,-0.441406,2.540588,-27.19879,-21.636961,0.871156563975156
16.84,0.741211,0.28418,-0.464355,4.951477,-19.050598,-22.857664,0.9196616687380201
16.85,0.781738,0.26001,-0.500244,7.362365,-18.791199,-24.246214,0.9638275573358547
16.86,0.797119,0.248535,-0.522461,10.078429,-26.130674,-26.237486,0.9849537262770267
16.87,0.773926,0.242188,-0.528809,14.434813,-36.125183,-28.106688,0.9681195377126731
16.88,0.672852,0.20874,-0.539551,18.15033,-44.265743,-29.296873,0.8873654732436912
16.89,0.606934,0.189209,-0.570557,20.294188,-49.354549,-29.21295,0.8542272626684306
16.9,0.604736,0.18457,-0.600098,22.895811,-51.017757,-26.298521,0.8717163094722962
16.91,0.625244,0.176514,-0.621582,24.017332,-45.036312,-22.644041,0.8991392742261901
16.92,0.644775,0.175293,-0.681641,22.880552,-36.048889,-21.110533,0.954513954510357
16.93,0.62085,0.205322,-0.706055,22.056578,-31.463621,-20.629881,0.9623541495774827
16.94,0.667725,0.204834,-0.6875,21.865843,-31.158445,-18.104553,0.9800356591374623
16.95,0.719482,0.191406,-0.675537,20.782469,-33.26416,-16.777039,1.0053063431258156
16.96,0.702148,0.193115,-0.660889,19.950867,-36.499023,-17.478943,0.9834019968710659
16.97,0.71167,0.214111,-0.656738,18.470764,-39.863586,-19.592285,0.9917774497663274
16.98,0.676514,0.249756,-0.668701,19.40918,-42.91534,-20.179747,0.983468494224904
16.99,0.60376,0.262695,-0.682129,21.041868,-42.785641,-18.844604,0.948068970732615
17.0,0.566895,0.260742,-0.72876,19.294739,-37.628174,-17.601013,0.9593995357456663
17.01,0.497314,0.28833,-0.735596,19.042969,-28.381346,-15.029906,0.9335721068626676
17.02,0.517578,0.291504,-0.6875,18.875122,-17.539978,-10.513305,0.9085801109973738
17.03,0.573486,0.27832,-0.629395,16.670227,-5.187988,-6.942749,0.8958159859150763
17.04,0.596924,0.283203,-0.585938,15.525817,4.959106,-7.720947,0.8830886370172588
17.05,0.63208,0.293945,-0.557861,14.831542,11.550902,-8.590698,0.8928256743317814
17.06,0.740967,0.32666,-0.604004,12.474059,9.933472,-10.421752,1.0102275400646135
17.07,0.750977,0.325928,-0.647461,13.549804,-1.487732,-16.159058,1.043743868118036
17.08,0.683838,0.313477,-0.66626,12.939452,-18.188477,-21.118162,1.0048903558961046
17.09,0.589844,0.313477,-0.683105,14.030456,-32.806396,-21.89636,0.9554141588285155
17.1,0.515869,0.286377,-0.684082,14.022826,-32.798767,-18.531799,0.9033829719526486
17.11,0.529541,0.259766,-0.675293,10.734557,-18.753052,-16.288757,0.8966117784671357
17.12,0.560547,0.251953,-0.678955,8.895874,-2.662658,-15.495299,0.9157909944102965
17.13,0.590332,0.256592,-0.722412,6.965637,7.8125,-13.687133,0.967579672394992
17.14,0.594727,0.255859,-0.741943,3.517151,10.154723,-13.069152,0.9847047515164127
17.15,0.593018,0.246338,-0.713623,1.251221,4.03595,-12.359618,0.960005492013978
17.16,0.637939,0.229248,-0.711914,0.289917,-3.868103,-10.375976,0.9830271393105076
17.17,0.652344,0.230225,-0.730957,0.183105,-9.635925,-11.917113,1.0064066677094305
17.18,0.629395,0.233398,-0.750488,-0.015259,-14.785766,-13.114928,1.0068986694662976
17.19,0.614014,0.243408,-0.739746,-1.655578,-16.059875,-13.427733,0.9917080170977746
17.2,0.601074,0.253906,-0.719727,-4.081726,-15.960692,-14.114379,0.9714757664713001
17.21,0.569092,0.26416,-0.717529,-6.370544,-19.371033,-13.931273,0.9531495558961353
17.22,0.542725,0.284912,-0.697021,-6.065368,-25.268553,-13.107299,0.9282044752154559
17.23,0.569336,0.281738,-0.678955,-5.40924,-27.366636,-11.718749,0.9297847458229243
17.24,0.595459,0.289795,-0.688965,-5.424499,-25.794981,-11.741637,0.9556282404423804
17.25,0.589355,0.296143,-0.726563,-5.111694,-26.168821,-12.748717,0.9812918961466053
17.26,0.586182,0.307129,-0.731934,-4.699707,-28.564451,-13.008117,0.9867446174775923
17.27,0.584229,0.298828,-0.738281,-3.730774,-27.961729,-12.451171,0.9877654240688929
17.28,0.593994,0.291748,-0.762207,-4.875183,-23.803709,-11.58142,1.009408380383777
17.29,0.626953,0.308594,-0.760254,-6.019592,-21.499632,-11.726378,1.0326114785150318
17.3,0.653564,0.306152,-0.739746,-5.928039,-21.064756,-13.740539,1.0334887970926439
17.31,0.652588,0.317871,-0.717529,-7.095336,-22.40753,-16.921997,1.0206669075785693
17.32,0.668213,0.327148,-0.69165,-7.446289,-27.091978,-20.309446,1.0158317526898832
17.33,0.747559,0.338867,-0.704834,-7.5531,-36.781311,-25.154112,1.0818808944269236
17.34,0.744385,0.363281,-0.743164,-5.485534,-56.198116,-31.631468,1.112822916767084
17.35,0.665039,0.382813,-0.753906,-2.586365,-79.826355,-36.949158,1.0757308777412686
17.36,0.609863,0.362061,-0.770264,-1.00708,-96.374504,-40.191647,1.0470566728625532
17.37,0.611084,0.354004,-0.737793,0.694275,-109.161369,-43.29681,1.0213133691091094
17.38,0.537598,0.346191,-0.73291,0.770569,-120.788567,-45.974728,0.9726339939489057
17.39,0.43042,0.352051,-0.748047,0.350952,-128.341675,-47.088619,0.9320813254271325
17.4,0.366211,0.349609,-0.739258,0.740051,-130.058289,-47.721859,0.8960130244399352
17.41,0.274658,0.329102,-0.721924,2.944946,-125.259392,-47.195431,0.839594786277285
17.42,0.217041,0.310547,-0.70752,4.577637,-114.875786,-43.846127,0.8025775883302498
17.43,0.196045,0.305664,-0.686279,6.996154,-101.745598,-38.696289,0.7764296418620299
17.44,0.213867,0.310547,-0.695557,10.643004,-88.066093,-32.699585,0.7911877609941903
17.45,0.207764,0.310791,-0.722656,15.228271,-74.325562,-26.039122,0.8136268307479787
17.46,0.17749,0.317139,-0.734863,17.288208,-60.279842,-22.193907,0.8198191716409174
17.47,0.159668,0.314941,-0.749023,17.112732,-43.525692,-18.257141,0.8280804056575665
17.48,0.155273,0.320557,-0.769531,16.052246,-28.373716,-12.397765,0.8479648900390865
17.49,0.071533,0.312012,-0.786133,15.876769,-16.159058,-6.217956,0.8488071347025777
17.5,0.085693,0.30249,-0.7771,14.801024,-6.484985,0.892639,0.8382886736375483
17.51,0.152344,0.304199,-0.759766,14.320373,2.990722,8.674622,0.8324602697384423
17.52,0.218262,0.328369,-0.698975,15.419005,14.785766,15.060424,0.802515140935048
17.53,0.280518,0.32959,-0.755615,15.876769,28.091429,19.805908,0.8707892653501191
17.54,0.319336,0.33374,-0.796875,14.205932,38.047791,20.835875,0.9210687455999145
17.55,0.443848,0.351318,-0.792236,12.168883,38.925171,20.172117,0.9736854029531304
17.56,0.546387,0.372559,-0.737549,14.785766,30.120848,16.426086,0.990614702924906
17.57,0.554688,0.376953,-0.731445,19.210815,17.112732,10.94818,0.9923629021572703
17.58,0.511719,0.361084,-0.750732,21.606443,9.117126,6.256103,0.9776689244529561
17.59,0.471436,0.343994,-0.749756,20.347593,7.537841,2.01416,0.9501146423816443
17.6,0.344727,0.333496,-0.753174,17.64679,6.477355,0.526428,0.8929318903595055
17.61,0.26001,0.333252,-0.793213,16.349792,5.142211,4.974365,0.8988041827745351
17.62,0.28125,0.306396,-0.842041,14.129638,13.687133,12.237548,0.939155533975603
17.63,0.389893,0.290771,-0.926758,8.216858,26.138304,14.343261,1.0466349489932008
17.64,0.443115,0.282715,-1.019287,4.936218,31.883238,10.940551,1.1468324475785467
17.65,0.423828,0.300781,-1.017578,2.059937,25.695799,5.91278,1.142612957054575
17.66,0.407471,0.300293,-1.04541,2.26593,9.971619,5.317688,1.1615035814796268
17.67,0.371094,0.289063,-1.072754,0.846863,-3.356933,4.394531,1.1713536269295453
17.68,0.343262,0.28125,-1.099121,-4.234314,-6.019592,4.020691,1.1853258352811686
17.69,0.308594,0.286865,-1.085449,-11.268615,2.128601,5.851745,1.1643544634955458
17.7,0.28833,0.297852,-1.043457,-18.089294,13.999938,9.353638,1.122787831094103
17.71,0.314209,0.30542,-0.940186,-24.208067,25.650023,14.678954,1.0372841397982522
17.72,0.400635,0.349121,-0.821533,-28.213499,34.393311,16.304016,0.9784223760498325
17.73,0.456787,0.384033,-0.755371,-25.878904,35.324097,16.067505,0.9626635217452669
17.74,0.451904,0.401611,-0.708496,-21.659849,29.876707,13.099669,0.9313834884476963
17.75,0.375244,0.388672,-0.688477,-16.685486,23.094175,7.774353,0.8751425956088528
17.76,0.368652,0.352539,-0.711914,-12.245177,17.944336,5.226135,0.8757908352003919
17.77,0.441406,0.330811,-0.724854,-7.896423,13.832091,4.241943,0.9108723817709043
17.78,0.450928,0.319336,-0.753906,-1.670837,10.925292,1.89209,0.9347116126998744
17.79,0.355469,0.317383,-0.763184,4.211426,13.557433,-0.953674,0.8997444062098969
17.8,0.373047,0.309326,-0.726074,6.469726,24.482725,0.595093,0.8729433498005469
17.81,0.413818,0.30957,-0.693359,6.660461,38.917542,2.426147,0.8647691165305338
17.82,0.372314,0.341064,-0.688965,8.895874,48.194881,2.059937,0.8541751213404661
17.83,0.37915,0.36377,-0.758057,10.856627,54.374691,5.386352,0.9223522920495183
17.84,0.485352,0.369141,-0.753662,8.804321,60.531612,8.399963,0.9694524495966783
17.85,0.646973,0.373047,-0.752441,8.255005,49.308773,4.890442,1.0601441342661855
17.86,0.637207,0.360107,-0.744873,11.268615,22.65167,-4.646301,1.044291912458868
17.87,0.532715,0.299316,-0.782227,10.650634,5.126953,-12.565612,0.9925998280324252
17.88,0.428955,0.285645,-0.800293,6.942749,4.440308,-13.366698,0.9518741218769423
17.89,0.350342,0.265137,-0.815186,5.378723,7.247924,-11.07788,0.9260482494605775
17.9,0.282227,0.231201,-0.846436,3.623962,7.797241,-5.935668,0.9217157284249846
17.91,0.376465,0.202637,-0.895752,-1.266479,4.394531,0.907898,0.9925519107321289
17.92,0.459229,0.213867,-0.916748,-6.080627,-3.067016,3.242492,1.047405014134456
17.93,0.418945,0.247314,-0.899658,-7.347106,-15.914916,3.768921,1.0227725282705828
17.94,0.359131,0.289795,-0.813477,-7.232666,-27.030943,7.827758,0.9352545357895893
17.95,0.366455,0.31665,-0.686768,-7.92694,-30.494688,13.97705,0.8403610981887488
17.96,0.394531,0.324463,-0.594238,-6.614685,-30.09033,15.73944,0.7836132649298377
17.97,0.443359,0.317383,-0.542236,-0.389099,-33.226013,15.167235,0.7689727246567332
17.98,0.475098,0.301025,-0.556885,9.239197,-43.533321,15.571593,0.7914891429792326
17.99,0.460938,0.288574,-0.619629,21.301268,-56.800838,14.61029,0.8244264011790258
18.0,0.478516,0.269775,-0.742188,28.45001,-61.531063,11.283874,0.923362951512026
18.01,0.471191,0.258545,-0.860596,28.839109,-51.437374,8.079529,1.0146388277224563
18.02,0.446289,0.249756,-0.929932,23.139952,-32.50885,6.057739,1.0612848136485322
18.03,0.479736,0.286133,-0.96167,15.380858,-15.014647,4.432678,1.1121276510747318
18.04,0.530518,0.342529,-0.952637,9.719849,-4.91333,2.174377,1.1429316330970982
18.05,0.526611,0.370361,-0.921387,6.134033,-3.715515,-0.801086,1.1240286559563328
18.06,0.485352,0.365967,-0.92334,3.15094,-9.063721,-2.449036,1.1054660395475748
18.07,0.483643,0.356689,-0.922363,0.709534,-14.595031,-3.456115,1.1008592543731466
18.08,0.449951,0.354248,-0.887451,2.27356,-15.60974,-4.829407,1.0561802996202874
18.09,0.434082,0.324463,-0.833984,4.402161,-12.573241,-4.91333,0.9946017963733023
18.1,0.397461,0.284912,-0.847412,2.89917,-6.904602,-6.347656,0.9783952125848736
18.11,0.318604,0.262939,-0.838135,1.25885,1.533508,-7.873535,0.9344066056926181
18.12,0.284912,0.256104,-0.800293,-2.799988,7.797241,-5.340576,0.887261512976304
18.13,0.378906,0.245361,-0.80957,-4.348755,2.487183,-0.419617,0.926917127933776
18.14,0.426025,0.251709,-0.804932,0.762939,-7.514953,-1.052856,0.9448651998724474
18.15,0.435059,0.273438,-0.730225,11.001586,-13.885497,0.610352,0.8929015757349743
18.16,0.436279,0.22998,-0.670654,18.791199,-13.938903,4.585266,0.8324703922404687
18.17,0.440674,0.192383,-0.697754,24.749754,-10.337829,6.988525,0.8473874187648764
18.18,0.50293,0.199951,-0.817627,29.144285,-1.716614,8.071899,0.9805268473784896
18.19,0.532959,0.250488,-0.911133,30.548094,13.488769,5.020141,1.0848745906850248
18.2,0.527832,0.240234,-0.882568,24.658201,32.028198,1.312256,1.0560517362345463
18.21,0.47876,0.252686,-0.854492,16.63208,40.771481,-1.12915,1.0115423521830413
18.22,0.351807,0.27832,-0.859863,13.511657,33.950806,-4.776001,0.9698425472302192
18.23,0.273438,0.319092,-0.783447,17.707825,26.527403,-3.692627,0.8890316339236755
18.24,0.366211,0.240967,-0.802979,16.868591,27.420042,1.502991,0.9148501877635485
18.25,0.424072,0.218262,-0.86499,16.052246,30.265806,1.296997,0.9877667042009465
18.26,0.473877,0.222656,-0.852295,13.900756,39.245605,-0.495911,1.0002708995517164
18.27,0.459473,0.227051,-0.890381,4.02832,50.132748,-1.045227,1.0273489764880286
18.28,0.598145,0.260254,-0.960205,-10.612487,48.034664,-4.394531,1.1608200668346493
18.29,0.711914,0.276611,-1.127197,-24.665831,33.805847,-11.505126,1.3615829998666993
18.3,0.475586,0.427246,-1.164795,-31.677244,16.265869,-19.615173,1.3287093662411658
18.31,0.307129,0.430664,-1.067627,-25.161741,2.044678,-12.298583,1.1914810592980487
18.32,0.233398,0.291504,-0.928711,-30.014036,10.261535,-1.335144,1.0009761884985076
18.33,0.335449,0.212646,-0.779297,-34.934998,24.894712,1.068115,0.8746703191065763
18.34,0.451904,0.228271,-0.762939,-35.110474,44.700619,1.045227,0.9156422840705862
18.35,0.457031,0.256348,-0.843994,-34.797668,71.212769,-0.87738,0.9934372169900825
18.36,0.428467,0.255859,-0.8125,-33.218384,105.209343,0.205994,0.9535219179284764
18.37,0.511963,0.220215,-0.664795,-36.430359,137.489319,1.976013,0.8674982141877873
18.38,0.638916,0.263184,-0.620117,-41.038509,145.210266,1.098633,0.9284527810292778
18.39,0.635742,0.320801,-0.617432,-31.967161,124.52697,-1.838684,0.9424985128842379
18.4,0.57666,0.267578,-0.633545,-17.692566,99.258415,-4.91333,0.8975043223901488
18.41,0.580811,0.187988,-0.673584,-12.931823,88.49334,-5.950927,0.9090634251365523
18.42,0.600342,0.17334,-0.70874,-13.84735,89.286797,-5.722045,0.9448648898990797
18.43,0.580811,0.199707,-0.706299,-13.458251,93.139641,-4.234314,0.9359928316878287
18.44,0.615234,0.218018,-0.672607,-15.464782,98.793022,-3.387451,0.9372539141177272
18.45,0.634277,0.264404,-0.625732,-18.814087,102.508537,-1.968384,0.9293854548942543
18.46,0.685791,0.318115,-0.588135,-19.325256,95.298759,-1.289368,0.9578148188094606
18.47,0.701904,0.350586,-0.581055,-15.190124,74.928284,-1.426697,0.9763220173882181
18.48,0.675781,0.359863,-0.596436,-8.773804,48.324581,-2.609253,0.9705242092941319
18.49,0.600586,0.351807,-0.60791,-3.662109,27.015684,-2.220154,0.924135421215419
18.5,0.522705,0.353516,-0.608398,-3.440857,20.324705,-0.259399,0.8765513137774651
18.51,0.477539,0.359863,-0.59668,-8.06427,25.367735,2.616882,0.8447318495771307
18.52,0.479492,0.365723,-0.557861,-12.809752,30.502317,7.087707,0.8215076299791744
18.53,0.520264,0.375977,-0.540039,-14.572143,28.251646,10.406493,0.8388536557385918
18.54,0.575684,0.416748,-0.600342,-13.542174,17.341614,12.886046,0.9303233203161146
18.55,0.5896,0.433594,-0.629883,-9.300232,9.101868,14.61029,0.9656005957563406
18.56,0.62793,0.389404,-0.563721,-8.872986,17.181396,12.741088,0.9293615690122978
18.57,0.68042,0.352295,-0.523682,-14.663695,33.065796,9.849548,0.9280764949878862
18.58,0.676025,0.377197,-0.538574,-16.731262,39.382935,9.109497,0.9430531962249001
18.59,0.675049,0.367188,-0.536133,-16.464233,38.085938,8.69751,0.9369934756624508
18.6,0.711182,0.37915,-0.535889,-13.908385,36.140442,8.81958,0.9678386125511835
18.61,0.634033,0.389893,-0.482178,-4.432678,43.04504,8.201599,0.8868540016383757
18.62,0.63623,0.314941,-0.501953,-3.326416,68.359375,5.844116,0.8694442251174022
18.63,0.746338,0.272461,-0.556641,-13.305663,93.444817,4.310608,0.970105463156455
18.64,0.850098,0.305664,-0.572998,-17.875671,94.03228,5.218505,1.0697774527928694
18.65,0.936523,0.31958,-0.574463,-17.791748,74.455261,2.410889,1.1442090911621006
18.66,0.898438,0.33667,-0.576172,-16.00647,46.19598,-1.831055,1.119156692482335
18.67,0.79541,0.331787,-0.544922,-11.604308,25.878904,-4.753113,1.0196566419893511
18.68,0.743652,0.31958,-0.474609,-12.596129,27.168272,-6.286621,0.9382981276678538
18.69,0.748291,0.321777,-0.433105,-15.785216,39.077759,-6.828308,0.9225290236274413
18.7,0.697021,0.339844,-0.459473,-15.983581,46.745296,-4.15802,0.9013587834519615
18.71,0.637695,0.323486,-0.495361,-13.603209,50.73547,-0.488281,0.8698739135886304
18.72,0.686035,0.289551,-0.502441,-15.61737,54.985043,2.281189,0.8982932490601274
18.73,0.714844,0.318604,-0.494873,-15.61737,55.458065,6.347656,0.9259642213827703
18.74,0.7229,0.297119,-0.468018,-15.083312,57.731625,7.911682,0.9109911956133275
18.75,0.783691,0.30127,-0.452393,-23.933409,57.556149,7.080078,0.9537267023786217
18.76,0.799805,0.378174,-0.444824,-25.794981,42.892452,7.904052,0.9902383567995132
18.77,0.768311,0.416748,-0.429688,-22.186277,22.743223,7.499694,0.9739673842429222
18.78,0.731445,0.407227,-0.448242,-22.491453,6.767272,6.713867,0.949613873170564
18.79,0.716309,0.397217,-0.45166,-25.489805,-5.508422,6.446838,0.9353484292871828
18.8,0.697754,0.38623,-0.407715,-27.160643,-14.778136,7.705688,0.8956929042037789
18.81,0.779053,0.337402,-0.457764,-33.798218,-24.696348,7.225036,0.9645266020743025
18.82,0.823486,0.337158,-0.500977,-42.152401,-48.767086,3.311157,1.0211673044555432
18.83,0.785889,0.358643,-0.461914,-40.878292,-90.232841,0.099182,0.9795972974472724
18.84,0.760498,0.322754,-0.429199,-37.597656,-133.323669,-0.289917,0.9309882567041327
18.85,0.785889,0.320801,-0.429443,-39.222717,-173.553452,-2.220154,0.9512918017995319
18.86,0.753174,0.398193,-0.399658,-32.043457,-213.165268,-5.180358,0.9410394553306466
18.87,0.672607,0.440674,-0.380371,-16.204834,-244.194016,-4.219055,0.8895368729659271
18.88,0.657715,0.437256,-0.416016,-2.845764,-249.992355,-1.174927,0.892665190884578
18.89,0.668701,0.42627,-0.448242,10.978698,-231.475815,-1.037598,0.9109270173098392
18.9,0.626953,0.33252,-0.4104,21.461485,-176.895126,-1.525879,0.8197973985131937
18.91,0.603271,0.273438,-0.401123,18.043518,-105.308525,-2.082825,0.774340945846208
18.92,0.624512,0.295654,-0.453369,9.963989,-46.913143,-4.364014,0.8264199755699277
18.93,0.627197,0.34668,-0.520752,11.283874,-20.988462,-4.264832,0.8858587611538309
18.94,0.614258,0.34668,-0.526611,18.928528,-18.64624,1.701355,0.8802380690955147
18.95,0.615723,0.336426,-0.533447,22.811888,-27.297972,5.729675,0.8813983027065573
18.96,0.558594,0.34375,-0.570801,30.860899,-44.113155,5.844116,0.8694855380838717
18.97,0.483887,0.318604,-0.597412,40.985104,-64.872742,8.216858,0.8321996367032373
18.98,0.401611,0.322266,-0.631836,47.653194,-82.534782,11.604308,0.8150849654931687
18.99,0.31543,0.332764,-0.648926,53.192135,-91.26281,14.877318,0.794564609123764
19.0,0.344727,0.335693,-0.720947,53.161617,-89.233391,19.889832,0.8667704838000657
19.01,0.481689,0.330322,-0.760742,50.720211,-82.519524,23.475645,0.9590960884963509
19.02,0.572021,0.330811,-0.777344,48.698421,-79.139709,22.811888,1.020248811074044
19.03,0.569092,0.337158,-0.805908,49.041744,-78.819275,23.208616,1.042606793519014
19.04,0.690674,0.332275,-0.900635,44.418331,-69.419861,22.071836,1.1826160210000538
19.05,0.811035,0.309326,-0.99292,29.495237,-42.839046,10.375976,1.3188443698560495
19.06,0.761963,0.334717,-1.077148,8.987427,-28.427122,-0.648498,1.3612020046128348
19.07,0.715088,0.365967,-1.158447,-6.881713,-39.741516,-2.319336,1.4097099505366344
19.08,0.64502,0.384521,-1.210449,-18.348694,-55.3894,-1.312256,1.4244626992104779
19.09,0.573975,0.355225,-1.157471,-27.351377,-62.370296,-3.974914,1.339914630523527
19.1,0.512939,0.325928,-1.039551,-35.430908,-61.431881,-2.670288,1.2041601888893354
19.11,0.378906,0.291504,-0.94751,-37.948608,-54.38995,2.281189,1.0612820261137
19.12,0.339355,0.254639,-0.878174,-42.617794,-37.750244,6.347656,0.9752909363989803
19.13,0.390625,0.232422,-0.843506,-48.164364,-19.187927,10.932921,0.958180697334798
19.14,0.439453,0.217773,-0.825684,-50.598141,-7.4234,14.198302,0.9603635179420342
19.15,0.432617,0.213623,-0.802734,-49.339291,1.899719,17.318726,0.9365757468427206
19.16,0.413818,0.204834,-0.735352,-46.737667,11.619567,23.017881,0.8682999876678567
19.17,0.418213,0.177246,-0.663086,-46.188351,18.249512,29.312132,0.8037420614108732
19.18,0.422607,0.141113,-0.652832,-47.294613,19.226074,32.814026,0.7903791339869746
19.19,0.466064,0.152344,-0.685303,-47.279354,18.52417,32.577515,0.842653278781374
19.2,0.478516,0.195068,-0.679688,-43.464657,23.78845,31.700132,0.8538178167642088
19.21,0.487549,0.219727,-0.639893,-39.909363,33.882141,33.401489,0.833934669730789
19.22,0.554199,0.213135,-0.610352,-40.237423,38.757324,36.697388,0.851523707086303
19.23,0.591064,0.230957,-0.591553,-38.032532,32.501221,37.658691,0.8675440851933693
19.24,0.587402,0.25708,-0.568848,-31.341551,19.958496,36.5448,0.8571576769229802
19.25,0.537354,0.291992,-0.563477,-24.436949,9.07135,36.5448,0.8315737964299982
19.26,0.479736,0.303711,-0.5625,-18.531799,2.532959,39.344788,0.7992454261470628
19.27,0.501709,0.314209,-0.608887,-16.708374,-2.63977,41.28265,0.8492247023791759
19.28,0.514404,0.3396,-0.641846,-11.177062,-8.895874,39.802551,0.8898909612598613
19.29,0.507813,0.343262,-0.674316,-4.364014,-17.021179,38.42926,0.9112655548570899
19.3,0.512451,0.337158,-0.727051,-2.365112,-22.78137,40.451046,0.9512542777648887
19.31,0.534912,0.341064,-0.794922,-2.670288,-26.504515,41.465755,1.017033178379152
19.32,0.581299,0.373535,-0.834229,-3.799438,-30.784605,39.245605,1.08322432952136
19.33,0.60083,0.425781,-0.821289,-5.271911,-41.389462,35.728455,1.1030873811181054
19.34,0.621338,0.481689,-0.800049,-4.142761,-60.783382,31.85272,1.121678922582572
19.35,0.574707,0.534668,-0.752441,1.541138,-79.185486,26.840208,1.0873479041015346
19.36,0.537598,0.5625,-0.712402,4.821777,-89.271538,23.529051,1.0549570935388795
19.37,0.537354,0.583496,-0.751221,4.570007,-91.239922,18.730164,1.0924970911508185
19.38,0.526123,0.578857,-0.830322,4.798889,-84.945671,7.270813,1.1407521471651938
19.39,0.59082,0.580078,-0.913818,0.526428,-72.433472,-6.988525,1.2331350678688853
19.4,0.674561,0.613037,-0.957031,-4.714966,-66.810608,-19.844055,1.3216486829150174
19.41,0.676514,0.641357,-0.941895,-5.081176,-74.363708,-32.470703,1.3252079778925268
19.42,0.621094,0.642334,-0.884033,-2.510071,-88.11187,-40.420528,1.2569268353730856
19.43,0.551025,0.619873,-0.795166,-0.457764,-98.342888,-48.080441,1.1489821818940449
19.44,0.496094,0.574463,-0.678711,2.326965,-105.49926,-55.595394,1.0182168809865608
19.45,0.435791,0.520508,-0.596191,7.568359,-110.801689,-62.58392,0.9034855185480285
19.46,0.322021,0.465088,-0.605469,15.373229,-113.204948,-69.580078,0.8286115387478019
19.47,0.216553,0.407959,-0.688232,22.872923,-107.795708,-75.424194,0.8288480158111015
19.48,0.199707,0.377686,-0.794922,25.978086,-92.811577,-78.926086,0.9024580802059451
19.49,0.206787,0.376221,-0.833496,25.985716,-73.036194,-81.848137,0.9375599640694989
19.5,0.239746,0.386475,-0.864014,25.604246,-56.953426,-80.314629,0.9764022031606647
19.51,0.279541,0.368652,-0.869385,24.398802,-48.988338,-75.889587,0.9848237131639347
19.52,0.325928,0.345215,-0.880371,21.514891,-50.216671,-75.6073,1.0002277515896068
19.53,0.294434,0.326416,-0.881348,22.865294,-57.563778,-76.36261,0.9848924217984419
19.54,0.222168,0.299316,-0.865479,26.420591,-63.980099,-72.341919,0.9423388920770489
19.55,0.161377,0.265625,-0.844238,27.641294,-63.644405,-70.404053,0.8996315787020818
19.56,0.116211,0.240967,-0.79834,28.671263,-55.084225,-68.122864,0.8419719990652896
19.57,0.034912,0.212891,-0.744873,33.676147,-42.892452,-62.141415,0.7754851460563251
19.58,-0.046631,0.185303,-0.723145,39.367676,-27.6947,-54.229733,0.7479641321580868
19.59,-0.068848,0.15332,-0.734619,44.036861,-8.720398,-44.113155,0.7535994590397475
19.6,0.051025,0.131836,-0.769775,44.55566,10.177611,-34.614563,0.7826479618231941
19.61,0.213135,0.152588,-0.807617,43.197628,19.134521,-30.303953,0.8490905986159546
19.62,0.284668,0.17627,-0.833008,44.929501,13.381957,-28.396605,0.8977802131858331
19.63,0.238281,0.17627,-0.842529,46.516415,3.189087,-24.902342,0.8931428014052399
19.64,0.0896,0.1521,-0.837158,47.904964,0.0,-19.165039,0.85556769864459
19.65,0.049316,0.093506,-0.836426,45.425411,8.552551,-8.415222,0.8430800041324666
19.66,0.114502,0.054199,-0.841309,38.673401,21.461485,1.976013,0.8507932023035916
19.67,0.189209,0.047607,-0.955078,33.660889,29.136656,6.477355,0.9748027791374008
19.68,0.369873,0.081299,-1.061279,27.046202,36.750793,7.5531,1.1268223814652425
19.69,0.593994,0.124512,-1.02417,15.876769,40.939327,1.754761,1.1904857408133875
19.7,0.491455,0.20752,-0.947021,16.952515,24.528502,-5.66101,1.0869412780210346
19.71,0.205811,0.213623,-0.827881,26.611326,1.655578,-1.045227,0.8794202090076165
19.72,0.124756,0.201172,-0.813965,24.482725,-1.083374,8.773804,0.8476870025811414
19.73,0.172607,0.195557,-0.826416,18.066406,9.246826,11.413573,0.8666020550137186
19.74,0.294189,0.242676,-0.843262,11.482238,16.456604,9.361267,0.9254888488474617
19.75,0.337402,0.280518,-0.891602,9.773254,14.396667,9.300232,0.9937225892229682
19.76,0.322754,0.293457,-0.949951,11.192321,3.196716,11.802672,1.0453200743150397
19.77,0.331543,0.28418,-0.944336,10.086059,-5.393981,11.146544,1.0404083400977713
19.78,0.35083,0.293945,-0.906494,7.514953,-10.284423,7.30133,1.015488416458307
19.79,0.334961,0.310059,-0.868652,7.987976,-16.586304,2.609253,0.9812704785664348
19.8,0.291992,0.312256,-0.851318,9.567261,-21.408079,-0.892639,0.9526308176434353
19.81,0.277832,0.298828,-0.856934,11.093139,-20.851133,-3.608703,0.9491178399777342
19.82,0.277588,0.293457,-0.848633,13.236999,-17.501831,-6.149292,0.939867052982495
19.83,0.273682,0.28125,-0.825195,18.074036,-15.640258,-9.20105,0.9137560876125532
19.84,0.266113,0.259521,-0.82373,23.277281,-13.511657,-11.787414,0.9037136665504178
19.85,0.237305,0.243896,-0.812012,29.434202,-12.33673,-15.411376,0.8804330809238143
19.86,0.19458,0.227295,-0.816406,35.476685,-14.808654,-17.158508,0.8695074181747962
19.87,0.213135,0.216553,-0.855225,40.252682,-20.782469,-16.593933,0.9075965682278664
19.88,0.22168,0.208252,-0.916504,46.020504,-25.733946,-17.990112,0.9656554768239033
19.89,0.170166,0.196777,-0.993896,51.078793,-23.139952,-20.118711,1.0273786614977947
19.9,0.083252,0.194824,-1.107422,50.003048,-11.062621,-18.074036,1.1275064401430264
19.91,0.052734,0.214111,-1.254883,42.03796,5.294799,-12.367248,1.2741097828546801
19.92,0.0271,0.216064,-1.317627,30.418394,21.827696,-4.325867,1.3354995219860621
19.93,0.062256,0.237061,-1.303223,13.542174,32.203674,3.27301,1.3260708559447343
19.94,0.177979,0.253418,-1.237305,-2.410889,28.381346,8.804321,1.2754688824859666
19.95,0.261963,0.264893,-1.13208,-11.764525,9.422302,10.2005,1.1918045314639478
19.96,0.300049,0.273926,-1.022949,-12.268065,-13.320922,9.45282,1.100676842891682
19.97,0.291016,0.263428,-0.955566,-10.993957,-23.422239,5.447387,1.0330493714222955
19.98,0.286377,0.251465,-0.939697,-12.321471,-20.660398,0.587463,1.014039882925223
19.99,0.266846,0.244141,-0.92627,-14.427184,-10.879516,-1.754761,0.9943780611502852
20.0,0.234375,0.254883,-0.910645,-16.937256,2.227783,-2.952575,0.9742542277757895
20.01,0.177734,0.250488,-0.9021,-18.65387,15.937804,-2.76947,0.9529522668528576
20.02,0.151855,0.222412,-0.850586,-20.698545,26.863096,-1.075745,0.8922015367421197
20.03,0.251709,0.193359,-0.81958,-23.437498,33.203125,0.152588,0.8788950449069559
20.04,0.449463,0.180908,-0.819824,-25.764463,29.228209,-3.379822,0.952289915839184
20.05,0.506348,0.18457,-0.828613,-24.314878,9.712219,-10.337829,0.9884603612553211
20.06,0.37085,0.206299,-0.839111,-17.120361,-17.837524,-16.525269,0.9403171115224906
20.07,0.219482,0.187012,-0.83374,-10.917663,-31.768797,-17.707825,0.8821951167785957
20.08,0.139648,0.156006,-0.823975,-10.795592,-25.634764,-14.98413,0.850161300321886
20.09,0.092773,0.144287,-0.82373,-11.138915,-9.300232,-10.543822,0.8414016168263524
20.1,0.137939,0.153076,-0.829834,-12.893676,4.966736,-5.981445,0.8550344420273372
20.11,0.278076,0.170166,-0.875,-12.916564,5.958557,-3.883362,0.9337599955727381
20.12,0.243896,0.183105,-0.885986,-8.277893,-1.602173,-6.263732,0.9370079466242536
20.13,0.205811,0.207031,-0.860352,-5.882263,-7.476806,-5.569458,0.9085293427215216
20.14,0.195313,0.220215,-0.841309,-5.256652,-10.353087,-3.471374,0.891315122543649
20.15,0.139893,0.230957,-0.820557,-3.257751,-10.780334,-2.342224,0.8638431440643608
20.16,0.070313,0.236328,-0.816162,-1.64032,-7.240295,2.082825,0.8525932510857683
20.17,0.038574,0.224854,-0.842041,-1.876831,-2.105713,7.110595,0.8723991749612101
20.18,0.067383,0.219727,-0.864014,-1.861572,1.89209,11.772155,0.8940585078248514
20.19,0.184326,0.219971,-0.907715,-0.968933,4.66156,14.320373,0.9520030653007374
20.2,0.335693,0.230713,-0.975098,0.595093,4.211426,12.229918,1.0567565416035993
20.21,0.370605,0.234619,-1.017334,1.701355,-0.564575,6.729125,1.1078639847661806
20.22,0.374512,0.234131,-1.050537,-0.297546,-6.340026,1.121521,1.139607191831466
20.23,0.303711,0.243652,-1.063965,-4.135132,-9.101868,-4.768372,1.1329731637819143
20.24,0.191162,0.263184,-1.03418,-8.865356,-7.820129,-7.56073,1.0841296050288454
20.25,0.160645,0.276123,-0.991699,-12.405395,-5.775451,-6.759643,1.0418817753253005
20.26,0.144287,0.269043,-0.935303,-12.016295,-4.837036,-4.837036,0.983867153647788
20.27,0.155029,0.266357,-0.895752,-11.627196,-2.990722,-3.158569,0.9472864866522693
20.28,0.249023,0.274414,-0.921143,-12.184142,-3.387451,-3.990173,0.9928846480704594
20.29,0.310791,0.278564,-0.956787,-11.871337,-7.255554,-7.644653,1.0438535870254986
20.3,0.287109,0.279785,-1.012207,-11.283874,-10.70404,-10.993957,1.0887030058537546
20.31,0.25293,0.283447,-1.01123,-13.359069,-10.231017,-13.031005,1.080232335939357
20.32,0.273193,0.286621,-0.940186,-17.333984,-9.44519,-15.182494,1.0201645590227097
20.33,0.262451,0.276123,-0.899902,-17.478943,-11.947631,-18.997192,0.977214433036066
20.34,0.270264,0.280762,-0.887695,-15.541076,-15.373229,-23.170469,0.9694701353651901
20.35,0.233398,0.310791,-0.881836,-12.016295,-19.485474,-27.412413,0.9636910308708906
20.36,0.203369,0.315918,-0.907959,-10.131835,-22.628782,-29.266356,0.9826254009366947
20.37,0.172363,0.315674,-0.92627,-11.474608,-23.635862,-30.311583,0.9936474178223381
20.38,0.098145,0.310547,-0.90332,-12.191772,-22.125242,-29.243467,0.9602389820424914
20.39,0.047852,0.305176,-0.885498,-13.153075,-18.493652,-26.290892,0.9378320280753905
20.4,-0.007813,0.290283,-0.912842,-13.259887,-13.015746,-22.15576,0.9579174181640085
20.41,-0.089355,0.289063,-0.931885,-13.412475,-5.836486,-15.571593,0.979771089193287
20.42,-0.155762,0.295898,-0.890625,-15.388488,1.182556,-5.126953,0.9513308140037302
20.43,-0.09668,0.27832,-0.836426,-16.563416,5.981445,6.492614,0.8868018370955261
20.44,0.021729,0.249268,-0.77832,-15.083312,9.315491,12.565612,0.817550431267087
20.45,0.21875,0.229492,-0.792969,-12.031554,8.918762,13.961791,0.8540011566297788
20.46,0.378662,0.225586,-0.89502,-9.002686,3.265381,10.284423,0.9976646500903998
20.47,0.337402,0.250488,-1.021973,-6.256103,-3.860473,3.303528,1.1049946427367872
20.48,0.287842,0.279053,-1.077881,-9.140015,-6.591796,-0.62561,1.1500221928006433
20.49,0.253662,0.308105,-1.057129,-15.228271,-6.134033,-3.082275,1.1299534609487243
20.5,0.154053,0.31958,-0.966309,-17.860413,-2.6474,-3.486633,1.0293768924402762
20.51,0.096436,0.315186,-0.8396,-18.325806,3.211975,-1.00708,0.9019813061765748
20.52,0.116943,0.281982,-0.791016,-16.731262,5.073547,2.708435,0.8478772469107778
20.53,0.132568,0.244141,-0.767334,-14.343261,3.234863,3.997802,0.816076326124585
20.54,0.221924,0.239502,-0.870117,-12.321471,-1.571655,4.356384,0.9293627190010368
20.55,0.209473,0.262939,-0.978027,-9.407043,-6.141662,3.791809,1.0341917946778538
20.56,0.201904,0.302979,-1.029785,-9.95636,-5.638122,5.043029,1.092253929213349
20.57,0.179443,0.338379,-0.981934,-13.076781,-0.915527,6.057739,1.0539898093653468
20.58,0.181152,0.361816,-0.890869,-15.068053,3.349304,6.66809,0.9784551293345035
20.59,0.166504,0.366211,-0.852295,-15.411376,4.776001,6.454467,0.942465302046712
20.6,0.077881,0.372314,-0.811768,-13.198852,2.037048,6.225585,0.8964655322883307
20.61,0.019775,0.364258,-0.764893,-10.078429,-0.602722,9.399414,0.8474291962388363
20.62,0.000244,0.324707,-0.735352,-7.019042,0.747681,13.694762,0.8038515156973954
20.63,0.174316,0.26416,-0.7854,-5.722045,3.15094,15.304564,0.8467701774720222
20.64,0.281982,0.244141,-0.900635,-2.006531,-0.915527,11.291503,0.9748138691206644
20.65,0.209229,0.272217,-0.984619,4.165649,-8.94928,6.988525,1.0427624104708608
20.66,0.171631,0.31543,-0.990967,4.394531,-9.712219,6.004333,1.0540250851616388
20.67,0.141846,0.365234,-0.932617,2.120972,-3.715515,5.92041,1.0115782872131056
20.68,0.054443,0.39209,-0.841309,3.677368,6.240844,8.140564,0.9297846212053628
20.69,-0.040039,0.387207,-0.806152,5.355834,20.004272,12.313842,0.8952169734058889
20.7,-0.085938,0.382568,-0.783203,5.104064,33.348083,18.974304,0.8758713111393706
20.71,0.043945,0.368896,-0.738525,4.768372,38.9328,26.275633,0.8267010326992461
20.72,0.165039,0.317871,-0.749268,7.858276,36.376953,30.418394,0.8304711795035394
20.73,0.223633,0.283936,-0.804932,13.46588,30.990599,30.616758,0.8823530446533292
20.74,0.286621,0.269775,-0.871826,16.235352,29.701231,28.45764,0.9565619282315181
20.75,0.274658,0.284912,-0.9021,16.807556,29.96826,24.505613,0.9850869376395162
20.76,0.272705,0.31543,-0.884521,17.204285,31.402586,22.384642,0.9778760153342549
20.77,0.207275,0.341064,-0.868652,17.776489,37.071228,24.009703,0.9559518161628231
20.78,0.1521,0.339844,-0.879883,16.235352,44.387814,26.779173,0.9554174208297648
20.79,0.219482,0.351074,-0.82666,12.573241,48.446651,29.815672,0.9245496511275098
20.8,0.292725,0.347168,-0.793945,14.183043,44.639584,32.546997,0.9146377473480963
20.81,0.22168,0.326172,-0.804443,19.836426,35.980225,31.85272,0.8959122369032583
20.82,0.133301,0.317383,-0.86499,25.161741,33.279419,30.364988,0.9309719788425429
20.83,0.078857,0.291016,-0.826172,25.749205,44.548031,33.226013,0.8794708137789452
20.84,-0.029541,0.27002,-0.695068,23.651121,62.278744,40.039063,0.746259335422345
20.85,0.037598,0.243652,-0.583984,24.856565,81.085197,47.866817,0.6338905417846207
20.86,0.196777,0.183838,-0.621582,28.472898,105.033867,55.068966,0.6774081345075508
20.87,0.362305,0.135498,-0.709717,31.242369,128.616333,57.128902,0.8082838864644031
20.88,0.375244,0.110352,-0.778564,33.317566,147.888184,55.450436,0.8712907238895637
20.89,0.397461,0.134277,-0.80249,35.842896,163.200363,55.107113,0.9055361723034592
20.9,0.446045,0.133301,-0.833008,36.811829,180.763229,56.304928,0.9542681104857271
20.91,0.528076,0.114258,-0.852783,32.974243,198.249802,56.770321,1.0095335543848951
20.92,0.597168,0.122803,-0.881836,27.732847,209.030136,57.090755,1.0720657292950837
20.93,0.537842,0.140381,-0.981445,27.427671,212.997421,59.730526,1.12792514385929
20.94,0.640625,0.088135,-1.138672,17.364502,226.882919,69.374084,1.3094816121022852
20.95,1.027588,0.142822,-0.936768,-8.850098,238.662704,70.381165,1.3978088235706627
20.96,1.296387,0.264404,-0.847412,-18.424988,203.910812,52.551266,1.5711893032760247
20.97,1.258789,0.282471,-0.841309,-8.18634,129.066467,35.835266,1.5401754594340866
20.98,1.218262,0.231201,-0.802734,-2.563476,61.683651,24.574278,1.4771587855748614
20.99,1.131836,0.197998,-0.77002,-5.981445,25.466917,9.490967,1.3831799374267977
21.0,1.017822,0.198242,-0.742676,-11.238097,13.412475,-8.239746,1.2754721303203767
21.01,0.907227,0.177734,-0.661133,-14.266967,13.21411,-19.897461,1.1365505039258044
21.02,0.826904,0.169678,-0.557129,-16.670227,11.550902,-26.283262,1.0114116726343432
21.03,0.763916,0.182861,-0.503174,-14.152526,3.410339,-28.57971,0.9328396832537733
21.04,0.730469,0.154297,-0.461182,-6.088256,-7.026672,-28.503416,0.8775427974144623
21.05,0.696289,0.100342,-0.410889,1.060486,-13.427733,-30.6015,0.8146880745450985
21.06,0.633545,0.070068,-0.395996,6.683349,-13.85498,-32.37915,0.7504009752558961
21.07,0.640137,0.063232,-0.421387,11.917113,-8.94165,-30.46417,0.7689867803558134
21.08,0.685059,0.057861,-0.487549,16.265869,-5.1651,-28.823851,0.8428272398321023
21.09,0.74707,0.024414,-0.55835,19.439697,-5.935668,-30.143736,0.9329867902580401
21.1,0.796143,-0.008301,-0.594727,21.01898,-9.498596,-32.310486,0.9937870936870735
21.11,0.822754,-0.010254,-0.583984,22.163389,-17.456055,-35.53009,1.0089928648350295
21.12,0.798096,0.009033,-0.576416,23.979185,-31.517027,-38.894653,0.9845274121937896
21.13,0.700684,0.033203,-0.623047,27.519224,-49.407955,-39.794922,0.9382153650809605
21.14,0.512207,0.057617,-0.755127,29.869078,-68.382263,-37.719727,0.9142715765389405
21.15,0.398193,0.093994,-0.864502,31.555174,-83.648674,-32.531738,0.9564289023701658
21.16,0.395264,0.13501,-0.890625,29.373167,-82.344048,-27.816771,0.9837043358758769
21.17,0.364258,0.160156,-0.835205,24.620054,-59.814449,-26.30615,0.9251492998024696
21.18,0.434814,0.189209,-0.747803,19.302368,-36.560059,-25.016783,0.88547873327709
21.19,0.479004,0.256104,-0.663574,16.700745,-26.763914,-19.081116,0.8575339901764827
21.2,0.461914,0.319336,-0.603516,16.265869,-27.923582,-10.551452,0.8243613203856669
21.21,0.477783,0.354492,-0.629639,15.632628,-32.867432,-4.272461,0.866248488295362
21.22,0.491943,0.36377,-0.704834,17.555237,-40.229794,-5.867004,0.9333421107530722
21.23,0.381836,0.330566,-0.700195,21.476744,-43.510433,-10.612487,0.8633340311125237
21.24,0.326904,0.313965,-0.70459,23.994444,-42.701717,-8.964539,0.8377871534829119
21.25,0.366455,0.303711,-0.759521,27.984617,-38.963318,-4.463196,0.8963268310092027
21.26,0.424316,0.288574,-0.802734,30.654905,-32.00531,-4.249573,0.9527333814284036
21.27,0.525391,0.253906,-0.882813,29.144285,-25.711058,-5.310058,1.0582356791783198
21.28,0.613281,0.22876,-1.029053,23.567198,-26.93939,-4.776001,1.2195879629489625
21.29,0.667725,0.251953,-1.101807,17.341614,-42.312618,-8.071899,1.3127511779019663
21.3,0.64624,0.276367,-1.071533,13.038634,-65.345764,-14.381408,1.2814787654807238
21.31,0.52417,0.259766,-0.961914,13.259887,-79.803467,-15.11383,1.1258379577239348
21.32,0.426025,0.188965,-0.813232,10.467528,-76.797485,-12.481688,0.9373107049820779
21.33,0.431641,0.165039,-0.707275,6.591796,-66.810608,-11.680602,0.8448607873649955
21.34,0.460449,0.178955,-0.679688,8.766174,-62.522884,-14.007567,0.8402463632590146
21.35,0.476563,0.193848,-0.755127,13.84735,-65.628052,-16.204834,0.9137319772241748
21.36,0.484619,0.217041,-0.823486,16.624451,-74.012756,-18.470764,0.9798426215663412
21.37,0.397217,0.229736,-0.924072,20.38574,-83.778374,-18.707275,1.0317310870420646
21.38,0.327637,0.211182,-0.983398,20.935057,-81.962578,-15.3656,1.0578352741788297
21.39,0.287354,0.193359,-0.975586,15.73944,-66.833496,-10.490417,1.0352429992967833
21.4,0.272949,0.19751,-0.911133,8.773804,-47.157284,-6.095886,0.9714292050324613
21.41,0.298828,0.209473,-0.822266,4.234314,-29.258726,-1.998901,0.8996101856187491
21.42,0.323975,0.211182,-0.758301,4.776001,-15.953063,1.037598,0.8512215013438041
21.43,0.354492,0.196045,-0.698975,8.293152,-4.386902,3.158569,0.8078763956905785
21.44,0.355957,0.198242,-0.706543,11.405944,5.66864,2.235413,0.8156030206307477
21.45,0.366943,0.195068,-0.786377,13.412475,10.688781,1.281738,0.8894309843950794
21.46,0.413818,0.181885,-0.844482,14.648437,12.420653,2.883911,0.9578503738439527
21.47,0.437256,0.165527,-0.850586,16.059875,12.542724,2.738952,0.9706124564732311
21.48,0.444336,0.161133,-0.837402,16.88385,14.503478,2.220154,0.9615822555501947
21.49,0.458496,0.148193,-0.852539,16.273499,19.927979,2.189636,0.979286727054952
21.5,0.475342,0.125,-0.855713,14.053344,26.855467,2.754211,0.9868230618165548
21.51,0.489014,0.115723,-0.820801,10.162353,33.302307,2.098083,0.9624140411101659
21.52,0.485352,0.127686,-0.783936,7.087707,36.933899,1.266479,0.9308200312606084
21.53,0.460449,0.137939,-0.755615,6.713867,39.382935,2.494812,0.89554144379085
21.54,0.428223,0.135742,-0.729004,7.545471,44.326778,5.424499,0.8562988148473638
21.55,0.418701,0.125244,-0.723145,6.91986,51.36108,8.19397,0.844946908368804
21.56,0.482178,0.126221,-0.748047,3.715515,57.739254,11.177062,0.8988891359528159
21.57,0.574951,0.152588,-0.803955,0.450134,58.982845,13.534545,1.0000976913132036
21.58,0.612061,0.172852,-0.86499,-0.190735,55.175777,12.08496,1.073640620377694
21.59,0.606445,0.17041,-0.882324,-0.732422,53.474422,8.720398,1.0841174969075078
21.6,0.583252,0.179688,-0.870117,-2.861023,56.465145,5.935668,1.0628143142322652
21.61,0.542236,0.189697,-0.857422,-3.829956,61.607357,3.837585,1.0320742791044644
21.62,0.488037,0.199219,-0.828125,-3.845215,69.908142,2.76947,0.9816615195447971
21.63,0.456787,0.194336,-0.775879,-4.402161,85.418694,3.166198,0.9210912370150961
21.64,0.490967,0.19043,-0.707031,-5.989074,102.630608,4.547119,0.8815923178828182
21.65,0.574951,0.197266,-0.695313,-8.407593,112.266533,5.043029,0.9235489673677297
21.66,0.582275,0.212402,-0.737305,-8.544922,110.267632,3.761291,0.9632120473987024
21.67,0.571533,0.2146,-0.749756,-6.134033,100.059502,2.01416,0.9668697893847961
21.68,0.574951,0.185303,-0.754883,-4.470825,91.247551,2.563476,0.9668268706955759
21.69,0.549072,0.157715,-0.737305,-4.364014,86.746208,3.234863,0.9327232952135376
21.7,0.571289,0.133057,-0.700439,-5.195617,83.633415,4.417419,0.9136137474288575
21.71,0.570801,0.099609,-0.688477,-5.180358,81.367485,6.912231,0.8998534958597427
21.72,0.567139,0.07251,-0.678223,-5.271911,80.780022,9.246826,0.8870686462444719
21.73,0.593262,0.058838,-0.66333,-7.8125,82.267754,10.57434,0.8918679273233229
21.74,0.637939,0.075928,-0.644287,-11.253356,81.520073,10.31494,0.9098554650459599
21.75,0.696777,0.106934,-0.62915,-11.840819,76.599121,9.44519,0.9448612546744628
21.76,0.736328,0.133301,-0.630859,-11.32965,68.588257,8.491516,0.9787395762234201
21.77,0.742432,0.162109,-0.63916,-11.260985,57.304379,7.232666,0.992980416778196
21.78,0.748535,0.179199,-0.610352,-10.437011,45.043941,7.247924,0.9823168998495343
21.79,0.742432,0.169189,-0.583496,-9.44519,37.124634,7.698059,0.9593215177202062
21.8,0.764404,0.146973,-0.5625,-9.239197,34.034729,7.781982,0.960375337014128
21.81,0.806641,0.121094,-0.543213,-10.32257,32.196045,6.42395,0.980007052569521
21.82,0.838623,0.108887,-0.537842,-12.878417,28.388975,4.478455,1.00220703043932
21.83,0.858398,0.103027,-0.51001,-13.366698,21.934507,1.930237,1.0037788049331386
21.84,0.842773,0.093018,-0.478271,-12.939452,15.518188,-0.717163,0.9734792382449664
21.85,0.804688,0.091309,-0.468018,-12.641906,10.330199,-2.5177,0.9353614056336728
21.86,0.791016,0.099854,-0.480713,-12.138366,3.242492,-2.975464,0.9310006025459919
21.87,0.819336,0.113525,-0.496338,-10.124206,-5.66864,-2.220154,0.9646506190144698
21.88,0.847168,0.121582,-0.543457,-7.67517,-14.183043,-2.998352,1.013815226654739
21.89,0.845703,0.12207,-0.609131,-5.081176,-20.492552,-6.652832,1.0493594352127396
21.9,0.882324,0.121338,-0.662842,-4.859924,-24.42169,-9.941101,1.1102153251437308
21.91,0.896729,0.131348,-0.70752,-7.186889,-26.222227,-13.755797,1.149765083373556
21.92,0.86499,0.162354,-0.734863,-8.94165,-29.304502,-19.210815,1.1465557771800725
21.93,0.806641,0.204346,-0.731445,-8.743286,-31.761168,-22.735594,1.107898361142393
21.94,0.768799,0.214355,-0.70752,-7.781982,-33.401489,-25.062559,1.0665760726858633
21.95,0.767578,0.20874,-0.658936,-8.171082,-36.621094,-27.496336,1.0329303102242668
21.96,0.741211,0.209961,-0.644775,-7.476806,-42.785641,-30.525206,1.0045955249089058
21.97,0.692139,0.213379,-0.678955,-6.996154,-53.077694,-32.89032,0.9927572135154696
21.98,0.702637,0.241943,-0.718506,-7.575988,-67.314148,-33.195496,1.0336759845589911
21.99,0.709961,0.268066,-0.7229,-4.981995,-82.389824,-32.051086,1.0480879790728448
22.0,0.688232,0.272461,-0.720947,0.25177,-97.640984,-32.63855,1.0332777260514232
22.01,0.635986,0.255127,-0.707031,5.249023,-108.093254,-33.218384,0.9846120115487116
22.02,0.582031,0.229736,-0.677734,7.354736,-112.098686,-34.049988,0.9224218608711525
22.03,0.55249,0.224609,-0.653809,6.874084,-111.846916,-34.324646,0.8849636215472363
22.04,0.545654,0.24292,-0.645508,7.057189,-112.609856,-33.721924,0.8794481179580749
22.05,0.543457,0.239258,-0.625732,8.934021,-118.331902,-34.576416,0.8626299538255091
22.06,0.556396,0.202881,-0.612061,8.140564,-130.691528,-36.239624,0.851678270650367
22.07,0.520996,0.199707,-0.65625,8.796692,-144.958496,-35.697937,0.8613848038855805
22.08,0.449707,0.19043,-0.69873,14.282226,-153.343201,-33.729553,0.8524808406345564
22.09,0.393311,0.169434,-0.724121,15.510558,-152.305603,-31.372068,0.8412803609487148
22.1,0.332031,0.198486,-0.771973,12.947082,-143.920898,-29.792784,0.8634718234464863
22.11,0.308594,0.224365,-0.795166,13.877868,-128.593445,-25.222776,0.8819630817766695
22.12,0.302002,0.2229,-0.8125,13.244628,-107.460014,-22.117613,0.8950116580268661
22.13,0.303711,0.225586,-0.836914,9.246826,-84.136955,-16.593933,0.9184522079634847
22.14,0.333008,0.241455,-0.820313,6.072998,-62.164303,-9.864807,0.9176645700134662
22.15,0.350586,0.236572,-0.772949,4.257202,-45.82214,-4.40979,0.8810942124319056
22.16,0.346924,0.218506,-0.726563,2.525329,-35.15625,0.556946,0.834263104051114
22.17,0.337402,0.200928,-0.693115,0.976562,-27.038572,5.279541,0.7966307639132448
22.18,0.333984,0.191895,-0.690674,-0.679016,-18.814087,8.903503,0.7908220896996998
22.19,0.327148,0.191895,-0.696289,-1.678467,-9.971619,12.031554,0.7928857902939112
22.2,0.294678,0.206055,-0.696533,0.083923,-2.670288,15.693664,0.7838698914985828
22.21,0.238525,0.19873,-0.679932,4.096985,6.340026,21.430967,0.7474592384531747
22.22,0.18457,0.178467,-0.656006,7.102966,19.386292,29.113768,0.7044575409668066
22.23,0.142578,0.168945,-0.63623,10.0708,34.873962,36.933899,0.6735425094298058
22.24,0.115479,0.151123,-0.624023,13.542174,52.703854,45.951839,0.6523635988457663
22.25,0.104248,0.122314,-0.602539,16.342163,72.937012,56.129452,0.6236037256311094
22.26,0.136719,0.080322,-0.582764,17.860413,92.14019,66.146851,0.6039516440419712
22.27,0.208984,0.043945,-0.592041,18.371582,107.749931,75.798035,0.6293790757262272
22.28,0.284668,0.026611,-0.605469,18.90564,118.904106,83.328239,0.6695795139533467
22.29,0.328613,0.007813,-0.604248,21.461485,125.877373,88.424675,0.6878685864625597
22.3,0.35083,-0.018311,-0.595215,25.009153,127.487175,93.872063,0.6911569126081284
22.31,0.368896,-0.035889,-0.592529,28.770445,123.64196,99.662773,0.6989012054489533
22.32,0.365479,-0.05127,-0.601563,33.027649,118.591301,105.033867,0.7057489322060643
22.33,0.363525,-0.077637,-0.618164,36.422729,115.653984,111.747734,0.7213214680639972
22.34,0.406494,-0.111572,-0.667236,38.383484,114.517204,119.728081,0.7892335287581237
22.35,0.493896,-0.154541,-0.719971,38.482666,114.227287,127.349846,0.8866647733715375
22.36,0.534912,-0.210205,-0.735107,37.284851,116.180412,132.484436,0.9331126894528871
22.37,0.549316,-0.253174,-0.73877,35.316467,120.643608,135.910034,0.9547912101773874
22.38,0.549072,-0.26001,-0.73291,34.042358,128.585815,141.25061,0.9519676094195643
22.39,0.532715,-0.252441,-0.704102,33.203125,141.563416,148.765564,0.9182980758501021
22.4,0.544434,-0.254395,-0.663574,31.059263,158.508301,156.608582,0.8952405541847397
22.41,0.583252,-0.262939,-0.627197,27.587889,174.118027,164.306625,0.895932971842202
22.42,0.614014,-0.258789,-0.596436,25.321959,182.151779,172.706589,0.8942711226540863
22.43,0.638672,-0.252441,-0.569824,26.420591,183.677658,181.617722,0.8923719925238577
22.44,0.736084,-0.282715,-0.578125,26.397703,183.540329,190.742477,0.9777402220968512
22.45,0.915283,-0.328369,-0.556396,17.974854,182.327255,197.486862,1.1203328429828343
22.46,1.039063,-0.370361,-0.52417,6.683349,172.454819,195.312485,1.2212998719356356
22.47,1.080322,-0.382813,-0.482666,2.098083,148.612976,186.79808,1.243626907158654
22.48,1.039795,-0.373535,-0.449951,4.478455,114.738457,182.662949,1.192961835370688
22.49,0.938965,-0.354248,-0.422363,9.078979,79.803467,184.761032,1.0888238702829764
22.5,0.829346,-0.372314,-0.380859,12.977599,52.490231,187.69072,0.9856399343538187
22.51,0.731934,-0.396484,-0.355713,12.298583,35.03418,187.011703,0.9052395710423843
22.52,0.653809,-0.412598,-0.339844,11.512755,23.79608,186.996445,0.8445100724212826
22.53,0.589355,-0.426514,-0.311523,15.304564,14.312743,193.992599,0.7913912355782062
22.54,0.588867,-0.450684,-0.287598,20.683287,8.178711,202.629074,0.7953571657745971
22.55,0.623291,-0.477539,-0.252197,26.252745,10.032654,209.121689,0.8247050951770579
22.56,0.603027,-0.552979,-0.221924,32.852173,19.607544,210.61705,0.8477485470031784
22.57,0.567871,-0.627197,-0.192627,37.345886,33.309937,211.990341,0.8677319347465552
22.58,0.532471,-0.669678,-0.171875,37.879944,51.330563,218.032822,0.8726597304505348
22.59,0.498779,-0.69458,-0.155762,37.712097,71.388245,227.142319,0.8691856348818703
22.6,0.490723,-0.736328,-0.134521,39.215088,92.170708,235.755905,0.8950328964647054
22.61,0.490479,-0.796631,-0.10791,40.382381,112.04528,242.591843,0.9417192616178136
22.62,0.485352,-0.859375,-0.080078,40.481564,130.317688,247.955307,0.9902042418678078
22.63,0.50293,-0.934814,-0.057129,39.848328,147.705078,249.992355,1.063051984682311
22.64,0.546631,-1.016602,-0.041504,37.239075,163.36821,249.992355,1.1549924928678108
22.65,0.600586,-1.093506,-0.029053,33.241272,175.476059,249.946579,1.2479194654467891
22.66,0.655762,-1.166992,-0.033203,28.70941,184.616074,249.992355,1.339028217744869
22.67,0.739746,-1.251465,-0.031738,22.491453,188.720688,249.992355,1.4540963143426917
22.68,0.841797,-1.306641,-0.036621,13.85498,185.638412,249.992355,1.5547584988450778
22.69,0.920654,-1.32373,-0.031494,7.514953,172.56926,249.076828,1.6127172016978055
22.7,0.93042,-1.322266,-0.007813,5.699157,152.923584,239.311203,1.6168270761355403
22.71,0.940186,-1.308105,-0.030518,2.548218,132.43103,223.106369,1.611216855033797
22.72,0.962891,-1.264893,-0.020996,-3.479004,108.459465,205.459579,1.5898283590834579
22.73,0.918701,-1.184326,-0.015381,-4.730225,78.720093,184.66185,1.4989583639441089
22.74,0.82666,-1.111084,0.006348,2.235413,47.042843,161.018356,1.3848879766103828
22.75,0.734863,-1.063232,0.030273,10.879516,18.684387,135.33783,1.2928272773738958
22.76,0.641602,-1.037109,0.026855,18.241882,-4.447937,109.718315,1.2198235099021497
22.77,0.557861,-1.040039,0.007324,27.076719,-23.880003,86.334221,1.1802303410004336
22.78,0.496094,-1.072754,-0.017822,35.957336,-41.122433,67.344666,1.1820440030032722
22.79,0.454102,-1.097656,-0.042969,41.870113,-59.089657,53.016659,1.188656239499461
22.8,0.425049,-1.106689,-0.060547,46.226498,-79.093933,41.702267,1.187052287951546
22.81,0.41333,-1.101807,-0.062012,51.132198,-98.831169,32.424927,1.1784166675217216
22.82,0.423584,-1.086182,-0.047852,56.335445,-115.028374,24.940489,1.1668352737571828
22.83,0.438721,-1.06543,-0.03833,60.638424,-124.52697,17.448425,1.1528600910956197
22.84,0.455078,-1.041504,-0.030518,63.034054,-127.761833,9.750366,1.1369951259455777
22.85,0.47583,-1.016602,-0.026855,64.476013,-126.632683,2.677917,1.1227711282042303
22.86,0.482422,-0.973145,-0.028076,65.917969,-123.176567,-3.204345,1.0865221759747936
22.87,0.485596,-0.925049,-0.029541,66.543579,-115.531914,-10.154723,1.0451754868432381
22.88,0.509033,-0.910156,-0.033936,66.673279,-102.584831,-19.233704,1.0433840096153477
22.89,0.521729,-0.90625,-0.027588,65.391541,-89.050285,-26.855467,1.0460646775821274
22.9,0.497314,-0.896484,-0.068604,63.362118,-75.630188,-32.432556,1.0274781193134965
22.91,0.422852,-0.887451,-0.148438,60.050961,-59.257504,-37.261963,0.9941865675762271
22.92,0.307373,-0.885986,-0.260498,53.520199,-38.856506,-37.93335,0.9732977762889423
22.93,0.089355,-0.895264,-0.379639,45.81451,-16.319275,-33.157349,0.9765284000181459
22.94,-0.117432,-0.91626,-0.491455,37.193298,6.286621,-19.599915,1.0463511261756255
22.95,-0.203125,-0.977783,-0.632568,26.893614,29.228209,0.1297,1.1821428151192224
22.96,-0.006592,-1.001709,-0.526367,31.921385,2.89154,21.850584,1.131603549762018
22.97,-0.020752,-0.974854,-0.281494,17.211914,-15.449523,23.475645,1.0148940037540866
22.98,-0.070801,-0.879639,-0.2146,-20.011902,5.355834,7.507324,0.9082019114282902
22.99,0.083008,-0.904053,-0.168213,-23.399351,30.647276,6.309509,0.9233080570654628
23.0,0.273193,-0.981201,-0.150635,-21.209715,38.200378,16.601563,1.0296022148747546
23.01,0.4375,-0.981201,-0.180176,-26.81732,15.434264,20.500181,1.0893232042773164
23.02,0.574707,-0.958496,-0.155029,-16.242981,-39.428711,12.786864,1.128289284140375
23.03,0.519043,-0.975586,-0.10376,-2.479553,-96.878044,-2.357483,1.109927843080351
23.04,0.39209,-0.977539,-0.092041,-0.198364,-132.644653,-16.220093,1.057255224769308
23.05,0.314941,-1.002197,-0.085449,2.128601,-146.202087,-20.957945,1.0539868082148847
23.06,0.259766,-1.044434,-0.068115,3.509521,-144.264221,-23.399351,1.0784064207602808
23.07,0.218994,-1.040527,-0.063232,0.038147,-136.436462,-27.259825,1.0652009648836223
23.08,0.190186,-1.020264,-0.057129,-3.028869,-126.335136,-29.098509,1.0394099609552527
23.09,0.18335,-1.01001,-0.047363,-4.165649,-116.485588,-30.288694,1.027609204108741
23.1,0.199219,-0.998291,-0.045654,-4.882813,-109.466545,-30.769346,1.0189982425686515
23.11,0.202148,-0.98999,-0.045898,-4.737854,-104.454033,-30.555723,1.011459658319599
23.12,0.206787,-0.985352,-0.043945,-4.150391,-99.998466,-30.868528,1.007775069297708
23.13,0.216553,-0.97998,-0.038574,-4.524231,-95.901482,-30.387877,1.0043624623038239
23.14,0.229492,-0.964355,-0.030762,-5.599975,-92.842094,-29.266356,0.991762796606628
23.15,0.235596,-0.946045,-0.025635,-5.928039,-92.071526,-28.358458,0.9752762534102838
23.16,0.214355,-0.936768,-0.021484,-5.050659,-92.369072,-26.779173,0.9612200133710285
23.17,0.195313,-0.930176,-0.01416,-4.402161,-91.094963,-24.467466,0.9505656550417756
23.18,0.181885,-0.924805,-0.009033,-4.966736,-87.577812,-21.614073,0.9425646059231165
23.19,0.179199,-0.921143,-0.025635,-6.568908,-83.663933,-18.173218,0.9387618767690772
23.2,0.162842,-0.916016,-0.028076,-7.17163,-80.42907,-14.572143,0.9308013166062885
23.21,0.150635,-0.92627,-0.030518,-6.317138,-76.850891,-10.780334,0.9389346965838467
23.22,0.135254,-0.938721,-0.031494,-5.92041,-71.113586,-6.79779,0.9489376335634497
23.23,0.13208,-0.953125,-0.027588,-5.836486,-62.179562,-3.471374,0.9626284276754972
23.24,0.150146,-0.969238,-0.024658,-6.072998,-51.940914,-1.014709,0.9811086274842353
23.25,0.162109,-0.978027,-0.028076,-6.347656,-43.479916,0.785828,0.9917683209227848
23.26,0.174072,-0.985352,-0.027588,-5.783081,-37.54425,1.045227,1.0009898714932135
23.27,0.181396,-1.001221,-0.03125,-5.050659,-34.385681,1.075745,1.0180002761085087
23.28,0.178711,-1.02124,-0.045166,-4.219055,-33.447266,1.014709,1.0377421291809443
23.29,0.168457,-1.047607,-0.063965,-3.570556,-34.088135,0.839233,1.062990925889304
23.3,0.152832,-1.071289,-0.086914,-3.173828,-35.804749,0.801086,1.085620460907494
23.31,0.135742,-1.08374,-0.114258,-2.990722,-37.651062,0.740051,1.098168096753862
23.32,0.112061,-1.085938,-0.138672,-3.349304,-39.360046,0.778198,1.100476683600793
23.33,0.085693,-1.079102,-0.163574,-3.364563,-40.481564,-0.244141,1.09478804803898
23.34,0.064209,-1.070557,-0.187744,-3.173828,-41.091915,-1.182556,1.088789647023703
23.35,0.036377,-1.058105,-0.206787,-3.005981,-42.259212,-1.38092,1.0787355285346822
23.36,0.007324,-1.042969,-0.227051,-2.426147,-42.961117,-1.907349,1.0674221903904753
23.37,-0.019531,-1.022705,-0.242432,-1.89209,-41.313168,-3.349304,1.0512279731865966
23.38,-0.033447,-1.00293,-0.260254,-2.067566,-36.750793,-5.058288,1.0366867565590872
23.39,-0.038086,-0.984131,-0.266357,-2.510071,-30.815123,-5.958557,1.0202501752050817
23.4,-0.043701,-0.96875,-0.270264,-2.204895,-24.734495,-6.324768,1.0066920927458405
23.41,-0.035156,-0.955566,-0.271729,-1.907349,-19.874573,-6.54602,0.9940719159764047
23.42,-0.027588,-0.947998,-0.272949,-1.808166,-16.654968,-5.828857,0.9868953654511708
23.43,-0.021484,-0.945801,-0.272949,-1.411438,-14.289855,-4.760742,0.984633053709858
23.44,-0.011719,-0.945068,-0.270752,-0.923157,-11.772155,-3.341675,0.9831569076647939
23.45,-0.005371,-0.945801,-0.262207,-0.37384,-7.537841,-1.182556,0.9814891186819138
23.46,0.007568,-0.948486,-0.26001,-0.671387,-1.167297,1.190186,0.9835080919443419
23.47,0.031738,-0.946533,-0.253906,-1.457214,6.187438,3.501892,0.9805102128835782
23.48,0.068115,-0.941406,-0.240234,-1.594543,12.908935,5.081176,0.973959590956935
23.49,0.101074,-0.937256,-0.2229,-1.029968,18.440247,6.088256,0.968684248355469
23.5,0.132324,-0.926758,-0.203613,0.282288,23.246763,6.286621,0.9580439892348367
23.51,0.165527,-0.922852,-0.187744,1.777649,27.488707,5.996704,0.9561918275999853
23.52,0.208984,-0.913086,-0.17749,2.746582,30.96771,5.592346,0.9533640730340115
23.53,0.246582,-0.906494,-0.15918,3.997802,32.577515,5.027771,0.9528233452009874
23.54,0.276367,-0.903076,-0.13623,5.622863,31.486509,3.677368,0.9541926395466483
23.55,0.299561,-0.894775,-0.125244,7.400512,28.160093,1.663208,0.9518640411749989
23.56,0.322998,-0.890137,-0.108643,9.712219,23.254393,-0.63324,0.9531394904325389
23.57,0.343018,-0.889648,-0.091553,12.191772,17.326355,-3.616333,0.957871005948609
23.58,0.367188,-0.889648,-0.078369,14.144897,9.94873,-6.774902,0.9656305149533128
23.59,0.377441,-0.897705,-0.067871,15.731811,0.022888,-9.95636,0.9761877115324695
23.6,0.382324,-0.89502,-0.061279,17.341614,-11.871337,-13.458251,0.9751859090537558
23.61,0.365479,-0.893066,-0.056641,19.706726,-24.612425,-15.281676,0.9666178058974498
23.62,0.340332,-0.890869,-0.05249,21.690367,-36.140442,-17.219543,0.9551066147216236
23.63,0.307129,-0.882324,-0.056641,22.880552,-44.532772,-19.744873,0.9359658468651514
23.64,0.26709,-0.878906,-0.074707,24.032591,-49.59869,-21.591185,0.921625716212932
23.65,0.23999,-0.883301,-0.094971,24.818419,-52.658077,-22.232054,0.9202365715086529
23.66,0.225586,-0.891113,-0.108643,24.826048,-55.52673,-22.201536,0.9256212635921887
23.67,0.216553,-0.903076,-0.124512,24.574278,-59.371944,-22.193907,0.9369870339172255
23.68,0.201904,-0.914551,-0.13623,24.360655,-64.872742,-21.560667,0.9464287451874018
23.69,0.185059,-0.922607,-0.137939,24.566648,-71.113586,-20.317076,0.9510403133679455
23.7,0.162354,-0.93457,-0.140381,24.963377,-77.476501,-18.951416,0.9588987075687401
23.71,0.12915,-0.947998,-0.138672,24.993895,-83.091728,-17.288208,0.9667522195930041
23.72,0.103271,-0.960938,-0.13501,24.993895,-86.959831,-15.815734,0.975855747221381
23.73,0.085449,-0.97998,-0.135254,24.772642,-89.286797,-14.61029,0.9929531592764081
23.74,0.075439,-0.996094,-0.134766,24.452208,-90.393059,-13.336181,1.0079961182033392
23.75,0.067139,-1.016602,-0.137451,24.29962,-90.660088,-13.236999,1.0280467154395272
23.76,0.061035,-1.034668,-0.149902,23.368834,-91.041557,-14.266967,1.04725056746368
23.77,0.039551,-1.041748,-0.154541,21.789549,-93.14727,-14.175414,1.0538909325855308
23.78,0.026367,-1.045898,-0.149414,21.224974,-98.052971,-13.893126,1.056845489411295
23.79,0.012207,-1.050293,-0.138184,21.873472,-103.820793,-14.404296,1.0594145621776208
23.8,-0.006348,-1.051514,-0.134033,22.40753,-107.536308,-15.167235,1.0600409588261201
23.81,-0.030273,-1.044434,-0.130859,21.797178,-107.055656,-15.922545,1.0530350956952954
23.82,-0.052734,-1.03833,-0.136719,20.996092,-101.890556,-17.204285,1.0486191628122195
23.83,-0.042725,-1.04248,-0.149658,19.569397,-92.636101,-18.783569,1.0540339145345372
23.84,-0.013916,-1.050781,-0.155762,16.654968,-82.679741,-20.294188,1.0623540679363919
23.85,0.008301,-1.053223,-0.154297,14.450072,-74.737549,-21.980284,1.0644976085172762
23.86,0.015869,-1.051758,-0.155029,14.900207,-68.626404,-22.804258,1.0632406625811488
23.87,0.004639,-1.056641,-0.151611,15.373229,-61.06567,-22.186277,1.0674725375966352
23.88,0.018799,-1.063232,-0.140137,13.740539,-49.22485,-22.186277,1.0725922184101466
23.89,0.039551,-1.064453,-0.139404,11.749267,-36.972046,-21.530149,1.0742708904303422
23.9,0.062988,-1.057861,-0.135742,10.742187,-25.833128,-21.080015,1.0683928463018646
23.91,0.091064,-1.050049,-0.125244,10.0708,-15.800475,-20.881651,1.0614054899203227
23.92,0.109131,-1.038818,-0.112305,9.429932,-6.79779,-20.202635,1.0505545322875915
23.93,0.117188,-1.024414,-0.10376,9.552002,2.532959,-19.958496,1.0363026625170852
23.94,0.124268,-1.019775,-0.097656,9.544373,15.510558,-19.348145,1.0319497472188266
23.95,0.155273,-1.017334,-0.095459,7.499694,31.684874,-19.332886,1.033533063218589
23.96,0.222412,-1.002441,-0.096191,3.135681,46.882626,-21.331785,1.0313136112289023
23.97,0.292969,-0.974121,-0.101563,0.366211,54.939266,-25.207518,1.0222805879850207
23.98,0.320068,-0.95166,-0.104248,1.487732,53.558346,-28.724669,1.0094394116181515
23.99,0.340332,-0.940918,-0.07666,4.234314,46.371456,-31.936644,1.0035084994896655
24.0,0.326904,-0.937744,-0.052979,6.355285,36.308289,-34.431458,0.9945032977285696
24.01,0.284912,-0.93457,-0.056152,7.980346,23.773191,-35.346985,0.9786465039778153
24.02,0.24707,-0.93335,-0.048828,9.849548,13.519286,-35.003662,0.9667315971788654
24.03,0.233643,-0.926514,-0.036865,10.467528,8.956909,-36.003113,0.9562302399893029
24.04,0.229004,-0.917725,-0.03125,10.215758,8.583069,-37.139893,0.9463818310497091
24.05,0.229004,-0.907471,-0.033936,11.054992,10.711669,-37.071228,0.9365351568163365
24.06,0.249512,-0.906982,-0.031738,11.878966,14.869689,-36.422729,0.9412119246545912
24.07,0.28125,-0.904785,-0.031738,12.382506,18.997192,-35.827637,0.9480214973137475
24.08,0.299561,-0.900635,-0.037109,13.557433,20.484922,-35.415649,0.9498722407918867
24.09,0.298828,-0.889404,-0.037842,15.434264,19.538879,-34.355164,0.939025913254794
24.1,0.297119,-0.871826,-0.0354,17.555237,18.539429,-32.38678,0.9217447772767687
24.11,0.304199,-0.854004,-0.035645,19.706726,18.234253,-30.441282,0.9072653578981179
24.12,0.317871,-0.842041,-0.039795,21.659849,18.562317,-28.45001,0.9009210067186801
24.13,0.34082,-0.82959,-0.041992,23.28491,18.730164,-25.817869,0.8978536454033029
24.14,0.354248,-0.828857,-0.047363,24.917601,16.799927,-21.781919,0.9026288416187463
24.15,0.367432,-0.824219,-0.053223,26.81732,13.557433,-17.654419,0.9039778328664924
24.16,0.372803,-0.841553,-0.050537,28.945921,7.575988,-13.664245,0.9218175074205306
24.17,0.380127,-0.862305,-0.045654,30.395506,-1.358032,-9.300232,0.9434780002045623
24.18,0.375,-0.869873,-0.050781,31.806944,-12.252807,-3.761291,0.9486214978008879
24.19,0.349854,-0.885986,-0.067383,33.988953,-23.223875,1.907349,0.9549395175617146
24.2,0.303467,-0.903809,-0.072998,34.858704,-23.651121,4.852295,0.9561859843011714
24.21,0.297607,-0.915527,-0.075195,32.76062,-9.605408,5.142211,0.965615815012886
24.22,0.344971,-0.906738,-0.088623,28.488157,3.829956,9.529114,0.9741831591718264
24.23,0.379395,-0.911621,-0.101563,27.717588,13.038634,15.190124,0.992627048107697
24.24,0.379883,-0.928711,-0.11377,29.998777,19.363403,18.081665,1.009831088900515
24.25,0.36084,-0.94873,-0.113037,30.799864,31.913755,17.852783,1.0213087103657739
24.26,0.388428,-0.965332,-0.115723,29.151915,49.133297,18.386841,1.0469641799684457
24.27,0.452393,-0.966797,-0.127686,27.000425,61.767574,21.995543,1.0750160837187508
24.28,0.518799,-0.953369,-0.134521,25.543211,62.95013,24.726866,1.0936913421998915
24.29,0.557861,-0.936279,-0.126709,24.787901,52.894588,24.009703,1.09721576357752
24.3,0.59375,-0.912109,-0.11084,23.628233,33.912659,21.873472,1.0939686448801902
24.31,0.592529,-0.893066,-0.106445,22.705076,7.774353,20.523069,1.0770274064395946
24.32,0.565674,-0.881836,-0.096924,23.262022,-20.210264,17.875671,1.0521483103384237
24.33,0.524414,-0.883789,-0.083984,24.246214,-43.228146,15.777587,1.0310898855933948
24.34,0.499512,-0.888184,-0.074219,24.29199,-60.478207,13.130187,1.0217100938920982
24.35,0.480713,-0.88916,-0.066162,24.192808,-70.739746,8.094788,1.012950099567101
24.36,0.461426,-0.891602,-0.058594,25.566099,-74.821472,4.951477,1.005634792912417
24.37,0.440918,-0.897461,-0.055176,26.245115,-74.775696,4.318237,1.0014436180938995
24.38,0.424316,-0.886963,-0.041748,23.780821,-70.43457,2.586365,0.9841190612568176
24.39,0.431152,-0.879883,-0.034912,21.080015,-64.086914,1.220703,0.9804616201244187
24.4,0.441895,-0.875,-0.030762,19.752502,-59.532162,1.190186,0.9807356889952563
24.41,0.44458,-0.874023,-0.027344,18.638611,-56.503292,0.297546,0.980976694557521
24.42,0.440918,-0.876221,-0.022217,17.036438,-53.344723,-0.740051,0.9811551960082564
24.43,0.435303,-0.871338,-0.016113,15.090941,-49.934383,-0.976562,0.9741551420702966
24.44,0.428223,-0.871826,-0.010742,13.47351,-46.874996,-1.304626,0.971375778249077
24.45,0.423828,-0.872803,-0.008057,12.039184,-45.402523,-1.358032,0.9702990083690697
24.46,0.420898,-0.873047,0.000244,11.352538,-46.005245,-0.457764,0.9692090848465051
24.47,0.405029,-0.874023,0.007568,11.428832,-48.072811,0.587463,0.9633389694152313
24.48,0.396729,-0.876221,0.015625,11.825561,-50.72784,1.800537,0.9619777964729748
24.49,0.390137,-0.877197,0.025391,12.443542,-53.466793,2.944946,0.9603781330595778
24.5,0.385254,-0.879639,0.031494,13.031005,-56.27441,3.860473,0.9608211523863325
24.51,0.381836,-0.888916,0.031982,13.824462,-58.723446,5.065917,0.967984108483192
24.52,0.379395,-0.899658,0.036865,14.511107,-60.333248,6.271362,0.9770793781540985
24.53,0.375,-0.910889,0.039307,15.220641,-60.455318,6.912231,0.9858442121197446
24.54,0.372559,-0.926025,0.039307,15.678405,-58.967587,7.087707,0.99893320565241
24.55,0.373779,-0.937256,0.038818,15.556334,-56.472775,7.720947,1.0097853175309095
24.56,0.381592,-0.94873,0.040527,15.464782,-53.955074,8.293152,1.0233980189022256
24.57,0.38916,-0.95752,0.04248,15.647887,-52.223202,8.171082,1.0344537719975697
24.58,0.393311,-0.963379,0.039307,16.151428,-51.498409,7.759094,1.0413153607870194
24.59,0.399414,-0.969238,0.038574,16.708374,-51.567074,7.026672,1.0490194457282478
24.6,0.401367,-0.968262,0.031006,17.448425,-52.070614,5.836486,1.0486124838895443
24.61,0.4021,-0.969238,0.027832,18.280029,-53.016659,4.318237,1.049705354310437
24.62,0.402344,-0.971191,0.02417,19.073486,-53.939816,2.578735,1.0515116935712128
24.63,0.396729,-0.972168,0.02002,19.714355,-54.985043,0.686645,1.0501929918186468
24.64,0.397949,-0.975342,0.012451,20.202635,-55.969234,-1.121521,1.0534754154540105
24.65,0.401855,-0.977783,0.007813,20.683287,-57.075497,-2.830505,1.0571698440094666
24.66,0.401367,-0.974854,0.004639,21.14868,-58.357235,-4.28009,1.0542567573063024
24.67,0.399414,-0.964844,0.003174,21.423338,-59.722897,-5.40924,1.0442535908523372
24.68,0.397705,-0.953369,0.005127,21.766661,-60.958858,-6.759643,1.0330091980786038
24.69,0.399414,-0.943848,0.006104,22.003172,-62.103268,-8.041382,1.0248989459044244
24.7,0.398682,-0.93457,0.004883,22.14813,-63.255306,-9.254456,1.0160670576851707
24.71,0.392578,-0.929199,0.000488,22.163389,-64.476013,-10.543822,1.0087261798074838
24.72,0.388428,-0.924561,-0.006104,22.125242,-65.940857,-11.528014,1.0028592187944427
24.73,0.386475,-0.91626,-0.008789,22.087095,-67.756653,-12.390136,0.9944709949244371
24.74,0.383789,-0.912598,-0.009766,21.965025,-69.404602,-13.069152,0.9900628671357189
24.75,0.380127,-0.911621,-0.010742,21.614073,-70.999146,-13.145446,0.9877574471164468
24.76,0.374756,-0.916992,-0.008301,21.217344,-72.45636,-12.672423,0.9906489258062111
24.77,0.374023,-0.922119,-0.00708,20.820616,-73.730469,-11.756896,0.9951114415431068
24.78,0.374268,-0.925293,0.000977,20.370481,-74.638367,-10.612487,0.9981205469290771
24.79,0.37207,-0.925781,0.007324,19.638062,-75.393677,-9.162903,0.9977776234397121
24.8,0.368164,-0.921143,0.015137,19.180298,-75.72937,-7.446289,0.9921080012347446
24.81,0.371826,-0.912842,0.020264,18.463135,-75.561523,-5.516052,0.9858730754696571
24.82,0.373779,-0.903076,0.023682,17.883301,-75.119019,-3.967285,0.9776593679503102
24.83,0.374268,-0.893311,0.022461,17.524719,-74.958801,-2.845764,0.968806262916379
24.84,0.371582,-0.889404,0.023193,17.318726,-75.004578,-1.968384,0.9641838897165831
24.85,0.369141,-0.88916,0.022949,17.173767,-75.157166,-1.174927,0.9630146624439317
24.86,0.368164,-0.887451,0.024902,16.876221,-75.363159,0.022888,0.9611108770069143
24.87,0.371826,-0.891113,0.030762,16.487122,-76.004028,1.083374,0.9660658640532747
24.88,0.381836,-0.897949,0.035889,16.059875,-77.026367,2.052307,0.9764216086394237
24.89,0.391846,-0.907959,0.036621,15.571593,-78.392029,3.082275,0.9895827055067201
24.9,0.401855,-0.91333,0.040771,15.045165,-80.062866,3.959656,0.9986598041205023
24.91,0.408936,-0.91748,0.041748,14.282226,-81.68792,4.859924,1.0053562045364817
24.92,0.404297,-0.919434,0.041016,13.34381,-82.717888,5.752563,1.0052349261844218
24.93,0.396729,-0.923096,0.037354,11.932372,-82.344048,6.561279,1.005432964435223
24.94,0.392822,-0.922607,0.039307,10.238647,-80.696098,7.04956,1.0035227154290032
24.95,0.391357,-0.915039,0.041748,8.560181,-77.796936,6.866455,0.9960921485856618
24.96,0.387451,-0.907471,0.049316,7.209777,-74.317932,6.202697,0.9879544327032498
24.97,0.387695,-0.904297,0.051025,6.065368,-70.617676,5.142211,0.9852228315761871
24.98,0.387695,-0.911377,0.049805,5.226135,-67.481995,3.700256,0.9916632428294395
24.99,0.385498,-0.918457,0.049316,4.737854,-65.116882,2.349854,0.997298368949333
25.0,0.384033,-0.915527,0.049316,4.173279,-63.400265,0.892639,0.9940337522810783
25.01,0.383545,-0.915527,0.049805,3.65448,-61.668392,-0.785828,0.9938697061380832
25.02,0.387695,-0.921387,0.053955,3.14331,-60.05859,-2.540588,1.0010856900480598
25.03,0.388916,-0.930176,0.057861,2.761841,-58.639523,-4.066467,1.0098667938659038
25.04,0.387695,-0.933594,0.060547,2.6474,-57.319637,-5.622863,1.01270484795423
25.05,0.386719,-0.932129,0.063965,2.319336,-55.77087,-7.324218,1.0111911682896562
25.06,0.385742,-0.930664,0.063232,2.388,-54.473873,-8.827209,1.0094209514786188
25.07,0.383545,-0.933838,0.059814,2.6474,-53.207394,-10.231017,1.0113050439234443
25.08,0.381836,-0.935791,0.059814,2.807617,-51.666256,-11.596679,1.0124629579263629
25.09,0.379639,-0.940186,0.057617,2.960205,-49.888607,-12.901305,1.0155762913764774
25.1,0.375488,-0.942871,0.056396,3.196716,-47.523495,-14.183043,1.0164533779770717
25.11,0.371582,-0.938721,0.056396,3.440857,-44.830318,-15.533446,1.0111630963306562
25.12,0.367676,-0.935303,0.054932,3.784179,-42.015072,-16.891479,1.0064764614281847
25.13,0.363525,-0.940918,0.055176,4.089355,-39.283752,-18.287659,1.0102086414820455
25.14,0.363281,-0.953369,0.056396,4.684448,-36.506653,-19.363403,1.021795500057619
25.15,0.364746,-0.972168,0.057373,5.432128,-33.950806,-19.973755,1.0399240000447147
25.16,0.371094,-1.001221,0.057373,6.210327,-31.555174,-20.530699,1.0693203022509203
25.17,0.373047,-1.022949,0.053955,6.950378,-29.518126,-20.477293,1.0901834078883241
25.18,0.368652,-1.02417,0.051514,7.56073,-27.183531,-20.011902,1.089716558651836
25.19,0.362061,-1.001465,0.048828,7.67517,-24.04022,-19.859314,1.0660227425013034
25.2,0.355225,-0.966064,0.043457,8.209229,-20.111082,-20.370481,1.030219861762527
25.21,0.344238,-0.936768,0.040283,9.19342,-16.38031,-21.690367,0.998827716153792
25.22,0.33667,-0.915771,0.027832,10.650634,-13.267516,-23.727415,0.9760931479961326
25.23,0.332764,-0.898682,0.015381,12.496947,-11.405944,-26.451109,0.9584350744734876
25.24,0.325928,-0.884521,0.007568,14.381408,-10.963439,-29.647825,0.9426896282706202
25.25,0.322021,-0.875244,0.000488,16.235352,-11.650084,-32.501221,0.9326037862463352
25.26,0.325928,-0.866211,0.001709,18.302917,-13.687133,-34.996033,0.9255017441290967
25.27,0.328857,-0.867432,0.002197,20.591734,-16.937256,-37.384033,0.9276799167180456
25.28,0.333252,-0.875977,-0.001953,22.78137,-21.492002,-39.512634,0.9372280481515691
25.29,0.338867,-0.891602,-0.008301,24.681089,-26.771544,-40.77911,0.9538626089191252
25.3,0.338623,-0.90918,-0.015137,26.222227,-32.279968,-41.03088,0.9703107426479417
25.31,0.338135,-0.929688,-0.020996,27.221678,-37.193298,-40.65704,0.9894927425630771
25.32,0.337646,-0.946045,-0.025391,27.458189,-40.763851,-40.458675,1.0048137470307619
25.33,0.329102,-0.958984,-0.027832,27.343748,-42.343136,-39.916992,1.0142647873627477
25.34,0.321533,-0.967773,-0.028076,26.847837,-41.427608,-39.047241,1.020174647496202
25.35,0.319824,-0.9729,-0.026367,25.886534,-38.948059,-37.979126,1.0244593792166676
25.36,0.319336,-0.97168,-0.028564,25.146482,-35.995483,-36.857605,1.0232074107393867
25.37,0.317139,-0.974121,-0.02832,25.123594,-33.622742,-35.636902,1.0248370067293628
25.38,0.311523,-0.970703,-0.032715,25.245665,-32.051086,-34.591675,1.019990767096938
25.39,0.304199,-0.962402,-0.041504,25.566099,-30.700682,-33.432007,1.0101867269079514
25.4,0.302246,-0.956543,-0.045898,25.901793,-29.617308,-32.371521,1.0042080370963977
25.41,0.299316,-0.949463,-0.056885,26.466368,-29.342649,-31.463621,0.997148915383254
25.42,0.293213,-0.937744,-0.072754,27.496336,-29.71649,-30.670164,0.9852059771545238
25.43,0.290771,-0.936768,-0.094482,29.220579,-30.998228,-30.46417,0.9853978427970096
25.44,0.28418,-0.938232,-0.115479,31.532286,-33.508301,-30.204771,0.9871033166112856
25.45,0.298096,-0.928955,-0.202148,34.950256,-41.053768,-29.479979,0.9963344976186461
25.46,0.335693,-0.955078,-0.175781,48.492428,-63.125607,-28.915403,1.0275031563425971
25.47,0.246826,-0.963623,-0.193848,43.80798,-78.636169,-29.937742,1.013444328766509
25.48,0.22876,-0.964355,-0.24707,38.238525,-83.335869,-31.005857,1.021447643555459
25.49,0.263184,-0.985352,-0.252686,41.122433,-91.247551,-25.688169,1.050730506055668
25.5,0.233887,-0.988037,-0.251709,41.114803,-99.464409,-21.850584,1.046077273827799
25.51,0.206055,-0.987061,-0.292969,39.665222,-101.47094,-22.315977,1.0500375782356552
25.52,0.199219,-0.988037,-0.26123,42.533871,-104.049675,-21.423338,1.04122352846543
25.53,0.151855,-0.986816,-0.231445,34.78241,-97.969048,-17.700195,1.0249061161423518
25.54,0.148193,-0.987061,-0.212891,24.116514,-79.38385,-13.778686,1.0205749168243359
25.55,0.19165,-0.980469,-0.176514,15.289306,-60.005184,-7.606506,1.0144980900213663
25.56,0.220215,-0.960693,-0.137451,6.332397,-43.647762,-2.655029,0.995147458357303
25.57,0.246582,-0.9375,-0.114014,-2.777099,-29.518126,0.282288,0.9760676845997925
25.58,0.261719,-0.92041,-0.109375,-9.773254,-17.120361,3.158569,0.9631273507101747
25.59,0.270264,-0.915283,-0.102295,-12.832641,-7.522583,4.127502,0.9598176216396529
25.6,0.294434,-0.905273,-0.106445,-12.626647,-4.997253,5.325317,0.9578836687771641
25.61,0.298584,-0.900879,-0.108398,-8.552551,-9.468079,12.382506,0.9552410711966901
25.62,0.275391,-0.902832,-0.092529,-5.210876,-12.481688,19.40155,0.9484236600517724
25.63,0.255859,-0.9104,-0.090576,-6.027221,-6.660461,22.293089,0.9499978945539826
25.64,0.280518,-0.912354,-0.102539,-8.44574,3.540039,26.008604,0.9599970917461157
25.65,0.313477,-0.911133,-0.098633,-10.604857,11.718749,29.106138,0.968586414269269
25.66,0.337158,-0.908203,-0.101807,-11.322021,15.037536,30.97534,0.9741010581156352
25.67,0.353271,-0.918213,-0.101807,-9.857178,13.587951,32.821655,0.9890804709724077
25.68,0.350098,-0.93457,-0.100098,-8.552551,11.116027,33.64563,1.0030001515991909
25.69,0.348389,-0.942383,-0.105225,-9.33075,10.719298,33.538818,1.0102142914426622
25.7,0.358643,-0.949951,-0.116211,-9.82666,10.238647,33.416748,1.0220257826351544
25.71,0.36792,-0.958252,-0.120361,-10.017395,8.369446,32.897949,1.0334886512318362
25.72,0.371582,-0.961426,-0.120117,-9.82666,4.394531,32.188416,1.0377096076884902
25.73,0.368896,-0.9646,-0.114746,-8.483887,-1.617432,31.059263,1.0390880921904553
25.74,0.356201,-0.956055,-0.114258,-7.202148,-7.850646,29.167173,1.02663294608638
25.75,0.34375,-0.945068,-0.110596,-6.210327,-12.039184,27.473448,1.0117060157674265
25.76,0.330566,-0.941895,-0.103027,-5.66864,-13.381957,25.161741,1.0035211179192993
25.77,0.325684,-0.933594,-0.103271,-6.04248,-12.748717,22.270201,0.9941492464077012
25.78,0.322998,-0.932373,-0.102051,-5.264282,-11.413573,19.210815,0.9919987528893371
25.79,0.323242,-0.933838,-0.098877,-4.501343,-9.750366,16.090393,0.993134161096576
25.8,0.328613,-0.929932,-0.090576,-3.65448,-7.904052,13.435363,0.9904362877888714
25.81,0.326904,-0.921387,-0.084717,-2.861023,-6.652832,11.154174,0.9813242069132911
25.82,0.327148,-0.917725,-0.083252,-1.945495,-4.463196,8.972168,0.977842464322858
25.83,0.334961,-0.91748,-0.079102,-1.167297,-1.937866,7.476806,0.9799109900011327
25.84,0.343994,-0.910889,-0.079346,-1.022339,0.541687,5.599975,0.9769065615876474
25.85,0.358154,-0.907471,-0.083984,-1.235962,2.906799,2.883911,0.9791992727800608
25.86,0.364258,-0.904785,-0.083252,-1.38855,4.898071,0.724792,0.9789027951196175
25.87,0.367432,-0.9021,-0.084961,-1.724243,6.767272,-0.50354,0.9777571560183029
25.88,0.374268,-0.901123,-0.091064,-2.319336,8.483887,-1.808166,0.9799958413427069
25.89,0.388916,-0.894531,-0.09375,-3.341675,9.20105,-3.364563,0.9799134796077662
25.9,0.404053,-0.889404,-0.099854,-3.807068,7.888793,-5.53894,0.9819720583300728
25.91,0.414307,-0.890381,-0.111816,-3.921509,4.890442,-7.850646,0.9883984182838417
25.92,0.431152,-0.89209,-0.12915,-3.90625,0.030518,-9.567261,0.9991978471273846
25.93,0.4375,-0.901367,-0.131836,-2.067566,-7.537841,-10.047912,1.0105688742411374
25.94,0.416992,-0.9021,-0.130371,-0.762939,-14.030456,-10.757445,1.0023289558348596
25.95,0.397949,-0.9021,-0.13501,-0.297546,-17.684937,-11.596679,0.9951761234580541
25.96,0.379395,-0.90332,-0.134766,-0.053406,-18.699646,-11.802672,0.9889840560802787
25.97,0.365234,-0.903809,-0.137451,-0.236511,-17.89093,-12.435912,0.984458917699464
25.98,0.355469,-0.901855,-0.144775,-0.923157,-15.884398,-13.229369,0.9801328744670286
25.99,0.351318,-0.897217,-0.146729,-1.617432,-13.763427,-13.229369,0.9746548525780806
26.0,0.34668,-0.896484,-0.149414,-2.151489,-11.993407,-13.374328,0.972725618071201
26.01,0.341064,-0.895752,-0.149658,-3.005981,-9.895325,-14.076232,0.9700998992701731
26.02,0.338623,-0.89502,-0.146729,-3.814697,-7.659912,-14.686584,0.9681196909318599
26.03,0.338623,-0.895508,-0.145996,-4.348755,-6.492614,-14.411925,0.9684600901477561
26.04,0.333984,-0.891113,-0.14624,-5.1651,-6.072998,-14.808654,0.9628155735264153
26.05,0.324219,-0.886475,-0.143555,-5.851745,-6.16455,-14.663695,0.9547585682312572
26.06,0.312012,-0.885254,-0.139404,-6.629943,-5.386352,-14.259337,0.9489255017523768
26.07,0.302246,-0.884766,-0.138916,-7.263183,-3.684997,-13.740539,0.9452307518950069
26.08,0.294678,-0.884521,-0.140137,-7.446289,-1.51062,-12.649535,0.9427888957205638
26.09,0.290283,-0.886719,-0.139404,-7.606506,1.182556,-11.344909,0.9433813016304702
26.1,0.293945,-0.88916,-0.13916,-7.461547,4.241943,-9.613037,0.9467706555576171
26.11,0.296875,-0.893066,-0.142578,-7.644653,7.446289,-7.698059,0.9518561509309061
26.12,0.302979,-0.891846,-0.142822,-7.751464,10.772704,-5.928039,0.9526718668256138
26.13,0.310059,-0.895752,-0.138916,-7.514953,13.992309,-4.03595,0.9580218598972572
26.14,0.320313,-0.898926,-0.142822,-7.56073,16.990662,-2.403259,0.9649178696288094
26.15,0.331787,-0.900391,-0.142334,-7.362365,19.180298,-1.075745,0.9700750145251655
26.16,0.338379,-0.89917,-0.140625,-7.263183,20.866392,-0.083923,0.9709698384429869
26.17,0.346924,-0.897705,-0.144043,-7.339477,22.453306,0.648498,0.9731284163202717
26.18,0.355713,-0.897949,-0.145508,-7.064819,23.452757,1.182556,0.9767377964602373
26.19,0.365234,-0.903564,-0.149902,-6.454467,23.658751,1.609802,0.9860498904497683
26.2,0.375732,-0.90918,-0.151855,-5.714416,23.399351,1.686096,0.9954108444501697
26.21,0.384033,-0.912109,-0.154053,-5.653381,23.025511,1.63269,1.0015770064148837
26.22,0.391602,-0.911865,-0.154541,-5.889892,22.27783,1.243591,1.0043569212735082
26.23,0.4021,-0.908447,-0.151123,-5.836486,20.721434,0.648498,1.004887318527804
26.24,0.406006,-0.908447,-0.145508,-5.508422,17.76123,0.404358,1.005628858928084
26.25,0.397949,-0.903809,-0.145508,-5.302429,13.359069,0.1297,0.9982017296849369
26.26,0.379639,-0.899414,-0.144043,-4.943848,9.605408,0.076294,0.9868230335607292
26.27,0.366455,-0.900879,-0.141602,-4.669189,7.270813,0.297546,0.9828140038023471
26.28,0.352295,-0.900146,-0.140625,-4.669189,5.91278,0.465393,0.9768060088707481
26.29,0.343262,-0.899414,-0.138916,-4.905701,5.340576,0.495911,0.9726623253195326
26.3,0.331787,-0.900391,-0.139893,-4.974365,5.134582,0.793457,0.9697198655792302
26.31,0.324707,-0.907227,-0.143311,-4.806519,5.096435,1.495361,0.9741835084310349
26.32,0.317383,-0.912842,-0.145752,-5.264282,5.592346,2.502441,0.9773720535993446
26.33,0.317139,-0.916504,-0.15625,-6.080627,6.744384,3.425598,0.9823292675254056
26.34,0.322266,-0.918213,-0.161621,-6.91986,8.171082,4.333496,0.9864541731707561
26.35,0.325195,-0.915527,-0.165283,-7.789611,9.735107,5.256652,0.9855252131949744
26.36,0.32666,-0.914063,-0.172119,-8.850098,12.283324,5.928039,0.9858209136197101
26.37,0.327637,-0.91333,-0.178223,-9.872437,16.326904,6.729125,0.9865501155025019
26.38,0.328613,-0.916504,-0.181396,-10.879516,21.339415,8.18634,0.990389112723378
26.39,0.337891,-0.916992,-0.188232,-11.474608,26.237486,10.009766,0.995226578106212
26.4,0.348633,-0.906494,-0.193604,-12.222289,29.136656,11.032104,0.9903326963909653
26.41,0.354248,-0.898193,-0.192871,-12.672423,30.2124,10.383605,0.9846022208963374
26.42,0.352539,-0.899902,-0.191162,-12.733459,30.487059,9.910583,0.9852158476034579
26.43,0.353516,-0.901855,-0.193115,-13.450622,30.84564,9.513855,0.9877294196823339
26.44,0.354248,-0.901855,-0.194824,-13.633727,31.059263,8.781433,0.98832711057878
26.45,0.355713,-0.910889,-0.194092,-13.740539,31.074522,8.422852,0.9969564750549544
26.46,0.356445,-0.917725,-0.192627,-14.35089,31.10504,8.300781,1.003183619672391
26.47,0.356445,-0.92334,-0.189697,-14.98413,31.318663,8.499146,1.0077672079572744
26.48,0.359619,-0.927734,-0.188965,-15.922545,31.646727,8.666992,1.0127803173156555
26.49,0.359863,-0.932861,-0.1875,-17.044067,32.852173,8.972168,1.0172940941979365
26.5,0.36084,-0.937012,-0.183838,-18.371582,34.996033,9.407043,1.0207807815530228
26.51,0.365723,-0.934326,-0.181885,-19.14978,36.315918,9.910583,1.019706104831191
26.52,0.371582,-0.923096,-0.180176,-19.90509,36.193848,10.139464,1.0112580278623255
26.53,0.37085,-0.914795,-0.176025,-20.446775,34.675598,10.101317,1.0026786200722544
26.54,0.364746,-0.908691,-0.172119,-20.759581,32.714844,10.147094,0.9941749987592727
26.55,0.357422,-0.908936,-0.16333,-21.034239,31.410215,10.246276,0.9902483663606823
26.56,0.354004,-0.903564,-0.155029,-21.835325,31.501768,10.627746,0.982741433416237
26.57,0.354492,-0.902588,-0.150879,-22.773741,32.699585,10.498046,0.9813736028898474
26.58,0.352539,-0.897461,-0.14917,-23.895262,34.317017,10.238647,0.9756903617142069
26.59,0.356445,-0.898926,-0.144531,-24.604795,35.720825,10.147094,0.9777577417039458
26.6,0.354736,-0.895996,-0.140381,-25.123594,36.750793,9.864807,0.9738343220861545
26.61,0.350586,-0.894287,-0.133545,-25.482176,38.002014,9.33075,0.9697907242235307
26.62,0.349854,-0.894043,-0.125977,-25.81024,39.1922,8.811951,0.9682876182694892
26.63,0.35083,-0.896484,-0.11792,-25.55847,39.871216,8.087158,0.9698816306931479
26.64,0.344482,-0.899414,-0.111572,-25.543211,40.931698,7.987976,0.9695677918041626
26.65,0.347656,-0.902588,-0.10376,-24.55139,41.65649,7.80487,0.9727774307003632
26.66,0.341064,-0.902832,-0.096924,-24.177549,42.259212,7.904052,0.9699610992694501
26.67,0.343018,-0.908936,-0.091553,-24.070738,43.693539,7.141113,0.9758114327209945
26.68,0.348877,-0.905518,-0.091553,-24.284361,45.288082,6.67572,0.9747101934739373
26.69,0.349609,-0.909424,-0.090088,-23.384092,46.257015,6.362915,0.9784652842083873
26.7,0.353027,-0.920898,-0.087891,-22.422789,46.95892,5.676269,0.9901545419852398
26.71,0.358398,-0.920654,-0.084229,-21.675108,47.660824,6.393432,0.9915379158463886
26.72,0.354004,-0.918457,-0.084717,-21.430967,48.797604,7.850646,0.987957014729892
26.73,0.354004,-0.913086,-0.086426,-21.156309,50.010677,7.133483,0.9831146061818021
26.74,0.358154,-0.911865,-0.081299,-20.256041,51.635738,6.965637,0.9830470961973287
26.75,0.364258,-0.910156,-0.082275,-19.706726,52.093502,7.438659,0.9837870758070569
26.76,0.371582,-0.905762,-0.080322,-18.64624,50.544735,7.186889,0.9823083054988387
26.77,0.365479,-0.894531,-0.08374,-17.784119,48.21014,7.095336,0.9699345323278267
26.78,0.358643,-0.885742,-0.086182,-17.425537,46.348568,7.949829,0.9594743504320478
26.79,0.366211,-0.887695,-0.085449,-17.036438,45.509335,8.422852,0.964061430172891
26.8,0.373535,-0.884277,-0.082275,-16.403198,43.769833,8.735657,0.9634538829539274
26.81,0.368652,-0.872803,-0.079346,-15.953063,40.672298,8.453369,0.9507813427013595
26.82,0.367188,-0.873047,-0.073975,-15.335082,38.665771,8.705139,0.9500054695516231
26.83,0.378174,-0.873047,-0.06958,-14.587401,35.850525,8.834839,0.9539748502371538
26.84,0.368652,-0.871826,-0.068359,-13.946532,32.981873,9.231567,0.9490299385483052
26.85,0.373535,-0.88623,-0.067139,-12.985229,29.762266,9.811401,0.9640745066881501
26.86,0.360596,-0.878418,-0.065674,-12.443542,26.466368,10.917663,0.9518196952238381
26.87,0.36377,-0.87915,-0.070557,-12.21466,25.016783,12.123107,0.9540501169482659
26.88,0.37793,-0.89209,-0.068115,-11.993407,24.16992,13.923644,0.971233909120249
26.89,0.384033,-0.896973,-0.069092,-12.031554,21.530149,14.846801,0.9781695212395447
26.9,0.36499,-0.896729,-0.066162,-11.322021,19.424438,16.273499,0.970421562922527
26.91,0.374512,-0.912842,-0.062744,-11.528014,20.256041,17.76123,0.9886741448242692
26.92,0.374023,-0.918701,-0.062988,-12.115478,20.63751,18.959045,0.993917612317037
26.93,0.369873,-0.922607,-0.062988,-12.20703,20.599363,20.355223,0.9959805222603503
26.94,0.381836,-0.931152,-0.054443,-12.268065,21.110533,21.89636,1.00787242161347
26.95,0.372803,-0.929932,-0.057373,-12.451171,20.660398,22.834776,1.0035174450710858
26.96,0.370605,-0.930908,-0.056885,-12.489318,22.178648,24.017332,1.0035804271277913
26.97,0.38916,-0.935059,-0.058838,-13.000487,24.612425,25.05493,1.014516017283611
26.98,0.393066,-0.931396,-0.062012,-12.809752,23.53668,24.818419,1.0128400057837368
26.99,0.370361,-0.920898,-0.060791,-12.222289,22.743223,24.810789,0.99444252845803
27.0,0.374268,-0.920654,-0.060059,-12.298583,25.314329,25.108335,0.9956341732890651
27.01,0.379395,-0.92041,-0.060059,-12.397765,28.091429,24.650572,0.9973475911666905
27.02,0.376709,-0.916016,-0.058594,-12.161254,29.663084,23.468016,0.992183571610113
27.03,0.389648,-0.916992,-0.054199,-11.550902,30.616758,22.338865,0.9978163275718633
27.04,0.374023,-0.913818,-0.057129,-10.82611,29.510496,20.729063,0.9890501828997355
27.05,0.371338,-0.918457,-0.057861,-10.238647,31.837461,19.813538,0.992372443397135
27.06,0.388184,-0.912354,-0.057617,-9.925842,33.691406,18.882751,0.9931748878525877
27.07,0.381836,-0.908447,-0.062012,-9.376526,34.141541,17.745972,0.9873804590171916
27.08,0.393555,-0.913086,-0.061035,-8.201599,33.927917,16.616821,0.9961610575835615
27.09,0.384766,-0.912354,-0.061035,-7.255554,32.875061,15.457152,0.9920483694341723
27.1,0.390869,-0.906006,-0.060547,-6.29425,33.065796,14.663695,0.9885804906055955
27.11,0.38916,-0.902832,-0.060547,-5.111694,32.180786,13.877868,0.984995972089734
27.12,0.387207,-0.900146,-0.062744,-4.394531,31.921385,12.802123,0.9819006526634964
27.13,0.392334,-0.899658,-0.064209,-3.501892,31.501768,12.527465,0.9835818624806987
27.14,0.390625,-0.904053,-0.064453,-2.700805,31.799314,12.474059,0.986941693638991
27.15,0.399902,-0.898926,-0.068604,-2.27356,32.844543,12.359618,0.9862535535530405
27.16,0.409912,-0.89917,-0.078613,-1.564026,33.096313,11.604308,0.9913195954953176
27.17,0.412109,-0.894775,-0.084717,-1.243591,32.798767,10.742187,0.9887533052258283
27.18,0.415527,-0.891357,-0.088135,-0.846863,31.669615,10.055541,0.9873944335487211
27.19,0.408691,-0.896973,-0.091553,0.030518,29.609678,9.742737,0.9899347695777737
27.2,0.397705,-0.898926,-0.097656,-0.236511,29.945372,9.742737,0.9878126921825817
27.21,0.40625,-0.898438,-0.098389,-0.778198,31.906126,9.895325,0.9909138699528834
27.22,0.424561,-0.900879,-0.098145,-0.938415,32.455444,9.246826,1.000733459212292
27.23,0.429199,-0.9021,-0.103516,-0.541687,29.96063,8.270264,1.0043464311964274
27.24,0.420654,-0.903076,-0.106201,-0.358582,27.488707,8.148193,1.0018855732532532
27.25,0.426025,-0.904541,-0.109131,-0.320435,25.421141,7.690429,1.0057839213603488
27.26,0.423096,-0.904785,-0.112549,-0.282288,23.483274,7.125854,1.0051434717700751
27.27,0.424561,-0.905518,-0.118408,-0.221252,21.965025,6.347656,1.0070925208286476
27.28,0.431396,-0.906494,-0.120605,-0.244141,20.408628,4.966736,1.0111278093678366
27.29,0.43335,-0.906738,-0.12207,-0.213623,18.058777,3.410339,1.0123572037793775
27.3,0.432861,-0.905762,-0.123047,0.114441,14.541625,1.808166,1.0113921149455338
27.31,0.43042,-0.90625,-0.121826,0.640869,10.437011,0.289917,1.010639408085792
27.32,0.431885,-0.909668,-0.118408,1.190186,5.462646,-1.342773,1.0139235562472153
27.33,0.429688,-0.909912,-0.112549,1.88446,-0.732422,-2.914428,1.0125408152212927
27.34,0.42334,-0.906738,-0.104736,2.578735,-7.629394,-4.165649,1.0061611133113821
27.35,0.409912,-0.906738,-0.101563,3.433227,-13.557433,-5.218505,1.0002583123158737
27.36,0.393799,-0.909668,-0.095459,4.203796,-18.363953,-6.034851,0.9958342951043613
27.37,0.382568,-0.908936,-0.08667,4.867554,-21.713255,-6.67572,0.9899669770350928
27.38,0.373535,-0.907227,-0.077637,5.378723,-23.887632,-7.331848,0.984183280452884
27.39,0.363037,-0.903809,-0.070801,6.04248,-25.367735,-7.987976,0.9765650789635067
27.4,0.35791,-0.901123,-0.064209,6.851196,-26.336668,-8.308411,0.9717227098869307
27.41,0.354004,-0.900146,-0.060791,7.347106,-27.130125,-8.529663,0.9691631436517796
27.42,0.3479,-0.900635,-0.056152,8.148193,-27.801512,-8.995056,0.9671250489616118
27.43,0.343262,-0.905273,-0.054443,8.987427,-28.015135,-9.300232,0.9696968832691998
27.44,0.343262,-0.906982,-0.057617,9.521484,-27.633665,-9.498596,0.9714756135163661
27.45,0.340088,-0.908936,-0.055908,9.727478,-27.046202,-9.811401,0.9720854922814145
27.46,0.339111,-0.910645,-0.052002,9.895325,-26.268003,-10.116576,0.9731262992798005
27.47,0.335205,-0.912598,-0.054443,9.994507,-25.42877,-10.406493,0.973735868640978
27.48,0.332031,-0.916748,-0.056885,10.154723,-24.337767,-10.681151,0.9766818231594155
27.49,0.331543,-0.921875,-0.056641,10.147094,-23.28491,-10.772704,0.9813167069580544
27.5,0.331055,-0.93042,-0.053467,10.276793,-22.506712,-10.505675,0.9890083465340422
27.51,0.326416,-0.937744,-0.056396,10.81848,-21.751402,-10.0708,0.9945309062105612
27.52,0.324707,-0.938721,-0.058838,11.062621,-20.713804,-9.666443,0.9950345028862064
27.53,0.325684,-0.937744,-0.065674,11.161803,-19.721985,-8.911133,0.9948602674084437
27.54,0.321533,-0.934082,-0.070557,11.192321,-18.707275,-8.224487,0.9903892886446217
27.55,0.31665,-0.92749,-0.078369,11.215209,-17.341614,-7.667541,0.983181886916658
27.56,0.3125,-0.93042,-0.09375,12.184142,-15.647887,-7.202148,0.9859648517568971
27.57,0.308105,-0.935791,-0.089111,13.694762,-13.992309,-6.759643,0.9892291226136644
27.58,0.311035,-0.918213,-0.095703,12.039184,-12.763976,-6.210327,0.9741750093299457
27.59,0.313477,-0.915527,-0.099854,11.566161,-12.252807,-5.615234,0.972845485456966
27.6,0.314209,-0.923096,-0.094727,11.390685,-11.940001,-4.844666,0.9796972621305012
27.61,0.318604,-0.922119,-0.093994,10.650634,-11.405944,-3.921509,0.9801259260998049
27.62,0.323975,-0.922852,-0.094727,10.208129,-11.314391,-2.89917,0.9826437905253358
27.63,0.327637,-0.919434,-0.092285,10.093688,-11.878966,-1.869202,0.9804189947925326
27.64,0.333496,-0.91748,-0.089111,9.963989,-12.901305,-0.648498,0.980270321256846
27.65,0.338867,-0.917725,-0.086914,9.872437,-14.320373,0.579834,0.9821425877692098
27.66,0.341553,-0.914551,-0.082275,9.735107,-16.25061,1.533508,0.9797097320303602
27.67,0.345459,-0.917236,-0.079346,9.681702,-18.028259,2.174377,0.9833410334634675
27.68,0.344482,-0.91748,-0.073242,9.681702,-19.119263,2.883911,0.9827521504875987
27.69,0.345947,-0.918701,-0.066162,9.979248,-19.996643,3.448486,0.9839046012973005
27.7,0.351807,-0.920654,-0.061523,10.017395,-20.690916,3.845215,0.9875003961994142
27.71,0.354492,-0.92334,-0.058594,10.459899,-21.621702,4.203796,0.9907848356227502
27.72,0.353027,-0.921387,-0.05127,10.787963,-22.857664,4.440308,0.9880337440583696
27.73,0.348633,-0.919189,-0.054688,10.902404,-23.719786,4.623413,0.984603556642977
27.74,0.348145,-0.918701,-0.056152,11.291503,-24.055479,4.936218,0.9840576789650086
27.75,0.349121,-0.92041,-0.057861,11.566161,-23.956297,5.027771,0.9860973258568344
27.76,0.350098,-0.922607,-0.059082,11.978148,-24.147032,4.943848,0.9885661175546125
27.77,0.352051,-0.929199,-0.059082,12.741088,-24.29199,5.058288,0.9954101521111788
27.78,0.354248,-0.929932,-0.05957,13.015746,-24.276731,5.180358,0.9969020789566043
27.79,0.360596,-0.940674,-0.064209,13.397216,-24.681089,5.027771,1.0094651282600107
27.8,0.362793,-0.947021,-0.063721,13.900756,-25.856016,4.91333,1.016133800801351
27.81,0.359375,-0.943115,-0.068115,14.053344,-27.19879,5.027771,1.0115611435177807
27.82,0.360107,-0.939209,-0.072998,14.396667,-28.617857,5.096435,1.0085233289983926
27.83,0.357666,-0.936035,-0.078369,14.549254,-30.395506,4.806519,1.0051010839423067
27.84,0.351318,-0.935547,-0.081543,14.465331,-31.753538,4.402161,1.0026573628024682
27.85,0.347412,-0.936768,-0.083008,14.404296,-32.699585,3.875732,1.0025565877455498
27.86,0.342285,-0.935303,-0.083252,13.771056,-32.814026,3.501892,0.9994406528343742
27.87,0.342041,-0.936768,-0.081543,13.236999,-32.691956,2.838135,1.0005876235262956
27.88,0.34082,-0.944824,-0.08252,13.656615,-33.027649,2.113342,1.0077996893113235
27.89,0.341064,-0.946289,-0.083252,13.572692,-33.821106,1.831055,1.009315817334198
27.9,0.336426,-0.943848,-0.084473,12.985229,-34.446716,1.502991,1.0055680923284112
27.91,0.332031,-0.945068,-0.086182,12.306212,-34.477234,1.12915,1.0053981533248406
27.92,0.333252,-0.948242,-0.085938,11.573791,-34.065247,0.747681,1.0087641577256796
27.93,0.331055,-0.948975,-0.08374,11.169433,-33.912659,0.679016,1.0085451656966087
27.94,0.327148,-0.946777,-0.082764,10.719298,-33.683777,0.289917,1.0051180932253683
27.95,0.322754,-0.943359,-0.07959,10.406493,-33.149719,0.076294,1.000215434542479
27.96,0.317871,-0.939209,-0.077637,9.910583,-32.348633,-0.38147,0.9945768055263504
27.97,0.316406,-0.9375,-0.074463,9.605408,-31.501768,-0.709534,0.9922518557327067
27.98,0.313721,-0.932373,-0.074463,9.231567,-30.685423,-1.091003,0.9865520844532234
27.99,0.309814,-0.93457,-0.073242,9.239197,-30.403135,-1.449585,0.9873045072620705
28.0,0.306152,-0.938232,-0.071289,9.185791,-30.311583,-1.693725,0.9894899971444885
28.01,0.303711,-0.937744,-0.073486,9.07135,-30.250547,-1.907349,0.9884353156646114
28.02,0.295654,-0.937744,-0.069336,9.056091,-30.563353,-1.976013,0.9856888850687117
28.03,0.289063,-0.935791,-0.07251,8.895874,-30.570982,-1.968384,0.9820997473525793
28.04,0.28418,-0.932373,-0.07251,8.979797,-30.197142,-1.670837,0.9774125964141244
28.05,0.28833,-0.935059,-0.068115,9.19342,-30.128477,-1.190186,0.9808716407389909
28.06,0.290283,-0.938721,-0.071045,9.475708,-30.410765,-0.915527,0.9851440138147316
28.07,0.2854,-0.937744,-0.072266,9.757996,-30.830381,-0.259399,0.9828730051700474
28.08,0.286865,-0.937256,-0.071533,9.628296,-31.524656,0.480652,0.9827803965535739
28.09,0.287109,-0.932617,-0.075928,9.933472,-32.653809,1.205444,0.978759984753157
28.1,0.286377,-0.929443,-0.082275,10.581969,-33.27179,1.907349,0.9760354768157764
28.11,0.287354,-0.933105,-0.087402,10.536193,-32.615662,1.983642,0.9802532182783181
28.12,0.287109,-0.934082,-0.088135,10.375976,-30.921934,2.059937,0.9811771189902463
28.13,0.290771,-0.93457,-0.087646,10.169982,-29.640196,2.388,0.9826752671442383
28.14,0.291016,-0.93335,-0.091553,9.887695,-28.785704,2.502441,0.9819442380120167
28.15,0.29248,-0.934326,-0.087646,9.620667,-28.282164,2.39563,0.9829503781941386
28.16,0.293457,-0.933838,-0.09082,9.437561,-27.763365,2.082825,0.9830659659926184
28.17,0.291504,-0.934082,-0.092041,8.987427,-27.19879,1.777649,0.9828302551412424
28.18,0.29126,-0.935059,-0.091064,8.644104,-26.489256,1.441955,0.9835956349928562
28.19,0.291992,-0.935791,-0.089111,8.232117,-25.520323,0.816345,0.9843296673706428
28.2,0.295654,-0.937012,-0.088135,7.888793,-24.55139,0.160217,0.9864940719968873
28.21,0.299316,-0.939697,-0.088135,7.522583,-23.902891,-0.656128,0.9901455942890419
28.22,0.300293,-0.945068,-0.084473,7.263183,-23.513792,-1.502991,0.9952211303032105
28.23,0.296143,-0.94873,-0.08252,7.217407,-22.987364,-2.227783,0.9972957634267781
28.24,0.29541,-0.943359,-0.083496,7.057189,-22.354124,-2.89917,0.9920508318614525
28.25,0.29541,-0.939941,-0.081055,6.866455,-22.209166,-3.540039,0.9885980298412494
28.26,0.287842,-0.94043,-0.085205,6.91986,-22.14813,-4.325867,0.9871785521824307
28.27,0.283203,-0.941406,-0.084473,6.828308,-21.591185,-5.111694,0.9867040507538215
28.28,0.279785,-0.940186,-0.08374,6.614685,-20.942686,-5.630493,0.9845007610058003
28.29,0.273438,-0.938721,-0.081299,6.538391,-20.423887,-6.141662,0.9811090576923648
28.3,0.274902,-0.937256,-0.082764,6.652832,-20.271299,-6.355285,0.9802396639781518
28.31,0.270752,-0.939941,-0.080811,6.736755,-20.149229,-6.408691,0.981491796555631
28.32,0.270508,-0.942627,-0.076172,6.698608,-19.737244,-6.225585,0.9836271716341513
28.33,0.275879,-0.950684,-0.077637,6.813049,-19.454956,-5.851745,0.992943500037137
28.34,0.281738,-0.956055,-0.077393,7.087707,-20.309446,-5.523681,0.9997035261106164
28.35,0.277588,-0.953613,-0.07959,7.453918,-22.003172,-4.852295,0.9963771472755686
28.36,0.270752,-0.950195,-0.085938,7.606506,-22.750853,-4.28772,0.9917472073935979
28.37,0.27124,-0.949219,-0.087891,7.568359,-22.499083,-3.700256,0.9911168828357229
28.38,0.268799,-0.94751,-0.092285,7.385253,-21.629332,-3.166198,0.9892141445238235
28.39,0.265625,-0.946533,-0.093262,7.194519,-21.087645,-2.746582,0.987511600619456
28.4,0.26416,-0.943359,-0.091553,6.988525,-20.881651,-2.311707,0.9839149659853741
28.41,0.257324,-0.940674,-0.087891,6.553649,-20.812986,-2.052307,0.9791874402447164
28.42,0.249023,-0.940186,-0.083984,5.958557,-21.598814,-1.419067,0.9762251181879106
28.43,0.250488,-0.945313,-0.087646,5.943298,-22.636412,-0.282288,0.9818567754153352
28.44,0.259033,-0.945313,-0.093262,6.065368,-23.559568,0.068665,0.9845875094180303
28.45,0.270752,-0.942871,-0.096191,6.095886,-24.017332,-0.274658,0.985680007216338
28.46,0.269531,-0.943604,-0.103271,6.469726,-23.03314,-0.427246,0.986762569323543
28.47,0.273193,-0.94873,-0.103271,6.561279,-21.064756,-0.656128,0.9926670779218982
28.48,0.276367,-0.953369,-0.104004,6.080627,-18.951416,-1.25885,0.9980521032821884
28.49,0.274658,-0.95874,-0.10498,5.706787,-18.203735,-1.579285,1.0028161371677262
28.5,0.274902,-0.958008,-0.106934,5.241394,-18.295288,-1.174927,1.0023898034317789
28.51,0.269043,-0.956787,-0.105469,5.111694,-18.257141,-0.991821,0.9994744664967685
28.52,0.266357,-0.952637,-0.097168,4.959106,-18.058777,-0.930786,0.9939340649369052
28.53,0.266113,-0.952393,-0.095459,4.806519,-17.356873,-0.831604,0.9934691620271865
28.54,0.264893,-0.953125,-0.095703,4.447937,-16.281128,-1.052856,0.9938685181063942
28.55,0.264404,-0.952148,-0.094482,4.341125,-15.327453,-1.281738,0.9926843090549986
28.56,0.266846,-0.950928,-0.094971,4.150391,-14.152526,-1.716614,0.9922148657125632
28.57,0.265381,-0.948975,-0.096924,3.837585,-12.33673,-2.204895,0.9901388223688635
28.58,0.271973,-0.949951,-0.101318,3.440857,-10.597228,-2.76947,0.9932983198687089
28.59,0.274658,-0.950195,-0.101318,3.005981,-9.666443,-3.349304,0.9942700297771225
28.6,0.272705,-0.949951,-0.101074,2.830505,-9.628296,-3.631592,0.9934741430465113
28.61,0.269531,-0.94751,-0.098877,2.670288,-9.422302,-3.822326,0.9900499084339132
28.62,0.265137,-0.947021,-0.100098,2.494812,-9.216309,-3.89862,0.9885170776542002
28.63,0.26416,-0.946533,-0.103027,2.326965,-8.644104,-3.990173,0.9880889577452022
28.64,0.263672,-0.944336,-0.104004,2.510071,-8.293152,-4.066467,0.985956508420123
28.65,0.26123,-0.942871,-0.10498,2.372742,-7.614135,-4.066467,0.9840059125538829
28.66,0.26123,-0.940674,-0.108887,2.044678,-6.584167,-3.814697,0.9823263540926712
28.67,0.262207,-0.937988,-0.107422,1.739502,-5.683898,-3.768921,0.9798538080127056
28.68,0.265381,-0.938232,-0.107666,1.594543,-5.249023,-3.89862,0.9809680568402827
28.69,0.263672,-0.938477,-0.109863,1.647949,-4.898071,-3.875732,0.9809851588490012
28.7,0.263916,-0.935059,-0.111572,1.556396,-4.714966,-3.829956,0.9779751017899178
28.71,0.26709,-0.937012,-0.111572,1.731872,-4.676819,-3.738403,0.9807022317849593
28.72,0.264893,-0.940918,-0.117188,1.960754,-4.722595,-3.784179,0.9844937843973419
28.73,0.264404,-0.946045,-0.112305,2.334595,-4.821777,-3.631592,0.9886976435017938
28.74,0.263916,-0.948486,-0.112549,2.418518,-4.203796,-3.440857,0.9909311906752154
28.75,0.271973,-0.947266,-0.118896,2.433777,-3.555298,-3.135681,0.9926824498806253
28.76,0.270752,-0.950195,-0.120361,2.616882,-3.532409,-2.838135,0.995321030547431
28.77,0.272461,-0.949463,-0.121094,2.311707,-3.372192,-2.731323,0.9951777437855007
28.78,0.273193,-0.945801,-0.125244,2.288818,-2.89917,-2.532959,0.9924011317939939
28.79,0.275391,-0.942383,-0.126709,2.227783,-2.700805,-2.182007,0.9899399437597213
28.8,0.279785,-0.938721,-0.130615,2.105713,-2.89154,-1.846313,0.9881988870116177
28.81,0.278564,-0.935547,-0.127686,1.930237,-3.341675,-1.739502,0.9844540649014559
28.82,0.279541,-0.93335,-0.126465,2.059937,-3.944397,-1.228333,0.9824860250436135
28.83,0.280518,-0.93042,-0.120605,2.189636,-4.806519,-0.808716,0.9792432234889349
28.84,0.28125,-0.929688,-0.115479,2.220154,-6.027221,-0.50354,0.9781394273236306
28.85,0.279785,-0.927979,-0.110596,2.227783,-7.484436,-0.1297,0.9755286494419321
28.86,0.279541,-0.925049,-0.107178,2.571106,-8.842468,0.526428,0.9722890242957595
28.87,0.276611,-0.927002,-0.106445,2.822876,-9.719849,1.014709,0.9732301327794983
28.88,0.276611,-0.926025,-0.107178,2.906799,-10.45227,1.594543,0.9723801055297254
28.89,0.275146,-0.927246,-0.105225,3.15094,-11.093139,2.296448,0.9729145730520229
28.9,0.283447,-0.92627,-0.110107,3.303528,-11.32965,2.754211,0.9749060806857244
28.91,0.288818,-0.925293,-0.11499,3.761291,-11.650084,3.227234,0.9761176532944172
28.92,0.294922,-0.931641,-0.118652,4.53186,-12.374877,3.288269,0.9843841912937246
28.93,0.300049,-0.935059,-0.115967,4.951477,-13.755797,3.372192,0.9888443158409719
28.94,0.298584,-0.940674,-0.114502,5.577087,-15.312194,3.479004,0.9935445069728885
28.95,0.293457,-0.942871,-0.112305,5.828857,-17.242432,3.913879,0.9938486537270149
28.96,0.291504,-0.948242,-0.115967,6.126403,-19.325256,4.356384,0.9987921794192223
28.97,0.290283,-0.949219,-0.12085,6.240844,-20.973204,4.753113,0.9999428246404891
28.98,0.28833,-0.950439,-0.123291,6.072998,-22.354124,4.943848,1.0008342281826696
28.99,0.287354,-0.949951,-0.120117,5.874633,-22.766111,4.798889,0.999703614780901
29.0,0.285156,-0.952637,-0.117676,5.1651,-21.804808,4.554749,1.0013385237176287
29.01,0.289063,-0.956299,-0.119385,4.447937,-19.165039,4.096985,1.0061401361614593
29.02,0.295166,-0.959717,-0.119141,4.318237,-16.235352,3.387451,1.0111252472003653
29.03,0.297363,-0.960449,-0.117188,4.379272,-14.572143,2.677917,1.0122351815235429
29.04,0.293213,-0.957031,-0.115234,4.440308,-13.671874,1.808166,1.0075520200396602
29.05,0.288818,-0.954834,-0.116699,4.631042,-13.061522,1.174927,1.0043617183470306
29.06,0.289307,-0.950684,-0.113525,4.493713,-12.641906,0.511169,1.000193248192568
29.07,0.2854,-0.94751,-0.109863,4.455566,-12.779235,-0.419617,0.9956396129468734
29.08,0.27832,-0.94458,-0.106689,4.455566,-13.015746,-1.121521,0.9904927771170268
29.09,0.276367,-0.938721,-0.103027,4.470825,-12.96234,-1.472473,0.9839666647092269
29.1,0.277588,-0.934326,-0.103027,4.547119,-12.886046,-1.968384,0.9801197553100335
29.11,0.276611,-0.930176,-0.100586,4.585266,-12.634276,-2.716064,0.9756323998786633
29.12,0.273193,-0.925781,-0.097656,4.997253,-12.939452,-3.211975,0.9701760508000598
29.13,0.27002,-0.925049,-0.098877,5.226135,-13.908385,-3.379822,0.9687120903188935
29.14,0.270996,-0.925537,-0.099365,5.088806,-14.465331,-3.425598,0.9695003731871381
29.15,0.270264,-0.921875,-0.10083,4.989624,-14.73236,-3.585815,0.9659517763434157
29.16,0.278564,-0.925049,-0.102783,4.79126,-14.801024,-3.822326,0.9715337871561647
29.17,0.276855,-0.927979,-0.100586,4.585266,-15.678405,-4.03595,0.9736073432662677
29.18,0.275879,-0.934326,-0.100098,4.394531,-16.227722,-4.135132,0.9793333990633629
29.19,0.271729,-0.938232,-0.098389,4.173279,-16.75415,-4.089355,0.9817312924553235
29.2,0.265137,-0.942627,-0.099121,4.089355,-17.13562,-3.890991,0.9842094607038687
29.21,0.260742,-0.947998,-0.101563,3.715515,-17.288208,-3.784179,0.9884339338251191
29.22,0.259033,-0.953125,-0.104004,3.044128,-16.799927,-3.723144,0.9931576877465129
29.23,0.258545,-0.954834,-0.105957,2.5177,-15.930175,-3.784179,0.9948770629731092
29.24,0.256836,-0.95874,-0.110596,1.754761,-14.549254,-4.066467,0.9986884367569298
29.25,0.253906,-0.963379,-0.111816,1.228333,-12.756347,-4.432678,1.0025318809559125
29.26,0.254395,-0.966309,-0.11084,0.686645,-11.123656,-4.501343,1.0053633199525434
29.27,0.251953,-0.963867,-0.114014,0.022888,-9.880066,-4.79126,1.0027557529598123
29.28,0.247803,-0.961426,-0.115234,-0.434875,-8.483887,-5.0354,0.9995124586722268
29.29,0.245117,-0.958984,-0.114014,-0.816345,-6.553649,-5.1651,0.996359296710278
29.3,0.247314,-0.95874,-0.114014,-1.800537,-4.676819,-5.393981,0.9966673438976518
29.31,0.248291,-0.955566,-0.110107,-2.14386,-3.623962,-5.523681,0.9934175116666708
29.32,0.248535,-0.95459,-0.113037,-2.365112,-3.044128,-5.455017,0.992869114079998
29.33,0.244629,-0.953857,-0.113281,-2.449036,-2.799988,-5.401611,0.991221019274208
29.34,0.241211,-0.953125,-0.109619,-2.63977,-2.037048,-5.226135,0.9892655544933322
29.35,0.244873,-0.949707,-0.111816,-3.051758,-0.770569,-4.714966,0.9871215679104575
29.36,0.247803,-0.948975,-0.110107,-3.456115,0.564575,-4.53949,0.986956649951253
29.37,0.251221,-0.946533,-0.102051,-3.768921,1.502991,-4.211426,0.9846070878939477
29.38,0.251709,-0.94043,-0.103271,-4.104614,2.357483,-3.555298,0.9789948442264648
29.39,0.255859,-0.934326,-0.099609,-4.425049,3.082275,-3.204345,0.9738330734977119
29.4,0.258057,-0.935303,-0.0979,-4.608154,4.058838,-2.983093,0.9751766645372519
29.41,0.25708,-0.935791,-0.096436,-4.524231,4.997253,-2.502441,0.9752409057135576
29.42,0.260498,-0.93457,-0.095215,-4.402161,5.874633,-2.105713,0.9748570095808924
29.43,0.268066,-0.931641,-0.094971,-4.112244,6.195068,-1.663208,0.974081015151204
29.44,0.270264,-0.932373,-0.092529,-3.868103,6.210327,-1.472473,0.9751531452371981
29.45,0.273438,-0.931396,-0.094482,-3.494262,5.989074,-1.014709,0.9752915958747927
29.46,0.279053,-0.933594,-0.096191,-3.082275,5.554199,-0.556946,0.9791430141332778
29.47,0.281738,-0.938721,-0.098877,-2.838135,5.134582,-0.396728,0.9850634891284927
29.48,0.279541,-0.939697,-0.099854,-2.410889,4.600525,0.045776,0.9854666122228596
29.49,0.27832,-0.94458,-0.101807,-2.113342,4.356384,0.427246,0.9899788200002059
29.5,0.281006,-0.94751,-0.098633,-1.937866,4.486084,0.846863,0.9932109749821535
29.51,0.283447,-0.947754,-0.098145,-1.678467,4.737854,1.029968,0.994088671774304
29.52,0.283936,-0.948242,-0.099854,-1.564026,5.096435,1.037598,0.9948634901211322
29.53,0.282959,-0.953125,-0.10083,-1.296997,5.66864,1.174927,0.9993396570766118
29.54,0.285156,-0.949951,-0.099121,-1.106262,6.057739,1.403808,0.9967676857613312
29.55,0.285645,-0.951172,-0.101318,-1.106262,6.568908,1.426697,0.9982918294431744
29.56,0.287354,-0.952148,-0.103271,-1.045227,7.331848,1.571655,0.9999115134155622
29.57,0.29248,-0.948975,-0.104736,-1.00708,7.537841,1.655578,0.9985327890064501
29.58,0.293945,-0.949463,-0.106201,-0.701904,7.164001,1.64032,0.9995810641438742
29.59,0.292236,-0.946289,-0.106201,-0.640869,6.637573,1.754761,0.9960639555861863
29.6,0.294922,-0.94043,-0.109131,-0.595093,6.111145,2.113342,0.9916134055895977
29.61,0.296875,-0.934082,-0.118652,-0.50354,5.462646,2.220154,0.9872802264063633
29.62,0.297852,-0.931641,-0.123047,-0.656128,4.814148,2.334595,0.9858049152819234
29.63,0.303955,-0.932861,-0.121338,-0.740051,4.28772,2.426147,0.9886056835715643
29.64,0.306885,-0.937012,-0.121582,-0.953674,3.974914,2.319336,0.9934546160207823
29.65,0.311279,-0.94043,-0.119385,-1.251221,3.746032,2.174377,0.9977755153169474
29.66,0.314697,-0.9375,-0.121582,-1.693725,3.509521,1.869202,0.9963546730622586
29.67,0.315918,-0.935303,-0.121826,-1.907349,2.944946,1.335144,0.9947047093529818
29.68,0.311768,-0.93335,-0.121338,-2.27356,2.456665,0.63324,0.9914960507072128
29.69,0.312256,-0.93457,-0.121826,-2.502441,1.937866,-0.152588,0.9928577283337225
29.7,0.308838,-0.940186,-0.125732,-2.983093,1.304626,-0.923157,0.9975666196620654
29.71,0.306641,-0.938965,-0.128174,-3.547668,1.00708,-1.724243,0.9960484668840166
29.72,0.30542,-0.939697,-0.126465,-4.226685,0.526428,-2.403259,0.9961451824076649
29.73,0.299316,-0.939209,-0.122559,-4.882813,0.106812,-2.998352,0.993339983096422
29.74,0.294434,-0.939697,-0.121094,-5.401611,-0.25177,-3.532409,0.9921620779897808
29.75,0.287598,-0.946289,-0.11792,-5.867004,-0.396728,-3.936767,0.996032432968425
29.76,0.28125,-0.947754,-0.114014,-6.393432,-0.289917,-4.364014,0.9951574745797772
29.77,0.273193,-0.949463,-0.113281,-7.156372,0.488281,-4.600525,0.9944581381732466
29.78,0.269043,-0.950439,-0.109863,-8.033752,1.579285,-4.806519,0.9938753982964866
29.79,0.260742,-0.950195,-0.111084,-8.926392,2.830505,-4.959106,0.9915626977881934
29.8,0.257813,-0.950195,-0.116699,-9.552002,3.913879,-4.989624,0.991441746949865
29.81,0.255127,-0.948486,-0.112061,-10.337829,5.073547,-5.004883,0.98857126503151
29.82,0.255127,-0.947998,-0.114502,-11.024474,6.858825,-5.043029,0.9883828722398016
29.83,0.265869,-0.951172,-0.114502,-11.985778,8.666992,-5.15747,0.9942460494007508
29.84,0.269287,-0.955566,-0.115967,-12.924193,10.047912,-5.500793,0.9995349987939391
29.85,0.262939,-0.962158,-0.117432,-13.740539,11.306762,-5.134582,1.00432823783313
29.86,0.26001,-0.967773,-0.119873,-14.953612,13.374328,-4.432678,1.0092369968238382
29.87,0.26001,-0.971436,-0.119141,-16.25061,16.63208,-3.707886,1.0126636559475213
29.88,0.263184,-0.974121,-0.120605,-17.486572,20.400999,-3.097534,1.0162298492575388
29.89,0.270508,-0.968018,-0.122314,-18.424988,23.635862,-2.662658,1.0125187114241396
29.9,0.272705,-0.96167,-0.124023,-19.241333,26.145933,-2.342224,1.0072531511263692
29.91,0.272949,-0.957275,-0.125488,-19.790649,28.030394,-1.846313,1.0033064438993702
29.92,0.273193,-0.952148,-0.127686,-20.423887,29.83856,-1.441955,0.9987612045674381
29.93,0.271973,-0.945801,-0.132324,-20.950315,31.295774,-0.953674,0.9929846349798168
29.94,0.271729,-0.936035,-0.132568,-21.278379,32.50885,-0.724792,0.9836526039664613
29.95,0.273438,-0.932617,-0.134766,-21.202085,33.401489,-0.450134,0.9811751542354709
29.96,0.27832,-0.931152,-0.136475,-21.064756,33.843994,-0.282288,0.9813926304639748
29.97,0.282715,-0.931641,-0.143555,-20.614622,33.584595,-0.061035,0.9841192824708802
29.98,0.282959,-0.929443,-0.145508,-19.752502,32.714844,0.427246,0.9823963884267898
29.99,0.287598,-0.926514,-0.147949,-19.111633,31.723021,1.12915,0.9813407707830138
30.0,0.287598,-0.925049,-0.150391,-18.920898,30.769346,1.853943,0.9803293910140611
30.01,0.295166,-0.925537,-0.153076,-18.287659,29.46472,2.754211,0.9834500331491174
30.02,0.295654,-0.926758,-0.152344,-17.38739,27.770994,3.540039,0.9846321001348676
30.03,0.293457,-0.923096,-0.150635,-17.295837,26.550291,4.196167,0.9802622808667077
30.04,0.296631,-0.914795,-0.148193,-16.876221,25.817869,4.78363,0.9730370020893347
30.05,0.295898,-0.911377,-0.141357,-16.410828,25.184629,5.241394,0.9685790953670227
30.06,0.294678,-0.909424,-0.134033,-16.014099,24.963377,5.691528,0.9653248057255134
30.07,0.297607,-0.903564,-0.128418,-15.800475,24.54376,6.065368,0.9599421916287459
30.08,0.300293,-0.901123,-0.124512,-15.35797,24.101255,6.41632,0.9579675282189893
30.09,0.296875,-0.898193,-0.122559,-14.495849,23.483274,6.507873,0.9538900038028494
30.1,0.29541,-0.893799,-0.124023,-13.870238,23.124693,6.42395,0.9494869272559786
30.11,0.293457,-0.89502,-0.124268,-13.534545,23.841856,6.431579,0.9500633384532844
30.12,0.294189,-0.897949,-0.125732,-12.954711,25.184629,6.439209,0.9532408458233418
30.13,0.295654,-0.900635,-0.131348,-12.5885,27.000425,6.41632,0.9569780499285236
30.14,0.301514,-0.900146,-0.133301,-12.031554,28.70941,6.210327,0.9586149749054622
30.15,0.307861,-0.902832,-0.13501,-11.512755,30.029295,5.867004,0.9633855488043195
30.16,0.308838,-0.905029,-0.140381,-11.260985,31.311033,5.592346,0.9665222326703095
30.17,0.314697,-0.906738,-0.144531,-10.856627,32.63855,5.439758,0.9706169236181698
30.18,0.31958,-0.905518,-0.145996,-10.597228,33.424377,5.027771,0.9712924671487987
30.19,0.323242,-0.905518,-0.150146,-10.215758,33.531189,4.699707,0.9731351705718996
30.2,0.324219,-0.907471,-0.155762,-9.57489,33.462524,4.28772,0.9761574547407811
30.21,0.328857,-0.909912,-0.154785,-9.216309,33.111572,3.913879,0.9798189477745366
30.22,0.327637,-0.911133,-0.156982,-8.659363,33.294678,3.509521,0.9808938249280601
30.23,0.332764,-0.912842,-0.158203,-8.277893,32.966614,3.356933,0.9843985909523641
30.24,0.334961,-0.911377,-0.157715,-7.92694,32.226563,3.120422,0.9837077456617896
30.25,0.334473,-0.911133,-0.159424,-7.492065,31.845091,2.792358,0.983591146358079
30.26,0.334717,-0.912109,-0.159912,-7.133483,31.806944,2.746582,0.984657374782721
30.27,0.340332,-0.910889,-0.161133,-7.011413,31.318663,2.6474,0.9856512995141842
30.28,0.346191,-0.907959,-0.161133,-6.782531,30.166624,2.471924,0.9849881206649144
30.29,0.346924,-0.906494,-0.161133,-6.29425,28.95355,2.456665,0.9838960704774666
30.3,0.347412,-0.907959,-0.158447,-5.836486,27.9541,2.220154,0.9849822816853103
30.31,0.348633,-0.905273,-0.160645,-5.622863,26.748655,2.14386,0.9832959825215396
30.32,0.350098,-0.904297,-0.160645,-5.126953,25.05493,2.235413,0.9829183535970829
30.33,0.350098,-0.902344,-0.161133,-4.623413,23.323057,2.235413,0.9812018893321598
30.34,0.351318,-0.900391,-0.159668,-4.112244,21.835325,2.052307,0.9796030625865765
30.35,0.353027,-0.898682,-0.160645,-3.585815,20.805357,1.876831,0.9788075479265574
30.36,0.357178,-0.903076,-0.154785,-3.120422,19.676208,1.800537,0.9834026549104898
30.37,0.361328,-0.907471,-0.153076,-2.609253,18.455505,1.678467,0.9886828617918892
30.38,0.361328,-0.913086,-0.151367,-2.044678,17.250061,1.64032,0.9935773425702701
30.39,0.360352,-0.91333,-0.151611,-1.625061,15.937804,1.594543,0.9934843471967738
30.4,0.361816,-0.906982,-0.156982,-1.083374,14.389037,1.403808,0.9890250322939252
30.41,0.358154,-0.906494,-0.156494,-0.602722,13.038634,1.13678,0.987165655697158
30.42,0.357422,-0.905518,-0.154053,-0.183105,11.779784,0.900268,0.985619430214827
30.43,0.358154,-0.90625,-0.153809,0.091553,10.353087,0.488281,0.986519416279781
30.44,0.355469,-0.906738,-0.156494,0.442505,9.20105,0.137329,0.9864189691206268
30.45,0.353271,-0.906006,-0.154297,0.831604,7.827758,-0.183105,0.9846089760336333
30.46,0.351807,-0.905762,-0.153564,1.037598,6.67572,-0.442505,0.9837453267939827
30.47,0.351074,-0.906982,-0.154297,1.106262,5.561828,-0.564575,0.9847217200859336
30.48,0.351563,-0.906006,-0.150391,1.358032,4.356384,-0.610352,0.983392529911632
30.49,0.350098,-0.906494,-0.149414,1.533508,3.379822,-0.75531,0.983170648990296
30.5,0.347656,-0.905273,-0.149414,1.594543,2.403259,-0.75531,0.9811770697794563
30.51,0.346924,-0.906738,-0.147705,1.754761,1.472473,-0.862122,0.9820116238848703
30.52,0.346924,-0.910645,-0.143066,1.831055,0.732422,-0.991821,0.9849357634673441
30.53,0.345947,-0.910889,-0.143799,1.930237,0.183105,-1.045227,0.9849244892533641
30.54,0.34668,-0.911621,-0.145264,1.998901,-0.495911,-1.060486,0.9860737800676986
30.55,0.346436,-0.918701,-0.138672,2.296448,-0.663757,-1.106262,0.9915943490566089
30.56,0.34668,-0.919678,-0.13623,2.243042,-0.793457,-1.121521,0.992246571666539
30.57,0.349121,-0.921143,-0.13916,2.418518,-1.274109,-1.106262,0.9948645157457372
30.58,0.349854,-0.923584,-0.140381,2.685547,-1.853943,-1.098633,0.997553031940157
30.59,0.350342,-0.924072,-0.140137,2.853393,-2.601623,-1.174927,0.9981417519155282
30.6,0.349609,-0.919922,-0.138428,2.861023,-3.677368,-1.365662,0.9938034263117631
30.61,0.351074,-0.920166,-0.13623,3.059387,-4.951477,-1.541138,0.9942419393346873
30.62,0.344971,-0.919678,-0.133789,3.219604,-6.16455,-1.76239,0.991318370174789
30.63,0.342773,-0.919922,-0.128662,3.448486,-7.164001,-2.098083,0.9901028865006909
30.64,0.340332,-0.917969,-0.129883,3.517151,-7.865905,-2.5177,0.9876044496021674
30.65,0.335693,-0.915527,-0.124268,3.707886,-8.415222,-2.700805,0.9830167922278846
30.66,0.33374,-0.91333,-0.124268,4.112244,-9.140015,-3.097534,0.9803043467842014
30.67,0.327637,-0.914307,-0.125488,4.53186,-9.887695,-3.265381,0.9793112539749557
30.68,0.322998,-0.915283,-0.126221,4.943848,-10.421752,-3.173828,0.9787759799535336
30.69,0.320801,-0.912598,-0.125,4.875183,-10.726928,-3.318786,0.9753837148553384
30.7,0.317383,-0.915527,-0.125244,5.073547,-10.772704,-3.326416,0.9770402836904934
30.71,0.31665,-0.919189,-0.125732,5.081176,-10.551452,-3.189087,0.9802980036932647
30.72,0.314697,-0.922363,-0.125244,4.928589,-10.185241,-2.929687,0.982585245723749
30.73,0.316406,-0.924561,-0.124756,4.646301,-9.544373,-2.357483,0.985134437065825
30.74,0.319336,-0.926025,-0.125977,4.295349,-8.865356,-2.01416,0.9876072023076786
30.75,0.318604,-0.930908,-0.125732,4.135132,-8.377075,-1.838684,0.9919207373091864
30.76,0.319336,-0.932617,-0.125488,3.837585,-7.881164,-1.579285,0.9937289307094769
30.77,0.320068,-0.933105,-0.127441,3.639221,-7.438659,-1.38092,0.9946706360047027
30.78,0.321045,-0.931396,-0.126465,3.585815,-7.034301,-1.365662,0.9932581724133962
30.79,0.322754,-0.925537,-0.128174,3.39508,-6.67572,-1.235962,0.9885430982820123
30.8,0.321777,-0.926514,-0.128418,3.440857,-6.530761,-1.411438,0.9891712756894024
30.81,0.319824,-0.924805,-0.124023,3.364563,-6.530761,-1.594543,0.9863738558629785
30.82,0.31958,-0.923096,-0.125488,3.417969,-6.782531,-1.64032,0.984878083703765
30.83,0.318604,-0.921875,-0.120605,3.456115,-7.095336,-1.869202,0.9828059780373744
30.84,0.318604,-0.924316,-0.124023,3.585815,-7.507324,-1.907349,0.9855203098876248
30.85,0.316895,-0.923828,-0.123779,3.784179,-7.835388,-1.777649,0.9844805002893657
30.86,0.31665,-0.924805,-0.124268,3.791809,-7.93457,-1.586914,0.985380153214484
30.87,0.314941,-0.922852,-0.122803,3.791809,-7.881164,-1.441955,0.9828144403670512
30.88,0.314453,-0.925293,-0.123779,3.715515,-7.888793,-1.373291,0.9850731271834594
30.89,0.311523,-0.927246,-0.123779,3.547668,-7.614135,-1.327515,0.9859781766783685
30.9,0.310791,-0.927246,-0.123535,3.40271,-7.148742,-1.13678,0.9857165345179111
30.91,0.311035,-0.928955,-0.123779,3.334045,-6.561279,-1.037598,0.9874317212298782
30.92,0.3125,-0.93042,-0.123291,2.906799,-5.844116,-0.930786,0.9892109467049989
30.93,0.312988,-0.929443,-0.125732,2.670288,-5.310058,-0.747681,0.9887539199502574
30.94,0.313965,-0.932617,-0.125488,2.555847,-4.653931,-0.732422,0.9920159918358172
30.95,0.31543,-0.934326,-0.125732,2.403259,-4.089355,-0.808716,0.9941175458666847
30.96,0.314453,-0.930664,-0.122559,2.151489,-3.730774,-0.740051,0.9899681199846792
30.97,0.314941,-0.932129,-0.123535,2.128601,-3.448486,-0.770569,0.991621501555407
30.98,0.316406,-0.930908,-0.122559,2.113342,-3.242492,-0.823975,0.9908194435824319
30.99,0.317871,-0.928955,-0.123047,1.853943,-3.02124,-0.892639,0.9895149967913573
31.0,0.31665,-0.925781,-0.123779,1.869202,-2.799988,-0.907898,0.9862347201868326
31.01,0.316406,-0.923584,-0.123779,1.792908,-2.510071,-0.88501,0.9840942041964275
31.02,0.317139,-0.92334,-0.128418,1.63269,-2.090454,-0.839233,0.984695426842737
31.03,0.317139,-0.922852,-0.126465,1.441955,-1.556396,-0.732422,0.9839849365971005
31.04,0.319092,-0.92334,-0.126953,1.335144,-1.197815,-0.62561,0.9851362973076366
31.05,0.320313,-0.922607,-0.126709,1.167297,-0.938415,-0.480652,0.9848143302668783
31.06,0.320801,-0.922119,-0.125977,1.068115,-1.060486,-0.450134,0.9844221331781402
31.07,0.320801,-0.922852,-0.125488,1.00708,-1.13678,-0.473022,0.985046361167331
31.08,0.320557,-0.924072,-0.121826,0.831604,-1.045227,-0.434875,0.9856507625467552
31.09,0.321777,-0.924805,-0.124512,0.823975,-0.801086,-0.419617,0.9870703946011146
31.1,0.319824,-0.924316,-0.124512,0.747681,-0.473022,-0.534058,0.9859770265964619
31.11,0.322021,-0.921143,-0.124268,0.587463,-0.091553,-0.587463,0.9836892226277566
31.12,0.322754,-0.921631,-0.124268,0.610352,0.244141,-0.679016,0.9843862963801355
31.13,0.325928,-0.922363,-0.121094,0.534058,0.63324,-0.747681,0.9857212191025412
31.14,0.326904,-0.922363,-0.122559,0.480652,0.579834,-0.671387,0.9862253482171304
31.15,0.328125,-0.925049,-0.12085,0.62561,0.328064,-0.694275,0.9889319443348971
31.16,0.328613,-0.927734,-0.119629,0.808716,0.1297,-0.541687,0.9914575009378869
31.17,0.331787,-0.928711,-0.122559,0.785828,-0.175476,-0.175476,0.9937844048741155
31.18,0.331055,-0.926025,-0.127686,0.831604,-0.457764,-0.1297,0.9916770786127912
31.19,0.331055,-0.92334,-0.129883,1.037598,-0.709534,-0.236511,0.9894562963132835
31.2,0.330811,-0.920654,-0.12793,1.098633,-1.106262,-0.244141,0.9866132932091479
31.21,0.32959,-0.920654,-0.12793,1.220703,-1.533508,-0.419617,0.9862045633214237
31.22,0.328125,-0.917969,-0.127441,1.274109,-1.777649,-0.617981,0.9831451108900456
31.23,0.328125,-0.91748,-0.125732,1.274109,-1.670837,-0.679016,0.9824683719331629
31.24,0.328125,-0.918213,-0.125732,1.25885,-1.571655,-0.679016,0.9831529203628497
31.25,0.327148,-0.919678,-0.124023,1.190186,-1.586914,-0.62561,0.9839792386615686
31.26,0.328369,-0.917725,-0.124756,1.144409,-1.518249,-0.564575,0.9826542806714883
31.27,0.329834,-0.917969,-0.123535,1.289368,-1.625061,-0.549316,0.9832184135490954
31.28,0.331299,-0.920654,-0.127197,1.243591,-1.983642,-0.411987,0.9866822649292932
31.29,0.332764,-0.921387,-0.121582,1.342773,-2.342224,-0.320435,0.987151491002774
31.3,0.334961,-0.919922,-0.124023,1.464844,-2.700805,-0.282288,0.9868318307259855
31.31,0.334229,-0.919678,-0.124023,1.548767,-3.051758,-0.366211,0.9863560983002031
31.32,0.333496,-0.922363,-0.121582,1.701355,-3.311157,-0.556946,0.9883092979978485
31.33,0.330811,-0.923096,-0.121094,1.663208,-3.265381,-0.724792,0.9880313252994564
31.34,0.32959,-0.923584,-0.122803,1.853943,-3.227234,-0.808716,0.9882902154554601
31.35,0.32959,-0.923584,-0.124268,1.930237,-3.280639,-0.816345,0.9884733223410735
31.36,0.32959,-0.922363,-0.129395,1.976013,-3.456115,-0.709534,0.987990960431319
31.37,0.328857,-0.921387,-0.130615,2.029419,-3.608703,-0.564575,0.9869960529014288
31.38,0.326172,-0.919922,-0.133545,1.998901,-3.730774,-0.564575,0.9851288883658829
31.39,0.327148,-0.921875,-0.132324,1.754761,-3.738403,-0.488281,0.9871114276032874
31.4,0.325439,-0.92041,-0.129639,1.853943,-3.738403,-0.526428,0.9848204816828293
31.41,0.325684,-0.920898,-0.125732,1.76239,-3.517151,-0.526428,0.9848511207710533
31.42,0.328613,-0.919189,-0.123535,1.541138,-3.112793,-0.648498,0.9839490930505501
31.43,0.329834,-0.920898,-0.123047,1.350403,-3.082275,-0.62561,0.9858925692837937
31.44,0.331787,-0.922119,-0.124268,1.342773,-3.417969,-0.518799,0.9878403713930708
31.45,0.333008,-0.922852,-0.125977,1.373291,-3.738403,-0.595093,0.9891513263889403
31.46,0.331543,-0.921875,-0.126221,1.419067,-3.936767,-0.595093,0.9877783239750708
31.47,0.331299,-0.923096,-0.12207,1.556396,-4.203796,-0.801086,0.9883148979535824
31.48,0.329834,-0.923096,-0.123047,1.724243,-4.425049,-0.869751,0.9879459787766739
31.49,0.327148,-0.923828,-0.124512,1.693725,-4.440308,-0.961304,0.9879206575590977
31.5,0.322754,-0.925781,-0.123047,1.625061,-4.364014,-1.014709,0.9881200173491071
31.51,0.32251,-0.923584,-0.124268,1.594543,-4.310608,-1.00708,0.9861352042088346
31.52,0.324219,-0.925537,-0.125488,1.548767,-4.020691,-1.014709,0.9886778729566067
31.53,0.325195,-0.924072,-0.127197,1.564026,-3.921509,-0.87738,0.9878461044201167
31.54,0.323975,-0.920166,-0.124512,1.464844,-3.952026,-0.808716,0.9834472565038758
31.55,0.324463,-0.919434,-0.125732,1.441955,-3.852844,-0.816345,0.9830786614249136
31.56,0.325928,-0.918945,-0.127197,1.296997,-3.913879,-0.816345,0.9832944884509421
31.57,0.324219,-0.920898,-0.128662,1.220703,-3.890991,-0.839233,0.9847461584636926
31.58,0.323242,-0.922363,-0.128662,1.113892,-3.746032,-0.87738,0.985795518643192
31.59,0.322021,-0.922119,-0.126953,0.953674,-3.555298,-0.900268,0.9849457034836997
31.6,0.324219,-0.922607,-0.128662,0.816345,-3.288269,-0.961304,0.9863445374989411
31.61,0.323486,-0.922852,-0.12793,0.701904,-3.14331,-0.953674,0.9862378470734127
31.62,0.324463,-0.925049,-0.12793,0.617981,-2.937317,-0.984192,0.9886141692642282
31.63,0.325439,-0.926025,-0.128174,0.465393,-2.746582,-1.052856,0.9898794965156112
31.64,0.324219,-0.925049,-0.127197,0.259399,-2.601623,-1.098633,0.9884395222627432
31.65,0.322266,-0.926025,-0.128662,0.267029,-2.532959,-1.075745,0.9889042348099234
31.66,0.324463,-0.925781,-0.125244,0.083923,-2.449036,-1.091003,0.988955387197016
31.67,0.327393,-0.922607,-0.125244,0.0,-2.464294,-1.190186,0.9869528420517365
31.68,0.324463,-0.918457,-0.125,-0.022888,-2.464294,-1.152039,0.9820715346745368
31.69,0.322754,-0.918457,-0.122559,-0.114441,-2.479553,-1.411438,0.981200343378456
31.7,0.323242,-0.919678,-0.124512,-0.030518,-2.372742,-1.518249,0.9827493334477515
31.71,0.325195,-0.919189,-0.122803,0.1297,-2.220154,-1.464844,0.9827211112797974
31.72,0.32666,-0.920166,-0.119873,0.259399,-2.326965,-1.579285,0.9837589945128837
31.73,0.320313,-0.919189,-0.123047,0.259399,-2.243042,-1.800537,0.9811469818019113
31.74,0.320313,-0.920166,-0.125732,0.366211,-1.861572,-1.853943,0.9824023724263903
31.75,0.324951,-0.921875,-0.126221,0.328064,-1.335144,-1.976013,0.9855853128304013
31.76,0.328369,-0.920166,-0.125488,0.228882,-1.304626,-2.029419,0.9850273630011503
31.77,0.327148,-0.923096,-0.12793,0.137329,-1.449585,-1.930237,0.9876730856006962
31.78,0.330078,-0.924805,-0.123291,-0.091553,-1.754761,-1.899719,0.9896547098811787
31.79,0.332764,-0.923828,-0.123047,-0.213623,-1.976013,-1.983642,0.9896113466856572
31.8,0.340088,-0.924072,-0.12207,-0.267029,-2.418518,-2.075195,0.9922046128838546
31.81,0.342041,-0.922119,-0.125244,-0.167847,-3.39508,-2.296448,0.9914542628775167
31.82,0.341309,-0.921143,-0.127686,-0.045776,-4.325867,-2.731323,0.9906058623519245
31.83,0.335693,-0.920898,-0.124023,0.305176,-5.050659,-2.944946,0.9879901928571964
31.84,0.335205,-0.919189,-0.124512,0.617981,-5.53894,-3.120422,0.9862930841742733
31.85,0.335693,-0.919189,-0.125488,0.930786,-5.981445,-3.242492,0.9865827112381406
31.86,0.337402,-0.918213,-0.126221,1.098633,-6.622314,-3.479004,0.9863503250944868
31.87,0.32959,-0.919189,-0.126465,1.243591,-7.476806,-3.753662,0.9846478467177999
31.88,0.318848,-0.917969,-0.123047,1.350403,-7.736206,-3.761291,0.9795262611456622
31.89,0.319092,-0.919922,-0.124268,1.373291,-7.156372,-3.639221,0.9815898972442616
31.9,0.316406,-0.916504,-0.124268,1.197815,-6.240844,-3.257751,0.9775146416683486
31.91,0.31665,-0.918213,-0.124756,1.152039,-5.294799,-3.013611,0.9792580841662732
31.92,0.315186,-0.918945,-0.126953,1.068115,-4.333496,-2.746582,0.9797546589988742
31.93,0.314209,-0.919678,-0.126953,0.793457,-3.067016,-2.258301,0.980128554616179
31.94,0.316895,-0.92041,-0.129395,0.595093,-1.953125,-1.754761,0.9819980016018361
31.95,0.32251,-0.918701,-0.131592,0.328064,-1.091003,-1.205444,0.9825175224722458
31.96,0.322998,-0.918457,-0.134766,0.068665,-0.526428,-0.88501,0.9828798724203278
31.97,0.32666,-0.919678,-0.13208,-0.045776,0.030518,-0.62561,0.9848652220908198
31.98,0.330322,-0.915283,-0.130371,-0.007629,0.37384,-0.480652,0.9817597422047819
31.99,0.335938,-0.914795,-0.131104,-0.038147,0.411987,-0.442505,0.9833069158126572
32.0,0.336182,-0.919678,-0.127441,0.228882,0.167847,-0.389099,0.9874548948124162
32.01,0.339111,-0.920898,-0.124023,0.190735,-0.12207,-0.450134,0.9891567627297505
32.02,0.341309,-0.919922,-0.127441,0.12207,-0.617981,-0.434875,0.9894389966268764
32.03,0.344482,-0.920654,-0.129883,0.282288,-1.205444,-0.289917,0.9915347849314213
32.04,0.341553,-0.918945,-0.127441,0.602722,-1.960754,-0.236511,0.9886149772864055
32.05,0.341064,-0.916992,-0.129883,0.63324,-2.63977,-0.205994,0.9869491242455206
32.06,0.339844,-0.914795,-0.128174,0.732422,-3.120422,-0.228882,0.9842623688006161
32.07,0.336426,-0.911865,-0.126465,0.778198,-3.417969,-0.350952,0.9801395961423046
32.08,0.335205,-0.914063,-0.127686,0.686645,-3.684997,-0.366211,0.9819252897191313
32.09,0.331543,-0.914063,-0.127686,0.679016,-3.684997,-0.549316,0.9806812139599698
32.1,0.333496,-0.917969,-0.126953,0.709534,-3.532409,-0.473022,0.9848876744004872
32.11,0.330322,-0.918945,-0.125732,0.579834,-3.181457,-0.434875,0.9845715172261484
32.12,0.329834,-0.920166,-0.125,0.846863,-3.036499,-0.450134,0.9854546844538312
32.13,0.332764,-0.920654,-0.126953,0.846863,-2.967834,-0.411987,0.9871437238928281
32.14,0.332764,-0.920166,-0.128174,0.892639,-3.067016,-0.389099,0.9868464528628554
32.15,0.33252,-0.923096,-0.125732,1.045227,-3.234863,-0.358582,0.9891836591048196
32.16,0.33252,-0.923096,-0.125732,1.106262,-3.295898,-0.320435,0.9891836591048196
32.17,0.333252,-0.922607,-0.126953,1.152039,-3.387451,-0.335693,0.9891297367696514
32.18,0.33374,-0.922607,-0.129395,1.152039,-3.311157,-0.228882,0.9896105951706459
32.19,0.330811,-0.923096,-0.128662,1.159668,-3.234863,-0.274658,0.9889873877765075
32.2,0.330322,-0.92334,-0.130859,1.098633,-3.059387,-0.328064,0.9893399098211899
32.21,0.332764,-0.924561,-0.132568,0.946045,-2.838135,-0.183105,0.9915236744732825
32.22,0.332764,-0.920654,-0.132813,0.938415,-2.63977,-0.137329,0.9879144499302558
32.23,0.332275,-0.921631,-0.135498,0.915527,-2.418518,-0.083923,0.9890248145471376
32.24,0.334961,-0.922363,-0.137207,0.88501,-2.319336,-0.106812,0.990847181021877
32.25,0.333008,-0.922607,-0.13623,0.732422,-2.243042,-0.068665,0.9902810800035513
32.26,0.334229,-0.924316,-0.13623,0.419617,-2.204895,-0.030518,0.9922840849257838
32.27,0.335449,-0.927734,-0.133545,0.137329,-2.090454,-0.030518,0.9955152803357665
32.28,0.335449,-0.928711,-0.130127,-0.022888,-1.89209,-0.022888,0.9959734882269707
32.29,0.337646,-0.92627,-0.127197,-0.198364,-1.88446,0.061035,0.994062377834007
32.3,0.338135,-0.924316,-0.125,-0.274658,-2.26593,0.205994,0.9921291982806474
32.31,0.338867,-0.924072,-0.126953,-0.358582,-2.845764,0.213623,0.992399601512415
32.32,0.337158,-0.928711,-0.126709,0.099182,-3.417969,-0.022888,0.9961098379024272
32.33,0.335693,-0.928467,-0.124756,0.282288,-4.15802,-0.076294,0.9951406030677274
32.34,0.331787,-0.929443,-0.124023,0.228882,-4.585266,-0.1297,0.9946499927848992
32.35,0.329102,-0.928955,-0.123779,0.366211,-5.012512,-0.106812,0.9932707381524938
32.36,0.324463,-0.928467,-0.121582,0.411987,-5.561828,-0.106812,0.9910143244080785
32.37,0.323975,-0.929932,-0.121582,0.602722,-6.072998,0.015259,0.9922275484852252
32.38,0.321777,-0.931641,-0.12085,0.770569,-6.538391,0.114441,0.9930257363784688
32.39,0.31958,-0.931885,-0.121826,0.839233,-6.851196,0.389099,0.9926643964104888
32.4,0.317383,-0.93457,-0.122314,0.907898,-7.194519,0.50354,0.9945419891512877
32.41,0.31665,-0.933105,-0.120361,0.770569,-7.621765,0.770569,0.99269276911137
32.42,0.311523,-0.936035,-0.120117,0.648498,-8.003235,1.113892,0.9937988702162022
32.43,0.309082,-0.940674,-0.116943,0.724792,-8.003235,1.281738,0.9970330597572982
32.44,0.306152,-0.935791,-0.115234,0.183105,-7.797241,1.487732,0.9913186760779805
32.45,0.304443,-0.93457,-0.115479,0.175476,-7.751464,1.64032,0.9896676333951717
32.46,0.304443,-0.936279,-0.116211,0.205994,-7.759094,1.823425,0.9913671885890717
32.47,0.300781,-0.934082,-0.115967,-0.045776,-7.637023,1.998901,0.988143075558393
32.48,0.297119,-0.931885,-0.109131,-0.25177,-7.987976,1.998901,0.9841742368844045
32.49,0.290771,-0.930176,-0.109863,-0.297546,-7.942199,2.288818,0.9807369903220741
32.5,0.289063,-0.931641,-0.111084,-0.328064,-7.400512,2.662658,0.9817596579132798
32.51,0.289063,-0.93457,-0.108154,-0.259399,-6.599426,2.960205,0.9842132851089748
32.52,0.288086,-0.938232,-0.109375,-0.152588,-5.79071,3.234863,0.9875402370764443
32.53,0.286621,-0.936768,-0.109131,-0.175476,-4.821777,3.631592,0.9856954187912208
32.54,0.287109,-0.934326,-0.112549,-0.62561,-3.639221,4.257202,0.9839023983902062
32.55,0.289307,-0.928711,-0.115234,-1.304626,-2.830505,5.15747,0.9795312840976544
32.56,0.293457,-0.92627,-0.115234,-1.487732,-2.624511,6.126403,0.9784538816444034
32.57,0.296387,-0.925293,-0.118896,-1.670837,-2.586365,7.080078,0.9788506772914856
32.58,0.298828,-0.921143,-0.120605,-1.869202,-2.914428,7.820129,0.9758832748121058
32.59,0.298096,-0.913818,-0.130615,-1.770019,-3.295898,8.308411,0.9700437312642147
32.6,0.298096,-0.914063,-0.13623,-0.823975,-3.562927,8.560181,0.9710463460025994
32.61,0.301758,-0.921631,-0.140869,0.267029,-3.822326,8.850098,0.979951869168073
32.62,0.306396,-0.932373,-0.144043,0.846863,-3.570556,9.231567,0.9919406765497623
32.63,0.311035,-0.935303,-0.143311,1.068115,-3.601074,9.605408,0.9960283709588799
32.64,0.316162,-0.938965,-0.144287,1.243591,-3.791809,9.819031,1.00121547123384
32.65,0.315674,-0.939941,-0.145264,1.411438,-3.982544,10.0708,1.0021181504458445
32.66,0.314941,-0.932861,-0.148682,1.495361,-3.738403,10.208129,0.9957528889870217
32.67,0.312744,-0.924561,-0.153809,1.304626,-3.601074,9.994507,0.9880683482118026
32.68,0.305908,-0.910889,-0.160889,0.869751,-3.189087,9.300232,0.9742606145718916
32.69,0.300049,-0.901123,-0.163574,0.160217,-1.502991,8.483887,0.9637471229560169
32.7,0.30249,-0.895508,-0.164307,-0.87738,1.342773,7.797241,0.9593912488724295
32.71,0.313721,-0.897217,-0.163574,-2.105713,4.768372,7.621765,0.964456149550616
32.72,0.333008,-0.906494,-0.165527,-3.417969,7.492065,7.881164,0.9798085975480109
32.73,0.345703,-0.914551,-0.1604,-4.020691,8.224487,8.178711,0.9907786108965009
32.74,0.352539,-0.922363,-0.157227,-3.814697,7.293701,8.285522,0.9998787825626665
32.75,0.358643,-0.924072,-0.156006,-3.120422,5.889892,8.285522,1.0034299849361688
32.76,0.364746,-0.918701,-0.157227,-2.39563,3.791809,8.247375,1.0008853587929039
32.77,0.365479,-0.913818,-0.164063,-2.189636,1.594543,7.789611,0.9977749769031091
32.78,0.367188,-0.906982,-0.169678,-2.288818,0.007629,6.958007,0.9930931473693693
32.79,0.366455,-0.905029,-0.172852,-2.044678,-0.900268,5.905151,0.9915868957232139
32.8,0.365479,-0.901611,-0.177246,-1.76239,-1.350403,4.692078,0.98888494744232
32.81,0.36499,-0.893799,-0.177979,-1.113892,-2.067566,3.250122,0.981718328718579
32.82,0.369385,-0.888672,-0.175049,-0.213623,-3.341675,1.800537,0.9781745008995073
32.83,0.372559,-0.890625,-0.175293,0.968933,-5.569458,0.38147,0.9811935257404626
32.84,0.369873,-0.896729,-0.177734,2.555847,-8.94928,-0.709534,0.9861634298259088
32.85,0.365723,-0.902588,-0.17627,3.90625,-12.481688,-1.579285,0.9896916304450594
32.86,0.357422,-0.898682,-0.17334,4.516602,-15.556334,-2.204895,0.982561234126403
32.87,0.350586,-0.899414,-0.172607,5.058288,-18.478394,-2.929687,0.9806371720677328
32.88,0.340088,-0.905518,-0.174316,5.867004,-21.072386,-3.669739,0.9828574484247449
32.89,0.328125,-0.909424,-0.170166,6.41632,-23.384092,-3.967285,0.9816692390805571
32.9,0.322021,-0.914307,-0.178711,6.729125,-24.780272,-4.104614,0.9856938856516256
32.91,0.316406,-0.916016,-0.185791,6.881713,-25.466917,-4.28772,0.9867706748647327
32.92,0.312256,-0.916748,-0.191406,7.011413,-26.252745,-4.28772,0.9872015811758001
32.93,0.312012,-0.915771,-0.196777,7.225036,-27.153013,-4.219055,0.9872736197802512
32.94,0.306152,-0.909668,-0.198975,7.225036,-28.213499,-4.241943,0.9802122055723445
32.95,0.302002,-0.904785,-0.198975,7.118225,-28.564451,-4.28009,0.9743880925247393
32.96,0.298828,-0.900879,-0.19751,7.118225,-28.19824,-4.470825,0.9694799360095081
32.97,0.300049,-0.894531,-0.192383,7.209777,-27.351377,-4.78363,0.9629259218917102
32.98,0.296875,-0.894775,-0.182617,7.232666,-25.703428,-5.531311,0.9602635236949283
32.99,0.301758,-0.897705,-0.177979,7.415771,-23.826597,-6.362915,0.9636434413360576
33.0,0.304443,-0.902344,-0.167236,7.728576,-22.499083,-6.889343,0.9668909526316812
33.01,0.305664,-0.902344,-0.158691,7.583618,-21.438597,-7.667541,0.9658353942121816
33.02,0.309326,-0.904541,-0.156982,7.705688,-21.324156,-7.972717,0.968772596268598
33.03,0.312012,-0.901123,-0.155518,8.056641,-22.308348,-8.094788,0.9662090858592668
33.04,0.311279,-0.899658,-0.163086,8.651733,-23.66638,-8.415222,0.9658551528055332
33.05,0.310791,-0.902588,-0.164307,9.45282,-25.184629,-8.750916,0.9686345717937183
33.06,0.310303,-0.905273,-0.16333,9.689331,-26.214598,-9.117126,0.9708160717859999
33.07,0.30835,-0.912598,-0.159424,10.147094,-27.313231,-9.117126,0.9763866262295895
33.08,0.306641,-0.920166,-0.157227,10.795592,-28.228758,-9.025574,0.9825754423788537
33.09,0.305664,-0.927979,-0.159912,11.19995,-28.488157,-9.185791,0.9900239154086128
33.1,0.305908,-0.931152,-0.170654,11.482238,-28.396605,-9.44519,0.9948600601511752
33.11,0.300537,-0.930664,-0.182861,11.657714,-28.045652,-9.780884,0.9949352313522726
33.12,0.299561,-0.927734,-0.198242,11.19995,-27.19116,-9.979248,0.9948502691566202
33.13,0.302002,-0.925049,-0.20166,11.253356,-26.420591,-10.360717,0.99377442913621
33.14,0.30835,-0.922607,-0.20166,10.772704,-25.314329,-10.711669,0.9934536499248467
33.15,0.315674,-0.922363,-0.199951,9.95636,-24.604795,-10.643004,0.9951803758344515
33.16,0.318848,-0.922607,-0.19458,9.048462,-24.269102,-10.31494,0.9953537561857091
33.17,0.322754,-0.921387,-0.182129,8.31604,-23.612974,-10.391234,0.993123920226474
33.18,0.330566,-0.925293,-0.174072,7.629394,-22.560118,-10.673522,0.9978687676187686
33.19,0.341309,-0.932129,-0.165527,7.827758,-22.003172,-11.016845,1.006357537782174
33.2,0.3479,-0.928955,-0.160889,7.67517,-22.125242,-11.291503,1.0049264014573405
33.21,0.3479,-0.925293,-0.155029,7.583618,-22.499083,-11.360168,1.000617577643927
33.22,0.346436,-0.922852,-0.150391,7.728576,-22.994993,-11.421203,0.9971414989263059
33.23,0.346191,-0.912354,-0.144043,7.888793,-23.445127,-11.413573,0.986400737857591
33.24,0.345947,-0.909668,-0.138672,8.346558,-23.872374,-11.642455,0.9830590626289959
33.25,0.338379,-0.903076,-0.134033,8.636475,-24.002073,-12.031554,0.9736587977859595
33.26,0.33374,-0.897705,-0.134033,8.911133,-23.490904,-12.908935,0.9670685082836685
33.27,0.328857,-0.897705,-0.13501,9.460449,-22.750853,-13.732909,0.9655303690583741
33.28,0.325928,-0.9021,-0.136963,10.032654,-21.759031,-14.671325,0.9689026445174974
33.29,0.322021,-0.906006,-0.142334,10.459899,-21.339415,-15.525817,0.9720099608712865
33.3,0.312012,-0.913086,-0.149902,11.123656,-21.469114,-16.265869,0.9764978961288139
33.31,0.304443,-0.920166,-0.157471,11.985778,-21.377562,-16.76178,0.9819308140831512
33.32,0.291992,-0.927246,-0.167725,12.176513,-19.935608,-16.723633,0.9864969073469009
33.33,0.292236,-0.925781,-0.179199,11.886596,-17.524719,-16.296387,0.9872105252974159
33.34,0.293457,-0.925049,-0.18457,11.428832,-15.022277,-15.892028,0.9878758768944609
33.35,0.290283,-0.918457,-0.186035,10.604857,-12.252807,-15.327453,0.9810384814893858
33.36,0.293945,-0.91626,-0.180908,9.620667,-8.255005,-15.541076,0.9791137600345529
33.37,0.303955,-0.917725,-0.182129,8.483887,-3.738403,-15.48767,0.9837574855069718
33.38,0.310303,-0.914063,-0.177246,7.530212,0.366211,-15.228271,0.9814353082572482
33.39,0.314697,-0.907959,-0.17749,6.324768,4.53186,-15.663146,0.9772033808731937
33.4,0.328613,-0.905762,-0.181885,5.653381,8.934021,-16.075134,0.9805475295150153
33.41,0.349609,-0.902832,-0.182617,4.608154,12.519835,-16.319275,0.9852314661002256
33.42,0.357422,-0.896973,-0.18457,3.730774,14.251708,-16.319275,0.9830448279264786
33.43,0.363037,-0.896484,-0.178467,3.158569,15.510558,-16.822815,0.9835293059761869
33.44,0.368408,-0.894287,-0.177734,2.159119,17.181396,-16.822815,0.9833936483367177
33.45,0.379395,-0.888428,-0.176025,1.121521,19.325256,-16.822815,0.9819519732828078
33.46,0.386963,-0.885742,-0.175293,0.160217,21.034239,-16.891479,0.9823476420198707
33.47,0.388672,-0.880859,-0.174805,-0.076294,22.827147,-17.181396,0.978537321459943
33.48,0.398438,-0.87915,-0.180908,-0.305176,25.451658,-17.936707,0.9820311944169594
33.49,0.408936,-0.880371,-0.177734,-0.549316,26.504515,-18.508911,0.9868490890166541
33.5,0.406982,-0.873535,-0.171387,-1.243591,26.420591,-19.187927,0.9788111402706857
33.51,0.4021,-0.871338,-0.16626,-2.120972,27.755735,-19.523621,0.9739387598016622
33.52,0.417236,-0.863525,-0.164551,-3.105163,30.815123,-20.698545,0.9730561838465444
33.53,0.422852,-0.851563,-0.161865,-3.471374,32.371521,-20.988462,0.9644499132137448
33.54,0.420898,-0.849121,-0.163818,-3.64685,31.906126,-20.988462,0.9617681301483222
33.55,0.431396,-0.848633,-0.16333,-3.669739,31.440733,-21.461485,0.9658970785777333
33.56,0.433594,-0.849854,-0.159912,-3.509521,30.334471,-22.224424,0.9673817374211692
33.57,0.440674,-0.851563,-0.162109,-3.387451,28.70941,-22.621153,0.9724363450252155
33.58,0.448242,-0.851807,-0.157959,-3.02124,27.122496,-22.270201,0.9754214994011563
33.59,0.444092,-0.850586,-0.153076,-2.693176,25.535582,-22.003172,0.9716720175223736
33.6,0.442383,-0.85083,-0.151611,-2.39563,24.711607,-21.179197,0.9708760491998966
33.61,0.446777,-0.848877,-0.147949,-1.89209,25.230406,-20.057678,0.970613597400634
33.62,0.455322,-0.839844,-0.144775,-1.335144,24.757383,-19.485474,0.9662379979306341
33.63,0.466553,-0.832275,-0.143066,-0.37384,22.705076,-18.943787,0.9647907844657306
33.64,0.4729,-0.837891,-0.141113,0.38147,19.668579,-17.959595,0.972424093001608
33.65,0.467041,-0.833984,-0.142578,0.869751,16.441345,-17.211914,0.9664290424138752
33.66,0.465332,-0.833984,-0.131104,1.747131,12.603759,-16.601563,0.9639768883619565
33.67,0.46582,-0.828857,-0.131348,1.976013,9.033203,-15.396117,0.9598148237826919
33.68,0.459717,-0.824707,-0.133057,2.960205,5.928039,-14.167785,0.9535122029565222
33.69,0.455566,-0.826904,-0.126221,4.165649,2.853393,-13.557433,0.9524927015011716
33.7,0.460693,-0.82373,-0.122803,5.271911,0.244141,-12.367248,0.9517613828885892
33.71,0.469727,-0.823486,-0.119873,6.256103,-2.044678,-11.642455,0.9555847334768384
33.72,0.463379,-0.826904,-0.12207,7.125854,-3.929138,-11.253356,0.9557151289777722
33.73,0.459717,-0.824707,-0.120361,7.644653,-6.111145,-10.604857,0.9518235793775021
33.74,0.450928,-0.821777,-0.112305,7.972717,-8.239746,-9.666443,0.944068806781582
33.75,0.44751,-0.818604,-0.109619,8.377075,-9.338379,-8.789063,0.9393583097396861
33.76,0.453857,-0.817871,-0.106689,8.499146,-10.093688,-8.300781,0.9414253511622682
33.77,0.458496,-0.820313,-0.103516,8.476257,-10.009766,-7.972717,0.9454351179435848
33.78,0.457764,-0.819824,-0.109375,8.277893,-10.299682,-7.698059,0.9453159055559152
33.79,0.453369,-0.818359,-0.117188,8.544922,-10.414123,-6.980896,0.9428615648047172
33.8,0.45166,-0.821777,-0.119385,9.056091,-8.720398,-5.981445,0.9452867139413311
33.81,0.457764,-0.823975,-0.126465,9.040833,-6.591796,-4.821777,0.9510394716025198
33.82,0.464111,-0.826172,-0.137451,7.972717,-4.440308,-3.814697,0.9575238750579539
33.83,0.474609,-0.82666,-0.149658,6.179809,-2.578735,-3.082275,0.9648927274288059
33.84,0.479004,-0.826172,-0.156006,4.768372,-2.593994,-2.342224,0.9676481166395148
33.85,0.472656,-0.822998,-0.157715,4.051208,-3.65448,-1.426697,0.9620828569125427
33.86,0.466064,-0.818359,-0.156494,4.142761,-4.455566,0.137329,0.9546818721506132
33.87,0.466553,-0.821289,-0.159912,4.737854,-4.646301,1.846313,0.9579974796804008
33.88,0.46875,-0.824463,-0.166748,5.882263,-5.111694,4.196167,0.9629489583425489
33.89,0.462646,-0.823975,-0.17334,5.233764,-3.944397,5.737304,0.9607407962301798
33.9,0.471924,-0.823242,-0.185303,3.211975,-1.190186,6.851196,0.9668385874327731
33.91,0.484619,-0.823486,-0.197754,3.128052,-0.534058,8.979797,0.975751716305434
33.92,0.480957,-0.838379,-0.20166,4.829407,0.167847,12.062072,0.9873528949114395
33.93,0.500732,-0.89502,-0.203613,9.70459,1.502991,16.349792,1.0455867204555536
33.94,0.504395,-0.939697,-0.193115,13.305663,2.967834,21.286009,1.0838533900205323
33.95,0.506348,-0.952148,-0.189209,12.619018,5.172729,24.452208,1.0948854536840829
33.96,0.536377,-0.969727,-0.180664,13.900756,4.150391,26.840208,1.122813529288813
33.97,0.548096,-0.98584,-0.166748,15.670775,-1.304626,28.96118,1.1402169207304371
33.98,0.537354,-0.992188,-0.159424,15.647887,-7.6828,28.533934,1.1395623547818698
33.99,0.552979,-0.995117,-0.153076,14.694213,-13.793944,26.229856,1.1486844126678137
34.0,0.550781,-0.990723,-0.154297,13.122558,-19.584656,23.841856,1.1439839758051684
34.01,0.546143,-0.98877,-0.158936,11.474608,-24.528502,20.13397,1.140701074534867
34.02,0.538086,-0.983643,-0.159424,8.934021,-28.83148,16.044617,1.1324778614264388
34.03,0.526123,-0.972412,-0.158691,6.408691,-33.996582,11.367797,1.116948227248694
34.04,0.505371,-0.965576,-0.158203,3.974914,-39.787292,6.530761,1.101256123082183
34.05,0.473633,-0.966553,-0.154297,2.449036,-43.617245,3.944397,1.0873640074542656
34.06,0.450928,-0.971436,-0.151611,0.595093,-44.960018,1.327515,1.0816699397695213
34.07,0.447021,-0.977051,-0.154297,-0.038147,-45.509335,-1.289368,1.085478694056682
34.08,0.421143,-0.981201,-0.149658,1.342773,-45.890804,-1.13678,1.0781995853338102
34.09,0.395264,-0.973633,-0.141602,2.151489,-41.954037,-0.75531,1.0603046613068339
34.1,0.375244,-0.949463,-0.126953,0.595093,-34.034729,-2.532959,1.0287881765037932
34.11,0.358643,-0.921875,-0.115723,-2.349854,-25.825499,-6.088256,0.9959267692973214
34.12,0.376709,-0.914551,-0.108154,-3.799438,-18.585205,-10.223388,0.9949927085149921
34.13,0.37793,-0.910645,-0.092041,-3.173828,-15.480041,-10.841369,0.9902408528262202
34.14,0.360596,-0.880371,-0.075928,-3.65448,-15.2359,-11.657714,0.9543833789630874
34.15,0.349365,-0.847412,-0.06543,-3.578186,-15.769958,-13.069152,0.9189363883691841
34.16,0.337891,-0.820313,-0.056885,-2.906799,-17.478943,-13.839721,0.8889992401993378
34.17,0.323975,-0.806641,-0.047607,-1.747131,-19.874573,-14.22119,0.8705721853786739
34.18,0.328125,-0.799561,-0.038818,-0.930786,-22.224424,-14.335631,0.8651419799489561
34.19,0.33252,-0.79834,-0.031982,-0.137329,-25.573729,-14.526366,0.865412707512433
34.2,0.337402,-0.790771,-0.025146,0.541687,-29.281614,-14.343261,0.860111158723685
34.21,0.345459,-0.792236,-0.022705,1.647949,-32.524109,-14.122008,0.8645781152689443
34.22,0.351807,-0.808105,-0.016846,2.365112,-35.079956,-13.938903,0.881524613377301
34.23,0.354492,-0.818848,-0.016113,2.487183,-37.109375,-13.572692,0.8924327727829139
34.24,0.354248,-0.837646,-0.007568,2.502441,-38.993835,-12.33673,0.9095052179311562
34.25,0.357666,-0.856689,-0.003906,1.945495,-40.573116,-10.589599,0.9283621422230659
34.26,0.359863,-0.877197,-0.001709,1.708984,-42.007442,-8.674622,0.9481449658459408
34.27,0.364502,-0.902344,-0.000732,1.281738,-42.961117,-6.706237,0.973183917953847
34.28,0.366455,-0.933105,0.003174,0.663757,-43.655392,-4.66156,1.002489043494242
34.29,0.368164,-0.960449,0.004395,-0.106812,-43.968197,-2.410889,1.0286040679104862
34.3,0.36792,-0.983398,0.015869,-0.823975,-43.55621,-0.305176,1.0500897951913446
34.31,0.370117,-1.004883,0.019287,-1.518249,-42.381283,1.617432,1.0710501509019081
34.32,0.365479,-1.014404,0.022705,-2.250671,-40.046692,3.311157,1.0784738715805775
34.33,0.362793,-1.021729,0.029541,-2.731323,-36.338806,4.165649,1.0846296976254155
34.34,0.358643,-1.0271,0.037109,-3.173828,-31.242369,4.53186,1.0885477891806128
34.35,0.352051,-1.023193,0.04248,-3.417969,-25.093077,4.516602,1.082898135675743
34.36,0.346191,-1.015869,0.049316,-3.288269,-17.868042,4.096985,1.0743696298285799
34.37,0.337646,-1.002441,0.052734,-2.845764,-10.093688,3.379822,1.0590909566949385
34.38,0.326416,-0.979004,0.050049,-1.76239,-2.326965,2.26593,1.033199467418078
34.39,0.31543,-0.942871,0.043457,-0.221252,5.058288,0.823975,0.9951835601485788
34.4,0.311523,-0.9104,0.029053,1.708984,11.466979,-0.785828,0.9626623584299948
34.41,0.313965,-0.883057,0.012207,3.608703,15.686034,-2.227783,0.9372900817372389
34.42,0.312012,-0.861816,-0.002686,5.577087,17.578125,-3.440857,0.9165617931138085
34.43,0.321045,-0.848877,-0.010986,7.865905,19.15741,-4.562378,0.9076247822475982
34.44,0.341064,-0.835938,-0.009766,9.338379,19.081116,-5.455017,0.9028911156368745
34.45,0.346191,-0.828613,-0.008057,11.184691,15.945434,-6.019592,0.8980604809805406
34.46,0.342773,-0.830078,-0.003906,13.397216,11.383056,-5.813598,0.8980746474814886
34.47,0.340088,-0.840576,-0.005615,15.525817,7.56073,-4.814148,0.9067851938276231
34.48,0.338379,-0.847656,-0.014648,16.975403,3.768921,-3.227234,0.9128174000757217
34.49,0.345215,-0.858398,-0.017334,18.302917,0.076294,-1.091003,0.9253761344366949
34.5,0.350586,-0.866943,-0.021729,19.195557,-3.288269,1.518249,0.9353998386176898
34.51,0.353271,-0.868896,-0.027832,19.622803,-5.844116,4.127502,0.938379069715965
34.52,0.349365,-0.874023,-0.034424,19.78302,-7.057189,6.645202,0.9418901844323466
34.53,0.343994,-0.880859,-0.041748,19.462585,-6.42395,9.338379,0.9465660808527844
34.54,0.341797,-0.891602,-0.051758,18.77594,-4.501343,12.039184,0.9562730813826142
34.55,0.342773,-0.902832,-0.05835,17.982483,-2.128601,14.801024,0.9674728276561569
34.56,0.347412,-0.912109,-0.061279,16.921997,0.106812,17.593384,0.9779534965763965
34.57,0.349854,-0.924316,-0.063232,15.594481,2.326965,20.195005,0.9903313460635284
34.58,0.353516,-0.936523,-0.066895,14.404296,4.837036,22.552488,1.003256613638804
34.59,0.351807,-0.94165,-0.074463,13.061522,7.827758,24.658201,1.0079769968198677
34.6,0.353516,-0.945801,-0.085693,11.474608,11.123656,26.771544,1.013339224596581
34.61,0.358398,-0.946289,-0.096191,9.849548,14.60266,28.533934,1.016447099659397
34.62,0.361328,-0.946533,-0.111084,7.843017,18.486023,29.678343,1.0192263236048213
34.63,0.361572,-0.946777,-0.123535,5.294799,22.956846,30.174253,1.0209710549951942
34.64,0.366699,-0.943604,-0.130859,2.63977,27.519224,30.387877,1.0207745800606518
34.65,0.367676,-0.94165,-0.138428,-0.267029,32.241821,30.502317,1.0203198883977513
34.66,0.358887,-0.94458,-0.149658,-3.059387,38.063049,29.663084,1.0214836132474177
34.67,0.362793,-0.929932,-0.144775,-7.881164,47.744747,27.404783,1.0086387292276655
34.68,0.385498,-0.911133,-0.14209,-11.512755,53.825375,27.656553,0.9994806750472967
34.69,0.383789,-0.899658,-0.132324,-13.832091,56.03027,27.847288,0.9870097033266695
34.7,0.376709,-0.894775,-0.111328,-15.571593,58.143612,27.343748,0.9772030980763415
34.71,0.400635,-0.899414,-0.092529,-17.00592,58.227535,26.56555,0.9889466934380235
34.72,0.419189,-0.897949,-0.077637,-17.440796,54.817196,26.771544,0.9940117343829498
34.73,0.430664,-0.888672,-0.063965,-16.822815,48.278805,26.30615,0.9895963448320735
34.74,0.432373,-0.873535,-0.054199,-16.693115,41.114803,24.917601,0.9761902165843499
34.75,0.4375,-0.873047,-0.047363,-16.38031,34.706116,24.284361,0.9776812200190816
34.76,0.424316,-0.87793,-0.042236,-17.25769,31.120298,24.864195,0.9760066764382301
34.77,0.418945,-0.872559,-0.035156,-18.569946,30.84564,25.177,0.9685608219631847
34.78,0.422607,-0.874268,-0.031494,-20.065308,32.88269,25.665281,0.9715621875664986
34.79,0.432129,-0.878906,-0.031738,-21.591185,33.752441,26.504515,0.9799074089530091
34.8,0.42627,-0.877686,-0.031494,-21.804808,31.34918,27.404783,0.9762329125429033
34.81,0.416748,-0.890137,-0.027832,-21.415709,30.4718,27.931211,0.9832585593306574
34.82,0.42749,-0.89917,-0.021973,-21.446226,29.922483,29.174803,0.9958600311936412
34.83,0.410645,-0.891357,-0.019043,-21.560667,29.052732,30.326841,0.98158507187253
34.84,0.414063,-0.885498,-0.019775,-22.369383,30.281065,31.341551,0.9777248726497655
34.85,0.41748,-0.898438,-0.020508,-22.056578,30.586241,31.547544,0.9909091624906896
34.86,0.4104,-0.909668,-0.023682,-21.492002,31.86035,31.280516,0.9982408864337305
34.87,0.431396,-0.906494,-0.023438,-21.865843,33.439636,31.646727,1.0041828621799915
34.88,0.415283,-0.914551,-0.022217,-21.621702,31.967161,31.059263,1.0046676548884212
34.89,0.406982,-0.942383,-0.013428,-21.003721,33.729553,29.914854,1.026596502135576
34.9,0.415771,-0.961914,-0.01416,-21.347044,36.468506,29.945372,1.0480193573770478
34.91,0.414307,-0.998047,-0.009766,-20.111082,39.756775,29.495237,1.0806680707849197
34.92,0.414063,-1.018799,-0.01416,-19.836426,44.18182,29.045103,1.0998182013269284
34.93,0.417969,-1.036865,-0.016602,-19.699097,50.109859,28.305052,1.1180620463954583
34.94,0.422607,-1.05542,-0.04248,-20.088194,56.40411,26.206968,1.1376786027912276
34.95,0.39917,-1.0979,-0.061035,-21.781919,71.250916,24.978636,1.1698061250160217
34.96,0.44165,-1.147217,-0.095703,-24.04785,85.533134,24.314878,1.233012827101973
34.97,0.442139,-1.19458,-0.110107,-28.861998,97.93853,21.110533,1.2785272086154442
34.98,0.4729,-1.195557,-0.141113,-37.04834,104.309074,20.462034,1.2934078355329381
34.99,0.491211,-1.163818,-0.165039,-41.343685,100.21209,20.881651,1.2739695660281685
35.0,0.476318,-1.117432,-0.175293,-42.228695,89.279167,18.066406,1.2272981494310988
35.01,0.456787,-1.048584,-0.181885,-41.336056,75.630188,14.488219,1.158129924339234
35.02,0.448975,-0.965332,-0.184326,-35.91156,57.365414,8.995056,1.0804723481538063
35.03,0.44165,-0.902344,-0.174316,-24.688719,35.018921,-0.221252,1.0196398799046653
35.04,0.430176,-0.883545,-0.155029,-11.71112,10.498046,-9.361267,0.9948553406611436
35.05,0.417236,-0.886963,-0.157227,-0.045776,-14.48059,-16.067505,0.9927283478343912
35.06,0.389893,-0.865479,-0.174316,7.469177,-38.17749,-20.324705,0.965119950444503
35.07,0.345215,-0.843994,-0.181885,13.450622,-57.701107,-23.231504,0.9298287054538594
35.08,0.312012,-0.847412,-0.171631,17.868042,-73.371887,-24.711607,0.9191930080505399
35.09,0.283447,-0.845703,-0.176758,18.539429,-85.861198,-26.458738,0.9092849699527645
35.1,0.247803,-0.842529,-0.171631,18.119812,-93.879692,-28.266905,0.8948288343649862
35.11,0.218018,-0.844971,-0.151611,15.533446,-93.521111,-28.778074,0.8857165090964491
35.12,0.204346,-0.84082,-0.146484,9.643555,-83.82415,-28.144835,0.877606473524438
35.13,0.209961,-0.827148,-0.143311,4.547119,-70.81604,-28.503416,0.8653296933227242
35.14,0.217773,-0.820313,-0.139648,0.846863,-58.639523,-28.602598,0.8601395592588449
35.15,0.231445,-0.825439,-0.136963,-2.449036,-49.148556,-29.594419,0.8681446850122392
35.16,0.218262,-0.852539,-0.128174,-4.066467,-42.5415,-30.921934,0.8893197520807687
35.17,0.185059,-0.885742,-0.12085,-5.439758,-32.211304,-32.058716,0.9129022108336686
35.18,0.16333,-0.903564,-0.10376,-7.43103,-16.471863,-31.85272,0.9240512586409911
35.19,0.186768,-0.910645,-0.090332,-10.665893,3.730774,-31.791685,0.9339788391997969
35.2,0.23877,-0.907959,-0.084229,-13.587951,18.836975,-32.913208,0.9426002243910193
35.21,0.264648,-0.909424,-0.077393,-13.671874,22.644041,-35.140991,0.9503053467854424
35.22,0.259766,-0.92334,-0.077881,-12.725829,18.386841,-36.911011,0.9623411975578101
35.23,0.237549,-0.940186,-0.077393,-11.749267,11.154174,-38.269043,0.9728149456325185
35.24,0.223145,-0.967041,-0.079834,-10.459899,3.814697,-38.734436,0.9956583019600651
35.25,0.226074,-0.991943,-0.124023,-8.575439,-5.203247,-38.414001,1.0249107635565156
35.26,0.244873,-1.03418,-0.137695,0.022888,-24.337767,-35.636902,1.0716580478650828
35.27,0.205322,-1.056396,-0.131104,3.791809,-42.846676,-36.354065,1.0841207918474767
35.28,0.209717,-1.048584,-0.15625,3.067016,-53.787228,-37.879944,1.0807051807246044
35.29,0.225586,-1.068604,-0.133301,5.958557,-67.558289,-37.406921,1.1002602913915418
35.3,0.178711,-1.071533,-0.148193,2.6474,-79.200745,-37.361145,1.0963948909307266
35.31,0.12207,-1.037354,-0.163086,-3.707886,-81.092827,-39.543152,1.0571667085242518
35.32,0.088135,-1.039063,-0.18335,-3.997802,-74.111938,-42.579647,1.058790309123577
35.33,0.065674,-1.050537,-0.186523,-2.510071,-65.216064,-43.830868,1.0689863854016104
35.34,0.053467,-1.037598,-0.203857,-3.135681,-54.199215,-45.478817,1.058785155799797
35.35,0.038086,-1.035889,-0.20459,-2.624511,-44.860836,-44.883724,1.0565858374107613
35.36,0.039551,-1.032715,-0.210449,-3.578186,-35.194397,-42.625423,1.0546816270453374
35.37,0.031738,-1.017822,-0.218262,-5.004883,-26.107786,-37.734985,1.041444777687228
35.38,0.027344,-0.984131,-0.222412,-7.598876,-17.745972,-32.653809,1.0093208693180777
35.39,0.036377,-0.960693,-0.21582,-9.895325,-8.483887,-29.228209,0.9853083775032059
35.4,0.052979,-0.942383,-0.201416,-11.772155,1.617432,-23.109434,0.9651222192997113
35.41,0.081787,-0.921143,-0.189453,-14.175414,11.390685,-16.326904,0.9439735054687711
35.42,0.099609,-0.908936,-0.16626,-15.129088,18.409729,-9.979248,0.9293702128737503
35.43,0.104492,-0.899414,-0.150635,-15.853881,26.69525,-3.555298,0.9179079609007649
35.44,0.118164,-0.887451,-0.14502,-16.029358,33.622742,3.868103,0.9069524842553771
35.45,0.132324,-0.884766,-0.138184,-14.640807,38.05542,10.665893,0.9052156282278826
35.46,0.134033,-0.892822,-0.141113,-14.518737,41.557308,17.707825,0.9137881852716196
35.47,0.136719,-0.898438,-0.143066,-15.663146,46.043392,25.581358,0.9199732632859501
35.48,0.141357,-0.89917,-0.135986,-17.700195,53.550716,32.562256,0.9203155342299726
35.49,0.133057,-0.900635,-0.141602,-19.432068,66.444397,38.398743,0.9213569855805077
35.5,0.163574,-0.911377,-0.1521,-19.142151,81.222527,42.304989,0.9383490286695032
35.51,0.221924,-0.898926,-0.166504,-18.52417,87.966911,45.433041,0.9407666008463523
35.52,0.234375,-0.903076,-0.166016,-16.418457,87.028496,49.118038,0.9476493099543734
35.53,0.216797,-0.922607,-0.174805,-16.860962,89.99633,51.887508,0.9637226798633515
35.54,0.222656,-0.939453,-0.182129,-20.065308,101.402275,51.87225,0.9825062881152467
35.55,0.25708,-0.943848,-0.191162,-23.071287,114.967339,50.994869,0.996735714092758
35.56,0.299316,-0.955566,-0.198975,-25.398252,125.686638,49.194332,1.0209248252623695
35.57,0.334229,-0.967285,-0.198486,-27.770994,133.293152,46.089169,1.0424710968952569
35.58,0.363037,-0.980469,-0.200684,-29.891966,139.457703,42.137142,1.0646076231109751
35.59,0.377441,-0.98584,-0.196289,-32.424927,144.90509,39.100647,1.073718578400318
35.6,0.40918,-0.978516,-0.197021,-36.911011,151.954651,34.53064,1.0787674026855836
35.61,0.442383,-0.955322,-0.191406,-40.328976,154.968262,31.066893,1.0700369616088035
35.62,0.453369,-0.936768,-0.175293,-41.969296,152.824402,28.190611,1.0553697796668238
35.63,0.459961,-0.913818,-0.17041,-43.037411,149.246216,24.353025,1.0371436866437553
35.64,0.464844,-0.905273,-0.157227,-42.716976,145.545959,19.927979,1.0297181548336418
35.65,0.484131,-0.887695,-0.154785,-42.137142,142.196655,15.190124,1.022909396970719
35.66,0.494629,-0.870117,-0.146484,-39.772034,136.543274,10.833739,1.0115428827222304
35.67,0.496338,-0.862061,-0.133789,-37.361145,130.79834,6.515502,1.0036932173159285
35.68,0.498535,-0.85498,-0.130371,-35.675049,125.65612,2.410889,0.9982607596545103
35.69,0.502441,-0.844482,-0.128662,-33.966064,119.99511,-0.961304,0.9910351744761636
35.7,0.505371,-0.833252,-0.115723,-31.738279,112.815849,-3.27301,0.9813768674031399
35.71,0.498535,-0.824951,-0.114746,-29.243467,104.454033,-5.180358,0.9706945673804918
35.72,0.493408,-0.815918,-0.112061,-26.359556,94.520561,-6.195068,0.9600683855377179
35.73,0.486328,-0.813721,-0.111572,-23.399351,84.259026,-6.706237,0.9545182557756557
35.74,0.47876,-0.811523,-0.11499,-20.774839,75.019836,-6.866455,0.9492119980431136
35.75,0.483643,-0.814697,-0.116455,-17.852783,66.795349,-6.67572,0.9545698090150347
35.76,0.485596,-0.81665,-0.12085,-14.60266,58.326717,-6.317138,0.9577710687925377
35.77,0.489258,-0.822266,-0.124512,-11.276244,48.507687,-5.645751,0.9648823780461534
35.78,0.489014,-0.82666,-0.131104,-7.766723,37.658691,-4.997253,0.9693759366788511
35.79,0.481201,-0.828369,-0.133545,-4.547119,26.741026,-4.28009,0.967255844948481
35.8,0.475098,-0.830811,-0.132813,-1.556396,16.387939,-3.341675,0.9662320219771232
35.81,0.464111,-0.834229,-0.137695,1.495361,6.362915,-2.128601,0.9645190292508489
35.82,0.44751,-0.838623,-0.134521,4.302979,-2.616882,-0.907898,0.9600258515633837
35.83,0.428223,-0.841797,-0.136475,6.141662,-9.666443,-0.114441,0.9542654518335032
35.84,0.415527,-0.847656,-0.134033,8.407593,-15.594481,0.907898,0.9534926466176863
35.85,0.407959,-0.855469,-0.129639,10.284423,-20.347593,1.831055,0.9565897898069998
35.86,0.400635,-0.861084,-0.127686,11.466979,-24.597166,2.616882,0.9582681111656591
35.87,0.391113,-0.868896,-0.132813,12.321471,-28.610228,3.440857,0.9620753247817969
35.88,0.385498,-0.876221,-0.13916,12.443542,-32.485962,4.386902,0.9673352337452616
35.89,0.379395,-0.884277,-0.138672,12.619018,-36.270142,5.332946,0.9721709223886507
35.9,0.37793,-0.89624,-0.141602,12.542724,-39.398193,5.638122,0.9829182819054695
35.91,0.374268,-0.908936,-0.140625,12.428283,-41.625973,5.424499,0.992983674863288
35.92,0.373291,-0.920898,-0.142578,12.153625,-43.495174,5.081176,1.003856455460142
35.93,0.370605,-0.93042,-0.142578,11.940001,-44.853207,4.608154,1.0116115502054137
35.94,0.359619,-0.945801,-0.143799,11.482238,-44.441219,4.646301,1.0220291136572381
35.95,0.357178,-0.958252,-0.147461,11.009215,-42.213436,4.692078,1.0332317095932548
35.96,0.361084,-0.971191,-0.149414,11.245727,-39.268494,4.226685,1.0468610972488184
35.97,0.365234,-0.981445,-0.157959,10.986327,-37.361145,3.753662,1.0590473117203028
35.98,0.367676,-0.980225,-0.164795,9.414673,-36.399841,3.181457,1.0598037948724282
35.99,0.369141,-0.96875,-0.169922,7.255554,-35.903931,1.823425,1.0505308783967275
36.0,0.361084,-0.954346,-0.171875,5.256652,-34.629822,-0.022888,1.0347458424159046
36.01,0.354004,-0.949707,-0.167725,3.089905,-31.875608,-2.204895,1.0273236556655356
36.02,0.349854,-0.946289,-0.164063,1.190186,-27.755735,-4.196167,1.0221435128229306
36.03,0.357666,-0.932617,-0.159912,-1.823425,-23.521421,-6.874084,1.011568724303495
36.04,0.35376,-0.907959,-0.154541,-4.707336,-19.180298,-9.986877,0.9866197869301021
36.05,0.348877,-0.904785,-0.144775,-4.66156,-13.381957,-11.535644,0.9804646133231938
36.06,0.352783,-0.915771,-0.139648,-3.997802,-8.537292,-12.20703,0.9912587620969613
36.07,0.352783,-0.924316,-0.133545,-3.39508,-6.706237,-12.931823,0.9983236849689584
36.08,0.345215,-0.911621,-0.131836,-4.074097,-6.614685,-13.572692,0.98367015546981
36.09,0.336914,-0.909424,-0.130859,-4.089355,-6.561279,-13.786315,0.9786149053907773
36.1,0.336182,-0.911621,-0.131104,-4.356384,-6.271362,-13.694762,0.9804383935673878
36.11,0.344727,-0.921387,-0.136963,-4.78363,-6.462097,-12.786864,0.9932520182043426
36.12,0.343018,-0.934082,-0.135254,-4.776001,-6.736755,-11.047362,1.004223170198736
36.13,0.346191,-0.937744,-0.125977,-4.837036,-6.79779,-9.239197,1.007512889518541
36.14,0.355225,-0.931641,-0.116699,-4.508972,-6.484985,-6.851196,1.0038717099843983
36.15,0.371826,-0.922119,-0.105957,-3.501892,-7.789611,-4.53949,0.9998924493594299
36.16,0.388916,-0.908447,-0.105469,-1.686096,-11.70349,-1.968384,0.9938084910212832
36.17,0.397705,-0.889893,-0.114014,0.495911,-18.829346,1.182556,0.9813653808189894
36.18,0.401855,-0.876709,-0.125244,2.349854,-27.473448,4.318237,0.9725184683295223
36.19,0.395996,-0.864502,-0.133545,3.128052,-35.682678,6.91986,0.9602139381643031
36.2,0.397217,-0.861816,-0.133301,3.440857,-42.785641,8.613586,0.95826787462901
36.21,0.380127,-0.856445,-0.135254,3.082275,-47.805782,9.437561,0.9467249963268108
36.22,0.372803,-0.85376,-0.128906,2.372742,-49.903866,9.529114,0.9404812444940089
36.23,0.374512,-0.875732,-0.126221,2.693176,-51.322933,8.68988,0.9607796390478932
36.24,0.367676,-0.885498,-0.122559,2.571106,-53.428646,7.102966,0.9665987054931328
36.25,0.354492,-0.887695,-0.119873,2.700805,-55.366512,5.821228,0.963346524993992
36.26,0.339111,-0.895264,-0.116455,3.334045,-55.488583,4.196167,0.964393937684181
36.27,0.331299,-0.906006,-0.11792,3.868103,-54.588314,2.410889,0.9718595710476899
36.28,0.322998,-0.910889,-0.12085,4.325867,-53.25317,1.205444,0.973987269334153
36.29,0.300537,-0.916016,-0.125488,3.723144,-49.270626,0.053406,0.9721908448288331
36.3,0.291016,-0.919434,-0.134521,1.937866,-41.999813,-1.434326,0.9737274218450459
36.31,0.285889,-0.923096,-0.128418,-0.099182,-33.164978,-3.128052,0.9748486694154124
36.32,0.281982,-0.929932,-0.116211,-1.991272,-23.15521,-4.684448,0.9786686719564491
36.33,0.277832,-0.93335,-0.106201,-3.044128,-13.412475,-6.065368,0.9795976189870003
36.34,0.270508,-0.937256,-0.098145,-3.540039,-4.730225,-6.690979,0.9804365500250386
36.35,0.269531,-0.935303,-0.10083,-4.104614,3.059387,-6.713867,0.9785731197360779
36.36,0.280029,-0.928467,-0.108154,-4.501343,9.536743,-6.057739,0.9757891671083463
36.37,0.289551,-0.923584,-0.118896,-5.020141,14.694213,-4.974365,0.9751838008667905
36.38,0.298584,-0.917969,-0.128418,-5.310058,18.600464,-3.829956,0.9738124422808532
36.39,0.305176,-0.908203,-0.140137,-5.828857,22.361753,-2.449036,0.9682992610520779
36.4,0.319336,-0.901367,-0.14624,-6.233215,25.741575,-0.984192,0.9673800117766544
36.41,0.328857,-0.900635,-0.148193,-6.805419,28.511045,0.160217,0.9701811660318912
36.42,0.333496,-0.904053,-0.151611,-7.392883,31.60858,1.205444,0.9754574845404591
36.43,0.337891,-0.905029,-0.153564,-8.148193,34.553528,2.677917,0.9781767329158877
36.44,0.337158,-0.902832,-0.156982,-8.987427,36.598206,4.096985,0.9764345782037832
36.45,0.338379,-0.896973,-0.157471,-9.300232,38.314819,5.15747,0.9715235592670927
36.46,0.346191,-0.897461,-0.153809,-9.010315,39.741516,6.156921,0.9741363680116865
36.47,0.357422,-0.898682,-0.15332,-8.453369,40.267941,6.599426,0.9792276781259811
36.48,0.362061,-0.898193,-0.154297,-7.606506,39.56604,6.92749,0.980635710740232
36.49,0.366455,-0.900391,-0.155273,-6.774902,38.604736,7.347106,0.9844302537178549
36.5,0.368164,-0.900879,-0.154785,-6.080627,37.750244,7.728576,0.9854370095353635
36.51,0.375,-0.90332,-0.153564,-5.462646,36.781311,8.110046,0.9900474354777149
36.52,0.38916,-0.90332,-0.159424,-5.279541,35.484314,8.850098,0.9964178540030282
36.53,0.402588,-0.904785,-0.164063,-5.180358,33.050537,9.727478,1.0038075821281685
36.54,0.411865,-0.909668,-0.164063,-4.936218,28.930662,10.559081,1.011951242114955
36.55,0.412354,-0.909424,-0.161133,-4.928589,24.856565,11.360168,1.0114601706350084
36.56,0.410156,-0.901123,-0.157227,-5.317688,21.575926,12.062072,1.0024823863759402
36.57,0.410156,-0.898682,-0.151611,-5.447387,19.081116,12.573241,0.9994214210136783
36.58,0.410156,-0.905273,-0.153076,-5.058288,16.044617,12.580871,1.0055741696369294
36.59,0.399658,-0.900391,-0.156006,-4.684448,12.634276,12.313842,0.9973807406808094
36.6,0.389648,-0.885498,-0.155518,-4.455566,10.536193,11.894225,0.9798561732376849
36.61,0.383789,-0.872314,-0.150635,-3.929138,9.70459,11.299132,0.9648402014541061
36.62,0.37915,-0.865967,-0.14502,-3.15094,9.971619,10.421752,0.9563913257600155
36.63,0.37793,-0.861084,-0.140381,-2.13623,10.459899,9.391785,0.9507910207385216
36.64,0.381104,-0.856934,-0.138672,-1.243591,11.192321,8.422852,0.9480538290392587
36.65,0.387695,-0.867676,-0.136963,-0.37384,11.19995,7.202148,0.9601707751072202
36.66,0.393311,-0.875244,-0.132813,0.137329,10.398864,6.202697,0.968702686703201
36.67,0.401611,-0.883789,-0.122803,0.617981,8.773804,5.775451,0.9784962793240453
36.68,0.405518,-0.895264,-0.118896,1.098633,6.889343,5.40924,0.9899892609700369
36.69,0.408203,-0.901123,-0.123779,1.296997,5.195617,4.974365,0.9969822421583044
36.7,0.406006,-0.907715,-0.124756,1.25885,4.180908,4.623413,1.0021733646415674
36.71,0.406738,-0.911133,-0.129395,1.083374,4.020691,4.196167,1.0061521805164466
36.72,0.39917,-0.911133,-0.134033,0.740051,4.226685,3.746032,1.0037254991669784
36.73,0.396484,-0.912109,-0.133057,0.228882,5.134582,3.27301,1.0034174382509007
36.74,0.393311,-0.912842,-0.131836,-0.198364,6.431579,2.784729,1.0026738206321137
36.75,0.391846,-0.912598,-0.126953,-0.50354,7.453918,2.250671,1.0012469533182111
36.76,0.387695,-0.911133,-0.126709,-0.846863,7.93457,1.670837,0.9982614524236624
36.77,0.383301,-0.912109,-0.127441,-1.060486,7.92694,1.060486,0.997548842394697
36.78,0.380615,-0.911133,-0.127197,-1.235962,8.033752,0.732422,0.9955953991069866
36.79,0.376221,-0.903076,-0.12793,-1.358032,8.262634,0.411987,0.9866380225376478
36.8,0.371582,-0.902832,-0.126221,-1.274109,8.300781,0.259399,0.9844341236410895
36.81,0.36792,-0.903809,-0.130615,-1.274109,8.728027,0.480652,0.9845283708994881
36.82,0.367432,-0.903076,-0.141846,-1.205444,9.918213,1.045227,0.9852272956612601
36.83,0.373291,-0.904053,-0.149658,-1.38855,11.192321,1.785278,0.9894723414295116
36.84,0.380615,-0.906982,-0.156494,-1.731872,11.95526,2.601623,0.9959791657384204
36.85,0.388428,-0.906494,-0.159912,-2.098083,12.077331,3.456115,0.9990893508410547
36.86,0.394287,-0.9021,-0.161621,-2.433777,11.619567,3.936767,0.9976813098429779
36.87,0.393311,-0.904297,-0.15918,-2.677917,11.138915,3.929138,0.9988918256397937
36.88,0.391846,-0.907715,-0.158691,-2.792358,10.551452,3.578186,1.0013354295249919
36.89,0.391602,-0.905029,-0.1604,-2.944946,10.093688,3.059387,0.9990784640082079
36.9,0.390381,-0.900635,-0.164307,-2.990722,9.597778,2.288818,0.995257513729487
36.91,0.390137,-0.894531,-0.16626,-2.853393,9.162903,1.579285,0.9899671592179208
36.92,0.393555,-0.89502,-0.169189,-2.456665,8.758545,0.946045,0.992255640521131
36.93,0.399414,-0.901611,-0.167969,-2.174377,7.865905,0.38147,1.0003237094450976
36.94,0.406006,-0.902344,-0.171143,-2.441406,6.736755,0.228882,1.004169055896964
36.95,0.411377,-0.906738,-0.169434,-2.601623,4.928589,-0.335693,1.010006295588795
36.96,0.408203,-0.904297,-0.169922,-2.845764,2.334595,-1.106262,1.0066062981632888
36.97,0.401855,-0.902832,-0.156982,-2.815246,-0.648498,-1.861572,1.0006180138159617
36.98,0.388428,-0.896484,-0.148193,-2.334595,-3.204345,-2.601623,0.988190790631546
36.99,0.379395,-0.893555,-0.143555,-1.693725,-4.966736,-3.456115,0.9813201017379598
37.0,0.369385,-0.884521,-0.140137,-1.235962,-5.516052,-3.974914,0.968741996836619
37.01,0.367188,-0.881592,-0.134277,-0.801086,-5.767822,-4.325867,0.9643971145420335
37.02,0.36792,-0.880127,-0.131348,-0.259399,-6.080627,-4.257202,0.9629335177638174
37.03,0.367676,-0.878418,-0.133789,0.198364,-6.599426,-4.28009,0.9616149542415613
37.04,0.362305,-0.87793,-0.136475,0.587463,-7.148742,-4.219055,0.9595058225722238
37.05,0.360107,-0.883057,-0.136475,0.938415,-8.19397,-3.990173,0.9633753901377178
37.06,0.354492,-0.88623,-0.127197,1.480102,-9.315491,-3.585815,0.9629367932387878
37.07,0.349609,-0.88501,-0.125488,1.914978,-10.44464,-3.097534,0.9598001829156941
37.08,0.347412,-0.889893,-0.124756,2.616882,-11.146544,-2.349854,0.9634151279323987
37.09,0.343506,-0.898682,-0.127686,3.265381,-11.596679,-1.823425,0.9705304857427199
37.1,0.343994,-0.899414,-0.128906,3.875732,-11.749267,-1.426697,0.9715421618581461
37.11,0.351563,-0.897949,-0.133301,4.455566,-11.924743,-0.846863,0.9734875993925141
37.12,0.355713,-0.901367,-0.137939,4.91333,-11.96289,-0.244141,0.9787856633497448
37.13,0.356689,-0.900391,-0.144531,5.355834,-12.176513,0.411987,0.9791936506958162
37.14,0.352783,-0.905029,-0.14917,5.531311,-11.978148,0.663757,0.9827436211087812
37.15,0.352051,-0.908691,-0.148926,5.40924,-11.276244,0.457764,0.9858185398733379
37.16,0.351318,-0.907227,-0.149414,5.218505,-10.231017,-0.015259,0.984281316519317
37.17,0.350098,-0.905518,-0.143066,4.852295,-9.094238,-1.052856,0.98132529687357
37.18,0.343506,-0.901123,-0.13501,4.364014,-7.606506,-2.220154,0.9737796122660404
37.19,0.34082,-0.899414,-0.130859,3.799438,-5.653381,-3.036499,0.9706842399446898
37.2,0.341309,-0.893799,-0.137207,3.364563,-3.608703,-3.875732,0.9665372453925405
37.21,0.342773,-0.892822,-0.13916,3.27301,-1.800537,-4.524231,0.9664315593010195
37.22,0.344971,-0.893066,-0.140869,2.975464,-0.259399,-4.898071,0.9676858717362778
37.23,0.349609,-0.896484,-0.135986,2.616882,1.243591,-5.134582,0.9718035847500254
37.24,0.353271,-0.897461,-0.135254,2.502441,2.243042,-5.439758,0.9739251975783355
37.25,0.351563,-0.900635,-0.134277,2.502441,2.685547,-5.569458,0.9760995128177249
37.26,0.351074,-0.90332,-0.136719,2.326965,3.509521,-5.722045,0.9787400374139192
37.27,0.353271,-0.906982,-0.138428,2.082825,4.135132,-6.103515,0.9831475265437023
37.28,0.349854,-0.911377,-0.134033,2.220154,4.341125,-6.561279,0.9853784564998364
37.29,0.343262,-0.914063,-0.133545,2.616882,4.631042,-7.080078,0.9854817277037662
37.3,0.336914,-0.908447,-0.130127,2.426147,5.592346,-7.270813,0.9776093449502209
37.31,0.339111,-0.901123,-0.126709,2.738952,6.629943,-7.316589,0.9711200245752325
37.32,0.343994,-0.898193,-0.126221,3.875732,6.866455,-7.286071,0.970058904461992
37.33,0.346924,-0.889404,-0.127686,4.585266,6.896972,-6.996154,0.9631715587516068
37.34,0.351563,-0.881348,-0.127686,5.378723,6.645202,-6.41632,0.9574312271223454
37.35,0.357178,-0.881348,-0.130371,6.29425,5.691528,-5.477905,0.9598682297216634
37.36,0.363281,-0.882568,-0.127686,7.019042,4.173279,-4.096985,0.9629138456689674
37.37,0.369629,-0.881348,-0.129639,7.385253,2.14386,-2.258301,0.964471961783234
37.38,0.378174,-0.883057,-0.132324,7.637023,-0.396728,-0.556946,0.9696983451058375
37.39,0.387207,-0.886963,-0.135254,7.728576,-3.166198,0.549316,0.9772032893589747
37.4,0.389648,-0.892334,-0.133789,7.797241,-6.187438,1.365662,0.9828453733833211
37.41,0.389893,-0.900879,-0.13208,7.461547,-9.490967,1.686096,0.9904769813024429
37.42,0.387939,-0.90625,-0.130615,7.04956,-12.481688,1.63269,0.9944073654423523
37.43,0.385254,-0.91333,-0.127441,6.996154,-14.595031,1.449585,0.9994166007711699
37.44,0.380371,-0.918213,-0.124756,6.767272,-15.426635,1.060486,1.0016792253740716
37.45,0.377441,-0.913574,-0.123535,6.904602,-15.045165,0.640869,0.9961626665269082
37.46,0.375,-0.907471,-0.121826,6.690979,-13.832091,0.259399,0.9894292244102152
37.47,0.373291,-0.903564,-0.125,5.989074,-11.95526,-0.190735,0.985595795839755
37.48,0.373779,-0.903809,-0.128418,5.455017,-9.910583,-0.785828,0.9864444394115666
37.49,0.373291,-0.905518,-0.128418,4.28009,-7.759094,-0.846863,0.9878259976984813
37.5,0.371338,-0.905029,-0.125244,2.89917,-5.569458,-0.785828,0.9862329646797453
37.51,0.369385,-0.908203,-0.113281,2.082825,-3.288269,-0.747681,0.9869703908400698
37.52,0.368652,-0.910156,-0.101074,1.25885,-1.152039,-0.541687,0.9871697903177548
37.53,0.369873,-0.903564,-0.100342,0.511169,0.465393,0.045776,0.9814797273448902
37.54,0.368896,-0.890869,-0.104736,0.190735,1.495361,0.694275,0.969897656288023
37.55,0.371094,-0.892822,-0.102295,0.473022,2.204895,1.335144,0.9722685573158272
37.56,0.374023,-0.914063,-0.093018,0.87738,3.128052,1.525879,0.9919963310526909
37.57,0.371826,-0.930176,-0.080078,1.602173,4.03595,1.457214,1.0049350483170543
37.58,0.364258,-0.943604,-0.068848,2.586365,4.524231,2.044678,1.0138108534060977
37.59,0.355469,-0.956787,-0.070557,3.532409,5.79071,2.02179,1.0231216269725707
37.6,0.345459,-0.958252,-0.078369,4.745483,7.92694,1.243591,1.021631301569211
37.61,0.337402,-0.954102,-0.082275,5.996704,10.31494,0.190735,1.0153422632949936
37.62,0.330566,-0.952148,-0.088867,6.958007,12.420653,-0.686645,1.011808795153017
37.63,0.325439,-0.947998,-0.111572,7.17163,15.373229,-1.083374,1.0084934615102865
37.64,0.328857,-0.94751,-0.128174,7.217407,21.89636,-1.342773,1.0111135944220115
37.65,0.342773,-0.938721,-0.144287,4.829407,29.693602,-1.266479,1.0097074743404646
37.66,0.361084,-0.930664,-0.149902,2.296448,33.851624,-0.610352,1.0094492288153971
37.67,0.367188,-0.919434,-0.153076,-0.015259,35.591125,0.144958,1.0018074512979027
37.68,0.378418,-0.908447,-0.155273,-1.602173,36.262512,1.602173,0.996286022717372
37.69,0.395264,-0.897949,-0.157227,-2.6474,35.232544,3.227234,0.9936127846530559
37.7,0.409912,-0.890137,-0.159424,-3.364563,32.188416,3.791809,0.992868439567398
37.71,0.418945,-0.892578,-0.156982,-2.502441,26.382444,4.302979,0.9984256344029834
37.72,0.42334,-0.888184,-0.154541,-1.121521,18.39447,4.676819,0.9959771554292799
37.73,0.415527,-0.882813,-0.150635,0.648498,8.934021,4.547119,0.987275232102477
37.74,0.393555,-0.886963,-0.137207,2.761841,-0.312805,3.440857,0.980007480707673
37.75,0.370361,-0.88916,-0.119385,3.959656,-5.554199,3.234863,0.9705800091419562
37.76,0.361084,-0.88623,-0.106934,3.944397,-6.813049,3.532409,0.9629227114945415
37.77,0.349854,-0.892578,-0.095703,4.051208,-5.455017,2.624511,0.9634585469074421
37.78,0.338379,-0.905029,-0.085938,4.150391,-4.058838,2.082825,0.9700325656007637
37.79,0.322754,-0.919678,-0.076416,3.601074,-1.686096,1.594543,0.9776590270927794
37.8,0.307617,-0.93457,-0.07666,2.052307,3.440857,1.083374,0.9868769220064881
37.81,0.306396,-0.942627,-0.081055,-0.465393,9.971619,0.770569,0.9944818163093783
37.82,0.313232,-0.9375,-0.080322,-2.845764,15.602111,0.457764,0.9917016484346489
37.83,0.311768,-0.935059,-0.079346,-4.074097,18.859863,0.022888,0.9888530765594047
37.84,0.310303,-0.935791,-0.079346,-4.623413,21.331785,0.045776,0.9890846956686774
37.85,0.309814,-0.937256,-0.075928,-4.936218,23.872374,0.312805,0.9900497893116285
37.86,0.309326,-0.930176,-0.073486,-5.043029,25.405882,0.770569,0.9830107616135237
37.87,0.309326,-0.922363,-0.06958,-4.890442,26.199339,1.617432,0.9753345346315797
37.88,0.312988,-0.909668,-0.062256,-4.806519,27.114866,2.632141,0.9640192777657509
37.89,0.312988,-0.900146,-0.056396,-4.722595,28.419493,3.585815,0.9546752423080845
37.9,0.315918,-0.892822,-0.049805,-4.440308,29.571531,4.53949,0.9483753710598983
37.91,0.314697,-0.889893,-0.042725,-4.135132,30.570982,5.325317,0.9448646352166008
37.92,0.31543,-0.882324,-0.037354,-3.875732,31.593321,6.034851,0.9377563901099261
37.93,0.318359,-0.87793,-0.032227,-3.356933,32.142639,6.729125,0.93442608980593
37.94,0.320801,-0.875488,-0.029297,-2.731323,32.25708,7.492065,0.9328723567316163
37.95,0.321777,-0.871582,-0.022949,-1.89209,31.890867,8.354187,0.9293665999238406
37.96,0.321777,-0.872559,-0.018066,-0.854492,30.84564,9.300232,0.9301752665847441
37.97,0.329346,-0.875244,-0.015137,0.419617,29.342649,10.620116,0.9352806937069749
37.98,0.336914,-0.88208,-0.016846,1.983642,27.023314,11.95526,0.9443833742246842
37.99,0.344238,-0.892822,-0.02002,3.517151,24.276731,13.458251,0.9570954627036949
38.0,0.354492,-0.906738,-0.021973,4.821777,21.40045,15.144347,0.9738178430471481
38.01,0.362061,-0.913574,-0.03125,5.950927,18.623352,16.426086,0.9831999713674732
38.02,0.36499,-0.919434,-0.037109,6.805419,16.326904,17.456055,0.9899260873100577
38.03,0.367432,-0.928711,-0.039307,7.514953,14.556884,18.173218,0.9995276066192469
38.04,0.369629,-0.94165,-0.044922,7.980346,12.886046,18.615723,1.0125948381386307
38.05,0.372803,-0.949707,-0.054199,8.44574,11.772155,18.630981,1.021696135971454
38.06,0.375244,-0.967773,-0.067627,8.682251,12.092589,18.112183,1.0401759707828286
38.07,0.37915,-0.981445,-0.080322,8.102417,13.96942,16.921997,1.0551969646511499
38.08,0.388916,-0.980469,-0.090576,7.400512,15.136718,15.838622,1.0586685632401673
38.09,0.391602,-0.970215,-0.09375,6.66809,13.900756,14.671325,1.0504562509352782
38.1,0.382324,-0.975098,-0.101074,6.16455,11.947631,13.09204,1.0522374751243182
38.11,0.385986,-0.972168,-0.104004,5.241394,11.169433,11.20758,1.0511482504556624
38.12,0.388916,-0.969971,-0.110352,4.257202,10.025024,8.68988,1.0508458306530983
38.13,0.384277,-0.966797,-0.115967,3.234863,8.430481,6.16455,1.0468111563347995
38.14,0.38208,-0.961426,-0.113525,2.067566,6.561279,3.814697,1.0407751945069599
38.15,0.374756,-0.954102,-0.10791,0.938415,4.425049,1.342773,1.0307265660882132
38.16,0.363037,-0.952637,-0.104004,0.152588,0.991821,-0.465393,1.024758483328633
38.17,0.351318,-0.952637,-0.097412,-0.38147,-1.861572,-1.953125,1.0200150433385775
38.18,0.342285,-0.946777,-0.090332,-1.174927,-2.090454,-3.692627,1.0107945286644562
38.19,0.32959,-0.939941,-0.083496,-1.823425,0.907898,-5.775451,0.9995450132920478
38.2,0.325195,-0.932129,-0.079346,-2.777099,3.738403,-7.072448,0.9904100405296787
38.21,0.321533,-0.930664,-0.070801,-2.952575,3.814697,-7.164001,0.9871837380072669
38.22,0.311768,-0.924561,-0.068115,-2.853393,2.258301,-6.835937,0.978085876480179
38.23,0.305176,-0.92334,-0.063232,-2.807617,0.267029,-5.867004,0.9745190774941248
38.24,0.302002,-0.919922,-0.059082,-2.731323,-1.373291,-4.386902,0.970026997980984
38.25,0.301758,-0.920166,-0.05835,-2.586365,-2.540588,-2.799988,0.9701381760450416
38.26,0.300293,-0.915283,-0.056885,-2.830505,-3.379822,-0.709534,0.9649636050976222
38.27,0.300781,-0.917236,-0.053955,-3.097534,-3.791809,1.556396,0.9667999956981796
38.28,0.304932,-0.920654,-0.056885,-3.326416,-4.203796,3.799438,0.9715056436094439
38.29,0.303467,-0.920898,-0.057129,-3.723144,-4.66156,6.088256,0.9712924735289572
38.3,0.303711,-0.925049,-0.056641,-4.142761,-4.470825,8.224487,0.9752764873629426
38.31,0.308105,-0.931885,-0.052979,-4.508972,-3.295898,9.780884,0.9829268124794439
38.32,0.313232,-0.936768,-0.049561,-5.149841,-1.548767,10.871886,0.988991842417823
38.33,0.321533,-0.939941,-0.049805,-5.859375,1.022339,11.688231,0.9946623002783407
38.34,0.328857,-0.947021,-0.051758,-6.67572,3.936767,12.08496,1.0038299614247426
38.35,0.333252,-0.957764,-0.054199,-7.339477,6.622314,12.107848,1.0155325237534247
38.36,0.337158,-0.959229,-0.054443,-7.911682,8.705139,12.023925,1.0182140401968538
38.37,0.338623,-0.959717,-0.056152,-8.430481,10.360717,11.672973,1.019252325639731
38.38,0.342773,-0.958496,-0.059326,-9.086609,11.413573,11.367797,1.0196702828958977
38.39,0.345947,-0.958008,-0.061035,-9.513855,12.344359,10.787963,1.0203842051394172
38.4,0.349609,-0.955078,-0.067627,-10.017395,13.114928,10.047912,1.019300667170389
38.41,0.353516,-0.947754,-0.068604,-10.520934,13.572692,9.155273,1.0138627696034608
38.42,0.35498,-0.943115,-0.06958,-10.81848,13.740539,8.018494,1.010107954639008
38.43,0.358643,-0.939697,-0.070068,-11.039733,13.404845,6.629943,1.0082483711278685
38.44,0.360352,-0.935059,-0.068359,-11.177062,12.687682,5.149841,1.0044211518411985
38.45,0.363525,-0.932373,-0.067383,-11.039733,11.444091,3.471374,1.0030006507689813
38.46,0.362061,-0.92627,-0.066895,-11.016845,9.780884,1.960754,0.9967643761922875
38.47,0.356934,-0.924316,-0.069336,-11.108397,8.201599,0.63324,0.9932620143285457
38.48,0.355713,-0.921143,-0.068848,-10.978698,6.698608,-0.686645,0.9898364571594643
38.49,0.352295,-0.919434,-0.067383,-10.848998,5.516052,-1.998901,0.9869200150316134
38.5,0.34668,-0.920898,-0.066895,-10.650634,4.524231,-3.082275,0.9862631950088171
38.51,0.341309,-0.922607,-0.064697,-10.69641,4.219055,-3.738403,0.9858403581407083
38.52,0.342285,-0.922852,-0.062012,-10.787963,4.203796,-4.325867,0.98623542994206
38.53,0.344482,-0.923584,-0.061523,-10.726928,3.860473,-4.898071,0.9876539540289402
38.54,0.341064,-0.925537,-0.060547,-10.551452,2.983093,-5.210876,0.9882354626676783
38.55,0.338379,-0.923096,-0.059326,-10.536193,2.456665,-5.584716,0.9849498196014862
38.56,0.338623,-0.91748,-0.053223,-10.292052,1.609802,-5.828857,0.9794221634504704
38.57,0.334473,-0.911865,-0.046875,-9.971619,0.541687,-6.286621,0.9724028134363866
38.58,0.33252,-0.908447,-0.04541,-9.513855,-0.595093,-6.576538,0.9684562820845347
38.59,0.33252,-0.908936,-0.04248,-8.918762,-1.609802,-6.736755,0.9687820977371536
38.6,0.331787,-0.906982,-0.043945,-8.453369,-3.204345,-7.087707,0.9667627034169243
38.61,0.328369,-0.908691,-0.045166,-7.904052,-5.226135,-7.286071,0.9672566883707757
38.62,0.329102,-0.91333,-0.044189,-7.072448,-7.453918,-7.408142,0.9718191616885314
38.63,0.325439,-0.917725,-0.04541,-6.317138,-9.666443,-7.041931,0.9747778138868365
38.64,0.31958,-0.922607,-0.044678,-5.805969,-11.070251,-6.41632,0.9774104442520553
38.65,0.318115,-0.927246,-0.04541,-5.386352,-11.795043,-5.836486,0.981348238822998
38.66,0.314941,-0.930908,-0.047119,-5.081176,-11.909484,-5.142211,0.9838687606108856
38.67,0.311768,-0.932617,-0.05127,-4.676819,-11.558532,-4.524231,0.9846838921263007
38.68,0.311279,-0.935059,-0.053711,-4.547119,-10.879516,-4.066467,0.9869725532369175
38.69,0.307373,-0.937744,-0.05249,-4.318237,-9.681702,-3.417969,0.9882293108206213
38.7,0.302734,-0.935059,-0.057129,-4.066467,-8.346558,-3.074646,0.9845033930251331
38.71,0.299805,-0.93457,-0.065186,-3.982544,-6.767272,-2.906799,0.9836428912572895
38.72,0.301025,-0.935791,-0.070068,-3.952026,-5.401611,-2.731323,0.9855102084352044
38.73,0.30542,-0.938965,-0.071777,-3.929138,-4.249573,-2.670288,0.9899942350104873
38.74,0.305176,-0.941895,-0.075684,-3.959656,-3.189087,-2.693176,0.9929887460877893
38.75,0.301025,-0.940186,-0.082275,-4.249573,-2.006531,-2.624511,0.9906235111514363
38.76,0.299805,-0.937012,-0.08667,-4.669189,-0.747681,-2.479553,0.9876164311457155
38.77,0.298584,-0.934814,-0.093018,-5.111694,0.679016,-2.334595,0.9857393002087317
38.78,0.298096,-0.933838,-0.092285,-5.439758,2.098083,-2.27356,0.9845969513892473
38.79,0.303711,-0.933838,-0.095947,-5.622863,3.410339,-2.105713,0.9866608376610475
38.8,0.305176,-0.930908,-0.097412,-5.813598,4.447937,-1.770019,0.9844852427456696
38.81,0.307373,-0.929199,-0.099854,-6.263732,5.348205,-1.403808,0.9837986399899118
38.82,0.30957,-0.924805,-0.102539,-6.462097,5.905151,-1.13678,0.9806182332824533
38.83,0.310791,-0.925293,-0.104492,-6.713867,6.500244,-0.968933,0.9816703925422219
38.84,0.310303,-0.926514,-0.107422,-6.965637,7.04956,-0.62561,0.9829830263483698
38.85,0.314209,-0.928467,-0.105469,-7.217407,7.484436,-0.289917,0.9858508891972457
38.86,0.315918,-0.928223,-0.103271,-7.415771,8.026123,0.114441,0.9859345920972649
38.87,0.320068,-0.927734,-0.101318,-7.537841,8.422852,0.541687,0.9866099718247326
38.88,0.325439,-0.927246,-0.101563,-7.774353,8.544922,0.778198,0.9879325534701243
38.89,0.325439,-0.925293,-0.102539,-7.835388,8.247375,1.037598,0.9862007529357296
38.9,0.327881,-0.922363,-0.100342,-7.667541,7.652282,1.121521,0.984036569896668
38.91,0.328369,-0.920166,-0.096191,-7.43103,7.278442,1.228333,0.9817252040148506
38.92,0.329346,-0.921875,-0.098145,-7.141113,6.851196,1.068115,0.9838469110415502
38.93,0.331543,-0.918701,-0.096924,-6.942749,6.324768,1.068115,0.9814920020183556
38.94,0.330322,-0.916748,-0.095215,-6.454467,5.79071,0.862122,0.9790839674987023
38.95,0.331055,-0.915527,-0.091309,-6.04248,5.493164,0.701904,0.9778161556422557
38.96,0.331787,-0.911621,-0.090088,-5.691528,5.439758,0.541687,0.9742952882745559
38.97,0.333008,-0.909912,-0.089111,-5.187988,5.302429,0.198364,0.9730236102628754
38.98,0.334229,-0.910156,-0.089844,-4.714966,4.806519,-0.030518,0.9737375997223277
38.99,0.334717,-0.9104,-0.091309,-4.051208,4.119873,-0.297546,0.9742694512146011
39.0,0.331787,-0.904785,-0.094971,-3.540039,3.135681,-0.579834,0.9683687316487454
39.01,0.329834,-0.903809,-0.095215,-2.960205,2.586365,-0.724792,0.966812842416773
39.02,0.329834,-0.903564,-0.095947,-2.410889,2.197266,-0.846863,0.966656193515047
39.03,0.329346,-0.90625,-0.099365,-1.899719,1.907349,-1.098633,0.9693457863120879
39.04,0.326904,-0.914307,-0.102295,-1.472473,1.960754,-0.991821,0.9763645745775499
39.05,0.330566,-0.921875,-0.105469,-1.106262,2.02179,-0.854492,0.9850132516580679
39.06,0.337158,-0.92749,-0.110107,-1.068115,2.120972,-0.579834,0.9929938411254121
39.07,0.342773,-0.93335,-0.11499,-0.953674,1.838684,-0.259399,1.0009286948274587
39.08,0.345215,-0.937256,-0.12085,-0.869751,1.022339,0.106812,1.0060948902866966
39.09,0.346436,-0.942627,-0.122803,-0.762939,0.045776,0.495911,1.0117530034716973
39.1,0.350098,-0.943115,-0.12793,-0.610352,-0.961304,0.823975,1.0141008814358659
39.11,0.351074,-0.942871,-0.136963,-0.617981,-2.204895,1.213074,1.0153903384836789
39.12,0.3479,-0.936768,-0.144043,-0.892639,-3.547668,1.495361,1.009612342274499
39.13,0.35083,-0.930176,-0.14209,-1.190186,-5.0354,1.785278,1.0042403337727477
39.14,0.351074,-0.923584,-0.141846,-1.075745,-6.42395,1.800537,0.998188682688799
39.15,0.348389,-0.92041,-0.142578,-1.113892,-7.797241,1.358032,0.9944133695325098
39.16,0.340576,-0.917725,-0.144287,-1.220703,-8.811951,0.740051,0.9894594108754537
39.17,0.337646,-0.91748,-0.145264,-1.327515,-9.208679,0.198364,0.9883703766362082
39.18,0.337402,-0.918457,-0.144775,-1.434326,-9.231567,-0.587463,0.9891224247169811
39.19,0.333496,-0.921387,-0.143311,-1.594543,-9.45282,-1.281738,0.9903088551083444
39.2,0.329834,-0.923828,-0.138672,-1.686096,-9.559631,-1.930237,0.9906960001554462
39.21,0.327637,-0.920898,-0.13208,-1.930237,-9.422302,-2.342224,0.9863286757328917
39.22,0.331299,-0.921387,-0.130859,-2.174377,-9.231567,-2.655029,0.9878446786064092
39.23,0.33252,-0.924072,-0.129639,-2.311707,-9.124756,-2.799988,0.9905982444487775
39.24,0.329834,-0.92334,-0.128418,-2.464294,-9.361267,-2.700805,0.9888571210645146
39.25,0.327393,-0.919922,-0.128174,-2.632141,-9.643555,-2.525329,0.9848204084039892
39.26,0.327637,-0.915283,-0.126709,-2.601623,-9.651184,-2.319336,0.9803795920657468
39.27,0.326904,-0.917725,-0.125,-2.349854,-9.719849,-2.120972,0.9821967220679368
39.28,0.326172,-0.920654,-0.125977,-2.151489,-10.177611,-2.059937,0.984815802995159
39.29,0.324951,-0.922119,-0.125977,-1.823425,-10.581969,-1.998901,0.9857823325110874
39.3,0.323975,-0.924561,-0.124023,-1.556396,-10.69641,-1.846313,0.9874991381641808
39.31,0.324219,-0.92749,-0.123535,-1.296997,-10.749816,-1.808166,0.9902608526474225
39.32,0.31958,-0.929199,-0.123535,-1.022339,-10.757445,-1.739502,0.9903550142378238
39.33,0.317871,-0.925293,-0.121338,-0.709534,-10.69641,-1.655578,0.9858661261723115
39.34,0.315674,-0.922363,-0.118164,-0.396728,-10.57434,-1.625061,0.98202154199437
39.35,0.313232,-0.918213,-0.116455,-0.053406,-10.398864,-1.800537,0.9771341597846224
39.36,0.312256,-0.911865,-0.120361,0.259399,-10.391234,-1.937866,0.9713332888777158
39.37,0.312744,-0.909668,-0.119629,0.648498,-10.215758,-2.037048,0.9693378035550868
39.38,0.30835,-0.910889,-0.120117,1.045227,-9.971619,-2.189636,0.969137031853597
39.39,0.308105,-0.908691,-0.121094,1.205444,-9.628296,-2.182007,0.9671151851470434
39.4,0.309082,-0.908936,-0.124023,1.518249,-9.368896,-2.151489,0.968027912484449
39.41,0.309326,-0.910156,-0.123047,1.815796,-9.643555,-2.029419,0.9691269694013267
39.42,0.30835,-0.90918,-0.123291,2.082825,-9.643555,-1.678467,0.9679300933337076
39.43,0.306641,-0.908691,-0.124023,2.456665,-9.757996,-1.342773,0.9670210653812046
39.44,0.305176,-0.907959,-0.123047,2.655029,-9.628296,-0.953674,0.965744531885115
39.45,0.304932,-0.908691,-0.123779,2.777099,-9.33075,-0.534058,0.9664492221249908
39.46,0.307617,-0.912842,-0.126465,2.792358,-8.918762,-0.198364,0.9715462582286033
39.47,0.308105,-0.916016,-0.131104,2.708435,-8.613586,0.083923,0.975295986917305
39.48,0.308594,-0.921143,-0.134521,2.586365,-8.209229,0.572205,0.98072961754298
39.49,0.310059,-0.92334,-0.136963,2.388,-7.873535,0.961304,0.9835914814850727
39.5,0.30957,-0.924316,-0.137451,2.197266,-7.453918,1.274109,0.9844218761064791
39.51,0.30835,-0.927734,-0.138672,1.953125,-6.973266,1.495361,0.987420893459319
39.52,0.310547,-0.927002,-0.142334,1.800537,-6.233215,1.686096,0.9879428701949319
39.53,0.306885,-0.923096,-0.141602,1.518249,-4.974365,1.831055,0.9830237814239288
39.54,0.304688,-0.918945,-0.144043,1.197815,-3.448486,1.823425,0.9787967491864693
39.55,0.304932,-0.915283,-0.150146,0.88501,-1.739502,1.564026,0.976355629895685
39.56,0.309814,-0.91748,-0.154297,0.747681,-0.205994,1.266479,0.9805925908372957
39.57,0.312988,-0.922852,-0.153564,0.663757,0.62561,0.869751,0.9865085930411351
39.58,0.31958,-0.930176,-0.154785,0.701904,0.823975,0.671387,0.9956491167077888
39.59,0.321777,-0.93335,-0.156006,0.617981,0.511169,0.747681,0.9995101461541048
39.6,0.325195,-0.938477,-0.153809,0.549316,-0.236511,0.816345,1.005061229992979
39.61,0.324707,-0.940186,-0.155273,0.465393,-1.014709,1.014709,1.0067244185843511
39.62,0.324219,-0.940918,-0.155273,0.236511,-1.274109,1.243591,1.007250885933589
39.63,0.32666,-0.938965,-0.156738,0.091553,-1.38855,1.365662,1.0064436533999308
39.64,0.329346,-0.936035,-0.156494,-0.015259,-1.594543,1.403808,1.004549989287243
39.65,0.329346,-0.936035,-0.154053,-0.137329,-1.792908,1.464844,1.0041726125273482
39.66,0.327637,-0.928467,-0.150635,-0.312805,-1.953125,1.159668,0.9960360822194144
39.67,0.322998,-0.924561,-0.144287,-0.419617,-1.998901,0.762939,0.9899290323523197
39.68,0.321777,-0.921631,-0.137695,-0.427246,-1.899719,0.312805,0.9858519416803925
39.69,0.321533,-0.916504,-0.137207,-0.267029,-1.701355,-0.305176,0.9809122350924164
39.7,0.319092,-0.914063,-0.136963,-0.183105,-1.647949,-0.999451,0.9777984126608101
39.71,0.32251,-0.915283,-0.136719,0.068665,-1.76239,-1.663208,0.9800243645695753
39.72,0.324219,-0.914063,-0.137451,0.244141,-2.204895,-2.243042,0.9795518900655543
39.73,0.318359,-0.9104,-0.137451,0.320435,-2.662658,-2.670288,0.9742039777592781
39.74,0.317383,-0.910889,-0.133301,0.549316,-2.990722,-2.998352,0.9737658320207173
39.75,0.316406,-0.912109,-0.128418,0.953674,-3.463745,-3.372192,0.9739336565911458
39.76,0.313477,-0.915771,-0.123047,1.197815,-3.753662,-3.570556,0.9757278914630861
39.77,0.312988,-0.915283,-0.125244,1.228333,-3.936767,-3.494262,0.9753924942139958
39.78,0.310059,-0.917236,-0.123535,1.480102,-4.02832,-3.280639,0.9760734395536025
39.79,0.310547,-0.917725,-0.125244,1.831055,-4.203796,-3.135681,0.9769056629838933
39.8,0.311279,-0.917725,-0.128174,2.090454,-4.356384,-3.051758,0.9775184733507598
39.81,0.306641,-0.921631,-0.130615,2.349854,-4.40979,-2.807617,0.980047285219953
39.82,0.30542,-0.92749,-0.132568,2.601623,-4.226685,-2.532959,0.9854406887905532
39.83,0.307129,-0.928955,-0.131104,2.784729,-3.982544,-2.39563,0.9871544324380052
39.84,0.30542,-0.924805,-0.131592,2.761841,-3.913879,-2.212524,0.9827828442178872
39.85,0.303955,-0.927002,-0.132324,2.784729,-4.089355,-2.037048,0.9844952976043105
39.86,0.301025,-0.929932,-0.131592,2.761841,-4.226685,-1.754761,0.986258601844871
39.87,0.298828,-0.932861,-0.132568,2.677917,-3.89862,-1.335144,0.988484746229804
39.88,0.300049,-0.932373,-0.136475,2.357483,-3.326416,-0.938415,0.9889258006316753
39.89,0.29834,-0.931152,-0.142822,1.976013,-2.563476,-0.488281,0.9881543029243965
39.9,0.298096,-0.931152,-0.143555,1.594543,-1.502991,0.053406,0.9881868802736656
39.91,0.300293,-0.936768,-0.143311,1.098633,-0.297546,0.465393,0.9941067419517886
39.92,0.301514,-0.936035,-0.145996,0.747681,0.946045,1.00708,0.9941765665298091
39.93,0.305908,-0.933594,-0.146729,0.297546,2.212524,1.502991,0.9933311938829869
39.94,0.309326,-0.93457,-0.142822,-0.190735,3.341675,2.044678,0.9947370420668972
39.95,0.311279,-0.936279,-0.142578,-0.839233,4.348755,2.281189,0.99691597828804
39.96,0.315186,-0.933105,-0.143555,-1.159668,5.142211,2.426147,0.9953065827402128
39.97,0.318848,-0.929199,-0.141357,-1.525879,5.737304,2.426147,0.9925001915133317
39.98,0.318848,-0.92749,-0.140625,-1.701355,6.057739,2.26593,0.9907962140768404
39.99,0.320313,-0.922852,-0.137695,-2.044678,6.195068,2.113342,0.9865171792209196
40.0,0.321533,-0.920898,-0.13623,-2.380371,6.507873,1.754761,0.9848833481143846
40.01,0.323486,-0.918457,-0.133057,-2.418518,6.759643,1.358032,0.9828075184358328
40.02,0.324219,-0.915771,-0.132568,-2.418518,7.064819,1.014709,0.9804737421399923
40.03,0.326416,-0.91333,-0.128662,-2.388,7.400512,0.564575,0.9784032932283088
40.04,0.328857,-0.911621,-0.125,-2.26593,7.659912,0.1297,0.9771513567968885
40.05,0.33252,-0.911377,-0.123779,-2.090454,7.621765,-0.160217,0.9780075804256324
40.06,0.333984,-0.914795,-0.125244,-1.899719,7.255554,-0.282288,0.9818763994602375
40.07,0.335938,-0.913086,-0.123047,-1.64032,6.637573,-0.465393,0.9806737211983402
40.08,0.338379,-0.914795,-0.120605,-1.266479,5.66864,-0.640869,0.9827999825452787
40.09,0.340088,-0.911865,-0.121094,-0.808716,4.501343,-0.709534,0.9807249271865175
40.1,0.337646,-0.913086,-0.118164,-0.335693,3.173828,-0.907898,0.9806597756653425
40.11,0.335693,-0.912354,-0.119385,0.175476,1.88446,-1.068115,0.9794551494530008
40.12,0.333496,-0.912598,-0.118896,0.740051,0.694275,-1.342773,0.9788722850484634
40.13,0.329834,-0.912842,-0.121826,1.159668,-0.343323,-1.441955,0.9782190750522094
40.14,0.325439,-0.914795,-0.121338,1.647949,-1.014709,-1.480102,0.9785107791894783
40.15,0.327148,-0.91626,-0.122314,1.922607,-1.365662,-1.586914,0.9805707093830612
40.16,0.328125,-0.920166,-0.125977,2.311707,-1.739502,-1.708984,0.9850084708823574
40.17,0.327881,-0.924561,-0.127686,2.716064,-2.26593,-1.708984,0.9892536113039971
40.18,0.324219,-0.929199,-0.130371,2.975464,-2.975464,-1.625061,0.992736288851677
40.19,0.323486,-0.927979,-0.134521,3.211975,-3.479004,-1.541138,0.9919093285567991
40.2,0.322021,-0.928223,-0.134766,3.349304,-4.03595,-1.434326,0.99169417509936
40.21,0.317871,-0.929199,-0.136963,3.334045,-4.142761,-1.312256,0.9915702787049439
40.22,0.315918,-0.928711,-0.140625,3.318786,-3.913879,-1.281738,0.9910013596711156
40.23,0.312744,-0.924805,-0.142578,3.097534,-3.631592,-1.152039,0.9866111613219263
40.24,0.310547,-0.926514,-0.142822,2.861023,-3.250122,-1.091003,0.9875554440582057
40.25,0.310547,-0.929199,-0.142822,2.494812,-2.677917,-0.961304,0.9900749186268684
40.26,0.30957,-0.93335,-0.140137,2.243042,-1.754761,-0.694275,0.993284544412627
40.27,0.310303,-0.932373,-0.141602,1.861572,-0.656128,-0.366211,0.9928033487765843
40.28,0.312744,-0.928955,-0.14502,1.564026,0.358582,-0.152588,0.9908567010224032
40.29,0.314941,-0.924561,-0.148193,1.251221,1.075745,0.053406,0.987907911422416
40.3,0.316895,-0.920166,-0.147461,1.174927,1.274109,0.282288,0.9843132911334683
40.31,0.318115,-0.921631,-0.148926,0.953674,1.220703,0.328064,0.9862960036733394
40.32,0.317627,-0.919434,-0.144043,0.854492,1.121521,0.411987,0.9833586209181266
40.33,0.321045,-0.920654,-0.137695,0.694275,0.915527,0.50354,0.9846997475200245
40.34,0.320557,-0.920898,-0.138672,0.63324,0.740051,0.572205,0.9849060057878619
40.35,0.32251,-0.920898,-0.137207,0.701904,0.473022,0.679016,0.9853383111160349
40.36,0.323242,-0.922607,-0.134766,0.640869,0.267029,0.617981,0.9868388631225464
40.37,0.325439,-0.922852,-0.136719,0.747681,-0.015259,0.473022,0.9880579140849994
40.38,0.325439,-0.924316,-0.136475,0.915527,-0.63324,0.236511,0.9893917506235839
40.39,0.32959,-0.925293,-0.135254,1.091003,-1.304626,0.053406,0.9915091267683823
40.4,0.326904,-0.922119,-0.129639,1.228333,-1.708984,-0.106812,0.9869021966223401
40.41,0.326172,-0.921875,-0.13208,1.319885,-1.960754,-0.343323,0.9867557020909481
40.42,0.324463,-0.920654,-0.134521,1.449585,-2.304077,-0.564575,0.9853811067429697
40.43,0.322998,-0.922607,-0.13208,1.663208,-2.487183,-0.87738,0.9863957171708523
40.44,0.319092,-0.921875,-0.129639,1.907349,-2.738952,-1.098633,0.9841135556479242
40.45,0.318848,-0.921143,-0.133057,2.01416,-2.746582,-0.991821,0.9838051833579654
40.46,0.320313,-0.920898,-0.135742,2.098083,-2.662658,-0.991821,0.9844183231416408
40.47,0.321533,-0.925293,-0.135498,2.258301,-2.89154,-0.976562,0.9888934795730024
40.48,0.321533,-0.922119,-0.138184,2.27356,-3.280639,-0.953674,0.9862969827115968
40.49,0.317627,-0.921631,-0.140869,2.319336,-3.471374,-0.900268,0.9849541544919743
40.5,0.317871,-0.921143,-0.142822,2.212524,-3.547668,-0.785828,0.984857615482563
40.51,0.313721,-0.920898,-0.140625,2.227783,-3.547668,-0.732422,0.9829798486591677
40.52,0.312012,-0.92041,-0.13623,2.113342,-3.295898,-0.640869,0.9813585833649187
40.53,0.312012,-0.922119,-0.133301,2.01416,-2.853393,-0.366211,0.9825599701321034
40.54,0.314209,-0.921143,-0.133301,2.029419,-2.601623,-0.312805,0.9823445824816259
40.55,0.313721,-0.920166,-0.137695,1.914978,-2.609253,-0.114441,0.9818789367442404
40.56,0.312988,-0.917725,-0.138916,1.853943,-2.418518,-0.167847,0.9795296416265309
40.57,0.311035,-0.919678,-0.137695,1.701355,-1.914978,-0.030518,0.9805663200079839
40.58,0.316162,-0.919434,-0.137695,1.693725,-1.525879,0.022888,0.9819761726360777
40.59,0.317139,-0.919922,-0.136475,1.586914,-1.159668,0.0,0.9825777613145944
40.6,0.314697,-0.919678,-0.134521,1.487732,-0.976562,-0.083923,0.9812939034427963
40.61,0.317383,-0.919922,-0.133789,1.251221,-0.686645,-0.137329,0.9822871022740755
40.62,0.317383,-0.921875,-0.131836,1.220703,-0.228882,-0.221252,0.9838527406121305
40.63,0.317871,-0.921387,-0.133301,1.152039,-0.099182,-0.228882,0.983750544096927
40.64,0.320313,-0.919922,-0.134521,1.00708,-0.038147,-0.205994,0.9833375836883282
40.65,0.322021,-0.921631,-0.132813,0.946045,0.076294,-0.228882,0.9852616492947445
40.66,0.321289,-0.923584,-0.132568,0.892639,-0.022888,-0.366211,0.9868172582606163
40.67,0.321045,-0.923828,-0.133057,0.724792,-0.099182,-0.343323,0.9870320313231987
40.68,0.325195,-0.923828,-0.134277,0.62561,-0.1297,-0.305176,0.9885546390250769
40.69,0.324463,-0.921143,-0.13501,0.556946,-0.267029,-0.297546,0.9859048457726537
40.7,0.32373,-0.922852,-0.132813,0.495911,-0.289917,-0.221252,0.9869631298954384
40.71,0.325439,-0.925049,-0.132568,0.328064,-0.366211,-0.38147,0.9895455875026677
40.72,0.328125,-0.926514,-0.13501,0.312805,-0.404358,-0.312805,0.9921299853955629
40.73,0.329346,-0.927002,-0.136963,0.305176,-0.579834,-0.335693,0.9932574485444345
40.74,0.331787,-0.926758,-0.133057,0.213623,-0.900268,-0.350952,0.9933112146663804
40.75,0.332275,-0.929199,-0.13208,0.236511,-1.518249,-0.419617,0.9956217070885909
40.76,0.331543,-0.928955,-0.129639,0.274658,-2.197266,-0.480652,0.994828841155603
40.77,0.330322,-0.92749,-0.129883,0.335693,-2.792358,-0.701904,0.9930860574356082
40.78,0.32959,-0.924316,-0.129395,0.213623,-3.364563,-0.930786,0.9898144785670697
40.79,0.326904,-0.92334,-0.12915,0.228882,-3.684997,-1.220703,0.9879791006473772
40.8,0.32666,-0.921387,-0.128906,0.198364,-3.829956,-1.571655,0.9860413359514903
40.81,0.325439,-0.922363,-0.130127,0.045776,-3.669739,-1.800537,0.9867102323473695
40.82,0.323242,-0.921143,-0.128906,-0.007629,-3.181457,-2.029419,0.9846860280561515
40.83,0.322021,-0.920166,-0.12915,0.022888,-2.731323,-2.182007,0.9834036376264835
40.84,0.320313,-0.920898,-0.127686,-0.25177,-2.250671,-2.311707,0.9833398491716889
40.85,0.325439,-0.922607,-0.12793,-0.274658,-1.846313,-2.326965,0.986651054866917
40.86,0.32373,-0.920166,-0.126465,-0.404358,-1.716614,-2.189636,0.9836157667915862
40.87,0.322266,-0.921875,-0.127686,-0.488281,-1.670837,-2.174377,0.9848921793663508
40.88,0.32251,-0.92334,-0.128174,-0.526428,-1.586914,-1.930237,0.986406625066965
40.89,0.321045,-0.921875,-0.12793,-0.709534,-1.602173,-1.89209,0.9845250085955156
40.9,0.320068,-0.924072,-0.128418,-0.717163,-1.678467,-1.838684,0.9863284283300365
40.91,0.319336,-0.924561,-0.128174,-0.686645,-1.716614,-1.686096,0.9865176622306363
40.92,0.320557,-0.924072,-0.129639,-0.831604,-1.51062,-1.609802,0.9866469083486756
40.93,0.321289,-0.926514,-0.126221,-1.068115,-1.365662,-1.525879,0.9887297682167762
40.94,0.320068,-0.925781,-0.130371,-1.144409,-1.304626,-1.487732,0.9881854999067735
40.95,0.317383,-0.925781,-0.132324,-1.235962,-1.205444,-1.434326,0.9875788928617298
40.96,0.318115,-0.924316,-0.133301,-1.38092,-0.75531,-1.38092,0.9865730473117538
40.97,0.32251,-0.922607,-0.134277,-1.495361,-0.473022,-1.396179,0.986532660015876
40.98,0.320557,-0.921631,-0.133301,-1.586914,-0.061035,-1.365662,0.9848500632131776
40.99,0.320068,-0.926514,-0.131348,-1.579285,0.328064,-1.38092,0.9890015237217786
41.0,0.321289,-0.923828,-0.13208,-1.716614,0.579834,-1.25885,0.9869802031981189
41.01,0.326416,-0.923096,-0.134033,-1.716614,0.610352,-1.113892,0.9882400899381689
41.02,0.326172,-0.922852,-0.134521,-1.76239,0.396728,-0.907898,0.9879979184841433
41.03,0.326172,-0.922363,-0.134766,-1.930237,-0.099182,-0.785828,0.9875745805299972
41.04,0.324951,-0.918945,-0.134277,-2.006531,-0.587463,-0.785828,0.9839122817380622
41.05,0.326172,-0.918213,-0.131836,-1.976013,-0.869751,-0.686645,0.983302607465779
41.06,0.324707,-0.920898,-0.126465,-1.922607,-0.953674,-0.62561,0.9846223430727133
41.07,0.324707,-0.92627,-0.124512,-1.876831,-0.732422,-0.556946,0.9894008221610694
41.08,0.32666,-0.92627,-0.124512,-1.792908,-0.534058,-0.587463,0.9900434872489188
41.09,0.325195,-0.925537,-0.125732,-1.586914,-0.328064,-0.488281,0.9890293535674258
41.1,0.326416,-0.922607,-0.127197,-1.441955,-0.366211,-0.328064,0.9868789988210307
41.11,0.326904,-0.920654,-0.132324,-1.312256,-0.411987,-0.343323,0.9858902849242405
41.12,0.324951,-0.916748,-0.132813,-1.174927,-0.419617,-0.556946,0.9816615205222216
41.13,0.32373,-0.91626,-0.130371,-0.976562,-0.465393,-0.732422,0.9804744250315762
41.14,0.324463,-0.918213,-0.126221,-0.831604,-0.465393,-0.709534,0.9819995379729055
41.15,0.322266,-0.921631,-0.12793,-0.587463,-0.335693,-0.770569,0.9846954655206858
41.16,0.322998,-0.919678,-0.12793,-0.511169,-0.099182,-0.610352,0.9831080391228626
41.17,0.326416,-0.920166,-0.130127,-0.396728,0.144958,-0.358582,0.9849801565214398
41.18,0.326416,-0.919678,-0.130615,-0.434875,0.320435,-0.274658,0.9845889025197267
41.19,0.329102,-0.919434,-0.133789,-0.37384,0.274658,0.0,0.9856807309068185
41.2,0.327637,-0.918945,-0.134521,-0.312805,0.007629,0.175476,0.9848359336635722
41.21,0.32959,-0.916992,-0.134033,-0.305176,-0.228882,0.221252,0.9835998888028608
41.22,0.32666,-0.916992,-0.132324,-0.1297,-0.289917,0.167847,0.9823903117600459
41.23,0.324951,-0.916016,-0.130615,-0.106812,-0.221252,0.228882,0.9806827942214548
41.24,0.326904,-0.918701,-0.132324,-0.12207,0.12207,0.144958,0.9840667627722216
41.25,0.326904,-0.916016,-0.131104,-0.205994,0.663757,0.152588,0.9813968597300483
41.26,0.32666,-0.916016,-0.132324,-0.106812,0.915527,0.183105,0.9814793471245333
41.27,0.327637,-0.918213,-0.135254,-0.030518,0.923157,0.25177,0.984253403171155
41.28,0.33374,-0.920898,-0.136475,0.030518,0.869751,0.267029,0.9889696353422586
41.29,0.334961,-0.919678,-0.137939,0.030518,0.648498,0.144958,0.9884501317345251
41.3,0.334961,-0.915283,-0.136719,-0.1297,0.50354,0.061035,0.9841920171241992
41.31,0.334229,-0.914307,-0.134766,-0.099182,0.350952,-0.038147,0.982765582143575
41.32,0.335693,-0.915039,-0.135742,-0.190735,0.335693,-0.175476,0.9840792916904614
41.33,0.334717,-0.913818,-0.138672,-0.114441,0.427246,-0.297546,0.9830202087429332
41.34,0.336426,-0.915527,-0.140137,-0.183105,0.648498,-0.679016,0.9853986604283568
41.35,0.337891,-0.916504,-0.14209,-0.1297,0.694275,-0.968933,0.9870863579226491
41.36,0.335938,-0.914551,-0.13916,-0.022888,0.282288,-1.167297,0.9841866576239489
41.37,0.335449,-0.914063,-0.136719,0.083923,-0.480652,-1.113892,0.9832239239008579
41.38,0.335938,-0.913818,-0.133301,0.312805,-1.213074,-0.976562,0.9826936621190756
41.39,0.341309,-0.91626,-0.127441,0.770569,-1.823425,-0.892639,0.9860352070600724
41.4,0.342285,-0.917236,-0.125,1.152039,-2.319336,-1.121521,0.9869680343967581
41.41,0.33667,-0.919678,-0.125,1.243591,-2.693176,-1.312256,0.9873091271653474
41.42,0.330811,-0.919922,-0.126709,1.487732,-3.128052,-1.159668,0.9857725774670343
41.43,0.330322,-0.917725,-0.129395,1.625061,-3.433227,-0.839233,0.9839079557224852
41.44,0.333252,-0.917236,-0.130859,1.731872,-3.509521,-0.62561,0.9846333597238112
41.45,0.333252,-0.918945,-0.133057,1.800537,-3.715515,-0.816345,0.9865196266562566
41.46,0.329834,-0.918701,-0.132568,2.075195,-3.753662,-0.88501,0.9850767835965885
41.47,0.328613,-0.919434,-0.13501,2.13623,-3.791809,-0.831604,0.985684069174804
41.48,0.328613,-0.919189,-0.138184,2.227783,-3.967285,-0.900268,0.9858953997995934
41.49,0.325439,-0.921143,-0.136719,2.235413,-4.02832,-1.022339,0.9864618868111429
41.5,0.323975,-0.921875,-0.136719,2.182007,-4.119873,-0.968933,0.9866637731319622
41.51,0.32373,-0.919434,-0.134033,2.174377,-4.180908,-0.892639,0.9839333505603923
41.52,0.321533,-0.919678,-0.134033,2.02179,-4.180908,-0.663757,0.9834408669879445
41.53,0.321289,-0.922119,-0.130127,1.89209,-4.058838,-0.389099,0.9851208594944074
41.54,0.321777,-0.921387,-0.132324,1.846313,-3.631592,-0.152588,0.9848878527395898
41.55,0.321533,-0.92041,-0.135986,1.792908,-3.311157,-0.022888,0.9843933311359844
41.56,0.321777,-0.923096,-0.132813,1.655578,-3.227234,0.198364,0.986552561151204
41.57,0.321045,-0.924561,-0.132813,1.602173,-3.036499,0.076294,0.9876852877890812
41.58,0.321777,-0.927002,-0.136475,1.564026,-2.586365,0.091553,0.9907060973659141
41.59,0.323486,-0.925293,-0.135498,1.487732,-2.220154,-0.038147,0.9895302097707781
41.6,0.320801,-0.926758,-0.134033,1.426697,-1.754761,-0.076294,0.9898275189415577
41.61,0.320557,-0.924805,-0.133057,1.289368,-1.274109,-0.038147,0.9877880559730412
41.62,0.323486,-0.922119,-0.130615,1.243591,-1.121521,-0.091553,0.9859041132797854
41.63,0.32251,-0.921387,-0.130127,1.220703,-1.014709,-0.190735,0.9848348795600204
41.64,0.320557,-0.924561,-0.12915,1.152039,-0.968933,-0.061035,0.9870408073985594
41.65,0.324463,-0.925781,-0.130859,1.159668,-0.869751,0.022888,0.9896821591859681
41.66,0.32373,-0.923584,-0.134277,1.075745,-0.747681,0.076294,0.9878455500152845
41.67,0.324707,-0.922363,-0.135498,1.144409,-0.88501,0.099182,0.987191900099469
41.68,0.325684,-0.924072,-0.131836,1.121521,-1.144409,0.25177,0.9886151222472778
41.69,0.325195,-0.92334,-0.130615,1.13678,-1.525879,0.366211,0.9876076254515251
41.7,0.324951,-0.92334,-0.135254,1.113892,-1.739502,0.434875,0.9881515837749794
41.71,0.324463,-0.924072,-0.134521,1.052856,-1.861572,0.526428,0.9885753380466256
41.72,0.324951,-0.923096,-0.131836,1.13678,-1.907349,0.411987,0.9874614465957646
41.73,0.325684,-0.921631,-0.130859,1.12915,-1.930237,0.427246,0.9862037547576059
41.74,0.324463,-0.924072,-0.134033,1.029968,-2.01416,0.411987,0.9885090513708006
41.75,0.322021,-0.924072,-0.131836,0.938415,-2.01416,0.358582,0.9874144603564402
41.76,0.325928,-0.923096,-0.130127,0.946045,-2.166748,0.343323,0.9875567439539867
41.77,0.325928,-0.922852,-0.13208,1.022339,-2.334595,0.328064,0.9875879715184871
41.78,0.32666,-0.922607,-0.131104,1.037598,-2.5177,0.205994,0.9874708557041063
41.79,0.325439,-0.922852,-0.131104,1.045227,-2.906799,0.137329,0.9872966197860702
41.8,0.325439,-0.922119,-0.129639,1.060486,-3.02124,0.030518,0.986417894810815
41.81,0.323242,-0.921387,-0.130127,1.00708,-2.983093,-0.015259,0.9850748349551925
41.82,0.323486,-0.921387,-0.130127,1.045227,-2.929687,-0.076294,0.9851549279651398
41.83,0.32373,-0.922119,-0.131348,0.953674,-2.807617,-0.106812,0.9860815687178217
41.84,0.322998,-0.922119,-0.133301,0.846863,-2.63977,-0.175476,0.9861036024505742
41.85,0.320801,-0.920166,-0.133301,0.686645,-2.319336,-0.25177,0.9835587962892712
41.86,0.319336,-0.92334,-0.13208,0.579834,-2.098083,-0.289917,0.9858891230234768
41.87,0.32251,-0.922363,-0.133301,0.50354,-1.907349,-0.37384,0.9861720744728072
41.88,0.321777,-0.923828,-0.132324,0.602722,-1.594543,-0.350952,0.98717184536888
41.89,0.321289,-0.925537,-0.133789,0.62561,-1.64032,-0.25177,0.9888098181202492
41.9,0.324219,-0.92749,-0.131836,0.549316,-1.800537,-0.1297,0.9913306163722575
41.91,0.32373,-0.92749,-0.132568,0.457764,-1.846313,-0.076294,0.9912684235987749
41.92,0.325684,-0.923828,-0.136719,0.358582,-2.090454,-0.015259,0.9890502142970296
41.93,0.324219,-0.923828,-0.134033,0.160217,-2.426147,0.015259,0.9882008796970382
41.94,0.321777,-0.925537,-0.132813,0.190735,-2.593994,0.137329,0.988836927438999
41.95,0.319824,-0.92749,-0.129639,0.198364,-2.609253,0.091553,0.9896117225442512
41.96,0.324219,-0.929443,-0.12793,0.12207,-2.571106,0.12207,0.992647135244947
41.97,0.32373,-0.928467,-0.126465,0.213623,-2.471924,0.114441,0.9913856359732071
41.98,0.323486,-0.92627,-0.129395,0.282288,-2.388,0.076294,0.9896273900418279
41.99,0.321533,-0.920654,-0.133545,0.480652,-2.624511,0.1297,0.9842873182308101
42.0,0.320313,-0.917969,-0.133057,0.511169,-2.784729,-0.030518,0.9813111984375803
42.01,0.318115,-0.918701,-0.12915,0.534058,-2.983093,-0.236511,0.9807590953572646
42.02,0.317139,-0.920654,-0.126465,0.640869,-3.074646,-0.389099,0.9819237899460426
42.03,0.317871,-0.920654,-0.125732,0.701904,-3.02124,-0.411987,0.9820663400101849
42.04,0.317627,-0.919922,-0.124756,0.709534,-2.670288,-0.305176,0.981176567570282
42.05,0.31543,-0.916992,-0.127686,0.793457,-2.250671,-0.190735,0.9780971973991133
42.06,0.316162,-0.919189,-0.130371,0.717163,-1.808166,-0.030518,0.9807463615053589
42.07,0.317139,-0.92041,-0.12793,0.541687,-1.51062,0.038147,0.9818848192741346
42.08,0.318115,-0.921875,-0.131836,0.63324,-1.304626,-0.053406,0.9840891218512681
42.09,0.316406,-0.922363,-0.130615,0.541687,-1.060486,-0.022888,0.9838325766257183
42.1,0.319092,-0.920898,-0.13208,0.427246,-0.572205,-0.007629,0.9835232367707435
42.11,0.319336,-0.919189,-0.133057,0.526428,-0.137329,-0.015259,0.9821344428671668
42.12,0.317871,-0.920166,-0.132813,0.488281,0.366211,-0.1297,0.9825409575005004
42.13,0.320068,-0.920898,-0.132568,0.442505,0.709534,-0.160217,0.983905953662239
42.14,0.322998,-0.922119,-0.132568,0.358582,0.968933,-0.137329,0.9860047833499592
42.15,0.325195,-0.922363,-0.135254,0.320435,1.014709,-0.106812,0.9873190651000314
42.16,0.328613,-0.922119,-0.135254,0.274658,0.785828,-0.022888,0.988222443808073
42.17,0.330566,-0.921387,-0.136719,0.152588,0.289917,-0.015259,0.9883926188949409
42.18,0.330322,-0.921631,-0.139404,0.297546,-0.144958,-0.076294,0.9889134436648134
42.19,0.328125,-0.921387,-0.137695,0.274658,-0.450134,-0.274658,0.9877144994475883
42.2,0.328125,-0.918701,-0.13916,0.267029,-0.686645,-0.396728,0.9854151656159956
42.21,0.327393,-0.918945,-0.137695,0.358582,-0.846863,-0.572205,0.9851933833004564
42.22,0.328613,-0.92041,-0.132568,0.358582,-1.075745,-0.663757,0.9862633251282336
42.23,0.331543,-0.922852,-0.13208,0.549316,-1.197815,-0.762939,0.9894552547503096
42.24,0.332031,-0.921631,-0.133057,0.839233,-1.480102,-0.823975,0.9886113747934524
42.25,0.331055,-0.918701,-0.135986,0.87738,-1.976013,-0.953674,0.9859518916367066
42.26,0.33252,-0.917236,-0.135498,1.029968,-2.670288,-1.045227,0.985013267981706
42.27,0.331787,-0.917725,-0.134766,1.304626,-3.410339,-1.144409,0.985121141662283
42.28,0.327393,-0.917236,-0.13208,1.579285,-3.952026,-1.335144,0.982829172615974
42.29,0.328857,-0.91626,-0.128662,1.808166,-4.386902,-1.274109,0.981953779102153
42.3,0.327148,-0.916504,-0.130371,1.937866,-4.638672,-1.335144,0.9818360319121519
42.31,0.322998,-0.91748,-0.129395,2.204895,-4.615784,-1.373291,0.9812442735776856
42.32,0.323975,-0.916504,-0.129639,2.288818,-4.730225,-1.449585,0.980686317311504
42.33,0.324219,-0.917725,-0.130615,2.39563,-4.867554,-1.51062,0.9820373790294339
42.34,0.324219,-0.919189,-0.132324,2.616882,-5.081176,-1.525879,0.9836340877877302
42.35,0.325195,-0.919678,-0.133545,2.716064,-5.363464,-1.396179,0.9845779190770022
42.36,0.323975,-0.920166,-0.133301,2.853393,-5.516052,-1.586914,0.9845986109994265
42.37,0.32373,-0.922363,-0.134766,2.807617,-5.630493,-1.586914,0.9867707390397225
42.38,0.321289,-0.922852,-0.13623,2.761841,-5.714416,-1.693725,0.9866311612375721
42.39,0.320068,-0.923096,-0.136475,2.738952,-5.859375,-1.747131,0.9864964143193832
42.4,0.321045,-0.923828,-0.134521,2.731323,-5.874633,-1.647949,0.9872304518449581
42.41,0.321777,-0.923828,-0.134277,2.670288,-5.821228,-1.724243,0.987435529055948
42.42,0.320068,-0.924072,-0.135986,2.540588,-5.683898,-1.785278,0.9873422800650238
42.43,0.31958,-0.923828,-0.13623,2.525329,-5.622863,-1.914978,0.986989444160372
42.44,0.317627,-0.923584,-0.136963,2.26593,-5.508422,-1.945495,0.9862318082246182
42.45,0.31958,-0.925781,-0.139648,1.991272,-5.28717,-2.037048,0.9892943951448426
42.46,0.31665,-0.925537,-0.138184,1.89209,-5.126953,-2.075195,0.9879173946869243
42.47,0.317139,-0.925537,-0.133789,1.998901,-4.951477,-2.243042,0.9874691793727034
42.48,0.316162,-0.924316,-0.134521,1.815796,-4.745483,-2.227783,0.9861107329002154
42.49,0.316406,-0.921631,-0.133789,1.617432,-4.501343,-2.212524,0.9835730544895992
42.5,0.318359,-0.922607,-0.13208,1.556396,-4.28009,-2.159119,0.9848864176797241
42.51,0.316895,-0.923828,-0.132324,1.502991,-4.180908,-2.128601,0.9855913228032195
42.52,0.315186,-0.921875,-0.129395,1.434326,-4.096985,-2.044678,0.9828218537690337
42.53,0.313232,-0.922607,-0.129883,1.464844,-4.02832,-1.899719,0.982948399440174
42.54,0.314941,-0.924316,-0.130127,1.350403,-3.959656,-1.838684,0.9851299089287666
42.55,0.314697,-0.923584,-0.131348,1.358032,-3.77655,-1.853943,0.9845272489723177
42.56,0.313721,-0.925049,-0.12915,1.281738,-3.509521,-1.777649,0.9853000764954807
42.57,0.314941,-0.925049,-0.129395,1.281738,-3.15094,-1.701355,0.985721335828235
42.58,0.315186,-0.924316,-0.130615,1.235962,-2.746582,-1.731872,0.985272835653658
42.59,0.3125,-0.925781,-0.132813,1.113892,-2.441406,-1.655578,0.9860862046139779
42.6,0.313232,-0.922852,-0.133789,1.075745,-2.258301,-1.731872,0.9837019854859499
42.61,0.314697,-0.922119,-0.133545,1.091003,-1.937866,-1.701355,0.9834489915572643
42.62,0.314209,-0.92334,-0.13208,1.075745,-1.724243,-1.602173,0.9842404064460065
42.63,0.316162,-0.923828,-0.130859,0.938415,-1.472473,-1.472473,0.9851602213391485
42.64,0.314941,-0.923584,-0.135498,0.740051,-1.12915,-1.335144,0.9851674713169329
42.65,0.31665,-0.921631,-0.131104,0.602722,-0.892639,-1.228333,0.9832899783263327
42.66,0.315674,-0.923828,-0.134277,0.495911,-0.862122,-1.060486,0.985463627227814
42.67,0.317627,-0.924805,-0.131592,0.335693,-0.839233,-0.801086,0.9866446440426259
42.68,0.318848,-0.92627,-0.132568,0.205994,-0.762939,-0.617981,0.9885415694992296
42.69,0.320313,-0.92627,-0.134033,0.076294,-0.770569,-0.50354,0.9892125029325095
42.7,0.320557,-0.926514,-0.134521,-0.114441,-0.694275,-0.465393,0.9895862175101268
42.71,0.321045,-0.928467,-0.133301,-0.175476,-0.534058,-0.480652,0.9914080989758961
42.72,0.321289,-0.92627,-0.133789,-0.236511,-0.350952,-0.549316,0.9894959479159073
42.73,0.321533,-0.927002,-0.132813,-0.175476,-0.144958,-0.663757,0.9901290173820784
42.74,0.321777,-0.926025,-0.131104,-0.289917,0.137329,-0.831604,0.9890657193382045
42.75,0.318115,-0.924072,-0.130371,-0.297546,0.541687,-1.060486,0.9859527433148102
42.76,0.319336,-0.922607,-0.130859,-0.38147,0.846863,-1.289368,0.9850397125121403
42.77,0.321533,-0.922852,-0.128418,-0.305176,1.289368,-1.365662,0.9856624506985137
42.78,0.321045,-0.923584,-0.125244,-0.244141,1.480102,-1.365662,0.985780582389915
42.79,0.321533,-0.917969,-0.123291,-0.038147,1.197815,-1.426697,0.9804342026525799
42.8,0.323486,-0.921387,-0.128906,0.12207,0.938415,-1.319885,0.9849943922688087
42.81,0.321289,-0.920654,-0.126953,0.213623,0.694275,-1.068115,0.9833348735024097
42.82,0.321533,-0.916016,-0.125732,0.289917,0.511169,-0.946045,0.9789163999898052
42.83,0.319092,-0.913818,-0.125244,0.442505,0.587463,-0.915527,0.9759964657333551
42.84,0.317627,-0.911133,-0.121582,0.808716,0.335693,-0.869751,0.9725391701839058
42.85,0.317383,-0.909424,-0.120605,1.205444,0.396728,-0.648498,0.9707365999538702
42.86,0.320068,-0.913818,-0.12085,1.487732,0.366211,-0.610352,0.9757620530887641
42.87,0.319092,-0.921875,-0.119873,1.861572,0.37384,-0.556946,0.9828747408586712
42.88,0.320313,-0.920654,-0.121338,2.075195,0.747681,-0.328064,0.9823070375035495
42.89,0.318848,-0.918701,-0.121582,2.02179,1.495361,0.015259,0.9800294675309513
42.9,0.318848,-0.913818,-0.121338,2.029419,2.14386,-0.091553,0.9754231361168342
42.91,0.320557,-0.911133,-0.122314,2.258301,2.761841,-0.411987,0.973591725793723
42.92,0.32251,-0.911133,-0.121094,2.677917,3.40271,-0.762939,0.9740840829338091
42.93,0.321777,-0.916504,-0.121826,3.005981,3.608703,-1.174927,0.978959444523112
42.94,0.323486,-0.91748,-0.11499,3.097534,3.616333,-1.594543,0.9796098420779571
42.95,0.324219,-0.921143,-0.114502,3.410339,3.90625,-1.976013,0.9832258613431606
42.96,0.322754,-0.923096,-0.112061,3.585815,4.463196,-2.197266,0.9842936743944868
42.97,0.324219,-0.923584,-0.111084,3.692627,5.119323,-2.410889,0.9851218300662106
42.98,0.323975,-0.920654,-0.113037,3.890991,5.508422,-2.426147,0.9825176597445971
42.99,0.327148,-0.921387,-0.111328,4.241943,5.607605,-2.342224,0.9840598260558145
43.0,0.326904,-0.92041,-0.111572,4.493713,5.53894,-2.105713,0.983091605345097
43.01,0.325684,-0.92041,-0.114014,4.91333,5.393981,-1.838684,0.9829668499761322
43.02,0.327148,-0.91333,-0.112793,5.310058,5.401611,-1.502991,0.9766881609055164
43.03,0.325928,-0.914063,-0.107666,5.836486,5.439758,-1.319885,0.9763873190025565
43.04,0.328125,-0.913574,-0.104004,6.16455,5.645751,-0.968933,0.9762685599347138
43.05,0.332031,-0.914307,-0.105469,6.561279,5.714416,-0.488281,0.978430163665757
43.06,0.33667,-0.918213,-0.111328,7.011413,5.332946,0.022888,0.9843046915731937
43.07,0.34082,-0.915771,-0.116455,7.354736,4.486084,0.549316,0.9840510981986657
43.08,0.344971,-0.910889,-0.118164,7.705688,3.265381,1.029968,0.9811658840675209
43.09,0.345947,-0.908691,-0.118408,7.843017,1.815796,1.312256,0.979499420497021
43.1,0.346191,-0.90332,-0.118652,7.92694,0.587463,1.472473,0.9746350742636959
43.11,0.344482,-0.900879,-0.11084,8.255005,-0.366211,1.464844,0.9708431008999343
43.12,0.345947,-0.901611,-0.104736,8.392334,-1.144409,1.174927,0.9713657147676152
43.13,0.347656,-0.904297,-0.109863,8.407593,-1.533508,1.106262,0.9750321211703746
43.14,0.349365,-0.907471,-0.109375,8.155823,-1.38855,0.793457,0.9785307402892359
43.15,0.351074,-0.912109,-0.109131,7.972717,-1.411438,0.12207,0.9834151496280703
43.16,0.354248,-0.91626,-0.112549,7.789611,-1.274109,-0.25177,0.9887827418118704
43.17,0.355957,-0.914307,-0.111328,7.507324,-0.785828,-0.564575,0.9874495428537096
43.18,0.359375,-0.909912,-0.107422,7.339477,-1.014709,-1.075745,0.9841898823159076
43.19,0.358154,-0.912109,-0.104248,7.522583,-1.76239,-1.502991,0.9854363303131257
43.2,0.357666,-0.919189,-0.099854,7.858276,-2.670288,-1.724243,0.9913648201308135
43.21,0.358154,-0.925293,-0.099121,8.262634,-3.562927,-1.869202,0.9971290770035743
43.22,0.358887,-0.924805,-0.096191,8.483887,-4.005432,-1.586914,0.9966528358836892
43.23,0.358643,-0.921631,-0.096924,8.468628,-4.425049,-1.541138,0.993691482999628
43.24,0.357422,-0.919434,-0.092773,8.522034,-4.898071,-1.594543,0.9908159243618362
43.25,0.355957,-0.917969,-0.087646,8.621216,-5.088806,-1.586914,0.9884605668037547
43.26,0.359375,-0.918213,-0.090332,9.017944,-5.645751,-1.571655,0.9901643167767661
43.27,0.361816,-0.919189,-0.090088,9.422302,-6.622314,-1.571655,0.9919350197069363
43.28,0.363281,-0.922852,-0.085693,10.017395,-8.071899,-1.63269,0.995475860638519
43.29,0.363037,-0.924316,-0.093018,10.44464,-9.613037,-1.533508,0.9974007617547723
43.3,0.36084,-0.926758,-0.099365,10.391234,-11.070251,-1.586914,0.9994795142417877
43.31,0.359619,-0.925537,-0.102539,10.337829,-11.932372,-1.518249,0.9982278347406468
43.32,0.358398,-0.923828,-0.098389,10.147094,-12.634276,-1.480102,0.9957849643919112
43.33,0.355957,-0.925537,-0.092529,10.06317,-13.09204,-1.823425,0.9959346063165996
43.34,0.35498,-0.920898,-0.09082,9.986877,-13.542174,-2.128601,0.9911166425824964
43.35,0.352783,-0.921875,-0.087891,10.009766,-14.190673,-2.27356,0.9909763814516469
43.36,0.348389,-0.924072,-0.085693,10.093688,-15.151977,-2.26593,0.9912755654983129
43.37,0.350586,-0.927002,-0.079102,10.360717,-15.930175,-2.059937,0.9942335630041866
43.38,0.352051,-0.930908,-0.083984,10.429381,-16.853333,-1.89209,0.998790730494131
43.39,0.349609,-0.930664,-0.087158,10.353087,-17.959595,-1.594543,0.9979771794690498
43.4,0.344727,-0.92749,-0.089111,10.421752,-18.768311,-1.38855,0.9934863738119412
43.41,0.342773,-0.922119,-0.088867,10.261535,-19.058228,-1.060486,0.9877723034075211
43.42,0.34082,-0.921875,-0.084961,10.154723,-18.951416,-0.946045,0.986524282289088
43.43,0.33667,-0.922119,-0.083252,9.986877,-18.699646,-0.831604,0.9851807116285825
43.44,0.335205,-0.924316,-0.080078,9.864807,-18.470764,-0.762939,0.9864760240193372
43.45,0.33667,-0.927246,-0.076172,9.880066,-18.310547,-0.75531,0.9894109393977814
43.46,0.34082,-0.930908,-0.075928,9.857178,-18.562317,-0.88501,0.9942399298197593
43.47,0.341797,-0.935059,-0.077393,9.849548,-18.989563,-1.12915,0.9985740829497829
43.48,0.335693,-0.934326,-0.077148,9.849548,-19.515991,-1.25885,0.9957944960829017
43.49,0.332764,-0.934082,-0.077637,9.69696,-19.439697,-1.197815,0.994619809871591
43.5,0.328857,-0.930664,-0.078613,9.552002,-19.073486,-1.167297,0.9901830189990132
43.51,0.326416,-0.928711,-0.075195,9.269714,-18.592834,-1.197815,0.9872719051011225
43.52,0.320313,-0.927734,-0.069824,9.132385,-17.929077,-1.281738,0.9839543605782739
43.53,0.321045,-0.929199,-0.068115,9.056091,-17.219543,-1.029968,0.9854543758343154
43.54,0.322754,-0.931885,-0.067139,9.017944,-16.944885,-0.701904,0.9884773356339537
43.55,0.325439,-0.936279,-0.069092,9.246826,-17.089844,-0.350952,0.9936310245891077
43.56,0.324219,-0.938232,-0.069092,9.399414,-17.295837,0.022888,0.9950733391308402
43.57,0.330078,-0.942139,-0.072021,9.292603,-17.562866,0.411987,1.0008818141249245
43.58,0.330078,-0.94165,-0.073242,9.162903,-18.02063,0.579834,1.0005101694375724
43.59,0.324951,-0.937744,-0.074463,8.865356,-18.638611,0.831604,0.9952395190636273
43.6,0.320557,-0.934326,-0.077393,8.491516,-18.562317,1.251221,0.9908135752875008
43.61,0.320068,-0.931152,-0.075684,8.171082,-17.860413,1.327515,0.9875300702176111
43.62,0.320068,-0.92749,-0.071777,7.644653,-16.838074,1.365662,0.9837851200607783
43.63,0.321777,-0.924316,-0.069092,7.308959,-16.067505,1.213074,0.9811596251624911
43.64,0.322998,-0.926758,-0.068848,7.064819,-15.647887,1.091003,0.983843557519182
43.65,0.32251,-0.927002,-0.072021,6.744384,-15.518188,1.060486,0.9841404536675646
43.66,0.319824,-0.928467,-0.073242,6.477355,-15.510558,1.014709,0.9847348636201524
43.67,0.319092,-0.928467,-0.071533,5.989074,-15.182494,1.075745,0.9843717004475495
43.68,0.317627,-0.930176,-0.070801,5.599975,-14.442443,1.182556,0.9854578041225307
43.69,0.317627,-0.931152,-0.071533,5.096435,-13.572692,1.182556,0.9864319177327951
43.7,0.315918,-0.93042,-0.067139,4.455566,-12.527465,1.25885,0.9848823302532136
43.71,0.315186,-0.928955,-0.064697,4.066467,-11.192321,1.12915,0.9830998466229155
43.72,0.312744,-0.925537,-0.063477,3.570556,-9.94873,0.823975,0.9790081089725459
43.73,0.311768,-0.925781,-0.05957,3.196716,-8.758545,0.747681,0.9786819354034282
43.74,0.311279,-0.928223,-0.05835,2.89154,-7.865905,0.473022,0.9807636188552266
43.75,0.30835,-0.929932,-0.058105,2.754211,-7.095336,0.411987,0.9814425292135041
43.76,0.308105,-0.935791,-0.052246,2.799988,-6.462097,0.572205,0.9865916740080468
43.77,0.312256,-0.94165,-0.051514,2.838135,-5.79071,1.029968,0.9934093940727559
43.78,0.323242,-0.945557,-0.049561,2.784729,-5.302429,1.182556,1.0005097318537186
43.79,0.32251,-0.943115,-0.052246,2.792358,-5.073547,1.113892,0.9981023233321321
43.8,0.311035,-0.938232,-0.053223,2.731323,-5.226135,1.205444,0.9898761259763769
43.81,0.30835,-0.938965,-0.053711,2.76947,-4.974365,1.335144,0.9897574779944833
43.82,0.307617,-0.936279,-0.054688,2.479553,-4.203796,1.358032,0.9870346305343091
43.83,0.309082,-0.939941,-0.058838,2.479553,-3.479004,1.358032,0.9912026414659114
43.84,0.310547,-0.94043,-0.05957,2.593994,-2.929687,1.434326,0.9921676315063901
43.85,0.309082,-0.938965,-0.061523,2.433777,-2.235413,1.564026,0.9904403230270868
43.86,0.310791,-0.939697,-0.064209,2.14386,-1.480102,1.770019,0.9918388443547671
43.87,0.309326,-0.938965,-0.064941,1.930237,-0.686645,1.853943,0.9907346662865896
43.88,0.30835,-0.940186,-0.065186,1.617432,0.0,2.052307,0.9916040801106054
43.89,0.307373,-0.939697,-0.06543,1.411438,0.679016,2.311707,0.9908530152540285
43.9,0.310059,-0.939941,-0.065918,1.205444,1.251221,2.563476,0.9919530481257669
43.91,0.311768,-0.939941,-0.067627,0.946045,1.670837,2.601623,0.9926035363799587
43.92,0.31665,-0.938721,-0.068359,0.75531,1.930237,2.616882,0.9930444558135351
43.93,0.31543,-0.939941,-0.067139,0.488281,2.357483,2.5177,0.9937267298920766
43.94,0.315918,-0.939453,-0.065674,0.038147,2.960205,2.426147,0.9933223022810874
43.95,0.319092,-0.938477,-0.064209,-0.183105,3.372192,2.380371,0.993318468404771
43.96,0.320068,-0.94165,-0.064453,-0.488281,3.692627,2.189636,0.9966455921404559
43.97,0.322266,-0.944092,-0.062256,-0.747681,4.051208,2.174377,0.9995203293360271
43.98,0.32251,-0.942139,-0.064941,-0.961304,4.28772,2.082825,0.9979258133258202
43.99,0.320801,-0.936523,-0.06543,-1.304626,4.78363,1.953125,0.992103672017194
44.0,0.319336,-0.93335,-0.065186,-1.625061,5.615234,1.625061,0.9886186919090697
44.01,0.319824,-0.934326,-0.062744,-1.945495,6.317138,1.312256,0.9895399308709073
44.02,0.318604,-0.937012,-0.062988,-2.212524,6.935119,0.900268,0.991699291672632
44.03,0.319824,-0.938965,-0.059326,-2.471924,7.278442,0.679016,0.9937113446454157
44.04,0.31958,-0.936523,-0.059814,-2.746582,7.400512,0.62561,0.9913548408743461
44.05,0.322998,-0.936279,-0.061279,-2.998352,7.339477,0.686645,0.9923211121839542
44.06,0.31958,-0.93457,-0.062256,-3.257751,7.156372,0.679016,0.9896606846975382
44.07,0.318115,-0.932861,-0.061523,-3.479004,7.209777,0.724792,0.9875281657122494
44.08,0.317871,-0.932617,-0.062256,-3.700256,7.286071,0.846863,0.9872650357761081
44.09,0.317627,-0.935059,-0.0625,-3.791809,7.469177,0.839233,0.9895092190626623
44.1,0.321045,-0.931152,-0.061768,-4.211426,7.652282,0.854492,0.9868785259356898
44.11,0.318848,-0.931641,-0.063477,-4.371643,7.736206,0.968933,0.9867362005693315
44.12,0.320557,-0.931396,-0.062744,-4.447937,7.530212,0.907898,0.9870117064153798
44.13,0.322998,-0.933594,-0.05957,-4.577637,7.064819,0.984192,0.9896838130130249
44.14,0.327148,-0.933838,-0.059326,-4.676819,6.530761,1.167297,0.9912612160394453
44.15,0.328125,-0.932617,-0.0625,-4.638672,5.828857,1.190186,0.9906294636815524
44.16,0.326904,-0.934326,-0.063721,-4.745483,5.378723,1.327515,0.991913133965369
44.17,0.32959,-0.935547,-0.0625,-4.875183,5.294799,1.38092,0.9938732350300012
44.18,0.331787,-0.936768,-0.0625,-5.012512,5.180358,1.335144,0.9957525541985821
44.19,0.333984,-0.93457,-0.063721,-5.073547,4.959106,1.213074,0.9944982468546639
44.2,0.332764,-0.932373,-0.066162,-5.134582,4.676819,1.13678,0.992183804075132
44.21,0.33374,-0.932861,-0.068604,-5.233764,4.371643,1.022339,0.9931357116411634
44.22,0.337158,-0.930176,-0.067383,-5.424499,4.15802,0.999451,0.9916871364644194
44.23,0.338135,-0.931885,-0.069336,-5.363464,3.456115,0.656128,0.9937567168809477
44.24,0.334717,-0.931152,-0.072021,-5.447387,3.097534,0.488281,0.9921020822647234
44.25,0.336426,-0.929932,-0.071289,-5.523681,3.059387,0.488281,0.9914827782775654
44.26,0.333984,-0.929443,-0.073486,-5.554199,3.181457,0.465393,0.9903584172919419
44.27,0.338867,-0.928955,-0.074951,-5.638122,3.623962,0.549316,0.9916682349026815
44.28,0.341797,-0.931152,-0.074707,-5.79071,3.387451,0.411987,0.9947112003802913
44.29,0.341797,-0.931641,-0.07666,-5.783081,2.716064,0.236511,0.9953174858757381
44.3,0.343018,-0.931396,-0.074707,-5.699157,1.838684,0.190735,0.9953597304437225
44.31,0.341797,-0.928467,-0.073486,-5.523681,0.785828,0.167847,0.9921070262295294
44.32,0.341309,-0.930176,-0.072754,-5.462646,-0.076294,0.068665,0.9934849616239795
44.33,0.34082,-0.931641,-0.074219,-5.310058,-0.88501,-0.190735,0.9947973086222138
44.34,0.338379,-0.932129,-0.077148,-5.096435,-1.876831,-0.427246,0.994643973583513
44.35,0.337158,-0.931885,-0.077393,-5.020141,-2.494812,-0.579834,0.9940195403703088
44.36,0.336914,-0.928467,-0.076904,-4.646301,-2.868652,-0.793457,0.990694826220971
44.37,0.339844,-0.928467,-0.080322,-4.554749,-3.303528,-1.060486,0.991965996447963
44.38,0.335938,-0.929688,-0.081543,-4.470825,-4.096985,-1.312256,0.9918787113538631
44.39,0.32959,-0.928711,-0.081055,-4.310608,-4.600525,-1.419067,0.988788957587007
44.4,0.331055,-0.929688,-0.074463,-4.341125,-5.058288,-1.533508,0.9896776893201139
44.41,0.327881,-0.932373,-0.078369,-4.104614,-5.28717,-1.647949,0.9914469534226226
44.42,0.329834,-0.932617,-0.080811,-4.058838,-5.149841,-1.579285,0.9925196995354804
44.43,0.328613,-0.935059,-0.079834,-4.005432,-5.256652,-1.861572,0.9943315869497458
44.44,0.323975,-0.936035,-0.080078,-3.913879,-5.470275,-2.02179,0.9937473561896907
44.45,0.321289,-0.933594,-0.080811,-3.822326,-5.249023,-2.227783,0.9906335326840093
44.46,0.32373,-0.933594,-0.079834,-3.890991,-4.867554,-2.670288,0.9913487465528971
44.47,0.321045,-0.930908,-0.080566,-3.639221,-4.699707,-3.097534,0.9880032777501297
44.48,0.315674,-0.932373,-0.081543,-3.593445,-4.676819,-3.578186,0.9877341475589472
44.49,0.309082,-0.927246,-0.081543,-3.555298,-4.463196,-3.982544,0.9807986990657156
44.5,0.304443,-0.920898,-0.081543,-3.517151,-3.890991,-4.127502,0.9733385472187979
44.51,0.302246,-0.911865,-0.082764,-3.486633,-3.234863,-4.417419,0.9642096776308564
44.52,0.299316,-0.905029,-0.081299,-3.288269,-2.593994,-4.638672,0.9567011477457315
44.53,0.294678,-0.903564,-0.082031,-3.013611,-1.945495,-4.837036,0.953935066312692
44.54,0.293945,-0.905518,-0.078857,-2.738952,-0.862122,-5.004883,0.9552931161680168
44.55,0.292725,-0.905273,-0.077148,-2.601623,0.068665,-4.951477,0.9545464598740074
44.56,0.29248,-0.909912,-0.079834,-2.182007,0.778198,-4.78363,0.9590922091749051
44.57,0.293457,-0.912109,-0.081055,-1.838684,1.495361,-4.730225,0.9615767009214605
44.58,0.293213,-0.915527,-0.080322,-1.76239,2.326965,-4.524231,0.9646839766379454
44.59,0.297852,-0.922363,-0.080566,-1.358032,2.990722,-4.364014,0.9726048519460511
44.6,0.296143,-0.929443,-0.082031,-0.907898,3.326416,-4.119873,0.9789249468978712
44.61,0.296875,-0.931152,-0.08374,-0.427246,3.700256,-3.967285,0.9809134520073624
44.62,0.298828,-0.933594,-0.090576,-0.305176,4.524231,-4.02832,0.9844287390136475
44.63,0.301758,-0.936035,-0.094482,-0.190735,5.126953,-3.974914,0.9880011437812205
44.64,0.303223,-0.938232,-0.09375,0.106812,5.340576,-3.974914,0.9904607695678814
44.65,0.302246,-0.938477,-0.099365,0.114441,5.271911,-4.02832,0.9909415357476948
44.66,0.300781,-0.940674,-0.105957,0.228882,5.470275,-4.119873,0.9932591152795931
44.67,0.301514,-0.937256,-0.104004,0.457764,6.011962,-4.28772,0.9900385516473588
44.68,0.299561,-0.936523,-0.104248,0.282288,6.706237,-4.53186,0.9887769049457011
44.69,0.301025,-0.936279,-0.105225,0.25177,7.522583,-4.53949,0.989093886893959
44.7,0.303223,-0.933105,-0.110596,0.083923,8.079529,-4.379272,0.987350294459874
44.71,0.304443,-0.926758,-0.114746,-0.045776,8.552551,-4.203796,0.9822080102142315
44.72,0.304199,-0.922119,-0.112061,-0.114441,8.834839,-4.051208,0.9774447040538917
44.73,0.305908,-0.920166,-0.11084,-0.25177,9.094238,-3.89862,0.975997273367093
44.74,0.311523,-0.91626,-0.112061,-0.38147,9.277344,-3.791809,0.9742364368314295
44.75,0.313232,-0.91626,-0.111572,-0.495911,9.086609,-3.631592,0.9747281593387973
44.76,0.318604,-0.91333,-0.112305,-0.549316,8.827209,-3.356933,0.973803168376957
44.77,0.322754,-0.907959,-0.108887,-0.778198,8.399963,-2.89917,0.9697505189305133
44.78,0.321777,-0.910156,-0.106445,-0.846863,7.507324,-2.63977,0.971213117750167
44.79,0.327148,-0.911621,-0.105469,-1.014709,6.889343,-2.39563,0.974270173774195
44.8,0.33667,-0.911133,-0.106201,-1.13678,6.210327,-2.174377,0.9771328901382861
44.81,0.337158,-0.916504,-0.105225,-0.839233,5.554199,-2.26593,0.9822053754714438
44.82,0.341309,-0.917725,-0.104004,-0.907898,4.981995,-2.380371,0.9846460486499705
44.83,0.344727,-0.920166,-0.101807,-1.174927,4.447937,-2.510071,0.9878799711169369
44.84,0.34375,-0.925537,-0.102051,-1.113892,3.997802,-2.731323,0.9925710087797246
44.85,0.346436,-0.930176,-0.100586,-0.953674,3.77655,-3.044128,0.9976787240730355
44.86,0.347656,-0.930664,-0.102783,-0.778198,4.119873,-3.753662,0.9987815178110777
44.87,0.348145,-0.931152,-0.105469,-0.671387,4.173279,-4.150391,0.9996862998411051
44.88,0.349121,-0.934082,-0.105225,-0.663757,4.135132,-4.722595,1.002729752221405
44.89,0.348877,-0.93457,-0.107666,-0.724792,3.64685,-5.378723,1.003358467141729
44.9,0.342773,-0.933105,-0.11084,-0.587463,3.204345,-5.859375,1.0002318611971925
44.91,0.338623,-0.929688,-0.109619,-0.526428,2.861023,-6.16455,0.9954906522082465
44.92,0.338623,-0.928955,-0.112793,-0.411987,2.609253,-6.477355,0.9951608859892956
44.93,0.335449,-0.933594,-0.112793,-0.427246,2.441406,-6.828308,0.9984217792526363
44.94,0.331543,-0.937012,-0.110107,-0.305176,2.464294,-6.950378,1.0000179000607938
44.95,0.328613,-0.935547,-0.107666,-0.442505,2.403259,-6.828308,0.9974099761552419
44.96,0.326172,-0.931152,-0.109619,-0.663757,2.426147,-6.378173,0.9926976104781354
44.97,0.328369,-0.927002,-0.111572,-0.801086,2.479553,-5.91278,0.9897510895922267
44.98,0.327148,-0.925781,-0.106445,-0.648498,2.334595,-5.40924,0.987636983860973
44.99,0.323486,-0.921875,-0.104736,-0.37384,1.373291,-4.920959,0.9825814660968322
45.0,0.320801,-0.918213,-0.104736,0.152588,0.854492,-4.386902,0.9782627584989627
45.01,0.328613,-0.912354,-0.104004,0.648498,0.152588,-3.822326,0.975291319094454
45.02,0.331787,-0.912109,-0.102783,1.159668,-0.854492,-3.356933,0.9760070626481142
45.03,0.331543,-0.912842,-0.104004,1.76239,-2.082825,-2.723694,0.9767385063715878
45.04,0.33252,-0.91333,-0.101807,2.243042,-3.074646,-1.960754,0.9772951982635543
45.05,0.334473,-0.914307,-0.104248,2.76947,-4.219055,-1.190186,0.9791307999863961
45.06,0.33667,-0.91626,-0.104248,3.265381,-5.485534,-0.511169,0.981706026264482
45.07,0.339844,-0.921387,-0.104492,3.845215,-6.866455,0.221252,0.987606463207385
45.08,0.342773,-0.924072,-0.102295,4.432678,-8.460999,0.938415,0.9908918496677627
45.09,0.347168,-0.923828,-0.100586,4.859924,-10.2005,1.571655,0.9920188189767369
45.1,0.349854,-0.927002,-0.106689,5.401611,-11.856078,2.105713,0.9965505867947698
45.11,0.348877,-0.927002,-0.102295,5.867004,-13.458251,2.479553,0.9957470241773259
45.12,0.35083,-0.924072,-0.101563,6.324768,-15.228271,2.723694,0.9936326247929865
45.13,0.349365,-0.927002,-0.100586,6.851196,-16.860962,2.723694,0.9957440206323109
45.14,0.344727,-0.928955,-0.099609,7.17926,-18.218994,2.799988,0.9958494110230722
45.15,0.341064,-0.928223,-0.099609,7.56073,-19.348145,2.738952,0.99390368884817
45.16,0.336914,-0.928223,-0.099365,7.781982,-20.004272,2.63977,0.9924627873880209
45.17,0.334717,-0.931885,-0.100586,7.751464,-20.378111,2.616882,0.995270147603152
45.18,0.334229,-0.932861,-0.104248,7.743835,-20.63751,2.616882,0.9963966656236862
45.19,0.328613,-0.935547,-0.102295,7.766723,-20.828245,2.494812,0.9968445014158427
45.2,0.324219,-0.933105,-0.101074,7.575988,-20.538328,2.6474,0.9929848208618296
45.21,0.322021,-0.931152,-0.100098,7.392883,-20.179747,2.738952,0.9903338735744628
45.22,0.318115,-0.932373,-0.099365,7.194519,-19.813538,2.792358,0.9901464374419574
45.23,0.313721,-0.931885,-0.098389,6.896972,-19.325256,2.883911,0.9881856679728764
45.24,0.3125,-0.932373,-0.095947,6.614685,-18.64624,2.960205,0.9880189714463988
45.25,0.310791,-0.931396,-0.095703,6.385803,-18.005371,3.097534,0.9865336378988807
45.26,0.310059,-0.932373,-0.096191,6.17218,-17.234802,3.234863,0.9872733679640102
45.27,0.310303,-0.93457,-0.0979,5.996704,-16.578674,3.463745,0.9895925660134074
45.28,0.309082,-0.938965,-0.095703,5.859375,-15.884398,3.623962,0.993149544710161
45.29,0.30957,-0.942627,-0.093506,5.546569,-15.167235,3.944397,0.996555376316339
45.3,0.310791,-0.942627,-0.092285,5.371093,-14.450072,4.203796,0.9968215627859381
45.31,0.312256,-0.942383,-0.089355,5.325317,-13.961791,4.524231,0.9967817435376713
45.32,0.3125,-0.940186,-0.088867,5.134582,-13.786315,4.79126,0.9947378088144634
45.33,0.311035,-0.939209,-0.092041,5.149841,-13.824462,4.867554,0.9936437302106826
45.34,0.310303,-0.937012,-0.092041,5.073547,-14.312743,5.134582,0.9913379775001055
45.35,0.309326,-0.935059,-0.091064,4.951477,-15.159606,5.210876,0.9890958294589054
45.36,0.305664,-0.933594,-0.090576,4.821777,-15.914916,5.241394,0.9865253415437437
45.37,0.303223,-0.930908,-0.095215,4.592896,-16.25824,5.310058,0.983666502641012
45.38,0.297119,-0.931396,-0.096191,4.219055,-16.090393,5.241394,0.9823598716651653
45.39,0.29541,-0.93042,-0.095215,3.868103,-15.197753,5.271911,0.980823297401219
45.4,0.293945,-0.93042,-0.093262,3.410339,-14.09912,5.493164,0.9801953071041506
45.41,0.294434,-0.934326,-0.093506,2.983093,-13.000487,5.592346,0.9840730799427448
45.42,0.294922,-0.936035,-0.093994,2.670288,-12.046813,5.699157,0.9858881170523357
45.43,0.292725,-0.941406,-0.0896,2.311707,-11.001586,5.950927,0.9899299684629211
45.44,0.295166,-0.940186,-0.092773,1.823425,-9.925842,6.217956,0.9897876093794062
45.45,0.296631,-0.939697,-0.095459,1.319885,-8.987427,6.439209,0.990016576957679
45.46,0.296875,-0.940918,-0.096924,0.823975,-8.285522,6.500244,0.9913907958645773
45.47,0.302246,-0.941895,-0.100342,0.320435,-7.637023,6.484985,0.994277301614092
45.48,0.301514,-0.938477,-0.103271,-0.045776,-7.133483,6.568908,0.9911178896407834
45.49,0.30127,-0.938477,-0.106201,-0.38147,-6.469726,6.324768,0.9913532896147569
45.5,0.298828,-0.936768,-0.107666,-0.686645,-5.805969,5.950927,0.9891533889968734
45.51,0.299316,-0.94165,-0.111572,-1.152039,-4.684448,5.569458,0.9943556212643443
45.52,0.29834,-0.945313,-0.112549,-1.617432,-3.77655,5.088806,0.9976425717510254
45.53,0.29834,-0.946777,-0.114502,-2.113342,-2.662658,4.745483,0.999251795761709
45.54,0.297607,-0.947998,-0.11792,-2.700805,-1.281738,4.554749,1.0005874578731238
45.55,0.294922,-0.946045,-0.122314,-3.234863,0.022888,4.508972,0.9984692497543427
45.56,0.296143,-0.938721,-0.123535,-3.761291,0.946045,4.173279,0.9920477249180102
45.57,0.297607,-0.932129,-0.124756,-4.013062,1.663208,3.623962,0.9864068423454898
45.58,0.293945,-0.932373,-0.12207,-4.417419,2.159119,3.166198,0.9852025979736351
45.59,0.29248,-0.928955,-0.117676,-4.753113,2.540588,2.609253,0.9809941811249443
45.6,0.291992,-0.923828,-0.118652,-4.867554,2.449036,2.304077,0.9761125953249451
45.61,0.288086,-0.924072,-0.115723,-4.844666,2.418518,2.098083,0.9748304556737033
45.62,0.286133,-0.923096,-0.114746,-5.088806,2.059937,1.792908,0.9732137295686905
45.63,0.285645,-0.920898,-0.113525,-5.027771,1.319885,1.747131,0.9708419634801536
45.64,0.281738,-0.925537,-0.112305,-4.768372,0.984192,1.64032,0.9739648104721239
45.65,0.282959,-0.924072,-0.114014,-4.79126,0.427246,1.739502,0.9731259163443341
45.66,0.281494,-0.931396,-0.115234,-4.943848,-0.183105,1.88446,0.9798041924833757
45.67,0.279541,-0.933594,-0.120117,-5.134582,-0.938415,2.006531,0.9819210870563887
45.68,0.276611,-0.935791,-0.120117,-5.264282,-1.243591,2.059937,0.9831818421284031
45.69,0.276611,-0.941895,-0.118896,-5.439758,-1.754761,2.098083,0.9888458399376518
45.7,0.273438,-0.944824,-0.120361,-5.462646,-2.075195,2.067566,0.9909326420806814
45.71,0.268066,-0.94873,-0.125488,-5.821228,-1.815796,2.082825,0.9938285724409417
45.72,0.265137,-0.950684,-0.125977,-6.065368,-1.51062,2.105713,0.9949713066988415
45.73,0.262207,-0.949951,-0.12915,-6.309509,-0.968933,2.14386,0.9939009687841138
45.74,0.26416,-0.948242,-0.132813,-6.66809,-0.144958,2.044678,0.9932686892945937
45.75,0.260498,-0.946045,-0.135742,-7.072448,0.617981,2.029419,0.9905989302401856
45.76,0.258301,-0.947021,-0.138428,-7.392883,1.518249,2.006531,0.9913276412095045
45.77,0.260742,-0.946533,-0.137939,-7.80487,2.609253,1.953125,0.9914324376244706
45.78,0.26123,-0.950684,-0.136475,-8.255005,3.90625,1.88446,0.9953223630467669
45.79,0.260254,-0.950439,-0.135742,-8.69751,5.15747,1.914978,0.9947322895136158
45.8,0.262695,-0.950684,-0.138184,-9.040833,6.523132,1.899719,0.9959435469628788
45.81,0.264893,-0.948242,-0.136475,-9.597778,7.911682,1.770019,0.993960068432329
45.82,0.263428,-0.947998,-0.138428,-10.261535,9.460449,1.701355,0.9936079862662135
45.83,0.265137,-0.946289,-0.137207,-10.902404,10.95581,1.686096,0.9922632015443282
45.84,0.264893,-0.945313,-0.136719,-11.299132,12.519835,1.411438,0.9911998054776847
45.85,0.265869,-0.94165,-0.133057,-11.520385,13.824462,1.472473,0.9874690946606887
45.86,0.268066,-0.939453,-0.134277,-11.688231,14.839171,1.220703,0.9861346927747751
45.87,0.270752,-0.941895,-0.134521,-11.825561,15.754699,1.014709,0.9892263320241733
45.88,0.271484,-0.94165,-0.133301,-12.023925,16.426086,0.991821,0.9890285341470184
45.89,0.275879,-0.938232,-0.135498,-11.96289,16.792297,0.999451,0.9872933791275013
45.9,0.278564,-0.938721,-0.137451,-11.558532,16.624451,0.663757,0.9887809642878447
45.91,0.277832,-0.938721,-0.138672,-11.268615,16.197205,0.656128,0.9887454979159197
45.92,0.278809,-0.936035,-0.135742,-11.032104,15.60974,0.473022,0.9860638266714786
45.93,0.27832,-0.936768,-0.139404,-10.82611,15.197753,0.343323,0.9871321002986378
45.94,0.280518,-0.937744,-0.144043,-10.612487,14.778136,0.099182,0.9893445020360704
45.95,0.281006,-0.936035,-0.143311,-10.238647,14.495849,0.022888,0.9877570227449662
45.96,0.27832,-0.937256,-0.144531,-10.185241,14.343261,-0.198364,0.9883319492442809
45.97,0.276123,-0.934814,-0.139893,-9.986877,14.335631,-0.228882,0.984728986662828
45.98,0.27832,-0.928955,-0.141357,-9.895325,14.266967,-0.289917,0.9800006203436812
45.99,0.278564,-0.929688,-0.144287,-9.590149,13.938903,-0.236511,0.9811913257917642
46.0,0.277832,-0.929199,-0.146973,-9.407043,13.648986,-0.114441,0.9809191936923245
46.01,0.27832,-0.92749,-0.145508,-9.300232,13.313293,-0.12207,0.979220251304067
46.02,0.2771,-0.925537,-0.145264,-9.231567,12.931823,-0.053406,0.9769876038440817
46.03,0.276123,-0.926514,-0.14624,-9.002686,12.794494,0.053406,0.9777823075332258
