t,ax,ay,az,gx,gy,gz,acc_mag
1.0,-0.089111,-0.586182,0.821777,-0.732422,0.450134,-1.121521,1.013344731655521
1.01,-0.091797,-0.584961,0.82251,-0.534058,-0.25177,-0.961304,1.0134736113140785
1.02,-0.085693,-0.58374,0.823975,-0.62561,-0.640869,-0.770569,1.0134251222828454
1.03,-0.082764,-0.584229,0.827637,-0.892639,0.030518,-0.38147,1.016443017540088
1.04,-0.080322,-0.58667,0.825195,-0.991821,0.976562,-0.236511,1.0156673178797277
1.05,-0.081055,-0.589355,0.822021,-1.144409,1.487732,-0.205994,1.0147057472444905
1.06,-0.085938,-0.588867,0.821289,-1.220703,1.319885,-0.305176,1.0142313863483028
1.07,-0.087646,-0.588867,0.819336,-1.037598,0.595093,-0.50354,1.0127969420871095
1.08,-0.089844,-0.587402,0.817383,-1.060486,-0.213623,-0.740051,1.0105582727527394
1.09,-0.090576,-0.587891,0.814941,-0.892639,-0.610352,-0.740051,1.0089344245975553
1.1,-0.089844,-0.591309,0.817139,-0.831604,-0.37384,-0.63324,1.0126373601334289
1.11,-0.089111,-0.596191,0.814941,-0.801086,0.053406,-0.404358,1.013663313079348
1.12,-0.087158,-0.598633,0.81543,-0.816345,0.526428,-0.137329,1.0153246133887426
1.13,-0.087646,-0.595215,0.81665,-0.938415,0.907898,0.114441,1.0143371924764466
1.14,-0.089355,-0.591797,0.816406,-0.846863,1.037598,0.053406,1.0122878849764034
1.15,-0.092285,-0.587646,0.81543,-0.671387,0.686645,-0.198364,1.009341581151297
1.16,-0.095703,-0.585693,0.811035,-0.816345,0.083923,-0.602722,1.0049741915507084
1.17,-0.097656,-0.586182,0.809814,-0.747681,-0.144958,-0.595093,1.0044624164477236
1.18,-0.094482,-0.59082,0.811035,-0.938415,-0.152588,-0.297546,1.007855590820927
1.19,-0.09082,-0.593994,0.813965,-1.220703,0.205994,-0.015259,1.0117391786725471
1.2,-0.08667,-0.590576,0.816162,-1.449585,0.862122,0.312805,1.0111439615208113
1.21,-0.085938,-0.59082,0.819336,-1.647949,1.564026,0.556946,1.0137874990055855
1.22,-0.082275,-0.593994,0.818604,-1.708984,1.930237,0.656128,1.0147465479010018
1.23,-0.080811,-0.591064,0.819824,-1.701355,1.983642,0.411987,1.0139025894004807
1.24,-0.08252,-0.592773,0.813965,-1.480102,1.556396,-0.160217,1.0103110417856473
1.25,-0.085449,-0.595215,0.813477,-1.060486,0.999451,-0.396728,1.0115963905407137
1.26,-0.088379,-0.593262,0.812256,-0.717163,0.350952,-0.62561,1.0097180090604505
1.27,-0.090332,-0.593506,0.806152,-0.442505,-0.015259,-0.862122,1.005131976092692
1.28,-0.091064,-0.5979,0.807373,-0.587463,-0.007629,-0.579834,1.0087756059823216
1.29,-0.090332,-0.597168,0.810547,-0.541687,0.488281,-0.419617,1.0108194347444057
1.3,-0.091064,-0.598877,0.81543,-0.679016,1.13678,-0.404358,1.0158112020080305
1.31,-0.093262,-0.599365,0.814697,-0.694275,1.548767,-0.480652,1.0157102961366495
1.32,-0.096924,-0.598145,0.817871,-0.846863,1.373291,-0.686645,1.0178824467697634
1.33,-0.100342,-0.596191,0.815674,-0.892639,0.724792,-0.762939,1.0153010882102904
1.34,-0.102539,-0.593994,0.813232,-0.686645,0.091553,-0.823975,1.0122694327010966
1.35,-0.099854,-0.596924,0.814453,-0.62561,-0.37384,-0.846863,1.0147032927417747
1.36,-0.095215,-0.596191,0.812256,-0.457764,-0.518799,-0.808716,1.012061961661439
1.37,-0.090576,-0.598145,0.814453,-0.473022,-0.198364,-0.923157,1.0145516950900038
1.38,-0.090332,-0.598877,0.813721,-0.648498,0.75531,-0.999451,1.014374387094824
1.39,-0.092529,-0.598389,0.815674,-0.976562,1.502991,-0.801086,1.0158519013310947
1.4,-0.093506,-0.594238,0.820801,-1.029968,1.419067,-0.747681,1.0176327698541356
1.41,-0.095703,-0.592285,0.815674,-0.762939,0.663757,-1.075745,1.0125634102168615
1.42,-0.095459,-0.591064,0.8125,-0.549316,-0.25177,-1.289368,1.0092696977404008
1.43,-0.092773,-0.591064,0.810059,-0.297546,-0.984192,-1.342773,1.0070546485201286
1.44,-0.093262,-0.590576,0.810059,-0.25177,-0.984192,-1.502991,1.0068134861537164
1.45,-0.096436,-0.592773,0.808838,-0.228882,-0.480652,-1.38855,1.0074217795288127
1.46,-0.092529,-0.596924,0.810791,-0.076294,-0.274658,-1.106262,1.0110696926018503
1.47,-0.093262,-0.600586,0.80957,-0.244141,-0.312805,-0.961304,1.0123264932520535
1.48,-0.094238,-0.599121,0.80957,-0.38147,-0.328064,-0.953674,1.011548495221559
1.49,-0.094238,-0.600342,0.806641,-0.221252,-0.602722,-0.88501,1.0099311959183161
1.5,-0.094727,-0.603027,0.804443,-0.12207,-1.014709,-0.747681,1.0098234041192549
1.51,-0.09668,-0.602539,0.802246,0.038147,-1.327515,-0.854492,1.007967714481471
1.52,-0.096924,-0.604004,0.798096,0.144958,-1.571655,-0.770569,1.005570643469667
1.53,-0.099609,-0.600586,0.796631,0.12207,-1.823425,-0.511169,1.0026197915650779
1.54,-0.100342,-0.599365,0.797119,-0.076294,-1.701355,-0.335693,1.0023500488102948
1.55,-0.097168,-0.601318,0.79834,-0.221252,-1.396179,-0.259399,1.0041771322570536
1.56,-0.101318,-0.600586,0.800781,-0.427246,-1.205444,-0.396728,1.0060909951296653
1.57,-0.104248,-0.597412,0.799072,-0.366211,-1.281738,-0.50354,1.0031374803246065
1.58,-0.100098,-0.601807,0.79834,-0.419617,-1.296997,-0.343323,1.0047576973842998
1.59,-0.100098,-0.605225,0.803223,-0.534058,-1.342773,-0.25177,1.0106849647432181
1.6,-0.0979,-0.607666,0.807129,-0.579834,-1.281738,-0.343323,1.0150367482002807
1.61,-0.093994,-0.606445,0.811523,-0.473022,-1.060486,-0.50354,1.0174379536807145
1.62,-0.09375,-0.604492,0.813965,-0.488281,-0.511169,-0.762939,1.0182036445569227
1.63,-0.095703,-0.605713,0.814453,-0.335693,0.175476,-1.060486,1.0195003637993465
1.64,-0.102051,-0.606689,0.816162,0.015259,0.274658,-1.213074,1.0220598610482656
1.65,-0.101318,-0.607178,0.812988,0.038147,-0.228882,-0.907898,1.0197450411509732
1.66,-0.099854,-0.60498,0.815186,0.007629,-0.762939,-0.62561,1.0200489381946338
1.67,-0.0979,-0.601318,0.820068,-0.1297,-1.243591,-0.556946,1.0216062214708759
1.68,-0.095215,-0.60083,0.818848,-0.030518,-1.76239,-0.564575,1.0200856004419432
1.69,-0.091553,-0.604004,0.818848,0.335693,-2.052307,-0.717163,1.0216236248878545
1.7,-0.090088,-0.609131,0.812744,0.648498,-2.326965,-0.87738,1.01966133222801
1.71,-0.087646,-0.610107,0.807861,0.610352,-2.189636,-0.740051,1.0161455447355956
1.72,-0.085449,-0.611084,0.803711,0.50354,-1.586914,-0.556946,1.013250491328773
1.73,-0.087402,-0.606445,0.809082,0.228882,-0.923157,-0.350952,1.014903113776384
1.74,-0.089844,-0.59668,0.816162,0.061035,-0.511169,-0.473022,1.0149972300356294
1.75,-0.093262,-0.595459,0.817871,0.25177,-0.282288,-0.595093,1.0159636774835998
1.76,-0.096924,-0.596436,0.819336,0.579834,-0.434875,-0.747681,1.0180577806627675
1.77,-0.098389,-0.60083,0.816895,0.923157,-0.968933,-1.075745,1.0188201633487628
1.78,-0.0979,-0.604004,0.811523,1.51062,-1.716614,-1.075745,1.0163536891973186
1.79,-0.094727,-0.611328,0.808838,1.747131,-2.220154,-0.961304,1.0182897614908046
1.8,-0.092529,-0.609863,0.806152,1.777649,-2.235413,-0.785828,1.0150741557708973
1.81,-0.094971,-0.615234,0.806885,1.770019,-2.052307,-0.648498,1.019115189182263
1.82,-0.090576,-0.620605,0.804688,1.968384,-1.88446,-0.175476,1.0202339707856232
1.83,-0.088623,-0.622559,0.805908,1.670837,-1.625061,0.030518,1.0222139937772325
1.84,-0.092041,-0.618164,0.807617,1.350403,-1.12915,-0.015259,1.021197089334865
1.85,-0.09668,-0.613525,0.810059,1.38092,-0.694275,-0.137329,1.0207622306423763
1.86,-0.102539,-0.609131,0.813721,1.594543,-0.473022,0.061035,1.0216147451573905
1.87,-0.107422,-0.607178,0.817627,1.63269,-0.465393,0.106812,1.024069587917247
1.88,-0.110107,-0.606201,0.816406,1.823425,-0.854492,0.12207,1.0228010367055755
1.89,-0.106201,-0.610352,0.813721,2.281189,-1.548767,0.305176,1.022717009805743
1.9,-0.101074,-0.616211,0.80957,2.510071,-2.670288,0.862122,1.0224165173240307
1.91,-0.106201,-0.612305,0.803711,2.388,-3.952026,1.167297,1.0159465718958847
1.92,-0.110107,-0.614258,0.809814,2.700805,-5.310058,1.197815,1.0223674274002472
1.93,-0.103516,-0.61377,0.810547,2.914428,-5.996704,1.502991,1.0219665426837612
1.94,-0.095703,-0.614502,0.814453,2.593994,-5.821228,1.937866,1.0247465352085852
1.95,-0.094482,-0.608887,0.822266,2.426147,-4.768372,1.899719,1.0275172027022224
1.96,-0.096924,-0.605225,0.82666,1.998901,-3.791809,1.861572,1.0291055912786597
1.97,-0.106934,-0.602295,0.827881,1.930237,-3.974914,1.754761,1.029359556978027
1.98,-0.118896,-0.60376,0.834961,2.662658,-6.050109,1.914978,1.0372185246788643
1.99,-0.135498,-0.602539,0.834961,3.234863,-10.253905,1.953125,1.0385436081580781
2.0,-0.151855,-0.609619,0.82666,3.677368,-16.326904,1.815796,1.0382976556777925
2.01,-0.14917,-0.619873,0.82959,4.844666,-22.90344,1.76239,1.0462857129527288
2.02,-0.126465,-0.632813,0.85791,7.499694,-28.335569,2.120972,1.0735246887212235
2.03,-0.110107,-0.639893,0.892334,10.208129,-31.112669,0.801086,1.1035608594246173
2.04,-0.117432,-0.650879,0.920898,13.137816,-32.157898,-1.502991,1.1337931353068778
2.05,-0.126221,-0.660645,0.958252,16.906738,-34.393311,-3.768921,1.1707392760004252
2.06,-0.180176,-0.68457,0.984863,20.812986,-39.482117,-6.820678,1.2128703989482965
2.07,-0.244629,-0.716797,0.999756,25.642393,-50.201412,-9.147644,1.2542540996090066
2.08,-0.269531,-0.741699,1.014404,32.653809,-67.848206,-10.505675,1.285215873609566
2.09,-0.259766,-0.768066,1.023193,42.343136,-89.714043,-13.015746,1.305499012010733
2.1,-0.186279,-0.801025,1.040283,54.565426,-110.748283,-16.822815,1.3260956362777914
2.11,-0.085449,-0.824219,1.054443,67.6651,-125.099174,-22.628782,1.341077377264638
2.12,0.009033,-0.841553,1.064209,79.841614,-127.830498,-31.501768,1.3567733202635581
2.13,0.053467,-0.858887,1.071045,89.950554,-120.407097,-41.374203,1.373929761990401
2.14,0.063477,-0.87793,1.066895,100.028984,-108.947746,-51.124569,1.3831324432078078
2.15,0.065918,-0.888428,1.065918,111.366264,-98.167412,-60.493465,1.389183456794674
2.16,0.076416,-0.880859,1.083252,121.208183,-89.24865,-68.901062,1.398279971408087
2.17,0.082764,-0.836182,1.111816,127.433769,-80.787651,-75.302124,1.3936229887153841
2.18,0.081299,-0.775635,1.145508,130.4245,-73.242188,-79.963684,1.3857877754872856
2.19,0.068848,-0.725586,1.188721,132.331848,-68.695068,-82.893364,1.3943717963086457
2.2,0.046143,-0.695313,1.243408,135.017395,-70.426941,-84.236137,1.4253605855649298
2.21,0.009277,-0.662109,1.243896,139.343262,-79.666138,-85.258476,1.4091670055128311
2.22,-0.030762,-0.61792,1.213379,143.52417,-93.948357,-85.105888,1.3620058827644617
2.23,-0.068359,-0.547119,1.159424,145.896912,-110.656731,-82.221977,1.2838520805832736
2.24,-0.051025,-0.445313,1.071045,144.287109,-127.593987,-78.582764,1.1610532333269652
2.25,0.021484,-0.347168,0.967529,136.817932,-144.683838,-76.812744,1.0281534653547593
2.26,0.052979,-0.358887,0.926025,128.852844,-165.229782,-75.22583,0.9945496236161371
2.27,0.130615,-0.309082,0.922363,128.044128,-178.787216,-70.983887,0.9815016376542629
2.28,0.24292,-0.230469,0.881592,123.306267,-175.384506,-66.741943,0.9430432338047923
2.29,0.32666,-0.202637,0.863281,117.828362,-159.858704,-64.567566,0.9449987271578729
2.3,0.319824,-0.177002,0.849365,112.991325,-138.893127,-60.844418,0.9246826494560174
2.31,0.333984,-0.142334,0.807129,108.886711,-121.994011,-55.335995,0.8850206226145241
2.32,0.355957,-0.106934,0.753906,105.773918,-106.193535,-50.514217,0.8405441826822668
2.33,0.3479,-0.058105,0.707764,102.844231,-89.897148,-44.425961,0.790784724638128
2.34,0.328369,-0.005371,0.65625,98.976128,-74.394226,-37.010193,0.7338386132536228
2.35,0.303955,0.031006,0.609375,94.360344,-61.538692,-28.541563,0.6816802070516643
2.36,0.314209,0.057129,0.588379,90.011589,-52.009579,-20.362852,0.6694631177017895
2.37,0.317871,0.072998,0.574463,84.808342,-44.906612,-13.694762,0.6605894481552063
2.38,0.331055,0.073975,0.550537,78.407288,-40.596004,-8.995056,0.6466534636256115
2.39,0.337402,0.079834,0.524414,72.631836,-40.550228,-4.920959,0.6286681322892071
2.4,0.335205,0.081299,0.500244,66.673279,-45.593258,-0.709534,0.6076314499447836
2.41,0.342529,0.077637,0.476807,61.080929,-55.381771,3.173828,0.592198053744691
2.42,0.385254,0.073486,0.445801,56.373592,-65.52124,7.240295,0.5937670993857777
2.43,0.415527,0.06665,0.452393,52.566525,-69.999695,11.627196,0.6178708090515362
2.44,0.393066,0.05835,0.456787,49.911495,-71.533203,17.585754,0.6054419594189026
2.45,0.42749,0.064453,0.40625,49.171444,-74.607849,22.628782,0.593246114027728
2.46,0.492676,0.070801,0.363281,46.943661,-78.063965,23.208616,0.6162106032339917
2.47,0.581299,0.048584,0.339355,42.5415,-76.393127,21.804808,0.6748560946468514
2.48,0.605469,0.037842,0.308838,39.131165,-72.250366,21.156309,0.6807390374945453
2.49,0.634277,0.023926,0.272461,35.873413,-71.853638,20.050049,0.6907349439010596
2.5,0.667236,0.02002,0.252441,32.38678,-73.34137,18.119812,0.7136743925467692
2.51,0.653076,0.019287,0.253662,25.29907,-74.966431,14.526366,0.7008742115308566
2.52,0.656738,0.025391,0.255859,17.562866,-76.591492,10.57434,0.7052753585699703
2.53,0.679199,0.055664,0.269775,14.373778,-75.09613,10.742187,0.7329313154191189
2.54,0.691895,0.084473,0.299072,11.886596,-69.404602,12.542724,0.7584843043451855
2.55,0.680176,0.101074,0.333496,8.178711,-61.134335,13.938903,0.7642479482916522
2.56,0.662598,0.118408,0.366455,5.081176,-51.200863,16.326904,0.7663849105332124
2.57,0.634277,0.128662,0.397461,2.685547,-41.252132,19.897461,0.7594975111835456
2.58,0.629639,0.126465,0.430908,0.679016,-33.355713,24.559019,0.7733824222271928
2.59,0.608887,0.129639,0.444092,-0.900268,-28.923033,29.96063,0.7647008261758319
2.6,0.592285,0.141357,0.455811,-2.990722,-29.281614,33.531189,0.760622764841416
2.61,0.600342,0.157715,0.467529,-6.568908,-33.477783,35.629272,0.7770893796919374
2.62,0.630127,0.169434,0.47876,-10.932921,-37.513733,37.834167,0.8093077622789738
2.63,0.667725,0.168213,0.503662,-16.189575,-38.276672,40.496822,0.8531281845291481
2.64,0.688721,0.157471,0.542969,-21.52252,-35.850525,42.549129,0.8910381959506563
2.65,0.706055,0.14209,0.597412,-25.779722,-31.875608,44.288631,0.9357373183051962
2.66,0.732666,0.123779,0.674316,-27.488707,-27.8244,46.119686,1.003405589107914
2.67,0.754395,0.101807,0.816406,-25.611876,-25.444029,47.33276,1.1162415679905493
2.68,0.68335,0.08252,1.134766,-16.25824,-31.723021,48.522945,1.3272040715941162
2.69,0.477539,0.106689,1.547852,12.519835,-68.466187,54.916378,1.6233520422711767
2.7,0.668701,0.132324,1.332031,50.697323,-112.030022,62.042233,1.4963212400210055
2.71,1.140625,0.172119,0.889404,69.519043,-116.615288,55.442806,1.4566021474658069
2.72,0.935303,0.114258,0.680176,56.945797,-98.0606,39.18457,1.1621041189794483
2.73,0.593018,0.023926,0.630859,39.253235,-111.999504,33.302307,0.8661558056614295
2.74,0.770752,0.026611,0.574707,33.02002,-148.841858,31.85272,0.9617977576777771
2.75,1.090332,0.091797,0.527588,30.563353,-165.855392,36.224365,1.2147426300155106
2.76,1.28418,0.135742,0.551758,25.520323,-140.975952,38.9328,1.4042724285294503
2.77,1.383057,0.071777,0.484863,17.097473,-81.115715,37.92572,1.467341382142206
2.78,1.388672,0.00293,0.408691,10.665893,-23.765562,39.176941,1.4475658333785721
2.79,1.355469,-0.021973,0.378906,2.548218,13.267516,32.63855,1.4076039142905223
2.8,1.242676,-0.022705,0.379639,-5.226135,36.094666,20.454405,1.2995710555110096
2.81,1.168701,-0.001709,0.435547,-10.162353,42.762753,8.392334,1.2472233710490674
2.82,1.119141,0.02124,0.509277,-11.917113,37.712097,-4.005432,1.2297523239294976
2.83,1.019775,0.018799,0.55957,-11.360168,34.080505,-15.220641,1.1633628143988444
2.84,0.918457,0.013916,0.581787,-8.903503,33.714294,-19.775391,1.087305398346757
2.85,0.853271,0.034668,0.561035,-6.553649,35.690308,-19.142151,1.021779595064415
2.86,0.774902,0.051514,0.536621,-6.538391,40.298458,-18.348694,0.9439750523403677
2.87,0.697266,0.041992,0.521729,-8.789063,46.165462,-15.327453,0.8718625764769354
2.88,0.621582,0.017334,0.507813,-11.779784,49.064632,-9.246826,0.8028316718023772
2.89,0.575195,-0.013184,0.492676,-14.274596,46.279903,-1.556396,0.757464683570792
2.9,0.559326,-0.034424,0.486328,-15.968322,38.528442,5.119323,0.7419875400813682
2.91,0.546387,-0.053223,0.508057,-16.769409,28.266905,7.995605,0.7479928854922351
2.92,0.556641,-0.059082,0.544678,-16.288757,17.76886,10.345458,0.7810339360674413
2.93,0.588867,-0.065674,0.594971,-15.48767,7.583618,11.222838,0.8396832193190478
2.94,0.624756,-0.063721,0.606934,-12.908935,-0.915527,10.69641,0.8733552002095138
2.95,0.670166,-0.049316,0.589844,-9.048462,-9.208679,9.887695,0.8941311311815511
2.96,0.731201,-0.057129,0.578125,-5.744934,-15.251159,9.880066,0.9338881842420965
2.97,0.769043,-0.079346,0.556641,-3.585815,-17.906189,9.57489,0.9526657999770959
2.98,0.797119,-0.088867,0.540039,-1.876831,-20.13397,7.530212,0.9669220058365618
2.99,0.806641,-0.080322,0.533447,-1.38092,-21.629332,4.524231,0.9704055999292255
3.0,0.80127,-0.070801,0.54541,-2.27356,-20.355223,2.571106,0.971863397088809
3.01,0.806885,-0.068115,0.563477,-2.952575,-17.562866,2.174377,0.9865137535680888
3.02,0.799316,-0.068848,0.573486,-3.417969,-12.695312,2.525329,0.9861705264080853
3.03,0.770996,-0.069092,0.567627,-4.348755,-7.43103,4.28772,0.9599004883887705
3.04,0.754639,-0.076172,0.567627,-5.508422,-5.653381,6.828308,0.9473555853184167
3.05,0.748535,-0.082275,0.571289,-6.523132,-6.782531,9.231567,0.9452221661445526
3.06,0.761963,-0.078857,0.577393,-7.621765,-10.208129,11.428832,0.9592646747728178
3.07,0.789795,-0.07373,0.589844,-8.293152,-13.259887,12.191772,0.9884979510656561
3.08,0.814697,-0.076172,0.597656,-8.468628,-13.565063,11.291503,1.0132749230732003
3.09,0.819824,-0.071045,0.595703,-8.071899,-13.34381,9.880066,1.015884268610357
3.1,0.827637,-0.071777,0.574707,-7.965087,-13.893126,8.415222,1.0101599266190477
3.11,0.852051,-0.077637,0.54248,-8.300781,-13.59558,7.820129,1.0130661186566254
3.12,0.864014,-0.091553,0.514893,-9.719849,-11.550902,7.04956,1.0099588830511863
3.13,0.876465,-0.109619,0.500977,-11.337279,-9.819031,6.141662,1.0154728829048072
3.14,0.894043,-0.117188,0.499756,-13.198852,-8.834839,4.463196,1.0309228742874026
3.15,0.916016,-0.121094,0.507568,-15.258788,-7.980346,1.525879,1.0542174081829612
3.16,0.878662,-0.156982,0.552002,-19.195557,-7.911682,-4.852295,1.049474376329408
3.17,0.855469,-0.255859,0.565918,-32.89032,-17.883301,-25.390623,1.0571443707299397
3.18,0.933838,-0.183105,0.58252,-31.562803,-26.268003,-35.072327,1.1157555295265176
3.19,0.985352,-0.134277,0.587891,-22.956846,-15.846251,-26.679991,1.155233614691851
3.2,0.918945,-0.176514,0.572021,-18.341064,1.937866,-21.286009,1.0967338463191514
3.21,0.825195,-0.19458,0.556152,-15.457152,12.046813,-22.354124,1.0139591764607685
3.22,0.766602,-0.198242,0.562012,-13.023376,12.733459,-22.308348,0.9709974279636377
3.23,0.734863,-0.186768,0.583252,-9.841919,9.185791,-21.39282,0.9566027441404296
3.24,0.704346,-0.166016,0.596436,-7.064819,5.851745,-19.416809,0.9377635640543943
3.25,0.674561,-0.141113,0.590088,-3.913879,2.609253,-16.494751,0.9072757404637247
3.26,0.67041,-0.131104,0.571289,-1.411438,-2.89917,-13.870238,0.890510498779773
3.27,0.692871,-0.136963,0.550049,-0.114441,-9.811401,-12.413024,0.8951999711857681
3.28,0.709229,-0.145996,0.526855,0.87738,-17.684937,-12.115478,0.8954869052543426
3.29,0.753418,-0.149902,0.520264,2.258301,-26.412962,-12.08496,0.9277844157044244
3.3,0.803223,-0.147217,0.530762,3.997802,-33.050537,-12.825011,0.9739344605577933
3.31,0.845703,-0.126221,0.541992,5.783081,-35.087585,-13.885497,1.012373761569313
3.32,0.874756,-0.090332,0.575195,7.118225,-33.180237,-14.511107,1.0508126463766032
3.33,0.893555,-0.05249,0.596191,8.514404,-27.32086,-13.931273,1.0754717321278138
3.34,0.901855,-0.02124,0.575928,10.299682,-19.187927,-13.420104,1.0702740956451295
3.35,0.896973,-0.012939,0.54126,11.001586,-12.657165,-13.938903,1.0477071957612967
3.36,0.876953,-0.021973,0.509521,10.612487,-7.858276,-14.167785,1.0144658823139396
3.37,0.853271,-0.036621,0.500244,10.414123,-4.364014,-13.572692,0.9897760133575677
3.38,0.83374,-0.049316,0.489746,11.276244,-2.098083,-12.863158,0.9681970873597999
3.39,0.810303,-0.057617,0.464844,12.657165,-1.068115,-12.84027,0.9359437028123005
3.4,0.775146,-0.061768,0.443848,13.580321,-1.731872,-12.5885,0.8953589527357171
3.41,0.743896,-0.05957,0.447754,13.137816,-5.111694,-11.947631,0.8702950581452247
3.42,0.727783,-0.059814,0.459229,12.847899,-10.910033,-10.246276,0.8626338065054023
3.43,0.734375,-0.061523,0.467041,12.756347,-18.180847,-8.018494,0.8724786621087074
3.44,0.754395,-0.064453,0.452881,12.550353,-25.100706,-6.767272,0.8822512144480166
3.45,0.784668,-0.07251,0.438232,11.901855,-31.204222,-6.378173,0.9016700372908041
3.46,0.816162,-0.082764,0.447021,11.245727,-37.437439,-7.17163,0.9342366211945452
3.47,0.845215,-0.082764,0.461182,12.069701,-42.518612,-8.453369,0.9663990444143662
3.48,0.864014,-0.074463,0.465576,13.85498,-44.754025,-10.009766,0.9842895622432456
3.49,0.858154,-0.050537,0.456299,15.785216,-44.792171,-11.58142,0.9732374085936072
3.5,0.840576,-0.008301,0.450439,16.593933,-46.112057,-12.252807,0.9536939818925146
3.51,0.835449,0.026611,0.469482,15.754699,-50.064083,-11.474608,0.9586952202060882
3.52,0.877197,0.045898,0.481689,14.137267,-52.101131,-10.147094,1.0018011259396746
3.53,0.913574,0.047852,0.474365,12.168883,-48.477169,-9.056091,1.0304995975763407
3.54,0.92041,0.030762,0.46582,9.82666,-40.824886,-7.247924,1.032031560149204
3.55,0.907227,0.01123,0.460938,8.43811,-32.272339,-5.004883,1.0176692892452832
3.56,0.897461,-0.004395,0.446045,8.041382,-25.100706,-2.174377,1.002203424745196
3.57,0.864258,-0.031738,0.432861,9.246826,-17.349243,0.473022,0.9671183156827297
3.58,0.800781,-0.061523,0.436523,12.069701,-11.886596,1.403808,0.9141048183983059
3.59,0.79248,-0.095947,0.409668,16.494751,-12.687682,3.761291,0.8972503816845105
3.6,0.780029,-0.153076,0.412354,22.109983,-14.961242,4.753113,0.8954961328408961
3.61,0.713867,-0.221924,0.428711,26.878355,-18.493652,5.050659,0.8617711279603187
3.62,0.633545,-0.26416,0.416992,32.966614,-28.442381,7.263183,0.8031451305268557
3.63,0.621338,-0.272461,0.383301,39.962769,-48.767086,10.665893,0.7792403758571548
3.64,0.659912,-0.266357,0.357422,44.120785,-75.057983,11.489867,0.7963544344555382
3.65,0.702148,-0.279053,0.363037,46.432491,-96.397392,8.430481,0.8382590614374532
3.66,0.736816,-0.297852,0.394775,51.208492,-110.740654,6.767272,0.8873899550845726
3.67,0.779541,-0.325684,0.431152,56.259151,-118.751518,8.331299,0.9484968558941037
3.68,0.810791,-0.390625,0.456787,61.721798,-114.997856,15.525817,1.0092691908876443
3.69,0.828857,-0.415771,0.45459,73.242188,-99.57885,23.28491,1.032725287281182
3.7,0.770752,-0.427734,0.489746,78.178406,-83.526604,24.383543,1.008397820691814
3.71,0.717285,-0.499023,0.489502,76.86615,-69.831848,19.119263,1.0015657411063938
3.72,0.714844,-0.525391,0.418213,75.370789,-61.332699,8.682251,0.9807852775128714
3.73,0.643066,-0.475342,0.355225,75.187683,-60.470577,5.348205,0.8750249698980024
3.74,0.614258,-0.437744,0.268066,78.063965,-65.208435,15.182494,0.800494897207971
3.75,0.663574,-0.398193,0.254395,86.364738,-68.611145,20.217894,0.8146195030503505
3.76,0.741211,-0.401367,0.219727,92.224113,-66.40625,21.026609,0.8710735730918485
3.77,0.753906,-0.446777,0.209473,90.110771,-61.325069,21.675108,0.9010343402412585
3.78,0.780273,-0.515625,0.248047,85.182182,-55.320736,23.231504,0.9675858666614555
3.79,0.801025,-0.577393,0.276367,83.877556,-42.762753,23.41461,1.0253791717033265
3.8,0.781738,-0.583496,0.253418,84.114067,-19.66095,27.175901,1.0078703117881784
3.81,0.745605,-0.567383,0.192383,82.397453,7.408142,37.223816,0.9564839274148834
3.82,0.723877,-0.551025,0.11084,77.209473,31.654356,50.277706,0.9164671119871132
3.83,0.73291,-0.537354,0.023682,68.115234,50.781246,63.110348,0.909102429069464
3.84,0.77832,-0.544434,-0.057861,56.343075,63.621517,74.272156,0.9515977606515265
3.85,0.82959,-0.560303,-0.141846,42.526241,74.295044,82.603447,1.0110782895626826
3.86,0.840576,-0.586914,-0.187988,25.756834,86.402885,90.88134,1.0422934055802138
3.87,0.845703,-0.609131,-0.202637,8.483887,98.449699,103.004448,1.0617513330055206
3.88,0.839844,-0.613281,-0.202148,-6.858825,109.207146,117.561333,1.0593938565052188
3.89,0.795654,-0.605469,-0.185059,-20.301817,117.294304,131.690979,1.0168111088879783
3.9,0.750488,-0.610107,-0.143799,-32.348633,118.22509,147.224426,0.9778245967421765
3.91,0.734375,-0.63501,-0.125244,-43.205257,111.282341,164.947495,0.9788924354907438
3.92,0.748047,-0.647217,-0.136963,-52.391048,99.769585,181.701645,0.9986105460423499
3.93,0.800049,-0.659668,-0.17041,-61.279293,86.799614,196.571335,1.0508472014165524
3.94,0.863525,-0.701904,-0.178223,-70.94574,74.737549,210.151657,1.1269907224862146
3.95,0.91333,-0.752686,-0.159424,-80.711357,63.83514,222.290024,1.1942043021493434
3.96,0.932861,-0.788818,-0.16333,-89.561455,51.261898,232.742294,1.232534044700186
3.97,0.952393,-0.824219,-0.173096,-97.602837,35.064697,242.324814,1.2713581759779577
3.98,0.98291,-0.856201,-0.148682,-104.11071,14.953612,249.992355,1.3119826819074252
3.99,1.024414,-0.880615,-0.096924,-108.230583,-4.951477,249.992355,1.3543637190197468
4.0,1.063477,-0.927734,0.000244,-107.925407,-21.766661,249.877914,1.4112667231324487
4.01,1.111084,-0.950195,0.055664,-102.72979,-33.416748,249.984726,1.4630367985724078
4.02,1.18335,-0.948242,0.04541,-95.283501,-37.078857,249.992355,1.5170834456825373
4.03,1.322754,-0.937744,0.090576,-85.952751,-36.277771,249.992355,1.6239599643550329
4.04,1.414307,-0.9104,0.166504,-76.812744,-33.302307,249.992355,1.6902118305895861
4.05,1.35376,-0.880127,0.235596,-72.715759,-29.533384,249.992355,1.6318073259257664
4.06,1.270264,-0.868652,0.308105,-71.983337,-35.377502,248.992905,1.5694125072220495
4.07,1.263916,-0.856934,0.355225,-67.085266,-50.903316,243.858322,1.5678023906210246
4.08,1.259766,-0.787109,0.381348,-58.784481,-66.436768,236.961349,1.5336157438357887
4.09,1.234131,-0.718506,0.386719,-52.833553,-80.749504,228.958115,1.4794869996583275
4.1,1.217041,-0.647705,0.365234,-47.607418,-94.581596,221.96196,1.4262210338730812
4.11,1.231689,-0.585205,0.393555,-40.542599,-98.533623,217.483505,1.4192984967127247
4.12,1.144043,-0.496582,0.484131,-36.857605,-96.870415,215.255722,1.3378381418295713
4.13,1.033691,-0.473145,0.558838,-37.002563,-104.583733,210.540756,1.2667609027555278
4.14,1.017578,-0.486572,0.616211,-34.240723,-123.550407,205.528244,1.285275571147682
4.15,1.060059,-0.520264,0.577393,-33.950806,-144.78302,199.928268,1.3144513644962297
4.16,1.128418,-0.617432,0.520752,-33.26416,-164.672836,187.18718,1.387707499025641
4.17,1.144043,-0.709229,0.55835,-31.295774,-179.458603,164.825424,1.4572559427876766
4.18,1.130127,-0.772705,0.604004,-23.54431,-183.387741,141.998291,1.4963558684918505
4.19,1.169189,-0.745361,0.704102,-1.38092,-164.886459,127.105705,1.5550966415133176
4.2,1.049805,-0.615479,0.851563,17.074585,-122.200005,113.609306,1.4852826264502659
4.21,0.942383,-0.59375,0.929932,23.376463,-70.274353,98.57177,1.4509990716099717
4.22,0.876953,-0.604248,0.895996,24.406431,-19.790649,87.577812,1.3917510703171743
4.23,0.784912,-0.631836,0.768311,18.882751,17.181396,75.576782,1.2671248444257575
4.24,0.768555,-0.653809,0.611084,15.411376,35.675049,62.515255,1.1796468334048118
4.25,0.786621,-0.647705,0.448242,11.558532,38.459778,49.461361,1.1132004559961337
4.26,0.708496,-0.644043,0.298096,6.683349,25.413511,35.926819,1.0028056606745894
4.27,0.603271,-0.662598,0.227539,4.844666,-3.40271,24.902342,0.9245247457834755
4.28,0.474121,-0.694092,0.235107,6.645202,-43.113705,18.623352,0.8728285791345286
4.29,0.376465,-0.681152,0.259766,11.20758,-84.487907,17.662048,0.8204707905129834
4.3,0.295898,-0.655029,0.276367,14.259337,-122.428886,21.987913,0.7700632025580757
4.31,0.253906,-0.669189,0.266846,17.356873,-159.477234,24.726866,0.7638644920880928
4.32,0.260254,-0.706055,0.21875,21.591185,-195.411667,26.100157,0.7836436499079157
4.33,0.321533,-0.773926,0.138672,24.810789,-228.00444,25.527952,0.8494556181160968
4.34,0.342285,-0.852783,0.079834,31.417845,-249.992355,21.598814,0.922372665396151
4.35,0.27832,-0.836182,0.150879,40.855404,-249.992355,17.707825,0.8941067230286326
4.36,0.241211,-0.837646,0.24292,45.959469,-249.641403,14.053344,0.9048998255260081
4.37,0.266357,-0.833008,0.287354,51.536556,-240.661606,12.855529,0.9205545615709044
4.38,0.242676,-0.804688,0.304443,48.797604,-197.364792,15.35797,0.8939239109504791
4.39,0.312012,-0.793945,0.177734,39.527893,-144.752502,20.004272,0.8713722086026154
4.4,0.287598,-0.828125,0.098633,25.077818,-93.215935,24.665831,0.8821746391265167
4.41,0.170898,-0.878662,-0.089355,7.614135,-54.13055,28.007505,0.8995762072626199
4.42,-0.045654,-0.851563,-0.731689,-12.252807,-32.104492,30.265806,1.1236603683524662
4.43,-0.069336,-1.358887,-0.30542,-24.894712,-16.296387,39.18457,1.394511647877134
4.44,-0.096924,-1.655518,-0.171875,-20.095823,-21.049498,33.866882,1.6672357738859251
4.45,-0.227295,-1.606445,-0.244141,-18.745422,-32.272339,20.156858,1.6407112430074342
4.46,-0.334961,-1.57373,-0.00415,-17.486572,-33.332825,21.537779,1.6089879449271831
4.47,-0.342041,-1.443604,0.282959,-8.94928,-18.64624,30.036924,1.5103146527058526
4.48,-0.317139,-1.305176,0.465332,-5.775451,-1.556396,31.242369,1.4214764882054856
4.49,-0.304199,-1.224854,0.624023,-4.493713,8.407593,29.21295,1.40790946351177
4.5,-0.197754,-1.071777,0.721191,1.289368,16.166687,28.717039,1.306877592097286
4.51,-0.067383,-1.032227,0.436523,-4.15802,19.004822,19.287109,1.1227579337270346
4.52,0.094727,-1.276367,0.133301,-9.262085,10.147094,5.836486,1.2868003263206766
4.53,0.176758,-1.438965,0.036133,1.182556,0.701904,-1.487732,1.4502307593890016
4.54,0.142334,-1.3479,0.060303,9.979248,-3.90625,-6.729125,1.3567349886271085
4.55,0.162109,-1.110107,0.061768,16.540527,-10.231017,-4.264832,1.1235800661964415
4.56,0.187012,-0.824951,0.036133,19.264221,-12.397765,5.058288,0.8466541408591822
4.57,0.295654,-0.758057,0.045166,13.839721,-8.888245,14.015197,0.8149243342304855
4.58,0.306396,-0.876221,0.041992,5.294799,-0.267029,19.416809,0.9291959307492689
4.59,0.197754,-1.03418,0.101807,4.211426,10.520934,27.511595,1.057827765831943
4.6,0.053223,-1.163086,0.121338,5.836486,15.274047,33.416748,1.1706086627771897
4.61,-0.089844,-1.154541,0.135742,8.995056,8.483887,38.18512,1.1659600145721123
4.62,-0.054443,-1.000732,0.102539,10.910033,4.40979,43.464657,1.0074437069107136
4.63,0.036865,-1.066162,0.283447,5.798339,7.606506,39.802551,1.1038127741052828
4.64,0.005615,-1.104492,0.106934,0.305176,0.946045,32.463074,1.1096706658486564
4.65,-0.049072,-1.020996,0.056152,-0.816345,-5.828857,32.485962,1.023715751712359
4.66,0.001465,-0.980957,0.018799,0.396728,-11.83319,28.755186,0.9811382086510544
4.67,0.004639,-0.979248,0.036133,1.403808,-12.641906,25.245665,0.9799253846666082
4.68,-0.049561,-0.989746,0.082031,1.548767,-12.878417,22.109983,0.994375443279851
4.69,0.015869,-1.0,0.138428,0.335693,-12.71057,18.501282,1.0096604064461476
4.7,0.016113,-1.011963,0.145264,-2.708435,-10.887145,16.159058,1.022462895089108
4.71,-0.016846,-1.025391,0.137695,-3.433227,-14.47296,16.281128,1.034732044358345
4.72,0.0271,-1.017578,0.123535,-3.90625,-17.982483,16.159058,1.025407378708092
4.73,-0.008057,-1.007324,0.101563,-4.798889,-16.197205,13.267516,1.0124631347333097
4.74,-0.048584,-1.02124,0.098389,-5.439758,-12.46643,8.270264,1.027118268738805
4.75,-0.053223,-0.991455,0.051025,-5.401611,-9.559631,2.593994,0.9941927657044181
4.76,-0.034912,-0.988281,0.048584,-3.456115,-7.064819,-2.853393,0.9900901917305311
4.77,-0.021729,-1.000244,0.125,-3.250122,-4.859924,-6.752014,1.0082585030521685
4.78,0.018799,-0.99292,0.152344,-6.156921,-2.63977,-8.750916,1.004714995974978
4.79,-0.02832,-0.972412,0.093994,-10.025024,-1.564026,-8.285522,0.9773545887649989
4.8,0.046387,-1.008301,0.122803,-11.466979,-3.089905,-6.721496,1.0168103250749374
4.81,0.032959,-1.017334,0.126709,-14.213561,-2.540588,-4.852295,1.0257241022409487
4.82,0.046875,-1.020752,0.11792,-15.99121,-2.76947,-3.593445,1.0286092734994179
4.83,0.047607,-1.032471,0.122559,-17.738342,0.228882,-3.15094,1.0408090606691507
4.84,0.03833,-1.022949,0.091797,-20.1416,5.599975,-4.127502,1.027774554418429
4.85,0.006348,-0.988525,0.025879,-21.659849,9.475708,-5.348205,0.9888840656871765
4.86,-0.008057,-0.960938,0.008057,-20.904539,9.811401,-4.592896,0.9610055516707486
4.87,0.02124,-0.994141,0.055176,-18.630981,7.064819,-1.823425,0.9958975130288257
4.88,-0.038818,-0.987061,0.046143,-16.593933,2.220154,1.777649,0.9889011231129228
4.89,0.012207,-1.044189,0.091064,-14.076232,0.63324,3.242492,1.048223416388892
4.9,0.036621,-1.058594,0.059326,-14.213561,5.393981,2.464294,1.0608873308476259
4.91,0.086426,-1.052002,0.010498,-13.122558,8.331299,3.265381,1.0555983466660037
4.92,0.052979,-1.034668,-0.021729,-9.140015,8.422852,6.347656,1.0362513180237698
4.93,0.030762,-0.989258,-0.020996,-4.386902,5.66101,9.994507,0.989958849257887
4.94,-0.006104,-0.954346,0.02832,-1.831055,4.264832,12.596129,0.9547856141207827
4.95,-0.061035,-0.967285,0.064941,-1.426697,3.52478,14.823913,0.9713819413243175
4.96,-0.099121,-0.991455,0.099609,-0.831604,1.693725,16.059875,1.0013640409696165
4.97,-0.066895,-1.044189,0.094482,-0.991821,1.174927,15.624999,1.050586720394847
4.98,-0.001221,-1.013672,0.031006,-1.014709,2.098083,14.442443,1.0141468268751817
4.99,0.050293,-1.001709,-0.004639,0.160217,5.355834,14.61029,1.0029814688472563
5.0,0.038086,-1.029053,0.003906,2.052307,9.902954,15.396117,1.0297649620379399
5.01,-0.054443,-0.985596,0.006348,3.578186,12.199401,15.396117,0.9871189455020098
5.02,-0.030762,-0.975342,0.063477,5.340576,11.604308,15.029906,0.9778893838962566
5.03,-0.078125,-1.01001,0.087646,4.951477,11.741637,16.426086,1.0168114559941779
5.04,-0.077637,-1.003418,0.086426,4.249573,10.032654,17.715454,1.0101211016353435
5.05,-0.029053,-1.005371,0.080566,3.913879,9.620667,18.486023,1.0090122917021378
5.06,-0.0354,-0.98999,0.029297,3.440857,11.390685,19.355774,0.9910558381388004
5.07,0.009033,-0.997803,0.015869,4.951477,13.46588,18.890381,0.9979700632078099
5.08,0.003174,-1.043213,0.041504,6.04248,18.264771,17.997742,1.0440431119743092
5.09,-0.065186,-1.034424,0.040771,6.851196,21.171568,16.456604,1.0372774464013956
5.1,-0.066162,-1.031006,0.073975,8.201599,21.492002,14.968871,1.0357717330111882
5.11,-0.082031,-0.97583,0.064453,6.866455,22.506712,13.664245,0.9813905762080661
5.12,-0.019287,-0.984131,0.090088,6.088256,22.346495,13.481139,0.9884339438090943
5.13,-0.021729,-1.056641,0.102539,3.784179,23.078917,15.663146,1.0618270098481202
5.14,-0.070557,-1.035645,0.057129,1.434326,19.264221,16.998291,1.0396165537903868
5.15,-0.055664,-1.032959,0.053711,0.343323,15.594481,14.869689,1.0358511708242646
5.16,-0.128906,-1.009277,0.052002,-1.991272,16.677856,10.658263,1.018803723770678
5.17,-0.102051,-1.030762,0.027344,-2.830505,13.366698,6.736755,1.0361623432556308
5.18,-0.076172,-1.000977,0.049805,-0.228882,9.674072,7.67517,1.005105798479941
5.19,-0.099609,-0.992188,0.048584,1.068115,7.087707,10.253905,0.9983583451251359
5.2,-0.105713,-0.937256,0.047852,4.386902,1.235962,14.457702,0.9444119132078967
5.21,-0.034668,-1.0,0.053223,7.148742,-3.860473,17.982483,1.0020152483635165
5.22,-0.064941,-1.049316,0.062744,7.92694,-6.179809,21.316526,1.053194289232998
5.23,-0.063477,-1.03125,0.056152,8.033752,-8.766174,23.094175,1.0347265045088
5.24,-0.038818,-1.011719,0.063965,6.553649,-7.286071,21.804808,1.014481982742917
5.25,-0.0896,-1.008545,0.07251,3.173828,-3.105163,20.706175,1.015110278307239
5.26,-0.120361,-0.994873,0.068848,1.693725,0.198364,19.592285,1.0044894740882058
5.27,-0.172607,-0.947754,0.064453,1.075745,4.28009,16.586304,0.9654972864664095
5.28,-0.173096,-0.91333,0.044678,2.357483,7.011413,13.397216,0.9306610756875996
5.29,-0.113281,-1.001465,0.061035,3.913879,6.690979,11.749267,1.0096979758378246
5.3,-0.134766,-1.035156,0.070801,5.149841,4.211426,11.413573,1.0462899219112263
5.31,-0.173584,-1.016602,0.068604,7.019042,-1.693725,11.505126,1.0335944757379463
5.32,-0.133057,-1.002686,0.077637,9.056091,-7.530212,10.978698,1.0144510257346089
5.33,-0.099365,-1.006592,0.080322,8.956909,-8.453369,9.994507,1.0146686559527696
5.34,-0.106689,-1.005371,0.079346,7.492065,-6.141662,9.170532,1.014124833577208
5.35,-0.120605,-0.967773,0.06958,6.179809,-2.922058,8.613586,0.9777379618046954
5.36,-0.123535,-0.959717,0.072021,5.241394,-0.564575,8.468628,0.9703116204369605
5.37,-0.108887,-0.986328,0.085449,4.302979,1.00708,8.956909,0.9959923864939932
5.38,-0.118408,-0.994873,0.086914,2.89154,1.647949,9.20105,1.0056573889695237
5.39,-0.152832,-0.968262,0.092529,2.01416,1.579285,9.094238,0.9846067929427462
5.4,-0.155518,-0.952637,0.093994,1.472473,2.182007,8.636475,0.9698133707724388
5.41,-0.137939,-0.997559,0.094238,0.267029,4.470825,7.843017,1.0114504075069621
5.42,-0.143311,-1.026855,0.084717,-0.480652,5.561828,7.209777,1.0402625648532202
5.43,-0.138428,-1.027344,0.068848,-0.015259,3.265381,6.698608,1.0389119561464293
5.44,-0.124756,-1.02002,0.06958,0.694275,0.572205,6.103515,1.0299739008033164
5.45,-0.120605,-1.01416,0.068604,0.762939,-0.541687,5.744934,1.023607630120546
5.46,-0.12915,-1.000244,0.082031,0.175476,-0.411987,5.332946,1.0118778913470734
5.47,-0.151367,-0.966797,0.084961,-0.50354,1.777649,4.821777,0.9822559643081838
5.48,-0.163086,-0.973877,0.087891,-1.174927,3.52478,5.073547,0.9913416577578086
5.49,-0.136475,-1.002197,0.103271,-1.63269,3.814697,6.324768,1.0167050466457812
5.5,-0.112061,-1.024902,0.087646,-1.953125,3.921509,7.598876,1.0347287560713676
5.51,-0.119385,-1.041992,0.083008,-1.838684,3.479004,8.987427,1.052088605751911
5.52,-0.134277,-1.050049,0.078857,-1.274109,0.823975,10.940551,1.0615326851204347
5.53,-0.115479,-1.032227,0.06543,-0.175476,-2.76947,12.351989,1.0407252585913345
5.54,-0.103027,-1.00293,0.059326,0.12207,-2.960205,13.008117,1.009951841379083
5.55,-0.120605,-0.980225,0.059326,-0.732422,0.457764,13.084411,0.9893968824117044
5.56,-0.142334,-0.983643,0.061768,-1.998901,3.929138,13.160705,0.9958051038375934
5.57,-0.156982,-1.006348,0.062988,-2.952575,5.500793,12.71057,1.0204641755456192
5.58,-0.154053,-1.032715,0.069336,-3.39508,5.851745,11.306762,1.046441627101101
5.59,-0.14624,-1.050293,0.081299,-3.669739,6.034851,9.33075,1.0635370472390702
5.6,-0.136475,-1.067139,0.099365,-4.585266,6.340026,6.538391,1.080409401185958
5.61,-0.133057,-1.094238,0.102295,-6.149292,8.308411,2.952575,1.107034431676811
5.62,-0.14624,-1.121582,0.121094,-7.04956,12.321471,-0.900268,1.137539483780673
5.63,-0.170654,-1.134033,0.088867,-8.491516,13.320922,-4.936218,1.1502395300518933
5.64,-0.161621,-1.16333,0.116943,-9.643555,8.361816,-10.437011,1.1803108496451264
5.65,-0.149902,-1.17334,0.146729,-10.902404,2.578735,-16.098022,1.1919424334442499
5.66,-0.146729,-1.167236,0.168701,-13.870238,-3.349304,-22.697447,1.1884566910653496
5.67,-0.150879,-1.163574,0.203613,-17.333984,-12.222289,-29.869078,1.1908514516454183
5.68,-0.08667,-1.184082,0.221924,-17.486572,-24.650572,-35.675049,1.2078129546415703
5.69,-0.050537,-1.189941,0.175293,-14.274596,-37.490845,-42.472836,1.2038443452951049
5.7,-0.003418,-1.192871,0.112061,-13.031005,-44.708248,-48.194881,1.1981279452070217
5.71,0.049072,-1.115479,0.10791,-9.57489,-45.1889,-53.390499,1.1217602367373343
5.72,-0.010986,-1.000977,0.101807,-9.811401,-37.712097,-59.890743,1.0062009302192083
5.73,-0.092041,-0.963135,0.092529,-12.908935,-33.39386,-61.241146,0.9719373383850421
5.74,-0.156494,-0.966309,0.120361,-9.460449,-35.919189,-56.175228,0.9862708683916401
5.75,-0.184814,-0.940674,0.116943,-6.523132,-34.645081,-52.215572,0.9657636636988368
5.76,-0.062012,-0.938721,0.078369,-5.859375,-40.801998,-50.292965,0.9440255844763954
5.77,0.080811,-0.90625,0.096924,1.647949,-44.197079,-49.400326,0.9149938480651113
5.78,0.150391,-0.848389,0.165527,8.071899,-37.460327,-50.888058,0.8773713785683916
5.79,0.213135,-0.814209,0.264648,13.47351,-27.999876,-55.7785,0.8822705865039364
5.8,0.35376,-0.789795,0.404297,21.881102,-19.91272,-61.332699,0.9551849788569752
5.81,0.572998,-0.764893,0.486816,31.532286,-6.988525,-70.030212,1.07255667790052
5.82,0.732666,-0.759033,0.481934,37.940979,18.821716,-84.57946,1.159823668926014
5.83,0.785889,-0.793213,0.422852,41.488644,49.209591,-98.838799,1.1939900324516952
5.84,0.832764,-0.850586,0.374268,44.166561,72.502136,-110.633842,1.2478256925211948
5.85,0.872803,-0.9021,0.331055,46.56982,87.974541,-122.673027,1.2981397843968885
5.86,0.904541,-0.925781,0.281982,49.125668,96.527092,-134.078979,1.3246806139466223
5.87,0.930176,-0.929199,0.227051,51.307674,99.166862,-144.828796,1.3342377333811242
5.88,0.953613,-0.926758,0.181641,51.673885,95.886223,-156.364441,1.3421071481867608
5.89,0.953857,-0.93335,0.150635,52.078243,88.279716,-166.831955,1.3430101645832766
5.9,0.945068,-0.938232,0.15918,53.153988,78.735352,-177.421555,1.341182717920269
5.91,0.934814,-0.958496,0.183105,53.993221,69.419861,-189.125046,1.35133979355194
5.92,0.908691,-0.965576,0.183594,56.869503,61.614986,-198.623642,1.3385675560437733
5.93,0.886719,-0.965576,0.168701,58.708187,55.885311,-206.275925,1.3217668569524659
5.94,0.875488,-0.947266,0.153076,58.54034,53.359982,-211.906418,1.2989320131076916
5.95,0.865967,-0.911377,0.128662,56.671139,54.855343,-215.423569,1.263748705820109
5.96,0.879883,-0.875,0.102539,53.741451,61.44714,-216.346725,1.2451238252519305
5.97,0.936035,-0.861816,0.095459,49.819942,71.990967,-216.682419,1.2759313303473663
5.98,0.97876,-0.870361,0.114014,48.110958,85.319511,-217.590317,1.3147237733139991
5.99,0.988281,-0.897217,0.143311,46.417233,98.205559,-220.611557,1.3424737326186311
6.0,0.991943,-0.913574,0.154297,44.731136,107.475273,-223.403915,1.3573414945893314
6.01,0.988525,-0.914795,0.145508,43.159481,112.236015,-225.074753,1.3546970678768002
6.02,0.980713,-0.892578,0.124268,40.634151,114.364616,-226.074203,1.3318918913624334
6.03,0.983643,-0.84375,0.106689,36.987305,114.677422,-225.547775,1.300326942222609
6.04,0.978027,-0.792969,0.074951,31.364439,115.158073,-223.861679,1.2613303691305462
6.05,0.989014,-0.753662,0.055908,24.665831,118.286125,-220.95488,1.2447010913886112
6.06,1.016602,-0.733398,0.06543,17.753601,124.870293,-217.185959,1.2552423422224093
6.07,1.036865,-0.741699,0.081787,9.819031,134.742737,-215.164169,1.2774566717485958
6.08,1.02832,-0.744629,0.105713,5.363464,144.706726,-211.479172,1.2740053408090564
6.09,1.014404,-0.739258,0.125977,0.900268,151.58844,-208.320602,1.2615023068980096
6.1,1.030029,-0.731445,0.142334,-3.90625,155.586243,-205.673203,1.27131054287377
6.11,1.033691,-0.723389,0.162598,-8.255005,158.187866,-203.620895,1.2721033127879198
6.12,1.002197,-0.722656,0.178467,-12.878417,160.438538,-201.644882,1.24839136140635
6.13,0.957764,-0.727051,0.181152,-18.112183,160.362244,-198.181137,1.216030872717054
6.14,0.89209,-0.709229,0.166748,-20.790098,157.669067,-191.802963,1.151796526320947
6.15,0.854736,-0.689941,0.140381,-24.024961,153.953552,-184.707626,1.107383871265064
6.16,0.839844,-0.656738,0.131348,-26.145933,150.680542,-177.23082,1.0741950670543967
6.17,0.845703,-0.618896,0.15918,-27.359007,148.239136,-170.387253,1.0599924978154327
6.18,0.864746,-0.592773,0.193359,-29.022215,147.361755,-164.466843,1.0660924804753105
6.19,0.875488,-0.585693,0.231445,-31.417845,148.284912,-158.638,1.0784629416062472
6.2,0.849609,-0.586182,0.260742,-33.409119,149.627686,-153.533936,1.064627249589733
6.21,0.786865,-0.602295,0.282227,-34.759521,147.239685,-148.452759,1.030324160048186
6.22,0.718262,-0.618164,0.311035,-34.362793,138.320923,-142.745972,0.997381473040782
6.23,0.653809,-0.606201,0.330566,-34.385681,123.046867,-137.573242,0.9509046961909484
6.24,0.623779,-0.598877,0.309082,-34.194946,104.782097,-131.721497,0.9183058230752977
6.25,0.594971,-0.55835,0.297119,-30.899046,86.769096,-123.748772,0.8683460793381865
6.26,0.566162,-0.527832,0.280029,-31.22711,71.090698,-118.080132,0.8231417079148645
6.27,0.517822,-0.49707,0.255615,-32.608032,59.082027,-112.892143,0.7619430666454022
6.28,0.477051,-0.466309,0.252441,-34.27124,46.981808,-107.025139,0.7132658680765539
6.29,0.468262,-0.439941,0.246338,-36.201477,34.301758,-101.264946,0.6881132133370206
6.3,0.472412,-0.411377,0.243652,-38.078308,24.597166,-95.115654,0.6721386992109589
6.31,0.485107,-0.398438,0.25415,-41.938778,20.355223,-89.225761,0.6772546521014086
6.32,0.522949,-0.427979,0.277344,-45.57037,19.981384,-84.144585,0.7304528563692526
6.33,0.586182,-0.467529,0.288574,-46.70715,23.208616,-80.55114,0.8034100176379431
6.34,0.644775,-0.498535,0.293701,-46.852108,31.120298,-78.086853,0.8663326291044335
6.35,0.671387,-0.512207,0.3125,-46.623226,42.137142,-75.813293,0.9004292113309074
6.36,0.675781,-0.507324,0.326416,-47.615047,52.398678,-74.676514,0.9058725108937792
6.37,0.64917,-0.484863,0.336914,-50.880428,58.319088,-74.508667,0.8775106045313641
6.38,0.609619,-0.47583,0.320801,-57.830807,57.304379,-75.805664,0.837235209282314
6.39,0.539307,-0.468506,0.329102,-61.477657,53.466793,-75.798035,0.7865481795090495
6.4,0.455078,-0.467773,0.380615,-63.720699,44.372555,-72.593689,0.7554967530294223
6.41,0.428223,-0.479492,0.432373,-65.65094,27.664183,-68.969727,0.7747476537053856
6.42,0.460938,-0.488525,0.482178,-65.223694,8.834839,-68.603516,0.8268108242838866
6.43,0.531494,-0.495117,0.521729,-63.83514,-4.753113,-69.854736,0.8943309595256109
6.44,0.614014,-0.491211,0.548096,-62.149044,-7.644653,-70.854187,0.9584939561275283
6.45,0.671387,-0.472656,0.560791,-61.233517,-0.061035,-71.395874,0.9943091791721527
6.46,0.696533,-0.455322,0.566406,-62.278744,13.015746,-72.219849,1.0066241108820113
6.47,0.693359,-0.449707,0.556641,-65.101624,27.343748,-73.417664,0.9964097006808996
6.48,0.637695,-0.440918,0.54541,-70.198059,41.183468,-74.874878,0.9479112109522706
6.49,0.620605,-0.475098,0.546875,-76.919556,53.581234,-74.981689,0.9539082457207297
6.5,0.624023,-0.494141,0.585205,-78.842163,65.353394,-73.150635,0.9879498592717143
6.51,0.629883,-0.5,0.638184,-78.315735,76.141357,-72.929382,1.0266603194557584
6.52,0.635742,-0.5,0.662354,-77.423096,86.570732,-74.424744,1.0454093513452039
6.53,0.632324,-0.518311,0.67334,-76.408386,95.901482,-76.675415,1.059182085052896
6.54,0.650635,-0.561523,0.678955,-74.081421,104.042046,-78.979492,1.0952688595860836
6.55,0.645996,-0.607178,0.678223,-72.906494,115.104668,-82.221977,1.1162268557193022
6.56,0.59668,-0.659424,0.665527,-76.461792,122.650139,-86.929314,1.1107624507089713
6.57,0.51123,-0.637451,0.646484,-76.438904,124.046318,-88.813774,1.0419411943852683
6.58,0.432129,-0.593262,0.641602,-74.790955,119.689934,-91.178886,0.9748581433670234
6.59,0.38208,-0.59082,0.65625,-77.545166,109.680168,-94.192497,0.962142121154666
6.6,0.367676,-0.57959,0.672363,-76.583862,98.747246,-91.76635,0.9608237158006666
6.61,0.401855,-0.562012,0.679932,-72.532654,90.652458,-85.853569,0.9693567216422445
6.62,0.428955,-0.570068,0.684814,-70.075989,86.791985,-82.038872,0.988913611618831
6.63,0.427002,-0.575195,0.683594,-67.611694,84.854118,-81.092827,0.9901922807540968
6.64,0.404297,-0.564697,0.694336,-66.581726,80.848686,-80.841057,0.9820596962069058
6.65,0.386719,-0.578369,0.700439,-68.786621,74.226379,-78.948975,0.9872573513745035
6.66,0.400146,-0.620361,0.771729,-79.551697,70.632935,-82.633965,1.0679561044715276
6.67,0.393311,-0.697998,0.825195,-102.195732,75.515747,-101.21917,1.1501484855226303
6.68,0.312744,-0.670898,0.865723,-99.868767,81.794731,-103.927605,1.139029959513357
6.69,0.214111,-0.577393,0.962402,-80.467216,75.813293,-92.323296,1.1425601981401243
6.7,0.267578,-0.598145,1.00293,-66.200256,71.792603,-84.388725,1.198016699386532
6.71,0.317627,-0.666504,0.970215,-51.834103,74.874878,-71.281433,1.2191930279369219
6.72,0.321533,-0.662842,0.900635,-32.707214,75.660706,-54.038998,1.1635662380277283
6.73,0.333008,-0.574951,0.862793,-14.869689,73.562622,-39.993286,1.0889787607267647
6.74,0.364014,-0.473633,0.867432,-4.936218,75.141907,-29.20532,1.0532201505426109
6.75,0.356445,-0.419189,0.885742,-2.075195,81.977837,-22.125242,1.0427422242865203
6.76,0.319092,-0.395752,0.918457,-1.495361,87.440483,-14.823913,1.0497631212883218
6.77,0.276367,-0.381104,0.935059,-0.63324,88.539116,-9.841919,1.0468783649431292
6.78,0.241455,-0.347168,0.91748,0.846863,86.181633,-7.186889,1.0102453601224803
6.79,0.221436,-0.299561,0.900635,1.548767,78.689575,-3.471374,0.9746353667100327
6.8,0.224854,-0.255615,0.888428,0.312805,68.092346,-1.533508,0.9514213896717899
6.81,0.234619,-0.233154,0.899902,-2.5177,58.464046,-2.227783,0.9587650767946233
6.82,0.226563,-0.248291,0.922607,-5.477905,51.002499,-2.609253,0.9819281491529815
6.83,0.220703,-0.298096,0.925781,-5.630493,43.067928,-0.785828,0.9973171508532278
6.84,0.318115,-0.329346,0.924316,-2.784729,36.186218,3.417969,1.031516363804763
6.85,0.344971,-0.300537,0.927734,-1.571655,46.905514,6.690979,1.0344166732830633
6.86,0.148193,-0.303223,0.895752,-1.64032,62.095638,7.522583,0.9572235885528522
6.87,0.074707,-0.327637,0.869629,0.50354,56.663509,10.810851,0.9322991672521219
6.88,0.045654,-0.333984,0.872314,3.463745,43.739315,15.11383,0.9351798300690621
6.89,0.022461,-0.336914,0.862549,6.462097,31.517027,20.202635,0.9262863041835392
6.9,0.007324,-0.347412,0.84082,9.483337,15.853881,25.192259,0.9097950379728392
6.91,0.019287,-0.37207,0.848389,13.732909,-4.852295,30.609129,0.9265915867252411
6.92,0.045654,-0.392822,0.882813,19.630432,-25.772093,36.186218,0.9673428577133342
6.93,0.078369,-0.418945,0.907471,27.06909,-43.41888,41.122433,1.0025767945783506
6.94,0.113037,-0.441162,0.90332,35.743713,-58.92944,46.600338,1.0116265595628655
6.95,0.137939,-0.45459,0.883057,44.158932,-74.859619,53.298946,1.0027307221133697
6.96,0.172363,-0.448242,0.875,51.574703,-91.476433,60.165401,0.9981256906487278
6.97,0.206299,-0.427002,0.898682,55.244442,-106.75811,64.567566,1.0161295795955356
6.98,0.25293,-0.404541,0.913574,53.825375,-117.950432,65.238953,1.0306524433857418
6.99,0.286621,-0.390869,0.931396,47.805782,-124.282829,61.973568,1.0499660383164782
7.0,0.313477,-0.397461,0.957275,37.864685,-125.991814,50.437923,1.0828751089922604
7.01,0.373779,-0.422363,0.993896,21.27075,-122.833244,26.916502,1.1427731635919702
7.02,0.494385,-0.514648,0.940918,5.615234,-108.7799,2.349854,1.180934280497014
7.03,0.524902,-0.489258,0.920166,21.415709,-87.722771,7.041931,1.1668765863295056
7.04,0.494629,-0.409912,0.948242,36.468506,-67.993164,17.578125,1.1453595880547733
7.05,0.470215,-0.430176,0.922119,36.705017,-54.161068,20.835875,1.1209179217775047
7.06,0.446289,-0.44751,0.902832,38.040161,-48.912045,24.345396,1.1020638329266594
7.07,0.438721,-0.428955,0.88623,39.634705,-48.179623,23.902891,1.0779063599246457
7.08,0.439453,-0.401367,0.875732,40.603634,-48.751827,22.590635,1.0588299881104615
7.09,0.452637,-0.381592,0.882324,42.274471,-47.767635,22.300718,1.062538634219481
7.1,0.472412,-0.375488,0.883301,43.159481,-42.633053,21.598814,1.0697593152148757
7.11,0.480469,-0.376709,0.882568,43.701168,-33.882141,21.125792,1.0731665319352817
7.12,0.465576,-0.377197,0.897217,45.036312,-26.30615,20.614622,1.0789054331469463
7.13,0.431641,-0.393311,0.89917,47.180172,-24.856565,18.730164,1.072153992904937
7.14,0.440186,-0.400635,0.907959,50.209042,-32.104492,15.2359,1.085661855046036
7.15,0.505859,-0.405518,0.935059,54.351803,-42.03796,10.467528,1.1378372070230434
7.16,0.547119,-0.411621,0.944824,58.79974,-45.852657,6.393432,1.166817654467912
7.17,0.502441,-0.404297,0.918457,63.102718,-43.968197,6.500244,1.122259454644513
7.18,0.511475,-0.360352,0.87915,67.070007,-43.540951,6.332397,1.0790574414872454
7.19,0.526123,-0.248047,0.842773,69.854736,-39.665222,7.667541,1.0240112571974003
7.2,0.495117,-0.232666,0.815918,72.265625,-32.920837,7.942199,0.9823423506950111
7.21,0.488525,-0.252441,0.803711,72.952271,-31.295774,4.753113,0.9738246791014283
7.22,0.501221,-0.223145,0.796387,72.723389,-30.09033,5.493164,0.9670824347670678
7.23,0.511963,-0.187256,0.789551,72.097778,-29.304502,5.249023,0.9594590686975656
7.24,0.491699,-0.166992,0.788086,71.44165,-29.975889,3.288269,0.943786934673817
7.25,0.494141,-0.166504,0.784668,72.235107,-32.981873,3.166198,0.9421267325158543
7.26,0.518311,-0.17627,0.795898,75.515747,-35.903931,4.196167,0.9660077805199087
7.27,0.524658,-0.185791,0.796387,80.604546,-35.40802,5.439758,0.9716051494377744
7.28,0.508545,-0.173828,0.764893,86.036674,-33.454895,7.743835,0.9348237759374759
7.29,0.486816,-0.144531,0.724609,90.583794,-35.064697,10.421752,0.8848374035369436
7.3,0.477783,-0.101563,0.693848,93.299858,-41.130062,12.298583,0.8485379691928936
7.31,0.482178,-0.058594,0.66333,93.566887,-48.97308,13.290404,0.82215300852092
7.32,0.502197,-0.024414,0.638916,91.865532,-56.289669,14.091491,0.8130261528764005
7.33,0.522217,-0.010498,0.63208,90.339653,-61.599728,14.22119,0.8199670295158215
7.34,0.537354,-0.011719,0.636963,90.103142,-64.720154,14.038085,0.8334317726400884
7.35,0.551514,-0.022461,0.64209,91.361992,-66.879272,14.579772,0.8467300377434357
7.36,0.570313,-0.025391,0.644775,93.688957,-69.664001,15.731811,0.8611831521081912
7.37,0.588623,0.005859,0.641602,95.687859,-72.715759,15.602111,0.8707264153647803
7.38,0.596924,0.067139,0.63208,96.267693,-74.935913,13.992309,0.8719810969837593
7.39,0.595947,0.155273,0.62207,93.933098,-76.919556,13.122558,0.8753477116197883
7.4,0.602539,0.244873,0.624023,89.019768,-79.086304,13.664245,0.9013438506912886
7.41,0.622803,0.31543,0.627197,82.756035,-79.833984,14.518737,0.938485875502663
7.42,0.646484,0.35376,0.644775,76.789856,-77.49176,15.014647,0.9791948225358423
7.43,0.670166,0.371094,0.655273,71.540833,-71.70105,15.930175,1.0080753587510212
7.44,0.688477,0.385498,0.663574,67.375183,-63.919064,17.700195,1.030989690059508
7.45,0.70459,0.406738,0.660156,62.988277,-55.168148,19.767761,1.047706453678701
7.46,0.709961,0.448242,0.646484,57.144161,-46.165462,21.942137,1.0596730978660351
7.47,0.714844,0.500977,0.640137,49.247738,-38.42926,24.429319,1.0824764559259477
7.48,0.731201,0.549316,0.645264,40.039063,-32.829285,26.31378,1.1192714594561053
7.49,0.74292,0.569336,0.656494,30.632017,-28.022764,27.542112,1.1432663641216776
7.5,0.760498,0.567139,0.668945,22.010801,-22.613523,28.114317,1.1608149147689308
7.51,0.769775,0.540527,0.689453,14.579772,-16.288757,28.190611,1.1662197166756356
7.52,0.783936,0.516113,0.695068,8.636475,-8.911133,28.167723,1.1679245718320168
7.53,0.782227,0.512451,0.699707,3.608703,0.442505,28.396605,1.1679362109203566
7.54,0.767334,0.523682,0.701416,-1.327515,9.872437,28.633116,1.1640570045045044
7.55,0.763916,0.529785,0.708252,-5.996704,18.554688,28.221128,1.168700430728508
7.56,0.770752,0.523193,0.709961,-9.666443,27.481077,26.649473,1.1712532528339035
7.57,0.764404,0.498535,0.698975,-12.367248,36.92627,23.460386,1.1495288913576727
7.58,0.743652,0.458008,0.669434,-14.22119,45.57037,19.287109,1.1004233301434498
7.59,0.710938,0.417236,0.637695,-16.090393,51.948544,15.998839,1.0421965421958566
7.6,0.678955,0.37915,0.600586,-17.967224,55.847164,14.709472,0.9825671264198695
7.61,0.64502,0.344727,0.553223,-19.622803,57.868954,14.633178,0.9170295484105189
7.62,0.607422,0.310303,0.527588,-21.804808,57.777401,14.923095,0.862321596411107
7.63,0.571289,0.282227,0.517578,-23.933409,54.13818,15.800475,0.8209203293462771
7.64,0.546387,0.261719,0.520264,-26.115416,46.32568,16.448975,0.7985676041676121
7.65,0.537109,0.248047,0.531494,-28.282164,35.064697,15.968322,0.7952982233891887
7.66,0.537354,0.235352,0.548584,-30.525206,22.262571,14.701842,0.8031713953297888
7.67,0.538086,0.219727,0.573975,-32.455444,9.963989,13.069152,0.8168621661883968
7.68,0.545654,0.195801,0.593262,-33.721924,-0.602722,11.932372,0.8294794270872544
7.69,0.556641,0.172119,0.61377,-34.27887,-8.750916,11.695861,0.8462787755473962
7.7,0.573975,0.147949,0.618408,-34.622192,-13.755797,12.46643,0.8566006430595298
7.71,0.5896,0.116211,0.627441,-35.171509,-14.778136,13.389586,0.8688011078503527
7.72,0.595703,0.076904,0.634033,-35.621643,-13.931273,14.892577,0.8733694146888817
7.73,0.605957,0.043457,0.625244,-36.567688,-13.496398,16.387939,0.8717811974538107
7.74,0.619141,0.016113,0.634277,-38.024902,-13.145446,16.914368,0.8865114321761453
7.75,0.626465,-0.004395,0.648193,-40.344234,-11.726378,17.120361,0.9014609683724526
7.76,0.628906,-0.020508,0.668457,-42.938229,-10.040282,17.120361,0.9180294634427589
7.77,0.621826,-0.03833,0.69165,-45.272823,-8.430481,16.693115,0.9308686726257361
7.78,0.606934,-0.073975,0.720947,-46.859737,-6.965637,16.357422,0.9453072293122485
7.79,0.581299,-0.114746,0.748047,-47.348019,-5.676269,16.403198,0.9542795639255827
7.8,0.546875,-0.152588,0.760498,-46.768185,-5.271911,17.127991,0.9490587818322951
7.81,0.522705,-0.181641,0.766357,-45.204159,-5.783081,18.943787,0.9452602929114287
7.82,0.513184,-0.19873,0.761719,-42.770382,-6.103515,21.369932,0.9397165879758641
7.83,0.50708,-0.201416,0.747559,-40.878292,-4.829407,23.941038,0.9254960777534392
7.84,0.493896,-0.187744,0.704102,-40.27557,-1.533508,27.137754,0.8803071593233808
7.85,0.460449,-0.191406,0.661133,-41.66412,3.288269,30.487059,0.8280980510338132
7.86,0.418213,-0.222412,0.657227,-44.654842,4.91333,33.485413,0.810133656035842
7.87,0.399902,-0.264893,0.649414,-47.286983,2.120972,37.200928,0.8073589378021402
7.88,0.39624,-0.312012,0.654297,-49.186703,-4.051208,40.237423,0.8261126980945155
7.89,0.366699,-0.365967,0.675049,-50.086971,-12.985229,41.946407,0.8509354582405178
7.9,0.324951,-0.418213,0.684326,-47.828671,-24.894712,43.960567,0.8653307691547781
7.91,0.302734,-0.453125,0.685059,-42.175289,-40.428158,47.180172,0.8753719060273752
7.92,0.302979,-0.47583,0.667969,-35.873413,-58.54797,51.132198,0.8742957441861421
7.93,0.344971,-0.497314,0.633789,-29.739378,-78.125,55.320736,0.87636448008691
7.94,0.449951,-0.503418,0.607666,-23.53668,-96.527092,58.090206,0.9083741259420592
7.95,0.55249,-0.483398,0.597656,-20.233152,-109.512321,58.197018,0.9466316711583234
7.96,0.600098,-0.469238,0.604492,-19.592285,-113.945,55.587765,0.9724775001572016
7.97,0.63501,-0.463867,0.638916,-17.913818,-115.661613,53.497311,1.0132245303213894
7.98,0.683105,-0.44751,0.677734,-14.999389,-115.020744,54.222103,1.0612356080913417
7.99,0.730957,-0.420166,0.70459,-13.320922,-109.550468,55.580135,1.098765066565642
8.0,0.779053,-0.394775,0.727051,-12.153625,-101.257317,56.945797,1.1363863929293592
8.01,0.818115,-0.384277,0.729492,-11.497497,-89.508049,57.136532,1.1615246635427077
8.02,0.859619,-0.391113,0.713135,-10.345458,-76.965332,57.266232,1.1834169730720443
8.03,0.953369,-0.398193,0.670898,-8.44574,-66.940308,57.182308,1.2318986329296742
8.04,1.032715,-0.400146,0.634277,-9.70459,-56.663509,52.055355,1.2762932285607411
8.05,1.053223,-0.409424,0.650879,-13.946532,-49.926754,41.618343,1.3040514453601897
8.06,1.07959,-0.417236,0.663086,-17.562866,-47.943111,28.999327,1.3338978563563255
8.07,1.143311,-0.396484,0.659912,-19.081116,-45.112606,19.14978,1.3783480883728174
8.08,1.20752,-0.357666,0.665527,-20.423887,-35.110474,13.275146,1.4244141622733886
8.09,1.231934,-0.317383,0.675537,-21.240232,-16.799927,7.255554,1.4403970242311668
8.1,1.219238,-0.296631,0.673584,-21.14105,3.52478,0.457764,1.424165248789971
8.11,1.195557,-0.283203,0.66626,-20.072937,18.096924,-5.737304,1.397663359703616
8.12,1.174072,-0.262207,0.666504,-19.15741,25.505064,-11.566161,1.375290934329533
8.13,1.177002,-0.229004,0.666504,-18.287659,30.929564,-17.173767,1.3718615535235326
8.14,1.182373,-0.197998,0.664551,-17.814636,38.070679,-22.308348,1.3707068069919255
8.15,1.168213,-0.182373,0.663818,-18.302917,46.905514,-27.832029,1.355963075316581
8.16,1.14917,-0.167969,0.65918,-18.90564,56.732174,-33.378601,1.3354113771647296
8.17,1.115234,-0.157715,0.654541,-19.462585,66.917419,-38.986206,1.3027067270349073
8.18,1.066895,-0.147949,0.653809,-20.172117,77.392578,-44.334408,1.2600079587474833
8.19,1.049316,-0.143799,0.661377,-21.064756,87.432854,-48.881527,1.2486639885837982
8.2,1.010498,-0.14502,0.684814,-21.697996,98.045341,-52.696224,1.2292710128364697
8.21,0.928223,-0.140869,0.708252,-21.469114,110.618584,-55.541988,1.176036950267295
8.22,0.84082,-0.145996,0.716309,-20.408628,120.780937,-55.671688,1.114177583644995
8.23,0.774658,-0.149658,0.724121,-19.355774,126.304619,-54.718014,1.0709079122730394
8.24,0.717773,-0.149902,0.728516,-18.089294,128.517151,-53.909298,1.0336364212763596
8.25,0.668213,-0.146729,0.733154,-16.830444,128.837585,-53.024288,1.002772556727596
8.26,0.634033,-0.137939,0.737549,-16.288757,128.013611,-51.719662,0.9823459371377274
8.27,0.601807,-0.126953,0.731201,-16.601563,125.946037,-49.705502,0.9554808380386286
8.28,0.570313,-0.118408,0.718262,-18.035889,123.031609,-47.164913,0.9247581700515005
8.29,0.534424,-0.120117,0.699951,-20.851133,117.988579,-43.922421,0.8888017258455341
8.3,0.503174,-0.133789,0.690918,-24.017332,110.588066,-40.512081,0.8651307724968521
8.31,0.508789,-0.143066,0.679199,-26.245115,101.112358,-36.499023,0.8606075810019338
8.32,0.554932,-0.151611,0.679443,-27.8244,91.590874,-33.317566,0.8902686168758281
8.33,0.591309,-0.146484,0.679932,-28.96118,86.540215,-32.821655,0.91291369819989
8.34,0.587158,-0.145264,0.674561,-31.143187,84.930412,-33.52356,0.9060290775582205
8.35,0.557861,-0.144775,0.660889,-34.614563,83.000175,-33.172607,0.8768939310241576
8.36,0.510254,-0.145264,0.636719,-38.208008,76.538086,-31.631468,0.8287773278589371
8.37,0.520996,-0.159424,0.638184,-39.527893,64.208984,-30.6015,0.8391255339030032
8.38,0.616211,-0.192871,0.671631,-37.414551,49.446102,-32.722473,0.9316670109663645
8.39,0.715088,-0.231934,0.67749,-33.973694,41.458126,-37.956238,1.0119965060216363
8.4,0.775879,-0.273682,0.688965,-31.341551,40.550228,-44.05975,1.0731089557868763
8.41,0.795166,-0.302246,0.698242,-28.427122,41.641232,-50.73547,1.1005378242641186
8.42,0.807861,-0.297363,0.679443,-24.864195,44.68536,-56.289669,1.0966799621307028
8.43,0.826904,-0.280762,0.655029,-22.338865,50.384518,-61.218258,1.091632042723646
8.44,0.800537,-0.2854,0.643066,-21.598814,57.472225,-68.489075,1.065761009197184
8.45,0.747314,-0.303467,0.649902,-20.942686,62.744137,-75.584412,1.035829640572715
8.46,0.710449,-0.314697,0.661621,-19.226074,64.094543,-80.619804,1.020546094525377
8.47,0.697266,-0.314453,0.674316,-17.677307,62.484737,-85.533134,1.019687516752559
8.48,0.699951,-0.313477,0.68042,-17.547607,62.599178,-90.293877,1.0252661158596825
8.49,0.67041,-0.338135,0.68042,-18.913269,65.589905,-95.153801,1.0132898019446361
8.5,0.618164,-0.354248,0.683594,-19.187927,66.131592,-99.288933,0.9873799335797746
8.51,0.61084,-0.370605,0.691895,-19.187927,64.567566,-102.951042,0.994581450988304
8.52,0.662598,-0.419922,0.69458,-21.560667,68.626404,-106.765739,1.0477652275619762
8.53,0.665039,-0.488525,0.673584,-25.482176,84.617607,-110.527031,1.0651990199967327
8.54,0.583008,-0.530762,0.655029,-28.663633,104.827873,-111.961357,1.0250217654025693
8.55,0.502197,-0.574951,0.655762,-32.249451,119.514458,-114.150993,1.0063768080863151
8.56,0.413086,-0.601807,0.69043,-35.690308,127.716057,-117.622368,1.0047414063056226
8.57,0.309814,-0.585693,0.733398,-37.68158,129.226685,-119.766228,0.988379295234881
8.58,0.215332,-0.552734,0.76709,-37.666321,124.443047,-119.979851,0.9696957322170703
8.59,0.160645,-0.52124,0.776611,-36.895752,115.417473,-119.270317,0.9490113797768708
8.6,0.103271,-0.462646,0.76001,-35.163879,105.384819,-114.898674,0.8957239646548483
8.61,0.067139,-0.398682,0.731689,-33.172607,94.619743,-107.421867,0.8359568022128895
8.62,0.036133,-0.360596,0.733887,-32.295227,83.251945,-98.709099,0.8184895831188079
8.63,0.024414,-0.334229,0.745361,-32.356262,71.907043,-89.851372,0.8172319671659939
8.64,0.020264,-0.315674,0.758789,-32.089233,59.631344,-81.001274,0.8220836031043315
8.65,0.020264,-0.294434,0.780273,-32.112122,46.943661,-73.890686,0.8342229705426482
8.66,-0.001709,-0.278809,0.835205,-34.309387,35.179138,-67.687988,0.8805139244708172
8.67,-0.025146,-0.280762,0.894043,-37.155151,21.514891,-59.791561,0.9374286681177401
8.68,-0.03125,-0.284668,0.969482,-38.787842,5.447387,-51.094051,1.0108945449689597
8.69,-0.025879,-0.29248,1.073242,-40.855404,-10.0708,-44.502254,1.112682642807463
8.7,0.029785,-0.281494,1.165283,-41.893002,-20.904539,-40.100098,1.1991707502895492
8.71,0.130859,-0.265625,1.196533,-40.817257,-22.193907,-37.269592,1.2326280617424707
8.72,0.242432,-0.24585,1.166016,-38.276672,-12.229918,-35.102844,1.2160628311810209
8.73,0.363525,-0.243896,1.080322,-34.042358,5.897521,-31.166075,1.165646304899132
8.74,0.464355,-0.254395,1.001709,-27.900694,26.954649,-27.000425,1.1330327897863326
8.75,0.457031,-0.254883,0.968506,-23.468016,47.561642,-26.56555,1.1008390212406172
8.76,0.351807,-0.246582,0.956787,-20.843504,63.766476,-26.741026,1.048814669682876
8.77,0.222412,-0.229736,0.976318,-17.593384,71.311951,-25.291441,1.0273473436788554
8.78,0.137207,-0.221436,0.972168,-15.220641,71.487427,-22.689817,1.0064642483312558
8.79,0.099609,-0.205566,0.959473,-14.060973,65.444946,-20.004272,0.9862899020906581
8.8,0.094238,-0.202148,0.970703,-14.244079,54.374691,-19.233704,0.995996450172891
8.81,0.064209,-0.211182,0.942383,-14.923095,39.505005,-21.39282,0.9678875717220466
8.82,0.049316,-0.203125,0.864258,-16.319275,23.170469,-21.835325,0.889175867893973
8.83,0.08667,-0.202148,0.817627,-18.287659,0.480652,-21.110533,0.846693223034766
8.84,0.200195,-0.215576,0.837158,-18.478394,-12.931823,-22.65167,0.8873469258215751
8.85,0.301514,-0.235596,0.877197,-17.555237,-10.101317,-22.827147,0.957021809689309
8.86,0.309082,-0.229736,0.897461,-16.601563,5.897521,-21.659849,0.9765994874773384
8.87,0.208252,-0.221436,0.90625,-16.494751,22.224424,-19.973755,0.9558723032392977
8.88,0.083984,-0.221436,0.898682,-16.899109,25.291441,-18.829346,0.9293635195530326
8.89,0.036133,-0.228271,0.915283,-17.059326,14.556884,-18.157959,0.9440107060934213
8.9,0.061523,-0.231689,0.942383,-16.334534,2.883911,-16.357422,0.9723942569446818
8.91,0.088379,-0.237305,0.971191,-15.129088,-2.166748,-13.206481,1.003661531168252
8.92,0.088135,-0.251465,0.972656,-14.038085,-3.768921,-9.857178,1.0084949770752454
8.93,0.078857,-0.26416,0.939941,-13.72528,-9.07135,-6.66809,0.979534591288128
8.94,0.079834,-0.265625,0.908203,-12.435912,-19.348145,-3.547668,0.9496119193596929
8.95,0.142334,-0.268799,0.878662,-11.421203,-29.914854,-1.167297,0.9298165303977984
8.96,0.194336,-0.254883,0.848145,-11.878966,-37.200928,-0.053406,0.9066872479581921
8.97,0.230957,-0.238281,0.835693,-13.587951,-39.94751,0.305176,0.8991672597792916
8.98,0.260254,-0.226807,0.8396,-16.204834,-37.841797,1.00708,0.9078004845586942
8.99,0.261963,-0.242676,0.887207,-18.638611,-36.506653,0.740051,0.9563746730199415
9.0,0.298096,-0.289551,0.9375,-20.477293,-34.599304,0.152588,1.0254790377267593
9.01,0.313721,-0.319824,0.971924,-21.331785,-26.535032,1.571655,1.0702076988103757
9.02,0.286377,-0.319824,0.961426,-20.881651,-12.565612,4.936218,1.0529193371673824
9.03,0.261475,-0.299561,0.910156,-20.324705,-0.411987,8.56781,0.9932219856014062
9.04,0.28418,-0.256836,0.861816,-20.820616,5.592346,11.558532,0.9431064739211581
9.05,0.311035,-0.206055,0.831299,-23.208616,9.849548,12.657165,0.9111857448681909
9.06,0.313721,-0.173828,0.835205,-27.580259,16.181946,12.08496,0.9089578821100568
9.07,0.278076,-0.162354,0.862793,-32.188416,22.087095,11.718749,0.9209217360563274
9.08,0.233154,-0.180908,0.904785,-35.919189,24.314878,11.093139,0.951695533458574
9.09,0.20459,-0.231445,0.950684,-37.750244,22.560118,10.765075,0.9996118866745233
9.1,0.19751,-0.290771,0.967529,-37.651062,18.211365,11.184691,1.0294029047860707
9.11,0.205811,-0.337646,0.968262,-36.254883,12.687682,11.749267,1.0458940145545341
9.12,0.223389,-0.373291,0.956787,-34.0271,7.331848,12.077331,1.0510424251051904
9.13,0.254395,-0.396484,0.950928,-30.677794,6.500244,12.825011,1.0612164903849732
9.14,0.256104,-0.38501,0.949219,-27.137754,10.635375,14.045714,1.0558592088327876
9.15,0.260742,-0.363525,0.963379,-23.719786,14.373778,15.083312,1.0621845008424855
9.16,0.246338,-0.370361,0.993652,-20.904539,13.099669,14.73236,1.0886661461021923
9.17,0.240723,-0.392578,1.014893,-17.784119,7.751464,13.664245,1.1144832211666535
9.18,0.256104,-0.402588,1.011719,-13.59558,3.52478,12.71057,1.1185891522453633
9.19,0.267578,-0.397705,0.995117,-9.490967,2.960205,12.20703,1.1045474624469516
9.2,0.269531,-0.399414,0.978516,-5.897521,3.440857,11.390685,1.090720892626982
9.21,0.262939,-0.401855,0.968994,-2.63977,2.342224,10.2005,1.0814683216729004
9.22,0.268311,-0.405029,0.970459,0.38147,-0.167847,8.644104,1.0852787449512682
9.23,0.276123,-0.401855,0.976563,2.960205,-1.808166,7.186889,1.0915157557832136
9.24,0.273193,-0.381836,0.970459,5.41687,-0.534058,6.027221,1.0780648481543214
9.25,0.248535,-0.364502,0.954346,7.186889,2.456665,5.142211,1.05138367970261
9.26,0.219482,-0.358643,0.927734,8.148193,4.554749,4.638672,1.0185713153869
9.27,0.203613,-0.357422,0.900635,8.766174,4.653931,4.699707,0.9901273367996664
9.28,0.19043,-0.351074,0.878418,8.552551,3.456115,4.753113,0.9649532222341144
9.29,0.187012,-0.347656,0.865479,7.5531,1.815796,4.867554,0.951258157347941
9.3,0.195801,-0.340332,0.858887,5.783081,0.221252,4.989624,0.9443785155296577
9.31,0.212158,-0.336914,0.861816,3.852844,-0.732422,4.882813,0.9493412864802626
9.32,0.21875,-0.337158,0.864014,1.670837,-0.534058,4.241943,0.9529151439976175
9.33,0.214844,-0.338379,0.868408,-0.183105,0.198364,3.700256,0.9564469386437493
9.34,0.208008,-0.344238,0.874756,-1.861572,0.572205,3.288269,0.9627903137464564
9.35,0.206299,-0.346924,0.882324,-3.120422,-0.083923,2.868652,0.9702634591455045
9.36,0.214844,-0.346436,0.895508,-3.829956,-0.839233,2.464294,0.9839260259267462
9.37,0.21582,-0.354004,0.90918,-4.600525,-0.564575,2.082825,0.9992524089618199
9.38,0.218506,-0.361328,0.919678,-4.821777,0.144958,1.968384,1.0119834086110306
9.39,0.21582,-0.364014,0.928711,-4.53949,0.923157,1.701355,1.020582473941719
9.4,0.209717,-0.367188,0.933838,-3.89862,1.647949,1.617432,1.0251154362690085
9.41,0.201416,-0.370361,0.930664,-2.89154,1.869202,1.38092,1.0217001303087907
9.42,0.205322,-0.37207,0.93335,-1.571655,1.106262,1.182556,1.0255415306480768
9.43,0.210449,-0.368896,0.937988,-0.015259,0.366211,1.014709,1.0296574811853698
9.44,0.206299,-0.37085,0.942871,1.365662,0.358582,0.785828,1.0339703683094599
9.45,0.199951,-0.37085,0.946777,2.876281,0.732422,1.022339,1.036289926917173
9.46,0.194824,-0.370117,0.946045,4.463196,0.984192,1.731872,1.0343810355425123
9.47,0.194336,-0.367676,0.941162,5.943298,0.808716,2.5177,1.0289499657981431
9.48,0.197021,-0.362793,0.935059,7.347106,0.495911,3.074646,1.022140581706352
9.49,0.201416,-0.357178,0.929443,8.460999,0.198364,3.517151,1.01587834851866
9.5,0.204346,-0.352295,0.923096,9.292603,-0.236511,3.555298,1.008947610115114
9.51,0.210449,-0.348389,0.920898,9.788513,-0.648498,3.440857,1.0068350427582464
9.52,0.216553,-0.343506,0.91748,9.880066,-0.656128,3.067016,1.0033250341962967
9.53,0.220703,-0.335938,0.912354,9.773254,-0.427246,2.525329,0.9969724045172966
9.54,0.224609,-0.332275,0.905029,9.155273,-0.030518,1.899719,0.9899158395272801
9.55,0.226318,-0.324951,0.899414,8.178711,0.419617,1.068115,0.9827301424709635
9.56,0.224854,-0.321777,0.895752,6.92749,1.319885,0.099182,0.9779935605866737
9.57,0.218506,-0.319092,0.892334,5.493164,2.059937,-0.816345,0.9725351119913357
9.58,0.210205,-0.318848,0.888916,4.005432,2.372742,-1.76239,0.967482219053663
9.59,0.203125,-0.318848,0.890137,2.502441,2.342224,-2.494812,0.967092390362989
9.6,0.201172,-0.320313,0.888916,0.953674,1.998901,-2.89154,0.96604464007053
9.61,0.197754,-0.321777,0.891846,-0.526428,2.006531,-3.448486,0.9685227772029938
9.62,0.194336,-0.324463,0.896973,-1.876831,1.869202,-3.64685,0.9734491676477001
9.63,0.19751,-0.328857,0.906494,-2.861023,1.228333,-3.723144,0.9843213390885113
9.64,0.200928,-0.333496,0.915283,-3.807068,1.091003,-3.593445,0.9946530115014984
9.65,0.19873,-0.336426,0.923828,-4.364014,1.396179,-3.425598,1.0030624307389844
9.66,0.199219,-0.343262,0.928223,-4.333496,1.464844,-3.15094,1.00951223287982
9.67,0.19043,-0.347168,0.925781,-4.135132,1.609802,-2.838135,1.006905986219667
9.68,0.185791,-0.346436,0.923584,-3.822326,0.999451,-2.288818,1.0037647148774458
9.69,0.194092,-0.346191,0.927246,-3.242492,-0.320435,-1.495361,1.0086154160337826
9.7,0.200439,-0.355225,0.936035,-2.754211,-0.610352,-1.045227,1.0210397223276868
9.71,0.201416,-0.35791,0.9375,-2.197266,-0.350952,-0.617981,1.0235107342651566
9.72,0.201904,-0.359863,0.938721,-1.495361,-0.236511,-0.144958,1.025409050001998
9.73,0.204346,-0.364014,0.939453,-0.534058,-0.099182,0.259399,1.0280250089958902
9.74,0.206055,-0.364258,0.939453,0.465393,-0.25177,0.556946,1.0284524747395962
9.75,0.212402,-0.360107,0.9375,1.350403,-0.63324,0.50354,1.02649788653119
9.76,0.21167,-0.356445,0.935059,1.930237,-0.488281,0.267029,1.02283554905273
9.77,0.207275,-0.352295,0.926758,2.403259,0.099182,0.335693,1.012894408718895
9.78,0.203613,-0.345459,0.917725,2.723694,0.419617,0.389099,1.0015085371952652
9.79,0.197998,-0.342285,0.912109,2.731323,0.518799,0.465393,0.9941353313860241
9.8,0.195801,-0.340332,0.908691,2.296448,0.442505,0.602722,0.9898905168279976
9.81,0.194336,-0.335693,0.908691,1.853943,0.427246,0.846863,0.9880159941144678
9.82,0.196045,-0.338135,0.910889,1.335144,0.312805,1.159668,0.9912051707749511
9.83,0.199951,-0.338379,0.917236,0.869751,0.167847,1.38855,0.9978991079953926
9.84,0.200928,-0.340088,0.92041,0.305176,0.473022,1.312256,1.001591971327646
9.85,0.20166,-0.340332,0.921875,-0.12207,1.091003,1.197815,1.0031680524463487
9.86,0.201416,-0.338379,0.916992,-0.152588,1.678467,0.862122,0.9979694788724754
9.87,0.197266,-0.335693,0.911621,-0.419617,1.968384,0.564575,0.9912903271221807
9.88,0.190674,-0.33667,0.910645,-0.915527,1.983642,0.358582,0.9894329584165872
9.89,0.184814,-0.338379,0.911621,-1.13678,1.556396,0.297546,0.9898027126038805
9.9,0.185547,-0.340088,0.911865,-1.358032,0.808716,0.267029,0.9907498751844483
9.91,0.1875,-0.341797,0.916992,-1.602173,0.144958,0.366211,0.9964214807364402
9.92,0.192139,-0.34668,0.921875,-1.770019,-0.213623,0.335693,1.0034729360306633
9.93,0.194336,-0.349121,0.926025,-1.808166,-0.045776,0.442505,1.0085505709492213
9.94,0.196045,-0.348633,0.927002,-1.586914,0.320435,0.488281,1.0096094882270075
9.95,0.197021,-0.349609,0.928223,-1.182556,0.671387,0.389099,1.0112574672411572
9.96,0.190918,-0.349854,0.925781,-0.938415,1.052856,0.396728,1.0079275589054006
9.97,0.182617,-0.351074,0.925293,-0.556946,1.12915,0.427246,1.006364276996158
9.98,0.186768,-0.349365,0.922119,-0.267029,0.259399,0.350952,1.0036142880658885
9.99,0.187256,-0.344727,0.919922,-0.167847,-0.389099,0.198364,1.0000789969542405
10.0,0.189697,-0.348633,0.921387,-0.076294,-0.801086,-0.160217,1.0032367239425597
10.01,0.190674,-0.350586,0.921143,-0.007629,-0.854492,-0.427246,1.0038782516425984
10.02,0.187256,-0.347412,0.91748,0.152588,-0.892639,-0.579834,0.9987639649486759
10.03,0.185303,-0.348389,0.917969,0.289917,-0.915527,-0.854492,0.9991892623977702
10.04,0.18335,-0.348633,0.917969,0.450134,-0.740051,-1.251221,0.9989140484295934
10.05,0.183105,-0.343506,0.915283,0.564575,-0.572205,-1.88446,0.9946189135291968
10.06,0.185547,-0.344482,0.912109,0.434875,-0.762939,-2.624511,0.9924909900921015
10.07,0.189453,-0.349609,0.907715,0.114441,-0.091553,-3.761291,0.9909921358492206
10.08,0.179932,-0.348145,0.903809,0.091553,0.808716,-4.920959,0.9851148025128847
10.09,0.169678,-0.345459,0.905273,0.152588,1.190186,-5.569458,0.9836929139187697
10.1,0.169189,-0.347168,0.906738,-0.038147,0.610352,-5.66101,0.9855578819069939
10.11,0.180664,-0.341797,0.904053,-0.671387,0.152588,-5.40924,0.9832479325755025
10.12,0.192871,-0.33667,0.90625,-1.716614,0.404358,-5.088806,0.9858169069563577
10.13,0.213623,-0.338867,0.916504,-2.906799,1.274109,-4.981995,1.0002225811458167
10.14,0.243896,-0.344482,0.935791,-4.455566,3.128052,-5.28717,1.026575814453565
10.15,0.264648,-0.347656,0.956299,-5.638122,7.537841,-6.248474,1.051385293620279
10.16,0.281494,-0.351318,0.965332,-6.538391,13.710021,-7.789611,1.065142750707153
10.17,0.273193,-0.357178,0.974121,-6.584167,20.599363,-9.063721,1.0729036590365417
10.18,0.25,-0.373047,0.977295,-6.317138,26.702879,-9.811401,1.075532231610936
10.19,0.233398,-0.383301,0.981201,-5.683898,31.127928,-10.276793,1.078957684715207
10.2,0.219727,-0.385498,0.996582,-5.203247,34.736633,-10.673522,1.0909007036650953
10.21,0.214844,-0.395508,1.015137,-4.501343,39.138794,-11.093139,1.1104447987941588
10.22,0.214111,-0.409668,1.042725,-3.303528,45.768734,-10.833739,1.1405905558832232
10.23,0.20752,-0.425293,1.058105,-1.289368,53.489681,-10.353087,1.1591052054382296
10.24,0.206055,-0.439453,1.061523,2.113342,62.004086,-9.033203,1.167222635902423
10.25,0.179199,-0.445557,1.057129,5.714416,70.152283,-6.500244,1.1611007899794918
10.26,0.134766,-0.445313,1.048096,9.170532,75.973511,-2.952575,1.1467217482637189
10.27,0.0896,-0.438477,1.044189,13.084411,76.141357,1.64032,1.1360549754523326
10.28,0.049316,-0.439697,1.04541,18.043518,69.68689,6.263732,1.1351861467464268
10.29,0.013916,-0.457275,1.042725,24.497984,59.165951,8.979797,1.1386700603361801
10.3,-0.035645,-0.505127,1.036133,30.998228,48.622128,11.444091,1.1532542849879206
10.31,-0.011719,-0.544434,1.038818,37.30011,33.52356,14.915465,1.1728975029562472
10.32,0.005615,-0.526123,1.042236,43.380733,19.844055,17.349243,1.1675156611583417
10.33,-0.006104,-0.517334,1.032715,46.417233,7.011413,16.921997,1.1550636335704625
10.34,-0.040283,-0.514648,1.037109,52.406307,-6.629943,17.814636,1.1584819212547084
10.35,-0.040039,-0.582031,1.080566,62.591549,-20.332335,20.622252,1.2280008496894455
10.36,-0.047607,-0.614746,1.099854,71.159363,-33.226013,24.513243,1.2608956706567755
10.37,-0.016113,-0.634766,1.097656,75.500488,-44.975277,26.390074,1.2680836714747967
10.38,0.089844,-0.601318,1.063965,80.223083,-55.02319,27.633665,1.2254292320183162
10.39,0.158936,-0.561523,1.01709,83.648674,-57.250973,24.833677,1.1726213368879999
10.4,0.161865,-0.530273,0.984375,84.487907,-51.834103,19.538879,1.1297716023068556
10.41,0.153809,-0.511963,0.959229,82.18383,-43.746944,16.853333,1.0981273133343874
10.42,0.106445,-0.481445,0.921387,78.37677,-39.558411,16.822815,1.0450233632885917
10.43,0.084229,-0.462891,0.901367,75.820923,-43.769833,17.547607,1.0167718874019875
10.44,0.106934,-0.443604,0.896729,77.24762,-52.841183,17.990112,1.0061522194046983
10.45,0.119873,-0.409912,0.899414,78.468323,-58.616634,16.723633,0.995662054750004
10.46,0.144531,-0.383789,0.888672,78.24707,-63.71307,15.800475,0.9787344532946616
10.47,0.1875,-0.370605,0.861328,79.574585,-70.854187,14.770507,0.9562375435052736
10.48,0.224609,-0.358643,0.837891,82.000725,-76.774597,13.763427,0.9386880910137296
10.49,0.271973,-0.3479,0.818604,84.060661,-79.368591,13.008117,0.9301162462536605
10.5,0.327148,-0.316895,0.796143,86.257927,-80.810539,12.504577,0.9172196745480332
10.51,0.366211,-0.259521,0.780273,87.760918,-81.18438,10.139464,0.900159763870281
10.52,0.387695,-0.194824,0.771484,86.72332,-79.154968,6.41632,0.8851278813013406
10.53,0.398926,-0.157715,0.770996,82.862846,-74.737549,2.960205,0.882298592720741
10.54,0.410156,-0.136475,0.781982,78.536987,-67.985535,0.686645,0.8935038994235
10.55,0.414063,-0.123535,0.791748,75.119019,-59.890743,-0.205994,0.9019833477941819
10.56,0.410889,-0.131104,0.80249,74.157715,-53.62701,-1.312256,0.9110478742837832
10.57,0.413574,-0.146484,0.817383,76.301575,-50.346371,-4.051208,0.9276939066421639
10.58,0.404785,-0.147705,0.818848,81.008904,-50.666805,-7.545471,0.9252997948524576
10.59,0.418945,-0.127197,0.825684,86.288445,-52.276608,-11.878966,0.93458443047699
10.6,0.415527,-0.059326,0.83667,90.194695,-51.666256,-14.411925,0.9360549935260214
10.61,0.403564,0.02417,0.843018,93.360893,-49.47662,-13.893126,0.9349478270577455
10.62,0.404785,0.115967,0.854248,97.228996,-46.264645,-11.810302,0.9523858917571175
10.63,0.407227,0.173828,0.85376,100.71563,-40.016174,-11.940001,0.961746401455706
10.64,0.389893,0.140381,0.835693,101.387016,-33.149719,-13.626098,0.9327948149829094
10.65,0.382568,0.08667,0.79541,103.691093,-34.194946,-12.001037,0.8868748680755363
10.66,0.366699,0.086426,0.744385,109.580986,-42.648312,-9.719849,0.8342940958091457
10.67,0.353516,0.141113,0.702637,112.892143,-57.151791,-11.184691,0.79911525751546
10.68,0.373779,0.249268,0.680176,112.266533,-76.309204,-15.090941,0.8151592897348345
10.69,0.402832,0.330322,0.677002,105.812065,-93.498222,-19.958496,0.8542353024266792
10.7,0.445557,0.38623,0.683838,97.892754,-103.294365,-25.077818,0.9029557372280216
10.71,0.465332,0.430908,0.692627,90.75927,-104.48455,-29.754637,0.9391207248362694
10.72,0.460938,0.430908,0.681396,82.855217,-100.07476,-34.202576,0.9286797365744555
10.73,0.497803,0.426025,0.664307,78.796387,-97.946159,-36.865234,0.9330642623544211
10.74,0.522217,0.459473,0.666016,75.256348,-87.471001,-34.790039,0.9630178321682316
10.75,0.503662,0.435791,0.643311,67.008972,-69.244385,-31.486509,0.9259796156752048
10.76,0.4729,0.374023,0.661865,64.994812,-51.635738,-32.554626,0.8953172023110021
10.77,0.428467,0.338135,0.702637,67.214966,-42.457577,-32.646179,0.8897291734471787
10.78,0.432129,0.379395,0.697266,69.93103,-38.047791,-30.34973,0.9038008151257666
10.79,0.443115,0.430908,0.667236,73.219299,-35.804749,-28.877256,0.9095254187679419
10.8,0.418457,0.456543,0.647949,76.057434,-39.146423,-30.784605,0.896312266065237
10.81,0.379639,0.464844,0.620605,77.987671,-46.974178,-34.690857,0.8633401882699542
10.82,0.337402,0.479004,0.572021,79.444885,-56.617733,-35.903931,0.8188363487663454
10.83,0.304443,0.468262,0.518555,81.024162,-67.237854,-33.622742,0.7621378673953946
10.84,0.295898,0.450439,0.474854,83.259575,-78.674316,-29.998777,0.718287714248963
10.85,0.291748,0.439453,0.444092,85.670464,-89.691154,-26.374815,0.689531391001889
10.86,0.314697,0.455811,0.477539,87.890617,-99.761955,-24.513243,0.731328493941676
10.87,0.364014,0.511963,0.502441,88.760368,-107.566826,-25.016783,0.8043999403567854
10.88,0.39502,0.579834,0.503906,87.776176,-110.054008,-26.077269,0.8638110469263518
10.89,0.407959,0.624268,0.509277,85.693352,-107.872002,-27.297972,0.9030526807634204
10.9,0.426025,0.634277,0.515625,84.259026,-104.850761,-28.335569,0.9217774970018524
10.91,0.452881,0.613281,0.48999,84.686272,-101.165764,-28.297422,0.9062587849074899
10.92,0.470215,0.588379,0.445557,86.410515,-96.977226,-27.763365,0.8751074414693317
10.93,0.467041,0.573975,0.397217,87.303154,-94.123833,-27.519224,0.8398547144566135
10.94,0.487549,0.576172,0.390625,87.799065,-95.252983,-25.901793,0.8498623956912084
10.95,0.530518,0.604004,0.432861,87.326042,-97.587578,-25.238035,0.9130382388821401
10.96,0.536133,0.649902,0.450684,84.823601,-97.145073,-26.298521,0.9554722764941953
10.97,0.513916,0.683594,0.450684,80.574028,-96.80938,-26.725767,0.9667090977889885
10.98,0.47583,0.691406,0.440674,74.981689,-100.563042,-26.756285,0.947971529114667
10.99,0.476318,0.68335,0.419678,69.892883,-108.375542,-26.283262,0.9327248701026472
11.0,0.500244,0.675781,0.386963,65.643311,-116.317741,-24.848936,0.9255616580574197
11.01,0.511719,0.663818,0.344238,60.9436,-120.887749,-22.27783,0.9060962822619901
11.02,0.563721,0.654297,0.338623,56.320187,-124.008171,-16.685486,0.9276591325368386
11.03,0.640625,0.662354,0.4104,51.506039,-126.075737,-12.321471,1.008732557192936
11.04,0.666016,0.69873,0.46582,46.417233,-123.741142,-11.07788,1.0718158412507253
11.05,0.659912,0.740723,0.490479,41.343685,-118.637077,-8.81958,1.106672517013954
11.06,0.664063,0.760498,0.506104,36.422729,-114.913933,-5.897521,1.1293706808612485
11.07,0.696045,0.762207,0.505371,32.180786,-111.999504,-3.105163,1.1492771643581021
11.08,0.737549,0.744873,0.476563,28.602598,-106.292717,-0.587463,1.1514888651215869
11.09,0.745605,0.724609,0.438721,24.79553,-97.236626,1.686096,1.1284773523411977
11.1,0.722168,0.702637,0.412842,19.798279,-88.539116,5.607605,1.088881945371949
11.11,0.718018,0.679688,0.42627,15.594481,-84.58709,11.32965,1.0766762459383972
11.12,0.781738,0.674805,0.484619,13.275146,-82.93914,15.846251,1.1407592488470124
11.13,0.824707,0.677246,0.500244,11.085509,-72.509766,16.853333,1.1785787372513556
11.14,0.77124,0.670898,0.525146,9.58252,-62.538143,18.539429,1.1492143339342753
11.15,0.772217,0.678955,0.519775,9.033203,-60.44006,20.416258,1.1521566897514417
11.16,0.751221,0.66748,0.456543,7.728576,-61.027523,21.01898,1.1037635852346281
11.17,0.755371,0.671875,0.455811,6.858825,-63.591,21.667479,1.1089477133693004
11.18,0.73291,0.662598,0.355713,3.990173,-64.26239,23.384092,1.0501070974300668
11.19,0.740967,0.664551,0.352295,0.305176,-65.605164,26.733397,1.055827587115908
11.2,0.747559,0.642334,0.323486,-3.39508,-65.422058,29.487608,1.0373430571575635
11.21,0.759766,0.609619,0.3396,-6.278991,-65.353394,33.737183,1.0316045075109939
11.22,0.778076,0.588379,0.351807,-7.232666,-64.460754,35.820007,1.0369957929837517
11.23,0.822754,0.587646,0.389893,-6.29425,-62.721249,35.736084,1.0836367090870445
11.24,0.846924,0.571533,0.369873,-4.364014,-58.280941,35.079956,1.0866168910862741
11.25,0.871826,0.577637,0.396484,-1.76239,-50.323483,33.8974,1.1184563649517132
11.26,0.858887,0.56665,0.352051,0.556946,-42.884823,30.838011,1.0875288538103254
11.27,0.835693,0.572754,0.30957,2.090454,-38.047791,26.847837,1.0593693971722047
11.28,0.828613,0.717041,0.258789,6.118774,-31.066893,16.426086,1.1259303024481577
11.29,0.851318,0.789795,0.277832,5.966186,-17.097473,-23.696898,1.1940306107353362
11.3,0.793457,0.677246,0.210449,-9.70459,1.365662,-47.653194,1.0642015490338284
11.31,0.724365,0.644531,0.166992,-18.966675,8.56781,-42.457577,0.9838755974461405
11.32,0.716064,0.57959,0.125977,-22.644041,3.700256,-34.042358,0.9298077353544657
11.33,0.712646,0.622314,0.110107,-16.868591,-8.148193,-11.695861,0.9525033266928783
11.34,0.804199,0.719238,0.128662,-12.870788,-18.89801,-3.845215,1.086551076797129
11.35,0.847168,0.690918,0.126465,-17.26532,-21.797178,-5.393981,1.1004793042910894
11.36,0.793945,0.603271,0.095459,-19.248962,-21.606443,3.936767,1.001697051581465
11.37,0.726807,0.542236,0.083984,-15.411376,-27.366636,23.094175,0.9106709653881583
11.38,0.700195,0.515381,0.098633,-11.886596,-40.801998,46.07391,0.8749966182077505
11.39,0.807129,0.628906,0.150146,-6.179809,-42.610165,53.047176,1.0341778380883047
11.4,0.708252,0.646973,0.126221,-5.142211,-39.31427,51.300045,0.9675364071051797
11.41,0.694336,0.685547,0.143799,-3.288269,-47.554012,47.126766,0.9862835913194541
11.42,0.789063,0.67749,0.145996,-3.944397,-51.254269,38.986206,1.050203765983059
11.43,0.808105,0.633057,0.143066,-6.568908,-49.262997,34.065247,1.0364664667175683
11.44,0.828857,0.631348,0.124756,-7.568359,-45.455929,31.829832,1.0493656574755055
11.45,0.85083,0.611816,0.140381,-9.407043,-41.122433,28.884886,1.0573255562583361
11.46,0.850342,0.592529,0.123291,-11.20758,-37.208557,27.160643,1.0437302350157343
11.47,0.867432,0.59082,0.147461,-12.176513,-34.431458,27.6947,1.0598355030593192
11.48,0.861084,0.586914,0.129883,-12.96997,-27.778624,24.818419,1.0501444148977797
11.49,0.77417,0.567871,0.146729,-14.541625,-25.581358,21.766661,0.9712600377767017
11.5,0.798096,0.539063,0.132324,-14.35089,-27.931211,23.498533,0.9721397966141496
11.51,0.846436,0.54541,0.169922,-14.312743,-28.213499,22.91107,1.0211755266750178
11.52,0.887207,0.529541,0.176514,-16.464233,-21.049498,22.209166,1.0481923123768844
11.53,0.874268,0.494385,0.173096,-18.066406,-13.984679,18.859863,1.0191777515551446
11.54,0.907471,0.439453,0.166992,-19.119263,-7.888793,21.568296,1.0220121736623298
11.55,0.911377,0.386719,0.209717,-18.409729,-3.364563,21.583555,1.0119984393164843
11.56,0.831299,0.422119,0.202148,-16.105652,-1.197815,20.507811,0.9539949116562415
11.57,0.878662,0.311279,0.219727,-16.090393,-9.040833,18.844604,0.9577168060622097
11.58,0.927734,0.352051,0.200195,-8.705139,-12.435912,25.436399,1.0122787755267815
11.59,0.950439,0.37793,0.197021,-5.020141,-13.557433,21.598814,1.0416250054899796
11.6,0.964355,0.409912,0.157959,-2.502441,-15.541076,18.2724,1.0596978151576986
11.61,0.956299,0.446289,0.122314,-0.144958,-23.262022,11.062621,1.0623758108682633
11.62,0.973145,0.432861,0.077881,2.02179,-33.13446,4.798889,1.0679163293568463
11.63,0.971436,0.435059,0.035645,4.562378,-39.0625,0.50354,1.0650046016811383
11.64,0.973633,0.462891,0.026123,4.875183,-38.17749,-3.929138,1.0783838406147415
11.65,0.972656,0.488281,0.023438,1.869202,-28.32794,-8.605957,1.088589623844082
11.66,0.916992,0.479492,0.012695,-2.998352,-17.036438,-13.923644,1.0348662083346813
11.67,0.875732,0.467041,0.014404,-6.607055,-10.375976,-18.844604,0.992593223189137
11.68,0.840576,0.458984,0.026611,-8.079529,-6.217956,-22.811888,0.9580931423160277
11.69,0.841797,0.463623,0.039551,-9.147644,-3.14331,-24.711607,0.9618382176535719
11.7,0.84375,0.464844,0.05249,-10.437011,-0.297546,-26.847837,0.9647534435989332
11.71,0.86499,0.461426,0.062012,-11.32965,2.212524,-27.153013,0.9823274106528841
11.72,0.902588,0.468994,0.076904,-12.138366,5.134582,-25.93231,1.0200660248219229
11.73,0.909424,0.469238,0.084473,-13.84735,10.551452,-23.849485,1.026826178157238
11.74,0.892822,0.465576,0.090576,-15.594481,17.112732,-21.614073,1.0109877087462538
11.75,0.872803,0.458008,0.073486,-18.493652,25.138853,-14.442443,0.988411147786689
11.76,0.870117,0.494629,0.118408,-14.915465,28.221128,-17.440796,1.0078600576439172
11.77,0.846191,0.508545,0.102051,-14.396667,30.242918,-18.287659,0.9925077491420407
11.78,0.895264,0.477295,0.132324,-14.396667,31.188963,-19.355774,1.0231411377209891
11.79,0.868896,0.484863,0.138428,-13.778686,38.421631,-18.676758,1.0046067383653168
11.8,0.842285,0.484619,0.155029,-13.908385,44.700619,-17.753601,0.9840394236142167
11.81,0.796143,0.483398,0.150635,-14.22882,48.583981,-17.799377,0.9435084557533123
11.82,0.823242,0.481445,0.14624,-14.22119,51.292416,-16.220093,0.9648330509414569
11.83,0.73999,0.454346,0.118408,-12.222289,48.522945,-16.227722,0.8763765984324319
11.84,0.753662,0.437988,0.127197,-7.751464,35.430908,-17.425537,0.880919391997361
11.85,0.80249,0.45166,0.131348,-4.440308,26.779173,-17.272949,0.930182376098365
11.86,0.806641,0.464844,0.135498,-3.761291,25.80261,-16.288757,0.9408025059602042
11.87,0.805664,0.470459,0.138428,-3.944397,27.511595,-14.739989,0.9431799736852984
11.88,0.802246,0.476807,0.148438,-3.768921,28.57971,-14.091491,0.944974814272317
11.89,0.7854,0.479492,0.161377,-3.990173,28.442381,-13.496398,0.9342420854323573
11.9,0.775146,0.488037,0.169434,-4.219055,27.084349,-12.145995,0.9315252626960796
11.91,0.775146,0.490234,0.171143,-3.921509,25.169371,-10.398864,0.9329901513526282
11.92,0.775635,0.484131,0.175781,-3.746032,23.139952,-8.68988,0.9310700501825843
11.93,0.776123,0.467285,0.185791,-2.975464,22.491453,-6.660461,0.924792126931777
11.94,0.798096,0.452148,0.212158,-0.610352,24.269102,-4.463196,0.9414913998991176
11.95,0.824463,0.450195,0.242432,2.487183,28.152464,-2.365112,0.9701484685438616
11.96,0.828369,0.452148,0.26416,5.233764,33.424377,-0.961304,0.9800068977639902
11.97,0.826172,0.465088,0.276367,7.408142,37.895203,0.152588,0.9875453103615044
11.98,0.831543,0.48877,0.275146,8.94928,39.421082,0.778198,1.0030280131008307
11.99,0.833496,0.502441,0.271729,9.597778,38.475037,0.938415,1.0104450454814453
12.0,0.827393,0.510742,0.263672,9.963989,36.773682,0.617981,1.0074519793007506
12.01,0.818115,0.510742,0.261963,10.414123,35.02655,0.358582,0.9993968967122122
12.02,0.807129,0.508301,0.265381,11.32965,33.164978,0.175476,0.9900778779484976
12.03,0.803467,0.497559,0.288574,13.389586,32.684326,-0.160217,0.9881291069723631
12.04,0.806396,0.489258,0.319092,16.456604,35.15625,-0.534058,0.995724662667346
12.05,0.802734,0.494629,0.342041,19.264221,39.833069,-0.778198,1.0030113499248152
12.06,0.794678,0.503174,0.356689,21.484373,44.960018,-1.235962,1.0059444520852034
12.07,0.782471,0.51709,0.354492,23.132322,48.889156,-1.739502,1.0026502441055904
12.08,0.771484,0.531494,0.341309,24.154661,50.682064,-1.937866,0.9970783659136326
12.09,0.764404,0.53833,0.329346,24.55139,50.041195,-2.204895,0.9912524662425813
12.1,0.754639,0.538574,0.318115,24.757383,48.202511,-2.098083,0.980173008719379
12.11,0.762939,0.54126,0.311768,24.79553,45.967098,-1.174927,0.9860210906187554
12.12,0.77124,0.550049,0.320313,24.650572,44.128414,-0.228882,0.9999827288358535
12.13,0.771484,0.5625,0.327637,23.612974,42.518612,-0.480652,1.0094254880995426
12.14,0.760254,0.567139,0.320801,21.461485,40.534969,-0.907898,1.001272226438944
12.15,0.74585,0.564941,0.321533,19.332886,37.940979,-0.907898,0.9893604126252474
12.16,0.736816,0.5625,0.323975,17.38739,35.362244,-0.350952,0.9819693826596632
12.17,0.731689,0.562256,0.320068,15.495299,32.89032,0.259399,0.976700633193713
12.18,0.720703,0.559082,0.323975,13.786315,31.135557,0.465393,0.9679593470585425
12.19,0.711182,0.551025,0.345703,13.09204,30.235289,0.770569,0.9638044158220068
12.2,0.712402,0.550537,0.372559,13.84735,31.059263,1.411438,0.9743755982443321
12.21,0.695313,0.554199,0.382813,14.343261,33.149719,2.487183,0.9680612028890528
12.22,0.687256,0.560547,0.375244,14.526366,35.232544,3.425598,0.9629858816623429
12.23,0.694336,0.567139,0.362305,14.564513,36.605835,4.043579,0.9669612397826501
12.24,0.703369,0.575195,0.343262,14.22119,37.475586,3.837585,0.9712909135938625
12.25,0.711426,0.585693,0.324951,13.328551,37.963867,3.234863,0.9771163677505357
12.26,0.717041,0.591064,0.315186,11.924743,37.910461,2.609253,0.9812475031168233
12.27,0.703857,0.588379,0.313965,10.437011,38.047791,1.88446,0.9696280448269841
12.28,0.690186,0.581299,0.322021,9.140015,38.42926,1.403808,0.9581037346957791
12.29,0.684326,0.575684,0.338623,8.44574,38.101196,1.625061,0.9562320211439271
12.3,0.681641,0.578125,0.344727,8.033752,37.216187,1.998901,0.9579664258391314
12.31,0.689697,0.582031,0.348633,7.575988,36.392212,3.051758,0.967464214045667
12.32,0.694092,0.583984,0.348633,7.362365,35.469055,4.425049,0.9717746577314105
12.33,0.68457,0.584229,0.348633,7.507324,34.049988,5.241394,0.9651448482119147
12.34,0.681152,0.571289,0.351563,7.942199,31.402586,5.874633,0.95599984916003
12.35,0.682373,0.559082,0.348633,8.560181,28.167723,6.431579,0.9485518238567674
12.36,0.684814,0.550293,0.357422,9.208679,25.543211,5.867004,0.9484424529348103
12.37,0.693359,0.551514,0.365967,9.780884,23.956297,4.577637,0.958564677090701
12.38,0.690674,0.565186,0.370117,10.116576,23.742674,3.875732,0.9661533949435772
12.39,0.686279,0.586182,0.364746,10.162353,25.207518,3.662109,0.9734617853213345
12.4,0.691895,0.60376,0.352051,10.44464,26.741026,4.104614,0.9834555074969076
12.41,0.686523,0.608643,0.3396,10.986327,27.351377,4.196167,0.9783088934370371
12.42,0.685059,0.5979,0.334229,11.688231,26.847837,4.226685,0.968761718856603
12.43,0.688965,0.591309,0.323486,12.153625,25.253294,3.799438,0.9638269019393473
12.44,0.669434,0.587402,0.317627,11.825561,22.552488,2.861023,0.9455526960931367
12.45,0.654541,0.582764,0.320801,11.71112,19.126892,1.785278,0.93324759950294
12.46,0.662598,0.578857,0.325928,11.489867,15.205382,0.938415,0.9382646733395646
12.47,0.662354,0.580078,0.327148,10.406493,11.489867,-0.198364,0.9392705261552712
12.48,0.655518,0.58252,0.322754,8.872986,8.300781,-1.63269,0.9344536067884804
12.49,0.668701,0.586426,0.320801,7.415771,5.393981,-2.555847,0.945499742188225
12.5,0.687012,0.594238,0.317627,6.095886,3.158569,-3.089905,0.9622843654123245
12.51,0.687256,0.595947,0.319336,4.501343,1.63269,-3.593445,0.9640794143850391
12.52,0.692871,0.59375,0.323486,2.830505,0.50354,-3.65448,0.96811800796029
12.53,0.70459,0.589355,0.333008,2.02179,-0.762939,-3.723144,0.9770776387723751
12.54,0.710938,0.578369,0.349365,1.815796,-1.937866,-4.249573,0.9808157029890987
12.55,0.718262,0.568848,0.364502,1.792908,-2.532959,-5.126953,0.9860781184835206
12.56,0.722412,0.566406,0.37915,2.090454,-2.708435,-6.17218,0.9932016799623328
12.57,0.723145,0.569092,0.382324,2.700805,-2.746582,-7.408142,0.996481829470563
12.58,0.734131,0.568115,0.389404,3.417969,-1.823425,-7.93457,1.006647134601793
12.59,0.748047,0.56665,0.393066,4.173279,-0.030518,-7.827758,1.0174317751402302
12.6,0.746826,0.557373,0.396729,4.959106,1.88446,-8.209229,1.0128216204475495
12.61,0.754883,0.549805,0.429199,7.125854,3.517151,-8.865356,1.027786779110823
12.62,0.758057,0.553223,0.450928,9.788513,4.951477,-9.849548,1.0411734553675482
12.63,0.743164,0.550293,0.448486,11.848449,6.835937,-11.054992,1.027742579122321
12.64,0.722412,0.549561,0.435059,13.648986,8.636475,-11.764525,1.0065648135843017
12.65,0.697021,0.560791,0.418213,14.739989,10.124206,-11.749267,0.9875357884608538
12.66,0.685303,0.570557,0.396484,14.617919,11.230468,-11.154174,0.9758970510837708
12.67,0.691895,0.575928,0.378174,13.809203,11.756896,-10.375976,0.9764360329714384
12.68,0.693848,0.575684,0.366211,12.397765,12.275695,-9.94873,0.9731123324061822
12.69,0.696533,0.570068,0.368164,10.82611,12.96997,-9.437561,0.9724610406638406
12.7,0.695068,0.563232,0.366699,9.391785,13.755797,-8.598328,0.9668598487107632
12.71,0.686035,0.558838,0.356934,7.614135,14.640807,-7.278442,0.9541204388466897
12.72,0.668701,0.548584,0.349121,4.730225,14.739989,-5.630493,0.9327330299169211
12.73,0.637695,0.536377,0.336426,2.037048,12.786864,-4.142761,0.8986309880201105
12.74,0.611084,0.525879,0.319092,-0.709534,7.781982,-1.937866,0.8670594455751001
12.75,0.601074,0.515381,0.310791,-3.517151,0.579834,0.816345,0.8505871938361169
12.76,0.612793,0.504883,0.325439,-5.836486,-5.973815,3.921509,0.8580982736604241
12.77,0.629883,0.502441,0.350342,-7.858276,-9.529114,6.523132,0.8786006311937182
12.78,0.641357,0.511475,0.370117,-10.055541,-9.979248,9.040833,0.8999622607437492
12.79,0.651367,0.515869,0.38623,-11.96289,-9.315491,11.894225,0.9162823837387686
12.8,0.672119,0.523926,0.410156,-12.283324,-9.025574,14.144897,0.9457644251995314
12.81,0.682129,0.524414,0.425537,-11.764525,-10.06317,15.121459,0.9598915326254316
12.82,0.68042,0.518555,0.429688,-10.147094,-12.306212,15.48767,0.957341340259053
12.83,0.693359,0.516602,0.430176,-8.041382,-15.922545,15.998839,0.9657513760078211
12.84,0.711914,0.519287,0.43042,-5.737304,-18.936157,16.00647,0.980684408036041
12.85,0.730713,0.52124,0.434082,-3.189087,-19.500732,15.281676,0.9970254804632628
12.86,0.755859,0.532471,0.429443,-1.014709,-16.891479,14.373778,1.0194456748503082
12.87,0.755371,0.536865,0.431885,0.465393,-11.367797,13.198852,1.0224157809281897
12.88,0.727783,0.540039,0.436035,1.739502,-5.752563,12.252807,1.0057021118775678
12.89,0.716553,0.549072,0.435547,3.250122,-3.14331,11.680602,1.0023120533057557
12.9,0.706055,0.552734,0.426758,4.966736,-3.250122,10.848998,0.9930513221102926
12.91,0.695801,0.557129,0.417236,6.477355,-4.676819,10.19287,0.9841837399276621
12.92,0.704102,0.561279,0.402344,7.659912,-6.553649,9.925842,0.9862425850575507
12.93,0.721191,0.569336,0.389648,8.06427,-7.797241,9.95636,0.9980408324717983
12.94,0.731689,0.578613,0.37793,7.476806,-7.575988,9.689331,1.0064754748080056
12.95,0.73999,0.574219,0.367676,6.347656,-6.614685,9.246826,1.0062297456530491
12.96,0.74585,0.575195,0.365479,5.302429,-5.462646,8.453369,1.0103051073641072
12.97,0.737305,0.571533,0.358643,3.944397,-4.692078,7.461547,0.9994465641358721
12.98,0.741211,0.569092,0.363281,2.670288,-4.379272,6.820678,1.0026128544687625
12.99,0.741699,0.566895,0.376709,1.899719,-4.432678,5.554199,1.006676223175555
13.0,0.730957,0.568115,0.38501,0.778198,-4.737854,4.165649,1.0026392617357451
13.01,0.727783,0.567627,0.389648,0.068665,-5.592346,2.883911,1.001845332435102
13.02,0.727539,0.569336,0.388428,-0.511169,-6.553649,2.090454,1.0021640527383726
13.03,0.726563,0.565918,0.385254,-1.403808,-6.67572,1.548767,0.9982873435083709
13.04,0.725586,0.564941,0.380127,-2.052307,-6.271362,0.991821,0.9950527187069035
13.05,0.722656,0.5625,0.383057,-2.433777,-5.729675,0.549316,0.9926583549162319
13.06,0.718262,0.561035,0.388916,-2.89154,-5.279541,0.205994,0.990916861762378
13.07,0.717773,0.562012,0.393799,-3.204345,-4.91333,-0.045776,0.9930424059797245
13.08,0.729004,0.566162,0.397705,-3.318786,-4.882813,-0.549316,1.0050649278952082
13.09,0.735596,0.567139,0.406494,-3.166198,-4.753113,-1.670837,1.0138961941801539
13.1,0.735352,0.564453,0.413818,-3.219604,-4.394531,-2.586365,1.0151822940915587
13.11,0.732422,0.566895,0.416992,-3.440857,-3.967285,-3.204345,1.0157235131535551
13.12,0.735596,0.57251,0.427734,-3.639221,-3.65448,-4.188538,1.0255854669758147
13.13,0.739258,0.584229,0.434082,-4.425049,-3.822326,-5.966186,1.0374261890510572
13.14,0.733887,0.591553,0.429688,-5.767822,-3.799438,-8.285522,1.0359328443108655
13.15,0.742188,0.598145,0.425049,-7.606506,-4.02832,-10.467528,1.043689187818864
13.16,0.743896,0.61084,0.423584,-10.459899,-4.53186,-12.4588,1.0516321455109672
13.17,0.744385,0.62793,0.41626,-13.893126,-5.805969,-14.48059,1.0590927724826564
13.18,0.761719,0.641357,0.41333,-17.684937,-8.789063,-17.26532,1.0781448535841556
13.19,0.782959,0.651123,0.420898,-22.102354,-12.619018,-21.301268,1.1018807028049815
13.2,0.791016,0.661377,0.431641,-27.748106,-15.289306,-26.153563,1.117783432184428
13.21,0.780518,0.675293,0.436523,-33.607483,-16.952515,-30.944822,1.1206164882340435
13.22,0.765625,0.687744,0.44458,-39.237976,-19.439697,-35.263062,1.1210819892233574
13.23,0.752197,0.699463,0.438232,-45.303341,-24.765013,-39.482117,1.1167345705233631
13.24,0.782959,0.697754,0.436523,-50.109859,-33.073425,-43.739315,1.13597437018887
13.25,0.800293,0.713623,0.427246,-52.017208,-40.924068,-49.621578,1.154238197467923
13.26,0.793457,0.715088,0.400146,-54.153439,-44.235226,-56.060787,1.1406321404857045
13.27,0.814209,0.693359,0.387207,-55.969234,-45.074459,-59.42535,1.137370766026189
13.28,0.814697,0.681152,0.403076,-56.243893,-42.701717,-63.026424,1.1358562896286661
13.29,0.798584,0.667236,0.416016,-56.53381,-36.445618,-67.306519,1.1207183397303713
13.3,0.78125,0.651367,0.413086,-55.992123,-28.228758,-69.328308,1.0978481564337574
13.31,0.750488,0.638916,0.402344,-54.718014,-18.341064,-70.487976,1.0645781265534249
13.32,0.716064,0.615479,0.386963,-53.260799,-7.8125,-71.815491,1.0204422643667794
13.33,0.677734,0.596924,0.367432,-50.880428,2.044678,-72.029114,0.975011749239977
13.34,0.635742,0.578613,0.351318,-48.858639,8.94928,-70.4422,0.9286469896882239
13.35,0.596436,0.572021,0.330566,-46.859737,10.57434,-68.206787,0.890066181187107
13.36,0.569336,0.568359,0.307861,-45.051571,7.263183,-66.818237,0.8613674181776322
13.37,0.562256,0.562988,0.29126,-43.693539,0.50354,-65.437317,0.8473014134769279
13.38,0.570068,0.551758,0.281982,-42.434689,-6.41632,-63.293453,0.841978778540172
13.39,0.578613,0.548096,0.28125,-40.969845,-11.596679,-60.913082,0.8451649492761754
13.4,0.577148,0.546143,0.281982,-39.352417,-15.197753,-58.448788,0.8431404620091483
13.41,0.567383,0.54248,0.2854,-37.200928,-18.333435,-56.251522,0.8352611442471151
13.42,0.554932,0.545654,0.30957,-35.171509,-21.385191,-54.344173,0.8375687417997403
13.43,0.541016,0.55835,0.333008,-33.187866,-24.79553,-52.215572,0.845782101264859
13.44,0.543457,0.569824,0.35791,-30.883787,-27.626036,-49.97253,0.8649534495711315
13.45,0.542725,0.583984,0.381836,-28.793333,-29.70886,-47.996517,0.8839606715103336
13.46,0.529297,0.60083,0.401367,-26.794432,-30.509947,-46.607967,0.8956826847706725
13.47,0.525146,0.611328,0.422852,-24.856565,-30.303953,-45.608517,0.9101121133157167
13.48,0.550537,0.616943,0.439209,-22.377012,-29.251097,-43.533321,0.936276774943713
13.49,0.58374,0.626465,0.442627,-19.920349,-26.893614,-41.099545,0.963913608656917
13.5,0.593018,0.628174,0.441162,-17.852783,-23.109434,-40.740963,0.969998367443987
13.51,0.584473,0.630371,0.439453,-15.350341,-19.996643,-40.939327,0.965450788274058
13.52,0.56958,0.650879,0.428223,-12.390136,-18.936157,-39.176941,0.9651112820654414
13.53,0.559814,0.678955,0.414307,-9.544373,-19.302368,-37.239075,0.9726365697782497
13.54,0.550049,0.688232,0.405273,-6.454467,-19.53125,-36.239624,0.969774918604312
13.55,0.535889,0.686035,0.396729,-3.15094,-19.02771,-34.690857,0.9566686683418664
13.56,0.518311,0.682861,0.383301,0.076294,-18.768311,-32.592773,0.9390767245773904
13.57,0.508057,0.684814,0.358887,3.181457,-19.134521,-30.517576,0.9251443177223756
13.58,0.5,0.688232,0.321777,5.249023,-20.164488,-28.419493,0.9095074070907834
13.59,0.487305,0.687012,0.27417,6.439209,-23.29254,-26.008604,0.8857882591618608
13.6,0.46875,0.678711,0.229248,6.523132,-30.387877,-23.315428,0.856113210694123
13.61,0.459229,0.670166,0.16748,5.393981,-42.533871,-20.362852,0.8294958061358719
13.62,0.477051,0.670898,0.108398,2.784729,-58.509823,-17.51709,0.8303203655270657
13.63,0.512451,0.673584,0.093262,-1.853943,-75.798035,-15.754699,0.8514806122872088
13.64,0.562744,0.67627,0.126221,-7.652282,-90.805046,-16.265869,0.888793374906114
13.65,0.589111,0.688232,0.181885,-13.320922,-101.142876,-18.547058,0.924011476860542
13.66,0.592773,0.706055,0.220703,-17.173767,-108.6502,-20.492552,0.9479468902649557
13.67,0.612549,0.720703,0.235107,-19.920349,-113.56353,-22.53723,0.97463038792098
13.68,0.622314,0.733643,0.234131,-23.025511,-115.257256,-24.261473,0.9901131709082553
13.69,0.61499,0.733154,0.23291,-26.351927,-116.127007,-25.451658,0.9848728628183436
13.7,0.616943,0.711426,0.298096,-29.876707,-117.607109,-26.672361,0.9877281224815866
13.71,0.628418,0.68335,0.394531,-32.470703,-119.567863,-27.412413,1.0087274731982865
13.72,0.651611,0.666748,0.470947,-32.035828,-117.385857,-26.641844,1.0444811475723246
13.73,0.68042,0.664307,0.525879,-30.891417,-109.016411,-25.352476,1.0866572087323583
13.74,0.691895,0.661621,0.549805,-30.052183,-95.985405,-24.04785,1.1039685578362275
13.75,0.690186,0.661865,0.538818,-28.861998,-81.001274,-21.781919,1.0976095981472647
13.76,0.666748,0.66626,0.503662,-28.137205,-66.619873,-18.836975,1.0687051479935894
13.77,0.626953,0.669678,0.475098,-28.907774,-55.992123,-15.312194,1.0330812153441762
13.78,0.626953,0.662842,0.486572,-30.769346,-50.72784,-11.222838,1.0340125204063053
13.79,0.67334,0.639648,0.521973,-32.325745,-47.95837,-8.010864,1.065360095100713
13.8,0.730469,0.611572,0.570557,-32.363892,-41.427608,-6.217956,1.1104686224265863
13.81,0.78125,0.588135,0.610352,-30.883787,-29.975889,-5.462646,1.1527288946794905
13.82,0.794434,0.569336,0.625977,-27.923582,-13.778686,-4.264832,1.1606532926679698
13.83,0.769043,0.571777,0.614014,-23.635862,2.410889,-2.677917,1.1381429021761722
13.84,0.744141,0.573486,0.587646,-18.722534,13.687133,-1.029968,1.1081334943918084
13.85,0.737549,0.564697,0.572021,-13.96942,20.233152,0.694275,1.0909029533606553
13.86,0.733154,0.550537,0.569336,-9.178162,24.467466,2.662658,1.0792354965349313
13.87,0.739502,0.542725,0.562012,-4.096985,27.984617,5.096435,1.0757653655760626
13.88,0.76416,0.547607,0.571289,1.174927,32.341003,7.591247,1.1000841120432563
13.89,0.776855,0.551025,0.587646,6.210327,38.711548,9.162903,1.1191336215868057
13.9,0.769287,0.55835,0.591553,11.108397,46.524044,10.940551,1.1195946421263367
13.91,0.75,0.571289,0.581299,16.281128,53.817745,13.076781,1.1076008527091337
13.92,0.726563,0.577881,0.563965,21.034239,59.188839,14.60266,1.0862305300234385
13.93,0.697266,0.583984,0.552002,25.0473,62.591549,16.075134,1.063918885543442
13.94,0.672607,0.597656,0.549805,28.137205,64.460754,17.372131,1.054456451831938
13.95,0.659912,0.608154,0.551514,30.85327,65.162659,18.196106,1.0533294013061631
13.96,0.651611,0.625,0.550781,32.417297,66.78009,19.210815,1.057630183609564
13.97,0.637939,0.653564,0.559326,32.943726,69.93103,20.553587,1.0709610843037203
13.98,0.623535,0.679199,0.554443,33.164978,73.532104,22.6593,1.0758783472470295
13.99,0.606934,0.704346,0.528076,33.378601,76.446533,25.05493,1.0692691101158773
14.0,0.587158,0.730957,0.48877,33.14209,77.049255,27.107237,1.057330963186551
14.01,0.575928,0.748535,0.444092,32.226563,75.416565,28.70178,1.0436548336844897
14.02,0.572021,0.760254,0.411865,30.799864,72.975159,30.105589,1.0367386108282068
14.03,0.584229,0.77002,0.393066,29.08325,71.243286,30.59387,1.043434332000342
14.04,0.594727,0.777832,0.364258,26.931761,71.914673,30.418394,1.0447041281228862
14.05,0.592285,0.789063,0.327881,24.879454,74.043274,29.769896,1.0396768196680157
14.06,0.568359,0.797119,0.267822,22.689817,75.714111,28.663633,1.0149676234865819
14.07,0.517334,0.80249,0.212402,19.40155,76.278687,27.717588,0.9781305011398019
14.08,0.513916,0.748291,0.174561,15.602111,68.367004,27.542112,0.9244028442502761
14.09,0.523438,0.765137,0.142578,13.626098,56.045528,25.825499,0.9379501344405256
14.1,0.51709,0.741943,0.130127,10.894774,49.522396,23.147581,0.913670903267692
14.11,0.530029,0.723389,0.105713,9.361267,43.434139,22.735594,0.9029937012687298
14.12,0.533936,0.707275,0.089355,8.552551,36.987305,21.697996,0.89067945622766
14.13,0.52832,0.68335,0.092773,7.614135,32.081604,19.371033,0.8687324527315646
14.14,0.516846,0.658203,0.094482,7.637023,27.557371,17.883301,0.8421922733253969
14.15,0.503906,0.632813,0.104736,9.140015,22.918699,17.669678,0.8156857112276761
14.16,0.483398,0.624512,0.097412,12.08496,16.906738,18.295288,0.7957248031147451
14.17,0.451172,0.63501,0.068359,15.594481,9.338379,18.852234,0.7819634432407949
14.18,0.423828,0.649658,0.029785,18.15033,-1.602173,18.936157,0.7762556516850617
14.19,0.421875,0.650391,0.028076,19.309998,-16.197205,19.271851,0.775741729109631
14.2,0.448486,0.636475,0.056396,20.126341,-30.181883,19.523621,0.7806539736893677
14.21,0.485596,0.628174,0.07959,22.28546,-39.520264,20.187376,0.797960285723544
14.22,0.52124,0.620117,0.115234,25.245665,-45.043941,20.1416,0.8182390274516366
14.23,0.539063,0.601318,0.158447,29.022215,-48.439022,18.966675,0.8229688371390499
14.24,0.549316,0.589844,0.196777,34.27124,-50.430294,18.623352,0.8296898215122325
14.25,0.566406,0.601563,0.22168,41.297909,-52.040096,19.523621,0.8554740336240486
14.26,0.57959,0.629883,0.216309,49.262997,-53.771969,20.622252,0.8828741389745199
14.27,0.582031,0.663086,0.189941,55.679317,-55.885311,20.912169,0.9025080120630509
14.28,0.592529,0.682617,0.170166,59.837337,-58.944698,21.240232,0.9197896781797456
14.29,0.614258,0.685059,0.182617,62.103268,-62.034603,21.965025,0.9380659319759992
14.3,0.628662,0.682861,0.194092,63.720699,-62.942501,21.980284,0.9482545860838218
14.31,0.644531,0.687988,0.197998,66.192627,-60.493465,22.293089,0.9633020845555147
14.32,0.658203,0.696533,0.206543,68.878174,-56.228634,24.192808,0.980331280816337
14.33,0.670898,0.703125,0.197021,71.517944,-51.391598,27.19116,0.9916179538864753
14.34,0.682129,0.717529,0.19043,73.608398,-46.974178,30.158995,1.0081723182978195
14.35,0.668945,0.694824,0.230713,73.631287,-44.853207,32.699585,0.9917138157603734
14.36,0.658691,0.626465,0.306641,76.423645,-48.980709,34.362793,0.9593544353298211
14.37,0.698486,0.591797,0.378174,80.749504,-60.806271,36.53717,0.9905160047576212
14.38,0.878906,0.617188,0.318848,86.013786,-75.09613,34.843445,1.1202949751221774
14.39,0.94458,0.678955,0.299805,89.767448,-84.32769,25.756834,1.2012886024806861
14.4,0.914307,0.704102,0.278564,89.973442,-84.632866,19.950867,1.1871456602915247
14.41,0.918701,0.726074,0.25293,89.859001,-81.390373,20.179747,1.197985211000954
14.42,0.885498,0.731934,0.27002,89.614861,-76.950073,18.844604,1.1801461302567577
14.43,0.824463,0.747803,0.279297,89.103691,-72.280884,16.25061,1.1475867633373087
14.44,0.832275,0.762207,0.257568,85.754387,-64.758301,17.173767,1.1575761146024048
14.45,0.840576,0.786377,0.241455,78.582764,-51.940914,19.462585,1.176119600606163
14.46,0.832031,0.811523,0.236084,68.382263,-37.391663,19.966125,1.1859936001286009
14.47,0.842773,0.811035,0.232422,55.480953,-25.146482,19.645691,1.1925032858814268
14.48,0.865479,0.802979,0.236572,40.878292,-14.038085,18.745422,1.204074534680474
14.49,0.872314,0.804932,0.243652,26.046751,-2.105713,17.196655,1.2116986161269643
14.5,0.860596,0.781982,0.253174,12.199401,8.605957,15.693664,1.19004974594174
14.51,0.840088,0.739014,0.245361,1.533508,15.853881,13.290404,1.1454656521524336
14.52,0.824951,0.697266,0.217773,-4.631042,18.585205,9.490967,1.1018843436068961
14.53,0.824951,0.681152,0.181641,-7.072448,19.66095,6.011962,1.0851293251893988
14.54,0.816895,0.684082,0.13501,-7.17926,22.697447,3.044128,1.074017375953015
14.55,0.780762,0.677246,0.087402,-6.393432,26.710508,0.175476,1.0372514424015038
14.56,0.728027,0.660889,0.038574,-4.867554,28.472898,-1.487732,0.984015008282902
14.57,0.664063,0.648438,0.014404,-2.487183,26.924131,-1.480102,0.9282558823023961
14.58,0.626953,0.63208,-0.006104,0.305176,22.041319,-0.114441,0.890299078638746
14.59,0.621826,0.619141,-0.034912,3.433227,14.945983,1.922607,0.8781924617650736
14.6,0.629883,0.602295,-0.048828,5.775451,8.026123,3.166198,0.8728665615648248
14.61,0.635498,0.590088,-0.055664,7.118225,2.235413,3.768921,0.8689994457098347
14.62,0.650391,0.590576,-0.058105,7.949829,-3.227234,4.707336,0.8804343562594545
14.63,0.651855,0.605225,-0.054688,8.201599,-8.407593,5.203247,0.8911806881850616
14.64,0.642334,0.615967,-0.045166,7.286071,-13.72528,5.271911,0.8910938672221911
14.65,0.636719,0.623291,-0.036133,6.019592,-20.233152,5.798339,0.891744553855531
14.66,0.648926,0.636475,-0.025635,4.699707,-26.672361,7.041931,0.9093198185050186
14.67,0.679199,0.647705,-0.014648,2.723694,-32.035828,7.888793,0.9386413652348803
14.68,0.709229,0.649658,0.000244,0.030518,-34.675598,8.247375,0.9618010973902037
14.69,0.736816,0.648438,0.013916,-2.990722,-33.950806,8.834839,0.9816126082910712
14.7,0.748047,0.649658,0.032227,-6.317138,-30.509947,9.20105,0.9912963284013515
14.71,0.750244,0.647217,0.050781,-9.32312,-26.68762,9.651184,0.9921363891048448
14.72,0.756592,0.648438,0.058594,-11.383056,-23.719786,10.429381,0.9981665948848418
14.73,0.765625,0.651855,0.0625,-12.275695,-21.965025,10.734557,1.0074734893038129
14.74,0.776123,0.647705,0.061768,-12.481688,-21.728514,10.375976,1.0127704399211106
14.75,0.786133,0.643555,0.053711,-11.871337,-22.727964,9.239197,1.0173755468041288
14.76,0.797607,0.635254,0.04541,-10.551452,-23.994444,7.438659,1.0206794986992733
14.77,0.799072,0.625977,0.032959,-9.338379,-24.505613,5.233764,1.0156030530645328
14.78,0.788818,0.618408,0.021484,-8.522034,-23.384092,3.410339,1.0025586535679596
14.79,0.781982,0.617188,0.020752,-7.820129,-21.553038,2.182007,0.9964173428699441
14.8,0.770752,0.610107,0.020508,-6.858825,-18.791199,1.052856,0.983214002655068
14.81,0.765381,0.595703,0.018311,-5.981445,-16.25824,0.1297,0.970054344916304
14.82,0.77832,0.592041,0.012207,-5.020141,-14.389037,-0.572205,0.9779793346129559
14.83,0.782715,0.598389,0.009277,-4.40979,-12.725829,-1.625061,0.985290936360931
14.84,0.773438,0.601807,0.008057,-4.493713,-11.024474,-2.662658,0.9800218978890216
14.85,0.767578,0.602783,0.008545,-4.28009,-10.94818,-2.975464,0.976010424226094
14.86,0.769775,0.599365,0.004883,-4.02832,-11.642455,-2.944946,0.9756104742872536
14.87,0.779785,0.599854,0.001709,-3.837585,-11.817931,-2.761841,0.9838152205683748
14.88,0.793213,0.60498,0.003906,-3.753662,-11.45935,-2.593994,0.9975985768860137
14.89,0.789307,0.605225,0.004883,-3.532409,-10.299682,-2.868652,0.9946490258191579
14.9,0.769531,0.598633,0.009277,-3.486633,-8.758545,-3.440857,0.9750002519891982
14.91,0.771973,0.590332,0.006348,-2.853393,-9.239197,-3.219604,0.9718407688798613
14.92,0.789307,0.593994,-0.001465,-2.02179,-9.918213,-2.761841,0.9878443999486964
14.93,0.788574,0.604248,-0.000488,-1.678467,-9.223938,-3.318786,0.9934610395601833
14.94,0.778809,0.59668,0.006836,-1.480102,-8.117676,-3.64685,0.9811305783518319
14.95,0.774902,0.59375,0.006348,-0.50354,-7.614135,-3.135681,0.9762440623163862
14.96,0.771973,0.599854,0.005371,0.25177,-6.896972,-2.822876,0.977648189118151
14.97,0.768066,0.601074,0.005615,0.747681,-5.569458,-2.357483,0.9753188514824268
14.98,0.761475,0.5979,0.003662,1.51062,-4.180908,-1.876831,0.968164240131291
14.99,0.759033,0.594482,0.001221,2.105713,-3.334045,-1.335144,0.9641272915201601
15.0,0.760254,0.596191,-0.004639,2.593994,-2.624511,-1.197815,0.966152872643869
15.01,0.757568,0.601563,-0.009521,2.601623,-1.716614,-1.197815,0.967407859712748
15.02,0.765137,0.603516,-0.011963,2.738952,-1.365662,-1.358032,0.9745816047894604
15.03,0.766357,0.60498,-0.010986,2.799988,-0.534058,-1.907349,0.9764346081766049
15.04,0.751709,0.604248,-0.014648,2.746582,0.907898,-2.555847,0.964570697299581
15.05,0.737305,0.603271,-0.015137,2.792358,1.480102,-2.288818,0.9527768318105767
15.06,0.728516,0.608398,-0.011475,3.067016,1.174927,-1.228333,0.9492182911664735
15.07,0.732666,0.610107,-0.012451,3.219604,0.961304,0.0,0.9535119539921878
15.08,0.738525,0.617188,-0.012207,3.479004,0.930786,1.083374,0.9625430971224094
15.09,0.74585,0.622314,-0.010742,3.593445,0.556946,1.625061,0.9714331308227037
15.1,0.752197,0.621826,-0.009521,3.829956,0.244141,1.693725,0.9759910606793487
15.11,0.754639,0.623535,-0.004639,3.997802,0.1297,1.426697,0.9789266759400317
15.12,0.761719,0.624023,0.001709,4.142761,0.396728,1.075745,0.9846946024890154
15.13,0.771729,0.631348,0.012451,4.173279,0.801086,0.724792,0.9971564440678303
15.14,0.771973,0.632813,0.024414,4.089355,1.13678,0.312805,0.9984941908163512
15.15,0.771729,0.631836,0.028076,4.219055,2.151489,-0.099182,0.9977828632087243
15.16,0.772217,0.633789,0.024414,4.501343,3.410339,-0.328064,0.9993015736032842
15.17,0.763916,0.632324,0.01709,4.577637,4.386902,-0.511169,0.991813169973055
15.18,0.748779,0.634277,0.005127,4.394531,4.966736,-0.411987,0.981327463031072
15.19,0.741211,0.635742,0.002197,3.829956,4.142761,0.053406,0.976507277952397
15.2,0.733887,0.643311,-0.000732,3.318786,2.182007,0.236511,0.9759301754295744
15.21,0.741455,0.640625,-0.014893,2.738952,-0.045776,0.358582,0.9799886270253344
15.22,0.775391,0.622314,-0.012695,1.800537,-1.228333,0.389099,0.9943173942469277
15.23,0.802734,0.608643,0.005615,1.014709,0.747681,-0.106812,1.0074024540520041
15.24,0.810791,0.606201,0.013672,0.701904,6.17218,-0.205994,1.0124468488103462
15.25,0.79248,0.617432,0.009277,0.595093,12.046813,-0.259399,1.0046556065403707
15.26,0.761963,0.626221,0.002441,0.411987,15.403747,-0.259399,0.9862790237508856
15.27,0.749268,0.630859,-0.005371,0.419617,15.426635,0.038147,0.9794970450930416
15.28,0.744141,0.635742,-0.011475,0.762939,13.198852,0.205994,0.9787979332170661
15.29,0.746094,0.640137,-0.015625,1.083374,10.665893,0.152588,0.9831967128860837
15.3,0.751953,0.638916,-0.016602,1.106262,8.590698,0.045776,0.9868751672167053
15.31,0.748779,0.634277,-0.014648,1.373291,7.667541,-0.144958,0.9814233884893919
15.32,0.738281,0.626709,-0.018555,1.731872,7.17926,-0.419617,0.9685903642237
15.33,0.741943,0.615967,-0.032227,2.006531,6.835937,-0.419617,0.9648488689255951
15.34,0.752441,0.613037,-0.0271,1.914978,6.523132,-0.63324,0.9709357506292577
15.35,0.745117,0.61084,-0.008301,1.678467,6.813049,-1.365662,0.9635319174215249
15.36,0.731934,0.615479,-0.013184,2.059937,7.8125,-1.747131,0.9564076524437684
15.37,0.731689,0.625244,-0.01001,2.220154,7.820129,-1.586914,0.9624962609574128
15.38,0.729248,0.633545,0.003662,1.876831,6.805419,-1.930237,0.9660203531877577
15.39,0.720947,0.635254,0.014648,1.838684,6.507873,-2.6474,0.9610030099999687
15.4,0.717529,0.635498,0.017578,1.914978,6.484985,-2.937317,0.9586524708824361
15.41,0.718018,0.638916,0.017822,2.113342,6.057739,-2.677917,0.9612913850981918
15.42,0.718262,0.637695,0.020752,2.311707,6.263732,-2.433777,0.9607215305035065
15.43,0.726807,0.635498,0.018066,2.609253,6.774902,-1.968384,0.9656254468524532
15.44,0.734131,0.636475,0.015381,2.89917,6.851196,-1.602173,0.9717434465675598
15.45,0.738281,0.637939,0.014648,3.135681,6.896972,-1.472473,0.9758276315958674
15.46,0.740967,0.640625,0.011719,3.135681,6.820678,-1.579285,0.979576347547755
15.47,0.747803,0.645996,0.006592,3.39508,6.393432,-1.831055,0.9882123320870875
15.48,0.732178,0.652588,0.005371,3.257751,5.828857,-2.433777,0.980808120413468
15.49,0.71875,0.641357,0.005859,2.754211,4.219055,-2.914428,0.9633144304068116
15.5,0.723145,0.631104,-0.001465,2.861023,1.602173,-2.815246,0.9598088851776692
15.51,0.72876,0.635498,-0.004639,2.655029,-0.244141,-2.76947,0.9669386567538811
15.52,0.726074,0.635254,-0.002197,1.937866,-0.976562,-2.777099,0.9647465598803657
15.53,0.730713,0.632813,-0.002197,0.976562,-1.663208,-2.212524,0.9666429579462108
15.54,0.739258,0.633301,0.003418,0.114441,-2.479553,-1.777649,0.9734393817228683
15.55,0.746094,0.632568,0.004883,-0.526428,-3.40271,-1.708984,0.9781729781327023
15.56,0.751709,0.631348,0.008789,-1.228333,-4.081726,-2.029419,0.9817046217197921
15.57,0.751465,0.631104,0.01123,-1.960754,-4.302979,-2.5177,0.9813857640810774
15.58,0.758789,0.635254,0.012451,-2.487183,-4.272461,-3.036499,0.9896784419385926
15.59,0.759277,0.643799,0.015625,-3.135681,-3.990173,-4.074097,0.9956017556006016
15.6,0.746826,0.640869,0.01709,-3.936767,-3.356933,-5.218505,0.984253126760083
15.61,0.734375,0.637207,0.019043,-4.53949,-2.975464,-5.676269,0.9724721267589113
15.62,0.735596,0.638916,0.022461,-4.951477,-2.952575,-5.439758,0.9745869005855764
15.63,0.738525,0.640381,0.0271,-5.317688,-3.242492,-5.226135,0.9778759690195888
15.64,0.737793,0.639404,0.034668,-5.516052,-3.471374,-5.111694,0.9769226460109316
15.65,0.735107,0.631104,0.040039,-5.729675,-3.761291,-4.814148,0.9696791643559224
15.66,0.741943,0.632568,0.048584,-5.737304,-3.959656,-4.28009,0.9762080182671109
15.67,0.759277,0.641113,0.057861,-5.302429,-4.119873,-4.089355,0.9954272132200325
15.68,0.761719,0.641846,0.058105,-4.943848,-3.227234,-4.745483,0.9977766852868432
15.69,0.753174,0.632568,0.056885,-4.600525,-1.792908,-5.645751,0.985215332871449
15.7,0.747559,0.633057,0.049805,-4.180908,-1.052856,-5.996704,0.9808599093423076
15.71,0.748535,0.644531,0.045654,-3.715515,-0.976562,-6.134033,0.9888423250963725
15.72,0.745361,0.64917,0.038574,-3.387451,-0.709534,-6.629943,0.9891777710285447
15.73,0.739014,0.644043,0.035645,-3.334045,-0.221252,-6.660461,0.9809197949220925
15.74,0.743652,0.638428,0.037354,-3.265381,0.152588,-6.095886,0.9808179900491222
15.75,0.747559,0.633057,0.037354,-2.937317,0.518799,-5.889892,0.9803065566678618
15.76,0.743164,0.626221,0.03418,-2.761841,0.991821,-6.225585,0.9724267294439206
15.77,0.740723,0.620605,0.033203,-2.754211,1.174927,-6.637573,0.9669144574175111
15.78,0.733643,0.624023,0.034912,-2.616882,1.167297,-6.782531,0.9637715516251765
15.79,0.727295,0.631348,0.031738,-2.403259,0.930786,-6.660461,0.9636210950228311
15.8,0.723633,0.630371,0.026367,-2.204895,0.442505,-6.561279,0.9600560061887015
15.81,0.723389,0.630859,0.02124,-2.14386,-0.282288,-6.401062,0.9600655502631057
15.82,0.719482,0.633789,0.020508,-2.250671,-1.106262,-6.050109,0.9590429723995688
15.83,0.721924,0.632813,0.023438,-2.380371,-1.823425,-5.523681,0.9602998982552273
15.84,0.721191,0.633301,0.030029,-2.677917,-2.151489,-5.142211,0.9602543183568611
15.85,0.724365,0.63501,0.039551,-2.838135,-2.563476,-4.760742,0.964109244290293
15.86,0.728271,0.634033,0.054199,-2.777099,-3.334045,-4.829407,0.9671163457056239
15.87,0.729736,0.628418,0.06543,-2.403259,-2.853393,-5.065917,0.9652486194343922
15.88,0.726563,0.625488,0.069824,-1.365662,-1.525879,-5.065917,0.9612514874313589
15.89,0.723877,0.630615,0.070557,-0.053406,-0.50354,-4.829407,0.9626273835721691
15.9,0.722168,0.635254,0.057373,0.831604,0.175476,-4.425049,0.9635174756427618
15.91,0.719971,0.637939,0.050049,1.319885,0.518799,-4.020691,0.9632389687730663
15.92,0.714844,0.640137,0.044434,1.686096,0.953674,-3.52478,0.960599658266127
15.93,0.709229,0.643555,0.038574,1.937866,0.709534,-2.967834,0.9584658397366074
15.94,0.707764,0.651123,0.033447,1.983642,-0.419617,-2.288818,0.9622940001028791
15.95,0.709717,0.655029,0.032227,1.991272,-2.02179,-1.724243,0.9663331674215679
15.96,0.718506,0.657471,0.031006,1.670837,-3.387451,-1.518249,0.9744128282781379
15.97,0.724609,0.653564,0.039551,1.419067,-4.043579,-1.571655,0.9766106627402754
15.98,0.727539,0.651123,0.049805,1.365662,-3.662109,-1.663208,0.9776270739269654
15.99,0.727539,0.650879,0.052246,1.655578,-2.601623,-1.701355,0.9775919975521485
16.0,0.726318,0.651855,0.049561,2.082825,-1.548767,-1.907349,0.9771944897869614
16.01,0.723389,0.655029,0.04541,2.5177,-0.793457,-2.082825,0.9769425286381999
16.02,0.718506,0.657471,0.037598,2.716064,-0.213623,-2.13623,0.9746448571048841
16.03,0.716553,0.660156,0.033691,2.914428,-0.1297,-2.128601,0.97487908461819
16.04,0.713135,0.666504,0.031494,2.937317,-0.488281,-2.044678,0.9766171113988327
16.05,0.711914,0.664551,0.028076,2.876281,-1.014709,-2.067566,0.9742883745447238
16.06,0.709473,0.662598,0.0271,2.830505,-1.808166,-1.998901,0.9711449208707215
16.07,0.710693,0.660156,0.028809,2.655029,-2.838135,-1.724243,0.9704228166454043
16.08,0.719238,0.657471,0.032959,2.655029,-3.448486,-1.571655,0.9750167753254301
16.09,0.718262,0.655029,0.039307,2.471924,-3.334045,-1.678467,0.9728865975713716
16.1,0.714111,0.650879,0.040283,2.410889,-2.922058,-1.617432,0.967068101558003
16.11,0.712158,0.654541,0.038818,2.388,-2.822876,-1.495361,0.9680391390687673
16.12,0.711426,0.658936,0.036133,2.243042,-2.601623,-1.548767,0.9703758031098054
16.13,0.712402,0.661865,0.033691,2.082825,-2.388,-1.617432,0.9729938187419281
16.14,0.713135,0.662598,0.024658,1.991272,-2.410889,-1.525879,0.9737585197537426
16.15,0.716064,0.666016,0.023438,1.800537,-2.944946,-1.541138,0.9781995216702981
16.16,0.71875,0.669434,0.024414,1.693725,-3.623962,-1.556396,0.982516913977566
16.17,0.716309,0.661133,0.027832,1.434326,-4.096985,-1.426697,0.9751769313278488
16.18,0.718506,0.658936,0.029785,1.342773,-4.547119,-1.213074,0.9753638656199028
16.19,0.720703,0.663086,0.030518,1.304626,-4.951477,-1.075745,0.9798097804824158
16.2,0.725342,0.663086,0.03418,1.106262,-5.043029,-1.091003,0.9833475137305224
16.21,0.730469,0.65918,0.035645,0.831604,-4.707336,-0.87738,0.984567823151864
16.22,0.729736,0.661133,0.036133,0.610352,-3.997802,-0.968933,0.9853512404589544
16.23,0.7229,0.661621,0.036133,0.396728,-3.433227,-1.174927,0.9806285491102122
16.24,0.717285,0.656494,0.029785,0.366211,-2.944946,-1.113892,0.9728151363368068
16.25,0.716309,0.656494,0.026611,0.350952,-2.677917,-0.976562,0.9720036526875813
16.26,0.717529,0.659668,0.02417,0.473022,-2.63977,-0.953674,0.9749840639543808
16.27,0.720215,0.657715,0.019531,0.63324,-2.914428,-1.052856,0.9755409409199596
16.28,0.720947,0.654541,0.022705,0.602722,-3.204345,-1.167297,0.9740143810616967
16.29,0.728027,0.649902,0.023193,0.892639,-3.547668,-1.235962,0.9761833012206262
16.3,0.731689,0.650146,0.024414,1.121521,-3.471374,-1.586914,0.9791091141609294
16.31,0.733887,0.650879,0.027588,1.220703,-3.120422,-1.953125,0.9813229331642056
16.32,0.735107,0.650879,0.027588,1.228333,-2.830505,-2.311707,0.9822356498488537
16.33,0.733154,0.650391,0.02832,1.426697,-2.334595,-2.685547,0.9804719593119429
16.34,0.72876,0.649902,0.022705,1.579285,-1.579285,-2.761841,0.9767186208059104
16.35,0.723877,0.65332,0.02002,1.625061,-1.228333,-2.632141,0.9753080200270067
16.36,0.719727,0.652832,0.022705,1.815796,-1.686096,-2.326965,0.9719630094700106
16.37,0.724121,0.6521,0.022461,1.991272,-2.113342,-2.044678,0.9747256686688824
16.38,0.726318,0.652588,0.021484,2.159119,-2.098083,-1.88446,0.9766629393623985
16.39,0.719238,0.652344,0.023926,2.113342,-1.785278,-1.617432,0.9713024495264079
16.4,0.715576,0.65332,0.019531,2.075195,-1.426697,-1.235962,0.9691529776753514
16.41,0.718018,0.656982,0.019531,1.960754,-1.38092,-0.900268,0.9734252188067659
16.42,0.722412,0.663574,0.017578,1.708984,-1.525879,-0.564575,0.9810802909568616
16.43,0.723145,0.663574,0.017334,1.51062,-1.594543,-0.701904,0.9816158169350165
16.44,0.722412,0.657227,0.018066,1.228333,-1.800537,-1.052856,0.9768074567840891
16.45,0.72168,0.658447,0.018555,1.251221,-1.777649,-1.022339,0.9770971099302258
16.46,0.720215,0.659424,0.019287,1.182556,-1.51062,-1.060486,0.9766891247321228
16.47,0.715332,0.660156,0.01416,1.022339,-1.167297,-1.274109,0.9735020904754134
16.48,0.712646,0.659668,0.015869,0.75531,-1.182556,-1.373291,0.9712250082761461
16.49,0.717529,0.659912,0.017334,0.701904,-1.571655,-1.502991,0.9750036826294555
16.5,0.721924,0.6604,0.016602,0.816345,-1.533508,-1.670837,0.9785591694833787
16.51,0.7229,0.661621,0.015381,0.930786,-1.106262,-1.747131,0.9800833295194853
16.52,0.729492,0.664795,0.007813,0.762939,-0.984192,-1.861572,0.9870015263706536
16.53,0.731201,0.670166,0.009277,0.63324,-1.220703,-2.334595,0.9918989024522611
16.54,0.727783,0.662842,0.013672,0.144958,-1.411438,-2.861023,0.9844869403079961
16.55,0.727295,0.659424,0.019531,-0.335693,-1.579285,-2.960205,0.9819264171830799
16.56,0.729004,0.658203,0.020752,-0.473022,-1.548767,-2.929687,0.9823994435711982
16.57,0.730713,0.65625,0.022949,-0.572205,-1.152039,-2.89154,0.982411424745254
16.58,0.733154,0.65625,0.024902,-0.663757,-0.511169,-2.670288,0.9842758555506682
16.59,0.730469,0.655762,0.024658,-0.656128,0.160217,-2.494812,0.9819454045765478
16.6,0.727783,0.656494,0.022705,-0.579834,0.602722,-2.304077,0.9803917503477882
16.61,0.727051,0.658447,0.017822,-0.572205,0.915527,-1.693725,0.9810572012344643
16.62,0.726318,0.665039,0.012451,-0.686645,1.289368,-0.946045,0.9848704158649503
16.63,0.722168,0.67334,0.008545,-1.235962,1.602173,-0.175476,0.9874139926337889
16.64,0.717529,0.680176,0.008301,-1.976013,1.64032,0.694275,0.9887143993176188
16.65,0.717529,0.684814,0.009766,-2.708435,1.945495,1.541138,0.9919241176587048
16.66,0.719727,0.693359,0.009033,-3.242492,2.876281,2.204895,0.9994174565710767
16.67,0.713623,0.700439,0.004639,-4.02832,4.493713,2.761841,0.9999470481835526
16.68,0.70166,0.703613,-0.001709,-4.798889,5.92041,3.227234,0.9936804969656998
16.69,0.687988,0.709717,-0.008301,-5.302429,6.874084,4.02832,0.9884809633139123
16.7,0.679932,0.719971,-0.016357,-6.011962,7.247924,4.837036,0.9904207777071319
16.71,0.678711,0.731934,-0.022949,-6.271362,7.438659,5.447387,0.9984501281876826
16.72,0.679932,0.748779,-0.028809,-6.469726,7.209777,5.760192,1.0118337185259247
16.73,0.685303,0.760742,-0.032227,-6.607055,6.492614,5.798339,1.0244057652619882
16.74,0.700928,0.768066,-0.025635,-6.500244,5.363464,5.584716,1.0401358539945635
16.75,0.726807,0.765381,-0.016602,-6.271362,4.386902,4.753113,1.0556193048698947
16.76,0.755859,0.752197,-0.018311,-5.973815,4.020691,2.746582,1.0665169700529853
16.77,0.758789,0.733643,-0.012451,-5.966186,4.272461,-0.526428,1.0555320105856574
16.78,0.753662,0.71875,-0.006592,-6.187438,3.77655,-3.77655,1.0414659990647799
16.79,0.754395,0.710938,-0.002197,-6.195068,2.548218,-6.973266,1.036604786154299
16.8,0.75708,0.703369,0.007813,-6.263732,1.701355,-10.749816,1.0334210756172917
16.81,0.756592,0.69165,0.023926,-6.500244,1.701355,-14.709472,1.0253699968499177
16.82,0.746094,0.675537,0.047119,-6.217956,2.189636,-18.348694,1.0075845847203104
16.83,0.737305,0.654785,0.07373,-5.096435,3.509521,-21.385191,0.9888367773045256
16.84,0.741455,0.630615,0.10083,-2.998352,5.53894,-23.773191,0.9785691003449885
16.85,0.74585,0.617432,0.11499,0.091553,8.361816,-26.05438,0.9750575353403511
16.86,0.742432,0.60376,0.120361,3.410339,12.298583,-28.289793,0.964478191845207
16.87,0.734619,0.596191,0.121582,6.958007,17.242432,-29.281614,0.9538820505523731
16.88,0.718262,0.592041,0.112793,11.07788,21.14868,-29.380796,0.9376220492149275
16.89,0.726807,0.595459,0.103516,14.945983,21.354673,-29.090879,0.9452700133750144
16.9,0.761719,0.599365,0.097168,18.15033,19.676208,-29.052732,0.9741128571218018
16.91,0.788574,0.592529,0.10376,20.507811,18.508911,-29.853819,0.9918193922872248
16.92,0.798584,0.581055,0.111084,22.857664,18.959045,-30.990599,0.9938314611326208
16.93,0.795898,0.575439,0.105469,26.634214,20.729063,-31.364439,0.9877790132848542
16.94,0.777832,0.58374,0.087646,30.96771,22.010801,-31.257627,0.976451140170362
16.95,0.754395,0.593994,0.077148,34.52301,21.171568,-31.028746,0.9632717695256101
16.96,0.748291,0.601074,0.068604,37.330627,18.386841,-30.052183,0.9622556224688947
16.97,0.769287,0.597656,0.064453,38.749695,15.281676,-29.21295,0.9762936914238461
16.98,0.758545,0.59082,0.061768,38.68103,15.037536,-29.525755,0.9634698102426459
16.99,0.719238,0.595703,0.054443,37.796021,15.396117,-29.487608,0.935483514072803
17.0,0.689453,0.602539,0.050293,36.064148,12.992858,-28.839109,0.917021303775981
17.01,0.662598,0.618652,0.049316,34.309387,10.353087,-28.717039,0.907853773778575
17.02,0.650879,0.637939,0.04541,33.103943,8.758545,-28.266905,0.9125084703508236
17.03,0.654541,0.655029,0.040039,31.524656,7.354736,-27.259825,0.9268710983966433
17.04,0.651367,0.668945,0.038574,28.923033,7.186889,-26.802061,0.9344807837457119
17.05,0.64624,0.681885,0.037842,26.214598,9.094238,-25.665281,0.9402262003310693
17.06,0.667236,0.703369,0.045166,24.002073,11.596679,-23.841856,0.9705523156497027
17.07,0.681396,0.723877,0.064697,21.301268,14.930724,-23.185728,0.9962349731634601
17.08,0.672119,0.745117,0.071289,18.768311,19.515991,-23.300169,1.0059947392362447
17.09,0.651123,0.767578,0.072998,16.921997,24.368284,-22.476194,1.0091906931878634
17.1,0.617188,0.793213,0.071533,15.289306,27.57263,-20.89691,1.0075836743427316
17.11,0.587646,0.80957,0.060059,14.030456,27.976988,-18.859863,1.0021668971269206
17.12,0.560547,0.82666,0.050537,12.886046,26.741026,-16.304016,1.0000668393552503
17.13,0.542725,0.842041,0.036133,11.505126,24.513243,-13.328551,1.0024415519096364
17.14,0.536865,0.853271,0.02002,9.689331,21.743773,-10.864257,1.0083135564228023
17.15,0.533691,0.866455,0.009521,7.247924,19.073486,-9.307861,1.0176743093676877
17.16,0.529297,0.874756,0.001221,4.585266,16.273499,-8.323669,1.0224259702227834
17.17,0.529297,0.875244,-0.007813,1.815796,13.298034,-7.614135,1.0228726297609103
17.18,0.522217,0.870361,-0.009277,-0.740051,10.932921,-7.629394,1.0150492244906155
17.19,0.516602,0.864746,-0.010498,-3.059387,8.69751,-8.140564,1.0073596571850594
17.2,0.506592,0.861572,-0.006348,-5.348205,5.981445,-8.850098,0.999490901785504
17.21,0.495605,0.86084,-0.001953,-7.843017,3.700256,-9.971619,0.9933144697597031
17.22,0.492188,0.85498,0.001953,-10.490417,2.151489,-10.734557,0.9865311155523682
17.23,0.492188,0.852295,0.001221,-12.992858,1.930237,-11.100768,0.9842038839640901
17.24,0.489014,0.850342,-0.001221,-15.205382,2.357483,-10.627746,0.9809269595647783
17.25,0.489258,0.84375,-0.003418,-17.105103,2.052307,-9.475708,0.9753456493920502
17.26,0.491943,0.821289,-0.002686,-19.035339,0.75531,-8.239746,0.9573561256742447
17.27,0.49585,0.795654,0.003174,-20.64514,-1.449585,-6.79779,0.9375193781954589
17.28,0.503662,0.779297,0.013672,-21.995543,-4.66156,-5.363464,0.9279903814356052
17.29,0.513428,0.763184,0.029541,-23.262022,-7.850646,-4.234314,0.9202884328953613
17.3,0.522705,0.753662,0.049316,-24.16992,-9.941101,-3.211975,0.9185091154283664
17.31,0.529785,0.752686,0.066162,-24.337767,-11.070251,-2.067566,0.9228140501016442
17.32,0.531982,0.749023,0.080811,-23.887632,-11.131286,-0.87738,0.922263910480075
17.33,0.53418,0.749512,0.084473,-22.827147,-10.765075,0.747681,0.9242576471271416
17.34,0.531982,0.755615,0.086426,-21.415709,-10.688781,2.464294,0.928131633996493
17.35,0.53125,0.762451,0.087158,-20.088194,-11.192321,4.188538,0.9333566343392005
17.36,0.539307,0.764648,0.095459,-19.119263,-12.107848,5.569458,0.9405588896151054
17.37,0.550293,0.757324,0.115479,-18.486023,-13.015746,6.492614,0.943237735815314
17.38,0.55957,0.757324,0.136719,-17.471313,-13.59558,7.110595,0.9514989809963015
17.39,0.568848,0.763428,0.150146,-16.25061,-13.793944,7.5531,0.9638226909572113
17.4,0.579834,0.768066,0.154053,-14.793395,-13.877868,8.033752,0.9746102681179796
17.41,0.593506,0.772217,0.157715,-13.572692,-14.10675,8.216858,0.9866318910059618
17.42,0.612305,0.773438,0.155518,-12.527465,-13.809203,8.132935,0.9986538945966215
17.43,0.624756,0.768066,0.157959,-11.482238,-12.649535,7.797241,1.0025948760955243
17.44,0.638184,0.76001,0.154785,-10.475158,-10.726928,7.369995,1.0044164545550813
17.45,0.645996,0.749512,0.150879,-9.391785,-8.247375,6.721496,1.0009213469603893
17.46,0.646729,0.742188,0.141846,-8.430481,-5.508422,6.149292,0.994596257031465
17.47,0.64209,0.737305,0.131348,-7.911682,-3.341675,6.134033,0.9864839219313206
17.48,0.63916,0.732178,0.121338,-7.835388,-2.410889,6.622314,0.9794554811363301
17.49,0.636963,0.733154,0.119873,-7.8125,-2.723694,7.308959,0.9785735471664866
17.5,0.634766,0.738525,0.120117,-7.995605,-4.005432,8.06427,0.9812110598999586
17.51,0.644531,0.751221,0.130615,-8.163452,-5.676269,9.078979,0.9984054682477456
17.52,0.6604,0.751465,0.153809,-8.110046,-6.17218,9.83429,1.0121684715036328
17.53,0.661621,0.74292,0.169189,-7.141113,-4.264832,9.941101,1.0091072251064306
17.54,0.656494,0.739746,0.168945,-5.554199,-1.091003,9.666443,1.0033697870560983
17.55,0.64209,0.742676,0.150879,-3.921509,1.808166,8.850098,0.993283283719705
17.56,0.613281,0.743896,0.130859,-3.326416,3.64685,7.766723,0.9729434318900559
17.57,0.5896,0.745117,0.109375,-3.097534,3.875732,7.392883,0.9564467545629501
17.58,0.576172,0.747314,0.09082,-3.082275,2.807617,7.720947,0.9479982387008955
17.59,0.577148,0.75293,0.074707,-3.601074,0.63324,8.544922,0.9516220545221722
17.6,0.589844,0.753174,0.074951,-4.722595,-1.998901,9.315491,0.9595856767443958
17.61,0.607422,0.750244,0.089355,-5.851745,-4.142761,9.841919,0.9694389416796707
17.62,0.62207,0.741943,0.107666,-6.607055,-5.088806,9.963989,0.9741881069408516
17.63,0.625,0.738037,0.121582,-6.500244,-5.386352,9.719849,0.9747337052205592
17.64,0.61792,0.731934,0.124268,-6.256103,-5.760192,9.353638,0.9659166851131623
17.65,0.611816,0.7229,0.126709,-6.050109,-6.561279,8.911133,0.9554885653617212
17.66,0.610107,0.716553,0.129639,-5.989074,-7.575988,8.583069,0.949992117640457
17.67,0.609619,0.709473,0.133057,-5.989074,-8.354187,8.422852,0.9448234904673993
17.68,0.615479,0.707764,0.131836,-5.531311,-8.430481,8.598328,0.9471668332627573
17.69,0.62085,0.712158,0.125,-4.928589,-8.201599,9.048462,0.9530208494382482
17.7,0.630859,0.710449,0.122314,-4.66156,-8.18634,9.361267,0.9579569792417612
17.71,0.636475,0.708008,0.118896,-4.53186,-8.110046,9.300232,0.9594331725060375
17.72,0.631836,0.708252,0.108643,-4.03595,-8.422852,9.475708,0.9553224208867915
17.73,0.631592,0.716553,0.09375,-3.189087,-9.544373,9.902954,0.9597633660298772
17.74,0.631348,0.729248,0.083496,-2.746582,-11.222838,9.872437,0.9681810391781075
17.75,0.633301,0.733887,0.075684,-2.6474,-13.572692,9.727478,0.9723108315893637
17.76,0.637939,0.739014,0.06958,-2.914428,-15.830993,9.69696,0.9787488116554727
17.77,0.646729,0.743896,0.063477,-3.417969,-17.478943,9.925842,0.9877595799515183
17.78,0.658691,0.746826,0.065186,-4.447937,-18.913269,9.971619,0.997933926847364
17.79,0.65918,0.74292,0.072266,-5.844116,-19.599915,9.498596,0.9958266784717107
17.8,0.654785,0.738281,0.07959,-7.354736,-20.088194,8.972168,0.9900185853235282
17.81,0.655029,0.737793,0.086182,-8.331299,-20.89691,8.361816,0.9903680320032549
17.82,0.660645,0.735107,0.09375,-9.19342,-21.65222,7.308959,0.9927855659577248
17.83,0.654297,0.729492,0.095215,-10.169982,-21.697996,6.072998,0.9845450921608415
17.84,0.651367,0.729004,0.092529,-10.795592,-21.430967,5.126953,0.9819813728100957
17.85,0.650635,0.730225,0.08252,-11.184691,-21.163939,4.40979,0.9815110820821128
17.86,0.641113,0.732666,0.070068,-11.817931,-21.202085,3.929138,0.97608138541261
17.87,0.63501,0.736816,0.057129,-12.435912,-22.048948,3.944397,0.974371202672267
17.88,0.624512,0.740234,0.050293,-13.21411,-23.941038,4.104614,0.9697891516969036
17.89,0.625488,0.743652,0.035645,-14.137267,-26.283262,4.53949,0.9723806360026921
17.9,0.640137,0.747314,0.023438,-15.174865,-28.19824,4.646301,0.9842778739812248
17.91,0.654297,0.754883,0.020996,-16.593933,-29.243467,4.096985,0.99919654718879
17.92,0.671143,0.763916,0.03125,-17.982483,-29.052732,3.364563,1.0173382642980653
17.93,0.685059,0.766357,0.045654,-18.707275,-28.030394,2.388,1.0289281669028212
17.94,0.689697,0.767334,0.057129,-18.836975,-26.43585,1.12915,1.0333185094664665
17.95,0.694824,0.765869,0.063721,-18.333435,-25.192259,-0.389099,1.036048300986976
17.96,0.696289,0.763184,0.072998,-17.654419,-24.085997,-2.067566,1.0356625403001694
17.97,0.700684,0.762207,0.078369,-17.021179,-23.246763,-3.456115,1.038296334803316
17.98,0.700439,0.759521,0.081787,-16.387939,-22.048948,-4.890442,1.0364246501946006
17.99,0.698975,0.753418,0.087891,-15.930175,-20.683287,-5.973815,1.0314696123638352
18.0,0.70166,0.748779,0.094238,-15.335082,-19.340515,-6.41632,1.0304744281567593
18.01,0.712891,0.733887,0.091797,-14.785766,-18.058777,-7.019042,1.0272440780354979
18.02,0.719971,0.715332,0.091797,-14.091491,-16.677856,-7.759094,1.0190607441531638
18.03,0.720947,0.697021,0.091309,-12.908935,-15.151977,-8.361816,1.0069459691219782
18.04,0.723389,0.681885,0.089111,-11.573791,-13.618468,-8.926392,0.9980979755850624
18.05,0.723145,0.670898,0.090332,-10.154723,-11.619567,-9.506226,0.9905567564016713
18.06,0.720459,0.662354,0.089111,-8.270264,-9.07135,-9.902954,0.9827078723191344
18.07,0.725098,0.654053,0.085205,-6.286621,-6.240844,-9.971619,0.9802103490771764
18.08,0.723389,0.650635,0.086182,-4.425049,-3.234863,-10.375976,0.9767522130356295
18.09,0.70459,0.64209,0.083008,-2.616882,-0.518799,-11.093139,0.956878761528335
18.1,0.691162,0.636475,0.075195,-0.442505,0.694275,-11.512755,0.9425813619491954
18.11,0.685303,0.640625,0.068604,1.937866,0.396728,-11.482238,0.9406099623382691
18.12,0.684814,0.64917,0.060303,4.051208,0.404358,-11.360168,0.9455307267905153
18.13,0.687012,0.652344,0.057373,5.943298,1.617432,-10.528563,0.9491205632631715
18.14,0.688965,0.656006,0.054932,7.781982,3.639221,-9.277344,0.9529082683474837
18.15,0.67627,0.665283,0.051758,9.376526,4.852295,-8.033752,0.9500639312977838
18.16,0.667969,0.675049,0.05127,10.612487,5.027771,-7.095336,0.9510532846596977
18.17,0.659668,0.680176,0.053467,11.619567,4.554749,-5.928039,0.9490310749859564
18.18,0.655029,0.694336,0.057617,12.5885,4.058838,-4.486084,0.9562871903492172
18.19,0.654541,0.711914,0.059814,13.099669,3.807068,-3.501892,0.9689288821544129
18.2,0.640625,0.719727,0.06665,13.183593,4.112244,-2.922058,0.9658413781020153
18.21,0.628906,0.726807,0.072266,12.817382,4.623413,-2.01416,0.963843113188552
18.22,0.625244,0.744873,0.074951,12.626647,4.768372,-0.88501,0.975388895808231
18.23,0.62793,0.763672,0.077637,12.359618,5.104064,-0.038147,0.9917250184668127
18.24,0.63208,0.776367,0.085449,11.985778,6.210327,0.610352,1.0047747890398127
18.25,0.629395,0.779297,0.090576,11.726378,7.67517,1.213074,1.0058060906606205
18.26,0.615479,0.777344,0.090088,11.573791,8.583069,1.525879,0.995587234510869
18.27,0.602539,0.780029,0.084717,11.558532,8.346558,1.533508,0.989280272446085
18.28,0.590332,0.791748,0.081055,11.367797,6.843566,1.243591,0.9909221355651513
18.29,0.580811,0.789307,0.074463,10.734557,5.104064,0.579834,0.9827978919080972
18.3,0.576416,0.791016,0.06958,9.83429,3.890991,0.328064,0.9812253022175896
18.31,0.57666,0.805908,0.065186,9.223938,3.265381,0.663757,0.9931131227911552
18.32,0.587891,0.805908,0.062256,8.613586,3.295898,1.281738,0.999489540656129
18.33,0.597412,0.797119,0.05835,8.003235,3.868103,1.907349,0.9978499488425101
18.34,0.596436,0.781006,0.052979,7.446289,3.974914,2.250671,0.9841306054447244
18.35,0.593506,0.769287,0.054199,7.019042,3.15094,2.655029,0.9731337996421664
18.36,0.593262,0.758301,0.05542,6.744384,1.670837,3.242492,0.9643918206024976
18.37,0.589355,0.748779,0.056641,6.469726,0.518799,4.051208,0.9545771366144278
18.38,0.584961,0.742188,0.058105,6.080627,-0.938415,5.294799,0.9467832855991913
18.39,0.587158,0.741211,0.061768,5.477905,-3.326416,6.660461,0.9476093864610037
18.4,0.590576,0.750488,0.07251,4.646301,-6.507873,7.987976,0.9577421103929805
18.41,0.604736,0.763672,0.089355,4.020691,-9.719849,9.666443,0.9782049219386499
18.42,0.619385,0.770752,0.103516,3.684997,-11.398314,11.436461,0.9941891097698666
18.43,0.628174,0.765381,0.106445,3.410339,-11.283874,12.672423,0.9958620323428341
18.44,0.621582,0.753174,0.107178,3.15094,-10.551452,13.038634,0.9824064233727301
18.45,0.593506,0.743896,0.097168,2.433777,-10.261535,12.657165,0.9565940889823645
18.46,0.57373,0.743164,0.076172,1.274109,-11.535644,12.153625,0.9419453367260757
18.47,0.574463,0.750488,0.056641,0.068665,-13.961791,11.680602,0.9468094736503221
18.48,0.58374,0.759277,0.038086,-1.220703,-15.266418,10.902404,0.958490737422642
18.49,0.600586,0.762695,0.02002,-2.334595,-14.35089,10.94818,0.9709830105727906
18.5,0.608887,0.760254,0.005859,-3.417969,-12.176513,11.360168,0.9740450970904786
18.51,0.620605,0.750977,-0.001221,-4.249573,-10.879516,11.909484,0.9742271354232543
18.52,0.638184,0.737061,-0.002197,-4.508972,-11.543273,12.100219,0.9749577233839424
18.53,0.64917,0.722168,0.007324,-4.501343,-13.526916,11.848449,0.9710828749905953
18.54,0.66333,0.706543,0.023193,-4.104614,-15.808105,12.161254,0.9694058051187852
18.55,0.674805,0.694824,0.042236,-3.479004,-17.822266,13.130187,0.96949783841791
18.56,0.69165,0.685547,0.060547,-2.799988,-19.317627,14.205932,0.9757153021850176
18.57,0.707764,0.672852,0.07666,-2.14386,-19.78302,14.907836,0.9795593137732905
18.58,0.717285,0.653564,0.088867,-1.571655,-19.020081,15.86151,0.9744439527289397
18.59,0.724365,0.640869,0.091797,-0.770569,-17.837524,17.181396,0.9715165554919794
18.6,0.730713,0.636719,0.090576,0.015259,-16.815186,18.630981,0.9734251820792392
18.61,0.732422,0.633545,0.086914,0.75531,-16.113281,19.699097,0.9723041172930412
18.62,0.731934,0.624512,0.079346,1.25885,-15.830993,20.118711,0.9654213620052127
18.63,0.724121,0.616211,0.064209,1.487732,-16.059875,19.882202,0.9529900392149963
18.64,0.715576,0.615723,0.048096,1.625061,-16.525269,19.584656,0.9452391494859912
18.65,0.718018,0.623535,0.030029,1.800537,-16.906738,19.40918,0.9514449460636175
18.66,0.724609,0.637451,0.008545,1.831055,-16.624451,18.959045,0.9651295235910048
18.67,0.732666,0.649414,-0.002441,1.602173,-15.556334,18.325806,0.9790525876749421
18.68,0.744873,0.651367,-0.015869,1.571655,-13.71765,17.593384,0.9896295165257553
18.69,0.749756,0.649658,-0.018311,1.861572,-11.230468,16.601563,0.9922322657629109
18.7,0.742676,0.648193,-0.019531,2.746582,-9.056091,15.472411,0.9859529736179105
18.71,0.737793,0.6521,-0.020996,4.112244,-7.667541,14.678954,0.9848927621142314
18.72,0.733398,0.657471,-0.015625,5.737304,-6.851196,13.946532,0.9850811554740047
18.73,0.727783,0.657471,-0.015381,7.514953,-7.232666,12.886046,0.9809040656919513
18.74,0.732422,0.657227,-0.013428,9.109497,-8.361816,11.71112,0.9841593503071543
18.75,0.737061,0.665527,-0.008789,10.231017,-9.124756,10.841369,0.9931074221709352
18.76,0.736816,0.669678,-0.004395,10.841369,-8.781433,10.177611,0.9956835629681752
18.77,0.736816,0.664551,0.0,11.07788,-7.766723,9.597778,0.9922327597176984
18.78,0.737305,0.664795,-0.003174,11.398314,-6.683349,9.483337,0.9927643876197413
18.79,0.73999,0.678467,-0.006104,11.222838,-5.66864,9.57489,1.0039621153235814
18.8,0.737793,0.686523,-0.013672,10.650634,-5.058288,9.346008,1.0078885176258334
18.81,0.741455,0.684082,-0.018799,9.57489,-4.615784,8.972168,1.0089980684570212
18.82,0.74585,0.682129,-0.023438,8.476257,-4.554749,8.628845,1.0110101557279234
18.83,0.746826,0.681152,-0.02417,7.568359,-4.623413,7.949829,1.011089170291127
18.84,0.748047,0.677979,-0.020508,6.858825,-4.53186,7.331848,1.0097774094888439
18.85,0.745361,0.669434,-0.018311,6.332397,-4.173279,6.843566,1.0020180604150806
18.86,0.739502,0.662842,-0.019043,6.04248,-3.684997,6.645202,0.9932700341885886
18.87,0.739014,0.652832,-0.016846,5.981445,-3.707886,6.67572,0.9862125025246841
18.88,0.744873,0.643555,-0.016846,6.065368,-4.043579,6.340026,0.9845215141732556
18.89,0.747559,0.634766,-0.023682,6.16455,-4.379272,5.79071,0.9809858155758421
18.9,0.742676,0.633057,-0.03418,6.309509,-4.53949,5.187988,0.9764717500393956
18.91,0.740967,0.633057,-0.048096,6.17218,-4.371643,4.844666,0.975759440412441
18.92,0.730225,0.63501,-0.058594,5.607605,-4.402161,4.570007,0.9694841450797429
18.93,0.721191,0.640137,-0.05957,4.898071,-4.577637,4.53186,0.9661472052177142
18.94,0.724121,0.643066,-0.059814,4.043579,-4.837036,4.66156,0.9702900687902561
18.95,0.731689,0.641113,-0.05542,3.547668,-5.294799,4.608154,0.9744054843287778
18.96,0.731445,0.638672,-0.046875,2.952575,-5.714416,4.547119,0.972168183615366
18.97,0.730713,0.632813,-0.038086,2.433777,-5.821228,4.570007,0.9673904716989928
18.98,0.735107,0.631836,-0.033936,2.182007,-6.179809,4.928589,0.9699230301632186
18.99,0.746338,0.636963,-0.026855,2.090454,-6.286621,5.332946,0.9815617477459072
19.0,0.757568,0.638184,-0.021729,2.02179,-5.630493,5.584716,0.9907876876107211
19.01,0.761719,0.639404,-0.022461,2.098083,-4.646301,5.638122,0.9947652017928653
19.02,0.766113,0.642822,-0.02124,2.098083,-3.944397,5.508422,1.0003001499814943
19.03,0.762451,0.638672,-0.022461,1.922607,-3.280639,4.997253,0.9948557420581137
19.04,0.758301,0.637451,-0.024658,1.625061,-2.76947,4.78363,0.9909451049205501
19.05,0.76001,0.641357,-0.028564,1.12915,-2.182007,4.554749,0.9948718026183071
19.06,0.759277,0.63916,-0.03125,0.259399,-1.152039,3.982544,0.9929771552402401
19.07,0.752197,0.638916,-0.033447,-0.740051,0.007629,3.65448,0.9874880676109459
19.08,0.74585,0.644775,-0.033936,-1.541138,0.770569,3.387451,0.9864981881488682
19.09,0.744385,0.64917,-0.028809,-2.250671,0.839233,3.196716,0.9881096475624556
19.1,0.751709,0.650635,-0.02124,-2.761841,0.488281,3.097534,0.9944060848094203
19.11,0.759033,0.645264,-0.015625,-3.349304,0.221252,2.944946,0.9963638218090819
19.12,0.759277,0.640137,-0.011475,-3.585815,0.602722,2.426147,0.9931810595873242
19.13,0.748047,0.633545,-0.013428,-3.639221,1.121521,2.029419,0.9803743634030829
19.14,0.735107,0.633057,-0.017822,-3.723144,1.426697,1.724243,0.9702891787410596
19.15,0.72998,0.634521,-0.022949,-4.02832,0.854492,1.342773,0.9674783493401803
19.16,0.724121,0.630859,-0.026611,-4.425049,-0.198364,0.87738,0.9607509801415766
19.17,0.726563,0.62793,-0.029785,-4.646301,-0.961304,0.854492,0.9607689754014749
19.18,0.739014,0.624512,-0.032959,-4.898071,-1.625061,1.197815,0.9681132299586656
19.19,0.74292,0.626465,-0.033203,-5.027771,-1.411438,1.426697,0.9723635954898765
19.2,0.741943,0.626221,-0.032227,-5.149841,-1.281738,1.533508,0.9714271643406931
19.21,0.747803,0.621094,-0.023926,-5.119323,-1.945495,1.663208,0.9723885731131358
19.22,0.746094,0.61499,-0.019287,-4.91333,-2.059937,1.647949,0.967078562116336
19.23,0.745117,0.61084,-0.014893,-4.371643,-2.342224,1.701355,0.9636112549871967
19.24,0.744873,0.60791,-0.009521,-4.074097,-2.662658,1.876831,0.9614993518822569
19.25,0.745361,0.608643,-0.005127,-3.463745,-2.27356,2.14386,0.9623074393867066
19.26,0.751465,0.608887,-0.002197,-2.868652,-2.044678,2.471924,0.9671855312208718
19.27,0.752441,0.613281,-0.004639,-2.204895,-1.777649,2.571106,0.9707227017861486
19.28,0.75293,0.614746,-0.003418,-1.907349,-1.327515,2.792358,0.9720225882869183
19.29,0.752686,0.612061,-0.001465,-1.754761,-0.564575,3.097534,0.9701324798923082
19.3,0.748779,0.61377,-0.000977,-1.251221,-0.190735,3.318786,0.9681862208635279
19.31,0.746338,0.618652,-0.003418,-0.801086,-0.595093,3.52478,0.9694134257745762
19.32,0.743164,0.619141,-0.007813,-0.488281,-1.25885,3.65448,0.9673103699154683
19.33,0.744141,0.621338,-0.003174,-0.350952,-1.647949,3.662109,0.9694414950893118
19.34,0.747559,0.625,0.0,-0.053406,-1.686096,3.746032,0.9744072344153649
19.35,0.74292,0.626953,0.001709,0.144958,-1.289368,3.639221,0.9721127050347609
19.36,0.738525,0.625977,0.001953,0.350952,-1.075745,3.501892,0.968127158157956
19.37,0.740967,0.626465,0.000977,0.328064,-1.38855,3.433227,0.9703048210964429
19.38,0.738037,0.628906,0.000977,0.228882,-1.571655,3.135681,0.969650619931736
19.39,0.735352,0.629395,-0.005371,0.137329,-1.777649,2.944946,0.9679408440447175
19.4,0.73584,0.626953,-0.00708,-0.1297,-2.296448,2.861023,0.9667371391484865
19.41,0.736816,0.622559,-0.007813,-0.190735,-2.456665,2.708435,0.964644270861544
19.42,0.741211,0.623291,-0.009033,-0.091553,-2.372742,2.746582,0.9684869706356405
19.43,0.746094,0.62207,-0.016113,0.083923,-2.433777,2.616882,0.9715384554946861
19.44,0.747559,0.618896,-0.01416,0.389099,-2.502441,2.532959,0.9706066262379419
19.45,0.747803,0.619141,-0.010986,0.701904,-2.655029,2.525329,0.9709096749368604
19.46,0.748291,0.613281,-0.005371,1.144409,-2.723694,2.548218,0.9675132315803231
19.47,0.743408,0.610107,-0.00415,1.708984,-2.685547,2.662658,0.9617188926151965
19.48,0.741699,0.608887,-0.005127,2.311707,-2.944946,2.89154,0.9596286112340544
19.49,0.743164,0.611816,-0.006836,2.63977,-3.044128,3.257751,0.9626309155891474
19.5,0.739258,0.611084,-0.009521,2.746582,-2.975464,3.517151,0.9591750075252169
19.51,0.742432,0.619141,-0.01123,2.700805,-3.135681,3.845215,0.966781756863978
19.52,0.743408,0.62207,-0.013184,2.677917,-3.479004,4.173279,0.9694330081135055
19.53,0.740479,0.625244,-0.012207,2.571106,-3.829956,4.249573,0.9692204185973384
19.54,0.746094,0.626221,-0.012207,2.296448,-4.455566,4.478455,0.9741447574801191
19.55,0.751221,0.630371,-0.011963,2.075195,-4.692078,4.478455,0.9807363059716918
19.56,0.752441,0.627686,-0.008545,1.777649,-4.371643,4.463196,0.9799133584669616
19.57,0.75293,0.624512,-0.009521,1.564026,-4.089355,4.524231,0.9782686095776558
19.58,0.751465,0.621826,-0.008545,1.525879,-3.761291,4.53186,0.9754179809322772
19.59,0.75,0.620605,-0.010254,1.464844,-3.684997,4.470825,0.973527457517763
19.6,0.747314,0.619873,-0.012939,1.548767,-3.784179,4.432678,0.9710242882884033
19.61,0.750244,0.620361,-0.017578,1.792908,-4.043579,4.440308,0.9736646321711598
19.62,0.758545,0.617676,-0.022217,1.922607,-4.264832,4.417419,0.9784721524346005
19.63,0.762451,0.614258,-0.022705,1.899719,-4.203796,4.318237,0.9793671094079074
19.64,0.764648,0.611572,-0.023193,1.686096,-4.15802,4.425049,0.9794104299715212
19.65,0.762207,0.607666,-0.019287,1.541138,-4.257202,4.470825,0.9749817776625367
19.66,0.757568,0.599609,-0.018799,1.502991,-4.379272,4.432678,0.9663299798236625
19.67,0.751221,0.595215,-0.017334,1.556396,-4.608154,4.577637,0.958600205832442
19.68,0.748047,0.593506,-0.016846,1.548767,-5.004883,4.730225,0.9550431791081491
19.69,0.749268,0.593018,-0.01709,1.518249,-5.302429,4.837036,0.9557012881899868
19.7,0.751953,0.595947,-0.017578,1.609802,-5.607605,4.966736,0.9596328084752
19.71,0.757568,0.597656,-0.018799,1.647949,-5.348205,5.088806,0.9651193560182078
19.72,0.757813,0.597656,-0.02124,1.655578,-4.890442,5.432128,0.9653623024051643
19.73,0.75708,0.598389,-0.022461,1.571655,-4.745483,5.821228,0.9652688839085201
19.74,0.757324,0.598633,-0.022949,1.525879,-5.149841,6.233215,0.9656229938573335
19.75,0.756836,0.601318,-0.0271,1.533508,-5.577087,6.79779,0.9670152418757421
19.76,0.755859,0.608643,-0.033447,1.541138,-5.966186,7.644653,0.971024114602207
19.77,0.754395,0.610596,-0.036621,1.213074,-6.91986,8.354187,0.9712262295068024
19.78,0.756592,0.607666,-0.029297,0.701904,-7.919311,8.81958,0.9708489770448336
19.79,0.763428,0.608154,-0.022461,-0.015259,-8.460999,9.506226,0.9763084017978131
19.8,0.771729,0.605957,-0.015137,-0.434875,-8.323669,10.101317,0.9813147629884104
19.81,0.783936,0.606689,-0.014404,-0.274658,-7.843017,10.559081,0.9913801844060632
19.82,0.792725,0.602051,-0.012939,0.022888,-7.17163,10.375976,0.9955128075253478
19.83,0.788086,0.591064,-0.013916,0.534058,-6.362915,9.780884,0.9852054864585357
19.84,0.779053,0.584229,-0.020508,1.029968,-5.706787,9.277344,0.97399572859125
19.85,0.77832,0.580566,-0.022461,1.403808,-5.500793,8.926392,0.9712586675427921
19.86,0.779785,0.577393,-0.033203,1.663208,-5.439758,8.468628,0.9708500202827417
19.87,0.782227,0.580811,-0.039551,1.76239,-5.187988,7.873535,0.975081934429615
19.88,0.781738,0.584229,-0.042969,1.838684,-4.753113,7.4234,0.9768746900426891
19.89,0.787598,0.586426,-0.049805,2.098083,-4.257202,6.965637,0.9832022178092359
19.9,0.794922,0.584961,-0.051514,2.5177,-3.913879,6.103515,0.9882985630875925
19.91,0.794434,0.576904,-0.051758,2.693176,-3.39508,5.081176,0.9831696171749815
19.92,0.789795,0.571777,-0.057373,3.036499,-2.784729,4.142761,0.976727567381509
19.93,0.791748,0.568115,-0.062744,3.189087,-2.479553,3.448486,0.9765021035640424
19.94,0.793457,0.560547,-0.063721,3.196716,-2.288818,2.63977,0.9735745045444648
19.95,0.789307,0.555176,-0.06543,3.036499,-1.89209,1.930237,0.9672161165556538
19.96,0.789307,0.556152,-0.067871,2.975464,-1.693725,1.502991,0.9679447608174756
19.97,0.793701,0.557373,-0.071777,3.013611,-1.869202,1.220703,0.9725111188356665
19.98,0.795166,0.55835,-0.068604,2.983093,-2.128601,0.999451,0.9740380890252701
19.99,0.801025,0.553467,-0.065674,3.112793,-2.334595,1.068115,0.975848269450738
20.0,0.807861,0.550049,-0.062256,3.349304,-2.349854,1.068115,0.9793207376840338
20.01,0.809814,0.545898,-0.057617,3.608703,-1.731872,0.953674,0.978326663077829
20.02,0.806152,0.545898,-0.062988,4.226685,-0.946045,1.190186,0.975629623193146
20.03,0.801758,0.549072,-0.067139,4.608154,-0.297546,1.350403,0.974065499373117
20.04,0.792969,0.549561,-0.070068,4.508972,0.038147,1.441955,0.967329650277505
20.05,0.785645,0.549561,-0.075684,4.486084,0.404358,1.693725,0.9617605869456286
20.06,0.786621,0.554443,-0.077637,4.463196,0.297546,2.174377,0.9655087475828481
20.07,0.785645,0.55957,-0.076416,4.043579,-0.061035,2.410889,0.9675722484553803
20.08,0.784912,0.561768,-0.071533,3.608703,-0.434875,2.578735,0.9678776284515519
20.09,0.784912,0.563721,-0.062744,3.265381,-0.679016,2.807617,0.9684033370042671
20.1,0.786865,0.566162,-0.052979,2.998352,-0.892639,2.716064,0.9708257891661098
20.11,0.78418,0.568848,-0.047607,3.036499,-0.892639,2.578735,0.9699447128331594
20.12,0.787842,0.575684,-0.042236,3.051758,-0.770569,2.464294,0.97667341753321
20.13,0.790527,0.580811,-0.041992,3.166198,-0.282288,2.113342,0.9818542068525246
20.14,0.786377,0.583008,-0.043945,3.036499,0.411987,1.823425,0.9799072799086656
20.15,0.785156,0.5896,-0.051758,2.838135,0.617981,1.525879,0.9832481858106833
20.16,0.786133,0.593018,-0.05249,2.548218,0.488281,1.228333,0.9861189796941341
20.17,0.789307,0.593994,-0.055664,2.151489,0.274658,0.808716,0.9894103765278591
20.18,0.797363,0.594727,-0.053223,1.609802,0.015259,0.320435,0.9961529230128274
20.19,0.800049,0.592773,-0.04834,1.205444,0.343323,-0.297546,0.9968926660027146
20.2,0.798828,0.58667,-0.047119,0.778198,1.106262,-0.930786,0.9922338749735367
20.21,0.79541,0.580566,-0.04541,0.511169,1.823425,-1.373291,0.985797147772299
20.22,0.790527,0.576416,-0.046631,0.205994,2.182007,-1.792908,0.97947066977322
20.23,0.785889,0.57666,-0.051514,-0.37384,2.388,-2.037048,0.9761208778204674
20.24,0.786865,0.577637,-0.056885,-0.938415,2.27356,-2.166748,0.977781639845523
20.25,0.785889,0.572266,-0.056396,-1.518249,2.197266,-2.227783,0.9738020352684625
20.26,0.786377,0.569336,-0.052246,-1.914978,1.88446,-2.120972,0.9722458081889579
20.27,0.791748,0.565918,-0.047852,-2.159119,1.449585,-1.861572,0.9743807736875764
20.28,0.79126,0.561768,-0.04248,-2.235413,1.426697,-1.846313,0.971329101707552
20.29,0.788818,0.558838,-0.034668,-2.235413,1.63269,-1.861572,0.967334284305069
20.3,0.787598,0.555908,-0.032959,-2.006531,1.541138,-1.480102,0.9645883110161557
20.31,0.783691,0.556396,-0.03418,-1.815796,1.686096,-1.266479,0.9617257221770664
20.32,0.780029,0.559326,-0.036377,-1.602173,1.708984,-1.152039,0.9605280325144082
20.33,0.781006,0.563721,-0.036865,-1.472473,1.434326,-0.854492,0.9639039195386644
20.34,0.779053,0.569336,-0.039795,-1.495361,1.174927,-0.816345,0.9657384220015273
20.35,0.7771,0.570801,-0.037354,-1.647949,0.923157,-0.526428,0.9649318695726657
20.36,0.778809,0.568359,-0.035645,-1.686096,0.701904,-0.205994,0.9648035952394663
20.37,0.779541,0.569336,-0.033691,-1.754761,0.579834,0.030518,0.9658999612061283
20.38,0.779541,0.570068,-0.033203,-1.64032,0.473022,0.091553,0.9663147181503551
20.39,0.781006,0.568359,-0.028076,-1.548767,0.38147,0.083923,0.9663284051982535
20.4,0.780273,0.570068,-0.028564,-1.411438,0.587463,0.1297,0.9667571469862533
20.41,0.780029,0.574463,-0.032471,-1.25885,0.640869,0.205994,0.9692818707945589
20.42,0.783203,0.575439,-0.034424,-1.312256,0.526428,0.083923,0.9724823873500229
20.43,0.783447,0.573975,-0.033691,-1.38855,0.511169,-0.114441,0.9717878296804298
20.44,0.78125,0.571777,-0.030762,-1.51062,0.701904,-0.114441,0.9686210821951998
20.45,0.786377,0.571045,-0.029297,-1.579285,1.098633,-0.061035,0.9722857051109
20.46,0.79126,0.568848,-0.028564,-1.426697,1.319885,0.0,0.9749340166390749
20.47,0.79248,0.568604,-0.026855,-1.022339,1.403808,-0.190735,0.9757336984244215
20.48,0.790283,0.565674,-0.029053,-0.686645,1.670837,-0.518799,0.9723056984169125
20.49,0.784912,0.565918,-0.031006,-0.25177,1.647949,-0.541687,0.9681484403251395
20.5,0.783447,0.570557,-0.036865,0.038147,1.38092,-0.343323,0.9698884060978356
20.51,0.78418,0.571045,-0.039551,0.083923,1.251221,-0.305176,0.9708732904071468
20.52,0.784424,0.573975,-0.037842,0.038147,1.052856,-0.350952,0.9727282916441775
20.53,0.789307,0.574463,-0.038574,-0.1297,0.732422,-0.434875,0.9769857890952149
20.54,0.792236,0.573486,-0.037109,-0.244141,0.694275,-0.785828,0.9787242460330694
20.55,0.787842,0.569824,-0.027588,-0.457764,1.075745,-1.159668,0.9727052511855788
20.56,0.781006,0.570068,-0.02417,-0.663757,1.274109,-1.38855,0.9672290760517903
20.57,0.779053,0.571533,-0.02417,-0.434875,1.266479,-1.502991,0.9665183577139133
20.58,0.775391,0.570068,-0.021973,-0.465393,1.190186,-1.38855,0.9626481913108237
20.59,0.7771,0.569336,-0.021484,-0.427246,1.083374,-1.174927,0.9635815757640865
20.6,0.782715,0.572754,-0.020264,-0.526428,0.724792,-1.00708,0.9701033684288495
20.61,0.784668,0.568848,-0.018555,-0.549316,0.785828,-0.953674,0.9693483405633911
20.62,0.786621,0.567871,-0.02002,-0.450134,0.946045,-1.029968,0.9703869695549296
20.63,0.782959,0.573975,-0.022461,-0.37384,0.816345,-0.976562,0.971069818719025
20.64,0.782227,0.575684,-0.021973,-0.335693,0.740051,-0.991821,0.9714802932195794
20.65,0.781494,0.572266,-0.021973,-0.335693,0.663757,-1.068115,0.9688674107023107
20.66,0.781006,0.571289,-0.023193,-0.358582,0.602722,-1.098633,0.9679253115845251
20.67,0.782715,0.574463,-0.02124,-0.473022,0.717163,-0.999451,0.97113420658218
20.68,0.7854,0.576172,-0.019775,-0.526428,0.587463,-0.991821,0.9742783915334468
20.69,0.783691,0.574707,-0.019043,-0.846863,0.50354,-1.235962,0.97201972983011
20.7,0.787354,0.569336,-0.009766,-1.060486,0.511169,-1.289368,0.9716816232532135
20.71,0.787109,0.566895,0.00293,-1.045227,0.686645,-1.464844,0.9700098472726965
20.72,0.785645,0.566895,0.010986,-0.579834,1.25885,-1.815796,0.9688801263551649
20.73,0.782959,0.570557,0.004395,0.076294,2.197266,-1.960754,0.9688030769743663
20.74,0.775391,0.577881,-0.006592,0.274658,3.005981,-2.120972,0.9670683055017366
20.75,0.771729,0.583496,-0.018066,-0.091553,3.448486,-2.052307,0.9676567634306081
20.76,0.772705,0.583984,-0.017334,-0.442505,3.334045,-1.747131,0.9687160558373128
20.77,0.779053,0.579346,-0.018311,-0.930786,2.975464,-1.556396,0.9710307190022364
20.78,0.785156,0.578613,-0.015137,-1.518249,2.761841,-1.480102,0.9754445534596009
20.79,0.791016,0.577393,-0.01123,-2.342224,2.708435,-1.296997,0.9793952734238612
20.8,0.798584,0.570557,-0.006592,-3.105163,3.173828,-0.953674,0.981486194385331
20.81,0.798828,0.566406,-0.005127,-4.02832,4.348755,-0.686645,0.9792692257745057
20.82,0.791992,0.556396,0.0,-5.226135,5.378723,-0.602722,0.9678986707708612
20.83,0.788086,0.55249,0.003662,-6.248474,5.630493,-0.404358,0.9624646246693953
20.84,0.79126,0.551758,0.01123,-7.43103,5.523681,0.045776,0.9647048206907645
20.85,0.800293,0.550537,0.017578,-8.575439,5.744934,0.343323,0.9715291350762467
20.86,0.807129,0.546631,0.029785,-9.712219,6.538391,0.579834,0.9752691008265358
20.87,0.81543,0.543945,0.041748,-10.604857,8.041382,1.106262,0.9810938504694645
20.88,0.824951,0.547852,0.054199,-10.437011,9.979248,1.51062,0.9917779478824885
20.89,0.823975,0.551025,0.069092,-9.231567,12.306212,1.327515,0.9936483561673114
20.9,0.821045,0.55127,0.072998,-7.369995,14.572143,1.228333,0.9916361292979397
20.91,0.820068,0.551514,0.071045,-5.584716,16.731262,1.235962,0.9908211790454421
20.92,0.813477,0.550293,0.062988,-4.150391,19.195557,1.403808,0.9841416074539274
20.93,0.810547,0.55127,0.064697,-3.082275,21.850584,1.609802,0.9823801473553911
20.94,0.813721,0.552734,0.075439,-2.159119,24.894712,1.770019,0.9865838957321369
20.95,0.814453,0.548828,0.089355,-0.999451,28.083799,1.472473,0.9861694473152167
20.96,0.820313,0.54248,0.10498,0.465393,31.173704,0.976562,0.9890494268584356
20.97,0.818359,0.535889,0.115723,1.89209,34.576416,0.556946,0.985028063524588
20.98,0.807373,0.540771,0.10791,3.448486,37.834167,0.564575,0.9777162183732047
20.99,0.788086,0.55835,0.086182,4.745483,39.283752,1.029968,0.9696708735545272
21.0,0.790527,0.567139,0.071533,5.218505,38.009644,1.617432,0.9755493596630567
21.01,0.790771,0.573486,0.075684,5.424499,36.727905,2.235413,0.9797617233251155
21.02,0.804443,0.588135,0.046875,5.554199,37.269592,3.303528,0.9976114394387225
21.03,0.798584,0.598877,0.03125,5.15747,36.872864,4.089355,0.9986824463687143
21.04,0.780518,0.601318,0.025879,4.081726,35.888672,4.096985,0.9856274184949403
21.05,0.769043,0.61084,0.005371,3.364563,32.470703,4.043579,0.982131095674096
21.06,0.762695,0.615723,-0.01001,2.6474,26.481627,3.456115,0.9802645948181542
21.07,0.76416,0.608643,-0.009277,1.602173,20.843504,2.76947,0.9769712737731852
21.08,0.769043,0.606201,-0.002441,0.526428,17.059326,2.555847,0.9792409033179732
21.09,0.767334,0.605469,-0.003418,-0.640869,16.326904,2.693176,0.977448648390799
21.1,0.762939,0.608887,-0.002686,-1.670837,16.517639,2.334595,0.9761283271609322
21.11,0.755127,0.615234,0.000488,-2.410889,15.312194,0.930786,0.9740276685130663
21.12,0.753174,0.608887,0.009033,-3.52478,13.71765,-0.419617,0.9685535855769674
21.13,0.743164,0.602295,0.014893,-4.074097,11.58142,-1.571655,0.9566994300040113
21.14,0.719727,0.597412,0.00415,-4.714966,8.682251,-2.235413,0.9353744035267376
21.15,0.708008,0.584961,0.011475,-5.699157,4.257202,-2.258301,0.9184695831708309
21.16,0.716064,0.593994,0.018555,-7.148742,-0.831604,-2.571106,0.930548661896303
21.17,0.722656,0.612793,0.025146,-9.57489,-4.150391,-2.89154,0.9478287168581673
21.18,0.724609,0.615234,0.032715,-13.336181,-5.485534,-2.983093,0.9511263579893051
21.19,0.722656,0.610352,0.044922,-17.974854,-5.767822,-2.662658,0.9469842893754891
21.2,0.723389,0.601807,0.074951,-23.254393,-6.41632,-2.105713,0.9439708485811412
21.21,0.72583,0.600342,0.116455,-28.053282,-7.415771,-1.464844,0.9491056173519362
21.22,0.735596,0.5979,0.143799,-31.188963,-7.56073,-1.106262,0.9587825809937308
21.23,0.746582,0.59082,0.167236,-33.729553,-7.888793,-0.694275,0.9666544547148168
21.24,0.769287,0.583252,0.181641,-35.03418,-8.422852,-0.320435,0.9823333633517698
21.25,0.795166,0.587891,0.186768,-35.812378,-8.117676,-0.564575,1.00637323159005
21.26,0.817139,0.577393,0.207031,-36.16333,-8.178711,-1.274109,1.021743929138314
21.27,0.83374,0.571777,0.220947,-35.15625,-7.896423,-1.63269,1.034827957748533
21.28,0.856934,0.570557,0.222656,-33.462524,-7.400512,-2.502441,1.0533028362921082
21.29,0.865967,0.56665,0.225342,-31.623838,-6.851196,-4.570007,1.0591364806071972
21.3,0.858398,0.564453,0.227783,-29.617308,-4.562378,-6.439209,1.0523019579483828
21.31,0.838623,0.55542,0.227051,-28.274534,0.213623,-6.332397,1.0311799402286683
21.32,0.843506,0.552246,0.21875,-27.389524,5.111694,-5.531311,1.0316635008819495
21.33,0.857666,0.550537,0.215088,-27.458189,8.972168,-5.332946,1.0416068373762721
21.34,0.854248,0.5625,0.17749,-27.328489,12.611388,-6.42395,1.038098548117663
21.35,0.843994,0.552979,0.171143,-27.06146,14.533996,-6.454467,1.023426388621087
21.36,0.854736,0.555908,0.178467,-25.131224,13.870238,-6.072998,1.0351124597110208
21.37,0.851074,0.548096,0.178467,-23.170469,14.968871,-7.095336,1.0279040075712322
21.38,0.837158,0.537598,0.170654,-21.64459,16.75415,-7.446289,1.0094394059496588
21.39,0.815674,0.542236,0.153564,-19.638062,16.76178,-7.759094,0.9914261727773783
21.4,0.846924,0.566406,0.144287,-18.737793,14.389037,-8.31604,1.0290358385309035
21.41,0.842041,0.571533,0.14917,-18.592834,15.2359,-9.57489,1.0285595289870197
21.42,0.806885,0.568848,0.170166,-17.379761,18.249512,-11.375426,1.0018023347372473
21.43,0.8125,0.560547,0.201904,-16.395569,19.439697,-11.253356,1.0075387905311637
21.44,0.802002,0.527344,0.21875,-15.205382,23.117064,-10.841369,0.9844543995736929
21.45,0.830811,0.538086,0.227783,-11.45935,24.269102,-11.779784,1.0157108625027105
21.46,0.845459,0.533691,0.24585,-8.201599,24.917601,-14.015197,1.0295966329888613
21.47,0.820557,0.537842,0.274658,-3.875732,28.877256,-16.38031,1.0188350328571354
21.48,0.841064,0.529541,0.279297,-0.396728,34.606934,-14.587401,1.0323803257453137
21.49,0.84375,0.534668,0.263916,4.40979,37.002563,-15.312194,1.0331677442603402
21.5,0.848389,0.539063,0.266846,7.446289,37.742615,-18.234253,1.0399805772253634
21.51,0.813965,0.552979,0.26001,9.19342,41.015621,-19.462585,1.0178064628238515
21.52,0.769775,0.572021,0.255859,10.887145,44.113155,-18.844604,0.9925852119324567
21.53,0.772949,0.598633,0.250732,12.382506,43.67828,-18.157959,1.0092958739210223
21.54,0.796143,0.622803,0.240479,12.504577,44.441219,-19.210815,1.039017517994283
21.55,0.807617,0.627686,0.236328,10.780334,50.125118,-20.309446,1.049802770461671
21.56,0.845215,0.652832,0.256104,8.476257,57.510372,-20.423887,1.0982564706228688
21.57,0.942627,0.680664,0.310547,1.930237,71.334839,-18.714905,1.2034486201055699
21.58,0.805908,0.632324,0.323486,-2.89917,97.732536,-17.219543,1.0742274143010873
21.59,0.682373,0.655518,0.341797,1.739502,101.615898,-22.499083,1.0060625967910746
21.6,0.662598,0.652344,0.355713,1.266479,85.914604,-25.604246,0.9955503715578635
21.61,0.658203,0.693604,0.35791,2.14386,72.8302,-26.992796,1.0209883770763506
21.62,0.655273,0.715576,0.348877,2.929687,63.972469,-28.366087,1.0310901403049104
21.63,0.673584,0.70874,0.332275,3.051758,57.601925,-27.8244,1.032683140310231
21.64,0.700684,0.709229,0.328369,4.325867,53.50494,-27.877806,1.0496618705364122
21.65,0.699707,0.715576,0.333496,5.210876,53.932186,-29.327391,1.0549210774465547
21.66,0.672119,0.727539,0.341309,6.095886,57.624813,-30.494688,1.0476396232307177
21.67,0.635254,0.745361,0.354736,7.995605,60.661312,-31.166075,1.0416085130858905
21.68,0.60376,0.766357,0.374023,11.428832,61.18774,-32.287598,1.0448552022065065
21.69,0.594482,0.78125,0.390137,16.174316,60.363766,-33.172607,1.0563935297004616
21.7,0.597168,0.796875,0.383057,21.507261,60.676571,-34.866333,1.066935823326783
21.71,0.570557,0.790039,0.355713,26.077269,62.553402,-37.155151,1.0374144061747936
21.72,0.525879,0.780762,0.317139,32.196045,61.233517,-38.490295,0.9933353756944329
21.73,0.522705,0.779785,0.280762,37.757874,54.38232,-39.520264,0.9798532869230985
21.74,0.534424,0.769043,0.244629,40.824886,47.660824,-40.710445,0.9679253562470611
21.75,0.536621,0.743896,0.218506,42.533871,43.586727,-41.755672,0.9429147514452194
21.76,0.532715,0.727783,0.191162,43.29681,39.344788,-41.809078,0.921952426407133
21.77,0.530762,0.720947,0.170654,44.593807,34.53064,-41.450497,0.9113702130138992
21.78,0.507324,0.699463,0.168457,45.333858,29.792784,-40.863033,0.8803430525618976
21.79,0.475342,0.687744,0.165039,46.82922,23.590086,-38.894653,0.8521617792537988
21.8,0.445068,0.682373,0.162354,49.934383,14.541625,-37.04071,0.8307088882809669
21.81,0.433105,0.649902,0.161377,52.551266,5.043029,-35.15625,0.7974930010714828
21.82,0.429443,0.591309,0.138916,54.611202,-0.312805,-31.593321,0.7438852591535874
21.83,0.426025,0.615967,0.105957,58.593746,-5.378723,-25.245665,0.7563990557655397
21.84,0.434326,0.647461,0.073242,61.332699,-13.984679,-18.981934,0.7830767595587292
21.85,0.445801,0.615723,0.046631,61.302181,-25.856016,-14.144897,0.7615955583451102
21.86,0.466797,0.600098,0.049561,60.371395,-37.261963,-10.078429,0.7618880111499328
21.87,0.485107,0.605713,0.093994,56.78558,-45.867916,-7.942199,0.7816980950814706
21.88,0.486816,0.629883,0.154541,52.200314,-50.331112,-7.102966,0.8109410164901021
21.89,0.484619,0.666504,0.215332,48.728939,-50.559994,-5.714416,0.8517341295269316
21.9,0.480469,0.679932,0.254883,46.012875,-47.447201,-3.707886,0.8707027783773289
21.91,0.468018,0.680664,0.278564,44.464108,-42.137142,-0.999451,0.87174665546591
21.92,0.455322,0.68335,0.287109,44.380184,-38.139343,2.540588,0.8698947775823235
21.93,0.454346,0.687988,0.286377,45.082088,-37.719727,5.943298,0.8727941120270003
21.94,0.467041,0.69751,0.284912,45.219418,-40.885921,8.384705,0.8864662111581015
21.95,0.493896,0.714111,0.277588,45.455929,-45.196529,9.941101,0.9115606819521124
21.96,0.529053,0.737549,0.265869,46.401974,-47.866817,11.413573,0.945812840561493
21.97,0.557617,0.750977,0.260498,47.103878,-48.126217,12.641906,0.9709595157482108
21.98,0.584961,0.752686,0.254639,47.416683,-45.684811,13.999938,0.9866897214616152
21.99,0.596191,0.75415,0.234863,47.546383,-41.496273,15.060424,0.9896194014619963
22.0,0.585693,0.755127,0.231445,47.20306,-37.994385,15.472411,0.9832699855090666
22.01,0.578125,0.758545,0.224121,46.966549,-36.193848,16.143799,0.9797189675059884
22.02,0.580078,0.766602,0.211426,46.470638,-36.018372,16.921997,0.9843119759324277
22.03,0.585205,0.776855,0.198486,45.677181,-36.987305,17.051697,0.9926556680168607
22.04,0.594482,0.77417,0.185547,44.136044,-38.192749,16.311646,0.9935671725822064
22.05,0.60498,0.760986,0.177979,41.862484,-39.024353,15.724181,0.9883203008321746
22.06,0.622314,0.755615,0.163574,39.253235,-38.803101,15.548705,0.9924642040381104
22.07,0.633057,0.754883,0.156738,36.010742,-37.261963,15.289306,0.9975852392562752
22.08,0.637695,0.76001,0.156738,32.775879,-34.713745,14.923095,1.0044087383973717
22.09,0.639648,0.771729,0.151855,30.197142,-31.85272,14.579772,1.0137924611921318
22.1,0.632568,0.78418,0.153564,28.083799,-29.701231,14.274596,1.0191479034566082
22.11,0.624268,0.791016,0.153809,26.779173,-28.236387,14.35089,1.0193498205037366
22.12,0.633789,0.796387,0.140869,26.473997,-26.260374,14.747619,1.0275041729603827
22.13,0.63208,0.783936,0.130859,26.000975,-23.925779,14.297484,1.0154825731527843
22.14,0.625732,0.773926,0.118408,25.955198,-21.720884,14.038085,1.002258671084466
22.15,0.621826,0.769287,0.105469,26.336668,-19.973755,13.96942,0.9947832792151263
22.16,0.625244,0.758789,0.093994,26.55792,-17.974854,14.114379,0.9876870344866333
22.17,0.615234,0.744385,0.084473,26.298521,-15.563964,14.656066,0.9694109503765675
22.18,0.602051,0.735352,0.073975,26.229856,-13.259887,15.884398,0.9532472245592956
22.19,0.592285,0.737549,0.063965,26.962278,-12.153625,17.044067,0.9480883766036793
22.2,0.583252,0.734375,0.051758,27.305601,-13.191222,17.814636,0.9392382161587123
22.21,0.58667,0.715332,0.045654,26.832579,-14.892577,18.989563,0.9262644583702864
22.22,0.591309,0.692627,0.041748,25.787352,-15.167235,20.362852,0.9116585929579121
22.23,0.596191,0.68042,0.037842,24.902342,-14.595031,21.759031,0.9054540859949775
22.24,0.604736,0.67334,0.031494,23.857115,-14.137267,23.406981,0.9055850359474809
22.25,0.602295,0.665039,0.031738,22.636412,-13.862609,25.29907,0.8977992198648872
22.26,0.594971,0.656006,0.032715,22.079466,-13.72528,28.335569,0.8862305761493451
22.27,0.588379,0.655029,0.022461,22.018431,-15.144347,31.974791,0.880770875428451
22.28,0.585449,0.653076,0.020996,22.003172,-18.455505,35.720825,0.8773252677274261
22.29,0.595215,0.640625,0.018066,21.545408,-21.713255,39.276123,0.8746471672657495
22.3,0.62207,0.629639,0.017822,20.904539,-24.017332,42.457577,0.8852875120010447
22.31,0.651611,0.619629,0.020264,19.989014,-23.895262,45.280453,0.899415155897431
22.32,0.67334,0.611572,0.012695,19.271851,-21.476744,47.286983,0.9097077716547222
22.33,0.671875,0.609131,0.011719,18.630981,-18.218994,48.561092,0.9069696388231526
22.34,0.677246,0.609619,0.002686,18.173218,-15.647887,50.170895,0.9112105597901069
22.35,0.686768,0.616211,-0.013184,17.982483,-14.198302,51.712032,0.9227893043382114
22.36,0.696533,0.61377,-0.024658,17.753601,-13.809203,52.421566,0.9286979325663431
22.37,0.701416,0.611084,-0.03833,17.379761,-13.748168,52.841183,0.9310624302440734
22.38,0.703369,0.610352,-0.040527,16.624451,-13.893126,53.657528,0.9321480310519354
22.39,0.710693,0.609619,-0.045654,15.922545,-13.893126,54.603573,0.9374455467524501
22.4,0.72168,0.618408,-0.060547,15.090941,-13.72528,55.183407,0.9523215927789309
22.41,0.730469,0.628418,-0.071533,13.710021,-12.985229,55.381771,0.9662355369028818
22.42,0.733154,0.626465,-0.080078,11.978148,-12.397765,55.366512,0.9676702279314994
22.43,0.741699,0.62915,-0.09082,10.780334,-12.603759,55.458065,0.9768292591343689
22.44,0.758301,0.633301,-0.103027,10.177611,-13.244628,55.39703,0.9933303206542121
22.45,0.781006,0.63501,-0.112061,9.460449,-13.534545,54.862972,1.0128009379226501
22.46,0.811768,0.631592,-0.114502,8.552551,-12.519835,53.75671,1.0348847512124237
22.47,0.83667,0.626709,-0.117676,7.972717,-10.330199,52.001949,1.0519641156222963
22.48,0.848877,0.619873,-0.123291,7.270813,-6.477355,50.247189,1.0583172340744527
22.49,0.854004,0.607666,-0.126465,6.149292,-2.13623,48.622128,1.055733960710273
22.5,0.861816,0.591064,-0.118164,4.425049,1.441955,47.187801,1.051687311346866
22.51,0.854248,0.575684,-0.117188,3.227234,3.890991,45.1889,1.0367664832082488
22.52,0.8396,0.564453,-0.121826,2.487183,4.447937,43.449398,1.0190078132600358
22.53,0.829834,0.550293,-0.113281,1.838684,3.219604,42.823788,1.0021374348690901
22.54,0.826416,0.541504,-0.102051,1.609802,0.656128,42.587276,0.993279615049559
22.55,0.82959,0.531982,-0.098145,1.64032,-1.663208,42.572018,0.9903821774693848
22.56,0.832764,0.524658,-0.100098,1.228333,-2.937317,42.617794,0.9893338699670601
22.57,0.844238,0.509033,-0.10498,0.526428,-2.601623,43.029781,0.9913996147533043
22.58,0.857666,0.49707,-0.114014,0.152588,-1.556396,42.823788,0.9978320222622644
22.59,0.880371,0.486084,-0.117432,-0.549316,-0.343323,42.243954,1.0124826059350354
22.6,0.888916,0.472656,-0.111328,-0.823975,1.716614,41.137691,1.012901413255999
22.61,0.880127,0.462402,-0.114746,-0.511169,4.020691,40.596004,1.0008025730627395
22.62,0.883789,0.457031,-0.121094,-0.228882,5.401611,40.794369,1.0023093775466736
22.63,0.883789,0.454346,-0.12085,-0.228882,5.638122,40.367123,1.0010584432174778
22.64,0.888184,0.453125,-0.125244,-0.312805,5.233764,39.665222,1.004927431716838
22.65,0.896729,0.448975,-0.130127,-0.564575,4.844666,38.879395,1.0112539177649698
22.66,0.906738,0.448975,-0.130859,-0.930786,3.868103,37.445068,1.0202335169705024
22.67,0.916016,0.449463,-0.131592,-1.449585,2.304077,35.606384,1.028794807086914
22.68,0.928467,0.447998,-0.122803,-2.006531,0.556946,33.64563,1.0381877262335557
22.69,0.953613,0.453125,-0.10791,-2.342224,-0.541687,31.684874,1.0612938271251746
22.7,0.967773,0.454346,-0.088623,-2.868652,-0.12207,29.075621,1.0727855812668252
22.71,0.974854,0.456299,-0.077393,-2.784729,1.655578,26.092527,1.0791379778165533
22.72,0.972412,0.462158,-0.077393,-2.365112,3.364563,22.872923,1.0794279925761607
22.73,0.962402,0.459961,-0.07959,-2.105713,3.845215,19.485474,1.0696337219931877
22.74,0.951416,0.45752,-0.081787,-1.869202,2.76947,16.395569,1.058870185067556
22.75,0.9375,0.452393,-0.082031,-1.869202,0.366211,13.488769,1.0441718064619443
22.76,0.928711,0.44751,-0.076172,-2.113342,-2.616882,10.879516,1.033717318808677
22.77,0.930664,0.441406,-0.067627,-2.372742,-4.562378,8.216858,1.0322539168542788
22.78,0.936523,0.434326,-0.055176,-2.593994,-5.073547,5.271911,1.0338079100011761
22.79,0.948486,0.427246,-0.041992,-2.357483,-4.020691,2.281189,1.0411187083017959
22.8,0.957764,0.42041,-0.032715,-1.472473,-1.853943,-0.724792,1.0464830237614942
22.81,0.956787,0.412354,-0.039551,-0.457764,0.663757,-4.005432,1.042612807463058
22.82,0.946045,0.40332,-0.054443,0.595093,2.63977,-6.523132,1.0298699940642995
22.83,0.927002,0.396484,-0.068359,1.541138,2.967834,-7.827758,1.0105469920498502
22.84,0.915771,0.395264,-0.077881,2.319336,1.525879,-8.796692,1.0004676927807314
22.85,0.900879,0.395508,-0.08374,2.494812,-0.724792,-9.674072,0.9874319917366461
22.86,0.896973,0.390869,-0.076172,2.433777,-2.502441,-9.757996,0.9813976316835088
22.87,0.898438,0.395752,-0.068848,2.212524,-3.40271,-9.651184,0.9841496494192333
22.88,0.896729,0.408936,-0.063477,1.88446,-3.814697,-9.925842,0.9876137306994066
22.89,0.904541,0.420898,-0.062012,1.792908,-4.295349,-10.383605,0.9995974365858489
22.9,0.904297,0.430908,-0.059326,1.846313,-5.111694,-11.566161,1.0034711470436009
22.91,0.89624,0.442627,-0.060791,2.090454,-5.187988,-13.252257,1.0014291509687543
22.92,0.900391,0.451416,-0.068115,2.494812,-4.638672,-14.762877,1.0095147404381968
22.93,0.897705,0.453857,-0.076904,2.616882,-3.318786,-16.433716,1.0088481891196515
22.94,0.878174,0.450439,-0.084961,2.593994,-1.869202,-17.89856,0.9906075098231387
22.95,0.851318,0.452637,-0.093506,2.235413,-0.976562,-18.089294,0.9686929146685238
22.96,0.840332,0.453613,-0.093994,1.708984,-1.00708,-17.555237,0.9595610955165907
22.97,0.84082,0.453125,-0.091064,1.121521,-2.197266,-17.089844,0.9594754765605008
22.98,0.85498,0.452637,-0.08374,0.587463,-3.257751,-17.044067,0.9710218544239877
22.99,0.864258,0.452881,-0.080322,0.320435,-3.494262,-17.64679,0.9790274329195275
23.0,0.865967,0.455811,-0.080078,0.144958,-2.731323,-18.218994,0.9818732091741785
23.01,0.868896,0.466064,-0.080566,0.190735,-1.525879,-18.783569,0.9892860007439709
23.02,0.86084,0.470459,-0.074951,0.152588,-0.686645,-19.592285,0.98386728204672
23.03,0.845703,0.471436,-0.080566,0.25177,0.640869,-19.927979,0.9715741591155046
23.04,0.826172,0.473389,-0.084717,-0.137329,1.449585,-19.752502,0.9559468023870366
23.05,0.820068,0.477783,-0.08667,-0.87738,1.213074,-19.195557,0.953047642362647
23.06,0.816406,0.476807,-0.083496,-1.457214,0.0,-18.936157,0.9491234135248166
23.07,0.814697,0.476807,-0.077637,-1.63269,-0.923157,-18.478394,0.9471555420452334
23.08,0.821533,0.479492,-0.077637,-1.914978,-1.190186,-17.951965,0.9543880510159376
23.09,0.821289,0.481445,-0.078369,-2.372742,-0.938415,-17.76123,0.9552207125617619
23.1,0.816895,0.484131,-0.077393,-2.883911,-0.823975,-17.456055,0.9527276329754479
23.11,0.80957,0.48877,-0.078857,-3.14331,-0.701904,-17.166138,0.9489563342161745
23.12,0.803711,0.493164,-0.081299,-3.334045,-0.854492,-16.433716,0.9464521275891348
23.13,0.804443,0.495117,-0.076416,-3.288269,-1.701355,-15.815734,0.9476860181484161
23.14,0.800537,0.495361,-0.071533,-2.983093,-2.227783,-15.167235,0.9441180957798659
23.15,0.804199,0.497559,-0.071045,-2.563476,-2.357483,-14.167785,0.9483398030806258
23.16,0.809814,0.502197,-0.068604,-2.220154,-1.983642,-13.282775,0.9553570276189944
23.17,0.807373,0.502441,-0.061279,-1.953125,-1.152039,-12.565612,0.9529182732275627
23.18,0.80957,0.50415,-0.055908,-1.419067,-0.587463,-11.856078,0.9553515122006141
23.19,0.812256,0.506348,-0.05835,-0.991821,-0.015259,-11.398314,0.9589331724056688
23.2,0.80249,0.507324,-0.05957,-0.900268,0.404358,-11.352538,0.9512709529760699
23.21,0.796387,0.509277,-0.060303,-0.953674,0.274658,-10.910033,0.9472231882228179
23.22,0.794678,0.512695,-0.05957,-1.037598,-0.38147,-10.307311,0.9475852846097812
23.23,0.794922,0.515869,-0.062256,-0.984192,-0.816345,-9.567261,0.9496829053852659
23.24,0.800049,0.516846,-0.063721,-1.00708,-0.63324,-8.644104,0.954603873844015
23.25,0.805664,0.51416,-0.06543,-1.075745,-0.038147,-7.850646,0.9579854233734457
23.26,0.8125,0.507324,-0.064453,-0.915527,0.823975,-6.805419,0.9600458740003001
23.27,0.820068,0.501465,-0.061523,-0.12207,2.037048,-5.53894,0.9632049368530043
23.28,0.824951,0.496338,-0.065674,1.075745,3.211975,-4.058838,0.9649915216834809
23.29,0.83252,0.491699,-0.068115,1.922607,3.372192,-3.219604,0.9692765911885008
23.3,0.834229,0.494629,-0.062012,2.441406,2.349854,-3.27301,0.9718237289889561
23.31,0.832275,0.495605,-0.048584,2.685547,1.594543,-3.555298,0.969879578456006
23.32,0.842285,0.492432,-0.037842,3.15094,2.067566,-3.837585,0.9764042773426383
23.33,0.848389,0.491943,-0.03125,3.692627,3.562927,-4.013062,0.9811974179898763
23.34,0.844971,0.495117,-0.033447,4.196167,5.798339,-4.211426,0.9799160863762775
23.35,0.841797,0.499023,-0.032471,4.40979,7.736206,-4.173279,0.9791325291190156
23.36,0.838379,0.501465,-0.036133,4.585266,9.040833,-4.02832,0.9775745943686344
23.37,0.835205,0.499023,-0.043945,4.486084,9.429932,-4.051208,0.973921202962026
23.38,0.842041,0.499268,-0.048096,4.081726,9.597778,-3.936767,0.980109589138378
23.39,0.8479,0.513184,-0.050781,3.784179,9.773254,-3.974914,0.9924066393454852
23.4,0.85083,0.523438,-0.057129,3.746032,9.857178,-3.974914,1.0005812067918325
23.41,0.852783,0.523193,-0.063721,3.730774,10.543822,-3.890991,1.0025119082479768
23.42,0.849854,0.518066,-0.068848,3.90625,11.497497,-3.845215,0.9976894550790842
23.43,0.837891,0.519043,-0.069336,4.142761,11.924743,-3.715515,0.9880660122815682
23.44,0.824707,0.524902,-0.068359,4.577637,11.657714,-3.52478,0.9799677026994308
23.45,0.825439,0.5354,-0.079346,4.745483,11.154174,-3.120422,0.9870655958126593
23.46,0.828125,0.541992,-0.0896,4.364014,11.665343,-2.662658,0.9937678318847919
23.47,0.828613,0.541016,-0.089111,3.547668,11.894225,-2.89917,0.9935988055276638
23.48,0.832764,0.538086,-0.090088,2.670288,11.627196,-3.967285,0.9955642976905107
23.49,0.831055,0.535645,-0.090576,1.708984,11.802672,-4.966736,0.9928605092489076
23.5,0.824707,0.540283,-0.096191,0.785828,12.275695,-5.958557,0.9906059077246612
23.51,0.821289,0.543457,-0.101318,-0.205994,12.20703,-7.095336,0.9900133683410544
23.52,0.816895,0.545166,-0.098877,-1.022339,11.344909,-8.354187,0.9870663957961491
23.53,0.807129,0.537109,-0.098145,-1.617432,9.971619,-9.552002,0.9744617701823914
23.54,0.80249,0.535645,-0.104248,-1.899719,8.201599,-10.261535,0.9704501077484613
23.55,0.79834,0.538086,-0.106934,-2.456665,6.233215,-10.95581,0.9686682504098089
23.56,0.797119,0.543945,-0.120605,-3.372192,4.081726,-11.299132,0.9725329964638733
23.57,0.796875,0.55542,-0.130615,-4.646301,1.502991,-11.505126,0.9800823538101275
23.58,0.804443,0.56665,-0.139648,-6.347656,-1.449585,-11.917113,0.9938422041013353
23.59,0.823486,0.576416,-0.130859,-8.132935,-4.104614,-12.130736,1.013661025754172
23.6,0.826904,0.584229,-0.121338,-9.666443,-4.699707,-12.504577,1.0197140088774892
23.61,0.804443,0.576416,-0.100342,-10.482787,-5.271911,-12.680053,0.9947122509897021
23.62,0.78833,0.574463,-0.076416,-10.208129,-6.889343,-12.184142,0.9784228801111511
23.63,0.774658,0.57373,-0.064697,-9.414673,-8.880615,-12.176513,0.9661505222650351
23.64,0.762451,0.5625,-0.057373,-8.522034,-11.863708,-12.405395,0.9492257047351805
23.65,0.765625,0.560059,-0.057129,-7.835388,-15.800475,-11.932372,0.9503217595882986
23.66,0.793701,0.564453,-0.066406,-7.759094,-18.615723,-11.489867,0.9762060353460226
23.67,0.814209,0.570068,-0.084961,-8.918762,-19.241333,-11.825561,0.9975631267373509
23.68,0.827881,0.571533,-0.101318,-11.138915,-18.295288,-11.970519,1.0110896386443686
23.69,0.859863,0.57666,-0.105713,-13.96942,-16.769409,-12.100219,1.0407095525351922
23.7,0.867432,0.580566,-0.077393,-17.494202,-14.183043,-13.061522,1.0466541126031081
23.71,0.845703,0.58667,-0.041748,-20.64514,-11.009215,-13.931273,1.0301155996357885
23.72,0.821045,0.5979,-0.011963,-22.544859,-9.811401,-14.503478,1.015747220224599
23.73,0.799805,0.609375,0.015625,-23.490904,-9.727478,-15.197753,1.0056192466709257
23.74,0.775635,0.617188,0.032227,-24.070738,-9.597778,-15.975951,0.9917506037800027
23.75,0.754395,0.624512,0.04248,-23.933409,-9.849548,-16.227722,0.9802711892986553
23.76,0.736084,0.638184,0.040039,-23.597715,-10.19287,-16.532898,0.9750392784052342
23.77,0.727295,0.640869,0.037354,-23.696898,-10.253905,-16.807556,0.9700857763631008
23.78,0.718506,0.630127,0.036621,-23.963926,-9.841919,-17.074585,0.9563744067079587
23.79,0.70874,0.619141,0.032959,-24.009703,-8.522034,-17.25769,0.9416656843922901
23.8,0.701904,0.611572,0.025146,-24.009703,-7.156372,-17.494202,0.9313011638111487
23.81,0.695313,0.604492,0.023682,-23.735044,-6.492614,-17.875671,0.9216461268605212
23.82,0.687744,0.598145,0.023438,-23.223875,-5.905151,-17.944336,0.9117667412255176
23.83,0.676025,0.589111,0.025635,-22.293089,-4.730225,-17.51709,0.8970611596602541
23.84,0.662842,0.585449,0.0271,-20.736692,-3.791809,-16.731262,0.8847849787179934
23.85,0.649414,0.580322,0.02417,-18.920898,-3.433227,-15.373229,0.8712613591684186
23.86,0.637695,0.580078,0.019043,-17.01355,-4.219055,-13.748168,0.8622691197984537
23.87,0.640381,0.578857,0.018066,-15.213012,-5.935668,-11.566161,0.8634174146761229
23.88,0.652588,0.57959,0.018311,-13.511657,-7.247924,-8.834839,0.8730011217432655
23.89,0.66333,0.582764,0.015137,-12.153625,-7.919311,-5.950927,0.883090990422278
23.9,0.679199,0.586182,0.018799,-11.421203,-8.583069,-3.356933,0.8973706152565951
23.91,0.69043,0.594971,0.020996,-11.184691,-9.391785,-1.411438,0.9116605222104334
23.92,0.695068,0.598633,0.032959,-11.276244,-10.360717,0.045776,0.9179146414531147
23.93,0.708252,0.600342,0.051514,-11.505126,-10.986327,0.88501,0.9298844576956861
23.94,0.720947,0.594238,0.071289,-11.131286,-10.31494,1.274109,0.936998131787892
23.95,0.726074,0.583984,0.084229,-10.055541,-8.384705,1.602173,0.9355828612009734
23.96,0.730225,0.580322,0.081787,-8.270264,-6.469726,1.38092,0.9363179415551108
23.97,0.739502,0.573242,0.077881,-6.42395,-4.53949,1.037598,0.9389009791926943
23.98,0.750732,0.564941,0.066162,-4.364014,-2.479553,1.029968,0.9418780598086993
23.99,0.749756,0.561279,0.052979,-2.281189,-0.88501,1.228333,0.938069800077798
24.0,0.756592,0.556641,0.04541,-0.312805,-0.808716,1.785278,0.9403949837408747
24.01,0.768555,0.558105,0.047607,1.655578,-1.64032,2.456665,0.9510123056506682
24.02,0.771973,0.565918,0.049805,3.387451,-2.479553,3.326416,0.9584811075227305
24.03,0.776611,0.580566,0.05542,4.806519,-3.364563,4.562378,0.9712120788360286
24.04,0.786865,0.599365,0.056152,5.508422,-4.455566,6.095886,0.9907310323967853
24.05,0.790039,0.614258,0.053467,5.760192,-4.707336,7.530212,1.0021642740459271
24.06,0.787109,0.623047,0.044189,5.561828,-3.761291,8.529663,1.0048287465090755
24.07,0.785645,0.630127,0.031006,4.859924,-2.822876,8.758545,1.0076008506298513
24.08,0.771729,0.629639,0.01123,3.738403,-2.113342,7.850646,0.9960607575153234
24.09,0.758545,0.624756,-0.008301,2.426147,-0.984192,6.66809,0.9827408016165808
24.1,0.76001,0.616943,-0.022949,1.724243,-0.305176,5.149841,0.97916317432285
24.11,0.763916,0.609863,-0.04541,1.525879,-0.083923,3.112793,0.9785512771055996
24.12,0.769043,0.592773,-0.071777,1.869202,1.060486,1.731872,0.9736318108540826
24.13,0.784668,0.576904,-0.0979,2.754211,2.197266,1.060486,0.9788291502810896
24.14,0.800049,0.557617,-0.118408,3.479004,3.265381,0.419617,0.9823622425327635
24.15,0.813965,0.541504,-0.12915,4.302979,3.791809,0.556946,0.986126424826452
24.16,0.831787,0.525146,-0.133301,5.065917,3.837585,1.052856,0.99268176737865
24.17,0.847656,0.507324,-0.129395,5.1651,4.112244,1.495361,0.9963139070278001
24.18,0.848389,0.495117,-0.111816,4.951477,4.722595,2.128601,0.9886392450565574
24.19,0.842041,0.489258,-0.092529,4.730225,4.142761,2.929687,0.9782474390899268
24.2,0.839355,0.488525,-0.070313,4.180908,2.281189,3.364563,0.9737132070681798
24.21,0.83667,0.49707,-0.041992,3.608703,0.190735,3.456115,0.9740937336129414
24.22,0.840332,0.517334,-0.016602,3.173828,-1.861572,3.517151,0.9869488153820338
24.23,0.847412,0.539551,0.008057,3.082275,-3.089905,3.135681,1.0046329153447044
24.24,0.856445,0.555908,0.028809,3.112793,-2.548218,2.159119,1.0214507824511174
24.25,0.853516,0.570068,0.038574,3.52478,-0.892639,0.679016,1.0271100429632651
24.26,0.85083,0.58667,0.049805,4.219055,0.549316,-0.88501,1.0346854187747114
24.27,0.84668,0.602783,0.056396,5.104064,2.197266,-2.288818,1.0408625636004976
24.28,0.836914,0.61377,0.056885,5.989074,4.180908,-3.234863,1.039410678952742
24.29,0.826172,0.619385,0.052734,6.515502,5.889892,-3.669739,1.033914322642355
24.3,0.815674,0.623535,0.049561,6.912231,7.064819,-3.845215,1.0278989557451645
24.31,0.810059,0.626709,0.041748,7.034301,7.766723,-4.211426,1.0250378771860091
24.32,0.807617,0.625,0.028076,6.752014,8.262634,-4.318237,1.0215960456388817
24.33,0.805908,0.621338,0.016846,6.385803,8.369446,-4.325867,1.017758518718463
24.34,0.811523,0.616455,-0.002441,6.04248,8.468628,-4.417419,1.0191134897718703
24.35,0.830078,0.614258,-0.02124,5.233764,8.811951,-4.798889,1.0328569669842964
24.36,0.835693,0.613525,-0.033203,3.791809,9.727478,-5.599975,1.0372551060770923
24.37,0.81665,0.617432,-0.041748,2.441406,10.856627,-6.523132,1.0246376884674895
24.38,0.789063,0.626221,-0.045654,0.930786,11.062621,-7.186889,1.0083934978598386
24.39,0.758057,0.625,-0.045898,-0.846863,9.83429,-7.476806,0.9835558152199599
24.4,0.72998,0.617676,-0.045654,-2.929687,7.446289,-7.698059,0.9573289555278268
24.41,0.702637,0.61084,-0.042236,-4.776001,4.119873,-8.125305,0.9319914908758556
24.42,0.683838,0.606201,-0.030762,-6.324768,0.534058,-8.499146,0.9143633650190717
24.43,0.682129,0.612549,-0.021729,-6.935119,-2.113342,-8.995056,0.9170541965898199
24.44,0.691895,0.62207,-0.016602,-6.690979,-2.906799,-9.58252,0.9305726206637502
24.45,0.702637,0.629639,-0.016113,-5.767822,-1.869202,-9.69696,0.9436120245413365
24.46,0.716553,0.629639,-0.015625,-4.40979,0.50354,-9.475708,0.9540113273724793
24.47,0.7146,0.621338,-0.018799,-2.937317,2.990722,-8.964539,0.9471364593578899
24.48,0.699951,0.612061,-0.026611,-1.739502,3.845215,-8.224487,0.9301925690108473
24.49,0.686035,0.605713,-0.029053,-1.083374,2.235413,-7.263183,0.9156289294266536
24.5,0.682617,0.599854,-0.025879,-1.00708,-1.266479,-6.126403,0.9090987364670573
24.51,0.683838,0.601318,-0.020752,-1.419067,-4.692078,-5.096435,0.9108503679924601
24.52,0.69165,0.606445,-0.00293,-2.113342,-7.057189,-4.081726,0.919871646168638
24.53,0.705811,0.621338,0.011475,-2.746582,-8.071899,-3.318786,0.9404051007890163
24.54,0.707275,0.631348,0.022461,-3.295898,-7.461547,-2.738952,0.9483368174071911
24.55,0.706787,0.641113,0.029541,-3.448486,-6.584167,-2.326965,0.9546970267152821
24.56,0.708984,0.648926,0.032715,-3.364563,-6.530761,-2.26593,0.9616826591745324
24.57,0.714111,0.655029,0.032715,-3.326416,-6.858825,-2.342224,0.9695812407359169
24.58,0.71875,0.655273,0.033691,-3.227234,-6.835937,-2.624511,0.9732005705454554
24.59,0.722412,0.643311,0.033936,-3.128052,-6.378173,-3.257751,0.9679255098203581
24.6,0.727295,0.629639,0.037598,-2.578735,-5.218505,-3.829956,0.9627132994562815
24.61,0.731934,0.623291,0.041504,-1.525879,-3.593445,-4.333496,0.9622586102774036
24.62,0.740479,0.619873,0.041748,0.305176,-1.777649,-4.798889,0.9665891480220539
24.63,0.748047,0.619629,0.031006,2.76947,0.221252,-4.608154,0.9718414396834496
24.64,0.756592,0.627686,0.01709,4.981995,2.044678,-3.715515,0.9832157632788441
24.65,0.762207,0.634521,0.006592,6.576538,3.089905,-2.471924,0.9917761162449921
24.66,0.764648,0.635986,0.003906,7.30133,3.27301,-1.319885,0.9945752927435911
24.67,0.759033,0.63623,0.005615,7.080078,2.63977,-0.465393,0.9904298239724003
24.68,0.744629,0.630127,0.017334,6.179809,1.487732,0.1297,0.9756192143075083
24.69,0.729736,0.627197,0.033203,4.882813,-0.022888,0.25177,0.9628048326187401
24.7,0.710693,0.627197,0.04541,3.913879,-1.502991,-0.305176,0.9489587373316082
24.71,0.694824,0.637939,0.049561,3.601074,-2.067566,-1.075745,0.9445649005854495
24.72,0.688965,0.647461,0.039551,3.593445,-1.411438,-1.426697,0.9462783942091249
24.73,0.693604,0.658691,0.019531,3.952026,-0.038147,-1.464844,0.956734969705822
24.74,0.696533,0.662109,0.001221,3.952026,1.281738,-1.052856,0.9610140679568638
24.75,0.699463,0.65918,-0.010254,3.257751,1.342773,-0.648498,0.9611825556495498
24.76,0.70752,0.65625,-0.020264,2.410889,-0.320435,-0.053406,0.9652249699401689
24.77,0.710449,0.651855,-0.016846,1.419067,-2.807617,0.488281,0.9643321576832331
24.78,0.718994,0.645508,-0.010254,0.473022,-5.798339,0.915527,0.9663012442380482
24.79,0.739258,0.633545,-0.006348,0.12207,-7.713317,1.00708,0.9736128361381643
24.8,0.748779,0.61792,-0.007813,0.160217,-7.644653,0.869751,0.9708533154962186
24.81,0.751465,0.602539,-0.013184,0.312805,-6.004333,1.106262,0.9632895258446446
24.82,0.756592,0.592773,-0.022461,0.640869,-4.15802,1.838684,0.9614134285072161
24.83,0.761475,0.58252,-0.030029,0.816345,-2.777099,2.723694,0.9592056436791853
24.84,0.765137,0.566895,-0.034668,0.75531,-2.189636,3.65448,0.9528937191617961
24.85,0.775146,0.549805,-0.03833,0.564575,-2.708435,4.570007,0.951107800536301
24.86,0.791748,0.5354,-0.033203,0.411987,-4.226685,5.317688,0.956357932320844
24.87,0.798584,0.529053,-0.025879,0.518799,-5.714416,5.424499,0.9582813806528853
24.88,0.799805,0.530029,-0.012939,0.87738,-6.721496,5.393981,0.9595760504446742
24.89,0.799072,0.543457,0.003662,1.403808,-7.232666,5.615234,0.9663720723805092
24.9,0.789551,0.559082,0.017822,1.899719,-7.713317,5.371093,0.9676161883768791
24.91,0.778076,0.568848,0.027832,2.563476,-7.705688,4.737854,0.9642431898146857
24.92,0.768066,0.581787,0.038086,3.410339,-6.935119,4.219055,0.964288357868641
24.93,0.764404,0.605957,0.038818,4.066467,-5.645751,4.02832,0.9762193391799816
24.94,0.759277,0.627197,0.030273,4.341125,-4.425049,3.753662,0.9852888378881596
24.95,0.753906,0.642822,0.019775,4.524231,-4.051208,3.334045,0.9909517804338414
24.96,0.758301,0.652832,0.010254,4.486084,-4.440308,3.334045,1.0006573696031025
24.97,0.77124,0.656738,-0.001221,4.371643,-4.882813,3.341675,1.0129745451318113
24.98,0.775879,0.657227,-0.011719,4.356384,-4.974365,3.02124,1.016893744267807
24.99,0.787842,0.647461,-0.025635,4.447937,-4.28772,2.792358,1.0200774072147663
25.0,0.792725,0.636963,-0.031982,4.119873,-2.838135,2.227783,1.0174269690341415
25.01,0.779297,0.620605,-0.033203,3.761291,-1.190186,1.655578,0.9967732036140418
25.02,0.769531,0.608398,-0.036865,3.486633,-0.289917,1.708984,0.981674648032636
25.03,0.761963,0.603027,-0.03833,3.356933,-0.495911,2.006531,0.9724702386181286
25.04,0.754639,0.595215,-0.039795,3.005981,-1.655578,2.27356,0.9619483138771022
25.05,0.750244,0.589355,-0.040771,2.792358,-2.89154,2.708435,0.9549176142484753
25.06,0.755371,0.591309,-0.040039,2.593994,-4.325867,3.074646,0.9601222852548522
25.07,0.761963,0.591797,-0.038818,2.182007,-5.683898,2.815246,0.9655662275069483
25.08,0.769531,0.592529,-0.037354,1.899719,-6.309509,2.189636,0.9719382167185319
25.09,0.770996,0.592285,-0.034424,1.899719,-5.996704,1.060486,0.9728419013472847
25.1,0.772217,0.596436,-0.0354,1.869202,-5.424499,0.144958,0.9763750084803482
25.11,0.772461,0.604248,-0.033936,1.823425,-4.997253,-0.709534,0.9813069316584898
25.12,0.768555,0.607422,-0.027832,1.670837,-4.425049,-1.350403,0.9800065787192451
25.13,0.76416,0.608887,-0.024414,1.609802,-3.791809,-1.495361,0.9773842272949772
25.14,0.758789,0.610107,-0.019531,1.571655,-3.585815,-1.281738,0.9738443191450059
25.15,0.75415,0.608887,-0.020508,1.457214,-3.631592,-0.556946,0.9694875859612643
25.16,0.752686,0.606445,-0.01709,1.037598,-4.074097,0.213623,0.9667490991570666
25.17,0.757324,0.604248,-0.014648,0.534058,-5.058288,0.793457,0.9689529660329236
25.18,0.759766,0.602539,-0.019531,0.396728,-5.714416,1.228333,0.9698861176643371
25.19,0.76709,0.60498,-0.021484,0.244141,-6.286621,1.693725,0.9771844405003592
25.2,0.782959,0.602783,-0.024414,0.244141,-6.301879,1.876831,0.9884170092455916
25.21,0.791016,0.597412,-0.027832,0.488281,-5.096435,1.487732,0.991656205660006
25.22,0.792236,0.589111,-0.0354,0.663757,-3.768921,1.274109,0.9878981779601581
25.23,0.786133,0.57959,-0.037354,0.816345,-3.112793,1.190186,0.9774072759627892
25.24,0.777588,0.573486,-0.039551,0.938415,-2.754211,1.335144,0.9670023637721885
25.25,0.775391,0.567627,-0.041016,0.976562,-2.799988,1.785278,0.9618284287054527
25.26,0.775391,0.563721,-0.034912,1.159668,-3.219604,2.27356,0.9592869312494569
25.27,0.780518,0.564209,-0.027344,1.403808,-3.883362,2.555847,0.9634769526776444
25.28,0.792969,0.564453,-0.018799,1.800537,-3.662109,2.708435,0.9735298796498236
25.29,0.794922,0.566406,-0.015381,2.052307,-2.761841,2.815246,0.9761932790595312
25.3,0.796143,0.56958,-0.012207,2.510071,-1.792908,2.677917,0.978986242854311
25.31,0.794434,0.575928,-0.01001,3.372192,-1.037598,2.586365,0.98128417985821
25.32,0.789551,0.581055,-0.013672,4.257202,0.061035,2.525329,0.9804094135665977
25.33,0.783203,0.585693,-0.02002,4.890442,0.747681,2.311707,0.9781840470269386
25.34,0.778564,0.589355,-0.021729,5.241394,0.854492,1.800537,0.9767156021903204
25.35,0.776367,0.596436,-0.025391,5.599975,1.083374,1.38855,0.9793499495410208
25.36,0.770264,0.605225,-0.035889,5.783081,1.197815,1.25885,0.9802509630915951
25.37,0.766846,0.608887,-0.044189,5.882263,1.12915,1.358032,0.9801779604775859
25.38,0.767578,0.614502,-0.049561,5.66864,0.808716,1.342773,0.9845024056897982
25.39,0.765381,0.619629,-0.054443,4.966736,0.076294,1.266479,0.9862617365846653
25.4,0.764648,0.622803,-0.054932,4.119873,-1.121521,1.243591,0.9877184139910524
25.41,0.765625,0.625244,-0.048828,3.158569,-2.27356,0.907898,0.9896948386977675
25.42,0.762939,0.62915,-0.046631,2.258301,-2.754211,0.511169,0.9899899445863074
25.43,0.76001,0.633545,-0.042236,1.243591,-2.593994,0.541687,0.9903425401450753
25.44,0.753662,0.63916,-0.036377,0.350952,-2.220154,0.442505,0.9888656137074441
25.45,0.745361,0.64209,-0.031494,-0.343323,-2.082825,0.022888,0.9842938892713904
25.46,0.743164,0.640625,-0.02832,-0.854492,-1.983642,-0.221252,0.9815778847962092
25.47,0.744141,0.639404,-0.031006,-1.220703,-2.02179,-0.732422,0.9816031148753553
25.48,0.737305,0.636963,-0.033203,-1.647949,-2.128601,-1.045227,0.9749066445578263
25.49,0.729004,0.633301,-0.038818,-2.029419,-2.677917,-1.266479,0.966449080780255
25.5,0.724121,0.624268,-0.04248,-2.76947,-3.913879,-1.419067,0.957009043251421
25.51,0.722412,0.614258,-0.042236,-3.753662,-5.340576,-1.365662,0.9491974863030349
25.52,0.727539,0.606934,-0.039795,-4.638672,-6.492614,-1.083374,0.948296113512019
25.53,0.732178,0.599854,-0.037598,-5.249023,-7.186889,-0.831604,0.9472713732632271
25.54,0.741211,0.590576,-0.040771,-5.424499,-7.194519,-0.50354,0.9485968757791688
25.55,0.75293,0.576416,-0.045898,-5.264282,-6.774902,-0.167847,0.9493501021014323
25.56,0.759521,0.564453,-0.049805,-4.745483,-5.813598,0.205994,0.9476074486173058
25.57,0.762207,0.55542,-0.064209,-4.089355,-4.989624,0.930786,0.9452902638502102
25.58,0.775146,0.542236,-0.068359,-3.417969,-4.79126,1.831055,0.9484430156277183
25.59,0.781738,0.529053,-0.064697,-3.013611,-5.249023,2.426147,0.9461485503143785
25.6,0.790283,0.522217,-0.056396,-2.441406,-5.996704,3.15094,0.9489142869585219
25.61,0.804932,0.519531,-0.042236,-1.609802,-6.790161,3.723144,0.9589639535879333
25.62,0.819092,0.527344,-0.027588,-0.671387,-7.080078,3.875732,0.9745586162689241
25.63,0.828613,0.542725,-0.009521,0.396728,-6.065368,3.517151,0.9905758824214327
25.64,0.829834,0.556641,-0.003174,1.655578,-4.600525,3.074646,0.9992415847596616
25.65,0.827637,0.566895,-0.000732,2.532959,-3.181457,2.39563,1.003171710435457
25.66,0.822754,0.580322,0.0,3.379822,-1.770019,1.518249,1.0068255897621992
25.67,0.811279,0.593018,-0.000244,4.058838,-0.564575,0.984192,1.0049099580066863
25.68,0.804443,0.604492,-0.008545,4.623413,-0.022888,0.694275,1.0062863088296492
25.69,0.799805,0.613525,-0.013428,4.653931,-0.106812,0.343323,1.0081077694542384
25.7,0.79834,0.619629,-0.018555,4.432678,0.190735,0.091553,1.0107577065083402
25.71,0.79248,0.623291,-0.023438,3.860473,0.900268,-0.343323,1.0084966836460099
25.72,0.786377,0.624512,-0.026611,3.051758,1.693725,-0.823975,1.0045457528624566
25.73,0.774658,0.628174,-0.028809,2.456665,2.174377,-1.342773,0.9977612689020355
25.74,0.767822,0.630371,-0.036621,1.716614,2.113342,-1.831055,0.9941123271371299
25.75,0.761475,0.62793,-0.043457,0.831604,1.76239,-2.27356,0.9879416841969976
25.76,0.748779,0.617188,-0.047119,0.038147,1.38855,-2.838135,0.9714994690405137
25.77,0.736572,0.608643,-0.057373,-0.793457,0.862122,-3.074646,0.9572232099996323
25.78,0.732666,0.602539,-0.064209,-1.296997,-0.038147,-3.074646,0.9507762669303437
25.79,0.727783,0.593506,-0.06665,-1.449585,-0.984192,-3.02124,0.9414667756352318
25.8,0.729736,0.584229,-0.068604,-1.541138,-1.571655,-2.593994,0.9373071337363224
25.81,0.732666,0.57666,-0.071045,-1.350403,-2.380371,-1.914978,0.9350848171053789
25.82,0.740234,0.572754,-0.074219,-0.999451,-3.52478,-1.441955,0.9388833682801074
25.83,0.747559,0.568604,-0.071533,-0.938415,-4.608154,-1.022339,0.941951133226135
25.84,0.760498,0.564941,-0.063965,-0.831604,-5.348205,-0.587463,0.9495299167008905
25.85,0.769287,0.567383,-0.056641,-0.770569,-5.676269,-0.350952,0.9575667913722782
25.86,0.770752,0.571533,-0.047607,-0.907898,-5.630493,-0.320435,0.9607159007958597
25.87,0.769287,0.574219,-0.037354,-1.091003,-5.569458,-0.183105,0.960689996640956
25.88,0.777588,0.578125,-0.029053,-1.098633,-5.691528,-0.053406,0.969389338799432
25.89,0.78833,0.583252,-0.020264,-0.816345,-5.508422,-0.335693,0.9808454078497794
25.9,0.793213,0.585938,-0.015381,-0.358582,-4.875183,-0.694275,0.9862792598316157
25.91,0.802002,0.592041,-0.020752,0.274658,-4.142761,-1.144409,0.9970709098098289
25.92,0.80957,0.594238,-0.024658,0.816345,-3.250122,-1.770019,1.004554828024832
25.93,0.806152,0.594971,-0.028564,1.121521,-1.846313,-2.288818,1.0023409799269907
25.94,0.80249,0.594482,-0.031982,1.365662,-0.556946,-2.14386,0.9992106368268905
25.95,0.797607,0.593018,-0.034912,1.25885,0.030518,-1.953125,0.994518035289959
25.96,0.797119,0.59082,-0.036377,0.991821,0.091553,-1.899719,0.992869708818836
25.97,0.793213,0.589111,-0.031738,0.663757,-0.030518,-1.960754,0.9885575017842917
25.98,0.787598,0.588867,-0.027588,0.434875,-0.389099,-2.01416,0.9837865881566998
25.99,0.7854,0.590088,-0.023438,0.38147,-0.724792,-2.212524,0.9826527095510397
26.0,0.779053,0.590576,-0.029053,0.396728,-0.549316,-2.39563,0.9780325482283297
26.01,0.76709,0.590088,-0.030762,0.335693,0.259399,-2.601623,0.9682857101537748
26.02,0.758789,0.59082,-0.036377,0.160217,0.854492,-2.624511,0.9623680715038295
26.03,0.750977,0.587891,-0.042969,0.305176,0.953674,-2.403259,0.9546877067245602
26.04,0.743164,0.584961,-0.050781,0.648498,0.732422,-2.120972,0.9471276642448999
26.05,0.740723,0.585938,-0.064209,1.022339,-0.25177,-1.655578,0.9466344058051134
26.06,0.74292,0.585938,-0.070068,1.174927,-1.365662,-1.327515,0.9487691978916685
26.07,0.746094,0.5896,-0.064697,0.915527,-1.930237,-1.121521,0.9531369883941133
26.08,0.755859,0.593994,-0.062012,0.679016,-2.258301,-0.846863,0.9633261068096307
26.09,0.758789,0.597412,-0.052979,0.358582,-2.250671,-0.930786,0.967196266900364
26.1,0.757568,0.599365,-0.044189,0.350952,-2.258301,-1.167297,0.9670058663575936
26.11,0.761963,0.604004,-0.038818,0.38147,-2.39563,-1.373291,0.9730957211441225
26.12,0.760498,0.604248,-0.033691,0.450134,-2.662658,-1.602173,0.9719094283877485
26.13,0.765381,0.605957,-0.032959,0.457764,-2.731323,-1.754761,0.9767692955304236
26.14,0.772705,0.608887,-0.031738,0.648498,-2.624511,-1.976013,0.9842884213674363
26.15,0.781494,0.607422,-0.031738,0.62561,-2.227783,-2.235413,0.9903038214426925
26.16,0.783936,0.601563,-0.033203,0.656128,-1.579285,-2.632141,0.9887042703832122
26.17,0.780762,0.596924,-0.031738,0.694275,-1.060486,-2.883911,0.9833182918384057
26.18,0.777588,0.594238,-0.034424,1.00708,-0.610352,-3.067016,0.979258346997359
26.19,0.777832,0.591553,-0.036377,1.213074,-0.289917,-3.181457,0.9778961387396925
26.2,0.778809,0.590088,-0.035889,1.495361,-0.106812,-3.14331,0.9777705899371283
26.21,0.77417,0.586426,-0.037109,1.869202,-0.320435,-3.15094,0.9719113746926723
26.22,0.767334,0.583984,-0.038086,2.243042,-0.289917,-2.861023,0.9650333275115424
26.23,0.760986,0.584229,-0.044922,2.456665,-0.076294,-2.571106,0.9604380264863528
26.24,0.756104,0.586914,-0.041992,2.349854,-0.366211,-2.281189,0.9580838325929523
26.25,0.751221,0.589355,-0.04126,2.418518,-0.793457,-1.991272,0.9557063850712728
26.26,0.745361,0.590332,-0.040527,2.311707,-0.87738,-1.449585,0.9516813165519222
26.27,0.73877,0.591309,-0.040039,2.197266,-0.648498,-0.694275,0.9471169768840595
26.28,0.737305,0.592041,-0.044678,2.281189,-0.694275,0.007629,0.9466400226009886
26.29,0.736816,0.596191,-0.04541,2.27356,-1.029968,0.63324,0.9488959871540189
26.3,0.735596,0.598633,-0.04541,2.159119,-1.586914,1.266479,0.9494867097569086
26.31,0.744385,0.602783,-0.049316,2.380371,-2.14386,1.64032,0.9591081488393267
26.32,0.754639,0.607178,-0.049316,2.349854,-2.388,1.617432,0.9698336000886956
26.33,0.763184,0.607178,-0.052734,2.365112,-2.189636,1.342773,0.9766759013592994
26.34,0.765869,0.602295,-0.052979,2.281189,-1.876831,1.052856,0.9757670657626235
26.35,0.766113,0.603516,-0.054932,2.220154,-1.670837,0.831604,0.9768204623414684
26.36,0.757813,0.604248,-0.056885,2.113342,-1.434326,0.694275,0.9708924202495351
26.37,0.753662,0.604736,-0.052979,1.88446,-1.686096,0.846863,0.9677390218343994
26.38,0.755371,0.605713,-0.04834,1.594543,-2.357483,1.113892,0.9694381577026974
26.39,0.762695,0.604492,-0.047119,1.38092,-2.746582,1.434326,0.9743379502256905
26.4,0.767578,0.602295,-0.043213,1.098633,-2.63977,1.480102,0.9766281874275389
26.41,0.773926,0.604248,-0.041748,0.854492,-2.311707,1.373291,0.9827614127976332
26.42,0.779785,0.605713,-0.043701,0.747681,-2.067566,1.182556,0.9883636284257934
26.43,0.779297,0.60376,-0.04126,0.75531,-1.777649,0.900268,0.9866774241914122
26.44,0.777588,0.603271,-0.044678,0.740051,-1.579285,0.663757,0.9851777102985024
26.45,0.774902,0.606689,-0.045166,0.801086,-1.441955,0.457764,0.9851825312504278
26.46,0.770264,0.605469,-0.042725,0.75531,-1.434326,0.183105,0.9806756677322018
26.47,0.764404,0.602539,-0.04248,0.785828,-1.319885,-0.007629,0.9742542133021546
26.48,0.761475,0.60083,-0.040283,0.801086,-0.991821,0.228882,0.9708056368882496
26.49,0.757813,0.596924,-0.038574,1.00708,-0.617981,0.091553,0.9654464035983561
26.5,0.75293,0.591553,-0.040039,0.930786,-0.541687,0.198364,0.9583536185719758
26.51,0.754395,0.586426,-0.037598,1.052856,-0.854492,0.701904,0.9562535642312661
26.52,0.757568,0.581299,-0.033447,1.281738,-1.235962,1.327515,0.9554771079591599
26.53,0.758545,0.579834,-0.033203,1.64032,-1.304626,1.976013,0.9553535595736271
26.54,0.761475,0.58252,-0.036865,1.693725,-1.13678,2.593994,0.9594439818196788
26.55,0.763184,0.585938,-0.044678,1.823425,-1.045227,3.295898,0.9632078079957616
26.56,0.766846,0.591309,-0.050537,1.846313,-1.281738,3.65448,0.9696664939895573
26.57,0.77124,0.593994,-0.055664,1.724243,-1.274109,3.616333,0.9750581985358617
26.58,0.769531,0.59375,-0.056396,1.487732,-1.00708,3.311157,0.973600293383789
26.59,0.769775,0.593506,-0.052246,1.441955,-0.976562,3.074646,0.9734128451880014
26.6,0.767578,0.594238,-0.052734,1.449585,-1.029968,2.716064,0.9721500200504035
26.61,0.765381,0.593994,-0.050293,1.586914,-1.182556,2.342224,0.9701372753615851
26.62,0.760742,0.591553,-0.046387,1.586914,-1.441955,2.26593,0.9647875912044059
26.63,0.759277,0.592773,-0.048096,1.708984,-1.579285,2.601623,0.9644659752806213
26.64,0.758301,0.595215,-0.051025,1.579285,-1.464844,3.135681,0.9653521914052923
26.65,0.760742,0.594971,-0.050781,1.327515,-1.655578,3.52478,0.9671078488803614
26.66,0.769775,0.592773,-0.052002,1.106262,-2.182007,3.570556,0.9729530246409638
26.67,0.780518,0.595459,-0.045166,0.686645,-2.510071,3.250122,0.9827612815740149
26.68,0.784668,0.596191,-0.042236,0.549316,-2.685547,2.754211,0.9863728800007633
26.69,0.787598,0.599365,-0.039551,0.427246,-2.761841,2.288818,0.9905116326575878
26.7,0.783691,0.599121,-0.041992,0.267029,-2.586365,1.770019,0.9873605644272007
26.71,0.783936,0.599365,-0.045898,0.022888,-2.296448,1.525879,0.9878768555467832
26.72,0.7771,0.593018,-0.045654,-0.083923,-2.029419,1.304626,0.9785903361672851
26.73,0.771729,0.588623,-0.045166,-0.190735,-1.976013,1.083374,0.9716391578801258
26.74,0.775635,0.584473,-0.051025,-0.274658,-2.227783,0.816345,0.9725337482982275
26.75,0.775391,0.579346,-0.052246,-0.175476,-2.418518,0.587463,0.9693310245282569
26.76,0.772949,0.57373,-0.048096,-0.030518,-2.235413,0.488281,0.9638098851521497
26.77,0.775146,0.572998,-0.043213,0.350952,-2.128601,0.526428,0.9649069347294588
26.78,0.766846,0.570313,-0.046875,0.579834,-2.197266,0.587463,0.9568212849377881
26.79,0.762695,0.570801,-0.048096,0.617981,-2.494812,0.785828,0.9538504441693152
26.8,0.761963,0.572754,-0.046631,0.572205,-3.051758,1.075745,0.9543632474304529
26.81,0.764648,0.577148,-0.044922,0.63324,-3.456115,1.327515,0.9590643168693119
26.82,0.766602,0.579346,-0.046631,0.747681,-3.479004,1.747131,0.9620264363732423
26.83,0.768311,0.578857,-0.045166,0.816345,-3.501892,2.082825,0.9630250187435422
26.84,0.776367,0.580811,-0.048584,0.907898,-3.433227,2.372742,0.9707973740518667
26.85,0.783203,0.58252,-0.052002,0.816345,-3.27301,2.510071,0.9774664687921525
26.86,0.78125,0.57959,-0.051758,0.434875,-3.120422,2.441406,0.9741432241534096
26.87,0.776367,0.577637,-0.050537,0.267029,-3.173828,2.555847,0.9690016567720614
26.88,0.778564,0.578613,-0.04541,0.198364,-3.387451,2.700805,0.971090610584306
26.89,0.781982,0.579834,-0.044678,0.25177,-3.463745,2.792358,0.9745252380333718
26.9,0.78125,0.579834,-0.044922,0.366211,-3.486633,2.807617,0.97394918560467
26.91,0.78125,0.582764,-0.047119,0.480652,-3.40271,2.777099,0.975800001207727
26.92,0.785645,0.584473,-0.050781,0.595093,-3.265381,2.754211,0.9805230561873597
26.93,0.787354,0.586914,-0.054688,0.465393,-2.983093,2.586365,0.9835573913381974
26.94,0.788818,0.587402,-0.054688,0.305176,-2.937317,2.243042,0.985020671900849
26.95,0.786377,0.586182,-0.055908,0.030518,-2.670288,1.716614,0.9824071598461607
26.96,0.78125,0.581055,-0.04834,-0.068665,-2.555847,1.319885,0.974840105414729
26.97,0.772217,0.582275,-0.040283,0.045776,-2.403259,1.13678,0.9679803669512105
26.98,0.772461,0.586426,-0.041016,0.396728,-2.586365,1.091003,0.9707078665865441
26.99,0.774902,0.587891,-0.042725,0.62561,-2.861023,1.022339,0.9736089374641135
27.0,0.778564,0.588379,-0.042236,0.732422,-3.036499,1.075745,0.9767986637137666
27.01,0.7771,0.589355,-0.046143,0.389099,-3.242492,0.968933,0.9763979221987314
27.02,0.76709,0.586182,-0.04541,-0.228882,-3.410339,0.915527,0.9664876995202785
27.03,0.755127,0.589111,-0.045166,-0.534058,-3.738403,0.961304,0.9588057801275501
27.04,0.745605,0.593018,-0.045654,-0.709534,-4.592896,1.487732,0.9537722223177817
27.05,0.742676,0.594238,-0.039795,-0.831604,-5.615234,2.075195,0.9519821866216825
27.06,0.748779,0.594482,-0.041992,-0.808716,-6.217956,2.723694,0.956996430102537
27.07,0.750732,0.592773,-0.043213,-0.854492,-6.446838,3.372192,0.9575206152986994
27.08,0.750732,0.588623,-0.048096,-0.869751,-6.309509,4.005432,0.9551904507316851
27.09,0.74292,0.590332,-0.057617,-0.762939,-6.263732,4.447937,0.9506533097365202
27.1,0.736084,0.590332,-0.061523,-0.740051,-6.79779,5.004883,0.9455668166814019
27.11,0.730225,0.587891,-0.0625,-0.617981,-7.789611,5.493164,0.9395480980269185
27.12,0.725098,0.580566,-0.062256,-0.640869,-8.750916,6.156921,0.9309671312651162
27.13,0.727051,0.577881,-0.060791,-0.785828,-9.498596,6.988525,0.9307229192638375
27.14,0.725098,0.57373,-0.058594,-0.961304,-10.2005,7.537841,0.926480695611085
27.15,0.720459,0.568359,-0.056885,-1.197815,-10.993957,8.026123,0.9194177651030025
27.16,0.717041,0.563721,-0.055908,-1.373291,-11.741637,8.583069,0.9138133649635466
27.17,0.720703,0.561035,-0.059326,-1.670837,-12.794494,9.162903,0.9152555160773411
27.18,0.725586,0.55835,-0.055908,-1.846313,-13.687133,9.552002,0.9172543106249215
27.19,0.731689,0.557861,-0.054443,-1.770019,-14.579772,10.0708,0.9217058794924767
27.2,0.746582,0.558838,-0.058594,-1.731872,-15.518188,10.841369,0.9344077535016498
27.21,0.758789,0.552246,-0.060059,-1.487732,-15.73944,11.520385,0.9403953820165218
27.22,0.767334,0.545898,-0.059082,-1.13678,-15.472411,12.046813,0.9435553914233122
27.23,0.772705,0.541016,-0.0625,-0.808716,-15.029906,12.817382,0.9453452169874241
27.24,0.776611,0.544189,-0.064209,-0.62561,-15.083312,13.389586,0.9504678367640854
27.25,0.773682,0.546143,-0.05835,-0.572205,-15.426635,13.664245,0.9488207080755563
27.26,0.782959,0.539063,-0.054932,-0.221252,-16.029358,13.931273,0.9521718533300593
27.27,0.792969,0.537598,-0.054688,0.106812,-16.075134,14.167785,0.9595844006177883
27.28,0.79126,0.534912,-0.054932,0.450134,-15.296935,14.465331,0.9566821624594033
27.29,0.785889,0.533203,-0.056885,1.213074,-14.663695,14.884948,0.9514004744349247
27.3,0.788574,0.532227,-0.063232,2.14386,-14.617919,15.190124,0.9534740787399519
27.31,0.798828,0.529297,-0.066162,2.616882,-14.47296,15.472411,0.9605513510671878
27.32,0.802734,0.524902,-0.072754,2.990722,-14.190673,15.541076,0.9618716800467721
27.33,0.80542,0.520508,-0.080322,3.189087,-13.85498,15.502929,0.9623313245177048
27.34,0.812256,0.518555,-0.084473,3.570556,-13.664245,15.586852,0.9673648666816466
27.35,0.821045,0.517822,-0.089844,3.623962,-13.488769,15.411376,0.9748468905653852
27.36,0.820557,0.514404,-0.09668,3.547668,-13.153075,15.007018,0.9732791418010559
27.37,0.818359,0.511719,-0.097168,3.684997,-13.122558,14.663695,0.9700563942709722
27.38,0.824463,0.509766,-0.104492,4.142761,-13.053893,14.465331,0.9749457375613271
27.39,0.830322,0.506592,-0.110352,4.470825,-12.832641,13.900756,0.9789012422364168
27.4,0.833984,0.49585,-0.11499,4.653931,-12.687682,13.259887,0.9770461784665042
27.41,0.8396,0.491211,-0.118408,5.187988,-11.932372,12.916564,0.9799167622737148
27.42,0.847168,0.494385,-0.121826,5.767822,-10.833739,12.763976,0.9884086820364338
27.43,0.84668,0.490967,-0.126953,6.340026,-9.490967,12.428283,0.9869309406934206
27.44,0.845215,0.47998,-0.127441,6.835937,-8.583069,12.191772,0.9803113817078735
27.45,0.847656,0.476563,-0.133789,7.286071,-8.338928,12.161254,0.9815969049594645
27.46,0.850098,0.477539,-0.13916,7.751464,-8.583069,12.092589,0.9849241654690984
27.47,0.851807,0.475586,-0.145752,8.110046,-9.223938,11.978148,0.9864080566119683
27.48,0.85791,0.473145,-0.147461,8.407593,-9.819031,11.817931,0.9907676345369786
27.49,0.869141,0.471924,-0.151855,8.56781,-9.788513,11.589049,1.0005889668999954
27.5,0.872559,0.471436,-0.154053,8.522034,-9.117126,11.192321,1.003665002571077
27.51,0.866943,0.471924,-0.148926,8.460999,-8.483887,10.902404,0.9982391399364182
27.52,0.861816,0.473633,-0.146973,8.560181,-8.026123,10.871886,0.9943118722382832
27.53,0.857422,0.475342,-0.148926,8.43811,-8.010864,10.848998,0.9916155790042832
27.54,0.848633,0.475342,-0.14917,8.331299,-8.476257,10.56671,0.9840628407540851
27.55,0.844482,0.474609,-0.145996,8.270264,-9.048462,10.208129,0.9796521746114791
27.56,0.844238,0.479736,-0.143799,8.377075,-9.407043,9.864807,0.9816122364462456
27.57,0.842773,0.480225,-0.141602,8.468628,-9.262085,9.429932,0.9802721594322671
27.58,0.844971,0.480957,-0.145752,8.491516,-8.651733,9.010315,0.9831272919586762
27.59,0.849609,0.477539,-0.150391,8.583069,-8.079529,8.613586,0.9861523220491852
27.6,0.849365,0.475342,-0.155762,8.766174,-7.461547,8.209229,0.9857143200912727
27.61,0.841553,0.470215,-0.160156,8.995056,-7.087707,7.873535,0.9772223607603339
27.62,0.835449,0.469238,-0.167725,9.277344,-7.217407,7.888793,0.9727749009251832
27.63,0.834229,0.472412,-0.176025,9.567261,-7.56073,7.896423,0.9747286406020907
27.64,0.833984,0.472412,-0.179443,9.590149,-7.690429,7.713317,0.9751421436124068
27.65,0.832764,0.472168,-0.18042,9.078979,-7.164001,8.056641,0.9741611141489892
27.66,0.838379,0.471191,-0.178223,8.476257,-6.538391,8.125305,0.9780918892675677
27.67,0.835693,0.469238,-0.175781,7.957458,-5.928039,7.858276,0.9744054858497052
27.68,0.830078,0.470947,-0.174805,7.522583,-5.455017,7.896423,0.9702460259738248
27.69,0.833496,0.471924,-0.179199,7.148742,-5.050659,7.789611,0.9744434952284304
27.7,0.844971,0.47168,-0.184082,6.782531,-4.692078,7.347106,0.9850605037077672
27.71,0.86084,0.464111,-0.189453,6.195068,-3.959656,6.561279,0.9961611140423019
27.72,0.859863,0.45874,-0.186523,5.569458,-2.670288,5.401611,0.9922689130966464
27.73,0.854736,0.454834,-0.182861,4.692078,-1.037598,4.936218,0.9853353452368386
27.74,0.853271,0.454102,-0.178467,4.165649,-0.137329,4.730225,0.9829193740760225
27.75,0.848389,0.454346,-0.177246,3.738403,-0.1297,4.341125,0.9785756626612987
27.76,0.850586,0.45459,-0.175049,3.326416,-0.762939,3.913879,0.9801993490596695
27.77,0.85376,0.454346,-0.166992,3.067016,-1.358032,3.128052,0.9814391236240788
27.78,0.854492,0.455078,-0.163574,2.624511,-1.228333,2.456665,0.9818396089097241
27.79,0.857666,0.453369,-0.161133,2.311707,-0.656128,1.747131,0.9834115422375314
27.8,0.866943,0.449219,-0.161377,2.174377,0.030518,1.068115,0.9896617661297217
27.81,0.875732,0.450928,-0.165039,2.113342,1.091003,-0.137329,0.9987394397584387
27.82,0.87085,0.443848,-0.166016,1.89209,2.449036,-1.373291,0.9914343557997172
27.83,0.864014,0.439453,-0.169189,1.693725,3.417969,-1.708984,0.9840040899945487
27.84,0.863525,0.44043,-0.173828,1.846313,3.662109,-2.14386,0.9848198739409151
27.85,0.859131,0.443604,-0.170898,1.991272,3.379822,-2.27356,0.9818842652680609
27.86,0.855225,0.445557,-0.173096,2.342224,2.754211,-2.098083,0.9797413261111323
27.87,0.85498,0.445801,-0.174316,2.784729,1.495361,-1.991272,0.9798547850865453
27.88,0.855957,0.446289,-0.175293,3.219604,0.244141,-2.151489,0.9811034059766585
27.89,0.862793,0.449707,-0.174805,3.623962,-0.511169,-2.525329,0.9885367644771742
27.9,0.862061,0.452148,-0.175537,3.570556,-0.320435,-3.303528,0.9891411527148185
27.91,0.856689,0.454346,-0.174316,3.227234,0.846863,-3.845215,0.9852575289197236
27.92,0.848145,0.458252,-0.174561,2.967834,2.182007,-4.173279,0.9797021890605329
27.93,0.835693,0.459961,-0.172607,2.723694,2.777099,-4.669189,0.9694019229499187
27.94,0.828369,0.462158,-0.174072,2.189636,2.662658,-4.837036,0.9644098082812099
27.95,0.831299,0.467529,-0.180176,1.88446,1.64032,-4.653931,0.9706208241213455
27.96,0.84082,0.477295,-0.181152,1.724243,0.167847,-4.882813,0.9836690686043756
27.97,0.851318,0.481689,-0.186523,1.228333,-0.88501,-5.332946,0.9957697823161737
27.98,0.861572,0.485107,-0.190918,0.732422,-1.13678,-5.783081,1.0070177731087968
27.99,0.864014,0.486572,-0.182861,0.015259,-0.518799,-6.67572,1.0083207072657985
28.0,0.856689,0.483887,-0.175781,-0.564575,0.617981,-7.621765,0.9994806808793255
28.01,0.8396,0.480957,-0.169434,-0.946045,1.51062,-8.232117,0.9823215747427113
28.02,0.825195,0.481201,-0.165283,-1.159668,1.88446,-8.743286,0.9694429640339859
28.03,0.813232,0.481934,-0.161865,-1.373291,1.586914,-8.758545,0.959065662196807
28.04,0.807129,0.479004,-0.156982,-1.502991,1.022339,-8.399963,0.9516014937887602
28.05,0.807861,0.476318,-0.155273,-1.63269,0.213623,-7.93457,0.9505934656697363
28.06,0.809082,0.475586,-0.155518,-1.716614,-0.656128,-7.461547,0.9513051952154997
28.07,0.813232,0.474121,-0.155273,-1.777649,-1.487732,-6.980896,0.9540685053988522
28.08,0.821777,0.473633,-0.153564,-1.754761,-1.991272,-6.736755,0.9608473127994894
28.09,0.81543,0.468018,-0.153076,-1.602173,-1.899719,-6.278991,0.9525750337899896
28.1,0.802246,0.471436,-0.14917,-1.396179,-1.38855,-5.233764,0.9423917632874345
28.11,0.793457,0.475586,-0.142822,-1.251221,-1.403808,-4.28009,0.936031077437603
28.12,0.783203,0.474609,-0.137939,-1.052856,-1.655578,-3.334045,0.9261143610866857
28.13,0.775635,0.476318,-0.133789,-0.679016,-2.090454,-2.120972,0.9199934711018334
28.14,0.775146,0.477051,-0.133545,-0.205994,-2.388,-0.785828,0.919925673596514
28.15,0.787842,0.478027,-0.139648,0.38147,-2.830505,0.610352,0.9320442015253354
28.16,0.790283,0.476807,-0.141357,1.037598,-3.044128,1.609802,0.9337419005201598
28.17,0.798584,0.474365,-0.151367,1.403808,-2.243042,2.662658,0.9411006996969028
28.18,0.813477,0.475098,-0.155762,1.64032,-1.190186,3.692627,0.9548427827537892
28.19,0.811523,0.47168,-0.151367,1.663208,0.289917,4.272461,0.9507699882821292
28.2,0.800781,0.46875,-0.147949,1.594543,1.907349,5.241394,0.9396093225708224
28.21,0.792236,0.467041,-0.145508,1.770019,2.799988,6.553649,0.9310949218210783
28.22,0.792236,0.465332,-0.143555,1.937866,2.723694,7.720947,0.9299353676170189
28.23,0.790039,0.463867,-0.13623,1.953125,2.342224,8.666992,0.9262250418283885
28.24,0.802002,0.465332,-0.126465,2.372742,2.540588,9.368896,0.9358068574513654
28.25,0.814941,0.470459,-0.111084,3.181457,3.463745,9.407043,0.9475231708079755
28.26,0.816406,0.472656,-0.101318,4.104614,6.034851,9.307861,0.9487822660104899
28.27,0.806885,0.47876,-0.104736,4.936218,8.972168,9.727478,0.9440572919696134
28.28,0.78833,0.481689,-0.115234,5.508422,10.848998,10.665893,0.9310034137300464
28.29,0.78125,0.477539,-0.131836,5.958557,10.208129,12.176513,0.9250815044724437
28.3,0.797852,0.468018,-0.154053,6.393432,7.240295,13.435363,0.9377318321551209
28.31,0.829102,0.464355,-0.176758,6.515502,4.310608,13.893126,0.9665811310971263
28.32,0.860107,0.456543,-0.191162,5.989074,3.730774,14.015197,0.9923499748284372
28.33,0.866455,0.447998,-0.197021,5.058288,5.569458,13.793944,0.9951199673757933
28.34,0.848877,0.444092,-0.195313,3.944397,8.56781,14.10675,0.9777305526380977
28.35,0.817627,0.44165,-0.187988,2.845764,10.726928,15.312194,0.9481076530505383
28.36,0.793213,0.439941,-0.169922,2.044678,11.016845,17.074585,0.9228263286957086
28.37,0.780762,0.433838,-0.143555,1.449585,10.002136,19.325256,0.9046616764918253
28.38,0.791992,0.426758,-0.115723,1.457214,8.613586,21.553038,0.9070642377235474
28.39,0.816895,0.420166,-0.098389,2.326965,7.789611,22.850035,0.9238708264156845
28.4,0.821045,0.411377,-0.091064,3.089905,7.942199,22.804258,0.9228426627816901
28.41,0.842773,0.414551,-0.099121,3.852844,8.69751,23.513792,0.9444277811304579
28.42,0.892334,0.423828,-0.110107,4.844666,9.010315,23.628233,0.9939887789049733
28.43,0.916992,0.418945,-0.114746,5.088806,10.177611,21.705626,1.0146703334605778
28.44,0.912354,0.403564,-0.119629,4.585266,11.535644,19.53125,1.0047710291668446
28.45,0.899902,0.400635,-0.128662,4.173279,11.322021,18.547058,0.9934213220346139
28.46,0.90332,0.396729,-0.133301,3.837585,9.239197,17.845154,0.9955652055199599
28.47,0.935791,0.393311,-0.140869,3.387451,6.790161,16.494751,1.0248133554764987
28.48,0.943848,0.390381,-0.13208,2.76947,5.882263,14.022826,1.0298987807862479
28.49,0.917725,0.381104,-0.118164,2.044678,6.729125,12.176513,1.0007108300288352
28.5,0.898193,0.383057,-0.117188,2.067566,7.583618,11.619567,0.9834715846642443
28.51,0.884033,0.389893,-0.123291,1.914978,7.545471,11.154174,0.9740285248487336
28.52,0.87085,0.391602,-0.125244,1.396179,6.851196,10.528563,0.9630253934554375
28.53,0.863281,0.395752,-0.127686,0.732422,5.485534,10.139464,0.9582157612255185
28.54,0.856201,0.397705,-0.129883,0.137329,3.890991,10.040282,0.9529527864039226
28.55,0.849609,0.394287,-0.125732,-0.37384,2.883911,10.551452,0.9450429763106014
28.56,0.8479,0.392822,-0.119629,-0.770569,2.479553,11.268615,0.9421011789213514
28.57,0.841064,0.38916,-0.112793,-1.205444,2.708435,11.993407,0.9335718604076496
28.58,0.825928,0.382324,-0.106201,-1.571655,3.829956,13.412475,0.9163009083052357
28.59,0.807129,0.374268,-0.101318,-1.960754,5.729675,15.594481,0.8954323512075046
28.6,0.782715,0.370361,-0.095215,-2.39563,8.003235,19.020081,0.8711348562484457
28.61,0.761719,0.365234,-0.093994,-2.662658,10.353087,23.28491,0.8499685769209354
28.62,0.745117,0.362061,-0.094482,-2.906799,12.527465,27.961729,0.8337951545397707
28.63,0.736328,0.358154,-0.099121,-2.76947,14.35852,32.981873,0.8247897816662134
28.64,0.734619,0.356445,-0.09375,-2.243042,16.586304,38.238525,0.8218924355936122
28.65,0.738037,0.353027,-0.087891,-1.480102,19.760132,43.624874,0.8228313946240748
28.66,0.748779,0.352783,-0.090576,-0.297546,24.162291,49.537655,0.832664306732311
28.67,0.76001,0.354492,-0.090088,0.87738,29.571531,55.458065,0.8434427223635282
28.68,0.780518,0.349121,-0.088623,1.686096,35.804749,61.035152,0.8596207635312214
28.69,0.803711,0.339844,-0.086426,2.243042,42.388912,66.574097,0.8768778531431843
28.7,0.822266,0.328125,-0.081055,2.662658,49.232479,71.502686,0.8890204178791397
28.71,0.831055,0.313232,-0.075195,2.807617,55.610653,76.148987,0.8913029714266637
28.72,0.838623,0.296875,-0.067383,2.799988,60.493465,80.497734,0.8921680169357116
28.73,0.848389,0.284424,-0.055908,2.754211,64.208984,85.09063,0.8965414723039865
28.74,0.848633,0.267578,-0.039063,2.822876,67.024231,89.660637,0.8906749534718039
28.75,0.8396,0.258545,-0.012695,2.990722,68.374634,93.772881,0.8785982244746458
28.76,0.840576,0.246094,0.004395,2.761841,67.222595,97.190849,0.8758707579529071
28.77,0.857666,0.231445,0.007324,2.082825,63.415524,100.006096,0.8883757068701283
28.78,0.886719,0.219727,0.007568,1.029968,57.685848,101.600639,0.9135687243519232
28.79,0.942871,0.188477,0.009521,-0.640869,50.117489,100.502007,0.9615716050357352
28.8,1.00708,0.168945,0.010742,-2.319336,42.610165,97.877495,1.0212090530293
28.81,1.030029,0.136719,0.014648,-4.547119,36.087036,94.879143,1.0391661992703574
28.82,1.042969,0.098633,0.015869,-5.310058,28.366087,89.912407,1.0477426348159171
28.83,1.065918,0.070313,0.014893,-5.004883,18.157959,84.510796,1.068338383725868
28.84,1.116943,0.060059,0.012939,-5.722045,6.980896,77.941895,1.1186313809521884
28.85,1.173828,0.039551,0.009766,-8.522034,-3.65448,69.793701,1.174534729133626
28.86,1.212158,0.015137,0.016602,-11.520385,-10.95581,61.233517,1.2123661873118206
28.87,1.234131,-0.000732,0.019043,-13.183593,-13.381957,51.734921,1.2342781278277601
28.88,1.236816,-0.008301,0.029785,-14.373778,-13.793944,41.389462,1.237202437227635
28.89,1.212402,-0.026123,0.053467,-15.403747,-13.801574,31.585691,1.21386149985161
28.9,1.189941,-0.04541,0.06958,-15.457152,-13.442992,21.972654,1.192838223725665
28.91,1.159668,-0.06543,0.081543,-14.640807,-13.031005,14.045714,1.164371167614949
28.92,1.11792,-0.072021,0.080811,-12.626647,-12.71057,7.850646,1.1231485069045857
28.93,1.087891,-0.06665,0.081299,-10.719298,-13.404845,3.15094,1.0929586349821296
28.94,1.0625,-0.063232,0.083496,-9.498596,-13.992309,-1.312256,1.0676498104903123
28.95,1.04541,-0.051025,0.082031,-7.919311,-13.549804,-5.371093,1.0498641358223453
28.96,1.032715,-0.02832,0.072021,-6.690979,-12.184142,-7.980346,1.0356106015612239
28.97,1.008057,-0.004395,0.058105,-5.973815,-10.765075,-10.620116,1.0097397794971732
28.98,0.986572,-0.002197,0.047119,-5.828857,-10.536193,-13.259887,0.9876990119231668
28.99,0.969238,-0.002197,0.041504,-5.775451,-11.405944,-14.686584,0.9701287076821302
29.0,0.956787,0.007568,0.037354,-5.378723,-12.71057,-14.755248,0.9575458001103655
29.01,0.95874,0.019775,0.036621,-5.142211,-13.656615,-14.541625,0.9596429210211473
29.02,0.958496,0.021729,0.044189,-5.226135,-13.870238,-14.98413,0.9597600737569781
29.03,0.962158,0.022461,0.054688,-4.585266,-13.313293,-15.716552,0.9639726608306897
29.04,0.9646,0.027588,0.056396,-3.067016,-12.222289,-15.998839,0.9666409708676743
29.05,0.963379,0.04126,0.046631,-1.533508,-10.917663,-16.021729,0.965389007292915
29.06,0.959961,0.057129,0.032959,-0.099182,-9.246826,-16.235352,0.9622240590647273
29.07,0.956543,0.074951,0.02002,0.740051,-8.69751,-16.082764,0.959683783154639
29.08,0.958496,0.087891,0.003174,0.991821,-9.353638,-15.777587,0.9625224590486188
29.09,0.957764,0.09082,0.000244,0.534058,-10.467528,-15.892028,0.9620603991600527
29.1,0.956055,0.0896,0.007813,0.457764,-10.95581,-15.571593,0.9602761925581619
29.11,0.953125,0.090576,0.017334,0.610352,-10.917663,-15.060424,0.9575759734647691
29.12,0.951172,0.091553,0.02417,0.869751,-10.19287,-14.869689,0.9558735869836555
29.13,0.949463,0.094482,0.039307,1.602173,-8.972168,-14.98413,0.9549617149090324
29.14,0.94751,0.093018,0.051758,3.082275,-7.530212,-14.976501,0.953470733157552
29.15,0.95874,0.10083,0.048828,5.065917,-5.722045,-15.11383,0.9652633060901051
29.16,0.953857,0.106689,0.040771,6.736755,-3.410339,-15.533446,0.9606705957876508
29.17,0.941162,0.111572,0.020752,8.003235,-1.533508,-15.090941,0.9479793599715134
29.18,0.94043,0.117188,-0.006836,8.506775,-1.220703,-13.641356,0.9477279900583289
29.19,0.941162,0.116699,-0.020996,8.239746,-2.380371,-12.405395,0.9486018125963075
29.2,0.935059,0.11084,-0.034668,7.461547,-4.127502,-11.619567,0.9422434448193311
29.21,0.94165,0.112549,-0.046631,6.484985,-5.844116,-10.559081,0.9494979989773544
29.22,0.946045,0.114258,-0.049072,5.111694,-6.91986,-9.712219,0.9541824216432622
29.23,0.948242,0.112549,-0.043457,3.829956,-6.401062,-9.124756,0.9558863315342468
29.24,0.943115,0.109619,-0.037598,2.914428,-4.997253,-8.422852,0.9502083129451142
29.25,0.940674,0.108643,-0.037109,2.471924,-3.494262,-7.476806,0.9476539207991491
29.26,0.943359,0.108398,-0.038086,2.120972,-2.243042,-6.202697,0.9503298757173742
29.27,0.945313,0.108398,-0.036133,1.655578,-1.113892,-5.401611,0.9521934614677838
29.28,0.943848,0.106445,-0.033936,1.152039,-0.358582,-4.875183,0.9504373925856453
29.29,0.937012,0.105957,-0.027832,0.671387,0.274658,-4.081726,0.9433944001407895
29.3,0.936523,0.109863,-0.0271,0.267029,0.465393,-2.929687,0.9433343088735827
29.31,0.940918,0.109375,-0.022461,-0.228882,0.495911,-1.655578,0.9475199575048538
29.32,0.945313,0.105713,-0.013916,-0.62561,0.526428,-0.770569,0.9513072907289211
29.33,0.945068,0.099854,-0.009766,-1.060486,0.717163,-0.221252,0.9503787248755098
29.34,0.945313,0.10083,-0.009277,-1.213074,0.793457,0.495911,0.9507204739554104
29.35,0.953369,0.102051,-0.008545,-1.800537,0.648498,1.152039,0.9588534162149083
29.36,0.961914,0.097168,-0.000244,-2.479553,0.343323,1.045227,0.966809300304874
29.37,0.964111,0.091553,0.015625,-2.929687,0.282288,0.549316,0.9685742680636318
29.38,0.979004,0.091797,0.017578,-2.723694,0.030518,0.450134,0.9834553916212977
29.39,0.988037,0.093506,0.017578,-2.304077,-0.289917,-0.434875,0.99260741055515
29.4,0.978027,0.088379,0.020264,-2.082825,-0.747681,-1.930237,0.9822211003974615
29.41,0.971191,0.0896,0.018066,-1.770019,-1.876831,-2.761841,0.9754827004293822
29.42,0.971924,0.085205,0.020264,-1.487732,-3.509521,-3.52478,0.9758620719635537
29.43,0.962402,0.083496,0.029297,-1.106262,-5.317688,-4.547119,0.9664613317815669
29.44,0.958496,0.085205,0.026855,-0.450134,-6.988525,-5.752563,0.9626503337484489
29.45,0.956055,0.092285,0.020752,0.221252,-8.415222,-6.690979,0.9607228162971877
29.46,0.953613,0.102295,0.019775,0.694275,-9.635925,-7.278442,0.959287793844475
29.47,0.951172,0.105225,0.023926,1.068115,-10.620116,-7.942199,0.9572736952852094
29.48,0.952393,0.110107,0.024414,1.754761,-11.177062,-8.392334,0.9590474551835274
29.49,0.958496,0.11792,0.012451,2.548218,-11.283874,-8.216858,0.9658026381290331
29.5,0.959717,0.126953,0.000732,2.89917,-10.917663,-8.399963,0.9680776415773685
29.51,0.951172,0.123779,-0.003174,3.14331,-10.56671,-8.81958,0.9591973147903408
29.52,0.951172,0.122559,-0.012451,3.761291,-10.398864,-8.43811,0.9591162127010471
29.53,0.95459,0.125732,-0.021484,3.967285,-10.093688,-7.987976,0.9630743305581351
29.54,0.952393,0.123047,-0.030518,3.936767,-8.911133,-7.904052,0.9607935985330044
29.55,0.944336,0.12085,-0.0354,3.791809,-7.56073,-7.362365,0.9526953150908216
29.56,0.934814,0.12207,-0.037354,3.562927,-6.599426,-6.515502,0.9434901275646714
29.57,0.933838,0.127686,-0.040039,3.166198,-5.607605,-5.638122,0.9433770435838471
29.58,0.936279,0.128418,-0.039307,2.937317,-4.653931,-4.623413,0.9458618233198758
29.59,0.939941,0.132324,-0.040283,2.784729,-3.39508,-3.761291,0.9500639160319689
29.6,0.941895,0.13501,-0.036377,2.63977,-2.433777,-3.204345,0.9522169801332048
29.61,0.944824,0.138428,-0.037842,2.441406,-2.006531,-2.777099,0.9556603576187515
29.62,0.942139,0.134766,-0.038574,2.243042,-1.998901,-2.777099,0.9525102222826797
29.63,0.941895,0.133545,-0.039307,1.930237,-1.953125,-2.685547,0.9521268288936091
29.64,0.940918,0.135498,-0.035156,1.464844,-1.815796,-2.044678,0.9512740588621137
29.65,0.946533,0.138672,-0.033936,1.12915,-1.281738,-1.373291,0.9572388916926641
29.66,0.948486,0.13623,-0.034912,0.595093,-0.213623,-0.862122,0.9588551260956997
29.67,0.946533,0.134033,-0.035889,-0.045776,0.732422,-0.366211,0.9566491444092761
29.68,0.949707,0.131348,-0.036377,-0.473022,1.289368,0.152588,0.959436797856951
29.69,0.956055,0.126953,-0.031982,-0.999451,1.396179,0.389099,0.9649772409533812
29.7,0.957764,0.126221,-0.027344,-1.525879,1.525879,0.328064,0.9664322608817443
29.71,0.954346,0.126221,-0.021484,-1.89209,1.815796,0.198364,0.9628964590302532
29.72,0.953369,0.124268,-0.014893,-1.976013,1.770019,0.236511,0.9615491601753912
29.73,0.949951,0.122559,-0.007813,-1.937866,1.426697,0.25177,0.9578562803735224
29.74,0.946533,0.122803,-0.010254,-1.785278,1.068115,0.358582,0.9545210534157955
29.75,0.949463,0.124512,-0.012451,-1.487732,0.648498,0.732422,0.9576733544972419
29.76,0.950195,0.126465,-0.017578,-1.205444,0.045776,0.87738,0.9587350626393091
29.77,0.951416,0.125732,-0.017578,-1.121521,-0.564575,1.014709,0.9598489084038175
29.78,0.958984,0.122314,-0.013428,-0.915527,-1.060486,1.13678,0.9668460777372994
29.79,0.962646,0.117188,-0.009033,-0.595093,-1.266479,0.88501,0.9697947946596743
29.8,0.957764,0.117432,-0.005127,-0.061035,-1.12915,0.457764,0.9649499678475563
29.81,0.95166,0.115479,-0.001709,0.396728,-0.946045,0.289917,0.9586423085395303
29.82,0.952881,0.114502,-0.000977,1.106262,-1.121521,0.289917,0.959736350616147
29.83,0.954834,0.114502,-0.001953,1.88446,-1.243591,0.289917,0.9616769154809738
29.84,0.954102,0.120361,-0.007324,2.578735,-1.678467,0.198364,0.9616917581538276
29.85,0.959961,0.125488,-0.013428,2.975464,-2.296448,-0.099182,0.9682213955748963
29.86,0.958496,0.124512,-0.015625,2.983093,-2.5177,-0.320435,0.9666757268003578
29.87,0.958252,0.125244,-0.016357,2.967834,-2.845764,-0.37384,0.9665404836265267
29.88,0.956055,0.124756,-0.017334,2.822876,-2.990722,-0.335693,0.9643161774630766
29.89,0.949951,0.125732,-0.01709,2.586365,-3.120422,-0.427246,0.958387972756858
29.9,0.950928,0.125244,-0.021729,2.464294,-3.211975,-0.282288,0.9593864029477384
29.91,0.953369,0.126221,-0.026123,2.357483,-3.181457,-0.198364,0.9620429315425586
29.92,0.950684,0.129395,-0.028809,2.044678,-2.799988,-0.236511,0.9598818116632901
29.93,0.945068,0.126221,-0.030518,1.655578,-1.991272,0.038147,0.9539479093687454
29.94,0.940674,0.125488,-0.032959,1.266479,-0.968933,0.534058,0.9495794374885127
29.95,0.942383,0.125,-0.033691,0.900268,-0.320435,1.213074,0.9512338314893978
29.96,0.948242,0.127441,-0.038818,0.434875,0.328064,1.838684,0.957554664846347
29.97,0.953857,0.128418,-0.039795,0.1297,0.839233,2.212524,0.9632850051765572
29.98,0.952393,0.125488,-0.035645,-0.289917,0.717163,2.326965,0.9612857174732183
29.99,0.95752,0.124268,-0.030273,-0.38147,0.312805,2.27356,0.96602460670161
30.0,0.96582,0.126465,-0.026611,-0.404358,-0.160217,2.113342,0.9744279418951408
30.01,0.967285,0.124756,-0.025635,-0.465393,-0.305176,1.777649,0.9756338882931446
30.02,0.962158,0.122314,-0.021484,-0.396728,-0.114441,1.663208,0.9701393167045648
30.03,0.957764,0.119385,-0.019775,-0.328064,-0.267029,1.594543,0.9653785312228567
30.04,0.959229,0.114502,-0.019287,-0.320435,-0.701904,1.480102,0.9662313236559866
30.05,0.958252,0.109131,-0.014648,-0.274658,-1.037598,1.152039,0.9645574293783652
30.06,0.955322,0.108643,-0.010986,-0.167847,-0.930786,0.808716,0.9615425717715259
30.07,0.960205,0.109131,-0.010498,0.137329,-1.029968,0.740051,0.9664436999587716
30.08,0.967529,0.105469,-0.010254,0.419617,-1.358032,0.228882,0.9733145536351544
30.09,0.968994,0.104492,-0.011475,0.541687,-1.525879,-0.549316,0.9746792424818537
30.1,0.962402,0.108887,-0.013916,0.732422,-1.853943,-1.12915,0.9686421648002941
30.11,0.960449,0.113281,-0.01416,0.801086,-2.281189,-1.487732,0.9672100972187997
30.12,0.957275,0.112305,-0.014404,0.831604,-2.426147,-1.556396,0.9639477754868259
30.13,0.954834,0.109863,-0.012695,0.923157,-2.319336,-1.441955,0.9612174620500815
30.14,0.953125,0.112061,-0.010498,0.808716,-2.182007,-1.449585,0.9597474362299698
30.15,0.95166,0.112793,-0.012451,1.052856,-2.044678,-1.251221,0.9584018175327089
30.16,0.952637,0.111328,-0.013184,1.281738,-2.006531,-1.235962,0.9592106104547635
30.17,0.953857,0.115234,-0.014893,1.312256,-2.174377,-1.441955,0.9609078273455783
30.18,0.954834,0.115723,-0.017822,1.38855,-2.388,-1.556396,0.9619861765997472
30.19,0.95459,0.119873,-0.019043,1.12915,-2.441406,-1.579285,0.9622755530917327
30.2,0.953613,0.121338,-0.019531,0.923157,-2.27356,-1.586914,0.9614999344638564
30.21,0.950195,0.118408,-0.021484,0.778198,-2.372742,-1.686096,0.9577852341443776
30.22,0.94873,0.118896,-0.021729,0.610352,-2.693176,-1.609802,0.9563979407950438
30.23,0.955078,0.122314,-0.027832,0.579834,-2.761841,-1.319885,0.96328049959708
30.24,0.962402,0.125244,-0.034668,0.526428,-2.807617,-1.289368,0.9711362105101425
30.25,0.960449,0.125,-0.0354,0.267029,-2.578735,-1.617432,0.9691957705236852
30.26,0.954102,0.126709,-0.032471,0.190735,-2.311707,-1.724243,0.9630265639773391
30.27,0.954834,0.130859,-0.033936,0.160217,-2.227783,-1.472473,0.9643566236268614
30.28,0.958252,0.132568,-0.03125,0.152588,-1.960754,-1.281738,0.9678831193010858
30.29,0.956055,0.132813,-0.03125,-0.167847,-1.396179,-1.533508,0.96574169346363
30.3,0.953857,0.131592,-0.030029,-0.457764,-1.220703,-1.64032,0.9633594198189999
30.31,0.956299,0.130615,-0.0271,-0.732422,-1.38092,-1.625061,0.965558110952417
30.32,0.952148,0.125244,-0.021484,-0.915527,-1.502991,-1.602173,0.9605901496975701
30.33,0.953857,0.125244,-0.019531,-0.839233,-1.922607,-1.373291,0.962242534887125
30.34,0.957275,0.123535,-0.020996,-0.656128,-2.494812,-1.403808,0.9654414295367689
30.35,0.964844,0.123291,-0.020508,-0.358582,-3.028869,-1.800537,0.97290554170536
30.36,0.966553,0.120361,-0.019287,-0.030518,-3.158569,-2.304077,0.9742091461790943
30.37,0.96582,0.118408,-0.018799,0.511169,-2.960205,-2.63977,0.9732328237708591
30.38,0.960938,0.117188,-0.020752,0.831604,-2.685547,-2.609253,0.9682796665695298
30.39,0.956543,0.118164,-0.020752,1.12915,-2.13623,-2.555847,0.9640372851964804
30.4,0.954346,0.117676,-0.018555,1.243591,-1.846313,-2.487183,0.9617526795995943
30.41,0.951172,0.121826,-0.016602,1.335144,-1.747131,-2.349854,0.959085697038591
30.42,0.944336,0.125977,-0.016113,1.480102,-1.838684,-2.166748,0.9528380314586524
30.43,0.938477,0.123779,-0.018066,1.213074,-2.006531,-1.716614,0.9467770068638126
30.44,0.93457,0.12085,-0.015381,0.976562,-2.113342,-1.014709,0.9424767278617546
30.45,0.93457,0.119385,-0.01416,0.839233,-2.082825,-0.244141,0.9422708574104369
30.46,0.935791,0.120117,-0.016602,0.587463,-1.945495,0.465393,0.943614601293346
30.47,0.933594,0.117432,-0.014404,0.297546,-1.533508,0.999451,0.9410608411128368
30.48,0.925781,0.114258,-0.007568,0.038147,-1.022339,1.770019,0.9328357975276248
30.49,0.921631,0.114502,-0.006836,0.091553,-0.740051,2.593994,0.9287416966309847
30.5,0.922852,0.12207,-0.007813,-0.030518,-0.305176,3.463745,0.9309231664176157
30.51,0.921143,0.126709,-0.01001,-0.411987,0.434875,4.173279,0.9298708497581801
30.52,0.92041,0.124023,-0.010254,-0.686645,0.823975,5.020141,0.9287849143612313
30.53,0.92041,0.117432,-0.012207,-0.923157,0.663757,6.04248,0.9279514284557139
30.54,0.920654,0.116699,-0.01416,-1.098633,-0.022888,7.034301,0.928128735638004
30.55,0.923584,0.126465,-0.015137,-1.365662,-0.656128,8.239746,0.9323250130989729
30.56,0.927002,0.131104,-0.018555,-1.708984,-0.404358,9.33075,0.9364108365696117
30.57,0.922363,0.131592,-0.019775,-1.991272,0.12207,10.231017,0.9319125542978804
30.58,0.92334,0.128906,-0.017822,-2.326965,0.198364,10.978698,0.9324650857377986
30.59,0.92627,0.123535,-0.018555,-2.601623,0.083923,11.398314,0.934655710489162
30.6,0.922852,0.11792,-0.019775,-3.074646,0.160217,11.596679,0.9305654146426247
30.61,0.923828,0.112549,-0.019287,-3.463745,-0.137329,12.168883,0.9308584421672288
30.62,0.927979,0.112061,-0.025391,-3.753662,-0.976562,12.641906,0.9350654496039301
30.63,0.930908,0.112793,-0.026123,-4.03595,-1.983642,13.183593,0.9380801545934121
30.64,0.938965,0.109619,-0.028076,-4.241943,-3.005981,14.10675,0.9457588795047076
30.65,0.945801,0.108154,-0.034424,-3.952026,-4.165649,14.335631,0.9525869152434333
30.66,0.960693,0.107178,-0.03125,-3.746032,-5.638122,14.015197,0.9671580669327016
30.67,0.969727,0.106201,-0.027588,-3.77655,-5.783081,14.076232,0.9759150601737838
30.68,0.981689,0.108887,-0.027344,-3.562927,-4.91333,13.992309,0.9880877318467223
30.69,0.986328,0.117432,-0.02832,-3.27301,-4.142761,13.305663,0.993697751133613
30.7,0.983887,0.11792,-0.029053,-3.173828,-4.226685,11.772155,0.9913540396740207
30.71,0.980957,0.112305,-0.028809,-3.433227,-4.562378,10.467528,0.9877848993353765
30.72,0.976318,0.10791,-0.024902,-3.356933,-5.439758,9.407043,0.9825790120025972
30.73,0.974609,0.100342,-0.027344,-3.486633,-6.446838,8.514404,0.9801422928233431
30.74,0.981201,0.092773,-0.033691,-3.669739,-6.91986,8.049011,0.9861527850242071
30.75,0.981201,0.09082,-0.039307,-3.486633,-6.958007,7.575988,0.9861788453673097
30.76,0.97998,0.090088,-0.043457,-3.440857,-6.790161,6.790161,0.9850711441276716
30.77,0.979736,0.088379,-0.049316,-3.341675,-6.91986,5.935668,0.9849495140325722
30.78,0.979492,0.079102,-0.045898,-3.479004,-7.04956,4.852295,0.983752169436998
30.79,0.970215,0.063477,-0.046875,-3.265381,-7.057189,4.043579,0.973418584874462
30.8,0.967529,0.050293,-0.04541,-2.853393,-7.087707,3.974914,0.9698988709087148
30.81,0.974121,0.05542,-0.056152,-1.88446,-7.469177,4.272461,0.9773106702297893
30.82,0.990723,0.072754,-0.063721,-1.358032,-7.690429,4.241943,0.9954323548519006
30.83,0.99292,0.082031,-0.058838,-1.800537,-6.54602,3.295898,0.9980386373307398
30.84,0.982666,0.08252,-0.052002,-2.380371,-4.943848,2.609253,0.9874949245236656
30.85,0.97876,0.086182,-0.04541,-2.693176,-4.165649,1.983642,0.983595721231035
30.86,0.980713,0.07959,-0.037842,-3.211975,-3.410339,0.228882,0.9846647010190829
30.87,0.967041,0.066895,-0.02832,-3.562927,-1.88446,-1.525879,0.9697655691485444
30.88,0.94043,0.054932,-0.022461,-3.555298,-0.854492,-2.304077,0.9423006983150336
30.89,0.927002,0.05127,-0.023438,-3.448486,-1.113892,-1.899719,0.9287145205863856
30.9,0.931641,0.062256,-0.025635,-3.448486,-2.792358,-1.205444,0.9340706159825392
30.91,0.949707,0.069824,-0.027344,-3.746032,-4.234314,-1.00708,0.952662831835587
30.92,0.965088,0.065186,-0.02417,-4.03595,-4.302979,-1.12915,0.9675888854467066
30.93,0.953857,0.054199,-0.02417,-4.081726,-3.860473,-1.075745,0.9557012592593984
30.94,0.940186,0.051758,-0.03125,-3.601074,-4.898071,-1.029968,0.9421279996157634
30.95,0.937256,0.056152,-0.033203,-3.02124,-7.293701,-0.854492,0.9395234408193336
30.96,0.945557,0.060547,-0.0354,-2.426147,-9.109497,-0.915527,0.948154596813199
30.97,0.959229,0.060791,-0.030518,-1.88446,-9.735107,-0.816345,0.9616377532345535
30.98,0.969727,0.05957,-0.036377,-1.174927,-8.857727,-0.465393,0.9722357355898825
30.99,0.973145,0.060059,-0.038574,-0.297546,-7.797241,-0.579834,0.9757593084270322
31.0,0.968262,0.057373,-0.039063,0.183105,-7.057189,-0.63324,0.970746557934665
31.01,0.959961,0.05835,-0.042969,0.724792,-6.454467,0.061035,0.9626921517193333
31.02,0.95166,0.062012,-0.045166,1.144409,-6.599426,0.549316,0.9547471975868795
31.03,0.952881,0.052979,-0.045654,1.060486,-7.240295,0.770569,0.9554440131781663
31.04,0.946533,0.055176,-0.04248,1.144409,-7.835388,0.968933,0.9490909658536425
31.05,0.941406,0.057129,-0.04248,1.167297,-8.125305,1.38092,0.9440940259725193
31.06,0.938477,0.060303,-0.044434,1.480102,-8.354187,1.953125,0.9414615826968193
31.07,0.945801,0.061768,-0.047363,1.838684,-8.972168,2.204895,0.9489984568975863
31.08,0.957275,0.052979,-0.052979,2.220154,-8.865356,2.479553,0.9602025695169744
31.09,0.962646,0.051514,-0.059814,3.02124,-7.530212,2.63977,0.965877180653938
31.1,0.965332,0.054443,-0.069092,3.555298,-6.500244,2.792358,0.9693315299406081
31.11,0.972168,0.059326,-0.079834,3.738403,-5.851745,2.929687,0.9772428879536551
31.12,0.970703,0.062012,-0.08252,3.433227,-4.837036,3.204345,0.9761758820791466
31.13,0.965332,0.063965,-0.086426,3.211975,-4.112244,3.501892,0.971301624072049
31.14,0.965576,0.068115,-0.086182,2.89917,-3.623962,4.020691,0.9718045081831016
31.15,0.964844,0.070313,-0.08374,2.258301,-2.761841,4.592896,0.9710202108632962
31.16,0.962158,0.066895,-0.077881,1.800537,-1.670837,4.844666,0.9676199709338372
31.17,0.955322,0.06543,-0.069092,1.663208,-1.121521,5.020141,0.9600494326064675
31.18,0.953613,0.058594,-0.065674,1.846313,-1.289368,5.203247,0.9576659568351588
31.19,0.958984,0.053711,-0.06958,1.869202,-1.655578,5.523681,0.9630039253175451
31.2,0.976807,0.055664,-0.076416,1.823425,-2.204895,5.348205,0.9813713880081282
31.21,0.997314,0.05127,-0.082764,1.747131,-2.197266,4.249573,1.0020547426123985
31.22,1.015869,0.037109,-0.087158,1.64032,-1.487732,2.433777,1.020276148895974
31.23,1.005859,0.043701,-0.08374,1.617432,-0.785828,0.442505,1.010284362386155
31.24,0.990967,0.049316,-0.080566,1.525879,0.045776,-0.762939,0.9954589611335065
31.25,0.985596,0.061279,-0.081055,1.426697,0.564575,-1.304626,0.9908201169142661
31.26,0.972168,0.063477,-0.074219,0.968933,1.274109,-1.678467,0.9770611084850324
31.27,0.959473,0.056885,-0.07251,0.442505,1.602173,-1.76239,0.9638890190545798
31.28,0.958008,0.052246,-0.06543,-0.1297,0.968933,-1.792908,0.961660052970903
31.29,0.958252,0.054932,-0.056641,-0.427246,0.701904,-1.76239,0.9614949937513975
31.3,0.956543,0.055664,-0.054443,-0.549316,1.12915,-1.670837,0.9597067427052912
31.31,0.955566,0.053467,-0.05249,-0.488281,0.915527,-1.647949,0.9584989830693614
31.32,0.954834,0.046387,-0.054199,-0.480652,0.061035,-1.655578,0.9574953017775074
31.33,0.958008,0.04834,-0.061035,-0.495911,-0.808716,-1.480102,0.9611666634299173
31.34,0.958496,0.054688,-0.063477,-0.274658,-1.243591,-1.083374,0.962151073838719
31.35,0.953613,0.053711,-0.068848,-0.152588,-1.182556,-0.534058,0.9576025649474839
31.36,0.948486,0.056641,-0.06958,-0.190735,-1.045227,-0.061035,0.9527199333891362
31.37,0.94043,0.055176,-0.067871,-0.160217,-0.358582,0.793457,0.9444889880337409
31.38,0.932129,0.057129,-0.063232,-0.343323,0.839233,1.930237,0.9360162825004701
31.39,0.917725,0.060059,-0.058838,-0.480652,2.13623,3.158569,0.9215683205004391
31.4,0.909668,0.0625,-0.054199,-0.534058,2.815246,4.737854,0.9134219462137967
31.41,0.912354,0.061523,-0.053223,-0.831604,2.777099,6.355285,0.9159735741679451
31.42,0.916016,0.05835,-0.051514,-1.220703,2.212524,7.545471,0.9193169893741767
31.43,0.925049,0.053955,-0.05127,-1.64032,1.281738,8.651733,0.9280384729772791
31.44,0.947021,0.054199,-0.05127,-1.663208,0.38147,9.666443,0.9499552194403692
31.45,0.954834,0.05127,-0.056885,-1.586914,0.793457,9.819031,0.9579000384596505
31.46,0.955322,0.047119,-0.060303,-1.426697,1.63269,9.918213,0.9583823744487374
31.47,0.955566,0.047607,-0.064453,-1.480102,2.830505,10.307311,0.9589197025893252
31.48,0.953613,0.047852,-0.069824,-1.838684,4.493713,10.978698,0.957362501171317
31.49,0.946777,0.049072,-0.065186,-1.777649,5.935668,11.856078,0.9502862534568203
31.5,0.933838,0.04834,-0.063477,-1.838684,7.270813,12.855529,0.9372403615791415
31.51,0.921143,0.046875,-0.05957,-1.907349,7.965087,14.312743,0.9242566077524141
31.52,0.912109,0.043945,-0.053955,-1.770019,8.31604,16.113281,0.9147596039020306
31.53,0.912109,0.047363,-0.049316,-1.457214,8.666992,18.310547,0.9146683275953092
31.54,0.914307,0.048584,-0.043701,-1.365662,9.384155,20.530699,0.9166392271259178
31.55,0.907959,0.045166,-0.039551,-1.296997,10.261535,22.720335,0.9099416436442503
31.56,0.905273,0.041992,-0.033203,-1.029968,10.475158,24.719236,0.9068544380450481
31.57,0.900391,0.036865,-0.030273,-0.862122,10.353087,26.466368,0.9016537226868195
31.58,0.901611,0.032471,-0.031006,-0.732422,10.261535,28.549192,0.9027281612966331
31.59,0.901855,0.026855,-0.028564,-0.282288,10.856627,30.792234,0.9027067819319848
31.6,0.906006,0.022461,-0.029785,0.030518,12.145995,33.302307,0.9067736844339936
31.61,0.907715,0.017578,-0.030518,0.320435,13.938903,35.995483,0.9083979610462587
31.62,0.907715,0.010986,-0.027588,0.717163,15.541076,38.261414,0.9082005897184829
31.63,0.909912,-0.001221,-0.029053,1.029968,16.738892,40.374752,0.9103765239690663
31.64,0.914551,-0.007813,-0.031006,1.327515,17.349243,42.678829,0.9151098003004885
31.65,0.917725,-0.012695,-0.032715,1.327515,17.784119,44.586178,0.9183956717423053
31.66,0.918213,-0.018799,-0.033203,1.022339,18.302917,46.249386,0.9190054161858895
31.67,0.927979,-0.024902,-0.032471,0.366211,18.371582,48.233028,0.9288807780797276
31.68,0.932861,-0.037109,-0.033203,-0.648498,17.921448,49.705502,0.9341890399758499
31.69,0.936035,-0.056396,-0.022949,-1.548767,16.723633,50.239559,0.9380131590985278
31.7,0.942627,-0.075195,-0.012207,-2.006531,14.816283,50.689693,0.9457002484947331
31.71,0.954346,-0.0896,-0.003906,-2.288818,12.367248,50.682064,0.9585508356639203
31.72,0.958496,-0.108154,-0.00293,-2.738952,10.19287,49.568172,0.9645830470374233
31.73,0.964844,-0.121338,-0.012939,-2.662658,7.514953,48.759457,0.9725298310596956
31.74,0.988281,-0.131592,-0.016113,-2.76947,3.410339,46.813961,0.9971336009753156
31.75,1.013184,-0.154541,-0.020996,-3.662109,0.267029,42.839046,1.025117344772295
31.76,1.060547,-0.175537,-0.025146,-4.180908,-0.999451,38.635254,1.0752699655872473
31.77,1.140381,-0.194336,-0.042969,-4.66156,-1.243591,32.997131,1.1576189532907624
31.78,1.244385,-0.219971,-0.05127,-6.973266,1.091003,23.498533,1.2647173130648603
31.79,1.306641,-0.243408,-0.039795,-9.811401,5.508422,10.215758,1.3297149316188037
31.8,1.293457,-0.265625,-0.030762,-12.496947,12.550353,-4.402161,1.3208080678577037
31.81,1.225342,-0.258301,-0.01123,-14.22119,17.936707,-16.288757,1.2523212592881268
31.82,1.151367,-0.224854,0.012695,-14.381408,19.371033,-25.05493,1.1731864527985312
31.83,1.088623,-0.188965,0.044434,-13.72528,17.547607,-31.524656,1.105794821705184
31.84,1.039551,-0.162842,0.087402,-13.191222,14.190673,-36.140442,1.0558517453549052
31.85,0.992188,-0.140869,0.114502,-12.359618,11.650084,-39.222717,1.0086584211262999
31.86,0.939209,-0.122314,0.128418,-10.864257,8.44574,-40.481564,0.9558061743894523
31.87,0.905029,-0.100586,0.133301,-8.872986,3.234863,-39.93988,0.9203065743750829
31.88,0.884033,-0.081299,0.126465,-6.92749,-2.777099,-38.459778,0.8967258604027208
31.89,0.868164,-0.066895,0.108154,-5.271911,-8.399963,-36.239624,0.8774286065754866
31.9,0.86499,-0.057129,0.088135,-3.860473,-13.061522,-33.432007,0.8713433312799266
31.91,0.877686,-0.052979,0.067871,-2.799988,-16.532898,-30.403135,0.8818990654706467
31.92,0.898926,-0.051025,0.044434,-1.838684,-17.852783,-28.152464,0.901468737370853
31.93,0.901855,-0.05127,0.029053,-1.197815,-16.76178,-26.351927,0.9037782530764944
31.94,0.898193,-0.050049,0.013672,-0.495911,-14.48059,-23.79608,0.8996902195945002
31.95,0.890137,-0.043701,0.005371,0.221252,-11.940001,-20.454405,0.89122528230016
31.96,0.88916,-0.040771,-0.00415,0.846863,-9.719849,-17.14325,0.8901039279438103
31.97,0.885986,-0.048584,-0.00293,1.655578,-7.850646,-13.954162,0.8873219157397162
31.98,0.879395,-0.055664,-0.005127,2.426147,-5.752563,-10.726928,0.8811698661722381
31.99,0.871582,-0.057617,-0.000732,3.036499,-3.852844,-7.225036,0.8734846519756371
32.0,0.875244,-0.05249,0.002197,3.562927,-2.677917,-3.555298,0.8768193009081177
32.01,0.899902,-0.049316,0.005371,3.540039,-1.953125,-0.1297,0.9012682869717541
32.02,0.924805,-0.052246,0.006836,3.471374,-0.892639,1.808166,0.9263048436864616
32.03,0.94751,-0.05835,0.007813,3.448486,-0.015259,2.723694,0.9493371190304316
32.04,0.960205,-0.0625,0.009033,3.242492,0.083923,2.868652,0.9622793186564907
32.05,0.968018,-0.060303,0.00708,3.089905,-0.63324,2.63977,0.9699203196824985
32.06,0.976074,-0.05835,0.004883,3.051758,-1.716614,2.13623,0.9778287271628913
32.07,0.980469,-0.057617,0.000244,2.868652,-2.510071,1.266479,0.982160495125924
32.08,0.980957,-0.054932,-0.00415,2.799988,-2.655029,0.175476,0.9825026121965273
32.09,0.977051,-0.050049,-0.009033,2.532959,-2.731323,-0.663757,0.978373729252273
32.1,0.977051,-0.044434,-0.015381,2.082825,-2.922058,-1.12915,0.9781817888910016
32.11,0.987549,-0.036865,-0.023682,1.586914,-2.799988,-1.747131,0.9885205575758149
32.12,1.004883,-0.038574,-0.024414,0.976562,-2.27356,-2.593994,1.005919400628599
32.13,1.016846,-0.039795,-0.022217,0.518799,-1.63269,-3.791809,1.0178668993684783
32.14,1.018066,-0.038574,-0.015625,0.137329,-1.159668,-5.41687,1.0189163235796155
32.15,1.010742,-0.037109,-0.004639,0.015259,-0.686645,-6.958007,1.0114336304305882
32.16,0.999023,-0.035889,0.000732,0.259399,-0.511169,-8.094788,0.9996677001253966
32.17,0.982178,-0.039063,0.004883,0.62561,-0.663757,-9.056091,0.9829666247345329
32.18,0.967041,-0.037354,0.013672,0.717163,-1.144409,-9.796143,0.9678587399930839
32.19,0.953613,-0.036377,0.015625,0.778198,-1.670837,-10.108947,0.9544344820484013
32.2,0.950195,-0.038086,0.015137,0.595093,-1.846313,-9.803772,0.9510784458655344
32.21,0.948975,-0.040771,0.017578,0.442505,-1.815796,-9.460449,0.9500130584102515
32.22,0.946777,-0.047607,0.019531,0.137329,-1.571655,-8.934021,0.948174337418494
32.23,0.940186,-0.05249,0.019287,-0.061035,-1.029968,-8.277893,0.9418476007640514
32.24,0.936523,-0.053711,0.017578,-0.030518,-0.846863,-7.537841,0.9382266182186476
32.25,0.936035,-0.056396,0.015869,0.007629,-0.724792,-6.683349,0.9378666510767935
32.26,0.936279,-0.055176,0.010254,-0.091553,-0.62561,-5.828857,0.9379594348014203
32.27,0.937012,-0.05127,0.009033,-0.282288,-0.518799,-4.859924,0.9384570827336751
32.28,0.9375,-0.049805,0.015381,-0.37384,-0.289917,-3.723144,0.9389480087768438
32.29,0.943848,-0.050781,0.019287,-0.282288,-0.1297,-2.624511,0.9454098293512714
32.3,0.944092,-0.050049,0.022705,-0.015259,-0.076294,-1.663208,0.9456902896244627
32.31,0.945313,-0.046631,0.02417,0.091553,-0.267029,-0.938415,0.946770989748841
32.32,0.953125,-0.04248,0.019775,0.427246,-0.869751,-0.427246,0.9542760956086033
32.33,0.957764,-0.042236,0.020752,0.572205,-1.327515,-0.297546,0.9589193943684734
32.34,0.960693,-0.039795,0.02124,0.587463,-1.518249,-0.480652,0.9617514335180375
32.35,0.965576,-0.041992,0.015381,0.587463,-1.701355,-0.732422,0.9666110463888772
32.36,0.965088,-0.039795,0.010742,0.610352,-1.930237,-1.083374,0.9659678464281304
32.37,0.96167,-0.036621,0.009277,0.953674,-2.14386,-1.296997,0.9624117358334737
32.38,0.963379,-0.031494,0.008301,1.12915,-2.449036,-1.525879,0.9639293938240497
32.39,0.97168,-0.029297,-0.000732,1.037598,-2.990722,-1.655578,0.9721218403230122
32.4,0.973145,-0.032959,-0.007568,1.12915,-3.288269,-2.13623,0.9737323869164464
32.41,0.975342,-0.029053,-0.010254,0.808716,-3.417969,-2.433777,0.9758284881519909
32.42,0.98584,-0.02124,-0.011719,0.511169,-3.631592,-2.471924,0.9861384173436304
32.43,0.993408,-0.013672,-0.011475,0.083923,-3.448486,-3.14331,0.9935683437353466
32.44,0.982422,-0.015625,-0.006836,-0.495911,-2.593994,-4.135132,0.9825700268199717
32.45,0.969238,-0.015869,-0.004395,-0.762939,-2.250671,-4.463196,0.9693778632865515
32.46,0.963379,-0.014404,-0.000488,-0.801086,-2.189636,-4.516602,0.9634867985608313
32.47,0.953613,-0.013916,-0.000732,-0.717163,-2.090454,-4.714966,0.9537148130594386
32.48,0.952637,-0.012695,-0.004639,-0.770569,-1.945495,-4.638672,0.9527328781536827
32.49,0.952393,-0.01416,-0.007568,-0.938415,-1.495361,-4.463196,0.9525283232917539
32.5,0.940918,-0.019775,-0.000977,-1.274109,-1.106262,-4.112244,0.9411262868914033
32.51,0.94458,-0.026123,-0.004395,-1.228333,-1.411438,-3.349304,0.944951376290865
32.52,0.952148,-0.027588,-0.005127,-1.434326,-1.625061,-2.89154,0.9525613879309827
32.53,0.954834,-0.029541,-0.00293,-1.419067,-1.350403,-2.380371,0.9552953591099457
32.54,0.957031,-0.028076,-0.000488,-1.51062,-1.113892,-1.991272,0.9574428624628207
32.55,0.96582,-0.025879,0.002686,-1.571655,-1.220703,-1.63269,0.9661703833367072
32.56,0.966553,-0.027344,0.006104,-1.518249,-1.174927,-1.655578,0.9669589727392781
32.57,0.963867,-0.0271,0.005615,-1.304626,-1.121521,-1.586914,0.9642642438222004
32.58,0.965576,-0.026611,0.009277,-1.029968,-1.495361,-1.525879,0.9659871737378297
32.59,0.97168,-0.0271,0.010254,-1.083374,-1.777649,-1.876831,0.972111915838912
32.6,0.975098,-0.029297,0.010254,-1.182556,-2.098083,-2.662658,0.9755919066541091
32.61,0.967041,-0.030518,0.013672,-1.251221,-2.372742,-3.601074,0.9676190198569891
32.62,0.95459,-0.026611,0.018311,-1.098633,-2.792358,-4.127502,0.9551363809121711
32.63,0.950928,-0.026367,0.014404,-1.068115,-3.364563,-4.112244,0.9514025200140055
32.64,0.956299,-0.02417,0.015381,-0.953674,-3.829956,-3.746032,0.9567280394459022
32.65,0.962891,-0.025146,0.01709,-0.87738,-3.807068,-3.601074,0.9633708877151105
32.66,0.962158,-0.028564,0.014648,-0.671387,-3.700256,-3.746032,0.9626933483534619
32.67,0.957031,-0.031738,0.011719,-0.534058,-3.89862,-3.761291,0.9576288271381558
32.68,0.956543,-0.028564,0.007813,-0.442505,-4.058838,-3.532409,0.9570012831308012
32.69,0.952881,-0.02417,0.004639,-0.450134,-4.03595,-3.211975,0.9531987774761359
32.7,0.951904,-0.017822,0.003418,-0.419617,-3.929138,-2.777099,0.9520769567760791
32.71,0.952148,-0.013916,0.003662,-0.350952,-3.921509,-2.342224,0.9522567296711534
32.72,0.950439,-0.013184,0.00293,-0.228882,-3.799438,-1.831055,0.950534952264776
32.73,0.949951,-0.012939,0.001953,0.198364,-3.623962,-1.159668,0.9500411224420762
32.74,0.952637,-0.009277,0.004395,0.480652,-3.494262,-0.473022,0.9526923073705382
32.75,0.955566,-0.012207,0.004395,0.854492,-3.173828,-0.1297,0.9556540729939887
32.76,0.955078,-0.009521,0.002197,1.365662,-2.883911,0.061035,0.9551279821751638
32.77,0.955078,-0.013428,0.000977,1.708984,-2.456665,0.25177,0.9551728910500967
32.78,0.956543,-0.015625,-0.002197,1.861572,-2.082825,0.221252,0.9566731303235186
32.79,0.958252,-0.008545,-0.010986,1.976013,-2.151489,0.610352,0.9583530689286699
32.8,0.958252,-0.002686,-0.017822,1.602173,-2.029419,0.846863,0.9584214802392526
32.81,0.953613,-0.007568,-0.017822,1.00708,-1.716614,1.152039,0.9538095470674426
32.82,0.956787,-0.009277,-0.017578,0.442505,-1.556396,1.701355,0.9569934232699826
32.83,0.960693,-0.012451,-0.011475,-0.076294,-1.594543,2.197266,0.9608422051903216
32.84,0.962402,-0.015137,-0.005371,-0.511169,-1.403808,2.334595,0.9625360180346499
32.85,0.964844,-0.018311,-0.001465,-0.656128,-1.419067,2.357483,0.9650188512573213
32.86,0.963867,-0.017822,0.0,-0.541687,-1.625061,2.342224,0.9640317512265869
32.87,0.968018,-0.018799,-0.001465,-0.411987,-2.14386,2.227783,0.9682016303177764
32.88,0.972168,-0.02124,-0.004639,-0.068665,-2.76947,2.128601,0.9724110643884099
32.89,0.97168,-0.022461,-0.009766,0.205994,-3.189087,1.876831,0.9719886283681513
32.9,0.967529,-0.022705,-0.013184,0.236511,-3.280639,1.693725,0.9678851691817578
32.91,0.96582,-0.021484,-0.013672,0.358582,-3.311157,1.655578,0.9661556594255399
32.92,0.967041,-0.020996,-0.017578,0.282288,-3.349304,1.693725,0.9674286091391965
32.93,0.963135,-0.024414,-0.009766,0.099182,-3.204345,1.594543,0.9634938745923608
32.94,0.9646,-0.0271,-0.009033,0.259399,-2.838135,1.838684,0.9650228831944867
32.95,0.968994,-0.026367,-0.010254,0.473022,-2.487183,1.792908,0.969406898696827
32.96,0.968262,-0.0271,-0.012451,0.656128,-2.197266,1.579285,0.9687211869495783
32.97,0.968018,-0.022461,-0.012207,0.770569,-1.937866,1.426697,0.9683554903515548
32.98,0.966309,-0.019531,-0.016357,0.747681,-1.304626,1.365662,0.9666447614770382
32.99,0.963623,-0.022461,-0.019043,0.694275,-0.709534,1.289368,0.9640728284206541
33.0,0.961426,-0.023682,-0.014648,0.556946,-0.137329,1.266479,0.9618291711650255
33.01,0.959717,-0.025146,-0.01001,0.335693,0.465393,1.342773,0.9600985582246232
33.02,0.958252,-0.0271,-0.006104,0.205994,0.839233,1.449585,0.9586545594321241
33.03,0.958008,-0.029053,-0.001953,0.015259,0.984192,1.403808,0.9584504259908282
33.04,0.96167,-0.030518,0.000977,-0.068665,0.976562,1.365662,0.9621546090691454
33.05,0.96582,-0.03125,-0.000488,0.038147,0.732422,1.121521,0.9663255523083305
33.06,0.970703,-0.032959,-0.00293,0.091553,0.343323,0.808716,0.9712667989744116
33.07,0.970459,-0.034912,-0.004883,0.007629,0.320435,0.343323,0.9710990485599293
33.08,0.969482,-0.03125,-0.011963,-0.061035,0.335693,0.160217,0.9700592890091821
33.09,0.970703,-0.026123,-0.012451,-0.50354,0.045776,0.228882,0.9711342609232773
33.1,0.970703,-0.026611,-0.007324,-1.159668,-0.259399,0.213623,0.9710953096921022
33.11,0.963379,-0.027832,-0.000488,-1.594543,-0.488281,0.274658,0.9637810726555072
33.12,0.959229,-0.029541,0.004639,-1.785278,-1.037598,0.411987,0.9596949856298094
33.13,0.957764,-0.031006,0.008545,-1.76239,-1.899719,0.366211,0.9583038499124377
33.14,0.958252,-0.031494,0.009033,-1.693725,-2.700805,0.083923,0.9588119537370192
33.15,0.953613,-0.029053,0.002686,-1.708984,-3.059387,-0.183105,0.9540592461550803
33.16,0.953125,-0.025635,0.000732,-1.625061,-3.501892,-0.152588,0.9534699547830545
33.17,0.953857,-0.027832,0.001221,-1.708984,-3.791809,-0.061035,0.9542637410663783
33.18,0.954346,-0.031006,-0.004639,-1.800537,-4.249573,0.061035,0.9548608171210085
33.19,0.963135,-0.028809,-0.005859,-1.701355,-4.249573,0.320435,0.9635835794506877
33.2,0.967529,-0.029297,-0.008545,-1.655578,-3.89862,0.358582,0.9680101740555209
33.21,0.968506,-0.032715,-0.010742,-1.609802,-3.372192,0.366211,0.9691179153358996
33.22,0.9646,-0.03418,-0.009277,-1.686096,-3.036499,0.38147,0.9652499651017865
33.23,0.960449,-0.032715,-0.005127,-1.770019,-2.914428,0.404358,0.9610196870798225
33.24,0.958008,-0.033203,-0.001953,-1.785278,-3.013611,0.518799,0.9585851978212474
33.25,0.951416,-0.033936,-0.001953,-1.869202,-3.189087,0.564575,0.9520230414023602
33.26,0.954102,-0.036133,0.000244,-1.823425,-3.639221,0.770569,0.9547859862969292
33.27,0.956299,-0.036377,0.000732,-1.701355,-4.135132,0.816345,0.9569909087102134
33.28,0.959473,-0.032471,-0.003662,-1.64032,-4.478455,0.762939,0.9600292775816788
33.29,0.959229,-0.030518,-0.003662,-1.571655,-4.623413,0.862122,0.9597213309127811
33.3,0.964355,-0.029297,-0.009766,-1.411438,-4.577637,0.709534,0.9648493431567438
33.31,0.966797,-0.032715,-0.015137,-1.586914,-4.165649,0.511169,0.9674687794461381
33.32,0.963379,-0.032959,-0.015381,-1.548767,-3.570556,0.328064,0.9640653341361258
33.33,0.962158,-0.032227,-0.013428,-1.419067,-2.952575,0.244141,0.9627912066886568
33.34,0.958984,-0.031738,-0.012207,-1.51062,-2.532959,0.419617,0.959586694232991
33.35,0.955322,-0.031006,-0.011963,-1.419067,-2.433777,0.602722,0.9558998949100267
33.36,0.958008,-0.030029,-0.010254,-1.167297,-2.479553,0.801086,0.9585333658360569
33.37,0.965332,-0.029053,-0.009766,-0.793457,-2.799988,0.900268,0.9658184724827952
33.38,0.97168,-0.030273,-0.010742,-0.328064,-2.929687,0.663757,0.9722108143262962
33.39,0.970703,-0.03418,-0.010742,-0.076294,-2.63977,0.175476,0.9713639776999144
33.4,0.96875,-0.032959,-0.014404,0.213623,-2.410889,0.061035,0.9694175227408467
33.41,0.968506,-0.033936,-0.014404,0.495911,-2.311707,-0.045776,0.9692074078070183
33.42,0.963379,-0.036865,-0.016846,0.610352,-2.174377,-0.366211,0.9642312552401524
33.43,0.957764,-0.036377,-0.018555,0.617981,-2.14386,-0.419617,0.958634160589951
33.44,0.955566,-0.034912,-0.015869,0.541687,-2.372742,-0.198364,0.9563352201299501
33.45,0.959229,-0.031982,-0.015137,0.350952,-2.525329,-0.030518,0.9598813736780186
33.46,0.956787,-0.031982,-0.014404,0.259399,-2.365112,0.221252,0.9574297294888017
33.47,0.957275,-0.031494,-0.015869,0.038147,-2.334595,0.541687,0.9579243826221358
33.48,0.963379,-0.031006,-0.016602,-0.12207,-2.319336,0.930786,0.9640207964981876
33.49,0.969238,-0.030762,-0.019287,-0.366211,-2.14386,0.854492,0.9699178262394191
33.5,0.967041,-0.032471,-0.015869,-0.480652,-2.090454,0.480652,0.9677161188504613
33.51,0.961914,-0.030029,-0.016357,-0.648498,-2.02179,0.221252,0.9625216027113367
33.52,0.957275,-0.031494,-0.016113,-0.709534,-2.098083,0.022888,0.9579284557992835
33.53,0.955566,-0.032227,-0.015381,-0.732422,-2.029419,0.061035,0.9562329920296622
33.54,0.957275,-0.029053,-0.013672,-0.656128,-2.037048,0.198364,0.9578133565669252
33.55,0.95874,-0.027344,-0.015137,-0.427246,-1.960754,0.25177,0.9592492953893685
33.56,0.957275,-0.030762,-0.016113,-0.244141,-1.708984,0.328064,0.9579046690762082
33.57,0.962158,-0.032471,-0.017334,0.076294,-1.411438,0.427246,0.9628618023169264
33.58,0.967773,-0.030029,-0.016602,0.335693,-1.350403,0.183105,0.9683810958367579
33.59,0.968262,-0.032959,-0.018066,0.610352,-0.946045,-0.244141,0.9689912159978541
33.6,0.964844,-0.033203,-0.016846,0.701904,-0.511169,-0.564575,0.965562101193393
33.61,0.963135,-0.034424,-0.01416,0.732422,-0.228882,-0.801086,0.9638540063728531
33.62,0.959717,-0.036865,-0.010254,0.816345,0.0,-1.174927,0.9604795119262045
33.63,0.955566,-0.040771,-0.004639,0.999451,0.007629,-1.457214,0.956446639974233
33.64,0.954834,-0.04126,-0.001221,1.083374,-0.1297,-1.518249,0.9557258215602422
33.65,0.953125,-0.040283,-0.003174,1.38092,-0.25177,-1.51062,0.9539811633308071
33.66,0.956787,-0.036621,-0.001221,1.647949,-0.572205,-1.441955,0.957488355987163
33.67,0.959473,-0.037842,-0.006348,1.647949,-0.900268,-1.327515,0.9602399449080422
33.68,0.961914,-0.038086,-0.011963,1.815796,-1.075745,-1.335144,0.9627420216033993
33.69,0.964844,-0.038818,-0.015137,1.922607,-1.243591,-1.533508,0.9657431906200531
33.7,0.96582,-0.037842,-0.020508,1.76239,-1.319885,-1.609802,0.9667786031082815
33.71,0.966064,-0.036621,-0.020508,1.701355,-1.319885,-1.617432,0.9669753501516986
33.72,0.964111,-0.0354,-0.022461,1.335144,-1.190186,-1.655578,0.9650221121000285
33.73,0.962402,-0.035889,-0.017822,0.831604,-1.052856,-1.609802,0.9632358245045706
33.74,0.960693,-0.034424,-0.013916,0.686645,-0.915527,-1.617432,0.9614102699061416
33.75,0.960693,-0.03418,-0.017334,0.747681,-0.999451,-1.449585,0.9614571130346896
33.76,0.962646,-0.036621,-0.01709,0.526428,-1.13678,-1.525879,0.9634938957030293
33.77,0.961426,-0.035156,-0.018799,0.389099,-1.228333,-1.564026,0.9622522019787744
33.78,0.963623,-0.031006,-0.022705,0.213623,-1.190186,-1.853943,0.9643890165228968
33.79,0.966309,-0.029541,-0.018799,-0.045776,-0.740051,-2.182007,0.9669432023459289
33.8,0.960938,-0.031006,-0.019043,-0.175476,-0.015259,-2.349854,0.9616266675425551
33.81,0.955566,-0.032715,-0.014893,-0.160217,0.335693,-2.380371,0.9562418381507891
33.82,0.958008,-0.031006,-0.009521,0.068665,0.511169,-2.098083,0.9585569099124996
33.83,0.963135,-0.024658,-0.007324,0.25177,0.595093,-1.914978,0.9634784305655213
33.84,0.970947,-0.026123,-0.005859,0.404358,0.709534,-1.808166,0.971316022630637
33.85,0.975098,-0.029785,-0.006836,0.75531,0.518799,-1.838684,0.9755767456868784
33.86,0.968994,-0.030518,-0.009521,0.732422,0.099182,-2.037048,0.9695212064730715
33.87,0.970947,-0.033447,-0.010254,0.907898,-0.602722,-2.120972,0.9715770289246242
33.88,0.972412,-0.0354,-0.015869,0.892639,-1.548767,-2.426147,0.9731855336496736
33.89,0.974609,-0.032471,-0.018799,0.740051,-1.937866,-3.120422,0.9753309546625699
33.9,0.969482,-0.034912,-0.017578,0.549316,-1.541138,-3.684997,0.9702696440433453
33.91,0.962402,-0.038574,-0.016113,0.617981,-0.915527,-3.959656,0.9633094995114498
33.92,0.960449,-0.036865,-0.010498,0.648498,-0.488281,-4.234314,0.9612135651508461
33.93,0.956299,-0.033691,-0.012451,0.701904,-0.305176,-4.272461,0.9569732954910497
33.94,0.956055,-0.033691,-0.011475,0.991821,-0.175476,-4.211426,0.9567172634226896
33.95,0.956787,-0.032471,-0.013184,1.13678,-0.106812,-4.096985,0.957428611994649
33.96,0.956543,-0.032471,-0.011963,1.312256,-0.061035,-3.921509,0.957168736461341
33.97,0.956787,-0.032471,-0.011963,1.533508,0.030518,-3.829956,0.9574125769901919
33.98,0.958008,-0.033203,-0.007324,1.76239,0.038147,-3.669739,0.9586111872125215
33.99,0.953857,-0.032227,-0.000732,2.075195,0.167847,-3.341675,0.9544015359386215
34.0,0.946533,-0.030029,0.005371,2.418518,-0.038147,-2.700805,0.9470244498274583
34.01,0.947021,-0.027344,0.006836,2.914428,-0.541687,-2.189636,0.9474403409571497
34.02,0.950928,-0.018311,0.005615,3.349304,-1.251221,-1.960754,0.9511208556908002
34.03,0.955322,-0.012939,0.001465,3.425598,-1.831055,-2.166748,0.955410742890198
34.04,0.959717,-0.009766,0.000488,3.616333,-2.159119,-2.052307,0.959766811777215
34.05,0.959473,-0.01001,0.000977,3.677368,-2.365112,-1.922607,0.9595257121922267
34.06,0.955566,-0.013916,-0.003662,3.677368,-2.494812,-1.785278,0.9556743407960685
34.07,0.955811,-0.013428,-0.011963,3.616333,-2.563476,-1.281738,0.9559801735778833
34.08,0.957275,-0.014893,-0.010742,3.479004,-2.563476,-0.724792,0.9574511045677476
34.09,0.957764,-0.013672,-0.010498,3.440857,-2.624511,-0.030518,0.9579191047703349
34.1,0.95752,-0.013672,-0.012451,3.349304,-2.76947,0.465393,0.9576985441071737
34.11,0.95752,-0.013184,-0.016357,3.234863,-3.074646,0.534058,0.9577504475096841
34.12,0.963623,-0.012207,-0.019287,2.975464,-3.204345,0.190735,0.9638932956230165
34.13,0.965088,-0.004639,-0.023193,2.815246,-2.960205,-0.267029,0.9653777930499541
34.14,0.959717,-0.004395,-0.020996,2.426147,-2.243042,-0.732422,0.9599567011745895
34.15,0.953613,-0.005615,-0.01709,1.838684,-1.754761,-0.785828,0.9537826534876801
34.16,0.952148,-0.009766,-0.013184,1.51062,-1.457214,-0.518799,0.9522893502061229
34.17,0.951172,-0.015869,-0.012207,1.289368,-1.426697,-0.007629,0.9513826830429488
34.18,0.950928,-0.017822,-0.01416,1.068115,-1.327515,0.488281,0.9512003944847794
34.19,0.95459,-0.018066,-0.014648,1.060486,-1.38092,0.953674,0.9548732964954042
34.2,0.962402,-0.015137,-0.018066,0.961304,-1.464844,1.358032,0.9626905622935129
34.21,0.970947,-0.011719,-0.018066,0.648498,-1.358032,1.342773,0.9711857660231641
34.22,0.976563,-0.01123,-0.020264,0.556946,-1.106262,0.999451,0.9768377734122488
34.23,0.974609,-0.015869,-0.019043,0.534058,-0.869751,0.396728,0.9749241836630169
34.24,0.974365,-0.019531,-0.015137,0.366211,-0.50354,0.038147,0.9746782761275642
34.25,0.970215,-0.017334,-0.01416,0.62561,-0.518799,-0.183105,0.9704731420193966
34.26,0.969727,-0.023193,-0.013672,0.862122,-0.244141,-0.419617,0.970100661458387
34.27,0.964844,-0.024902,-0.012939,1.075745,0.015259,-0.587463,0.965252024945299
34.28,0.959717,-0.022949,-0.012939,1.228333,0.053406,-0.556946,0.960078535543317
34.29,0.960449,-0.022461,-0.012695,1.235962,0.061035,-0.617981,0.9607954731091316
34.3,0.962402,-0.022705,-0.012939,1.457214,0.183105,-0.892639,0.9627567420433887
34.31,0.960449,-0.020996,-0.010254,1.64032,0.183105,-1.266479,0.9607331877961747
34.32,0.960449,-0.021973,-0.007813,1.609802,0.12207,-1.525879,0.9607320840374802
34.33,0.965332,-0.020508,-0.004395,1.647949,0.289917,-1.602173,0.9655598191272252
34.34,0.963867,-0.026367,-0.001709,1.792908,0.602722,-1.625061,0.9642290874366942
34.35,0.958984,-0.026855,-0.001953,2.082825,0.640869,-1.457214,0.9593619324790826
34.36,0.958252,-0.025391,-0.000244,2.250671,0.37384,-1.022339,0.9585883672990195
34.37,0.953613,-0.025879,-0.001709,2.388,-0.076294,-0.709534,0.9539656163043824
34.38,0.952881,-0.023682,-0.002197,2.532959,-0.732422,-0.328064,0.9531777715064489
34.39,0.954834,-0.022949,0.000244,2.716064,-1.152039,-0.205994,0.9551097757289473
34.4,0.956787,-0.023438,-0.001221,2.784729,-1.396179,-0.25177,0.9570748111062165
34.41,0.955811,-0.021973,-0.005615,2.89917,-1.396179,-0.228882,0.9560800221085053
34.42,0.957764,-0.02002,-0.00415,3.059387,-1.548767,-0.190735,0.9579822036948286
34.43,0.95874,-0.024902,-0.006592,2.89917,-1.487732,-0.167847,0.959085998056483
34.44,0.956787,-0.023926,-0.01001,3.036499,-1.663208,-0.030518,0.9571384523385319
34.45,0.959229,-0.020996,-0.011719,2.990722,-1.88446,0.091553,0.959530323344708
34.46,0.961182,-0.018311,-0.015625,2.761841,-1.88446,0.259399,0.961483369835381
34.47,0.960205,-0.017578,-0.015625,2.403259,-1.63269,0.465393,0.9604929821367775
34.48,0.961426,-0.020508,-0.014648,2.258301,-1.358032,0.686645,0.9617562557342686
34.49,0.964355,-0.018311,-0.015137,2.059937,-0.907898,0.862122,0.964647597579033
34.5,0.960449,-0.016357,-0.01709,1.625061,-0.63324,0.999451,0.9607402880851829
34.51,0.960938,-0.011963,-0.015381,1.335144,-0.572205,1.289368,0.961135541104375
34.52,0.960205,-0.016113,-0.017334,0.984192,-0.610352,1.342773,0.9604966102751222
34.53,0.961426,-0.021973,-0.015625,0.938415,-0.663757,1.281738,0.9618039856592402
34.54,0.962158,-0.021973,-0.015381,0.87738,-0.610352,1.304626,0.9625317682310541
34.55,0.964355,-0.021973,-0.015869,0.770569,-0.465393,1.182556,0.9647358207898159
34.56,0.969727,-0.023682,-0.013672,0.579834,-0.061035,1.098633,0.9701124755599219
34.57,0.969727,-0.025146,-0.013184,0.350952,0.427246,0.816345,0.9701425635961964
34.58,0.958984,-0.033936,-0.008789,0.137329,0.617981,0.434875,0.9596245155648119
34.59,0.959717,-0.03418,-0.003418,-0.099182,0.297546,0.564575,0.96033154442255
34.6,0.964844,-0.032227,0.001709,-0.205994,-0.137329,0.495911,0.9653835737912678
34.61,0.965332,-0.030518,0.008057,-0.114441,-0.282288,0.045776,0.9658478833631101
34.62,0.963867,-0.02832,0.007813,0.205994,-0.564575,-0.083923,0.9643146058512233
34.63,0.965088,-0.0271,0.003174,0.564575,-1.098633,-0.045776,0.9654736309294003
34.64,0.968262,-0.028076,-0.000732,0.602722,-1.464844,-0.030518,0.9686692408887565
34.65,0.972656,-0.031738,-0.003418,0.762939,-1.724243,-0.244141,0.9731796739061086
34.66,0.970215,-0.036621,-0.005615,0.930786,-1.655578,-0.473022,0.970922124627408
34.67,0.9646,-0.038574,-0.007813,0.793457,-1.495361,-0.495911,0.9654025877554917
34.68,0.958008,-0.036865,-0.005371,0.724792,-1.449585,-0.465393,0.9587320814127375
34.69,0.952393,-0.04126,-0.003418,0.564575,-1.586914,-0.389099,0.9532924508108727
34.7,0.952881,-0.037354,0.001465,0.701904,-1.968384,0.0,0.9536140035160977
34.71,0.954346,-0.031494,0.003662,1.00708,-2.182007,0.213623,0.9548725412305038
34.72,0.955566,-0.0271,0.00293,1.274109,-2.479553,0.358582,0.9559546930979522
34.73,0.961182,-0.020508,-0.001709,1.579285,-3.028869,0.511169,0.9614022757768987
34.74,0.969238,-0.018555,-0.007568,1.754761,-3.334045,0.389099,0.9694451316567638
34.75,0.970459,-0.016357,-0.011719,1.876831,-3.059387,0.175476,0.9706675832080723
34.76,0.96582,-0.014893,-0.012451,1.823425,-2.76947,-0.038147,0.9660150626413648
34.77,0.963379,-0.014893,-0.01123,1.785278,-2.89154,-0.175476,0.9635595529026735
34.78,0.959473,-0.018311,-0.014404,1.693725,-2.807617,-0.312805,0.9597558052265169
34.79,0.958008,-0.020508,-0.016846,1.457214,-2.616882,-0.427246,0.9583755494815172
34.8,0.958252,-0.022461,-0.017578,1.342773,-2.372742,-0.511169,0.9586763677639081
34.81,0.960449,-0.023193,-0.018066,1.205444,-2.433777,-0.63324,0.9608988381749662
34.82,0.962891,-0.025391,-0.021484,1.037598,-2.14386,-0.732422,0.9634652785741685
34.83,0.963135,-0.0271,-0.025635,0.778198,-1.724243,-0.579834,0.9638571426565246
34.84,0.966064,-0.025635,-0.025391,0.488281,-1.274109,-0.480652,0.966737559114158
34.85,0.965088,-0.023193,-0.025146,0.099182,-0.663757,-0.434875,0.9656940945811981
34.86,0.963135,-0.022217,-0.021973,-0.274658,-0.305176,-0.419617,0.9636417571084184
34.87,0.96167,-0.023438,-0.018066,-0.648498,-0.25177,-0.205994,0.9621252044822441
34.88,0.958252,-0.024658,-0.01709,-0.793457,-0.137329,-0.1297,0.9587215344238389
34.89,0.955078,-0.024658,-0.013428,-0.946045,0.12207,0.061035,0.9554906144133495
34.9,0.95752,-0.026367,-0.01001,-1.205444,0.274658,0.282288,0.9579352635689952
34.91,0.960693,-0.029053,-0.009766,-1.289368,0.244141,0.312805,0.9611818203721916
34.92,0.961426,-0.031982,-0.009033,-1.319885,0.25177,0.221252,0.9620002062832419
34.93,0.965576,-0.032227,-0.006592,-1.243591,0.259399,0.137329,0.9661361424607818
34.94,0.970459,-0.030273,-0.008301,-1.106262,0.274658,0.114441,0.970966545155393
34.95,0.96875,-0.031006,-0.004883,-0.999451,0.617981,-0.190735,0.9692583650528893
34.96,0.967285,-0.03418,-0.000977,-0.701904,0.63324,-0.259399,0.9678891972503877
34.97,0.971191,-0.03418,-0.004883,-0.350952,0.488281,-0.213623,0.9718045454565439
34.98,0.97168,-0.033691,-0.003906,0.091553,0.160217,-0.389099,0.9722717535324165
34.99,0.972168,-0.036865,-0.000244,0.244141,-0.022888,-0.556946,0.9728667472912208
35.0,0.971191,-0.035645,0.001465,0.404358,-0.106812,-0.640869,0.9718460118408677
35.01,0.970459,-0.029053,-0.000732,0.602722,-0.572205,-0.938415,0.9708940638988375
35.02,0.968506,-0.030273,0.001465,0.801086,-1.167297,-1.304626,0.9689801199147483
35.03,0.962158,-0.031982,0.003418,0.999451,-1.533508,-1.655578,0.9626954596402748
35.04,0.958008,-0.025635,0.001709,1.121521,-2.044678,-1.716614,0.9583524414170395
35.05,0.957275,-0.021973,0.000488,1.197815,-2.296448,-1.617432,0.9575272719343297
35.06,0.958008,-0.024658,-0.00293,1.304626,-2.296448,-1.586914,0.958329760535485
35.07,0.952393,-0.024658,-0.005127,1.358032,-2.235413,-1.457214,0.9527259467139542
35.08,0.952881,-0.023193,-0.009277,1.411438,-2.174377,-1.220703,0.9532083602964254
35.09,0.957031,-0.02417,-0.012207,1.197815,-2.189636,-1.037598,0.9574139829300593
35.1,0.959961,-0.023438,-0.012451,0.953674,-1.968384,-0.915527,0.9603278027663261
35.11,0.963379,-0.023438,-0.014404,0.831604,-1.533508,-0.823975,0.9637717119219675
35.12,0.960449,-0.023926,-0.014648,0.602722,-1.281738,-0.724792,0.9608586259075785
35.13,0.956787,-0.020508,-0.018311,0.335693,-1.296997,-0.419617,0.9571819232277634
35.14,0.96167,-0.019287,-0.018799,0.022888,-1.159668,-0.114441,0.9620470776786342
35.15,0.962158,-0.024414,-0.013916,-0.518799,-0.87738,-0.015259,0.9625682912998952
35.16,0.961182,-0.027588,-0.011719,-0.656128,-0.617981,0.007629,0.9616492446983983
35.17,0.962402,-0.026367,-0.009033,-0.724792,-0.556946,-0.007629,0.9628054961320069
35.18,0.963867,-0.025879,-0.008301,-0.88501,-0.495911,0.015259,0.964250083189522
35.19,0.965088,-0.024902,-0.005859,-0.778198,-0.312805,-0.099182,0.9654269963228705
35.2,0.968018,-0.024902,-0.001953,-0.701904,-0.144958,-0.37384,0.9683402150778414
35.21,0.968018,-0.029053,0.00293,-0.450134,-0.160217,-0.762939,0.9684583161050351
35.22,0.961914,-0.030762,0.003174,-0.106812,-0.144958,-0.900268,0.9624109924122854
35.23,0.960205,-0.030762,0.002441,0.221252,-0.305176,-0.808716,0.9607007344381496
35.24,0.960938,-0.028809,0.005859,0.549316,-0.63324,-0.671387,0.9613876045622806
35.25,0.956787,-0.031006,0.005859,0.862122,-0.961304,-0.62561,0.957307193792045
35.26,0.959229,-0.032959,0.008057,1.13678,-1.327515,-0.556946,0.9598288833802617
35.27,0.958252,-0.0354,0.00293,1.419067,-1.701355,-0.511169,0.9589101315576971
35.28,0.962646,-0.03418,0.000977,1.716614,-1.968384,-0.526428,0.9632531070518278
35.29,0.962891,-0.036133,0.001709,1.876831,-2.075195,-0.679016,0.9635702321320434
35.3,0.959229,-0.034424,-0.001953,2.166748,-2.105713,-0.839233,0.9598484778474152
35.31,0.958496,-0.028564,-0.005371,2.410889,-2.250671,-0.823975,0.95893656294512
35.32,0.95874,-0.027344,-0.005371,2.479553,-2.212524,-0.793457,0.9591448949856325
35.33,0.957031,-0.02417,-0.006104,2.418518,-2.075195,-0.823975,0.9573556197552715
35.34,0.954346,-0.019775,-0.008545,2.487183,-1.953125,-0.656128,0.9545891028950624
35.35,0.955566,-0.01709,-0.008789,2.433777,-1.945495,-0.602722,0.9557592243745284
35.36,0.956543,-0.014648,-0.009766,2.212524,-1.968384,-0.610352,0.9567049960719344
35.37,0.957031,-0.015625,-0.013672,2.029419,-2.02179,-0.63324,0.9572561826230217
35.38,0.958984,-0.014893,-0.012207,1.686096,-2.044678,-0.427246,0.9591773165343308
35.39,0.962158,-0.012207,-0.016357,1.449585,-1.899719,-0.167847,0.9623744485708252
35.4,0.965088,-0.013916,-0.018311,1.197815,-1.625061,-0.022888,0.9653620023188192
35.41,0.961426,-0.020264,-0.018555,0.686645,-1.38855,-0.022888,0.9618185230057695
35.42,0.959229,-0.019287,-0.020264,0.152588,-1.12915,0.061035,0.959636854495491
35.43,0.962158,-0.022217,-0.01709,-0.282288,-0.961304,0.244141,0.9625661952058154
35.44,0.96167,-0.022705,-0.012451,-0.640869,-0.778198,0.259399,0.9620185722354845
35.45,0.961426,-0.02002,-0.009521,-0.946045,-0.526428,0.221252,0.9616815498474534
35.46,0.96167,-0.021973,-0.01001,-1.205444,-0.473022,0.137329,0.9619730774449979
35.47,0.965332,-0.025635,-0.007324,-1.312256,-0.427246,0.091553,0.9657000903101335
35.48,0.961426,-0.029541,-0.005127,-1.396179,-0.282288,0.022888,0.9618933986081826
35.49,0.957031,-0.030762,-0.004639,-1.319885,-0.175476,0.053406,0.9575365037041669
35.5,0.955811,-0.029541,-0.004639,-1.243591,-0.183105,0.358582,0.9562786511906454
35.51,0.954834,-0.029541,-0.00293,-1.419067,-0.152588,0.663757,0.9552953591099457
35.52,0.955566,-0.032227,-0.002441,-1.396179,-0.183105,0.953674,0.9561123983957116
35.53,0.961182,-0.032959,-0.003662,-1.342773,-0.450134,0.984192,0.9617538890220304
35.54,0.965576,-0.031982,0.000732,-1.25885,-0.564575,0.915527,0.9661057891990918
35.55,0.964111,-0.033936,0.002197,-1.144409,-0.480652,0.816345,0.9647105779590064
35.56,0.959473,-0.036133,0.002441,-0.976562,-0.694275,0.831604,0.9601562320263302
35.57,0.960938,-0.036377,0.003906,-0.617981,-1.075745,0.686645,0.9616342250611716
35.58,0.964111,-0.037598,0.001953,-0.328064,-1.281738,0.411987,0.9648458136583276
35.59,0.961426,-0.034912,-0.001465,-0.114441,-1.502991,0.450134,0.9620607815751561
35.6,0.962402,-0.032227,-0.003662,0.190735,-1.945495,0.350952,0.9629483887400196
35.61,0.965332,-0.029297,-0.001953,0.343323,-2.571106,0.335693,0.9657784417981176
35.62,0.963379,-0.02832,-0.008057,0.579834,-2.853393,0.289917,0.9638288412835548
35.63,0.97168,-0.024902,-0.010254,0.679016,-2.830505,0.434875,0.9720531243301469
35.64,0.970459,-0.026123,-0.009033,0.717163,-2.586365,0.190735,0.9708525515746457
35.65,0.966553,-0.028564,-0.007568,0.709534,-2.372742,0.030518,0.9670045907486685
35.66,0.962891,-0.029053,-0.005615,0.701904,-2.13623,-0.183105,0.9633455677559325
35.67,0.962891,-0.022705,-0.006836,0.846863,-2.059937,-0.328064,0.963182913989861
35.68,0.96167,-0.023438,-0.005615,0.823975,-2.01416,-0.457764,0.9619719626730293
35.69,0.955566,-0.027344,-0.004883,0.747681,-1.945495,-0.396728,0.9559696221015602
35.7,0.95459,-0.029785,-0.005859,0.762939,-1.846313,-0.320435,0.9550725324319614
35.71,0.960205,-0.028809,-0.005127,0.747681,-1.625061,-0.282288,0.960650762054036
35.72,0.964355,-0.032227,-0.004883,0.793457,-1.365662,-0.175476,0.9649056892997366
35.73,0.961914,-0.034668,-0.005615,0.907898,-1.121521,-0.144958,0.9625549032886385
35.74,0.959717,-0.030273,-0.004639,1.014709,-1.304626,-0.099182,0.9602055482754721
35.75,0.959961,-0.029053,-0.00415,1.091003,-1.701355,0.038147,0.9604095068407017
35.76,0.96167,-0.03125,-0.005127,1.098633,-1.701355,0.053406,0.9621912686825838
35.77,0.959229,-0.033447,-0.00293,0.892639,-1.647949,-0.030518,0.9598164205461376
35.78,0.956299,-0.031494,-0.00293,0.839233,-1.777649,0.053406,0.9568219449495292
35.79,0.956787,-0.031006,-0.005127,0.999451,-1.930237,0.328064,0.9573029935887593
35.8,0.964355,-0.030518,-0.007324,0.923157,-2.182007,0.434875,0.9648655633428939
35.81,0.965088,-0.028809,-0.009521,0.915527,-2.418518,0.37384,0.96556483762925
35.82,0.961914,-0.028564,-0.009277,0.984192,-2.548218,0.419617,0.9623827243986668
35.83,0.967041,-0.027832,-0.011719,0.831604,-2.662658,0.389099,0.9675124034688135
35.84,0.968018,-0.031738,-0.013428,0.656128,-2.456665,0.167847,0.9686312302171555
35.85,0.963867,-0.03125,-0.012695,0.747681,-2.059937,0.12207,0.9644570074471956
35.86,0.96167,-0.026367,-0.013184,0.778198,-1.953125,0.198364,0.9621217310948756
35.87,0.961426,-0.027344,-0.010498,0.556946,-2.006531,0.236511,0.9618720579245453
35.88,0.960449,-0.029053,-0.008301,0.473022,-1.922607,0.076294,0.9609241723523245
35.89,0.956543,-0.029785,-0.007813,0.541687,-1.968384,0.144958,0.9570385049949662
35.9,0.957031,-0.025635,-0.007813,0.518799,-2.044678,0.205994,0.9574061474395283
35.91,0.96167,-0.025879,-0.009766,0.480652,-1.998901,0.335693,0.9620677139874303
35.92,0.961914,-0.02832,-0.011719,0.427246,-1.922607,0.37384,0.9624021512637013
35.93,0.960449,-0.031494,-0.011719,0.289917,-1.716614,0.312805,0.9610366739089617
35.94,0.959717,-0.029541,-0.009033,0.137329,-1.647949,0.37384,0.9602140312758402
35.95,0.964844,-0.031494,-0.008545,0.099182,-1.571655,0.602722,0.9653956874758661
35.96,0.963135,-0.032715,-0.008057,-0.030518,-1.365662,0.648498,0.9637241382776505
35.97,0.960938,-0.035645,-0.010498,-0.137329,-1.419067,0.572205,0.9616561827768799
35.98,0.959473,-0.036621,-0.010742,-0.061035,-1.808166,0.595093,0.9602317042953747
35.99,0.964844,-0.033936,-0.009766,-0.1297,-1.930237,0.572205,0.965490016099597
36.0,0.964111,-0.033936,-0.010498,-0.061035,-1.907349,0.38147,0.9647651944494059
36.01,0.963623,-0.0354,-0.01123,0.038147,-1.861572,0.236511,0.9643384048294458
36.02,0.964111,-0.031982,-0.00708,0.091553,-1.747131,0.259399,0.9646672975928022
36.03,0.962891,-0.032227,-0.006592,0.068665,-1.63269,0.183105,0.9634527034961291
36.04,0.958008,-0.031494,-0.005859,0.015259,-1.51062,0.045776,0.9585434408418848
36.05,0.952393,-0.033691,-0.000977,0.114441,-1.533508,0.091553,0.9529892257832719
36.06,0.952148,-0.035156,0.000244,0.305176,-1.64032,0.228882,0.9527968397176808
36.07,0.956055,-0.03125,-0.00415,0.434875,-1.953125,0.396728,0.9565745909363262
36.08,0.958008,-0.03418,-0.005371,0.663757,-2.01416,0.312805,0.9586325928660051
36.09,0.95874,-0.037109,-0.008789,0.770569,-1.89209,0.526428,0.9594981563306936
36.1,0.965088,-0.03833,-0.014648,0.915527,-1.930237,0.75531,0.9659599373410886
36.11,0.9646,-0.039551,-0.010986,0.793457,-1.853943,0.785828,0.9654730103928333
36.12,0.963379,-0.039795,-0.012451,0.732422,-1.739502,0.724792,0.9642809585732781
36.13,0.964355,-0.039063,-0.009766,0.679016,-1.800537,0.648498,0.9651952438496576
36.14,0.9646,-0.038086,-0.006348,0.846863,-1.89209,0.564575,0.9653724672373871
36.15,0.963135,-0.039063,-0.00415,0.961304,-1.983642,0.358582,0.9639357700044127
36.16,0.963867,-0.038574,-0.004395,1.205444,-2.243042,0.267029,0.9646485697859092
36.17,0.964844,-0.035889,-0.00708,1.502991,-2.63977,0.175476,0.9655372033521029
36.18,0.963379,-0.034668,-0.011719,1.594543,-2.929687,-0.015259,0.9640738056943565
36.19,0.964844,-0.03418,-0.016602,1.518249,-2.784729,-0.205994,0.9655919651384844
36.2,0.965088,-0.034424,-0.016113,1.342773,-2.723694,-0.267029,0.9658361601684833
36.21,0.963867,-0.035156,-0.01416,1.113892,-2.571106,-0.312805,0.9646118616443611
36.22,0.958984,-0.037354,-0.013672,1.083374,-2.326965,-0.419617,0.9598086044394475
36.23,0.955078,-0.039063,-0.010498,1.045227,-2.410889,-0.396728,0.9559341567581943
36.24,0.95752,-0.035645,-0.009277,1.167297,-2.449036,-0.205994,0.9582281456699131
36.25,0.956299,-0.036377,-0.013184,1.243591,-2.555847,-0.099182,0.9570814392652278
36.26,0.962891,-0.034912,-0.01709,1.091003,-2.593994,-0.1297,0.9636752532492469
36.27,0.965332,-0.033203,-0.020752,0.862122,-2.502441,-0.114441,0.9661257448888316
36.28,0.964355,-0.032471,-0.023193,0.63324,-2.349854,0.015259,0.965180214838141
36.29,0.961914,-0.031006,-0.020996,0.350952,-2.212524,-0.015259,0.9626425855155173
36.3,0.959473,-0.03418,-0.015381,0.259399,-2.082825,0.106812,0.9602048142401702
36.31,0.956543,-0.036377,-0.009766,0.221252,-2.082825,0.160217,0.9572842690308873
36.32,0.955811,-0.039063,-0.006592,0.328064,-2.319336,0.183105,0.9566316115172026
36.33,0.954102,-0.038086,-0.011963,0.595093,-2.510071,0.259399,0.9549367953791497
36.34,0.951904,-0.03418,-0.016113,0.686645,-2.708435,0.37384,0.9526537284790313
36.35,0.962158,-0.03125,-0.023193,0.778198,-3.067016,0.770569,0.9629446997169671
36.36,0.967773,-0.033691,-0.02417,0.579834,-2.723694,0.770569,0.9686608549487277
36.37,0.963379,-0.032471,-0.024414,0.297546,-2.174377,0.534058,0.9642351927190793
36.38,0.965576,-0.032715,-0.0271,0.289917,-1.968384,0.556946,0.9665100584065331
36.39,0.965088,-0.036133,-0.024902,0.25177,-1.953125,0.511169,0.9660851675897938
36.4,0.963623,-0.038086,-0.02124,0.114441,-1.876831,0.404358,0.9646092302715127
36.41,0.962646,-0.033936,-0.016846,0.083923,-1.838684,0.358582,0.9633912814261918
36.42,0.963623,-0.030762,-0.018066,0.160217,-1.76239,0.328064,0.9642831363914854
36.43,0.968994,-0.031982,-0.020996,0.25177,-1.441955,0.259399,0.9697489635859375
36.44,0.9729,-0.035156,-0.025879,0.213623,-1.296997,0.267029,0.973878882088014
36.45,0.968506,-0.037598,-0.019287,0.12207,-0.953674,0.221252,0.9694273928505425
36.46,0.964844,-0.042236,-0.013672,0.137329,-0.587463,0.007629,0.9658647667329004
36.47,0.95752,-0.045166,-0.008545,0.236511,-0.343323,-0.297546,0.958622728178818
36.48,0.954834,-0.046387,-0.007813,0.312805,-0.434875,-0.198364,0.9559920315013091
36.49,0.954346,-0.044189,-0.007813,0.343323,-0.732422,-0.213623,0.9554004387721413
36.5,0.953369,-0.041504,-0.009521,0.389099,-1.022339,-0.259399,0.9543194861355394
36.51,0.954834,-0.043213,-0.011475,0.350952,-1.121521,-0.244141,0.955880226048222
36.52,0.960693,-0.046143,-0.011963,0.457764,-1.243591,-0.12207,0.961874903543595
36.53,0.96582,-0.047363,-0.012451,0.671387,-1.144409,-0.183105,0.9670607807009858
36.54,0.966309,-0.045654,-0.01416,0.778198,-0.968933,-0.114441,0.967490504758057
36.55,0.962402,-0.042725,-0.014648,0.709534,-0.862122,-0.099182,0.9634612597987529
36.56,0.959961,-0.040771,-0.012939,0.648498,-1.014709,-0.198364,0.9609135308044111
36.57,0.960205,-0.040527,-0.010254,0.701904,-1.312256,-0.244141,0.9611145739556757
36.58,0.959473,-0.038086,-0.015381,0.694275,-1.487732,-0.320435,0.9603517877767501
36.59,0.963135,-0.040283,-0.018555,0.656128,-1.609802,-0.343323,0.9641556079487377
36.6,0.964844,-0.038086,-0.021484,0.785828,-1.792908,-0.419617,0.9658343802060476
36.61,0.969727,-0.035156,-0.020264,0.831604,-1.533508,-0.488281,0.9705756171267647
36.62,0.973145,-0.033691,-0.021729,0.686645,-1.289368,-0.587463,0.9739704430561535
36.63,0.966064,-0.034424,-0.019775,0.602722,-1.174927,-0.854492,0.9668793691547048
36.64,0.960449,-0.0354,-0.018311,0.564575,-0.953674,-0.976562,0.9612755766802774
36.65,0.956299,-0.035889,-0.015137,0.564575,-1.075745,-1.091003,0.9570919112034121
36.66,0.957031,-0.033691,-0.013916,0.526428,-0.976562,-1.106262,0.9577249466825013
36.67,0.961182,-0.032227,-0.015625,0.62561,-0.762939,-1.106262,0.9618490303982221
36.68,0.961426,-0.033691,-0.019531,0.289917,-0.556946,-1.144409,0.9622143716022953
36.69,0.960449,-0.0354,-0.021973,0.068665,-0.473022,-1.045227,0.9613523050006173
36.7,0.964355,-0.038086,-0.019775,-0.083923,-0.305176,-1.060486,0.9653093597629725
36.71,0.962646,-0.042236,-0.01709,-0.343323,-0.213623,-1.098633,0.9637236476874478
36.72,0.960205,-0.046631,-0.014648,-0.556946,-0.175476,-0.900268,0.961448207700238
36.73,0.958008,-0.044434,-0.013672,-0.473022,0.015259,-0.900268,0.9591353564560113
36.74,0.957275,-0.045166,-0.016602,-0.389099,-0.022888,-0.823975,0.9584837085652526
36.75,0.960938,-0.043457,-0.014648,-0.236511,0.030518,-0.617981,0.9620316598724804
36.76,0.964111,-0.04248,-0.013184,-0.228882,0.137329,-0.572205,0.9651364611167688
36.77,0.9646,-0.040527,-0.012939,-0.213623,0.106812,-0.465393,0.9655376820456051
36.78,0.9646,-0.036377,-0.01123,-0.099182,-0.1297,-0.572205,0.9653510030185911
36.79,0.9646,-0.037842,-0.009033,-0.053406,-0.312805,-0.572205,0.965384261345191
36.8,0.960693,-0.04126,-0.006592,0.175476,-0.62561,-0.724792,0.9616012075247202
36.81,0.955811,-0.038086,-0.005127,0.366211,-1.243591,-0.999451,0.9565832411484115
36.82,0.958252,-0.033691,-0.008057,0.648498,-1.434326,-1.197815,0.9588779350021566
36.83,0.958252,-0.03418,-0.010498,0.793457,-1.365662,-1.235962,0.9589188578331328
36.84,0.958496,-0.031982,-0.01123,0.778198,-1.304626,-1.243591,0.9590951690213021
36.85,0.959717,-0.033691,-0.011475,0.823975,-1.106262,-1.182556,0.9603767381580002
36.86,0.958008,-0.035156,-0.012207,1.121521,-1.022339,-0.88501,0.9587305582117428
36.87,0.960693,-0.0354,-0.012695,1.190186,-1.075745,-0.648498,0.9614288134199016
36.88,0.962402,-0.037598,-0.010986,1.12915,-1.060486,-0.50354,0.9631987912180954
36.89,0.95874,-0.037598,-0.009277,0.87738,-0.915527,-0.495911,0.9595217871069943
36.9,0.954834,-0.036621,-0.01123,0.862122,-0.915527,-0.50354,0.9556019977464467
36.91,0.951172,-0.037354,-0.011719,0.587463,-1.052856,-0.465393,0.9519773263376602
36.92,0.953857,-0.036133,-0.012939,0.556946,-1.121521,-0.350952,0.9546288220345119
36.93,0.956543,-0.03418,-0.012207,0.434875,-1.12915,-0.1297,0.9572313169229264
36.94,0.960449,-0.03833,-0.011475,0.297546,-1.075745,-0.076294,0.9612820325617243
36.95,0.962402,-0.04248,-0.013916,0.404358,-1.037598,-0.091553,0.9634395751991923
36.96,0.969238,-0.041748,-0.012451,0.549316,-1.068115,0.007629,0.970216585896675
36.97,0.969238,-0.040283,-0.012939,0.694275,-1.022339,-0.061035,0.970161037381939
36.98,0.958984,-0.037354,-0.01001,0.694275,-1.220703,-0.228882,0.959763425887859
36.99,0.964844,-0.036621,-0.015381,0.823975,-1.594543,-0.099182,0.9656612331133523
37.0,0.966309,-0.03418,-0.014404,0.816345,-1.350403,-0.221252,0.9670205949704483
37.01,0.958984,-0.033691,-0.007813,0.564575,-0.923157,-0.511169,0.9596074398971696
37.02,0.95752,-0.0354,-0.006836,0.534058,-1.045227,-0.671387,0.9581985396023103
37.03,0.958252,-0.036621,-0.006348,0.694275,-1.426697,-0.793457,0.9589725179842225
37.04,0.960693,-0.036377,-0.00708,0.671387,-1.785278,-0.915527,0.9614075373003896
37.05,0.962158,-0.036621,-0.011963,0.862122,-2.075195,-0.930786,0.9629289838684886
37.06,0.96582,-0.031494,-0.013428,0.984192,-2.082825,-0.793457,0.9664266426480594
37.07,0.968018,-0.031738,-0.015625,0.816345,-1.930237,-0.87738,0.9686641779239078
37.08,0.966553,-0.032959,-0.01709,0.686645,-1.686096,-0.87738,0.9672657678166844
37.09,0.959717,-0.033203,-0.013184,0.701904,-1.525879,-0.88501,0.9603816830583558
37.1,0.956543,-0.0354,-0.013184,0.617981,-1.571655,-0.831604,0.9572886130655687
37.11,0.955566,-0.032959,-0.009033,0.534058,-1.541138,-0.663757,0.9561769036773478
37.12,0.95459,-0.033447,-0.006836,0.602722,-1.296997,-0.556946,0.955200241208617
37.13,0.955566,-0.033936,-0.01001,0.686645,-1.38855,-0.572205,0.9562208074247287
37.14,0.959717,-0.032715,-0.014648,0.541687,-1.411438,-0.526428,0.9603861490140307
37.15,0.961426,-0.033691,-0.015625,0.473022,-1.365662,-0.488281,0.9621430130609482
37.16,0.963867,-0.038086,-0.016602,0.366211,-1.251221,-0.526428,0.9647620242780082
37.17,0.962646,-0.040771,-0.019043,0.297546,-1.243591,-0.595093,0.9636971679972915
37.18,0.963135,-0.039795,-0.017334,0.274658,-1.281738,-0.541687,0.9641126167652823
37.19,0.962646,-0.039307,-0.012939,0.343323,-1.152039,-0.411987,0.9635350431022216
37.2,0.960205,-0.037354,-0.015137,0.320435,-0.976562,-0.305176,0.9610505148586104
37.21,0.959229,-0.0354,-0.015869,0.305176,-0.823975,-0.076294,0.960013155952563
37.22,0.961914,-0.032471,-0.012207,0.389099,-0.831604,0.007629,0.9625393083329118
37.23,0.962646,-0.03418,-0.01001,0.50354,-0.831604,-0.1297,0.9633046215066136
37.24,0.962402,-0.037598,-0.008057,0.556946,-0.968933,-0.236511,0.9631698367666006
37.25,0.96167,-0.0354,-0.010498,0.579834,-1.289368,-0.267029,0.9623785933321668
37.26,0.965088,-0.035156,-0.018066,0.617981,-1.678467,-0.328064,0.9658970816997016
37.27,0.967529,-0.033691,-0.020508,0.457764,-1.754761,-0.595093,0.9683326016333438
37.28,0.9646,-0.035889,-0.018311,0.099182,-1.670837,-0.854492,0.9654410769394474
37.29,0.962891,-0.034912,-0.016113,0.076294,-1.480102,-0.823975,0.9636584220531672
37.3,0.96167,-0.036621,-0.014648,0.114441,-1.083374,-0.785828,0.9624784934973872
37.31,0.958496,-0.037109,-0.012207,0.0,-0.709534,-0.610352,0.9592917547576442
37.32,0.956543,-0.037598,-0.011963,-0.061035,-0.556946,-0.404358,0.9573563776473211
37.33,0.957031,-0.036133,-0.011719,0.083923,-0.572205,-0.465393,0.9577845601235174
37.34,0.957275,-0.038086,-0.013672,0.160217,-0.595093,-0.213623,0.9581298933886783
37.35,0.957764,-0.036133,-0.013184,0.175476,-0.724792,-0.106812,0.9585360145769172
37.36,0.957275,-0.034424,-0.011719,0.328064,-0.747681,-0.061035,0.9579654338033289
37.37,0.956055,-0.036377,-0.013916,0.175476,-0.679016,0.137329,0.9568480047583314
37.38,0.96167,-0.036377,-0.016846,0.106812,-0.671387,0.50354,0.9625052014119198
37.39,0.963623,-0.035645,-0.016602,0.076294,-0.488281,0.495911,0.9644249470840124
37.4,0.95874,-0.040039,-0.01416,-0.160217,-0.274658,0.350952,0.9596801627214141
37.41,0.961182,-0.038086,-0.014648,-0.160217,-0.190735,0.564575,0.9620477869752625
37.42,0.963623,-0.036865,-0.013428,-0.244141,-0.205994,0.50354,0.9644213941726926
37.43,0.964844,-0.03833,-0.011719,-0.25177,-0.106812,0.320435,0.9656761714969465
37.44,0.963623,-0.03833,-0.007568,-0.297546,0.106812,0.137329,0.9644147187040438
37.45,0.963623,-0.039795,-0.006592,-0.221252,0.152588,-0.114441,0.9644668903689748
37.46,0.963135,-0.04126,-0.005127,-0.259399,0.068665,-0.198364,0.964032002556969
37.47,0.965576,-0.04126,-0.008057,-0.205994,-0.183105,-0.244141,0.9664907214376142
37.48,0.966553,-0.040527,-0.009277,-0.068665,-0.465393,-0.236511,0.9674467438918796
37.49,0.967773,-0.038086,-0.014893,0.038147,-0.75531,-0.411987,0.9686366317531048
37.5,0.969727,-0.040283,-0.016357,0.076294,-0.87738,-0.427246,0.9707011517799905
37.51,0.971191,-0.038574,-0.018311,-0.030518,-0.900268,-0.282288,0.9721292119250403
37.52,0.970459,-0.034912,-0.02002,-0.305176,-0.579834,-0.549316,0.9712931168421817
37.53,0.966797,-0.037354,-0.01709,-0.63324,-0.106812,-0.984192,0.9676692764705305
37.54,0.963623,-0.04248,-0.014648,-0.991821,0.282288,-1.350403,0.9646700992738398
37.55,0.957031,-0.045654,-0.011475,-1.159668,0.434875,-1.64032,0.9581880286780877
37.56,0.95874,-0.043945,-0.011719,-1.167297,0.274658,-1.678467,0.9598181523528297
37.57,0.960938,-0.045898,-0.01123,-1.00708,0.167847,-1.693725,0.962099048512158
37.58,0.96875,-0.046143,-0.014648,-0.831604,0.12207,-1.609802,0.9699589181264329
37.59,0.976807,-0.041504,-0.019043,-0.534058,0.12207,-1.602173,0.9778737817908812
37.6,0.97998,-0.041748,-0.017822,-0.305176,0.114441,-1.914978,0.9810307434469115
37.61,0.977783,-0.041748,-0.015625,0.061035,-0.244141,-2.349854,0.9787985651899986
37.62,0.971436,-0.042725,-0.01416,0.259399,-0.762939,-2.990722,0.9724781916942918
37.63,0.97168,-0.039063,-0.018066,0.579834,-1.060486,-3.555298,0.972632675127152
37.64,0.966064,-0.037354,-0.015381,0.526428,-1.083374,-4.150391,0.9669082420648818
37.65,0.959229,-0.03833,-0.010742,0.389099,-1.190186,-4.684448,0.9600546098556061
37.66,0.95459,-0.033936,-0.010498,0.289917,-1.350403,-4.936218,0.9552507148387799
37.67,0.954102,-0.029541,-0.010254,0.167847,-1.342773,-4.981995,0.9546142894389336
37.68,0.953613,-0.025391,-0.012695,0.083923,-1.480102,-4.776001,0.9540354394229809
37.69,0.954834,-0.020508,-0.010254,-0.12207,-1.617432,-4.562378,0.9551092556016824
37.7,0.956543,-0.014648,-0.008545,-0.457764,-1.579285,-4.463196,0.9566933112434727
37.71,0.957275,-0.011719,-0.00708,-0.930786,-1.296997,-4.402161,0.9573729090516401
37.72,0.961426,-0.010254,-0.008057,-1.312256,-0.984192,-4.348755,0.9615144373544268
37.73,0.964111,-0.006592,-0.003662,-1.464844,-0.465393,-4.386902,0.964140490296409
37.74,0.948975,-0.007813,-0.000488,-1.64032,0.267029,-4.196167,0.9490072875052119
37.75,0.949951,-0.012695,-0.002441,-1.731872,0.312805,-3.257751,0.9500389591522024
37.76,0.960693,-0.018311,0.000732,-1.701355,0.068665,-2.799988,0.9608677686310432
37.77,0.953613,-0.025146,0.007813,-1.777649,0.709534,-2.693176,0.9539764766774913
37.78,0.950928,-0.027588,0.012451,-1.663208,0.778198,-2.258301,0.9514095786405559
37.79,0.956055,-0.030762,0.013916,-1.190186,0.511169,-1.88446,0.9566509910751151
37.8,0.959473,-0.038086,0.016846,-0.762939,0.526428,-1.770019,0.9603763683270221
37.81,0.959961,-0.043945,0.018066,-0.053406,0.587463,-1.625061,0.9611361323465057
37.82,0.957031,-0.046875,0.017334,0.823975,0.526428,-1.449585,0.9583350500435638
37.83,0.958496,-0.045166,0.015625,1.533508,0.25177,-1.449585,0.9596867667093258
37.84,0.960449,-0.041748,0.016846,2.296448,-0.167847,-1.266479,0.9615034918402533
37.85,0.962891,-0.039795,0.015381,2.906799,-0.648498,-1.350403,0.9638357199580228
37.86,0.962402,-0.0354,0.014893,3.242492,-1.342773,-1.792908,0.9631679869332244
37.87,0.962402,-0.036621,0.012939,3.623962,-2.037048,-2.357483,0.9631854052912139
37.88,0.964111,-0.036377,0.01123,3.814697,-2.708435,-2.960205,0.9648623836330236
37.89,0.96582,-0.033447,0.010498,3.997802,-3.326416,-3.517151,0.9664559908309327
37.9,0.963379,-0.031738,0.002441,4.03595,-3.562927,-3.959656,0.9639047446537443
37.91,0.954102,-0.029297,-0.005371,3.852844,-3.822326,-4.150391,0.9545668065955363
37.92,0.94873,-0.020752,-0.013672,3.532409,-3.90625,-3.852844,0.9490554156570626
37.93,0.949951,-0.015137,-0.020264,2.929687,-3.990173,-3.40271,0.9502876726896966
37.94,0.949707,-0.010254,-0.022461,2.13623,-3.921509,-2.876281,0.9500279084774299
37.95,0.951904,-0.004639,-0.026611,1.51062,-3.746032,-2.380371,0.9522871892753781
37.96,0.958984,-0.000244,-0.024902,1.13678,-3.372192,-1.930237,0.9593072924751485
37.97,0.963623,0.005127,-0.024902,0.823975,-2.89154,-1.731872,0.9639583403145595
37.98,0.968018,0.004883,-0.018311,0.549316,-2.27356,-1.914978,0.9682034831242863
37.99,0.970459,0.0,-0.017578,0.358582,-1.693725,-2.189636,0.970618182791256
38.0,0.964111,-0.003906,-0.016602,0.061035,-1.296997,-2.220154,0.9642618438790369
38.01,0.95874,-0.006104,-0.012695,-0.213623,-1.152039,-2.243042,0.9588434749431213
38.02,0.957764,-0.008789,-0.013184,-0.396728,-1.00708,-2.197266,0.9578950590085534
38.03,0.954102,-0.013428,-0.013428,-0.816345,-0.991821,-2.120972,0.9542909665149303
38.04,0.952148,-0.01709,-0.015381,-1.060486,-0.923157,-1.861572,0.9524255651571938
38.05,0.959229,-0.014893,-0.018066,-1.411438,-0.75531,-1.495361,0.9595146982959667
38.06,0.963379,-0.013184,-0.019043,-1.76239,-0.411987,-1.190186,0.9636573827590385
38.07,0.963623,-0.013916,-0.019531,-1.899719,-0.205994,-0.869751,0.9639213666819509
38.08,0.970459,-0.013916,-0.01416,-1.998901,-0.267029,-0.518799,0.9706620582556011
38.09,0.974609,-0.010986,-0.01123,-2.037048,-0.045776,-0.480652,0.9747356092689955
38.1,0.969482,-0.013672,-0.003662,-1.770019,0.167847,-0.480652,0.9695853145298767
38.11,0.965332,-0.017334,0.000977,-1.251221,0.183105,-0.50354,0.9654881109102276
38.12,0.961426,-0.019531,0.005615,-0.785828,0.061035,-0.648498,0.9616407549922164
38.13,0.959473,-0.022217,0.009277,-0.335693,-0.068665,-0.62561,0.9597750234023597
38.14,0.957275,-0.025879,0.007813,0.099182,-0.465393,-0.595093,0.9576566144683594
38.15,0.960938,-0.031494,0.011475,0.556946,-1.037598,-0.785828,0.9615224321382211
38.16,0.962158,-0.029541,0.008789,0.892639,-1.274109,-1.022339,0.9626515123168924
38.17,0.957275,-0.029297,0.003418,1.075745,-1.38092,-1.091003,0.9577293054710188
38.18,0.958252,-0.028809,0.001709,1.396179,-1.686096,-1.052856,0.9586864840321887
38.19,0.95874,-0.025146,-0.000977,1.770019,-1.88446,-0.923157,0.9590702077767821
38.2,0.959717,-0.023926,-0.003906,1.907349,-1.953125,-0.854492,0.9600231405549556
38.21,0.962158,-0.022705,-0.006836,2.197266,-1.976013,-0.839233,0.9624501363109675
38.22,0.966553,-0.026855,-0.009766,2.655029,-1.815796,-0.846863,0.9669753190180191
38.23,0.965332,-0.033936,-0.009766,2.937317,-0.991821,-0.663757,0.9659776897402962
38.24,0.970703,-0.036133,-0.010742,3.39508,-0.144958,-0.244141,0.9714346599035881
38.25,0.973389,-0.037354,-0.008301,3.768921,0.671387,0.244141,0.9741408385023184
38.26,0.967285,-0.030518,-0.006592,4.219055,1.296997,0.190735,0.9677887548494247
38.27,0.96582,-0.027832,-0.003418,4.508972,1.396179,0.038147,0.9662269792072667
38.28,0.964111,-0.028564,0.003906,4.463196,1.365662,0.030518,0.9645419530808393
38.29,0.953857,-0.028564,0.011963,4.455566,1.296997,-0.289917,0.9543595716049585
38.3,0.944824,-0.029053,0.017334,4.417419,0.411987,-0.488281,0.9454294978162041
38.31,0.949463,-0.027588,0.017578,4.425049,-0.87738,-0.457764,0.9500263534223669
38.32,0.953125,-0.032227,0.015869,4.600525,-1.525879,-0.389099,0.9538016933907173
38.33,0.956787,-0.035645,0.009521,4.875183,-1.831055,-0.198364,0.9574980829406396
38.34,0.963379,-0.032471,0.0,5.004883,-1.602173,0.404358,0.9639260674356722
38.35,0.961426,-0.032715,-0.010742,5.172729,-1.197815,0.923157,0.9620424186411949
38.36,0.964355,-0.030029,-0.011719,5.096435,-1.052856,1.197815,0.9648935909347724
38.37,0.964844,-0.030273,-0.009521,4.981995,-0.778198,1.38855,0.9653657588220126
38.38,0.963379,-0.029053,-0.004395,4.943848,-0.747681,1.312256,0.9638270023583071
38.39,0.954834,-0.024414,0.000977,4.79126,-1.228333,1.121521,0.9551465675387206
38.4,0.956055,-0.020752,-0.002686,4.859924,-1.945495,0.823975,0.9562839657366424
38.41,0.966553,-0.013672,-0.006836,4.684448,-2.746582,0.595093,0.9666738624215512
38.42,0.968506,-0.006592,-0.014893,4.135132,-3.097534,0.442505,0.9686429310891604
38.43,0.976318,0.000488,-0.022705,3.471374,-2.807617,0.305176,0.9765820970573851
38.44,0.966064,0.002441,-0.029785,2.555847,-2.754211,0.015259,0.9665261283597045
38.45,0.96167,0.000977,-0.037842,1.403808,-3.341675,0.022888,0.9624147548707885
38.46,0.963623,0.005371,-0.036865,0.434875,-3.639221,0.228882,0.9643428653725811
38.47,0.965576,0.006592,-0.032715,-0.267029,-3.112793,0.427246,0.9661525435794288
38.48,0.967773,0.010498,-0.033447,-0.679016,-2.27356,0.549316,0.9684077082210777
38.49,0.968994,0.012207,-0.0271,-0.968933,-1.76239,0.518799,0.9694497371627886
38.5,0.969971,0.010498,-0.019287,-1.106262,-1.457214,0.198364,0.9702195304228832
38.51,0.96875,0.007813,-0.013428,-1.197815,-1.327515,-0.160217,0.9688745618773361
38.52,0.96582,-0.001709,-0.009033,-1.38092,-1.159668,-0.595093,0.965863752384362
38.53,0.965088,-0.010254,-0.003418,-1.251221,-1.098633,-0.961304,0.9651485248312821
38.54,0.971191,-0.015137,0.006836,-1.235962,-1.342773,-1.335144,0.9713330109421795
38.55,0.974365,-0.020996,0.008545,-1.098633,-0.892639,-1.899719,0.9746286483917862
38.56,0.965576,-0.031738,0.005859,-0.900268,-0.465393,-2.189636,0.9661152313782244
38.57,0.963623,-0.034912,0.003662,-0.465393,-1.449585,-2.182007,0.96426217602735
38.58,0.96875,-0.02832,0.003174,-0.076294,-2.319336,-2.235413,0.9691690560351172
38.59,0.972168,-0.02417,0.000732,0.083923,-2.39563,-2.14386,0.9724686858444338
38.6,0.971436,-0.019043,-0.003906,0.534058,-2.220154,-2.128601,0.9716304826326724
38.61,0.966309,-0.019287,-0.000244,0.488281,-2.26593,-2.464294,0.9665014906279245
38.62,0.957764,-0.022705,0.003906,0.389099,-2.662658,-2.807617,0.9580410500375232
38.63,0.953369,-0.022949,0.006104,0.701904,-2.952575,-2.990722,0.9536647029108292
38.64,0.94873,-0.021973,0.008057,0.640869,-3.074646,-3.234863,0.9490186198795048
38.65,0.943359,-0.02124,0.007324,0.801086,-3.372192,-3.410339,0.9436265052747299
38.66,0.942383,-0.014404,0.001465,0.961304,-4.112244,-3.639221,0.9424942122527862
38.67,0.946289,-0.009766,-0.003662,1.060486,-5.058288,-3.64685,0.9463464780517757
38.68,0.959961,-0.004395,-0.015869,1.289368,-5.882263,-3.379822,0.9601022147183079
38.69,0.977539,0.001953,-0.029297,1.312256,-6.057739,-3.334045,0.9779798693935372
38.7,0.984131,0.002441,-0.037109,1.152039,-5.027771,-3.204345,0.9848334181591322
38.71,0.981689,0.003662,-0.044678,0.999451,-3.852844,-2.822876,0.9827119754276937
38.72,0.980957,0.003662,-0.040527,0.778198,-2.716064,-2.487183,0.9818006334393964
38.73,0.970459,0.002686,-0.033936,0.274658,-1.411438,-2.349854,0.9710558878730925
38.74,0.961914,0.00415,-0.030518,0.007629,-0.404358,-2.105713,0.962406937952964
38.75,0.95752,0.002441,-0.020752,-0.511169,0.205994,-1.846313,0.9577479597394087
38.76,0.951416,-0.002441,-0.015381,-0.991821,0.640869,-1.51062,0.9515434507672259
38.77,0.948486,-0.00415,-0.012939,-1.289368,0.831604,-1.045227,0.9485833291899032
38.78,0.947266,-0.00415,-0.01001,-1.747131,0.923157,-0.602722,0.9473279777120488
38.79,0.949707,-0.006592,-0.009033,-2.204895,0.923157,-0.358582,0.9497728335775876
38.8,0.952148,-0.006348,-0.006348,-2.578735,0.694275,-0.289917,0.9521903213706806
38.81,0.953613,-0.012451,-0.008789,-2.601623,0.511169,-0.1297,0.9537347784845639
38.82,0.957275,-0.015137,-0.008545,-2.624511,0.854492,0.076294,0.9574328025605765
38.83,0.959473,-0.016113,-0.008545,-2.494812,1.197815,0.457764,0.959646332522039
38.84,0.959717,-0.016846,-0.008789,-2.372742,1.480102,0.854492,0.959905075685091
38.85,0.954102,-0.014893,-0.002686,-2.14386,1.670837,1.167297,0.9542220089942381
38.86,0.953369,-0.01416,0.002686,-1.899719,1.831055,1.609802,0.95347793385951
38.87,0.950439,-0.020264,0.006836,-1.800537,1.472473,1.800537,0.950679574469232
38.88,0.949463,-0.01709,0.010254,-1.441955,0.686645,1.876831,0.9496721544749008
38.89,0.952393,-0.015381,0.010742,-1.00708,0.114441,2.098083,0.9525777617465149
38.9,0.951904,-0.01709,0.015625,-0.602722,-0.297546,2.365112,0.9521856089760021
38.91,0.958496,-0.018311,0.013672,0.045776,-1.373291,2.418518,0.9587683757409815
38.92,0.983887,-0.015381,0.004883,0.648498,-2.105713,2.13623,0.9840193329498155
38.93,0.978516,-0.016113,0.000977,0.740051,-1.602173,1.243591,0.9786491432346938
38.94,0.968262,-0.016113,-0.001953,1.13678,-1.083374,0.846863,0.9683980295426049
38.95,0.965332,-0.017334,-0.001953,1.144409,-1.434326,0.648498,0.9654895918594876
38.96,0.971436,-0.019775,-0.002441,1.098633,-1.88446,0.297546,0.9716403198725339
38.97,0.969482,-0.023438,-0.007568,1.205444,-1.777649,-0.091553,0.9697948044777307
38.98,0.965576,-0.025635,-0.011719,1.235962,-1.541138,-0.12207,0.9659873187376737
38.99,0.956787,-0.022705,-0.015381,1.274109,-1.922607,-0.053406,0.9571799494112901
39.0,0.966797,-0.012207,-0.018311,1.235962,-2.716064,0.228882,0.9670474356405687
39.01,0.973633,-0.01123,-0.02002,1.060486,-2.861023,0.297546,0.9739035537408208
39.02,0.9729,-0.01416,-0.018799,0.679016,-2.334595,0.091553,0.9731846268827924
39.03,0.968018,-0.010498,-0.015869,0.396728,-1.831055,-0.114441,0.9682049790664166
39.04,0.961426,-0.006104,-0.010742,0.0,-1.426697,-0.37384,0.9615053836853957
39.05,0.953857,-0.006836,-0.006348,-0.350952,-1.228333,-0.648498,0.9539026179065659
39.06,0.94458,-0.007324,-0.004639,-0.724792,-0.930786,-0.686645,0.944619784726638
39.07,0.941162,-0.009521,0.0,-1.083374,-0.717163,-0.37384,0.9412101570239242
39.08,0.943115,-0.009277,-0.002686,-1.335144,-0.587463,0.045776,0.9431644504273897
39.09,0.948486,-0.011475,-0.003906,-1.396179,-0.50354,0.366211,0.9485634531527135
39.1,0.953125,-0.012695,-0.002197,-1.556396,-0.289917,0.801086,0.9532120726569718
39.11,0.959961,-0.013428,-0.001953,-1.579285,-0.022888,1.243591,0.9600568977482532
39.12,0.966309,-0.018555,0.003662,-1.480102,0.068665,1.274109,0.9664940671054323
39.13,0.96167,-0.024658,0.005615,-1.38855,-0.114441,1.083374,0.9620024605420716
39.14,0.96582,-0.029541,0.003662,-0.984192,-0.480652,0.999451,0.9662786106113496
39.15,0.968262,-0.02832,-0.000977,-0.419617,-1.060486,0.839233,0.9686765598346023
39.16,0.968994,-0.03125,0.002197,-0.053406,-1.686096,0.549316,0.9695002637157971
39.17,0.972412,-0.031982,-0.000732,0.480652,-2.471924,0.450134,0.9729380668326222
39.18,0.976563,-0.034668,-0.005127,1.060486,-3.02124,0.343323,0.9771916134116174
39.19,0.972412,-0.032959,-0.011719,1.579285,-3.463745,0.061035,0.9730409695310882
39.2,0.968506,-0.029053,-0.016846,1.831055,-3.799438,0.007629,0.9690880953561446
39.21,0.966064,-0.023682,-0.016846,1.716614,-3.90625,0.030518,0.966501048595396
39.22,0.957275,-0.020264,-0.015869,1.296997,-3.669739,-0.091553,0.9576209482263845
39.23,0.949951,-0.016113,-0.01001,1.029968,-3.15094,-0.091553,0.9501403745078935
39.24,0.949463,-0.013672,-0.003174,0.869751,-2.868652,0.022888,0.9495667360586089
39.25,0.946533,-0.010254,-0.003418,0.587463,-2.578735,0.1297,0.9465947112302074
39.26,0.949951,-0.012451,-0.003662,0.495911,-2.479553,0.076294,0.9500396518282803
39.27,0.954102,-0.01123,-0.002441,0.656128,-2.334595,0.289917,0.9541712098910761
39.28,0.958008,-0.012451,-0.001221,0.87738,-2.220154,0.320435,0.9580896859407265
39.29,0.960449,-0.016357,-0.001465,1.091003,-2.204895,0.267029,0.9605893916106923
39.3,0.95874,-0.018799,-0.001221,1.312256,-2.334595,0.396728,0.9589250652902969
39.31,0.959473,-0.021729,-0.006104,1.594543,-2.471924,0.450134,0.959738425815076
39.32,0.963379,-0.021973,-0.008545,1.800537,-2.853393,0.442505,0.9636674360976404
39.33,0.968018,-0.021729,-0.010742,1.777649,-3.059387,0.396728,0.9683214282091459
39.34,0.971436,-0.018555,-0.015869,1.89209,-3.265381,0.282288,0.9717427721789341
39.35,0.977783,-0.018311,-0.02124,1.930237,-3.440857,0.228882,0.9781850670553093
39.36,0.981201,-0.017822,-0.019775,1.869202,-3.547668,-0.144958,0.9815620595306239
39.37,0.980713,-0.018066,-0.020264,1.701355,-3.52478,-0.785828,0.9810886802022536
39.38,0.973389,-0.01709,-0.021729,1.571655,-3.593445,-1.25885,0.973781475928763
39.39,0.967773,-0.015137,-0.020508,1.396179,-3.64685,-1.724243,0.9681086128952681
39.4,0.963379,-0.014648,-0.018311,1.327515,-3.677368,-2.044678,0.9636643369275424
39.41,0.956055,-0.01416,-0.017822,0.946045,-3.852844,-2.182007,0.956325934140134
39.42,0.956299,-0.010498,-0.018311,0.75531,-3.677368,-2.059937,0.9565319012589177
39.43,0.95752,-0.01123,-0.016846,0.717163,-3.425598,-1.983642,0.9577340189300995
39.44,0.956299,-0.014648,-0.015625,0.686645,-3.112793,-1.960754,0.9565388031491456
39.45,0.960938,-0.017578,-0.015869,0.701904,-2.807617,-1.960754,0.9612297597811877
39.46,0.961914,-0.022217,-0.014648,0.610352,-2.39563,-1.922607,0.9622820285077552
39.47,0.958008,-0.025391,-0.014893,0.549316,-2.044678,-1.853943,0.958460136048443
39.48,0.955078,-0.026611,-0.010498,0.541687,-1.823425,-1.739502,0.9555063262004078
39.49,0.952637,-0.029541,-0.010498,0.701904,-1.739502,-1.457214,0.9531527330150189
39.5,0.952393,-0.030029,-0.01001,0.785828,-1.869202,-1.052856,0.9529188671602636
39.51,0.952637,-0.025879,-0.010498,0.846863,-2.037048,-0.694275,0.9530462656209298
39.52,0.955322,-0.022949,-0.013184,0.793457,-2.250671,-0.328064,0.9556885466201842
39.53,0.960205,-0.022461,-0.013428,0.663757,-2.479553,-0.114441,0.9605615283416258
39.54,0.965088,-0.022949,-0.011475,0.595093,-2.883911,-0.022888,0.9654290134287451
39.55,0.966309,-0.021973,-0.011963,0.556946,-3.082275,0.022888,0.966632820454075
39.56,0.967285,-0.020508,-0.015381,0.511169,-3.39508,0.038147,0.9676246299314626
39.57,0.96875,-0.016602,-0.016357,0.610352,-3.707886,-0.068665,0.9690303093056482
39.58,0.968018,-0.013672,-0.020752,0.762939,-3.959656,0.007629,0.968336933826238
39.59,0.965088,-0.010742,-0.025146,0.778198,-4.127502,0.030518,0.965475302441238
39.6,0.966553,-0.009277,-0.02417,0.915527,-4.249573,-0.106812,0.9668996604808587
39.61,0.966553,-0.00708,-0.023682,1.022339,-4.188538,-0.37384,0.9668690011232132
39.62,0.96582,-0.009766,-0.027344,0.976562,-3.990173,-0.473022,0.9662563539206352
39.63,0.965332,-0.01123,-0.026855,1.068115,-3.829956,-0.358582,0.9657707668743136
39.64,0.967529,-0.008545,-0.029785,1.167297,-3.746032,-0.205994,0.968025066354689
39.65,0.968018,-0.007324,-0.030762,1.068115,-3.356933,-0.137329,0.9685343514527506
39.66,0.961182,-0.011719,-0.025879,1.029968,-2.578735,-0.328064,0.961601733944984
39.67,0.956543,-0.020996,-0.023438,0.938415,-1.861572,-0.205994,0.9570604383783712
39.68,0.95459,-0.022705,-0.018066,0.946045,-1.556396,-0.053406,0.955030871480603
39.69,0.956787,-0.02002,-0.017578,1.144409,-1.586914,0.053406,0.9571578500190029
39.7,0.958496,-0.021729,-0.02002,1.304626,-1.472473,0.068665,0.958951266674694
39.71,0.96167,-0.022217,-0.016602,1.548767,-1.533508,0.053406,0.9620698573352146
39.72,0.967529,-0.024658,-0.018066,1.869202,-1.914978,-0.076294,0.9680117577596875
39.73,0.973633,-0.022949,-0.020996,2.044678,-2.227783,-0.137329,0.9741297179051669
39.74,0.973145,-0.02417,-0.020264,2.296448,-2.059937,-0.12207,0.9736560016869408
39.75,0.9729,-0.023438,-0.020752,2.365112,-1.754761,-0.205994,0.9734035110620877
39.76,0.973145,-0.014893,-0.021484,2.510071,-1.609802,-0.419617,0.9734960476190954
39.77,0.970947,-0.011719,-0.025879,2.540588,-1.602173,-0.770569,0.9713625144151898
39.78,0.974121,-0.016113,-0.023682,2.571106,-1.708984,-1.289368,0.9745420404138551
39.79,0.973633,-0.017578,-0.03125,2.677917,-1.823425,-1.831055,0.9742929576226034
39.8,0.962158,-0.019287,-0.0354,2.525329,-1.708984,-2.059937,0.963002162683449
39.81,0.963135,-0.016846,-0.039551,2.304077,-1.495361,-1.708984,0.9640939256846295
39.82,0.965332,-0.018555,-0.040283,1.754761,-1.319885,-1.548767,0.9663502875965836
39.83,0.966553,-0.019043,-0.033936,1.121521,-1.022339,-1.838684,0.9673360273214267
39.84,0.963379,-0.022461,-0.028076,0.534058,-0.816345,-2.189636,0.9640497165281467
39.85,0.962402,-0.021484,-0.02124,0.068665,-0.923157,-2.449036,0.9628760613183818
39.86,0.967285,-0.022461,-0.012939,-0.396728,-0.991821,-2.799988,0.9676322573514176
39.87,0.970215,-0.023193,-0.00415,-0.579834,-0.968933,-3.349304,0.9705010478994859
39.88,0.964111,-0.027832,0.000488,-0.556946,-0.900268,-3.89862,0.9645127675095856
39.89,0.956299,-0.029541,0.002197,-0.358582,-1.487732,-4.203796,0.9567576887023171
39.9,0.95459,-0.028076,-0.001465,-0.022888,-2.593994,-4.241943,0.955003914180984
39.91,0.955811,-0.025146,-0.000244,0.289917,-3.425598,-4.142761,0.9561417512968461
39.92,0.955078,-0.029053,0.001709,0.579834,-3.707886,-4.196167,0.9555213150809353
39.93,0.954102,-0.030518,-0.000488,0.900268,-3.837585,-4.226685,0.9545900758294106
39.94,0.951416,-0.033447,-0.001221,1.411438,-4.043579,-3.990173,0.9520045155911815
39.95,0.949707,-0.03418,-0.000732,1.800537,-4.379272,-3.746032,0.9503221527845175
39.96,0.947754,-0.030029,-0.001465,2.182007,-4.714966,-3.40271,0.9482307375222552
39.97,0.945068,-0.025879,-0.005615,2.426147,-4.898071,-3.089905,0.9454389327132662
39.98,0.944336,-0.023682,-0.01001,2.693176,-5.020141,-2.792358,0.9446859362348948
39.99,0.943359,-0.020264,-0.01709,2.700805,-5.187988,-2.502441,0.9437313710357412
40.0,0.949463,-0.017578,-0.025635,2.716064,-5.439758,-2.037048,0.9499716457231763
40.01,0.959473,-0.014404,-0.036377,2.655029,-5.546569,-1.693725,0.9602703781092073
40.02,0.962646,-0.013916,-0.045654,2.433777,-5.28717,-1.716614,0.9638284412114014
40.03,0.956543,-0.01001,-0.052734,2.01416,-4.852295,-1.678467,0.9580477992798689
40.04,0.955078,-0.005615,-0.056885,1.571655,-4.402161,-1.014709,0.9567870283056726
40.05,0.957275,0.000732,-0.061768,1.281738,-4.074097,-0.450134,0.9592659940146945
40.06,0.960938,0.004639,-0.063232,0.862122,-3.707886,-0.213623,0.9630273339781171
40.07,0.966064,0.005127,-0.057129,0.526428,-3.364563,0.12207,0.9677652922408408
40.08,0.96582,0.005615,-0.053955,0.25177,-2.700805,0.228882,0.9673422055560276
40.09,0.969482,0.006836,-0.053467,0.320435,-2.182007,0.183105,0.9709792991145588
40.1,0.973145,0.010254,-0.05249,0.488281,-1.770019,-0.038147,0.9746135314272012
40.11,0.974365,0.010254,-0.049316,0.656128,-1.205444,-0.450134,0.975666113789446
40.12,0.97583,0.01123,-0.043457,0.762939,-0.976562,-0.839233,0.9768617162367456
40.13,0.974609,0.012695,-0.041992,0.938415,-0.793457,-1.365662,0.975595814858797
40.14,0.973877,0.008545,-0.039795,0.984192,-0.770569,-2.052307,0.9747271773060399
40.15,0.970947,0.004395,-0.0354,0.862122,-0.694275,-2.777099,0.9716020547703674
40.16,0.968018,0.003418,-0.031738,1.068115,-0.930786,-2.723694,0.9685441815900812
40.17,0.966309,0.000977,-0.028564,1.167297,-0.930786,-2.861023,0.9667315760364921
40.18,0.964355,-0.003174,-0.026123,1.068115,-0.724792,-2.952575,0.96471397389589
40.19,0.951904,-0.005859,-0.022705,0.862122,-0.511169,-2.922058,0.9521927694127906
40.2,0.947021,-0.008301,-0.019531,0.663757,-0.610352,-2.700805,0.9472587508189091
40.21,0.948975,-0.007324,-0.016846,0.541687,-0.930786,-2.388,0.9491527692194761
40.22,0.94873,-0.005615,-0.015137,0.488281,-1.022339,-2.159119,0.9488673615917032
40.23,0.94873,-0.005859,-0.017822,0.686645,-1.281738,-2.006531,0.9489154675022428
40.24,0.951416,-0.009766,-0.017334,0.991821,-1.708984,-1.625061,0.9516240052499727
40.25,0.955078,-0.012451,-0.016846,1.403808,-1.922607,-1.426697,0.9553076997496671
40.26,0.954102,-0.013184,-0.014648,1.853943,-1.869202,-1.091003,0.9543055109156605
40.27,0.955078,-0.015381,-0.014404,2.479553,-1.777649,-0.869751,0.9553104398367056
40.28,0.953857,-0.016357,-0.016113,3.036499,-1.533508,-0.595093,0.954133301309099
40.29,0.952637,-0.014404,-0.020752,3.349304,-1.396179,-0.495911,0.9529718644792194
40.3,0.955322,-0.008789,-0.029541,3.456115,-1.091003,-0.244141,0.9558190419143155
40.31,0.957031,-0.004639,-0.033203,3.280639,-1.121521,-0.022888,0.9576180316237785
40.32,0.955078,-0.002197,-0.033447,3.02124,-1.358032,0.030518,0.9556660058315353
40.33,0.957764,-0.000488,-0.037354,2.586365,-1.525879,0.106812,0.9584922739156534
40.34,0.960205,-0.001709,-0.036621,2.166748,-1.602173,0.244141,0.9609046052272827
40.35,0.956299,-0.001709,-0.039063,1.457214,-1.693725,0.267029,0.9570980179955447
40.36,0.956299,-0.003906,-0.041504,0.907898,-1.777649,0.450134,0.9572071960934059
40.37,0.955811,-0.001221,-0.040771,0.335693,-1.88446,0.617981,0.9566809462945313
40.38,0.959961,0.002686,-0.040039,-0.099182,-1.937866,0.785828,0.9607993846990118
40.39,0.961914,0.006348,-0.040283,-0.465393,-1.899719,0.694275,0.9627780432628281
40.4,0.959229,0.006348,-0.042236,-0.656128,-1.88446,0.518799,0.9601793849281498
40.41,0.960205,0.008057,-0.042969,-0.648498,-1.792908,0.518799,0.9611997150618595
40.42,0.962402,0.006836,-0.04126,-0.686645,-1.785278,0.480652,0.9633102968929586
40.43,0.966797,0.002441,-0.043945,-0.694275,-1.739502,0.488281,0.9677983058029188
40.44,0.97168,-0.000488,-0.045898,-0.640869,-1.396179,0.434875,0.9727635308480679
40.45,0.973145,-0.001953,-0.046387,-0.770569,-0.984192,0.320435,0.9742518971000262
40.46,0.969971,-0.005371,-0.044922,-0.808716,-0.656128,0.38147,0.971025527247353
40.47,0.967773,-0.008789,-0.042969,-0.778198,-0.457764,0.38147,0.9687663087716253
40.48,0.968994,-0.013428,-0.040283,-0.938415,-0.38147,0.38147,0.969923916247558
40.49,0.968506,-0.015381,-0.040039,-1.029968,-0.37384,0.282288,0.9694552948527332
40.5,0.9646,-0.017822,-0.036377,-1.091003,-0.312805,0.061035,0.9654501902288901
40.51,0.963867,-0.018311,-0.033691,-1.121521,-0.205994,-0.083923,0.9646294469333807
40.52,0.961426,-0.017578,-0.027832,-1.144409,-0.137329,-0.228882,0.9619893761284477
40.53,0.962891,-0.016113,-0.022461,-1.068115,-0.068665,-0.411987,0.9632877052942179
40.54,0.961426,-0.01709,-0.02124,-0.587463,-0.053406,-0.724792,0.9618124345089327
40.55,0.961914,-0.017822,-0.022705,-0.267029,-0.038147,-0.869751,0.9623469665900133
40.56,0.959473,-0.02002,-0.026123,0.061035,0.076294,-0.75531,0.9600373165965999
40.57,0.959473,-0.019531,-0.024414,0.495911,0.045776,-0.465393,0.9599822608183965
40.58,0.960449,-0.018799,-0.024902,0.930786,-0.061035,-0.305176,0.9609556668265191
40.59,0.9646,-0.015137,-0.023682,1.281738,-0.053406,-0.259399,0.9650093916087035
40.6,0.966553,-0.015625,-0.022949,1.502991,0.030518,-0.167847,0.9669516528942903
40.61,0.963867,-0.015137,-0.021729,1.907349,0.083923,-0.160217,0.9642307150775691
40.62,0.965332,-0.01416,-0.019531,2.27356,-0.213623,-0.37384,0.9656333858069531
40.63,0.969727,-0.011475,-0.022217,2.731323,-0.63324,-0.740051,0.9700493416538151
40.64,0.967041,-0.009277,-0.023438,2.983093,-0.953674,-1.091003,0.9673694734970709
40.65,0.962158,-0.01001,-0.029053,2.929687,-1.220703,-1.541138,0.962648582751255
40.66,0.964844,-0.010742,-0.029541,2.960205,-1.609802,-1.76239,0.9653558958130417
40.67,0.967285,-0.00708,-0.031982,2.89154,-2.01416,-1.983642,0.9678394732335522
40.68,0.963135,-0.004883,-0.038818,2.670288,-2.052307,-2.006531,0.9639293070749535
40.69,0.963867,-0.002441,-0.036377,2.319336,-2.113342,-1.869202,0.9645562908918277
40.7,0.962891,-0.000488,-0.03833,1.747131,-2.189636,-1.945495,0.9636537266700109
40.71,0.96167,0.001709,-0.038818,1.182556,-2.357483,-2.075195,0.9624546465704242
40.72,0.959229,0.002197,-0.03418,0.823975,-2.372742,-2.037048,0.9598402854902476
40.73,0.956299,0.005859,-0.033691,0.343323,-2.235413,-1.831055,0.9569102302530786
40.74,0.956055,0.006348,-0.0354,-0.160217,-2.235413,-1.655578,0.9567312162404862
40.75,0.955811,0.005615,-0.035156,-0.564575,-2.296448,-1.396179,0.9564738053297643
40.76,0.958252,0.004395,-0.0354,-0.75531,-2.250671,-1.167297,0.9589157270214104
40.77,0.963135,0.002197,-0.041748,-0.976562,-2.052307,-1.113892,0.9640418821493182
40.78,0.963867,0.000244,-0.04126,-1.281738,-1.541138,-1.121521,0.9647497296319911
40.79,0.966309,-0.005127,-0.04541,-1.449585,-1.00708,-0.900268,0.9673889795268499
40.8,0.964844,-0.008301,-0.043457,-1.655578,-0.617981,-0.991821,0.965857837254531
40.81,0.960205,-0.007568,-0.03833,-1.876831,-0.183105,-1.022339,0.9609995346247573
40.82,0.960205,-0.002686,-0.037598,-1.991272,0.114441,-0.961304,0.9609445697983833
40.83,0.960449,-0.004883,-0.033936,-2.334595,0.205994,-1.068115,0.9610607563447796
40.84,0.957275,-0.005859,-0.02832,-2.479553,0.312805,-0.946045,0.957711739463394
40.85,0.955811,-0.007324,-0.028809,-2.464294,0.289917,-0.785828,0.9562731132777915
40.86,0.95752,-0.010986,-0.024414,-2.418518,0.0,-0.617981,0.9578941935266129
40.87,0.963135,-0.01001,-0.020996,-2.14386,0.205994,-0.541687,0.9634158294013027
40.88,0.965576,-0.014404,-0.023193,-1.976013,0.617981,-0.419617,0.9659619051706957
40.89,0.967529,-0.01123,-0.029053,-1.716614,0.556946,-0.389099,0.9680302451628254
40.9,0.970215,-0.009277,-0.026611,-1.296997,0.259399,-0.450134,0.9706242085766252
40.91,0.967285,-0.008789,-0.025146,-1.014709,-0.114441,-0.541687,0.9676517137183192
40.92,0.962158,-0.01001,-0.026123,-0.709534,-0.793457,-0.747681,0.9625646098797732
40.93,0.9646,-0.01416,-0.025879,-0.450134,-1.419067,-0.862122,0.9650509770167583
40.94,0.964844,-0.010986,-0.031494,0.106812,-1.907349,-1.045227,0.9654203791965447
40.95,0.972412,-0.007813,-0.0354,0.549316,-2.334595,-1.190186,0.9730875092780711
40.96,0.980469,-0.002686,-0.044922,0.816345,-2.487183,-1.312256,0.9815012280384574
40.97,0.986572,0.004395,-0.052246,1.060486,-2.159119,-1.724243,0.9879642056901657
40.98,0.982422,0.011475,-0.053955,1.052856,-1.800537,-2.174377,0.9839694119910436
40.99,0.983643,0.010742,-0.053467,0.892639,-1.754761,-2.456665,0.9851536236049686
41.0,0.989502,0.005615,-0.045166,0.694275,-1.51062,-2.685547,0.9905481834746859
41.01,0.995117,0.00708,-0.037109,0.732422,-0.671387,-3.15094,0.9958338455636061
41.02,0.98291,0.008301,-0.027832,0.663757,0.350952,-4.127502,0.9833390030528637
41.03,0.967773,0.01709,-0.028076,0.587463,0.816345,-4.722595,0.9683309916578112
41.04,0.963135,0.028564,-0.021973,0.144958,0.434875,-5.149841,0.9638089764315333
41.05,0.947754,0.023926,-0.01123,-0.63324,0.411987,-6.156921,0.9481224661888357
41.06,0.925781,0.011963,-0.003662,-1.296997,-0.061035,-6.645202,0.9258655321233208
41.07,0.923828,0.010498,-0.002197,-1.739502,-1.686096,-6.324768,0.9238902577671225
41.08,0.934814,0.019531,-0.01123,-2.235413,-3.005981,-5.867004,0.9350854439338686
41.09,0.942383,0.022217,-0.027832,-2.540588,-3.173828,-5.41687,0.9430556367479068
41.1,0.943115,0.014404,-0.043457,-2.738952,-2.89154,-4.615784,0.9442255500091067
41.11,0.954346,0.00415,-0.050537,-2.922058,-2.76947,-3.639221,0.9556921568083522
41.12,0.962646,0.000732,-0.051758,-3.028869,-2.037048,-2.76947,0.9640366941688474
41.13,0.961914,0.000732,-0.044434,-2.983093,-0.221252,-2.14386,0.9629400082954286
41.14,0.958008,0.003418,-0.03833,-2.677917,1.174927,-1.533508,0.9587805795321471
41.15,0.952637,0.00708,-0.027344,-2.243042,1.12915,-1.098633,0.9530556513158085
41.16,0.955566,0.006104,-0.016846,-1.823425,0.236511,-1.213074,0.9557339728648344
41.17,0.953857,0.00293,-0.008545,-1.457214,-0.297546,-1.464844,0.9538997737571804
41.18,0.949707,0.003174,-0.005127,-1.167297,-0.961304,-1.754761,0.9497261427664292
41.19,0.948242,0.002197,-0.005127,-1.045227,-1.876831,-2.029419,0.9482584054475869
41.2,0.946045,0.002197,-0.006104,-1.266479,-2.685547,-2.296448,0.9460672426683
41.21,0.944824,0.005371,-0.008789,-1.251221,-2.929687,-2.182007,0.9448801432658006
41.22,0.947021,0.008057,-0.013916,-1.213074,-2.830505,-1.609802,0.9471575078866239
41.23,0.950439,0.010254,-0.022461,-1.060486,-2.723694,-1.213074,0.9507596614066038
41.24,0.950195,0.011719,-0.029785,-0.976562,-2.510071,-0.831604,0.9507339371301521
41.25,0.952393,0.012695,-0.032471,-0.762939,-2.433777,-0.350952,0.9530309309329893
41.26,0.960449,0.016846,-0.029053,-0.663757,-2.494812,-0.228882,0.9610359754587754
41.27,0.964844,0.019775,-0.028564,-0.473022,-2.456665,-0.312805,0.9654692626163716
41.28,0.971436,0.021729,-0.028076,-0.099182,-2.189636,-0.572205,0.9720845196344812
41.29,0.9729,0.024658,-0.028076,0.144958,-1.922607,-1.029968,0.9736173215077882
41.3,0.970215,0.023438,-0.024658,0.305176,-1.953125,-1.487732,0.9708112602524757
41.31,0.961182,0.020996,-0.024902,0.205994,-2.159119,-1.823425,0.9617337358874337
41.32,0.949219,0.018555,-0.024414,0.152588,-2.761841,-2.067566,0.9497141893127636
41.33,0.941895,0.01416,-0.027344,-0.305176,-3.334045,-1.853943,0.9423982125200577
41.34,0.9375,0.011719,-0.033447,-0.694275,-3.959656,-1.480102,0.9381696471161279
41.35,0.943604,0.018555,-0.044678,-0.770569,-4.508972,-1.159668,0.9448433312062905
41.36,0.954346,0.025146,-0.054932,-1.289368,-4.447937,-0.770569,0.9562563116947255
41.37,0.95874,0.030762,-0.056152,-1.823425,-3.295898,-0.457764,0.9608755046040044
41.38,0.96167,0.031982,-0.05249,-2.510071,-1.51062,-0.228882,0.9636323143834479
41.39,0.960449,0.029297,-0.040771,-2.914428,0.137329,0.343323,0.9617602977098815
41.4,0.961182,0.012695,-0.026855,-3.364563,1.869202,1.174927,0.961640884724646
41.41,0.955078,-0.009521,-0.01709,-3.631592,3.730774,2.151489,0.9552783382998905
41.42,0.951416,-0.017822,-0.016602,-3.196716,4.692078,2.967834,0.9517277211177576
41.43,0.963623,-0.011963,-0.019287,-2.471924,4.219055,3.471374,0.9638902364206207
41.44,0.974365,-0.013672,-0.021484,-1.89209,3.852844,3.684997,0.9746977167640233
41.45,0.972168,-0.022217,-0.020752,-1.434326,3.837585,3.494262,0.9726432340879158
41.46,0.969238,-0.028564,-0.010498,-0.88501,3.623962,3.372192,0.9697156339587395
41.47,0.965576,-0.029297,0.006836,-0.022888,3.196716,3.074646,0.9660445418721644
41.48,0.958984,-0.027832,0.017822,0.701904,2.655029,2.601623,0.9595533107462033
41.49,0.95459,-0.024414,0.019287,1.396179,2.342224,2.319336,0.955096906007448
41.5,0.949463,-0.020508,0.012939,2.105713,2.044678,2.212524,0.9497725960218056
41.51,0.947266,-0.015381,0.003662,2.929687,1.235962,2.151489,0.9473979418180093
41.52,0.948975,-0.006104,-0.007813,3.517151,-0.38147,2.182007,0.9490267922508827
41.53,0.96167,0.002197,-0.022949,3.974914,-1.899719,2.182007,0.961946293880277
41.54,0.975586,0.003662,-0.028809,4.341125,-2.853393,1.914978,0.9760181412868307
41.55,0.985352,0.001953,-0.032471,4.631042,-3.105163,1.708984,0.9858888091230167
41.56,0.991943,0.00708,-0.02832,5.081176,-3.044128,1.358032,0.9923724422055462
41.57,0.99292,0.008545,-0.030029,5.53894,-2.914428,1.045227,0.9934107329126256
41.58,0.98999,0.012451,-0.033447,5.828857,-2.89154,0.595093,0.9906330952022551
41.59,0.989258,0.019531,-0.037598,5.836486,-3.14331,-0.12207,0.9901648651255002
41.6,0.98999,0.027832,-0.04541,5.645751,-3.540039,-0.907898,0.9914216501690892
41.61,0.987793,0.030273,-0.05249,5.203247,-4.058838,-1.579285,0.9896497690991496
41.62,0.987549,0.022949,-0.054199,4.707336,-4.516602,-2.304077,0.9893013775402317
41.63,0.98291,0.015625,-0.054199,4.081726,-4.53949,-2.662658,0.9845271658649141
41.64,0.977051,0.007568,-0.05249,3.440857,-4.180908,-2.89154,0.9784892085889348
41.65,0.970459,0.004639,-0.053467,2.861023,-3.540039,-2.815246,0.9719418249519876
41.66,0.965576,0.004395,-0.051758,2.166748,-2.365112,-2.807617,0.9669721911022054
41.67,0.968506,0.006836,-0.044922,1.472473,-0.442505,-2.632141,0.9695713429222215
41.68,0.94751,0.001221,-0.036377,0.587463,1.38092,-2.449036,0.9482088256655281
41.69,0.942139,-0.005371,-0.030029,-0.007629,2.281189,-1.907349,0.9426327406805897
41.7,0.939209,-0.008545,-0.025146,-0.358582,2.349854,-1.495361,0.9395844209127777
41.71,0.9375,-0.01001,-0.016602,-0.915527,2.120972,-1.190186,0.9377004193792386
41.72,0.945068,-0.008301,-0.016357,-1.190186,2.082825,-0.701904,0.9452459905622451
41.73,0.952148,-0.008789,-0.019775,-1.197815,2.220154,-0.335693,0.9523938844039267
41.74,0.953369,-0.010742,-0.023926,-1.144409,2.151489,-0.045776,0.9537296756424223
41.75,0.960449,-0.013184,-0.028564,-0.801086,1.64032,0.350952,0.9609641000333987
41.76,0.966553,-0.007813,-0.032227,-0.099182,1.426697,0.610352,0.9671216698570041
41.77,0.977539,-0.002441,-0.035889,0.396728,1.869202,1.014709,0.9782006314263961
41.78,0.982178,-0.000732,-0.039063,0.823975,2.288818,1.213074,0.9829547687849121
41.79,0.984863,0.000244,-0.034424,1.327515,2.571106,1.159668,0.985464459065369
41.8,0.979736,-0.002686,-0.0271,1.716614,2.845764,0.541687,0.980114408776853
41.81,0.980713,-0.001221,-0.013428,2.235413,2.76947,0.045776,0.980805684319784
41.82,0.975342,0.006592,0.000732,2.494812,2.548218,-0.900268,0.975364550951079
41.83,0.967285,0.009766,0.006592,2.76947,2.26593,-1.983642,0.9673567596523012
41.84,0.958496,0.015381,0.010742,3.028869,1.197815,-3.242492,0.9586795855451392
41.85,0.954102,0.027588,0.01001,3.128052,-1.029968,-4.600525,0.9545532589897747
41.86,0.940674,0.022949,0.005859,2.708435,-2.349854,-5.561828,0.9409721349529964
41.87,0.938965,0.024658,0.000488,2.403259,-2.960205,-5.645751,0.9392888407369695
41.88,0.944336,0.028564,-0.001221,2.13623,-3.684997,-6.072998,0.9447686880041061
41.89,0.944824,0.029297,-0.003174,1.480102,-3.822326,-6.347656,0.9452834386896873
41.9,0.944824,0.032227,-0.009277,1.052856,-3.692627,-5.989074,0.9454189723260265
41.91,0.942627,0.031006,-0.010742,0.488281,-3.234863,-5.630493,0.9431979769534072
41.92,0.934326,0.030029,-0.010986,-0.328064,-2.723694,-5.012512,0.934872989936601
41.93,0.933838,0.03418,-0.011475,-1.083374,-2.693176,-4.051208,0.9345337651840087
41.94,0.932617,0.03418,-0.014404,-1.777649,-3.005981,-3.379822,0.9333542823092419
41.95,0.928467,0.038818,-0.016846,-2.418518,-3.257751,-2.784729,0.9294307908225335
41.96,0.932861,0.039795,-0.021729,-3.158569,-3.372192,-1.907349,0.9339622244967942
41.97,0.938965,0.04541,-0.024414,-3.860473,-3.540039,-0.869751,0.9403793823351296
41.98,0.941406,0.046143,-0.023438,-4.638672,-3.799438,0.068665,0.9428275415626126
41.99,0.946533,0.043701,-0.027832,-4.989624,-4.142761,0.770569,0.9479499552792857
42.0,0.948975,0.036133,-0.033936,-4.905701,-4.91333,1.159668,0.9502688021870443
42.01,0.955322,0.022705,-0.037354,-4.768372,-5.363464,1.25885,0.9563215787720154
42.02,0.966797,0.01001,-0.039063,-4.592896,-5.195617,1.296997,0.9676376167129924
42.03,0.980957,-0.009766,-0.03833,-4.585266,-3.723144,1.495361,0.9817541441241794
42.04,0.981934,-0.02417,-0.033203,-4.386902,-0.801086,1.823425,0.982792454420057
42.05,0.971924,-0.029297,-0.031494,-4.02832,1.876831,1.777649,0.9728753507109736
42.06,0.96582,-0.033203,-0.029541,-3.532409,2.975464,1.853943,0.9668419634511113
42.07,0.956787,-0.03125,-0.021973,-3.211975,2.983093,1.777649,0.9575493400331913
42.08,0.948975,-0.027344,-0.011475,-3.105163,2.922058,1.953125,0.9494382131481753
42.09,0.941162,-0.018066,-0.002441,-3.059387,2.830505,2.655029,0.9413385411641234
42.1,0.941895,-0.00708,0.003906,-3.097534,2.212524,3.280639,0.941929707707003
42.11,0.943848,0.008057,0.008057,-2.906799,0.900268,3.234863,0.9439167747222209
42.12,0.941406,0.013428,0.00415,-2.784729,-0.984192,2.571106,0.9415109083382943
42.13,0.953613,0.012939,-0.001953,-2.281189,-2.792358,1.792908,0.9537027763926244
42.14,0.963135,0.006348,-0.00293,-1.899719,-3.707886,1.266479,0.9631603761726288
42.15,0.970703,0.0,-0.001221,-1.350403,-3.65448,0.762939,0.9707037679178957
42.16,0.978516,0.000732,-0.003174,-0.747681,-2.792358,0.457764,0.9785214215110469
42.17,0.97876,0.0,-0.008545,-0.198364,-1.548767,0.442505,0.9787973000703465
42.18,0.973145,-0.005859,-0.008545,0.183105,-0.595093,0.686645,0.9732001520401649
42.19,0.968506,-0.002441,-0.012939,0.709534,-0.75531,1.022339,0.9685955028999464
42.2,0.96875,0.010742,-0.027588,1.335144,-1.922607,1.235962,0.9692022754863919
42.21,0.972168,0.022461,-0.043945,1.434326,-3.288269,1.098633,0.9734198887273673
42.22,0.976807,0.025879,-0.050537,1.419067,-4.03595,0.801086,0.978455735462264
42.23,0.977051,0.019043,-0.047119,0.923157,-3.952026,0.434875,0.9783718580432493
42.24,0.975586,0.015137,-0.037109,0.62561,-3.112793,0.167847,0.9764088539367103
42.25,0.970703,0.012695,-0.025635,0.686645,-1.953125,0.076294,0.971124415540563
42.26,0.963135,0.003174,-0.019775,0.907898,-1.106262,-0.205994,0.9633432166813652
42.27,0.957275,-0.003174,-0.011963,1.319885,-0.679016,-0.396728,0.9573550090065858
42.28,0.956055,-0.006348,-0.008789,1.846313,-0.480652,-0.343323,0.9561164712784734
42.29,0.955078,-0.009766,-0.013184,2.26593,-0.106812,-0.221252,0.955218916634297
42.3,0.953369,-0.012695,-0.017578,2.410889,0.083923,-0.068665,0.9536155405979918
42.31,0.949707,-0.013184,-0.024902,2.304077,0.114441,0.236511,0.9501248935318978
42.32,0.952148,-0.008057,-0.025879,2.098083,-0.350952,0.63324,0.952533701132931
42.33,0.953125,-0.004639,-0.019775,1.792908,-0.999451,0.946045,0.9533414060928016
42.34,0.957031,-0.001709,-0.016602,1.724243,-1.586914,1.098633,0.957176515615589
42.35,0.961182,0.005371,-0.015137,1.747131,-2.044678,1.281738,0.9613161881160641
42.36,0.967285,0.006592,-0.018799,2.059937,-2.555847,1.312256,0.9674901178255
42.37,0.974609,0.003662,-0.019775,2.258301,-2.723694,1.25885,0.974816476958612
42.38,0.974854,0.000244,-0.023193,2.235413,-2.716064,1.243591,0.9751298867848324
42.39,0.9729,0.000244,-0.025879,2.555847,-2.426147,1.00708,0.973244158562999
42.4,0.973145,0.002441,-0.022217,2.89154,-2.182007,0.717163,0.9734016358086729
42.41,0.972656,0.000977,-0.020264,2.998352,-2.037048,0.343323,0.9728675544805675
42.42,0.968994,-0.001221,-0.021973,3.120422,-2.059937,0.022888,0.9692438679744123
42.43,0.9729,0.001709,-0.025391,3.501892,-2.616882,-0.114441,0.9732327746032806
42.44,0.978027,0.003906,-0.028076,3.532409,-3.128052,-0.488281,0.9784376992639848
42.45,0.973877,0.004639,-0.028076,3.27301,-3.425598,-1.052856,0.9742926630258487
42.46,0.974121,0.005371,-0.02832,2.975464,-3.715515,-1.319885,0.9745473783670038
42.47,0.974121,0.006104,-0.027588,2.670288,-4.150391,-1.617432,0.974530696900308
42.48,0.968994,0.007324,-0.031738,2.174377,-4.364014,-1.953125,0.9695412903306388
42.49,0.963867,0.006836,-0.035889,1.625061,-4.295349,-2.26593,0.9645591453643473
42.5,0.957764,0.008057,-0.042969,1.00708,-4.127502,-2.326965,0.9587612476033853
42.51,0.955078,0.011719,-0.049561,0.328064,-3.982544,-2.166748,0.9564348455415037
42.52,0.955811,0.014404,-0.053467,-0.221252,-3.585815,-1.960754,0.9574136321496576
42.53,0.956787,0.016357,-0.059326,-0.808716,-3.02124,-1.556396,0.9587640424494445
42.54,0.956055,0.018066,-0.060791,-1.541138,-2.418518,-1.213074,0.958156088047245
42.55,0.953369,0.018311,-0.054443,-2.365112,-1.213074,-0.671387,0.9550977872087235
42.56,0.960693,0.021729,-0.046875,-2.967834,-0.297546,0.083923,0.962081314294691
42.57,0.961914,0.022705,-0.040039,-3.517151,0.62561,0.473022,0.9630146322574751
42.58,0.958496,0.018799,-0.032715,-4.03595,1.411438,0.411987,0.9592383726905425
42.59,0.956299,0.014404,-0.021729,-4.264832,1.518249,0.434875,0.9566542750952405
42.6,0.955811,0.012939,-0.016602,-4.241943,1.022339,0.427246,0.9560427353659459
42.61,0.955078,0.012939,-0.011719,-4.226685,0.259399,0.328064,0.9552375300238156
42.62,0.956543,0.010254,-0.006348,-4.066467,-0.221252,0.152588,0.9566190215906226
42.63,0.963623,0.003662,-0.005615,-3.715515,-0.465393,0.015259,0.9636463171713987
42.64,0.970947,-0.003174,-0.00415,-3.204345,-0.473022,-0.236511,0.970961056677867
42.65,0.966797,-0.013428,-0.000488,-2.494812,-0.213623,-0.549316,0.9668903704851962
42.66,0.967285,-0.021484,0.002441,-1.571655,-0.335693,-0.595093,0.9675266363062053
42.67,0.9729,-0.025391,0.000977,-0.595093,-0.770569,-0.648498,0.9732317644888087
42.68,0.976563,-0.029297,0.003418,0.442505,-1.281738,-0.907898,0.9770083366594166
42.69,0.974854,-0.029053,0.003174,1.64032,-1.716614,-1.304626,0.9752919934055646
42.7,0.970215,-0.023438,-0.001709,2.578735,-2.128601,-1.609802,0.970499565558893
42.71,0.96582,-0.018066,-0.005127,3.295898,-2.471924,-1.937866,0.9660025563553132
42.72,0.957275,-0.015381,-0.008057,3.65448,-2.922058,-2.365112,0.9574324602994198
42.73,0.947266,-0.010742,-0.012207,3.540039,-3.555298,-2.586365,0.9474055499990488
42.74,0.939697,-0.000977,-0.015869,3.334045,-4.447937,-2.441406,0.9398314910126175
42.75,0.943848,0.009766,-0.023193,2.952575,-5.210876,-2.113342,0.94418342344536
42.76,0.945801,0.012695,-0.033203,2.380371,-5.401611,-1.701355,0.946468770660184
42.77,0.94751,0.016846,-0.044189,1.846313,-5.180358,-1.144409,0.9486894410380037
42.78,0.952881,0.023438,-0.055176,1.289368,-4.821777,-0.587463,0.9547648563814024
42.79,0.95874,0.028564,-0.062744,0.549316,-4.188538,0.053406,0.9612154281075601
42.8,0.959473,0.030273,-0.067139,-0.12207,-3.135681,-0.053406,0.9622954523320787
42.81,0.965332,0.033447,-0.067383,-0.717163,-1.945495,0.0,0.9682587674387462
42.82,0.967529,0.030762,-0.0625,-0.900268,-0.686645,0.511169,0.9700334615285187
42.83,0.96875,0.024414,-0.049805,-0.88501,0.63324,1.091003,0.9703366137176315
42.84,0.970459,0.020752,-0.040283,-0.694275,1.89209,1.335144,0.9715163592415724
42.85,0.975098,0.019043,-0.030273,-0.549316,2.609253,1.403808,0.9757536574269143
42.86,0.973633,0.009766,-0.02124,-0.328064,2.677917,0.946045,0.9739136158022436
42.87,0.9729,0.003174,-0.014404,-0.205994,2.151489,0.411987,0.9730117982285723
42.88,0.975098,-0.000488,-0.010986,-0.1297,1.281738,-0.312805,0.9751600073546906
42.89,0.969971,-0.002197,-0.007568,-0.022888,0.495911,-1.174927,0.9700030114767686
42.9,0.955566,-0.006348,-0.01001,0.175476,-0.37384,-1.647949,0.9556395123476216
42.91,0.94751,-0.005859,-0.011475,0.213623,-1.38855,-1.708984,0.9475975958211376
42.92,0.94458,-0.000977,-0.012939,0.289917,-2.403259,-1.464844,0.9446691212535742
42.93,0.946045,-0.000732,-0.016357,0.25177,-2.89917,-1.091003,0.9461866778273725
42.94,0.944824,-0.001221,-0.018555,0.289917,-2.861023,-0.572205,0.9450069681446798
42.95,0.948975,0.004395,-0.024658,0.465393,-2.670288,0.152588,0.9493054743411101
42.96,0.952881,0.005615,-0.02832,0.495911,-2.456665,0.709534,0.9533182840929885
42.97,0.957275,0.007324,-0.02832,0.732422,-2.326965,1.243591,0.9577218223477003
42.98,0.960205,0.008301,-0.030273,0.938415,-2.166748,1.365662,0.9607179623359813
42.99,0.963135,0.007813,-0.035156,1.029968,-2.006531,1.335144,0.9638080802369318
43.0,0.965088,0.003418,-0.031738,0.892639,-1.937866,1.304626,0.9656157782016613
43.01,0.967041,0.004639,-0.028076,0.808716,-1.914978,1.113892,0.9674596000753727
43.02,0.967285,0.005859,-0.031738,0.808716,-1.792908,0.762939,0.9678232791940892
43.03,0.968506,0.006348,-0.032471,0.717163,-1.76239,0.663757,0.9690709648838933
43.04,0.966797,0.007568,-0.03418,0.617981,-1.647949,0.495911,0.967430610551992
43.05,0.963623,0.006348,-0.033936,0.541687,-1.518249,0.404358,0.9642412744375756
43.06,0.963867,0.01001,-0.035156,0.389099,-1.472473,0.37384,0.9645598675691417
43.07,0.963135,0.008789,-0.031006,0.244141,-1.365662,0.244141,0.9636740355441772
43.08,0.960449,0.006592,-0.027344,0.167847,-1.274109,0.244141,0.9608607757635859
43.09,0.957031,0.004883,-0.028809,0.267029,-1.342773,0.350952,0.95747696428217
43.1,0.958252,0.003418,-0.027344,0.160217,-1.533508,0.450134,0.9586481484694996
43.11,0.961914,0.001953,-0.027832,0.350952,-1.548767,0.358582,0.9623185428063828
43.12,0.962402,-0.001953,-0.030273,0.396728,-1.564026,0.274658,0.9628799916614739
43.13,0.960449,-0.000244,-0.031738,0.335693,-1.457214,0.396728,0.9609732783907157
43.14,0.959961,-0.001709,-0.03125,0.152588,-1.274109,0.404358,0.9604710327240483
43.15,0.957764,0.000977,-0.029297,0.091553,-1.289368,0.534058,0.9582124756200995
43.16,0.957275,-0.000488,-0.027588,-0.007629,-1.205444,0.602722,0.9576725753163239
43.17,0.959473,0.001221,-0.026367,0.152588,-1.25885,0.656128,0.9598360001890948
43.18,0.960205,-0.000977,-0.026611,0.297546,-1.426697,0.62561,0.9605741730210114
43.19,0.961914,-0.000244,-0.026123,0.549316,-1.502991,0.747681,0.9622686808064576
43.2,0.966797,0.002441,-0.030762,0.740051,-1.373291,0.770569,0.967289356053296
43.21,0.969482,0.005371,-0.033936,0.900268,-1.403808,0.63324,0.9700906390956465
43.22,0.969482,-0.000244,-0.035156,0.999451,-1.487732,0.350952,0.9701192463795366
43.23,0.968262,-0.002686,-0.033691,0.953674,-1.579285,0.167847,0.9688516907767668
43.24,0.969482,0.0,-0.034424,0.968933,-1.579285,0.083923,0.9700929646688506
43.25,0.967285,0.000488,-0.032227,0.701904,-1.647949,-0.137329,0.9678218270415273
43.26,0.960693,-0.000977,-0.027832,0.572205,-1.541138,-0.297546,0.9610965690303966
43.27,0.958496,0.000244,-0.026123,0.404358,-1.464844,-0.434875,0.9588519451307381
43.28,0.958984,0.001465,-0.029053,0.25177,-1.38855,-0.366211,0.9594251066602333
43.29,0.958496,-0.000244,-0.025146,0.175476,-1.228333,-0.297546,0.9588258250944225
43.3,0.955322,-0.000732,-0.023926,0.25177,-1.060486,-0.335693,0.9556218462257966
43.31,0.956055,-0.002686,-0.024414,0.282288,-1.060486,-0.167847,0.9563704413128836
43.32,0.960449,-0.002197,-0.022949,0.350952,-1.121521,0.030518,0.9607256450261958
43.33,0.959961,-0.002441,-0.022949,0.305176,-1.228333,-0.068665,0.9602383748856322
43.34,0.95752,-0.004395,-0.025635,0.305176,-1.350403,-0.099182,0.9578731751385463
43.35,0.96167,-0.007324,-0.02417,0.389099,-1.51062,0.038147,0.9620015690091156
43.36,0.967041,-0.008545,-0.029053,0.534058,-1.777649,-0.053406,0.967515059063682
43.37,0.967773,-0.003662,-0.035889,0.732422,-2.01416,-0.175476,0.968445150792754
43.38,0.965332,-0.000977,-0.039307,0.717163,-2.113342,-0.198364,0.9661324262242728
43.39,0.969971,-0.001221,-0.036133,0.450134,-2.067566,-0.228882,0.9706445412049666
43.4,0.968018,0.002197,-0.034668,0.312805,-1.869202,-0.434875,0.9686410818032654
43.41,0.962891,0.003418,-0.032715,0.228882,-1.502991,-0.617981,0.9634526619559469
43.42,0.960693,0.003418,-0.029541,0.12207,-1.213074,-0.541687,0.9611531582708347
43.43,0.958252,0.001221,-0.019287,0.030518,-1.029968,-0.686645,0.9584468554458301
43.44,0.957031,-0.000244,-0.018555,0.190735,-1.228333,-0.75531,0.9572108871727274
43.45,0.95752,-0.000488,-0.019287,0.297546,-1.541138,-0.823975,0.9577143503743692
43.46,0.953369,-0.000977,-0.022461,0.572205,-1.579285,-0.984192,0.9536340499431635
43.47,0.949463,-0.000732,-0.0271,0.801086,-1.785278,-0.694275,0.9498499535152907
43.48,0.957031,0.000732,-0.026855,0.946045,-1.747131,-0.061035,0.9574079913025585
43.49,0.962891,-0.003174,-0.029297,0.846863,-1.251221,0.106812,0.9633418221825522
43.5,0.964355,-0.006836,-0.032715,0.808716,-0.87738,0.152588,0.9649339708736552
43.51,0.963867,-0.00708,-0.031494,0.762939,-0.740051,0.12207,0.9644073787176247
43.52,0.968506,-0.001709,-0.029785,0.564575,-0.648498,0.015259,0.9689653961530309
43.53,0.967529,-0.002441,-0.025391,0.442505,-0.717163,-0.228882,0.9678651906143748
43.54,0.963867,-0.006348,-0.023682,0.724792,-0.953674,-0.442505,0.9641787842080949
43.55,0.959229,-0.006104,-0.023193,0.892639,-1.251221,-0.572205,0.9595287637720925
43.56,0.959229,-0.005615,-0.02417,1.075745,-1.518249,-0.518799,0.9595498900870136
43.57,0.961914,-0.004639,-0.025146,1.25885,-1.678467,-0.686645,0.9622538048940104
43.58,0.963623,-0.003418,-0.029541,1.235962,-1.800537,-0.740051,0.9640817597766281
43.59,0.962158,-0.000244,-0.034424,1.106262,-1.914978,-0.808716,0.9627736433222505
43.6,0.961914,-0.001221,-0.035156,0.831604,-2.090454,-0.801086,0.9625570001683018
43.61,0.962891,-0.000244,-0.039307,0.778198,-2.151489,-0.808716,0.9636929893207692
43.62,0.96167,0.002197,-0.038086,0.38147,-2.052307,-0.75531,0.9624263915256066
43.63,0.961426,0.00293,-0.034668,0.183105,-1.655578,-0.572205,0.9620553043354628
43.64,0.958252,0.003906,-0.03418,0.015259,-1.190186,-0.480652,0.9588693470645518
43.65,0.953857,0.003662,-0.031494,-0.152588,-0.747681,-0.434875,0.9543838110157778
43.66,0.953613,0.001709,-0.030762,-0.396728,-0.434875,-0.457764,0.9541105675413097
43.67,0.953857,0.002686,-0.030273,-0.564575,-0.228882,-0.328064,0.9543410530696036
43.68,0.953857,0.005127,-0.0271,-0.518799,-0.221252,-0.167847,0.9542556641581961
43.69,0.959229,0.00415,-0.030518,-0.656128,-0.267029,-0.030518,0.9597233170372594
43.7,0.963135,0.003418,-0.032959,-0.762939,-0.289917,0.061035,0.963704833769137
43.71,0.966064,0.002686,-0.033936,-0.732422,-0.457764,0.190735,0.966663601667095
43.72,0.965332,0.001465,-0.031738,-0.747681,-0.595093,0.297546,0.9658547080658664
43.73,0.965576,0.001465,-0.025391,-0.793457,-0.801086,-0.022888,0.9659108969682453
43.74,0.960205,0.001465,-0.022217,-0.892639,-1.045227,-0.25177,0.9604631087860689
43.75,0.956055,0.00293,-0.019287,-0.831604,-1.144409,-0.236511,0.9562540124328891
43.76,0.955078,0.00415,-0.021484,-0.740051,-1.00708,-0.427246,0.9553286192928588
43.77,0.950928,0.002197,-0.026855,-0.62561,-1.358032,-0.518799,0.9513096651553584
43.78,0.955322,0.000977,-0.028809,-0.572205,-1.968384,-0.366211,0.9557567874171755
43.79,0.966797,0.006348,-0.031982,-0.50354,-2.075195,-0.183105,0.9673466724173915
43.8,0.968994,0.005859,-0.040283,-0.419617,-1.731872,-0.083923,0.9698486582998401
43.81,0.970947,-0.000732,-0.040039,-0.205994,-1.495361,-0.12207,0.9717724703622757
43.82,0.973145,-0.002441,-0.035156,0.175476,-1.38092,-0.335693,0.9737828781828114
43.83,0.971436,-0.004639,-0.03125,0.335693,-1.091003,-0.389099,0.9719495794108869
43.84,0.967773,-0.007568,-0.028076,0.50354,-0.923157,-0.595093,0.9682097479002161
43.85,0.966309,-0.008301,-0.023926,0.717163,-0.816345,-0.747681,0.9666408037932187
43.86,0.962646,-0.010498,-0.02002,0.968933,-0.808716,-0.930786,0.962911382070022
43.87,0.960449,-0.01416,-0.017822,1.281738,-0.968933,-1.182556,0.9607186949804818
43.88,0.959473,-0.013672,-0.013916,1.472473,-1.25885,-1.335144,0.959671306421631
43.89,0.963867,-0.01123,-0.012207,1.838684,-1.625061,-1.365662,0.9640097081658462
43.9,0.963623,-0.010986,-0.011475,2.296448,-1.449585,-1.365662,0.9637539384874129
43.91,0.957031,-0.013428,-0.010254,2.914428,-1.525879,-1.533508,0.9571801244598636
43.92,0.95752,-0.01416,-0.010742,3.570556,-2.14386,-1.51062,0.9576849411805535
43.93,0.959473,-0.008301,-0.014404,4.005432,-2.578735,-1.533508,0.9596170171198508
43.94,0.956543,-0.003418,-0.021973,4.203796,-2.655029,-1.602173,0.9568014455998695
43.95,0.95459,-0.004395,-0.025391,3.89862,-2.922058,-1.564026,0.9549377398584685
43.96,0.951416,-0.002686,-0.033936,3.555298,-3.158569,-1.464844,0.9520248272750034
43.97,0.951904,0.000732,-0.042236,3.112793,-3.356933,-1.205444,0.9528408265476453
43.98,0.953125,0.009521,-0.047607,2.502441,-3.479004,-0.930786,0.9543606978050804
43.99,0.956299,0.012939,-0.058838,1.846313,-3.166198,-0.465393,0.9581947116145028
44.0,0.96167,0.017578,-0.060547,1.075745,-2.510071,-0.007629,0.9637344624910952
44.01,0.961914,0.022217,-0.062012,0.12207,-1.739502,0.282288,0.9641668043595985
44.02,0.9646,0.021973,-0.057373,-0.549316,-0.87738,0.610352,0.9665545167542284
44.03,0.969238,0.021729,-0.050293,-0.999451,0.091553,0.640869,0.9707851646651797
44.04,0.975342,0.015137,-0.040283,-1.235962,0.999451,0.556946,0.9762908715244654
44.05,0.969971,0.011475,-0.03418,-1.174927,1.76239,0.358582,0.9706408650299039
44.06,0.960205,0.008789,-0.025391,-1.068115,1.953125,0.312805,0.9605808614723698
44.07,0.963623,0.004883,-0.019775,-0.953674,1.625061,0.473022,0.9638382542952941
44.08,0.97168,0.0,-0.014648,-0.762939,1.373291,0.053406,0.9717904024551797
44.09,0.96582,-0.009277,-0.010986,-0.549316,1.358032,-0.610352,0.9659270300209017
44.1,0.961182,-0.014893,-0.009277,-0.297546,0.923157,-0.862122,0.9613421354034161
44.11,0.961914,-0.020752,-0.008789,-0.068665,0.030518,-0.930786,0.9621779645268334
44.12,0.960449,-0.024414,-0.008789,0.183105,-0.549316,-1.052856,0.9607994439621621
44.13,0.956299,-0.017822,-0.013428,0.320435,-1.113892,-0.946045,0.9565593093316274
44.14,0.955078,-0.013184,-0.019043,0.343323,-1.602173,-0.785828,0.9553588015970753
44.15,0.955078,-0.00708,-0.020508,0.259399,-1.89209,-0.62561,0.9553243902193642
44.16,0.952637,-0.003174,-0.022461,0.38147,-2.01416,-0.358582,0.9529070387850013
44.17,0.956787,-0.003662,-0.02417,0.663757,-2.212524,-0.053406,0.9570992438159169
44.18,0.958984,-0.000732,-0.026367,0.740051,-2.441406,0.030518,0.9593466874748668
44.19,0.960205,0.003662,-0.028564,0.88501,-2.258301,0.076294,0.9606367442300966
44.2,0.9646,0.003418,-0.033203,1.091003,-1.998901,0.183105,0.9651773318582446
44.21,0.963379,0.003418,-0.03125,1.00708,-1.739502,0.083923,0.9638917692692474
44.22,0.961914,0.003662,-0.030273,0.862122,-1.586914,-0.091553,0.9623972195351564
44.23,0.960938,0.004639,-0.026855,0.968933,-1.350403,-0.320435,0.961324373554525
44.24,0.959717,0.003662,-0.028076,0.946045,-1.022339,-0.541687,0.9601345697916517
44.25,0.961426,0.003418,-0.03125,0.740051,-0.976562,-0.671387,0.9619398103311869
44.26,0.966309,0.006104,-0.032715,0.404358,-1.144409,-0.778198,0.9668819025723876
44.27,0.964111,0.006836,-0.034668,0.297546,-0.991821,-0.87738,0.9647583228150977
44.28,0.963623,0.003662,-0.035645,0.045776,-1.052856,-0.953674,0.9642889931955047
44.29,0.966797,0.001465,-0.035889,0.061035,-1.274109,-0.816345,0.9674640074726295
44.3,0.969727,-0.001465,-0.033691,-0.053406,-1.235962,-0.732422,0.9703131887359875
44.31,0.970459,-0.005615,-0.034424,-0.038147,-0.991821,-0.663757,0.9710855836032167
44.32,0.969482,-0.006348,-0.032959,0.045776,-0.671387,-0.785828,0.9700628542053344
44.33,0.966797,-0.005127,-0.032471,0.160217,-0.473022,-0.900268,0.9673557211176249
44.34,0.964355,-0.005371,-0.028809,0.274658,-0.335693,-0.953674,0.9648001721325509
44.35,0.966064,-0.005371,-0.026855,0.320435,-0.396728,-1.159668,0.9664521150900338
44.36,0.959717,-0.007568,-0.018311,0.457764,-0.434875,-1.235962,0.959921500662424
44.37,0.956787,-0.007324,-0.016602,0.556946,-0.335693,-1.274109,0.9569590538518354
44.38,0.959229,-0.007324,-0.013184,0.701904,-0.312805,-1.274109,0.9593475560363929
44.39,0.959717,-0.007813,-0.008545,0.862122,-0.663757,-1.235962,0.9597868409615752
44.4,0.959717,-0.011719,-0.008789,1.296997,-1.037598,-1.25885,0.9598287876340239
44.41,0.955811,-0.012939,-0.010498,1.815796,-1.525879,-1.411438,0.9559562194190694
44.42,0.950928,-0.00708,-0.013428,2.189636,-1.953125,-1.403808,0.9510491568620415
44.43,0.954346,-0.002197,-0.019531,2.563476,-2.365112,-1.419067,0.9545483615228723
44.44,0.952148,0.000488,-0.024658,2.532959,-2.677917,-1.174927,0.9524673585021168
44.45,0.954102,0.003174,-0.033203,2.319336,-2.754211,-0.778198,0.9546848379905276
44.46,0.961182,0.008057,-0.036621,1.937866,-2.76947,-0.480652,0.9619131197847339
44.47,0.967285,0.013672,-0.038818,1.625061,-2.563476,-0.213623,0.9681601272170838
44.48,0.969238,0.014893,-0.03418,1.38092,-2.319336,-0.282288,0.9699548311612247
44.49,0.968262,0.014404,-0.036621,1.274109,-2.082825,-0.442505,0.9690613362945608
44.5,0.967529,0.012939,-0.035156,1.472473,-1.831055,-0.518799,0.968253958369394
44.51,0.966309,0.007813,-0.035156,1.365662,-1.579285,-0.663757,0.9669798709311378
44.52,0.962891,0.005615,-0.033203,1.113892,-1.327515,-0.907898,0.9634796548526595
44.53,0.95874,0.003906,-0.029297,0.991821,-1.281738,-0.968933,0.9591954746791709
44.54,0.955566,0.001709,-0.026855,1.014709,-1.411438,-1.159668,0.9559448164313671
44.55,0.957275,0.000977,-0.0271,0.953674,-1.518249,-1.213074,0.9576590155968876
44.56,0.957031,0.003174,-0.027832,0.846863,-1.823425,-1.113892,0.957440875177679
44.57,0.953613,0.005615,-0.030518,0.793457,-1.930237,-1.159668,0.954117723511098
44.58,0.952148,0.009521,-0.026123,0.648498,-1.930237,-1.068115,0.9525538695916362
44.59,0.952393,0.006592,-0.019043,0.62561,-1.991272,-0.88501,0.9526061708607603
44.6,0.957275,0.00293,-0.018311,0.87738,-1.899719,-0.63324,0.9574545959187829
44.61,0.963623,-0.000977,-0.020264,1.243591,-1.823425,-0.602722,0.9638365371545115
44.62,0.969727,-0.005127,-0.024658,1.64032,-1.754761,-0.640869,0.9700539972712859
44.63,0.967529,-0.00415,-0.029053,1.914978,-1.815796,-0.740051,0.9679740002448413
44.64,0.970459,-0.00415,-0.029541,2.067566,-1.914978,-0.907898,0.9709173826139895
44.65,0.966309,-0.005127,-0.026367,2.13623,-1.937866,-1.091003,0.9666822581898356
44.66,0.964111,-0.006104,-0.025146,2.235413,-1.914978,-1.152039,0.9644581901010536
44.67,0.96167,-0.005371,-0.028809,2.037048,-2.128601,-1.449585,0.9621164144852743
44.68,0.954834,-0.00415,-0.029297,1.983642,-2.349854,-1.441955,0.9552923658571756
44.69,0.955811,0.00293,-0.030518,1.792908,-2.716064,-1.373291,0.9563025676766741
44.7,0.956055,0.007324,-0.038086,1.678467,-2.853393,-1.426697,0.9568413386748087
44.71,0.953125,0.010498,-0.039795,1.312256,-2.822876,-1.350403,0.9540131632498579
44.72,0.947754,0.011475,-0.045898,1.045227,-2.571106,-1.022339,0.9489341107500562
44.73,0.948975,0.014648,-0.047119,0.541687,-2.235413,-0.495911,0.9502569729762576
44.74,0.952393,0.013672,-0.045898,0.160217,-1.808166,0.091553,0.9535963383093499
44.75,0.957764,0.014893,-0.046875,-0.205994,-1.358032,0.518799,0.9590260407152664
44.76,0.966064,0.015381,-0.04126,-0.38147,-0.686645,0.854492,0.9670670167351382
44.77,0.973145,0.012207,-0.038086,-0.343323,-0.244141,0.953674,0.9739665011025791
44.78,0.97876,0.01123,-0.037842,-0.343323,0.389099,0.63324,0.9795556479669748
44.79,0.973877,0.011963,-0.027588,-0.343323,0.823975,0.236511,0.9743411221138109
44.8,0.968018,0.007568,-0.023193,-0.267029,0.854492,-0.038147,0.9683253782675533
44.81,0.967041,-0.000488,-0.018066,-0.152588,0.495911,-0.38147,0.9672098604651423
44.82,0.958496,-0.009521,-0.018799,0.198364,0.259399,-0.75531,0.9587276119200907
44.83,0.963867,-0.008545,-0.018066,0.404358,-0.534058,-0.640869,0.964074162639991
44.84,0.964844,-0.007568,-0.020996,0.572205,-1.052856,-0.938415,0.965102093550729
44.85,0.96167,-0.008545,-0.024414,0.709534,-1.235962,-1.12915,0.9620178009376957
44.86,0.956543,-0.003906,-0.024902,0.778198,-1.609802,-0.938415,0.9568750583482674
44.87,0.955078,0.0,-0.022949,0.740051,-1.899719,-0.740051,0.9553536741359192
44.88,0.952881,-0.002686,-0.023193,0.823975,-1.922607,-0.480652,0.9531670000613743
44.89,0.951416,-0.002197,-0.022217,0.968933,-1.708984,-0.167847,0.9516779008435575
44.9,0.954102,-0.001709,-0.025391,1.243591,-1.541138,0.213623,0.9544413287185337
44.91,0.962402,-0.000732,-0.028564,1.502991,-1.708984,0.320435,0.9628260733507377
44.92,0.971924,0.003906,-0.03418,1.571655,-1.831055,0.106812,0.9725326683520713
44.93,0.971924,0.00293,-0.0354,1.419067,-1.63269,-0.305176,0.9725728798789323
44.94,0.96875,0.006836,-0.033691,1.274109,-1.441955,-0.63324,0.9693597767996154
44.95,0.967285,0.006836,-0.036133,1.167297,-1.365662,-0.915527,0.9679837786915646
44.96,0.962891,0.004639,-0.034424,1.152039,-1.113892,-0.984192,0.9635173117168161
44.97,0.959961,0.002441,-0.033936,1.022339,-0.923157,-0.961304,0.9605637574351844
44.98,0.960938,0.004639,-0.036377,0.747681,-0.831604,-0.801086,0.9616374817435103
44.99,0.960449,0.003174,-0.035645,0.457764,-0.740051,-0.511169,0.961115457113244
45.0,0.959473,0.001221,-0.034912,0.289917,-0.617981,-0.434875,0.9601087315059685
45.01,0.963135,0.006592,-0.037598,0.320435,-0.679016,-0.320435,0.9638911205592673
45.02,0.966064,0.008545,-0.033936,0.198364,-0.50354,-0.198364,0.9666976369149767
45.03,0.966309,0.005127,-0.035645,0.274658,-0.320435,-0.282288,0.966979801048088
45.04,0.964844,0.003662,-0.03418,0.434875,-0.137329,-0.320435,0.9654561755874785
45.05,0.96582,0.001709,-0.028809,0.564575,-0.144958,-0.396728,0.9662510810146605
45.06,0.966553,0.000244,-0.027344,0.541687,-0.282288,-0.511169,0.9669397373575046
45.07,0.963379,0.003174,-0.026367,0.541687,-0.358582,-0.686645,0.9637449821430978
45.08,0.961914,0.002441,-0.026123,0.411987,-0.495911,-0.808716,0.9622717459252351
45.09,0.96167,0.00415,-0.025635,0.030518,-0.556946,-1.098633,0.9620205635146268
45.1,0.957031,0.002686,-0.027344,-0.396728,-0.617981,-1.289368,0.9574253202694192
45.11,0.953369,0.003906,-0.025879,-0.747681,-0.442505,-1.12915,0.953728173872409
45.12,0.951904,0.002441,-0.022949,-0.984192,-0.312805,-0.801086,0.9521837219245034
45.13,0.94751,-0.000488,-0.020996,-1.12915,-0.091553,-0.465393,0.947742723665025
45.14,0.949951,-0.000488,-0.023193,-1.083374,-0.068665,-0.068665,0.9502342110206304
45.15,0.956299,0.002686,-0.025146,-0.991821,-0.083923,0.38147,0.9566333222886394
45.16,0.964111,0.000244,-0.028564,-0.938415,0.099182,0.595093,0.9645340750605963
45.17,0.968018,-0.001953,-0.028564,-0.732422,0.25177,0.534058,0.9684413067548286
45.18,0.9729,-0.001709,-0.024658,-0.358582,0.213623,0.358582,0.9732139269682694
45.19,0.967285,-0.000977,-0.019287,0.007629,0.114441,-0.061035,0.9674777589810527
45.2,0.961182,-0.001709,-0.019531,0.205994,-0.114441,-0.457764,0.9613819312666533
45.21,0.958496,0.0,-0.01709,0.366211,-0.701904,-0.686645,0.9586483453884432
45.22,0.957031,0.000732,-0.018066,0.617981,-1.312256,-0.732422,0.9572017818312917
45.23,0.958008,0.002197,-0.019531,0.62561,-1.609802,-0.762939,0.9582095881559525
45.24,0.960205,0.004639,-0.023682,0.62561,-1.770019,-0.701904,0.960508198543875
45.25,0.964111,0.002686,-0.028076,0.572205,-1.937866,-0.62561,0.9645234557505588
45.26,0.965332,0.003418,-0.033203,0.366211,-1.792908,-0.457764,0.965908894335796
45.27,0.964355,0.004883,-0.035645,0.25177,-1.449585,-0.320435,0.9650258938178808
45.28,0.957031,0.01001,-0.033691,0.137329,-1.00708,-0.091553,0.9576761553583758
45.29,0.955322,0.010254,-0.03125,-0.022888,-0.747681,0.015259,0.9558879802047937
45.3,0.955078,0.010986,-0.028076,-0.236511,-0.411987,0.297546,0.9555537347820896
45.31,0.957764,0.008545,-0.022949,-0.267029,-0.076294,0.350952,0.9580770080332791
45.32,0.958496,0.002441,-0.019287,-0.289917,0.083923,0.213623,0.9586931359230648
45.33,0.961426,-0.002441,-0.016113,-0.1297,-0.099182,-0.045776,0.9615641116046293
45.34,0.964111,-0.005371,-0.014404,0.213623,-0.221252,-0.25177,0.9642335521946952
45.35,0.965332,-0.001953,-0.02002,0.396728,-0.335693,-0.328064,0.9655415500293086
45.36,0.960938,-0.001221,-0.023438,0.602722,-0.480652,-0.473022,0.9612245682092192
45.37,0.956787,0.003662,-0.027588,0.648498,-0.915527,-0.511169,0.9571916586332123
45.38,0.957275,0.003662,-0.028564,0.38147,-1.091003,-0.274658,0.9577080651038707
45.39,0.958008,-0.001709,-0.026367,0.25177,-1.182556,0.0,0.9583723010573709
45.4,0.958984,0.000244,-0.022949,0.190735,-1.312256,0.190735,0.9592585826527694
45.41,0.960938,0.001953,-0.023438,0.1297,-1.274109,0.297546,0.9612257767543481
45.42,0.963623,0.000977,-0.023926,0.25177,-1.12915,0.37384,0.96392048122965
45.43,0.963867,0.001709,-0.026367,0.434875,-1.167297,0.526428,0.9642290874366942
45.44,0.966064,0.003174,-0.026611,0.366211,-1.197815,0.289917,0.9664356531570015
45.45,0.962891,0.003418,-0.025879,0.465393,-1.045227,0.1297,0.9632447680864922
45.46,0.962646,0.004395,-0.023193,0.473022,-1.045227,0.114441,0.9629353833928838
45.47,0.965088,0.001465,-0.024658,0.465393,-1.045227,0.061035,0.9654040661469165
45.48,0.963867,-0.000732,-0.022949,0.640869,-1.190186,-0.198364,0.9641404389994229
45.49,0.960449,0.000732,-0.02002,0.572205,-1.464844,-0.328064,0.9606579088442462
45.5,0.962646,0.002197,-0.023438,0.663757,-1.609802,-0.282288,0.9629337921004746
45.51,0.962158,0.001221,-0.024414,0.747681,-1.663208,-0.190735,0.9624684676398494
45.52,0.960205,-0.000488,-0.027344,0.656128,-1.655578,-0.25177,0.9605943860469933
45.53,0.960693,0.0,-0.027588,0.587463,-1.449585,-0.099182,0.961089037494966
45.54,0.962402,0.001465,-0.026855,0.518799,-1.365662,0.053406,0.9627777245314726
45.55,0.963135,-0.000488,-0.02124,0.366211,-1.426697,0.007629,0.9633692978131491
45.56,0.962891,0.003662,-0.018311,0.457764,-1.495361,-0.137329,0.9630720538184047
45.57,0.961426,0.003662,-0.016113,0.62561,-1.617432,-0.244141,0.9615679864102173
45.58,0.960205,0.000488,-0.016846,0.938415,-1.754761,-0.320435,0.9603528871644006
45.59,0.959473,-0.002441,-0.018555,1.113892,-1.838684,-0.320435,0.9596555028941376
45.6,0.959473,-0.00415,-0.021484,1.068115,-1.831055,-0.305176,0.9597224715953045
45.61,0.960938,-0.005371,-0.026123,1.167297,-1.541138,-0.045776,0.9613080144334593
45.62,0.965576,-0.002197,-0.025146,1.113892,-1.419067,0.061035,0.9659058752802988
45.63,0.968994,-0.003662,-0.0271,1.037598,-1.289368,-0.053406,0.9693797977469925
45.64,0.967285,-0.005615,-0.02417,1.045227,-1.251221,-0.183105,0.9676032184475204
45.65,0.9646,-0.001709,-0.023682,0.869751,-1.495361,-0.442505,0.9648921793677261
45.66,0.960693,0.000488,-0.019043,0.892639,-1.914978,-0.724792,0.9608818419774618
45.67,0.955811,0.001221,-0.019775,1.00708,-2.120972,-0.793457,0.9560163226572023
45.68,0.95752,-0.000244,-0.021729,0.984192,-2.258301,-0.694275,0.9577665474305314
45.69,0.958984,0.002441,-0.027832,1.00708,-2.380371,-0.534058,0.9593908958088981
45.7,0.966064,0.005615,-0.034424,1.029968,-2.296448,-0.450134,0.9666934323232987
45.71,0.968018,0.002686,-0.036621,0.930786,-2.082825,-0.343323,0.9687141789821185
45.72,0.968506,0.004639,-0.039551,0.648498,-1.89209,-0.335693,0.9693243388866288
45.73,0.966309,0.007568,-0.036133,0.495911,-1.785278,-0.358582,0.9670139356772476
45.74,0.963135,0.008301,-0.025879,0.411987,-1.663208,-0.595093,0.963518374223865
45.75,0.958252,0.006592,-0.02124,0.259399,-1.289368,-0.808716,0.9585100351942071
45.76,0.957275,0.005859,-0.017578,-0.022888,-1.045227,-0.816345,0.9574543015674429
45.77,0.958252,0.003174,-0.020996,0.091553,-0.808716,-0.785828,0.9584872465484348
45.78,0.956055,0.0,-0.022461,0.083923,-0.938415,-0.762939,0.9563188064374767
45.79,0.95874,-0.003418,-0.022949,-0.183105,-1.213074,-0.747681,0.9590207124588082
45.8,0.962891,-0.005615,-0.026855,-0.244141,-1.098633,-0.556946,0.9632817849056422
45.81,0.961914,-0.00293,-0.02417,-0.228882,-0.793457,-0.396728,0.9622220727025546
45.82,0.960449,-0.00708,-0.017334,0.0,-0.778198,-0.282288,0.9606314983160816
45.83,0.954834,-0.003662,-0.016846,0.274658,-0.778198,-0.015259,0.9549896153969424
45.84,0.961426,-0.000732,-0.014893,0.289917,-0.991821,0.312805,0.9615416219535168
45.85,0.9646,-0.003418,-0.018799,0.450134,-1.174927,0.114441,0.9647892231596495
45.86,0.955322,-0.00415,-0.018311,0.495911,-1.411438,-0.183105,0.9555064829214923
45.87,0.95459,-0.000488,-0.016602,0.63324,-1.823425,-0.099182,0.9547344828003229
45.88,0.967773,0.00415,-0.02002,0.869751,-2.204895,0.114441,0.9679889474725422
45.89,0.970703,-0.001465,-0.026367,1.144409,-2.174377,-0.099182,0.9710621396815963
45.9,0.964111,-0.002686,-0.032227,1.251221,-2.304077,-0.274658,0.9646532094208778
45.91,0.962402,0.002686,-0.032715,1.152039,-2.555847,-0.091553,0.9629616271819973
45.92,0.969482,0.001953,-0.028809,1.068115,-2.632141,-0.091553,0.9699119140488995
45.93,0.965332,-0.001465,-0.030273,1.00708,-2.006531,-0.457764,0.9658076780487925
45.94,0.958496,-0.000244,-0.032959,1.121521,-1.754761,-0.62561,0.9590625304082107
45.95,0.961426,0.006104,-0.034424,1.060486,-2.13623,-0.640869,0.9620614450584745
45.96,0.965576,0.010986,-0.040039,0.968933,-2.113342,-0.671387,0.9664682227021227
45.97,0.967285,0.009033,-0.041748,0.747681,-1.976013,-0.968933,0.968227639461919
45.98,0.969238,0.007568,-0.037842,0.328064,-1.808166,-1.075745,0.970005975358915
45.99,0.966064,0.004395,-0.033936,0.12207,-1.289368,-1.144409,0.9666698610265038
46.0,0.964355,0.001953,-0.030762,-0.030518,-0.907898,-1.00708,0.9648474909943021
46.01,0.961182,0.001221,-0.027588,-0.244141,-0.938415,-1.037598,0.961578611299669
46.02,0.956543,0.000977,-0.024658,-0.480652,-0.823975,-0.968933,0.9568612659847822
46.03,0.953125,0.000732,-0.016846,-0.717163,-0.442505,-0.816345,0.9532741416638763
46.04,0.952393,-0.002441,-0.013916,-0.88501,-0.259399,-0.75531,0.952497790016334
46.05,0.955322,-0.006592,-0.015625,-0.961304,-0.38147,-0.572205,0.9554725107364419
46.06,0.959229,-0.007568,-0.016357,-0.709534,-0.686645,-0.495911,0.9593983012878436
46.07,0.962402,-0.008057,-0.017578,-0.518799,-0.946045,-0.457764,0.9625962346368284
46.08,0.960693,-0.008789,-0.020508,-0.244141,-0.984192,-0.511169,0.9609520616732138
46.09,0.955566,-0.008545,-0.02002,0.076294,-1.296997,-0.442505,0.9558138928583325
46.1,0.957031,-0.002686,-0.019775,0.244141,-1.594543,-0.221252,0.9572390506984135
46.11,0.958984,-0.000244,-0.015137,0.495911,-1.541138,-0.038147,0.9591034879307864
46.12,0.959717,0.000732,-0.017578,0.709534,-1.525879,0.038147,0.9598782433189118
46.13,0.959229,-0.000488,-0.017334,1.014709,-1.76239,0.007629,0.9593857306323667
46.14,0.962646,0.000488,-0.022217,1.373291,-2.212524,0.030518,0.9629024636737616
46.15,0.956543,0.005127,-0.020508,1.670837,-2.449036,-0.053406,0.9567765543960617
46.16,0.965332,0.006592,-0.021973,1.716614,-2.76947,0.221252,0.9656045450478161
46.17,0.973145,0.005615,-0.028809,1.930237,-2.906799,0.022888,0.9735875295683486
46.18,0.963867,-0.001465,-0.03418,1.754761,-2.487183,-0.572205,0.9644739562652793
46.19,0.957764,0.001465,-0.036377,1.731872,-2.563476,-0.587463,0.9584556912293859
46.2,0.962646,0.003418,-0.035645,1.579285,-2.761841,-0.526428,0.9633117719954428
46.21,0.964111,0.000977,-0.0354,1.419067,-2.388,-0.694275,0.9647611802150831
46.22,0.957031,0.000977,-0.039307,1.182556,-1.930237,-0.610352,0.9578383630545395
46.23,0.958496,0.005371,-0.039063,0.923157,-1.800537,-0.465393,0.9593067015433594
46.24,0.958008,0.007568,-0.038574,0.526428,-1.541138,-0.396728,0.9588141405736567
46.25,0.958252,0.010254,-0.035645,0.015259,-1.327515,-0.160217,0.958969554284702
46.26,0.962402,0.01001,-0.037598,-0.320435,-1.182556,-0.007629,0.9631881536376992
46.27,0.964844,0.009033,-0.036621,-0.595093,-0.984192,0.1297,0.9655809842089891
46.28,0.959961,0.004639,-0.035889,-0.709534,-0.62561,0.236511,0.9606428379803806
46.29,0.960449,-0.000244,-0.033691,-0.801086,-0.358582,0.37384,0.961039762246079
46.3,0.967041,-0.002197,-0.030273,-0.694275,-0.015259,0.610352,0.9675172231123331
46.31,0.964111,-0.005127,-0.0271,-0.839233,0.343323,0.62561,0.9645054258271438
46.32,0.962158,-0.00293,-0.023682,-0.762939,0.465393,0.473022,0.9624538633035871
46.33,0.963135,-0.004639,-0.016846,-0.686645,0.244141,0.38147,0.9632934839715257
46.34,0.958984,-0.00293,-0.016113,-0.457764,0.114441,0.289917,0.959123832424677
46.35,0.958496,-0.005127,-0.015625,-0.389099,-0.152588,0.167847,0.9586370578952182
46.36,0.956299,-0.006592,-0.014404,-0.289917,-0.549316,0.053406,0.956430189340027
46.37,0.957275,-0.008301,-0.013916,-0.167847,-0.862122,0.175476,0.9574121303190178
46.38,0.955811,-0.009033,-0.01416,0.007629,-1.174927,0.175476,0.9559585599857349
46.39,0.95874,-0.008789,-0.018066,0.25177,-1.625061,0.228882,0.95895047550799
46.4,0.966553,-0.007324,-0.020752,0.564575,-1.953125,0.244141,0.96680349000663
46.41,0.969238,-0.004883,-0.024414,0.801086,-2.166748,0.053406,0.9695577278991695
46.42,0.969482,-0.000977,-0.02832,1.00708,-2.342224,-0.038147,0.9698960383737011
46.43,0.969482,-0.001953,-0.026123,1.144409,-2.380371,-0.175476,0.969835848822882
46.44,0.970215,-0.002686,-0.027344,1.25885,-2.319336,-0.305176,0.9706039641156428
46.45,0.966553,-0.004395,-0.025635,1.38092,-2.02179,-0.465393,0.966902875711413
46.46,0.962891,-0.004883,-0.025635,1.586914,-1.846313,-0.663757,0.9632445560681877
46.47,0.96167,-0.007324,-0.020508,1.586914,-1.686096,-0.816345,0.9619165285719963
46.48,0.959717,-0.00415,-0.022705,1.617432,-1.518249,-0.915527,0.9599945101999282
46.49,0.954834,-0.004639,-0.022461,1.533508,-1.701355,-0.900268,0.9551094096479209
46.5,0.951904,-0.001221,-0.0271,1.365662,-2.067566,-0.923157,0.9522904630715356
46.51,0.953369,0.0,-0.02832,1.38855,-2.372742,-0.88501,0.9537895326333793
46.52,0.959717,-0.002441,-0.03125,1.342773,-2.326965,-0.717163,0.9602287441386037
46.53,0.96167,-0.000977,-0.033447,1.167297,-2.296448,-0.442505,0.9622519655672312
46.54,0.963867,0.00293,-0.03418,1.037598,-2.334595,-0.12207,0.964477294180117
46.55,0.965332,0.005371,-0.032959,0.648498,-2.174377,0.183105,0.9659094230547707
46.56,0.964355,0.004883,-0.033936,0.335693,-2.037048,0.213623,0.9649642800694749
46.57,0.9646,0.004639,-0.037842,0.045776,-1.976013,0.022888,0.9653531464106802
46.58,0.965332,0.000977,-0.037842,-0.274658,-1.945495,-0.244141,0.9660739318069812
46.59,0.966064,0.001465,-0.042236,-0.434875,-1.88446,-0.556946,0.9669879409884077
46.6,0.96582,0.003662,-0.039063,-0.610352,-1.731872,-0.709534,0.9666165737317978
46.61,0.962646,0.001709,-0.032471,-0.869751,-1.205444,-0.793457,0.9631949999029272
46.62,0.959473,0.003174,-0.026367,-0.839233,-0.747681,-0.831604,0.9598404714815895
46.63,0.959473,0.00415,-0.022705,-0.656128,-0.602722,-0.694275,0.9597505807521035
46.64,0.962158,0.001709,-0.022949,-0.442505,-0.556946,-0.564575,0.9624331635214988
46.65,0.960205,-0.004883,-0.023438,-0.175476,-0.404358,-0.602722,0.9605034229808866
46.66,0.959473,-0.008301,-0.02417,0.137329,-0.747681,-0.572205,0.9598132803988493
46.67,0.964844,-0.011475,-0.029297,0.389099,-1.121521,-0.648498,0.9653568947130383
46.68,0.968262,-0.012939,-0.030518,0.396728,-1.464844,-0.831604,0.9688292247290025
46.69,0.968506,-0.011475,-0.029053,0.541687,-1.88446,-1.068115,0.9690096101019845
46.7,0.96582,-0.008545,-0.026611,0.717163,-2.059937,-1.174927,0.9662243190615728
46.71,0.973877,-0.005127,-0.025391,1.045227,-2.426147,-1.144409,0.9742214328062179
46.72,0.979004,-0.003662,-0.0271,1.396179,-2.861023,-1.770019,0.9793858546354445
46.73,0.973145,-0.005127,-0.030518,1.556396,-3.265381,-2.372742,0.9736369063865646
46.74,0.974609,-0.003418,-0.030029,1.777649,-3.532409,-2.494812,0.9750774976615961
46.75,0.973877,-0.006348,-0.031982,1.968384,-2.960205,-2.624511,0.97442267859333
46.76,0.963867,-0.006592,-0.034424,2.601623,-2.388,-2.838135,0.9645040486846077
46.77,0.959717,-0.001953,-0.032227,3.082275,-2.365112,-2.853393,0.9602599199315777
46.78,0.96167,0.003662,-0.03418,3.27301,-2.380371,-2.853393,0.9622841947907074
46.79,0.963867,0.007568,-0.038818,3.204345,-2.029419,-2.807617,0.9646780320070526
46.8,0.965332,0.005615,-0.039551,2.914428,-1.564026,-2.754211,0.9661582065324498
46.81,0.961182,0.00293,-0.039307,2.449036,-1.235962,-2.609253,0.9619898452026404
46.82,0.956787,0.0,-0.039795,2.090454,-1.052856,-2.365112,0.9576142257683937
46.83,0.951904,0.003906,-0.036133,1.823425,-0.862122,-2.098083,0.9525975413263462
46.84,0.949219,0.003662,-0.030273,1.564026,-0.526428,-1.754761,0.9497086788768438
46.85,0.946045,0.004395,-0.027344,1.037598,-0.152588,-1.548767,0.9464502904991894
46.86,0.950195,0.00708,-0.025879,0.62561,0.259399,-1.075745,0.950573714693395
46.87,0.962402,0.007813,-0.023193,0.267029,0.762939,-0.434875,0.9627131285185635
46.88,0.966797,0.004395,-0.023193,0.076294,1.937866,-0.076294,0.9670851412791948
46.89,0.967773,-0.002197,-0.026123,0.152588,2.326965,-0.160217,0.9681279964276418
46.9,0.963379,-0.008301,-0.0271,0.312805,1.617432,-0.396728,0.963795836389637
46.91,0.955322,-0.009033,-0.024658,0.610352,0.717163,-0.511169,0.9556828635781851
46.92,0.951172,-0.010742,-0.0271,0.984192,0.053406,-0.419617,0.9516186075040778
46.93,0.959229,-0.005859,-0.031494,1.083374,-0.106812,-0.267029,0.9597637596606782
46.94,0.962646,0.003906,-0.036133,1.327515,0.495911,-0.038147,0.9633318077594033
46.95,0.9646,0.014404,-0.043213,1.602173,1.457214,0.091553,0.9656748928003668
46.96,0.966064,0.010986,-0.045654,1.556396,2.075195,0.038147,0.9672045450720339
46.97,0.959473,0.000977,-0.039795,1.350403,2.593994,-0.061035,0.9602984089766056
46.98,0.954346,0.001221,-0.028564,1.083374,2.967834,-0.045776,0.9547741516468699
46.99,0.951416,0.011963,-0.012695,0.640869,3.540039,-0.25177,0.95157589368899
47.0,0.934082,0.020264,0.001221,0.030518,4.211426,-0.679016,0.9343025758612677
47.01,0.919189,0.015625,0.001953,-0.175476,3.204345,-1.106262,0.919323867064812
47.02,0.930664,0.016602,0.00293,0.022888,0.343323,-1.167297,0.9308166802330092
47.03,0.956055,0.025635,-0.005615,0.007629,-1.594543,-1.304626,0.9564151005055284
47.04,0.962891,0.020508,-0.006348,-0.358582,-1.152039,-1.541138,0.9631302887195481
47.05,0.955811,0.007568,-0.005127,-0.793457,-0.297546,-1.205444,0.9558547109650085
47.06,0.961914,0.001465,-0.001709,-0.892639,-0.305176,-0.846863,0.9619166337588722
47.07,0.967773,0.002686,0.00415,-0.900268,-0.137329,-0.854492,0.9677856253453034
47.08,0.960449,0.001709,0.00293,-0.87738,0.389099,-0.976562,0.9604549896700001
47.09,0.950195,-0.001465,0.0,-0.656128,0.221252,-0.808716,0.9501961293596181
47.1,0.946533,-0.001221,-0.006592,-0.442505,-1.068115,-0.419617,0.9465567417719869
47.11,0.951172,0.003662,-0.015381,-0.305176,-2.128601,0.038147,0.9513034000722378
47.12,0.957031,0.003662,-0.025391,-0.457764,-2.63977,0.549316,0.957374768878938
47.13,0.955078,0.0,-0.030029,-0.640869,-2.746582,0.961304,0.9555499604547112
47.14,0.941895,-0.001221,-0.031494,-0.63324,-3.730774,1.304626,0.942422173923131
47.15,0.964844,0.005127,-0.038574,-0.335693,-4.737854,2.174377,0.9656283881188457
47.16,0.9729,0.007568,-0.040771,-0.320435,-4.005432,2.632141,0.973783322441394
47.17,0.969971,0.01001,-0.045166,-0.289917,-2.632141,2.853393,0.9710735855212004
47.18,0.971924,0.01416,-0.044189,-0.228882,-2.311707,2.708435,0.9730310555665733
47.19,0.970215,0.013428,-0.041748,-0.366211,-2.067566,2.380371,0.9712056182462084
47.2,0.967529,0.015869,-0.035645,-0.495911,-1.754761,1.914978,0.9683154222808805
47.21,0.969238,0.013916,-0.028809,-0.617981,-1.411438,1.419067,0.969765906897639
47.22,0.964355,0.010742,-0.024902,-0.671387,-0.991821,0.930786,0.9647362676882216
47.23,0.960449,0.006592,-0.019775,-0.732422,-0.823975,0.495911,0.9606751723085176
47.24,0.960938,0.002197,-0.016602,-0.854492,-0.732422,0.045776,0.9610839157206825
47.25,0.959229,-0.000732,-0.016113,-0.839233,-0.640869,-0.12207,0.9593646017203261
47.26,0.961182,-0.004883,-0.020508,-0.930786,-0.732422,0.022888,0.9614131572206612
47.27,0.963867,-0.009277,-0.018555,-0.900268,-0.419617,0.083923,0.9640902159253563
47.28,0.959229,-0.009766,-0.017822,-0.87738,0.091553,0.244141,0.9594442520964936
47.29,0.950684,-0.011475,-0.014404,-0.816345,0.106812,0.442505,0.9508623552844018
47.3,0.949951,-0.010986,-0.01123,-0.617981,-0.160217,0.656128,0.9500808952384001
47.31,0.951172,-0.010986,-0.005859,-0.579834,-0.335693,0.793457,0.9512534854921689
47.32,0.95166,-0.015137,-0.005127,-0.389099,-0.419617,0.946045,0.9517941849465146
47.33,0.956299,-0.02124,-0.003906,-0.030518,-0.595093,1.068115,0.9565428227931042
47.34,0.960693,-0.020508,-0.00708,0.534058,-1.083374,1.12915,0.9609379505009676
47.35,0.967285,-0.017822,-0.015869,1.014709,-1.426697,0.930786,0.9675793094470344
47.36,0.973389,-0.016846,-0.022217,1.434326,-1.579285,0.679016,0.9737882357710017
47.37,0.974609,-0.014404,-0.023926,1.770019,-1.815796,0.511169,0.9750090417903825
47.38,0.9729,-0.008789,-0.021729,1.998901,-1.976013,0.282288,0.9731823086976047
47.39,0.976318,0.000488,-0.021484,2.235413,-2.220154,0.083923,0.9765544723792934
47.4,0.977783,0.004883,-0.028076,2.250671,-2.441406,-0.259399,0.978198190835579
47.41,0.974609,0.005127,-0.026855,2.189636,-2.380371,-0.50354,0.9749923999883281
47.42,0.970459,0.005371,-0.025635,1.838684,-2.433777,-0.701904,0.9708123771084709
47.43,0.96582,0.00708,-0.028076,1.564026,-2.761841,-0.87738,0.966253931726024
47.44,0.962646,0.00708,-0.024414,1.373291,-2.906799,-1.083374,0.9629815632253818
47.45,0.960938,0.003662,-0.025635,1.052856,-2.792358,-1.358032,0.9612868475710047
47.46,0.958984,0.003174,-0.027588,0.839233,-2.693176,-1.419067,0.95938599337076
47.47,0.956055,-0.000977,-0.028809,0.63324,-2.433777,-1.312256,0.9564894542204843
47.48,0.954834,-0.002441,-0.032471,0.167847,-2.052307,-1.274109,0.9553890787935563
47.49,0.958008,-0.002441,-0.036133,-0.213623,-1.716614,-0.991821,0.9586922760896741
47.5,0.95459,-0.005859,-0.033447,-0.648498,-1.235962,-0.663757,0.9551937488227192
47.51,0.954834,-0.006348,-0.03125,-1.091003,-0.778198,-0.305176,0.9553663313933561
47.52,0.95752,-0.00415,-0.027832,-1.487732,-0.656128,0.091553,0.9579333970188116
47.53,0.962646,-0.002686,-0.027832,-1.76239,-0.587463,0.457764,0.9630520007434696
47.54,0.966064,-0.005615,-0.030518,-1.785278,-0.62561,0.595093,0.9665622218176128
47.55,0.970947,-0.007813,-0.025635,-1.64032,-0.762939,0.579834,0.9713167727384306
47.56,0.974365,-0.010498,-0.026611,-1.518249,-0.846863,0.427246,0.974784851415942
47.57,0.977539,-0.009277,-0.02124,-1.075745,-0.854492,0.25177,0.9778137332079153
47.58,0.977295,-0.008301,-0.013672,-0.556946,-0.915527,-0.190735,0.9774258781155736
47.59,0.975586,-0.004395,-0.010742,0.053406,-1.075745,-0.75531,0.9756550363653129
47.6,0.972168,0.0,-0.010254,0.778198,-1.571655,-1.350403,0.9722220758345287
47.61,0.97168,-0.000977,-0.014404,1.358032,-2.319336,-1.838684,0.9717872463379008
47.62,0.968262,-0.005371,-0.019775,1.541138,-2.662658,-2.204895,0.9684788066395671
47.63,0.960205,-0.005371,-0.023193,1.663208,-2.738952,-2.311707,0.9605000806428909
47.64,0.957764,-0.001709,-0.020508,1.586914,-2.815246,-2.311707,0.9579850617003378
47.65,0.955811,0.002441,-0.023438,1.495361,-2.624511,-2.357483,0.9561014412948031
47.66,0.956787,0.005127,-0.0271,1.373291,-2.334595,-2.258301,0.9571844438236552
47.67,0.957275,0.001953,-0.028809,1.190186,-2.075195,-2.044678,0.9577103937595122
47.68,0.960938,0.001221,-0.028809,0.915527,-1.663208,-1.708984,0.9613705264704134
47.69,0.961914,-0.000488,-0.029785,0.75531,-1.068115,-1.480102,0.9623751491829993
47.7,0.957031,-0.004395,-0.026367,0.495911,-0.549316,-1.350403,0.9574042352501894
47.71,0.954346,-0.001709,-0.023438,0.358582,-0.358582,-1.228333,0.9546352959329547
47.72,0.95166,-0.000244,-0.025146,0.274658,-0.442505,-1.091003,0.9519921934826986
47.73,0.950439,0.001709,-0.020996,0.106812,-0.419617,-0.961304,0.950672417511942
47.74,0.95459,0.000488,-0.026367,0.030518,-0.923157,-0.770569,0.9549542004373822
47.75,0.962402,0.003662,-0.030029,0.030518,-1.38092,-0.610352,0.9628773341859285
47.76,0.965576,0.005127,-0.036865,-0.190735,-1.487732,-0.457764,0.9662930850057865
47.77,0.96875,0.008301,-0.041016,-0.137329,-1.571655,-0.320435,0.9696534336333781
47.78,0.9729,0.010986,-0.039551,-0.297546,-1.327515,-0.274658,0.9737655692193065
47.79,0.971924,0.012451,-0.03833,-0.572205,-1.029968,-0.213623,0.9727592086827038
47.8,0.972168,0.013428,-0.032227,-0.75531,-0.63324,-0.404358,0.9727946910509946
47.81,0.971191,0.009277,-0.025879,-0.946045,-0.053406,-0.679016,0.971580024419502
47.82,0.971924,0.005127,-0.016113,-0.999451,0.366211,-0.976562,0.9720710759373514
47.83,0.968506,0.002686,-0.013672,-0.915527,0.465393,-1.304626,0.9686062204095118
47.84,0.96582,-0.002197,-0.013916,-0.679016,0.305176,-1.731872,0.9659227475657668
47.85,0.95874,-0.005127,-0.013672,-0.465393,-0.144958,-1.914978,0.9588511862186958
47.86,0.954102,-0.008789,-0.014893,-0.419617,-0.396728,-1.869202,0.9542587041122549
47.87,0.949951,-0.010498,-0.01709,-0.411987,-0.473022,-1.586914,0.9501627115947037
47.88,0.947998,-0.015625,-0.013428,-0.389099,-0.411987,-1.235962,0.948221841033521
47.89,0.94751,-0.017578,-0.007568,-0.328064,-0.282288,-0.770569,0.9477032556702545
47.9,0.947998,-0.017334,-0.009033,0.099182,-0.297546,-0.244141,0.9481994888466244
47.91,0.954102,-0.012451,-0.012451,0.457764,-0.297546,-0.007629,0.9542644713107578
47.92,0.959473,-0.007568,-0.010498,0.793457,-0.37384,0.076294,0.9595602744783674
47.93,0.962891,-0.007324,-0.01123,1.205444,-0.572205,0.076294,0.9629843361950391
47.94,0.962158,-0.00415,-0.009033,1.564026,-0.747681,-0.190735,0.9622093506888196
47.95,0.962891,0.000244,-0.013184,1.770019,-0.984192,-0.350952,0.9629812850066195
47.96,0.964355,0.002686,-0.01416,2.006531,-1.426697,-0.396728,0.9644626930166867
47.97,0.9646,0.001953,-0.013184,2.105713,-1.976013,-0.679016,0.9646920711112951
47.98,0.96582,0.003418,-0.017334,2.204895,-2.616882,-0.938415,0.9659815850625725
47.99,0.969971,0.00708,-0.022217,2.418518,-2.929687,-1.083374,0.9702512367062461
48.0,0.970947,0.005615,-0.028564,2.624511,-2.922058,-1.441955,0.9713832956819878
48.01,0.971191,0.010498,-0.038086,2.548218,-2.532959,-1.579285,0.9719941923082669
48.02,0.96582,0.01416,-0.04126,2.197266,-2.113342,-1.533508,0.9668046160419383
48.03,0.960693,0.016113,-0.039063,1.76239,-1.76239,-1.403808,0.9616218523863734
48.04,0.956055,0.015869,-0.041504,1.13678,-1.319885,-1.182556,0.9570870233171067
48.05,0.951416,0.013184,-0.03833,0.579834,-0.984192,-0.831604,0.9522790619414039
48.06,0.953613,0.012695,-0.032471,-0.091553,-0.724792,-0.511169,0.9542501153445045
48.07,0.953369,0.010498,-0.028076,-0.419617,-0.526428,-0.198364,0.9538400913890127
48.08,0.95874,0.009277,-0.026611,-0.617981,-0.152588,-0.045776,0.9591541042241336
48.09,0.960938,0.006104,-0.027344,-0.999451,0.312805,0.083923,0.9613463439343803
48.1,0.962646,0.006104,-0.02417,-1.167297,0.549316,0.137329,0.962968726923154
48.11,0.963135,0.003662,-0.017334,-1.411438,0.640869,0.106812,0.9632979321191342
48.12,0.960938,-0.001953,-0.010254,-1.365662,0.717163,-0.213623,0.9609946922689011
48.13,0.959717,-0.005615,-0.008789,-1.274109,0.419617,-0.419617,0.9597736685463923
48.14,0.960449,-0.005859,-0.005615,-1.190186,0.0,-0.473022,0.9604832834084099
48.15,0.960693,-0.006592,-0.007813,-0.823975,-0.473022,-0.63324,0.9607473849467404
48.16,0.96167,-0.006836,-0.009033,-0.473022,-0.854492,-0.801086,0.9617367180704915
48.17,0.967285,-0.006104,-0.012695,-0.350952,-1.029968,-0.930786,0.9673875609423557
48.18,0.966309,-0.007813,-0.01416,-0.190735,-1.144409,-1.098633,0.9664443243405177
48.19,0.964844,-0.005615,-0.016846,0.053406,-1.472473,-1.167297,0.965007388716273
