t,ax,ay,az,gx,gy,gz,acc_mag
1.0,-0.419922,0.945801,-0.053223,0.976562,-4.463196,-0.640869,1.0361981979399502
1.01,-0.419189,0.942871,-0.058105,1.037598,-4.40979,-0.450134,1.0334898796732361
1.02,-0.420654,0.939941,-0.061768,0.907898,-3.921509,-0.175476,1.031626946633811
1.03,-0.421631,0.936279,-0.058105,0.976562,-3.425598,-0.205994,1.0284781266643448
1.04,-0.418945,0.936768,-0.057373,0.930786,-3.059387,-0.396728,1.0277844423700915
1.05,-0.418945,0.936768,-0.059082,0.923157,-2.723694,-0.541687,1.0278812584987627
1.06,-0.417969,0.938232,-0.060303,1.045227,-2.677917,-0.663757,1.0288896066119047
1.07,-0.418701,0.937744,-0.058105,1.13678,-2.952575,-0.862122,1.0286158310866114
1.08,-0.419922,0.937988,-0.061035,1.350403,-3.280639,-0.915527,1.0295053401770191
1.09,-0.419434,0.939453,-0.065186,1.502991,-3.616333,-0.976562,1.0308957435943753
1.1,-0.421143,0.940674,-0.065186,1.655578,-3.852844,-1.068115,1.032704321343239
1.11,-0.421387,0.939697,-0.064697,1.770019,-3.700256,-1.068115,1.031883306089889
1.12,-0.421631,0.9375,-0.065186,1.983642,-3.608703,-1.098633,1.0300136721213946
1.13,-0.419922,0.935059,-0.063477,2.059937,-3.65448,-1.098633,1.0269854668368
1.14,-0.417725,0.936279,-0.061523,2.182007,-3.791809,-1.159668,1.027082090679708
1.15,-0.417236,0.934814,-0.058594,2.365112,-4.119873,-1.098633,1.0253761998057105
1.16,-0.419189,0.937012,-0.055908,2.525329,-4.379272,-0.984192,1.0280255883629552
1.17,-0.421387,0.938721,-0.057617,2.449036,-4.386902,-0.976562,1.0305745185570037
1.18,-0.421387,0.933838,-0.05957,2.311707,-4.272461,-0.88501,1.0262402247588036
1.19,-0.423096,0.93335,-0.060059,2.197266,-4.28772,-0.808716,1.026527900837089
1.2,-0.424561,0.934082,-0.057861,1.968384,-4.066467,-0.801086,1.0276716989223746
1.21,-0.424805,0.935547,-0.053223,1.594543,-3.669739,-0.961304,1.028853811269123
1.22,-0.425293,0.936768,-0.054199,1.449585,-3.479004,-1.014709,1.0302164594268528
1.23,-0.424805,0.936523,-0.052002,1.296997,-3.14331,-0.915527,1.029678991510461
1.24,-0.423828,0.936035,-0.054199,1.190186,-2.716064,-0.976562,1.028945686812477
1.25,-0.422852,0.934326,-0.053955,0.991821,-2.26593,-0.869751,1.0269761585377726
1.26,-0.422852,0.933838,-0.057617,0.808716,-1.815796,-0.831604,1.0267311930768441
1.27,-0.422607,0.932129,-0.060791,0.663757,-1.243591,-0.869751,1.0252593304969235
1.28,-0.420654,0.932861,-0.063232,0.610352,-0.991821,-0.793457,1.025269583505236
1.29,-0.420166,0.93457,-0.064209,0.457764,-0.976562,-0.602722,1.0266856130953623
1.3,-0.419678,0.934082,-0.062744,0.335693,-1.213074,-0.595093,1.0259510787284156
1.31,-0.417236,0.937256,-0.062988,0.228882,-1.51062,-0.556946,1.0278629175994238
1.32,-0.418701,0.934082,-0.060303,0.183105,-1.792908,-0.450134,1.0254053646894967
1.33,-0.421143,0.936279,-0.062256,0.167847,-2.052307,-0.343323,1.0285210750519407
1.34,-0.420898,0.935303,-0.062012,0.152588,-2.037048,-0.198364,1.0275175503887999
1.35,-0.424316,0.938232,-0.061523,0.076294,-2.029419,-0.144958,1.0315563160627732
1.36,-0.421875,0.938477,-0.057861,0.0,-2.13623,-0.167847,1.0305656167731387
1.37,-0.421875,0.937012,-0.058838,0.106812,-2.182007,-0.205994,1.0292870901808688
1.38,-0.423828,0.937012,-0.060059,0.198364,-2.14386,-0.213623,1.0301595726920174
1.39,-0.426025,0.938965,-0.062012,0.015259,-2.006531,-0.267029,1.0329559816342613
1.4,-0.42334,0.938477,-0.060303,0.0,-1.899719,-0.305176,1.0313061072921075
1.41,-0.424072,0.936035,-0.061768,-0.030518,-1.76239,-0.411987,1.0294726165532524
1.42,-0.426514,0.936523,-0.059082,-0.038147,-1.502991,-0.427246,1.0307668041070202
1.43,-0.426514,0.934814,-0.060791,0.045776,-1.319885,-0.427246,1.0293138260380068
1.44,-0.426758,0.934082,-0.060059,0.038147,-0.801086,-0.488281,1.0287072745776613
1.45,-0.423828,0.934082,-0.059326,-0.213623,-0.389099,-0.488281,1.0274526415285523
1.46,-0.423828,0.934814,-0.060791,-0.259399,-0.198364,-0.457764,1.0282037414155816
1.47,-0.423096,0.935059,-0.05957,-0.404358,0.091553,-0.427246,1.0280535703926135
1.48,-0.424316,0.934326,-0.062012,-0.617981,0.396728,-0.358582,1.0280343526731002
1.49,-0.424072,0.93457,-0.062012,-0.640869,0.541687,-0.450134,1.0281554523650593
1.5,-0.421143,0.936279,-0.061035,-0.732422,0.75531,-0.442505,1.0284478905199814
1.51,-0.422119,0.939209,-0.060547,-0.762939,1.045227,-0.411987,1.0314862747758693
1.52,-0.42041,0.937744,-0.058105,-0.663757,1.060486,-0.358582,1.0293126680756437
1.53,-0.41748,0.940186,-0.05957,-0.648498,0.968933,-0.419617,1.0304309049596678
1.54,-0.41626,0.940186,-0.059082,-0.480652,0.63324,-0.465393,1.0299091148834445
1.55,-0.417969,0.938477,-0.057861,-0.38147,0.228882,-0.457764,1.0289728178193047
1.56,-0.415771,0.938477,-0.059326,-0.411987,-0.045776,-0.396728,1.0281654430323943
1.57,-0.417969,0.937012,-0.059082,-0.350952,-0.274658,-0.50354,1.02770630815861
1.58,-0.416992,0.936768,-0.060303,-0.289917,-0.442505,-0.488281,1.0271577608610083
1.59,-0.414063,0.938965,-0.060059,-0.152588,-0.785828,-0.396728,1.0279642613802291
1.6,-0.416016,0.938477,-0.060547,-0.053406,-0.991821,-0.434875,1.0283357092866123
1.61,-0.41748,0.939697,-0.058594,0.221252,-1.144409,-0.289917,1.029928764063321
1.62,-0.415283,0.938965,-0.059082,0.297546,-1.281738,-0.167847,1.0283996908002258
1.63,-0.415527,0.938232,-0.059814,0.244141,-1.495361,-0.1297,1.027871435612937
1.64,-0.41748,0.939697,-0.059082,0.335693,-1.777649,-0.137329,1.0299566422587894
1.65,-0.417725,0.938721,-0.059814,0.350952,-1.998901,-0.106812,1.0292079508350098
1.66,-0.417236,0.938477,-0.056641,0.450134,-2.174377,-0.076294,1.0286073896808248
1.67,-0.417969,0.938232,-0.05835,0.518799,-2.388,-0.137329,1.0287769890919023
1.68,-0.422607,0.937012,-0.056396,0.549316,-2.540588,-0.144958,1.029450665845139
1.69,-0.421143,0.936035,-0.056885,0.63324,-2.349854,-0.198364,1.0279877678742095
1.7,-0.419189,0.938965,-0.055176,0.587463,-2.067566,-0.221252,1.029766517188241
1.71,-0.421387,0.9375,-0.053223,0.579834,-1.808166,-0.274658,1.0292258943001773
1.72,-0.419922,0.933838,-0.055908,0.511169,-1.602173,-0.320435,1.0254333721856335
1.73,-0.418457,0.93335,-0.055664,0.350952,-1.686096,-0.267029,1.0243763782150581
1.74,-0.418457,0.935547,-0.056152,0.198364,-1.670837,-0.343323,1.0264051330551693
1.75,-0.417236,0.933594,-0.058105,0.167847,-1.731872,-0.350952,1.0242362166790433
1.76,-0.415283,0.933838,-0.056152,0.198364,-2.006531,-0.328064,1.0235557764171916
1.77,-0.413086,0.938232,-0.051514,0.12207,-2.502441,-0.404358,1.0264370518526695
1.78,-0.416504,0.941895,-0.052246,0.183105,-3.105163,-0.38147,1.031199019373564
1.79,-0.420654,0.943359,-0.052979,0.190735,-3.448486,-0.205994,1.0342546906047851
1.8,-0.421875,0.944824,-0.054688,0.328064,-3.486633,0.091553,1.0361764733601124
1.81,-0.422607,0.941895,-0.057617,0.62561,-3.257751,0.114441,1.0339644994693966
1.82,-0.424072,0.939209,-0.058105,0.679016,-2.716064,0.190735,1.032146693978138
1.83,-0.425049,0.936768,-0.05835,0.701904,-2.02179,0.144958,1.0303424968062804
1.84,-0.422119,0.935547,-0.05835,0.656128,-1.464844,0.144958,1.0280259538892975
1.85,-0.418701,0.935303,-0.05835,0.610352,-1.022339,0.038147,1.0264048673452402
1.86,-0.417236,0.935791,-0.056641,0.648498,-0.923157,-0.175476,1.0261573360152916
1.87,-0.418457,0.936523,-0.060059,0.686645,-1.167297,-0.350952,1.0275157779124369
1.88,-0.42041,0.936768,-0.056885,0.831604,-1.800537,-0.50354,1.028355365206503
1.89,-0.419434,0.938477,-0.054688,0.923157,-2.151489,-0.579834,1.0293953260186293
1.9,-0.42041,0.938477,-0.056885,0.923157,-2.243042,-0.564575,1.0299123996020243
1.91,-0.419434,0.93457,-0.057129,0.87738,-2.349854,-0.656128,1.0259676836513907
1.92,-0.417725,0.93457,-0.054688,0.923157,-2.532959,-0.694275,1.0251370824767778
1.93,-0.418945,0.935547,-0.05249,0.854492,-2.777099,-0.770569,1.0264103966416163
1.94,-0.417236,0.932861,-0.052979,1.037598,-3.112793,-0.808716,1.0232899390974195
1.95,-0.418701,0.934814,-0.052979,0.900268,-3.39508,-0.816345,1.0256678392335408
1.96,-0.422852,0.936768,-0.052979,0.930786,-3.486633,-0.75531,1.0291476444947052
1.97,-0.424072,0.937744,-0.054443,0.938415,-3.303528,-0.709534,1.0306138515316976
1.98,-0.423828,0.9375,-0.05542,0.862122,-2.883911,-0.732422,1.0303435349358
1.99,-0.42334,0.933594,-0.058838,0.747681,-2.27356,-0.686645,1.0267796368646975
2.0,-0.421143,0.935791,-0.057373,0.495911,-1.808166,-0.701904,1.0277927238791875
2.01,-0.422363,0.936768,-0.058105,0.305176,-1.541138,-0.671387,1.02922348429192
2.02,-0.42041,0.937012,-0.053955,0.259399,-1.533508,-0.770569,1.0284197578173029
2.03,-0.42041,0.939453,-0.052002,0.25177,-1.472473,-0.778198,1.0305438929579855
2.04,-0.421631,0.937256,-0.052734,0.289917,-1.396179,-0.671387,1.0290784151137367
2.05,-0.418945,0.935059,-0.053223,0.221252,-1.00708,-0.518799,1.0260033792512575
2.06,-0.421387,0.936768,-0.053711,0.137329,-0.511169,-0.419617,1.0285845425214206
2.07,-0.421875,0.937988,-0.056396,0.12207,-0.152588,-0.328064,1.0300390830376291
2.08,-0.420654,0.936523,-0.055176,-0.045776,0.137329,-0.045776,1.0281388564882663
2.09,-0.415527,0.935791,-0.055176,-0.221252,0.160217,-0.198364,1.0253837693205408
2.1,-0.417236,0.936768,-0.056885,-0.320435,-0.061035,-0.236511,1.0270618621801708
2.11,-0.419678,0.938477,-0.052979,-0.465393,-0.312805,-0.312805,1.0294054000509227
2.12,-0.417969,0.938232,-0.052002,-0.473022,-0.37384,-0.282288,1.0284364728990314
2.13,-0.417236,0.937012,-0.051025,-0.358582,-0.38147,-0.320435,1.0269765910014697
2.14,-0.416016,0.937256,-0.052734,-0.25177,-0.549316,-0.38147,1.0267906293631628
2.15,-0.416748,0.938965,-0.055176,-0.160217,-0.823975,-0.511169,1.0287752707491564
2.16,-0.417725,0.937744,-0.056885,-0.106812,-0.923157,-0.427246,1.028150712875306
2.17,-0.415283,0.9375,-0.056641,-0.106812,-1.091003,-0.404358,1.026924740655322
2.18,-0.412842,0.939453,-0.054932,0.038147,-1.327515,-0.366211,1.0276322205911024
2.19,-0.416992,0.938477,-0.054688,0.144958,-1.701355,-0.358582,1.0284027347965388
2.2,-0.417969,0.938477,-0.056152,0.221252,-1.976013,-0.404358,1.028878132527852
2.21,-0.41626,0.937744,-0.054932,0.282288,-2.166748,-0.50354,1.0274501067010506
2.22,-0.417725,0.937988,-0.05542,0.12207,-2.326965,-0.465393,1.0282932656440964
2.23,-0.417969,0.941162,-0.057617,0.053406,-2.487183,-0.427246,1.0314086066608132
2.24,-0.419678,0.94043,-0.057617,0.175476,-2.296448,-0.320435,1.0314348875585895
2.25,-0.420654,0.940186,-0.058105,0.297546,-1.976013,-0.297546,1.0316373846158349
2.26,-0.419678,0.939453,-0.056885,0.366211,-1.808166,-0.289917,1.0305035012643091
2.27,-0.420166,0.939453,-0.05542,0.526428,-1.655578,-0.213623,1.030622522151054
2.28,-0.421143,0.937988,-0.058105,0.587463,-1.586914,-0.25177,1.0298345039946952
2.29,-0.419434,0.936523,-0.053467,0.709534,-1.419067,-0.38147,1.0275499647092592
2.3,-0.416748,0.938477,-0.054199,0.656128,-1.403808,-0.404358,1.0282779325814593
2.31,-0.417969,0.939941,-0.057373,0.671387,-1.502991,-0.511169,1.03028094691254
2.32,-0.422119,0.939697,-0.056152,0.610352,-1.502991,-0.534058,1.0316820969048557
2.33,-0.420654,0.9375,-0.056396,0.564575,-1.289368,-0.541687,1.0290950133646553
2.34,-0.419189,0.9375,-0.054932,0.640869,-1.167297,-0.411987,1.028417810204102
2.35,-0.416992,0.935303,-0.056885,0.785828,-0.984192,-0.320435,1.0256266051044112
2.36,-0.414795,0.935303,-0.05835,0.785828,-1.060486,-0.320435,1.0248176990733524
2.37,-0.41748,0.936279,-0.055908,0.686645,-1.266479,-0.396728,1.0266613953514567
2.38,-0.41626,0.9375,-0.055664,0.648498,-1.594543,-0.473022,1.027266819524509
2.39,-0.41748,0.937988,-0.057373,0.671387,-1.861572,-0.511169,1.0283008799339812
2.4,-0.418457,0.939209,-0.057129,0.640869,-1.991272,-0.488281,1.029797809849584
2.41,-0.418457,0.94043,-0.057129,0.663757,-2.01416,-0.572205,1.0309115230658739
2.42,-0.420166,0.94043,-0.054199,0.801086,-1.960754,-0.50354,1.0314482944176115
2.43,-0.418945,0.939453,-0.054443,1.060486,-1.88446,-0.358582,1.0300732461737856
2.44,-0.41748,0.939941,-0.055664,1.13678,-1.815796,-0.350952,1.0299888906085346
2.45,-0.416992,0.941162,-0.055664,1.106262,-1.800537,-0.328064,1.0309057761037135
2.46,-0.416992,0.938232,-0.053467,1.121521,-1.831055,-0.434875,1.028114942006486
2.47,-0.417725,0.935791,-0.052002,1.12915,-1.808166,-0.396728,1.0261107051921834
2.48,-0.41748,0.937012,-0.055664,1.022339,-1.785278,-0.37384,1.0273166597695182
2.49,-0.419189,0.936279,-0.053955,1.022339,-1.76239,-0.37384,1.0272530971415954
2.5,-0.419434,0.9375,-0.052246,0.88501,-1.747131,-0.320435,1.028377739389569
2.51,-0.418701,0.935791,-0.052002,0.808716,-1.670837,-0.335693,1.0265084174452737
2.52,-0.416016,0.93457,-0.051025,0.686645,-1.609802,-0.259399,1.0242528729669251
2.53,-0.418457,0.936768,-0.051514,0.62561,-1.609802,-0.160217,1.0272751524635453
2.54,-0.416016,0.933105,-0.054199,0.419617,-1.571655,-0.190735,1.0230795594097264
2.55,-0.415771,0.933594,-0.054932,0.297546,-1.609802,-0.25177,1.0234650975490078
2.56,-0.415771,0.936279,-0.050781,0.137329,-1.899719,-0.205994,1.0257010286837973
2.57,-0.416748,0.940918,-0.046387,0.099182,-2.334595,-0.114441,1.0301249108710069
2.58,-0.419678,0.946289,-0.049072,0.289917,-2.655029,-0.1297,1.0363399810819807
2.59,-0.42041,0.945801,-0.05127,0.518799,-2.777099,-0.1297,1.0362975984730447
2.6,-0.42334,0.943848,-0.055176,0.701904,-2.662658,0.007629,1.035910321253727
2.61,-0.422363,0.943359,-0.05835,0.656128,-2.304077,0.068665,1.0352397930672874
2.62,-0.419922,0.9375,-0.056641,0.801086,-1.785278,0.007629,1.0288094765139948
2.63,-0.419922,0.937256,-0.054443,0.75531,-1.373291,-0.038147,1.0284684418439878
2.64,-0.420654,0.937012,-0.056885,0.75531,-0.946045,-0.114441,1.0286773931048547
2.65,-0.417969,0.93457,-0.054688,0.709534,-0.839233,-0.144958,1.0252365323207129
2.66,-0.415283,0.936768,-0.052246,0.617981,-0.900268,-0.244141,1.0260233430234422
2.67,-0.419922,0.9375,-0.052246,0.701904,-1.091003,-0.228882,1.0285768715074242
2.68,-0.418213,0.936523,-0.049805,0.579834,-1.335144,-0.389099,1.0268680445524634
2.69,-0.420898,0.936523,-0.054932,0.343323,-1.373291,-0.389099,1.0282256467123352
2.7,-0.422363,0.937256,-0.052002,0.282288,-1.25885,-0.350952,1.0293413045773496
2.71,-0.420898,0.9375,-0.049561,0.038147,-1.045227,-0.328064,1.0288428787356212
2.72,-0.419189,0.936279,-0.049072,-0.274658,-0.816345,-0.305176,1.0270082009146762
2.73,-0.417969,0.934814,-0.046875,-0.343323,-0.602722,-0.267029,1.0250719804881998
2.74,-0.418457,0.93457,-0.047363,-0.473022,-0.663757,-0.305176,1.0250710216945946
2.75,-0.417725,0.936768,-0.048828,-0.717163,-0.991821,-0.411987,1.0268459646086165
2.76,-0.419678,0.939697,-0.048096,-0.747681,-1.251221,-0.488281,1.0302782637273291
2.77,-0.419434,0.940918,-0.049072,-0.640869,-1.220703,-0.38147,1.0313387533996772
2.78,-0.420166,0.9375,-0.053467,-0.610352,-1.167297,-0.358582,1.028739246672839
2.79,-0.42041,0.936035,-0.053711,-0.587463,-0.816345,-0.442505,1.0275168907837962
2.8,-0.419922,0.9375,-0.056885,-0.587463,-0.488281,-0.419617,1.0288229387552554
2.81,-0.418701,0.941406,-0.056885,-0.62561,-0.320435,-0.442505,1.0318874393372564
2.82,-0.416992,0.942871,-0.053711,-0.579834,-0.404358,-0.518799,1.0323627861493265
2.83,-0.416992,0.944092,-0.054199,-0.556946,-0.572205,-0.62561,1.0335035385178901
2.84,-0.418701,0.943115,-0.05542,-0.411987,-0.572205,-0.549316,1.0333672178978779
2.85,-0.420166,0.940186,-0.053467,-0.213623,-0.335693,-0.350952,1.0311876173815315
2.86,-0.418213,0.943604,-0.054443,-0.190735,0.007629,-0.282288,1.0335640582150678
2.87,-0.418213,0.942139,-0.054688,0.038147,0.25177,-0.144958,1.0322396940798197
2.88,-0.416016,0.938965,-0.051758,0.160217,0.427246,0.007629,1.0283012564637857
2.89,-0.417236,0.938477,-0.052734,0.282288,0.404358,-0.099182,1.028399647015206
2.9,-0.415771,0.937744,-0.050537,0.244141,0.335693,-0.015259,1.0270264467607444
2.91,-0.414307,0.938965,-0.048828,0.144958,0.0,0.068665,1.0274676321218106
2.92,-0.414551,0.939941,-0.044678,0.1297,-0.572205,0.015259,1.0282692929218493
2.93,-0.415039,0.936035,-0.045654,-0.007629,-0.808716,-0.106812,1.0249405741124702
2.94,-0.41748,0.939453,-0.046387,-0.091553,-0.892639,-0.091553,1.029083691143728
2.95,-0.417725,0.939209,-0.048096,-0.160217,-0.999451,-0.068665,1.0290388459732702
2.96,-0.418701,0.940674,-0.048828,-0.259399,-0.991821,0.030518,1.030806613900493
2.97,-0.419922,0.940918,-0.047852,-0.541687,-0.968933,0.183105,1.0314799962733159
2.98,-0.421875,0.94043,-0.046631,-0.717163,-0.671387,0.183105,1.031775920772529
2.99,-0.420166,0.940186,-0.047852,-0.701904,-0.228882,0.190735,1.030911730487145
3.0,-0.418457,0.939941,-0.045898,-0.801086,0.12207,0.213623,1.0299038648019532
3.01,-0.417725,0.94043,-0.04541,-0.900268,0.289917,0.1297,1.0300314697255613
3.02,-0.41626,0.938721,-0.049561,-0.846863,0.183105,0.022888,1.0280689646915717
3.03,-0.419189,0.939209,-0.051025,-0.785828,-0.045776,-0.015259,1.0297749822300986
3.04,-0.420166,0.938232,-0.052246,-0.709534,-0.106812,-0.175476,1.029343673364732
3.05,-0.420654,0.939697,-0.05127,-0.495911,-0.144958,-0.343323,1.030829206233991
3.06,-0.421875,0.939453,-0.053467,-0.267029,-0.144958,-0.419617,1.031217326717797
3.07,-0.419189,0.939697,-0.051514,-0.244141,-0.053406,-0.38147,1.0302444184396244
3.08,-0.421875,0.939209,-0.049805,-0.106812,-0.015259,-0.305176,1.0308116216511143
3.09,-0.422607,0.940186,-0.052002,-0.183105,0.259399,-0.274658,1.032109780521917
3.1,-0.421875,0.942383,-0.052246,-0.114441,0.770569,-0.305176,1.0338248782216455
3.11,-0.420654,0.942383,-0.052002,0.0,1.068115,-0.328064,1.0333149154101087
3.12,-0.420654,0.941162,-0.053711,0.114441,1.228333,-0.450134,1.0322889951370207
3.13,-0.419434,0.940186,-0.05127,0.25177,1.228333,-0.526428,1.0307779624400202
3.14,-0.419922,0.939209,-0.052002,0.350952,1.182556,-0.62561,1.0301224392124462
3.15,-0.418945,0.939453,-0.053711,0.526428,1.106262,-0.640869,1.030034816768346
3.16,-0.416504,0.938477,-0.05249,0.610352,0.930786,-0.709534,1.028090395658378
3.17,-0.417236,0.9375,-0.051025,0.640869,0.75531,-0.694275,1.0274218609320127
3.18,-0.417725,0.938232,-0.054199,0.709534,0.839233,-0.648498,1.0284507732750265
3.19,-0.418701,0.939209,-0.054443,0.709534,0.991821,-0.541687,1.0297514813444066
3.2,-0.417969,0.939209,-0.054443,0.671387,1.190186,-0.541687,1.0294540644880663
3.21,-0.417236,0.937988,-0.053467,0.442505,1.487732,-0.518799,1.0279912878662933
3.22,-0.418701,0.936279,-0.053223,0.366211,1.556396,-0.411987,1.027015862083444
3.23,-0.417236,0.936035,-0.050781,0.38147,1.678467,-0.312805,1.0260731508435448
3.24,-0.416016,0.937744,-0.052002,0.213623,1.76239,-0.320435,1.0271987781320615
3.25,-0.414795,0.939209,-0.050049,0.267029,1.953125,-0.305176,1.0279461756857702
3.26,-0.418457,0.935547,-0.05249,0.289917,2.090454,-0.144958,1.026211308726424
3.27,-0.417969,0.936768,-0.05127,0.25177,2.166748,-0.106812,1.0270642548959632
3.28,-0.415771,0.939941,-0.05127,0.228882,2.006531,-0.083923,1.0290691040071118
3.29,-0.415527,0.940674,-0.052979,0.183105,1.716614,-0.015259,1.0297266804574892
3.3,-0.416992,0.941162,-0.056396,0.167847,1.64032,-0.083923,1.0309455597285435
3.31,-0.418701,0.941895,-0.053955,0.213623,1.533508,-0.106812,1.0321762739236937
3.32,-0.419678,0.940186,-0.05542,0.25177,1.586914,-0.068665,1.031092001074589
3.33,-0.414795,0.937256,-0.054932,0.480652,1.708984,-0.152588,1.026411820949564
3.34,-0.415527,0.933838,-0.056152,0.427246,1.701355,-0.167847,1.023654797808812
3.35,-0.41626,0.940186,-0.054932,0.267029,1.365662,-0.205994,1.0296793805937847
3.36,-0.417725,0.944092,-0.051514,0.427246,1.014709,-0.236511,1.033662213822775
3.37,-0.419922,0.945801,-0.053711,0.38147,0.602722,-0.1297,1.0362233780445218
3.38,-0.424072,0.949219,-0.053467,0.602722,0.473022,0.061035,1.0410151253627395
3.39,-0.426514,0.94751,-0.059082,0.610352,0.976562,0.236511,1.0407593742167303
3.4,-0.426025,0.943359,-0.058838,0.617981,1.976013,0.419617,1.0367668077972019
3.41,-0.425049,0.939697,-0.060303,0.50354,3.211975,0.427246,1.0331183649606661
3.42,-0.424316,0.939453,-0.062012,0.236511,4.40979,0.320435,1.0326962260069512
3.43,-0.420654,0.938721,-0.0625,-0.213623,5.249023,-0.015259,1.030559631247508
3.44,-0.414307,0.938232,-0.060791,-0.518799,5.714416,-0.267029,1.0274361886530958
3.45,-0.412354,0.938965,-0.061279,-0.694275,5.554199,-0.526428,1.0273491170882467
3.46,-0.414551,0.940186,-0.063477,-0.87738,5.012512,-0.801086,1.0294812167912535
3.47,-0.416016,0.938721,-0.062012,-0.984192,4.333496,-1.014709,1.0286456708901273
3.48,-0.414063,0.939209,-0.0625,-0.946045,4.005432,-0.999451,1.0283326133357824
3.49,-0.414063,0.9375,-0.06543,-1.029968,3.944397,-0.88501,1.0269544794532035
3.5,-0.412598,0.937256,-0.062744,-1.037598,3.791809,-0.839233,1.025974038987342
3.51,-0.410156,0.938477,-0.060547,-1.083374,3.669739,-0.740051,1.0259790266248137
3.52,-0.410645,0.938721,-0.05957,-1.113892,3.326416,-0.556946,1.0263405949128195
3.53,-0.412109,0.939697,-0.055664,-1.045227,2.830505,-0.488281,1.0276004868556652
3.54,-0.413086,0.940186,-0.056641,-0.976562,2.212524,-0.610352,1.0284930533907364
3.55,-0.413574,0.94043,-0.058594,-0.823975,1.869202,-0.480652,1.0290215232015314
3.56,-0.414307,0.938721,-0.057373,-0.740051,1.853943,-0.663757,1.0276862688675956
3.57,-0.414551,0.934326,-0.054688,-0.63324,1.953125,-0.732422,1.0236251184984668
3.58,-0.415527,0.936523,-0.052002,-0.63324,2.174377,-0.801086,1.0258860683633442
3.59,-0.414063,0.94043,-0.054199,-0.770569,2.365112,-0.770569,1.0289773002695444
3.6,-0.416016,0.939453,-0.053223,-0.679016,2.677917,-0.778198,1.0288216265193884
3.61,-0.417236,0.938965,-0.053467,-0.770569,2.983093,-0.724792,1.028882826666866
3.62,-0.41626,0.940674,-0.052734,-0.823975,3.326416,-0.579834,1.030010114820238
3.63,-0.415283,0.940674,-0.052002,-0.984192,3.356933,-0.564575,1.0295784342967758
3.64,-0.412598,0.940674,-0.053223,-0.976562,3.471374,-0.343323,1.028560825429882
3.65,-0.412109,0.941406,-0.05835,-1.060486,3.532409,-0.366211,1.0293122981957419
3.66,-0.412598,0.937256,-0.056152,-1.190186,3.707886,-0.473022,1.0255920076931178
3.67,-0.4104,0.935303,-0.050293,-1.182556,3.868103,-0.335693,1.022618818357065
3.68,-0.406494,0.940674,-0.055664,-1.579285,3.364563,-0.63324,1.0262569986158439
3.69,-0.409424,0.939941,-0.055664,-1.411438,2.586365,-0.793457,1.0267500066486486
3.7,-0.411377,0.937012,-0.05542,-1.327515,2.26593,-0.572205,1.0248384754062467
3.71,-0.410156,0.94165,-0.057129,-1.335144,1.976013,-0.526428,1.0286867304855254
3.72,-0.40918,0.944336,-0.055664,-1.121521,1.914978,-0.480652,1.0306780458474896
3.73,-0.407227,0.945801,-0.055908,-1.182556,1.731872,-0.427246,1.0312609105333141
3.74,-0.409424,0.945313,-0.059814,-1.167297,1.38092,-0.289917,1.0319023182167002
3.75,-0.410645,0.943848,-0.061035,-0.930786,1.159668,-0.205994,1.0311176627107113
3.76,-0.409424,0.942139,-0.05957,-0.656128,1.182556,-0.144958,1.0289812884581526
3.77,-0.406494,0.946045,-0.062256,-0.839233,0.488281,-0.350952,1.0315591711564587
3.78,-0.412598,0.946045,-0.062256,-0.404358,-0.427246,-0.289917,1.0339797199002503
3.79,-0.413818,0.940674,-0.060303,0.091553,-0.289917,-0.144958,1.0294412869168401
3.8,-0.412354,0.943115,-0.057373,-0.244141,-0.389099,-0.541687,1.0309187095353347
3.81,-0.415039,0.945313,-0.059082,-0.160217,-1.060486,-0.717163,1.0341009245784474
3.82,-0.415771,0.94165,-0.062012,0.236511,-0.846863,-0.549316,1.031220507498275
3.83,-0.412842,0.94043,-0.062744,0.068665,-0.595093,-0.747681,1.0289722597815745
3.84,-0.414307,0.942627,-0.064941,0.38147,-0.823975,-0.846863,1.031704068451317
3.85,-0.412598,0.937256,-0.062988,0.587463,-0.663757,-0.656128,1.0259889898454075
3.86,-0.410645,0.94043,-0.064453,0.396728,-1.037598,-0.900268,1.0281984682608702
3.87,-0.412598,0.937012,-0.061523,0.88501,-1.403808,-1.00708,1.0256771798558257
3.88,-0.41333,0.933594,-0.05957,1.060486,-1.266479,-0.999451,1.0227355624187515
3.89,-0.413818,0.938477,-0.061523,1.083374,-1.335144,-1.014709,1.0275064458104386
3.9,-0.412842,0.940186,-0.061279,1.304626,-1.396179,-0.984192,1.028660948710021
3.91,-0.415283,0.93457,-0.060791,1.289368,-1.548767,-1.068115,1.0244884580462583
3.92,-0.413086,0.9375,-0.0625,1.373291,-1.457214,-1.152039,1.0263783626889258
3.93,-0.41333,0.942383,-0.062256,1.373291,-1.373291,-1.060486,1.0309234778221903
3.94,-0.41626,0.942139,-0.061035,1.419067,-1.457214,-1.052856,1.031805967295208
3.95,-0.416992,0.942627,-0.059082,1.350403,-1.38092,-1.045227,1.0324333740813496
3.96,-0.419434,0.941895,-0.05957,1.434326,-1.205444,-1.037598,1.0327824825591303
3.97,-0.419922,0.939209,-0.057129,1.480102,-0.968933,-0.961304,1.0303939801871904
3.98,-0.41748,0.938965,-0.052979,1.373291,-0.701904,-1.113892,1.028956556938144
3.99,-0.418701,0.940186,-0.053955,1.403808,-0.473022,-1.243591,1.0306169919140669
4.0,-0.419434,0.94165,-0.060059,1.182556,-0.465393,-1.358032,1.0325873746744147
4.01,-0.419922,0.941406,-0.058838,0.991821,-0.511169,-1.472473,1.0324929312900888
4.02,-0.418457,0.938232,-0.056641,1.167297,-0.244141,-1.548767,1.028879851855405
4.03,-0.415527,0.936035,-0.059814,1.098633,-0.076294,-1.701355,1.025866425783591
4.04,-0.412842,0.93335,-0.05249,1.251221,-0.061035,-1.800537,1.0219275608202374
4.05,-0.413086,0.935791,-0.051514,1.12915,-0.144958,-1.991272,1.024206293318392
4.06,-0.41333,0.940918,-0.05127,0.999451,-0.480652,-1.991272,1.0289786122772426
4.07,-0.413086,0.946289,-0.053467,1.098633,-0.915527,-1.770019,1.0339060087870657
4.08,-0.419678,0.945557,-0.056152,1.152039,-0.778198,-1.411438,1.0360312307247306
4.09,-0.421875,0.944824,-0.058838,1.228333,-0.312805,-0.984192,1.0364037904431844
4.1,-0.418213,0.945068,-0.058838,1.213074,0.045776,-0.984192,1.0351413180030058
4.11,-0.413574,0.942383,-0.0625,1.289368,-0.518799,-1.12915,1.031036091591851
4.12,-0.411621,0.9375,-0.059326,1.289368,-1.457214,-1.228333,1.0256011271040022
4.13,-0.415039,0.935059,-0.061035,1.190186,-2.059937,-1.487732,1.0248502213626145
4.14,-0.416748,0.930908,-0.059814,1.289368,-2.075195,-1.76239,1.0216879731914241
4.15,-0.417969,0.933105,-0.059814,1.235962,-1.998901,-1.998901,1.0241878443830508
4.16,-0.420898,0.936768,-0.061523,1.411438,-1.579285,-2.02179,1.028821895061045
4.17,-0.419922,0.935547,-0.065674,1.63269,-0.709534,-1.937866,1.0275678807597093
4.18,-0.419678,0.935059,-0.067383,1.579285,0.152588,-1.823425,1.0271345704697121
4.19,-0.416748,0.937988,-0.067627,1.831055,0.25177,-1.89209,1.0286271407934948
4.2,-0.414551,0.936279,-0.070313,1.983642,-0.053406,-1.899719,1.0263599833445378
4.21,-0.415283,0.937988,-0.066895,2.326965,-0.701904,-1.89209,1.0279865754269362
4.22,-0.416016,0.937012,-0.062988,2.685547,-1.045227,-1.899719,1.027145699764157
4.23,-0.416504,0.943604,-0.062256,2.784729,-1.281738,-2.059937,1.0333150053918698
4.24,-0.420898,0.944824,-0.0625,2.960205,-1.243591,-2.128601,1.0362209066507007
4.25,-0.418457,0.937988,-0.064453,3.067016,-1.159668,-2.319336,1.0291170672970107
4.26,-0.41626,0.936523,-0.062256,3.250122,-0.869751,-2.609253,1.026753878329661
4.27,-0.411377,0.935303,-0.063477,3.112793,-0.671387,-2.746582,1.0237441416032622
4.28,-0.410156,0.934082,-0.062256,2.975464,-0.88501,-2.761841,1.022063078579791
4.29,-0.40918,0.932129,-0.0625,2.937317,-0.961304,-2.822876,1.0199014633978127
4.3,-0.403564,0.924805,-0.060547,2.845764,-0.701904,-2.655029,1.0108383299667658
4.31,-0.39917,0.919922,-0.062012,2.555847,-0.610352,-2.449036,1.0047082477654894
4.32,-0.394775,0.915283,-0.060059,2.365112,-0.862122,-2.418518,0.9985976938662535
4.33,-0.393555,0.911621,-0.056885,2.067566,-0.778198,-2.090454,0.9945724151066125
4.34,-0.390869,0.911377,-0.055908,1.770019,-0.793457,-1.63269,0.9932332635156759
4.35,-0.386719,0.909668,-0.058105,1.525879,-0.976562,-1.335144,0.9901634441898973
4.36,-0.390137,0.909912,-0.059326,1.304626,-1.358032,-1.106262,0.9917995265117846
4.37,-0.388672,0.9104,-0.056885,1.25885,-1.88446,-0.900268,0.9915291154620726
4.38,-0.385742,0.913818,-0.053711,1.235962,-2.548218,-0.63324,0.9933504412889743
4.39,-0.386475,0.917969,-0.049072,1.174927,-3.326416,-0.175476,0.997215158213111
4.4,-0.390381,0.924072,-0.04541,1.167297,-4.074097,0.37384,1.0041755097815321
4.41,-0.393555,0.928467,-0.043213,1.152039,-4.79126,1.121521,1.00935814827196
4.42,-0.397461,0.934082,-0.040771,0.938415,-4.859924,1.846313,1.015946211020052
4.43,-0.404297,0.939453,-0.038086,0.724792,-4.554749,2.868652,1.0234639939020815
4.44,-0.408936,0.945068,-0.037598,0.297546,-4.03595,3.593445,1.0304347559763307
4.45,-0.411133,0.947998,-0.036133,-0.099182,-3.356933,3.997802,1.0339420415971101
4.46,-0.408691,0.950928,-0.033203,-0.617981,-3.089905,4.234314,1.0355649829315396
4.47,-0.412842,0.952881,-0.033936,-1.098633,-3.242492,4.501343,1.0390247202165115
4.48,-0.418213,0.951416,-0.031738,-1.686096,-3.250122,4.53186,1.0397604623513053
4.49,-0.415527,0.948486,-0.034912,-2.166748,-3.013611,4.02832,1.0361019388404793
4.5,-0.415771,0.944336,-0.03833,-2.586365,-3.158569,3.875732,1.032523701537645
4.51,-0.419189,0.942871,-0.043457,-3.227234,-3.570556,3.448486,1.0327698926726128
4.52,-0.419189,0.94458,-0.047852,-3.585815,-4.508972,2.624511,1.034524339020112
4.53,-0.424561,0.946777,-0.052246,-3.471374,-5.317688,2.464294,1.0389265493604445
4.54,-0.424316,0.946777,-0.060547,-3.417969,-6.370544,2.059937,1.039277005804516
4.55,-0.42041,0.948975,-0.06958,-2.952575,-8.773804,1.403808,1.0402593403209606
4.56,-0.420166,0.947754,-0.078857,-2.197266,-12.443542,0.984192,1.0397093529063783
4.57,-0.427734,0.943848,-0.085938,-1.312256,-16.517639,0.572205,1.0398032322050168
4.58,-0.442139,0.944092,-0.094971,-0.663757,-18.936157,-0.114441,1.0468123473794144
4.59,-0.455078,0.942871,-0.103271,-0.045776,-18.791199,-0.946045,1.0520297563120542
4.6,-0.461182,0.945068,-0.114258,0.518799,-16.88385,-1.922607,1.057779396808238
4.61,-0.457031,0.945068,-0.120605,1.197815,-14.35089,-2.883911,1.0566817996019426
4.62,-0.452881,0.944824,-0.123291,1.731872,-11.405944,-3.387451,1.0549854320406515
4.63,-0.447754,0.946289,-0.118896,2.27356,-8.102417,-3.471374,1.0536046577597311
4.64,-0.443848,0.942871,-0.112549,2.571106,-4.653931,-3.486633,1.0481765343423788
4.65,-0.437744,0.938477,-0.102051,2.723694,-1.518249,-3.356933,1.040563931561151
4.66,-0.428955,0.933105,-0.093994,2.922058,1.068115,-3.005981,1.0312721295012293
4.67,-0.419678,0.92749,-0.084961,3.051758,2.716064,-2.853393,1.0215604217592809
4.68,-0.410156,0.922852,-0.075195,3.166198,3.280639,-2.830505,1.012688523814208
4.69,-0.408447,0.920898,-0.065674,3.334045,3.334045,-2.555847,1.0095519563098276
4.7,-0.412354,0.923096,-0.047852,3.410339,3.341675,-2.14386,1.0121422135431364
4.71,-0.419189,0.935547,-0.040039,3.463745,3.807068,-1.785278,1.0259486967928757
4.72,-0.418213,0.947266,-0.037598,3.570556,4.516602,-1.235962,1.0361605077057319
4.73,-0.409668,0.943359,-0.036133,3.669739,5.043029,-0.518799,1.0291062466013896
4.74,-0.4104,0.939941,-0.034668,3.494262,4.516602,0.0,1.0262159196314389
4.75,-0.410889,0.936279,-0.032959,3.082275,3.341675,-0.007629,1.0230026548562814
4.76,-0.410889,0.935303,-0.033936,2.479553,2.105713,-0.038147,1.0221414404210407
4.77,-0.406494,0.931152,-0.032471,1.953125,0.823975,0.061035,1.016531251354822
4.78,-0.404785,0.927979,-0.031738,1.647949,-0.823975,-0.213623,1.012918171082936
4.79,-0.407471,0.930176,-0.032715,1.251221,-2.822876,-0.671387,1.0160365534969693
4.8,-0.414795,0.931396,-0.035156,0.984192,-4.478455,-0.923157,1.0201908376264708
4.81,-0.417725,0.93457,-0.043213,0.831604,-5.493164,-1.083374,1.0245890024268267
4.82,-0.416992,0.935303,-0.049561,1.106262,-5.966186,-1.350403,1.0252464691936276
4.83,-0.408936,0.935059,-0.053223,1.770019,-6.561279,-1.434326,1.021957275675456
4.84,-0.405273,0.944824,-0.061523,1.747131,-8.239746,-1.342773,1.0299144017994892
4.85,-0.404785,0.951416,-0.06958,1.777649,-10.971068,-1.266479,1.036284071903549
4.86,-0.412109,0.951416,-0.076172,1.754761,-13.793944,-1.228333,1.0396289754143062
4.87,-0.421631,0.950684,-0.073975,1.983642,-15.968322,-1.167297,1.0426145350233709
4.88,-0.43457,0.951416,-0.076172,2.258301,-16.845703,-1.00708,1.0487352685687652
4.89,-0.44458,0.947998,-0.074707,2.502441,-15.998839,-0.862122,1.0497298320296513
4.9,-0.44873,0.944824,-0.075684,2.754211,-13.748168,-0.823975,1.048703519462007
4.91,-0.450195,0.939209,-0.075928,2.922058,-10.734557,-0.831604,1.044296004440312
4.92,-0.447754,0.936035,-0.07666,2.853393,-7.797241,-1.091003,1.0404431370050935
4.93,-0.445068,0.935547,-0.074707,2.708435,-5.310058,-1.251221,1.038708260139487
4.94,-0.441895,0.930176,-0.074463,2.502441,-3.295898,-1.449585,1.032493738658981
4.95,-0.438232,0.927734,-0.069336,2.128601,-1.487732,-1.594543,1.0283701383626422
4.96,-0.430664,0.929443,-0.058838,1.922607,-0.213623,-1.63269,1.0260592972089868
4.97,-0.42749,0.927979,-0.055176,1.419067,0.083923,-1.625061,1.023199450506596
4.98,-0.431885,0.925537,-0.052734,0.999451,0.137329,-1.625061,1.0227043885453901
4.99,-0.435791,0.928467,-0.048584,0.617981,0.610352,-1.823425,1.0268033749584193
5.0,-0.429443,0.925049,-0.043945,0.350952,1.571655,-1.930237,1.0208173713622823
5.01,-0.423584,0.925293,-0.040527,0.076294,2.120972,-1.785278,1.0184463553049814
5.02,-0.421631,0.928223,-0.040283,-0.091553,1.724243,-1.617432,1.0202908202953704
5.03,-0.423096,0.927002,-0.04248,-0.160217,1.312256,-1.678467,1.019876209949031
5.04,-0.419678,0.927002,-0.045654,-0.205994,0.152588,-2.120972,1.0186003236814722
5.05,-0.414551,0.931641,-0.046631,-0.320435,-1.518249,-2.449036,1.020775163609989
5.06,-0.416504,0.933105,-0.05249,-0.175476,-3.105163,-2.349854,1.0231889967845629
5.07,-0.416504,0.935547,-0.056396,-0.152588,-4.364014,-2.26593,1.0256238491966732
5.08,-0.41748,0.936523,-0.058594,0.015259,-5.462646,-2.288818,1.0270336590224296
5.09,-0.418701,0.934814,-0.060059,0.183105,-6.263732,-2.166748,1.026057905518982
5.1,-0.423828,0.941162,-0.062744,0.244141,-6.774902,-1.861572,1.034095205174069
5.11,-0.424316,0.944092,-0.066406,0.556946,-7.118225,-1.808166,1.0371902087640434
5.12,-0.425049,0.942139,-0.071533,0.930786,-7.316589,-1.716614,1.0360547851397628
5.13,-0.42749,0.943115,-0.073242,1.113892,-7.43103,-1.602173,1.0380645422559236
5.14,-0.431396,0.945068,-0.073242,1.434326,-7.141113,-1.541138,1.0414511145531509
5.15,-0.434082,0.94165,-0.070313,1.739502,-6.576538,-1.533508,1.0392669643517973
5.16,-0.434082,0.944092,-0.075439,1.968384,-6.088256,-1.502991,1.0418387254796204
5.17,-0.430664,0.943359,-0.080566,2.120972,-5.577087,-1.38092,1.0401387235042256
5.18,-0.429443,0.943115,-0.077148,2.235413,-5.020141,-1.274109,1.0391530240431386
5.19,-0.435791,0.947998,-0.069336,2.197266,-3.77655,-0.907898,1.0456679609613178
5.2,-0.4375,0.94751,-0.066406,1.998901,-2.326965,-0.610352,1.0457491128066998
5.21,-0.435059,0.945068,-0.062256,2.01416,-0.854492,-0.320435,1.0422598848852431
5.22,-0.432617,0.941162,-0.05957,2.334595,0.297546,-0.282288,1.0375413070490256
5.23,-0.431885,0.937744,-0.053223,2.235413,1.434326,-0.328064,1.033789703223049
5.24,-0.428955,0.935547,-0.053467,1.89209,2.456665,-0.312805,1.0305868722834577
5.25,-0.428223,0.927979,-0.051514,1.525879,3.387451,-0.198364,1.0233150318284199
5.26,-0.424316,0.922119,-0.050537,1.060486,3.753662,-0.190735,1.0163176208184133
5.27,-0.421387,0.921387,-0.046631,0.617981,3.684997,-0.259399,1.0142462510155015
5.28,-0.417969,0.92041,-0.040771,0.091553,3.501892,-0.106812,1.0116891456875476
5.29,-0.414307,0.922363,-0.04126,-0.50354,3.089905,0.076294,1.0119813148561587
5.3,-0.411865,0.921875,-0.046631,-1.274109,2.204895,0.007629,1.0107723502406465
5.31,-0.411865,0.922119,-0.046875,-1.876831,1.13678,0.038147,1.0110061790172205
5.32,-0.4104,0.920654,-0.049072,-2.380371,0.015259,-0.045776,1.0091778876392408
5.33,-0.40625,0.920166,-0.052979,-2.845764,-1.12915,-0.198364,1.0072493755257435
5.34,-0.405762,0.923096,-0.05542,-3.089905,-2.731323,-0.267029,1.0098615757914549
5.35,-0.408447,0.929443,-0.055908,-3.044128,-4.432678,-0.312805,1.0167688756654583
5.36,-0.410645,0.934326,-0.060791,-2.861023,-6.118774,-0.259399,1.0223942175022314
5.37,-0.415771,0.9375,-0.065674,-2.479553,-7.469177,-0.198364,1.0276598896118307
5.38,-0.419678,0.938232,-0.070557,-1.983642,-8.392334,-0.053406,1.0302364775899755
5.39,-0.422607,0.934326,-0.073975,-1.518249,-8.666992,0.061035,1.0281216131129622
5.4,-0.425781,0.936279,-0.072998,-1.541138,-8.239746,0.015259,1.031133615883994
5.41,-0.428711,0.936523,-0.072754,-1.281738,-7.598876,0.061035,1.032551013541704
5.42,-0.430664,0.936035,-0.071777,-1.060486,-7.04956,-0.083923,1.0328528161601729
5.43,-0.431641,0.937744,-0.071533,-0.770569,-6.179809,-0.198364,1.0347921204309587
5.44,-0.430176,0.935059,-0.070801,-0.305176,-5.226135,-0.1297,1.0316973907391642
5.45,-0.429199,0.932861,-0.068604,0.068665,-4.547119,-0.061035,1.029149131923066
5.46,-0.428711,0.93335,-0.067139,0.450134,-4.013062,-0.038147,1.0292924702639188
5.47,-0.425537,0.930664,-0.066895,0.724792,-3.929138,-0.114441,1.0255204338724804
5.48,-0.425781,0.931885,-0.071045,0.823975,-4.447937,-0.396728,1.0270085224626913
5.49,-0.425781,0.928711,-0.075195,0.610352,-5.081176,-0.526428,1.0244256290756297
5.5,-0.430176,0.927979,-0.071533,0.396728,-5.355834,-0.579834,1.0253357428208576
5.51,-0.43335,0.932129,-0.062256,0.442505,-4.318237,-0.747681,1.0298215887604028
5.52,-0.42749,0.931641,-0.055664,0.709534,-3.288269,-0.831604,1.0265481644214265
5.53,-0.425781,0.936279,-0.05127,1.319885,-2.914428,-0.648498,1.0298234988103543
5.54,-0.425537,0.938965,-0.050537,2.26593,-3.417969,-0.732422,1.0321293513717165
5.55,-0.426514,0.939941,-0.050049,3.135681,-4.142761,-0.747681,1.033396428326516
5.56,-0.429199,0.940674,-0.047119,3.707886,-4.310608,-0.610352,1.035036016782991
5.57,-0.430176,0.938965,-0.04126,3.814697,-4.318237,-0.526428,1.0336387424051985
5.58,-0.43042,0.942139,-0.03833,3.959656,-4.722595,-0.366211,1.0365116789602518
5.59,-0.428711,0.946533,-0.036133,3.707886,-5.722045,-0.427246,1.0397227684815795
5.6,-0.436768,0.943359,-0.035645,3.265381,-6.393432,-0.350952,1.040174530898541
5.61,-0.437012,0.940186,-0.034912,2.731323,-6.324768,-0.25177,1.037375559035396
5.62,-0.436523,0.938477,-0.042236,1.777649,-5.950927,-0.244141,1.0358934736516106
5.63,-0.439453,0.937744,-0.04541,1.182556,-5.805969,-0.38147,1.0366025356157489
5.64,-0.442627,0.931152,-0.044922,0.862122,-5.40924,-0.549316,1.0319790183511484
5.65,-0.441406,0.93042,-0.046631,0.526428,-4.684448,-0.549316,1.030871031408391
5.66,-0.440186,0.929443,-0.047119,0.144958,-4.089355,-0.610352,1.0294892932935242
5.67,-0.437988,0.929932,-0.048584,-0.183105,-3.52478,-0.740051,1.0290614256807025
5.68,-0.436523,0.926514,-0.053467,-0.106812,-2.906799,-0.946045,1.0255921420399046
5.69,-0.43335,0.927734,-0.057373,-0.144958,-2.601623,-1.182556,1.025560460618973
5.7,-0.43335,0.930664,-0.057617,-0.12207,-2.456665,-1.51062,1.028225375141559
5.71,-0.433838,0.931641,-0.056152,0.12207,-2.281189,-1.701355,1.0292343806096842
5.72,-0.428711,0.932861,-0.055908,0.152588,-2.189636,-1.831055,1.0281772567539122
5.73,-0.425781,0.933838,-0.056152,0.343323,-2.502441,-1.953125,1.0278598724091723
5.74,-0.424805,0.933838,-0.056152,0.534058,-2.845764,-1.846313,1.0274559578750808
5.75,-0.425049,0.93457,-0.053223,0.556946,-2.876281,-1.670837,1.0280663524452105
5.76,-0.423828,0.932861,-0.05127,0.663757,-2.937317,-1.502991,1.0259085884254016
5.77,-0.424072,0.931641,-0.051025,0.900268,-3.051758,-1.449585,1.0248880742256687
5.78,-0.421387,0.931396,-0.054932,1.098633,-3.234863,-1.266479,1.0237592672151985
5.79,-0.422852,0.928955,-0.05127,1.197815,-3.326416,-1.091003,1.0219539220674285
5.8,-0.42627,0.931885,-0.050537,1.327515,-3.158569,-0.953674,1.0259969563765772
5.81,-0.426514,0.934814,-0.049805,1.708984,-2.952575,-0.740051,1.0287234540035528
5.82,-0.425049,0.939209,-0.047607,1.846313,-2.922058,-0.465393,1.0320109614393638
5.83,-0.426758,0.943359,-0.047852,1.777649,-3.196716,-0.335693,1.0365029702557538
5.84,-0.427734,0.943848,-0.049072,2.01416,-3.868103,-0.061035,1.0374070961025859
5.85,-0.430908,0.944336,-0.047119,2.075195,-4.562378,-0.076294,1.0390728489961616
5.86,-0.432617,0.942627,-0.049072,2.39563,-5.050659,-0.045776,1.0383213332114485
5.87,-0.433105,0.941162,-0.051758,2.510071,-5.500793,-0.068665,1.0373257645662717
5.88,-0.434326,0.939209,-0.050293,2.5177,-5.714416,-0.335693,1.0359932460233512
5.89,-0.436279,0.936523,-0.05127,2.5177,-5.584716,-0.541687,1.0344289769094832
5.9,-0.438721,0.933105,-0.049561,2.494812,-5.195617,-0.747681,1.0322874355464178
5.91,-0.437988,0.931885,-0.04834,2.479553,-4.78363,-1.068115,1.0308151613984924
5.92,-0.436035,0.928711,-0.046631,2.532959,-4.402161,-1.037598,1.0270370455377935
5.93,-0.435791,0.929688,-0.044434,2.624511,-4.074097,-1.098633,1.0277197834920762
5.94,-0.435791,0.930176,-0.044189,2.655029,-3.807068,-1.098633,1.0281506963368745
5.95,-0.43457,0.928955,-0.041748,2.685547,-3.768921,-0.976562,1.0264265061021174
5.96,-0.432861,0.929932,-0.044922,2.586365,-3.883362,-0.831604,1.0267230181645874
5.97,-0.432617,0.927979,-0.047119,2.39563,-4.188538,-0.564575,1.0249500930733164
5.98,-0.431885,0.924561,-0.047607,2.349854,-4.638672,-0.495911,1.0215694408090914
5.99,-0.433594,0.925049,-0.046387,2.258301,-5.310058,-0.62561,1.0226784260000794
6.0,-0.435547,0.927002,-0.046387,2.250671,-5.958557,-0.740051,1.025273451807858
6.01,-0.435791,0.93335,-0.043701,2.258301,-6.41632,-0.732422,1.0310023256918484
6.02,-0.438232,0.936035,-0.039551,2.182007,-6.790161,-0.793457,1.0342983557223708
6.03,-0.440918,0.938721,-0.040039,2.151489,-7.064819,-0.564575,1.037886756869939
6.04,-0.442139,0.935059,-0.043945,2.174377,-6.874084,-0.419617,1.0352552302823685
6.05,-0.443359,0.931641,-0.049072,2.029419,-6.210327,-0.267029,1.0329231418387335
6.06,-0.447754,0.931885,-0.049805,1.846313,-5.332946,-0.183105,1.0350718988389163
6.07,-0.44458,0.931152,-0.050537,1.770019,-4.310608,-0.244141,1.0330776407768198
6.08,-0.444824,0.93042,-0.049561,1.518249,-3.364563,-0.289917,1.0324756946761506
6.09,-0.445068,0.932129,-0.047119,1.457214,-2.670288,-0.289917,1.0340068652702457
6.1,-0.439941,0.929932,-0.049072,1.525879,-2.13623,-0.358582,1.0299173118697442
6.11,-0.438721,0.928711,-0.048096,1.63269,-2.029419,-0.465393,1.0282477632253815
6.12,-0.437744,0.927979,-0.05127,1.693725,-1.846313,-0.442505,1.02732343829828
6.13,-0.438721,0.927246,-0.052734,1.564026,-1.792908,-0.473022,1.0271524400560026
6.14,-0.437988,0.928467,-0.050537,1.213074,-1.922607,-0.564575,1.0278319155396956
6.15,-0.437256,0.927734,-0.051514,1.220703,-1.968384,-0.671387,1.0269064594635677
6.16,-0.436768,0.928467,-0.051514,1.228333,-2.128601,-0.740051,1.0273611575823762
6.17,-0.438477,0.931152,-0.045654,1.098633,-2.288818,-0.679016,1.0302380377121592
6.18,-0.439209,0.933105,-0.047363,1.068115,-2.27356,-0.62561,1.0323917572680439
6.19,-0.439941,0.931152,-0.046387,0.808716,-2.090454,-0.488281,1.0308947009049954
6.2,-0.437256,0.927979,-0.047363,0.762939,-1.739502,-0.411987,1.02692798566696
6.21,-0.4375,0.929443,-0.048584,0.793457,-1.083374,-0.358582,1.0284118558753588
6.22,-0.438721,0.925293,-0.050537,0.564575,-0.602722,-0.328064,1.0252791034928002
6.23,-0.438232,0.924805,-0.052246,0.244141,-0.091553,-0.282288,1.0247151889012869
6.24,-0.4375,0.929199,-0.050293,0.030518,0.190735,-0.434875,1.0282735129575205
6.25,-0.436279,0.928711,-0.04834,-0.190735,0.213623,-0.488281,1.0272196663625555
6.26,-0.435547,0.931152,-0.046631,-0.457764,0.152588,-0.587463,1.0290382337279795
6.27,-0.434814,0.929199,-0.044189,-0.663757,0.305176,-0.564575,1.0268527956421019
6.28,-0.43335,0.927979,-0.047363,-0.823975,0.686645,-0.419617,1.0252709401470423
6.29,-0.4375,0.927734,-0.046631,-1.068115,1.159668,-0.137329,1.026777032717912
6.3,-0.437256,0.927002,-0.044434,-1.220703,1.930237,-0.030518,1.0259141766717135
6.31,-0.435303,0.927979,-0.045898,-1.502991,2.777099,0.045776,1.026031360463217
6.32,-0.433594,0.928955,-0.048828,-1.800537,3.234863,0.038147,1.0263261286964296
6.33,-0.431396,0.92749,-0.050293,-2.02179,3.39508,0.022888,1.0241433467854977
6.34,-0.429688,0.928467,-0.049072,-2.288818,3.372192,0.076294,1.0242513405492815
6.35,-0.431641,0.931641,-0.049072,-2.204895,3.40271,0.183105,1.0279479398033735
6.36,-0.429688,0.934082,-0.050293,-2.182007,3.295898,0.099182,1.0294029074745223
6.37,-0.429443,0.935791,-0.051514,-2.204895,3.166198,0.076294,1.0309121097969507
6.38,-0.428955,0.934814,-0.053955,-2.090454,2.937317,0.068665,1.0299469639966905
6.39,-0.431152,0.9375,-0.055664,-2.059937,2.662658,-0.007629,1.033390912481816
6.4,-0.431885,0.935547,-0.054199,-1.914978,2.494812,0.076294,1.0318480382473962
6.41,-0.430664,0.939209,-0.053711,-1.724243,2.487183,0.099182,1.0346351521662116
6.42,-0.429199,0.938721,-0.054443,-1.525879,2.624511,0.099182,1.0336212738188975
6.43,-0.429932,0.938721,-0.05542,-1.342773,2.830505,0.106812,1.033977764202403
6.44,-0.431396,0.939209,-0.054932,-1.235962,3.189087,0.114441,1.0350041444946005
6.45,-0.430908,0.940186,-0.052246,-1.075745,3.578186,0.045776,1.0355486775502154
6.46,-0.426025,0.941162,-0.05249,-0.801086,3.707886,0.076294,1.0344266097548922
6.47,-0.423584,0.939453,-0.052979,-0.701904,3.372192,0.053406,1.031892493773455
6.48,-0.423096,0.939697,-0.049561,-0.518799,2.937317,-0.137329,1.031744624287425
6.49,-0.425049,0.936768,-0.050293,-0.297546,2.532959,-0.282288,1.029917629752011
6.5,-0.422363,0.935791,-0.046631,-0.289917,2.27356,-0.350952,1.0277498477796043
6.51,-0.422607,0.936035,-0.047363,-0.38147,2.128601,-0.289917,1.028105758880379
6.52,-0.421631,0.937256,-0.04834,-0.411987,1.800537,-0.404358,1.0288626075900513
6.53,-0.420654,0.93457,-0.044678,-0.289917,1.327515,-0.411987,1.0258494023490972
6.54,-0.418701,0.933838,-0.044678,-0.144958,0.892639,-0.366211,1.0243827709059734
6.55,-0.418213,0.935303,-0.046875,0.045776,0.190735,-0.37384,1.0256174144401995
6.56,-0.418701,0.933105,-0.048096,0.190735,-0.778198,-0.358582,1.0238694709981346
6.57,-0.419922,0.934082,-0.048584,0.465393,-1.487732,-0.320435,1.0252824361433293
6.58,-0.420166,0.935547,-0.046875,0.610352,-2.120972,-0.320435,1.0266376782438875
6.59,-0.423096,0.935791,-0.045654,0.595093,-2.731323,-0.358582,1.0280074457964787
6.6,-0.425049,0.935791,-0.046143,0.679016,-3.044128,-0.350952,1.0288345953218136
6.61,-0.425781,0.937988,-0.048584,0.785828,-3.15094,-0.442505,1.0312474742567859
6.62,-0.426514,0.937256,-0.049805,1.052856,-3.219604,-0.640869,1.0309430341958763
6.63,-0.42627,0.93457,-0.049561,1.068115,-3.14331,-0.427246,1.0283887837393988
6.64,-0.429443,0.937744,-0.050293,1.289368,-3.036499,-0.473022,1.0326250460036306
6.65,-0.430176,0.938232,-0.050293,1.434326,-2.754211,-0.617981,1.0333731478265729
6.66,-0.429688,0.936035,-0.055908,1.502991,-2.632141,-0.640869,1.031464494315243
6.67,-0.429688,0.933838,-0.054688,1.487732,-2.349854,-0.541687,1.0294056367302444
6.68,-0.429199,0.931641,-0.054932,1.502991,-1.991272,-0.648498,1.0272216212220224
6.69,-0.425781,0.929932,-0.052979,1.342773,-2.02179,-0.617981,1.0241434269798348
6.7,-0.42749,0.934082,-0.046387,1.251221,-2.13623,-0.648498,1.0283037666920216
6.71,-0.427246,0.937988,-0.044678,1.312256,-2.14386,-0.640869,1.0316766723852973
6.72,-0.426514,0.938965,-0.045166,1.289368,-2.120972,-0.450134,1.032283600071705
6.73,-0.431152,0.938721,-0.047852,1.205444,-1.945495,-0.282288,1.0341078168397142
6.74,-0.432373,0.935791,-0.051025,1.014709,-1.235962,0.022888,1.0321117950275542
6.75,-0.429688,0.932373,-0.054199,0.663757,-0.236511,0.1297,1.0280509326263947
6.76,-0.428467,0.931396,-0.051514,0.617981,0.457764,0.160217,1.0265165225660033
6.77,-0.425537,0.933105,-0.050537,0.411987,0.747681,0.282288,1.0268011821978975
6.78,-0.424805,0.932861,-0.047852,0.350952,0.518799,0.053406,1.0261475270398501
6.79,-0.420654,0.934326,-0.049805,0.518799,-0.091553,-0.030518,1.0258632462550747
6.8,-0.424805,0.936279,-0.05127,0.717163,-1.068115,-0.160217,1.029420354746301
6.81,-0.426514,0.93457,-0.05249,0.938415,-1.998901,-0.389099,1.0286352498315425
6.82,-0.42749,0.932861,-0.056641,1.029968,-2.593994,-0.572205,1.0277088830510321
6.83,-0.431152,0.932861,-0.053711,1.167297,-2.777099,-0.587463,1.0290804458087812
6.84,-0.429199,0.934082,-0.055908,1.266479,-2.807617,-0.648498,1.0294885471869029
6.85,-0.428711,0.936279,-0.054932,1.106262,-2.799988,-0.640869,1.0312269449476192
6.86,-0.42749,0.935547,-0.053467,1.091003,-2.655029,-0.679016,1.0299779654914953
6.87,-0.427246,0.930908,-0.050781,1.121521,-2.571106,-0.686645,1.0255279415700969
6.88,-0.429688,0.93042,-0.05127,1.083374,-2.708435,-0.663757,1.0261295077347694
6.89,-0.430176,0.933838,-0.048584,1.098633,-2.693176,-0.617981,1.0293032625402485
6.9,-0.431885,0.933838,-0.050293,1.174927,-2.403259,-0.434875,1.0301006986299932
6.91,-0.432861,0.929443,-0.049805,1.182556,-2.037048,-0.434875,1.0265054669094558
6.92,-0.433594,0.929199,-0.051025,0.923157,-1.579285,-0.411987,1.0266538311729032
6.93,-0.43042,0.932861,-0.048828,0.663757,-1.12915,-0.465393,1.0285306000819812
6.94,-0.43042,0.93335,-0.049316,0.434875,-0.793457,-0.534058,1.028997408527349
6.95,-0.428223,0.936279,-0.046387,0.228882,-0.526428,-0.640869,1.0306042195425942
6.96,-0.431641,0.933105,-0.043213,0.099182,-0.541687,-0.62561,1.0290122726551905
6.97,-0.430176,0.933105,-0.044922,-0.007629,-0.312805,-0.686645,1.0284718363110388
6.98,-0.428711,0.933594,-0.046143,-0.228882,0.137329,-0.663757,1.0283579409942825
6.99,-0.427002,0.933105,-0.047363,-0.335693,0.427246,-0.480652,1.0272579533875608
7.0,-0.429443,0.931396,-0.047852,-0.434875,0.663757,-0.495911,1.0267471027322161
7.01,-0.427002,0.93335,-0.050293,-0.526428,0.656128,-0.450134,1.0276197333415704
7.02,-0.42334,0.930176,-0.049316,-0.663757,0.556946,-0.534058,1.0231696899498146
7.03,-0.422852,0.932129,-0.049561,-0.808716,0.213623,-0.465393,1.0247558632503646
7.04,-0.422852,0.932861,-0.050049,-0.793457,-0.205994,-0.434875,1.0254454454655304
7.05,-0.419922,0.932129,-0.05127,-0.801086,-0.679016,-0.38147,1.023634491224773
7.06,-0.421143,0.932373,-0.050293,-0.823975,-1.159668,-0.343323,1.024309632595047
7.07,-0.421387,0.934082,-0.050293,-0.747681,-1.541138,-0.297546,1.0259656779551645
7.08,-0.422607,0.936768,-0.049316,-0.732422,-1.88446,-0.259399,1.0288649231697036
7.09,-0.42334,0.935303,-0.050049,-0.75531,-2.128601,-0.152588,1.0278683572374432
7.1,-0.42334,0.936279,-0.051758,-0.686645,-2.372742,-0.045776,1.0288411014364658
7.11,-0.423584,0.937256,-0.048584,-0.62561,-2.532959,-0.053406,1.0296759779891924
7.12,-0.425293,0.939453,-0.048096,-0.732422,-2.807617,0.038147,1.032356188664552
7.13,-0.423828,0.94043,-0.045166,-0.88501,-3.051758,0.053406,1.032510884223503
7.14,-0.42627,0.939209,-0.047852,-1.029968,-3.326416,0.091553,1.0325257732788078
7.15,-0.427734,0.937012,-0.047852,-0.938415,-3.40271,0.236511,1.0311341701272438
7.16,-0.426514,0.935059,-0.045654,-0.839233,-3.14331,0.236511,1.0287535241217889
7.17,-0.425781,0.931641,-0.047363,-0.762939,-2.929687,0.205994,1.0254207266341948
7.18,-0.426025,0.933594,-0.046387,-0.686645,-2.830505,0.213623,1.0272520680096
7.19,-0.424072,0.936035,-0.049316,-0.709534,-2.922058,0.213623,1.0288005881923863
7.2,-0.424316,0.93457,-0.044922,-0.495911,-3.334045,0.213623,1.027367090596151
7.21,-0.428711,0.935303,-0.044678,-0.228882,-4.043579,0.205994,1.0298451082633737
7.22,-0.431641,0.934082,-0.046387,-0.045776,-4.432678,0.274658,1.0300363534235089
7.23,-0.431396,0.935059,-0.048096,0.190735,-4.737854,0.282288,1.0308981848431977
7.24,-0.431396,0.935059,-0.046631,0.297546,-4.966736,0.267029,1.0308308748082782
7.25,-0.432129,0.934326,-0.046387,0.434875,-4.867554,0.267029,1.030462178192873
7.26,-0.433838,0.935059,-0.045654,0.457764,-4.676819,0.213623,1.0318115290308594
7.27,-0.434814,0.93335,-0.044434,0.534058,-4.348755,0.175476,1.03062108335314
7.28,-0.435059,0.934814,-0.044434,0.541687,-3.990173,0.106812,1.0320503516946253
7.29,-0.434814,0.93457,-0.046143,0.495911,-3.639221,-0.007629,1.031801083516101
7.3,-0.433105,0.936279,-0.043701,0.396728,-3.509521,-0.099182,1.0325251010348369
7.31,-0.432861,0.934326,-0.044434,0.587463,-3.547668,-0.114441,1.0306833170052767
7.32,-0.432129,0.935059,-0.043945,0.549316,-3.585815,-0.152588,1.0310198684540468
7.33,-0.433105,0.934326,-0.042969,0.541687,-3.517151,-0.083923,1.0307237021927846
7.34,-0.43335,0.933594,-0.041992,0.671387,-3.280639,-0.068665,1.030122957418191
7.35,-0.432617,0.933838,-0.044189,0.762939,-3.14331,-0.083923,1.030127927324563
7.36,-0.43335,0.933838,-0.04541,0.526428,-3.219604,0.022888,1.0304890590607936
7.37,-0.433594,0.934326,-0.042725,0.50354,-3.250122,0.091553,1.030919132006483
7.38,-0.435547,0.936279,-0.036865,0.480652,-3.044128,0.1297,1.0332853348785127
7.39,-0.436768,0.936768,-0.041504,0.404358,-2.677917,0.076294,1.0344192349642383
7.4,-0.434814,0.935791,-0.042236,0.411987,-2.410889,0.1297,1.0327399914659061
7.41,-0.436035,0.932373,-0.044189,0.236511,-2.204895,0.198364,1.03024201043978
7.42,-0.437988,0.928467,-0.043701,-0.030518,-1.846313,0.007629,1.0275184843271676
7.43,-0.436035,0.927734,-0.042236,-0.076294,-1.548767,-0.099182,1.025963340318259
7.44,-0.435303,0.931152,-0.039063,-0.137329,-1.38855,-0.205994,1.0286197873276597
7.45,-0.431885,0.935547,-0.036133,-0.160217,-1.373291,-0.274658,1.0310569509600331
7.46,-0.434326,0.935303,-0.037109,-0.061035,-1.411438,-0.106812,1.0318952727704493
7.47,-0.437012,0.936768,-0.041748,-0.076294,-1.098633,0.1297,1.0345321017116869
7.48,-0.437988,0.936523,-0.04248,-0.167847,-0.38147,0.38147,1.0347528052984443
7.49,-0.437256,0.933105,-0.044922,-0.434875,0.427246,0.62561,1.0314532159264422
7.5,-0.438477,0.933105,-0.044434,-0.572205,1.205444,0.793457,1.0319502899413324
7.51,-0.434814,0.934326,-0.043213,-0.488281,1.739502,0.778198,1.0314531750113527
7.52,-0.433838,0.935303,-0.042969,-0.556946,1.602173,0.663757,1.0319173644308928
7.53,-0.433838,0.935303,-0.043945,-0.358582,1.174927,0.404358,1.0319584657717578
7.54,-0.434326,0.937012,-0.04541,-0.12207,0.862122,0.099182,1.033775909237587
7.55,-0.437744,0.935547,-0.047607,-0.053406,0.648498,-0.205994,1.033989567255879
7.56,-0.436768,0.932617,-0.045898,0.236511,0.63324,-0.343323,1.0308478941711041
7.57,-0.437256,0.933105,-0.043457,0.442505,1.037598,-0.495911,1.0313904505132865
7.58,-0.436523,0.931396,-0.044678,0.419617,1.63269,-0.602722,1.0295858206235167
7.59,-0.432617,0.931396,-0.046875,0.335693,2.235413,-0.63324,1.0280336780135173
7.6,-0.430176,0.93335,-0.044922,0.259399,2.593994,-0.694275,1.0286941234205629
7.61,-0.429688,0.934082,-0.04126,0.282288,2.593994,-0.740051,1.0290011407515542
7.62,-0.425537,0.935791,-0.037842,0.228882,2.250671,-0.801086,1.0286975021909988
7.63,-0.425537,0.939209,-0.036621,0.366211,1.983642,-0.801086,1.0317637237715813
7.64,-0.423584,0.941162,-0.0354,0.686645,1.770019,-0.808716,1.0326967005369971
7.65,-0.422119,0.937744,-0.040527,0.785828,1.449585,-0.732422,1.0291699069764915
7.66,-0.421875,0.936523,-0.040771,0.770569,1.106262,-0.816345,1.027966983708621
7.67,-0.42334,0.938477,-0.039551,0.823975,0.823975,-0.923157,1.0303009835625703
7.68,-0.42041,0.939697,-0.040771,0.907898,0.350952,-1.083374,1.0302607894848759
7.69,-0.42041,0.940674,-0.040039,1.060486,-0.12207,-1.38092,1.031123301985267
7.7,-0.418701,0.943359,-0.04126,1.335144,-0.938415,-1.556396,1.0329274504446089
7.71,-0.407227,0.947021,-0.043457,1.739502,-2.029419,-1.777649,1.0317805555538444
7.72,-0.397949,0.94873,-0.040283,2.487183,-4.165649,-2.098083,1.0295993102124728
7.73,-0.401855,0.945068,-0.030029,3.616333,-7.598876,-2.13623,1.027396080628109
7.74,-0.383301,0.943359,-0.03125,4.40979,-11.360168,-2.662658,1.018735697804882
7.75,-0.339355,0.94751,-0.056396,5.027771,-16.677856,-2.922058,1.0080265497202938
7.76,-0.279541,0.961426,-0.085693,7.011413,-27.381895,-2.89154,1.0049011963402175
7.77,-0.299561,0.969238,-0.090332,10.559081,-41.587826,-3.334045,1.01848856821714
7.78,-0.510742,0.970459,-0.081787,15.243529,-54.504391,-4.806519,1.0996986744622366
7.79,-0.606445,0.969971,-0.087646,19.020081,-55.572506,-12.96234,1.1473016604982318
7.8,-0.549316,0.970947,-0.083008,21.324156,-51.353451,-22.010801,1.1186493966963018
7.81,-0.522949,0.984131,-0.092285,24.765013,-57.090755,-30.555723,1.1182602572688523
7.82,-0.494141,1.009521,-0.106689,29.58679,-74.829102,-43.04504,1.129021930718354
7.83,-0.514893,1.024902,-0.115479,34.889221,-95.611565,-55.694576,1.1527681078577772
7.84,-0.567871,1.032471,-0.123291,39.726257,-112.449638,-66.978455,1.1847677026164243
7.85,-0.614258,1.036621,-0.126221,44.731136,-122.978203,-79.093933,1.2115394046608636
7.86,-0.674316,1.052246,-0.11792,50.239559,-129.997253,-93.719475,1.255320213639532
7.87,-0.794678,1.073975,-0.11499,56.52618,-134.109497,-106.056206,1.3409541843064587
7.88,-0.911377,1.094727,-0.125977,62.652584,-132.087708,-119.071953,1.4300019039102712
7.89,-0.992676,1.108887,-0.138184,69.221497,-128.089905,-134.83429,1.4947009191142555
7.9,-1.049561,1.140625,-0.154053,74.020386,-125.877373,-150.871277,1.5576700581814493
7.91,-1.057617,1.153809,-0.184814,77.926636,-122.924797,-164.031967,1.5760663506864172
7.92,-1.057861,1.160889,-0.213135,81.947319,-119.674675,-175.506577,1.5849793985623284
7.93,-1.127197,1.146973,-0.21167,86.997978,-115.173332,-183.998093,1.622012431653346
7.94,-1.190674,1.121826,-0.180664,89.179985,-104.423515,-195.320114,1.645854680537744
7.95,-1.250977,1.068848,-0.170654,88.98925,-86.029045,-204.086288,1.6542376761968034
7.96,-1.277832,1.007324,-0.178223,88.035576,-66.246033,-211.868271,1.6368627611773077
7.97,-1.282959,0.955078,-0.170166,86.34948,-49.804684,-222.557053,1.6084508849576353
7.98,-1.257568,0.924805,-0.160156,82.794182,-37.574768,-231.849655,1.5692009135177687
7.99,-1.242432,0.913818,-0.163574,79.277039,-33.13446,-241.157516,1.5509535986688965
8.0,-1.268799,0.914063,-0.193848,78.613281,-35.484314,-249.671921,1.5757344692155464
8.01,-1.321533,0.857422,-0.202637,81.93969,-37.54425,-249.992355,1.5882958508860998
8.02,-1.332275,0.762939,-0.19458,81.924431,-29.479979,-249.885544,1.5475444968549372
8.03,-1.285889,0.681152,-0.193604,78.75824,-10.902404,-249.977097,1.4679785680455284
8.04,-1.212891,0.608643,-0.171631,76.004028,8.773804,-249.992355,1.3678479738227491
8.05,-1.168457,0.553467,-0.144531,73.722839,26.084898,-249.992355,1.3009637546446098
8.06,-1.148193,0.484375,-0.116943,71.327209,41.336056,-249.992355,1.2516556919229025
8.07,-1.134033,0.42334,-0.096924,68.946838,52.925106,-249.992355,1.214348328308233
8.08,-1.081543,0.381836,-0.089355,66.246033,60.18829,-249.992355,1.1504426573150006
8.09,-1.046631,0.333984,-0.094971,64.346313,62.789913,-249.992355,1.1027244684226427
8.1,-1.009766,0.286377,-0.087891,62.126156,61.264034,-249.992355,1.0532634944618557
8.11,-1.013428,0.24292,-0.081543,60.455318,58.471676,-249.992355,1.0453208590825116
8.12,-0.985352,0.213135,-0.069824,58.891293,56.968685,-249.992355,1.010554542370178
8.13,-0.93457,0.180664,-0.062988,58.479305,60.302731,-249.992355,0.953953905563576
8.14,-0.936279,0.148193,-0.056152,58.853146,63.674923,-249.992355,0.9495960078865117
8.15,-0.886963,0.128418,-0.053467,59.333797,68.000793,-249.992355,0.8978046926709616
8.16,-0.796143,0.082031,-0.057129,59.959408,72.19696,-249.992355,0.8023942198514393
8.17,-0.727539,0.028564,-0.063965,60.020443,72.898865,-249.923691,0.7309038376161395
8.18,-0.774902,0.009033,-0.112305,61.767574,69.778442,-246.238693,0.783049882011357
8.19,-0.8396,0.001465,-0.151611,64.659119,66.566467,-240.844711,0.8531800522433703
8.2,-0.838623,-0.02002,-0.161621,67.817688,67.230225,-238.105759,0.8542895786382976
8.21,-0.777832,-0.057617,-0.15625,71.235657,70.243835,-232.612595,0.7954598678833521
8.22,-0.714355,-0.118652,-0.126709,74.272156,71.708679,-223.709091,0.7351438864671324
8.23,-0.679199,-0.184082,-0.080322,75.912476,69.641113,-213.577255,0.7082719025974418
8.24,-0.687988,-0.240723,-0.041748,76.255798,64.735413,-203.536972,0.7300807807201886
8.25,-0.720947,-0.285645,-0.025391,74.97406,57.670589,-193.344101,0.775888101284586
8.26,-0.721924,-0.30835,-0.024658,72.692871,48.866268,-184.226974,0.7854056284748665
8.27,-0.708984,-0.320313,-0.027344,70.327759,38.299561,-176.238998,0.7784641446855467
8.28,-0.733398,-0.341064,-0.008301,66.642761,27.44293,-168.312057,0.8088672234062894
8.29,-0.731934,-0.361084,0.039307,60.974117,19.40918,-163.215622,0.817101019250986
8.3,-0.690186,-0.411865,0.104736,53.863522,15.380858,-158.309937,0.8105301490487569
8.31,-0.662842,-0.469482,0.179199,44.334408,12.268065,-151.023865,0.8317963373861417
8.32,-0.664795,-0.502441,0.236572,35.797119,8.18634,-144.302368,0.866236492933656
8.33,-0.688477,-0.51416,0.272461,26.908873,2.960205,-138.748169,0.9014411138005631
8.34,-0.706787,-0.504395,0.304443,17.379761,-1.716614,-134.300232,0.9201346203914947
8.35,-0.714844,-0.515869,0.332764,8.728027,-6.851196,-129.966736,0.9422603935181613
8.36,-0.725098,-0.556152,0.398926,-3.189087,-13.648986,-127.143852,0.9971028583772088
8.37,-0.732422,-0.600586,0.504395,-18.630981,-22.018431,-127.159111,1.0731075647412984
8.38,-0.728516,-0.625977,0.584961,-33.332825,-30.998228,-126.586906,1.1246164405280583
8.39,-0.736328,-0.632568,0.622559,-48.858639,-40.588375,-124.435417,1.1532132962678674
8.4,-0.767334,-0.632324,0.660889,-65.612793,-48.866268,-122.840874,1.1939050962505353
8.41,-0.800293,-0.661377,0.735107,-85.243217,-52.459713,-121.337883,1.2721127007568944
8.42,-0.80127,-0.691162,0.831787,-108.688347,-54.328915,-119.812004,1.3459599312434973
8.43,-0.817383,-0.720459,0.942383,-135.498047,-61.210629,-119.422905,1.4405769184805788
8.44,-0.787109,-0.725342,0.969971,-165.962204,-79.498291,-122.154228,1.4444740688866657
8.45,-0.76123,-0.697754,0.989258,-198.425278,-112.495415,-126.113884,1.43002207954283
8.46,-0.822266,-0.615479,0.958984,-234.588608,-151.290894,-127.67028,1.4051996607076873
8.47,-0.857422,-0.407471,0.789307,-249.992355,-176.773056,-128.181458,1.2345892605129853
8.48,-0.915039,-0.165283,0.484131,-249.992355,-180.725082,-125.648491,1.0483308956484112
8.49,-0.881348,0.044922,0.139648,-249.618515,-169.66246,-126.602165,0.8934729134629656
8.5,-0.763916,0.227539,-0.140869,-249.992355,-154.815674,-130.081177,0.8094354370411515
8.51,-0.684326,0.350586,-0.374756,-249.992355,-134.208679,-125.976555,0.8553681530241818
8.52,-0.283936,0.397705,0.91333,-249.992355,-111.839287,-116.867058,1.0358381186367878
8.53,-1.422607,5.042725,-6.691162,-43.54858,-51.87225,-4.79126,8.498501927535111
8.54,-0.685059,3.26001,-6.609131,34.690857,160.125732,6.866455,7.4011879863128724
8.55,-0.177979,-0.072754,-1.531982,8.087158,154.190063,-36.903381,1.5440008151814557
8.56,0.27124,-1.877686,0.45874,96.603386,-8.750916,-36.743164,1.9518499531972227
8.57,-0.285889,-1.386475,0.814209,53.436275,-94.512932,-56.266781,1.6330896306164582
8.58,-0.294678,-1.287109,0.652832,13.778686,-110.046379,-17.929077,1.4729814397299783
8.59,-0.317383,-1.094238,0.102539,-39.024353,-88.203423,7.499694,1.1439418760819975
8.6,-0.304932,-0.789551,-0.430176,-75.141907,-39.512634,19.676208,0.9494344091094444
8.61,-0.302734,-0.627441,-0.695801,-82.450859,16.830444,20.668028,0.9846162271860037
8.62,-0.32666,-0.583496,-0.766357,-85.502617,65.315247,30.609129,1.017092615775476
8.63,-0.255615,-0.510498,-0.841309,-82.160942,92.224113,43.891903,1.016734021123519
8.64,-0.14917,-0.609863,-0.897705,-68.634033,89.706413,48.896786,1.0954719689220715
8.65,-0.210938,-0.671387,-0.901855,-58.265682,72.982788,54.710384,1.143939589592912
8.66,-0.284912,-0.670166,-0.898193,-42.434689,40.840145,58.959957,1.1563079090575312
8.67,-0.327148,-0.705322,-0.947021,-26.023863,-6.912231,56.396481,1.2252973973811419
8.68,-0.461914,-0.695557,-0.971436,-9.620667,-57.601925,52.558895,1.280957448840905
8.69,-0.653564,-0.640137,-0.922607,7.67517,-97.389214,46.203609,1.2992786295918208
8.7,-0.878174,-0.572021,-0.833252,22.628782,-113.388054,37.216187,1.338919898358748
8.71,-1.070801,-0.489258,-0.774414,37.078857,-98.648064,27.145384,1.4091505297735227
8.72,-1.181885,-0.380615,-0.802979,53.87878,-55.000301,16.288757,1.478680224352446
8.73,-1.118896,-0.344238,-0.86499,72.731018,2.098083,7.919311,1.4555534203731582
8.74,-0.924561,-0.328857,-0.98584,92.208855,50.781246,2.716064,1.3909854329826752
8.75,-0.808105,-0.338867,-1.07666,115.272514,69.168091,-1.304626,1.3881863312660876
8.76,-0.820801,-0.385254,-1.082031,140.457153,66.833496,-3.40271,1.4117103141501801
8.77,-0.825928,-0.459961,-0.99292,159.584045,64.628601,-1.075745,1.3709891717679612
8.78,-0.763672,-0.516846,-0.841309,169.548019,66.375732,2.090454,1.2482489915000934
8.79,-0.69165,-0.560059,-0.702637,175.399765,64.857483,5.729675,1.1339067685440456
8.8,-0.628174,-0.575928,-0.592529,176.437363,54.244991,9.513855,1.037972182334864
8.81,-0.677734,-0.544678,-0.525391,180.412277,40.588375,9.841919,1.0158903490638151
8.82,-0.678955,-0.564453,-0.449951,180.809006,34.393311,6.561279,0.990980819004586
8.83,-0.625977,-0.60083,-0.405762,176.109299,37.773132,4.074097,0.9578552573708619
8.84,-0.568604,-0.641113,-0.337646,168.952927,45.356747,2.914428,0.9210544006197462
8.85,-0.544922,-0.67749,-0.245117,159.515381,54.367062,1.495361,0.9033355023871253
8.86,-0.550781,-0.724365,-0.158203,149.06311,63.781734,0.953674,0.9236300950028642
8.87,-0.519043,-0.768555,-0.081787,138.496399,72.875977,2.044678,0.9310056590821562
8.88,-0.513916,-0.802002,-0.04541,128.852844,79.00238,5.081176,0.9536136173314641
8.89,-0.525391,-0.815674,0.001221,120.300285,79.940796,8.06427,0.97023773787562
8.9,-0.532959,-0.826172,0.061768,110.931389,77.590942,8.102417,0.9850993630537987
8.91,-0.534424,-0.854492,0.134277,99.403374,74.378967,5.737304,1.0167575436499108
8.92,-0.520508,-0.901367,0.200195,86.738579,70.861816,2.960205,1.0599382457379298
8.93,-0.514893,-0.942383,0.259277,75.59967,66.223145,0.221252,1.1047285109324372
8.94,-0.506104,-0.984863,0.299316,66.627502,60.554501,-2.39563,1.147033763862686
8.95,-0.486816,-1.008789,0.32373,58.151241,54.954525,-5.447387,1.1659529052568975
8.96,-0.465332,-1.003418,0.354492,50.582882,47.760006,-8.178711,1.1614844514723388
8.97,-0.462891,-1.005371,0.390381,43.113705,38.520813,-10.299682,1.173642300994217
8.98,-0.506836,-1.011963,0.413818,34.324646,28.350828,-11.772155,1.2050714424418993
8.99,-0.55249,-1.019043,0.438721,24.284361,18.470764,-15.510558,1.239423233520334
9.0,-0.54126,-1.032959,0.446533,13.694762,8.811951,-21.476744,1.2487427290559092
9.01,-0.521484,-1.044922,0.434326,2.861023,-1.976013,-25.81024,1.2459721596472368
9.02,-0.518555,-1.04248,0.415283,-7.873535,-14.793395,-29.037474,1.2361730495824603
9.03,-0.531494,-1.037109,0.416504,-18.249512,-28.32794,-32.752991,1.2375607184833397
9.04,-0.572266,-1.038086,0.430908,-29.014585,-41.297909,-36.079407,1.2612662774434271
9.05,-0.620605,-1.019287,0.458984,-42.16003,-50.743099,-38.871765,1.2785784554144497
9.06,-0.665039,-0.999756,0.507813,-58.212276,-54.13818,-41.618343,1.303711231073047
9.07,-0.700195,-0.986816,0.578613,-79.063416,-53.108212,-43.724056,1.34122028751805
9.08,-0.677979,-0.984619,0.624023,-106.704704,-53.863522,-47.851559,1.348530609267361
9.09,-0.652588,-0.942627,0.599121,-138.22937,-63.4613,-53.291317,1.2935852239083439
9.1,-0.699951,-0.875977,0.539063,-167.945847,-83.236687,-59.410091,1.2441286207217483
9.11,-0.764648,-0.803711,0.455078,-195.968613,-106.246941,-67.596436,1.1990554288726605
9.12,-0.793213,-0.734619,0.370605,-224.555954,-123.146049,-75.431824,1.1428910729177124
9.13,-0.801514,-0.65625,0.296387,-248.649582,-130.508423,-80.703728,1.0774664767244502
9.14,-0.774414,-0.584473,0.222412,-249.992355,-125.984184,-83.831779,0.9953857688700397
9.15,-0.686523,-0.507813,0.160156,-249.68718,-110.633842,-84.289543,0.8688140289118264
9.16,-0.602783,-0.40625,0.091064,-249.923691,-85.71624,-81.611626,0.7325838243402594
9.17,-0.549561,-0.270508,-0.043945,-249.992355,-57.525631,-78.529358,0.6141034390149595
9.18,-0.594727,-0.161621,0.16333,-249.992355,-33.615112,-80.390923,0.6375721457764604
9.19,-0.143066,1.59082,-0.592285,-210.632309,-83.999626,-85.861198,1.70351920270392
9.2,-1.310791,6.495361,-7.999756,40.344234,-26.023863,37.857056,10.387684228235761
9.21,-1.347168,3.522461,-3.914551,44.952389,84.762566,25.627134,5.43565107860558
9.22,-0.243408,-2.611816,-1.048828,81.18438,59.120174,2.006531,2.8250434414189103
9.23,0.169922,-2.684082,-0.124512,41.191097,-26.649473,-66.093445,2.6923359572965633
9.24,-0.316895,-2.018311,0.462158,58.92181,-87.219231,-47.950741,2.0946579078002214
9.25,-0.337891,-1.437988,0.707764,56.808468,-85.372917,-12.20703,1.6379590030647897
9.26,-0.031494,-1.003662,0.571045,5.79071,-29.426573,7.652282,1.1551717077149182
9.27,0.082764,-0.686768,0.034668,-53.558346,44.517513,20.591734,0.6926052524663671
9.28,0.30957,-0.52417,-0.631104,-76.652527,83.015434,22.293089,0.8768580458751576
9.29,0.331787,-0.441406,-1.030518,-68.771362,70.526123,43.04504,1.1691403758869163
9.3,0.093018,-0.412842,-1.151611,-52.238461,48.095699,59.036251,1.2269061743299687
9.31,-0.283447,-0.456543,-1.164063,-36.590576,42.358395,63.232418,1.2821140279347232
9.32,-0.496338,-0.557617,-1.149658,-29.937742,59.715267,66.184998,1.3707668094526508
9.33,-0.443848,-0.595947,-1.128418,-25.123594,63.865658,63.064571,1.3511036439285478
9.34,-0.338867,-0.580566,-0.972412,-14.328002,21.232603,50.888058,1.182147546539348
9.35,-0.436523,-0.557617,-0.789551,4.302979,-47.821041,45.104977,1.0606035215003768
9.36,-0.704102,-0.510254,-0.666992,22.384642,-102.355949,39.604187,1.0959001318477883
9.37,-0.901367,-0.395508,-0.702148,38.101196,-114.158623,27.809141,1.2090909232381988
9.38,-0.976563,-0.31958,-1.002686,55.679317,-79.833984,23.193357,1.435683072256896
9.39,-0.871826,-0.379639,-1.247559,71.44928,-23.101805,24.024961,1.5686331002111362
9.4,-0.735596,-0.404785,-1.336182,89.202873,25.764463,21.90399,1.5780794367093818
9.41,-0.677979,-0.420898,-1.300049,110.191338,58.708187,20.820616,1.5254304485115011
9.42,-0.653564,-0.469727,-1.166504,128.700256,80.184937,22.613523,1.4172229671583085
9.43,-0.604736,-0.538574,-0.981934,143.623352,91.552727,26.80969,1.272777263910697
9.44,-0.566895,-0.578613,-0.82373,155.921936,91.903679,32.112122,1.155289599059041
9.45,-0.515381,-0.606445,-0.699219,165.145859,81.390373,36.376953,1.0593867674966495
9.46,-0.482422,-0.612061,-0.601807,170.440659,63.285824,38.970947,0.9846427367598869
9.47,-0.476074,-0.601563,-0.516602,174.446091,42.335506,40.016174,0.9248795180178875
9.48,-0.51416,-0.597656,-0.442627,175.315842,27.343748,40.176388,0.9041415050007383
9.49,-0.543457,-0.611816,-0.35498,172.836288,24.581907,38.475037,0.8920062382657421
9.5,-0.525391,-0.653076,-0.287598,166.908249,34.072876,35.972595,0.8861470387362359
9.51,-0.502197,-0.675537,-0.234131,157.859802,50.270077,35.713196,0.8737101294702952
9.52,-0.480225,-0.701904,-0.17334,147.155762,67.443848,36.270142,0.8679470211026707
9.53,-0.460449,-0.729248,-0.104736,135.856628,80.726616,36.277771,0.868783952891051
9.54,-0.453125,-0.766113,-0.053955,124.588005,88.310234,36.514282,0.8917188662459711
9.55,-0.479736,-0.806641,0.002197,113.777153,90.240471,36.941528,0.9385207293320698
9.56,-0.510742,-0.848877,0.052979,103.385918,86.837761,36.109924,0.9920969338396325
9.57,-0.514648,-0.880859,0.088135,92.849724,79.071045,34.393311,1.023983847533739
9.58,-0.52124,-0.900146,0.112549,84.182732,67.016602,33.39386,1.0462414808814455
9.59,-0.561279,-0.922119,0.137939,76.698303,53.749081,32.287598,1.0882852262725062
9.6,-0.579346,-0.934326,0.161865,69.17572,42.41943,29.060362,1.111218763438145
9.61,-0.553711,-0.949463,0.182373,61.965939,33.050537,24.818419,1.1141524900205537
9.62,-0.543457,-0.965576,0.201904,55.114742,24.818419,22.033689,1.126253855860658
9.63,-0.5354,-0.970947,0.213623,47.973629,17.028809,19.294739,1.1291705021554541
9.64,-0.528809,-0.970459,0.212891,40.534969,8.811951,15.594481,1.1255008694101485
9.65,-0.534912,-0.963623,0.221191,32.798767,-0.564575,12.100219,1.1241110231440665
9.66,-0.547852,-0.950439,0.22583,24.864195,-10.124206,8.743286,1.1200336135692537
9.67,-0.57251,-0.945068,0.219238,16.75415,-19.668579,5.584716,1.126493020558938
9.68,-0.594971,-0.947998,0.225342,7.575988,-28.823851,1.541138,1.141695982216369
9.69,-0.612793,-0.945557,0.223877,-1.518249,-38.002014,-3.196716,1.1487881494109347
9.7,-0.623779,-0.945068,0.227783,-10.398864,-46.768185,-7.087707,1.1550492892314164
9.71,-0.621338,-0.932129,0.230713,-20.51544,-55.374142,-10.986327,1.1437455448018146
9.72,-0.605957,-0.924072,0.239502,-31.555174,-64.704895,-14.785766,1.13068747009817
9.73,-0.606445,-0.910889,0.254883,-43.899532,-74.813843,-17.791748,1.123592297959985
9.74,-0.625977,-0.881592,0.253906,-56.701656,-84.251396,-20.309446,1.110639417555941
9.75,-0.682373,-0.865723,0.273193,-71.281433,-90.652458,-22.796629,1.1356688069622236
9.76,-0.718506,-0.857666,0.306885,-88.729851,-94.398491,-25.466917,1.1601811250046261
9.77,-0.753906,-0.842285,0.336914,-107.536308,-96.832268,-28.121946,1.1795462354045305
9.78,-0.815674,-0.842041,0.39917,-127.464287,-101.058952,-31.166075,1.2384239213036061
9.79,-0.865234,-0.822266,0.450684,-150.749207,-110.008232,-37.200928,1.2758790371222501
9.8,-0.852051,-0.741211,0.389648,-176.650986,-128.448486,-48.072811,1.1946590379794562
9.81,-0.804199,-0.672607,0.360596,-203.81163,-151.748657,-61.027523,1.108677447802561
9.82,-0.82666,-0.650635,0.38916,-234.893784,-167.915329,-68.17627,1.1216675819622317
9.83,-0.807861,-0.598877,0.381592,-249.992355,-171.56218,-72.486877,1.0755954215754175
9.84,-0.69165,-0.500977,0.294922,-249.992355,-165.145859,-76.416016,0.9035135101994879
9.85,-0.571289,-0.429932,0.168701,-249.641403,-146.987915,-74.073792,0.7346241716319986
9.86,-0.548828,-0.361572,0.019531,-249.992355,-117.904655,-67.398071,0.6575164976857996
9.87,-0.57959,-0.262451,0.072266,-249.992355,-76.774597,-63.194271,0.6403338740508736
9.88,0.121582,0.716553,0.862549,-229.553207,-75.042725,-52.337643,1.1279278176966823
9.89,-1.758789,4.921387,-7.999756,-42.259212,21.667479,75.660706,9.555599657259924
9.9,-1.62915,4.637451,-5.518311,78.811646,144.340515,34.301758,7.389982259290072
9.91,-0.66626,-1.304199,-1.264404,88.821404,153.961182,23.750303,1.9348268383545335
9.92,-0.077881,-2.175781,-0.557373,86.09008,30.082701,-15.220641,2.2473880553324563
9.93,-1.043457,-2.209717,0.14917,78.37677,-121.582024,-59.242245,2.448244967285341
9.94,-0.615234,-2.009766,0.5896,66.680908,-169.975266,-79.177856,2.1829568043165675
9.95,-0.204346,-1.411621,0.553223,38.108826,-113.945,-40.748592,1.5298649689060797
9.96,-0.116211,-1.005859,0.218262,-28.030394,4.951477,-20.095823,1.0358067508208275
9.97,0.346436,-0.803955,-0.24292,-72.540283,97.320549,-17.906189,0.9084996810791955
9.98,0.490234,-0.574951,-0.51416,-81.916801,109.443657,6.019592,0.9139247960073082
9.99,0.191406,-0.466553,-0.555664,-75.767517,76.728821,27.427671,0.7503801966609993
10.0,-0.170898,-0.479004,-0.564697,-72.158813,44.692989,28.228758,0.7599563541605531
10.01,-0.419189,-0.550049,-0.639404,-70.709229,35.903931,25.131224,0.9418655930322543
10.02,-0.493408,-0.586426,-0.683594,-68.595886,52.284237,24.436949,1.026960400782815
10.03,-0.45752,-0.578613,-0.643311,-58.738705,58.906551,24.024961,0.9787576803734416
10.04,-0.487305,-0.577148,-0.552002,-44.105526,39.802551,22.14813,0.9355598243474332
10.05,-0.551514,-0.583984,-0.461914,-32.569885,13.748168,18.241882,0.9265902804627296
10.06,-0.579834,-0.585938,-0.404297,-26.985167,-3.64685,13.427733,0.9181431650940935
10.07,-0.574707,-0.567139,-0.409668,-26.130674,-11.512755,11.245727,0.9054074504851393
10.08,-0.561035,-0.534424,-0.463135,-25.611876,-14.72473,10.910033,0.9026977961787654
10.09,-0.563721,-0.512695,-0.513916,-24.520872,-14.823913,11.756896,0.9191012914374563
10.1,-0.568115,-0.522705,-0.565918,-22.575377,-11.810302,13.885497,0.9572034020906947
10.11,-0.578125,-0.523682,-0.648193,-19.187927,-7.743835,17.105103,1.0142117717705705
10.12,-0.590332,-0.508545,-0.717773,-12.237548,-6.652832,21.240232,1.0593903750638856
10.13,-0.620117,-0.504639,-0.748535,-3.211975,-10.536193,25.352476,1.0952215576014745
10.14,-0.666016,-0.514893,-0.744385,4.920959,-18.234253,27.687071,1.1237442511221138
10.15,-0.691162,-0.530273,-0.714111,11.45172,-26.214598,27.610777,1.1264319265246348
10.16,-0.69458,-0.533447,-0.677979,15.99121,-32.516479,26.664732,1.1075480136996319
10.17,-0.670654,-0.520264,-0.643066,17.601013,-37.559509,25.344847,1.0648874577944845
10.18,-0.622803,-0.500732,-0.633057,16.838074,-42.198177,24.124144,1.0194985423638427
10.19,-0.571777,-0.473633,-0.643066,14.98413,-46.585079,23.971556,0.9822377699793468
10.2,-0.539795,-0.448975,-0.657959,12.725829,-48.332211,24.559019,0.9622199531972926
10.21,-0.510986,-0.45459,-0.657471,9.32312,-45.265194,26.229856,0.9486974629127033
10.22,-0.466309,-0.480713,-0.664795,4.53949,-38.269043,28.945921,0.9436532540477991
10.23,-0.426758,-0.490723,-0.69165,0.50354,-30.036924,33.187866,0.9493740968622433
10.24,-0.40625,-0.471191,-0.724854,-1.609802,-22.727964,38.749695,0.9552347053457595
10.25,-0.40918,-0.45166,-0.751953,-2.63977,-17.677307,44.281002,0.9679144291769805
10.26,-0.434082,-0.435547,-0.767334,-2.601623,-15.129088,48.896786,0.9833259070567602
10.27,-0.466309,-0.428711,-0.763672,-2.63977,-15.289306,52.146908,0.9921855313327241
10.28,-0.48584,-0.418701,-0.756348,-2.738952,-18.798828,53.649899,0.9916719871535145
10.29,-0.508545,-0.396484,-0.751221,-1.609802,-23.811338,55.000301,0.9900255401362129
10.3,-0.5354,-0.406982,-0.719727,-1.419067,-27.832029,56.03027,0.9850352597003825
10.31,-0.556885,-0.447266,-0.685059,-3.082275,-29.655455,56.106564,0.9896835915897565
10.32,-0.57373,-0.476074,-0.676025,-4.943848,-28.877256,57.449337,1.00639076257734
10.33,-0.593506,-0.474121,-0.677246,-5.355834,-25.93231,60.264584,1.0176945706807126
10.34,-0.604248,-0.453369,-0.678467,-5.302429,-23.04077,62.873837,1.0153701619379998
10.35,-0.593506,-0.435303,-0.683838,-5.065917,-21.614073,65.414429,1.0046753127697525
10.36,-0.583252,-0.415527,-0.690674,-4.333496,-23.353575,68.031311,0.994925201966962
10.37,-0.57666,-0.396729,-0.686279,-3.52478,-28.511045,70.800781,0.9802599251637292
10.38,-0.558105,-0.375977,-0.671875,-3.105163,-35.919189,72.746277,0.9509237147000804
10.39,-0.544678,-0.355957,-0.648926,-1.693725,-43.968197,74.783325,0.9189583576033247
10.4,-0.543213,-0.339355,-0.612793,-0.465393,-50.041195,77.438354,0.8864296025308497
10.41,-0.552246,-0.31958,-0.564453,-0.37384,-53.497311,80.528252,0.8518886136843243
10.42,-0.560547,-0.28418,-0.514893,-0.442505,-54.016109,83.869926,0.812456776116736
10.43,-0.595215,-0.253174,-0.47876,-1.739502,-49.331661,88.36364,0.8047292141465974
10.44,-0.665283,-0.219971,-0.471191,-5.615234,-43.403622,93.086235,0.8443989989400745
10.45,-0.712646,-0.206299,-0.456787,-9.986877,-40.382381,95.222466,0.8712508032053686
10.46,-0.749268,-0.20874,-0.447998,-13.96942,-41.336056,96.214287,0.897595193518771
10.47,-0.738525,-0.204346,-0.449707,-17.852783,-44.273373,97.206108,0.8884890822007888
10.48,-0.693115,-0.200439,-0.459473,-20.751951,-48.622128,100.700371,0.8553944316366573
10.49,-0.684082,-0.196289,-0.440674,-24.490355,-56.495663,106.307976,0.837072952926446
10.5,-0.695313,-0.17041,-0.423584,-29.075621,-66.665649,111.465446,0.831819175737732
10.51,-0.731445,-0.133545,-0.412598,-32.142639,-77.087402,116.905205,0.8503429688390445
10.52,-0.786377,-0.126221,-0.410645,-30.937193,-82.603447,123.062126,0.8960746860585896
10.53,-0.837402,-0.127197,-0.434082,-28.686522,-78.132629,128.181458,0.9517606679922217
10.54,-0.864502,-0.110596,-0.45752,-26.489256,-63.514706,133.491516,0.9843372052401554
10.55,-0.878906,-0.086914,-0.477051,-23.986814,-44.990536,139.152527,1.003796521628263
10.56,-0.884766,-0.077393,-0.48999,-21.659849,-26.550291,143.173218,1.0143425216883102
10.57,-0.860107,-0.08667,-0.49292,-20.065308,-10.757445,145.530701,0.9951210312062548
10.58,-0.831543,-0.0979,-0.493408,-18.356323,-1.083374,149.154663,0.9718537057155259
10.59,-0.825439,-0.104736,-0.489014,-16.792297,0.663757,153.442383,0.9651185754159952
10.6,-0.837402,-0.092285,-0.479004,-16.273499,-3.341675,156.028748,0.9691251017515747
10.61,-0.861084,-0.068115,-0.468262,-15.930175,-10.848998,157.722473,0.9825347876411298
10.62,-0.911377,-0.035645,-0.464844,-15.426635,-19.546509,159.614563,1.023698464632042
10.63,-0.961182,-0.001221,-0.454346,-14.442443,-26.367186,160.621643,1.0631569101882374
10.64,-0.977539,0.031494,-0.431396,-14.076232,-28.526304,159.477234,1.0689606528647349
10.65,-0.973389,0.066162,-0.429199,-13.748168,-26.084898,158.576965,1.065868348890237
10.66,-0.932861,0.088135,-0.422363,-14.22119,-20.339964,158.279419,1.0278073395899643
10.67,-0.876221,0.101563,-0.414795,-16.494751,-14.526366,158.500671,0.9747477498486468
10.68,-0.842285,0.122803,-0.407959,-19.165039,-11.169433,159.545898,0.9439042026153925
10.69,-0.826416,0.144043,-0.389648,-21.278379,-10.925292,161.170944,0.9249526230077949
10.7,-0.789307,0.16333,-0.36084,-24.353025,-12.21466,163.024887,0.8831125266629389
10.71,-0.766846,0.194336,-0.346924,-27.900694,-14.648437,166.01561,0.8638145231402399
10.72,-0.800049,0.238281,-0.352051,-30.052183,-18.676758,171.035751,0.9059780041275837
10.73,-0.85498,0.28833,-0.354004,-31.249998,-22.193907,175.544724,0.9692491017875642
10.74,-0.882813,0.330566,-0.352783,-32.821655,-23.376463,177.078232,1.0065229845433237
10.75,-0.880615,0.366455,-0.359131,-34.858704,-23.780821,177.238449,1.0191894428471089
10.76,-0.860107,0.400391,-0.352783,-36.628723,-25.375364,179.12291,1.012201980544891
10.77,-0.825439,0.411377,-0.330322,-39.024353,-28.442381,183.036789,0.9796393226764635
10.78,-0.762451,0.414063,-0.29541,-42.526241,-34.103394,186.668381,0.9165406502005243
10.79,-0.670898,0.4375,-0.240723,-47.065731,-43.624874,191.558823,0.8363360204684479
10.8,-0.573486,0.472412,-0.165283,-52.505489,-55.549618,198.822006,0.7611686804046788
10.81,-0.550537,0.542969,-0.104004,-57.571407,-67.54303,207.855209,0.7802071233627647
10.82,-0.696289,0.650391,-0.118896,-57.296749,-74.84436,217.460617,0.9601890872208453
10.83,-0.919922,0.713623,-0.169922,-52.711483,-70.4422,223.915085,1.1766000842669526
10.84,-1.041992,0.726074,-0.220215,-54.801937,-56.587215,223.754868,1.2889629272267686
10.85,-1.042969,0.754639,-0.262207,-64.552307,-45.349117,219.032272,1.3137796109435553
10.86,-0.973877,0.789551,-0.282959,-72.807312,-49.652096,213.64592,1.2852598913881192
10.87,-0.894531,0.843018,-0.275879,-76.698303,-74.172974,210.502609,1.2597516743096633
10.88,-0.855469,0.911621,-0.249512,-77.865601,-112.731926,209.579453,1.2748083368671543
10.89,-0.834961,1.003418,-0.217285,-73.745728,-155.647278,208.213791,1.3233368148245555
10.9,-0.879639,1.095947,-0.170898,-62.44659,-190.750107,207.191452,1.4156520488926647
10.91,-0.960693,1.124023,-0.122559,-49.148556,-208.633408,207.351669,1.483704638147027
10.92,-1.018799,1.093506,-0.092041,-40.992733,-204.902634,206.7108,1.497390503548757
10.93,-1.015625,1.086182,-0.093506,-38.398743,-184.425339,203.117355,1.4899761238976281
10.94,-1.005127,1.100098,-0.105225,-37.376404,-152.832031,197.097763,1.493843431005405
10.95,-0.971924,1.107422,-0.138184,-38.94043,-114.44854,188.934311,1.4799035663569435
10.96,-0.907715,1.133057,-0.1521,-43.434139,-78.208923,180.480942,1.4597599448107896
10.97,-0.866211,1.160889,-0.160889,-48.309322,-52.391048,172.431931,1.4573503481191474
10.98,-0.801025,1.173584,-0.211914,-48.568722,-43.571468,156.25,1.4366098980158113
10.99,-0.567383,1.188232,-0.396729,-44.219967,-74.241638,131.843567,1.375213675744246
11.0,-0.521729,1.193604,-0.541016,-34.500122,-177.307114,105.75103,1.410528259381215
11.01,-0.993408,1.159668,-0.447754,-15.464782,-249.992355,82.527153,1.5912802924701857
11.02,-1.186279,1.048584,-0.371826,-9.689331,-228.01207,62.683102,1.6263581540278882
11.03,-1.044189,0.995117,-0.287354,-18.64624,-160.270691,41.213985,1.4707687896899364
11.04,-0.868896,1.008545,-0.189209,-22.933958,-105.812065,26.931761,1.3445978289146536
11.05,-0.684082,1.04126,-0.102539,-19.676208,-80.459587,17.524719,1.2500819240533798
11.06,-0.552734,1.035645,-0.001221,-9.979248,-71.861267,9.086609,1.1739152148353815
11.07,-0.52002,1.007324,0.023682,4.524231,-68.634033,2.212524,1.1338797460489363
11.08,-0.554932,0.958008,0.045654,17.25769,-57.28912,-6.462097,1.1080672995824756
11.09,-0.684814,0.957031,0.031982,12.046813,-37.635803,-15.327453,1.1772431345652434
11.1,-0.770996,0.975098,-0.012695,7.209777,-9.902954,-20.606993,1.2431460512124068
11.11,-0.763428,0.935791,0.034912,2.593994,32.821655,-26.161192,1.2081994680552546
11.12,-0.648193,0.90332,0.058838,-6.126403,83.19091,-33.279419,1.1133746439959014
11.13,-0.505127,0.896484,0.043457,-12.870788,120.36895,-36.018372,1.0299152194399304
11.14,-0.446533,0.888916,0.034912,-17.234802,131.027222,-36.453247,0.9953804412831307
11.15,-0.429199,0.885742,0.007324,-17.486572,119.705193,-39.848328,0.9842785749679813
11.16,-0.423828,0.888184,-0.018066,-14.86206,99.548332,-45.181271,0.9842902883783828
11.17,-0.444092,0.890137,-0.030273,-12.222289,79.933167,-48.33984,0.995227631128678
11.18,-0.483154,0.888428,-0.041016,-11.970519,66.711426,-49.995419,1.0121385335792723
11.19,-0.483398,0.89624,-0.052246,-13.336181,59.577938,-51.277157,1.019631996614465
11.2,-0.460449,0.904297,-0.062012,-13.900756,53.016659,-49.98016,1.0166670221631073
11.21,-0.446045,0.907227,-0.063232,-13.130187,43.731686,-46.440121,1.0129241123489954
11.22,-0.438477,0.898926,-0.053955,-11.054992,32.592773,-42.205807,1.0016192764868297
11.23,-0.441406,0.887451,-0.032959,-8.682251,21.926878,-37.162781,0.9917130784243999
11.24,-0.450684,0.873779,-0.015625,-7.118225,13.793944,-31.890867,0.9832852837920437
11.25,-0.46582,0.859863,0.001221,-6.370544,9.57489,-26.855467,0.9779336081810462
11.26,-0.473145,0.848633,0.010742,-6.195068,9.361267,-21.598814,0.9716787279126778
11.27,-0.475342,0.844482,0.016846,-6.622314,12.176513,-16.029358,0.9692180626690775
11.28,-0.4729,0.841797,0.02124,-7.186889,16.647339,-10.276793,0.9657679518440234
11.29,-0.467529,0.838379,0.021729,-7.80487,21.263121,-4.852295,0.9601743919325281
11.3,-0.460693,0.842285,0.018555,-8.552551,25.05493,-0.007629,0.9602220313547278
11.31,-0.446777,0.847168,0.017578,-9.216309,27.976988,4.249573,0.9579208182501308
11.32,-0.437988,0.854736,0.013672,-9.262085,29.891966,8.224487,0.9605175903771883
11.33,-0.435059,0.869629,0.01001,-9.590149,31.059263,11.375426,0.9724356694517123
11.34,-0.432617,0.887939,0.006592,-9.57489,31.318663,14.633178,0.9877431806264217
11.35,-0.435791,0.898926,0.005371,-9.185791,30.96771,17.402649,0.9990048031906553
11.36,-0.435547,0.908691,0.002441,-8.850098,29.869078,19.02771,1.0076837208028122
11.37,-0.434814,0.920654,-0.001953,-8.598328,27.6947,20.080564,1.018170327853351
11.38,-0.436768,0.929443,-0.004395,-8.537292,24.749754,21.034239,1.0269614852067237
11.39,-0.440186,0.938477,-0.008301,-7.957458,21.041868,21.476744,1.0366155028389263
11.4,-0.439941,0.94458,-0.009033,-7.705688,16.88385,21.179197,1.0420465704420316
11.41,-0.440674,0.951904,-0.008545,-7.865905,12.191772,20.408628,1.0489937161475278
11.42,-0.439697,0.95166,-0.011963,-7.17926,7.194519,19.477844,1.0483955936467875
11.43,-0.442871,0.952393,-0.012695,-6.889343,1.670837,18.310547,1.0504038804740774
11.44,-0.442627,0.955078,-0.01709,-7.17926,-4.150391,16.365051,1.0527985160100672
11.45,-0.44458,0.958252,-0.026367,-7.278442,-10.185241,13.96942,1.0566898743685396
11.46,-0.44873,0.95874,-0.034424,-7.263183,-16.059875,11.543273,1.0591156746437096
11.47,-0.457275,0.955078,-0.039795,-6.759643,-21.331785,9.361267,1.059649967552493
11.48,-0.465576,0.953369,-0.053223,-6.248474,-25.329588,7.148742,1.0623117008044296
11.49,-0.475342,0.950684,-0.059814,-5.714416,-27.976988,5.142211,1.0645786957364871
11.5,-0.480225,0.947266,-0.066406,-4.638672,-29.762266,3.578186,1.0641140362841757
11.51,-0.490234,0.940186,-0.06665,-2.861023,-30.998228,2.304077,1.0624129667186861
11.52,-0.503662,0.9375,-0.064453,-0.892639,-31.234739,1.25885,1.0661781508983383
11.53,-0.51709,0.933105,-0.066406,0.717163,-29.953001,0.244141,1.0688670478413114
11.54,-0.53125,0.93457,-0.073975,1.914978,-26.802061,-0.701904,1.0775527588127645
11.55,-0.534424,0.929932,-0.074463,2.89154,-21.957396,-1.396179,1.0751405837233565
11.56,-0.531006,0.92041,-0.067871,3.448486,-16.334534,-1.853943,1.0647668349347663
11.57,-0.526855,0.915527,-0.055908,3.532409,-11.283874,-1.876831,1.0577767170901429
11.58,-0.520996,0.911377,-0.043457,3.135681,-6.935119,-1.853943,1.050682339717386
11.59,-0.51416,0.903809,-0.032471,2.388,-2.204895,-1.579285,1.040329553517538
11.6,-0.507568,0.891113,-0.026611,0.923157,3.356933,-1.502991,1.025873188417555
11.61,-0.504395,0.884033,-0.018311,-1.426697,9.590149,-1.312256,1.0179705073502867
11.62,-0.494385,0.87915,-0.011963,-3.90625,15.640258,-0.900268,1.0086943858741357
11.63,-0.479736,0.87915,-0.01123,-5.249023,20.095823,-0.785828,1.0015874725135094
11.64,-0.47168,0.880371,-0.005859,-5.126953,23.086546,-0.534058,0.9987839846142909
11.65,-0.467529,0.884521,0.001465,-4.180908,25.619505,0.144958,1.0004813399094459
11.66,-0.464111,0.896729,0.008545,-3.77655,27.595518,1.091003,1.0097499377504313
11.67,-0.459473,0.910645,0.011719,-4.081726,28.549192,1.945495,1.0200622964873274
11.68,-0.449463,0.92334,0.016602,-4.478455,27.732847,2.510071,1.0270586012360736
11.69,-0.445068,0.932617,0.01123,-4.943848,24.200438,3.166198,1.0334341324985352
11.7,-0.45166,0.941406,0.01123,-4.692078,19.691467,3.852844,1.0442069360696662
11.71,-0.45874,0.943604,0.008057,-3.990173,16.204834,4.844666,1.0492358227133687
11.72,-0.457764,0.945801,0.002441,-3.288269,13.999938,5.973815,1.0507584735694497
11.73,-0.44751,0.94873,0.001709,-2.754211,10.963439,6.568908,1.0489789004937133
11.74,-0.447021,0.949219,-0.002197,-1.968384,6.355285,6.446838,1.0492136632788385
11.75,-0.45874,0.943604,-0.004883,-0.732422,1.647949,6.088256,1.0492162504007456
11.76,-0.466553,0.939209,-0.005371,0.709534,-1.525879,5.363464,1.0487202177563852
11.77,-0.467529,0.944092,-0.006348,1.571655,-3.562927,4.562378,1.0535337523824284
11.78,-0.472412,0.942383,-0.007568,2.464294,-5.615234,3.509521,1.0541897794311041
11.79,-0.474365,0.933594,-0.012451,3.494262,-7.598876,2.166748,1.0472702313452817
11.8,-0.477783,0.928223,-0.021484,4.180908,-8.918762,0.694275,1.0441915988332793
11.81,-0.477051,0.920654,-0.025146,4.440308,-9.223938,-0.617981,1.0372144260629044
11.82,-0.477539,0.914063,-0.028564,4.364014,-9.292603,-1.853943,1.0316833654692703
11.83,-0.481201,0.909912,-0.03418,3.868103,-9.620667,-2.716064,1.0298847132300781
11.84,-0.482666,0.900635,-0.039551,3.456115,-9.315491,-3.471374,1.0225821005581899
11.85,-0.482666,0.892578,-0.045654,3.067016,-8.102417,-3.875732,1.0157491035467372
11.86,-0.481445,0.886719,-0.044922,2.479553,-5.699157,-3.807068,1.0099890390840884
11.87,-0.480713,0.885986,-0.043213,1.51062,-3.005981,-3.448486,1.008921971182113
11.88,-0.48291,0.891357,-0.03833,0.38147,-0.37384,-2.746582,1.0144893091841825
11.89,-0.487061,0.897705,-0.028076,-0.396728,2.220154,-1.586914,1.0217098152225024
11.9,-0.495117,0.902344,-0.026855,-1.342773,5.058288,0.267029,1.0296051325872457
11.91,-0.502197,0.90625,-0.030273,-2.26593,8.148193,2.166748,1.0365362240838474
11.92,-0.508057,0.908447,-0.030762,-2.754211,11.688231,4.03595,1.0413184756365366
11.93,-0.510254,0.908936,-0.025391,-3.440857,15.327453,5.714416,1.0426737262888137
11.94,-0.511963,0.909424,-0.023193,-3.997802,18.783569,7.110595,1.0438850704909999
11.95,-0.510742,0.914795,-0.014404,-3.89862,22.193907,8.117676,1.0478142763891891
11.96,-0.508301,0.920654,-0.007324,-3.936767,24.955748,8.392334,1.0516783421241496
11.97,-0.499268,0.929199,-0.010986,-4.15802,27.351377,7.972717,1.054893364099424
11.98,-0.491699,0.937256,-0.009277,-4.058838,29.129026,7.080078,1.058443564327357
11.99,-0.490234,0.939697,-0.011719,-3.623962,30.532835,6.309509,1.0599514901758478
12.0,-0.489258,0.944824,-0.011475,-2.6474,31.921385,5.104064,1.0640476761710445
12.01,-0.47998,0.943604,-0.011963,-1.777649,33.172607,3.738403,1.0587315158173956
12.02,-0.464355,0.947021,-0.018066,-1.518249,34.164429,2.632141,1.0548937011955282
12.03,-0.45166,0.946045,-0.021484,-1.38855,34.057617,1.960754,1.0485511241141274
12.04,-0.44458,0.942627,-0.023193,-0.663757,32.691956,0.961304,1.0424658041288453
12.05,-0.440674,0.936279,-0.020996,0.267029,30.509947,-0.061035,1.0350134164024156
12.06,-0.441406,0.9375,-0.025879,0.808716,28.038023,-0.709534,1.0365400279183625
12.07,-0.438232,0.941162,-0.031006,0.778198,25.115965,-1.159668,1.0386503589293175
12.08,-0.428467,0.939453,-0.032959,1.289368,20.927427,-1.564026,1.0330741527010536
12.09,-0.423828,0.937744,-0.03125,1.998901,15.792846,-1.76239,1.0295487096878904
12.1,-0.428955,0.932129,-0.027344,2.655029,10.620116,-1.25885,1.0264572855223932
12.11,-0.436035,0.928955,-0.025391,2.830505,6.408691,-0.617981,1.0265128426527357
12.12,-0.440186,0.924805,-0.024658,1.991272,3.318786,-0.244141,1.0245174569449755
12.13,-0.442383,0.926514,-0.019043,0.869751,0.778198,0.198364,1.0268853620214868
12.14,-0.446777,0.924316,-0.020264,-0.495911,-1.602173,0.709534,1.026830261182928
12.15,-0.449219,0.919678,-0.019531,-1.159668,-3.578186,1.434326,1.0237122611388416
12.16,-0.459717,0.910889,-0.017334,-1.937866,-4.859924,2.02179,1.0204699691642083
12.17,-0.466797,0.900391,-0.015381,-2.868652,-5.203247,2.510071,1.0143174883886208
12.18,-0.471436,0.896729,-0.016113,-3.982544,-4.730225,2.975464,1.0132297026370674
12.19,-0.476563,0.896973,-0.016846,-5.317688,-3.471374,3.417969,1.015852668163056
12.2,-0.47876,0.893555,-0.016846,-5.958557,-2.426147,3.631592,1.0138715221077077
12.21,-0.485596,0.887451,-0.016113,-6.408691,-1.564026,3.791809,1.0117471924280295
12.22,-0.493652,0.882813,-0.01123,-7.415771,0.099182,3.616333,1.0115222207015524
12.23,-0.503418,0.886963,-0.013428,-8.43811,2.960205,4.249573,1.0199575271926768
12.24,-0.517334,0.888916,-0.018799,-9.292603,7.003784,5.340576,1.0286688121125283
12.25,-0.52832,0.887451,-0.027588,-10.253905,12.359618,5.851745,1.0331758792891945
12.26,-0.52832,0.888184,-0.036865,-11.184691,18.722534,6.179809,1.034094709628185
12.27,-0.52417,0.895996,-0.043213,-12.413024,25.848387,6.385803,1.038956391907283
12.28,-0.520264,0.907959,-0.037109,-14.213561,32.836914,6.538391,1.0471109078115841
12.29,-0.512207,0.925049,-0.026123,-15.480041,38.322449,6.500244,1.057711716101793
12.3,-0.503418,0.938232,-0.02417,-15.800475,41.763302,6.324768,1.0650319983211771
12.31,-0.494629,0.94165,-0.031006,-15.136718,43.846127,5.821228,1.064107110293414
12.32,-0.494141,0.937744,-0.037842,-13.870238,46.340939,5.744934,1.060646573737454
12.33,-0.489502,0.937988,-0.04126,-12.672423,49.613949,6.217956,1.0588371374994363
12.34,-0.471436,0.94165,-0.035645,-11.146544,51.895138,6.187438,1.053673189666037
12.35,-0.458008,0.940186,-0.03125,-9.735107,52.391048,5.592346,1.0462779770022879
12.36,-0.440674,0.939697,-0.029541,-8.522034,51.002499,5.294799,1.038314353539428
12.37,-0.428467,0.936279,-0.027588,-7.308959,48.370358,5.325317,1.0300307925853478
12.38,-0.419922,0.933594,-0.02417,-6.301879,45.410152,5.203247,1.0239709135615132
12.39,-0.414551,0.938232,-0.021973,-5.729675,42.755123,4.78363,1.0259700922317374
12.4,-0.408447,0.945313,-0.024414,-5.348205,40.100098,4.524231,1.0300687662355363
12.41,-0.404053,0.954346,-0.025146,-5.020141,37.193298,4.470825,1.0366616785822653
12.42,-0.4021,0.95874,-0.029541,-4.150391,34.156799,4.53186,1.0400670498967843
12.43,-0.397217,0.959229,-0.029053,-2.952575,31.295774,4.570007,1.0386268320908139
12.44,-0.395996,0.961914,-0.025879,-2.418518,29.235838,5.264282,1.040558070485737
12.45,-0.403076,0.974854,-0.027832,-2.296448,27.725218,6.301879,1.0552654658027998
12.46,-0.405518,0.990479,-0.0354,-1.464844,26.000975,6.996154,1.0708625765078357
12.47,-0.404541,1.001465,-0.037842,0.495911,24.009703,7.568359,1.0807486219607223
12.48,-0.395996,1.00708,-0.040527,3.135681,21.957396,8.598328,1.0828967615359277
12.49,-0.387695,1.00415,-0.042725,6.103515,18.676758,9.666443,1.0772418768085468
12.5,-0.383057,0.994873,-0.046387,9.429932,13.72528,10.292052,1.0670785843352868
12.51,-0.385254,0.983643,-0.051025,12.46643,8.018494,10.543822,1.0576283593918991
12.52,-0.389648,0.973633,-0.060547,14.801024,3.211975,10.56671,1.0504535790800085
12.53,-0.390869,0.968262,-0.066406,16.838074,-0.671387,10.665893,1.046288503540491
12.54,-0.386963,0.957275,-0.071533,19.050598,-4.234314,10.612487,1.0350037483424879
12.55,-0.383301,0.943604,-0.074951,21.049498,-7.606506,10.19287,1.0212373954267442
12.56,-0.385986,0.932129,-0.074951,22.377012,-10.894774,10.047912,1.0116656153285037
12.57,-0.390869,0.927002,-0.081299,23.178099,-13.412475,10.124206,1.0093170020196827
12.58,-0.398438,0.920654,-0.085693,22.842405,-14.617919,9.933472,1.006826657279693
12.59,-0.399658,0.915527,-0.087646,22.056578,-15.136718,9.498596,1.002795106693785
12.6,-0.399658,0.910889,-0.087402,20.721434,-15.304564,8.674622,0.9985411342999345
12.61,-0.401855,0.909912,-0.08667,19.035339,-15.411376,7.705688,0.9984683158062654
12.62,-0.405273,0.905029,-0.084961,17.715454,-14.396667,7.232666,0.9952597986912763
12.63,-0.407227,0.904541,-0.085205,16.159058,-12.329101,6.958007,0.9956345425079426
12.64,-0.406006,0.900391,-0.08374,14.175414,-9.086609,6.774902,0.9912402395569906
12.65,-0.399902,0.900146,-0.08374,11.810302,-5.325317,6.29425,0.9885326593087352
12.66,-0.392578,0.899658,-0.080322,8.811951,-2.128601,5.828857,0.9848622374383129
12.67,-0.381348,0.898193,-0.082764,6.034851,0.62561,5.332946,0.9792991586073175
12.68,-0.376709,0.898193,-0.088135,3.39508,3.074646,5.226135,0.9779714280872422
12.69,-0.383057,0.901855,-0.100098,0.564575,5.851745,5.622863,0.9849338637076096
12.7,-0.385742,0.914063,-0.11084,-2.227783,9.498596,5.500793,0.998295329115087
12.71,-0.37793,0.924805,-0.12207,-4.53186,13.47351,5.279541,1.0064772515188805
12.72,-0.366455,0.92334,-0.131592,-6.011962,16.807556,5.378723,1.0020790772633665
12.73,-0.361816,0.924561,-0.129395,-7.041931,19.821167,5.91278,1.0012327035220134
12.74,-0.362305,0.929688,-0.131592,-7.751464,22.926329,6.568908,1.006429900605601
12.75,-0.360352,0.943604,-0.140137,-8.255005,26.718138,6.950378,1.0197452875542008
12.76,-0.358887,0.958008,-0.141846,-7.980346,30.700682,7.453918,1.0328114515965632
12.77,-0.358643,0.970947,-0.148438,-7.690429,34.324646,7.652282,1.0456561184739466
12.78,-0.356445,0.97876,-0.150635,-7.156372,37.994385,7.469177,1.0524804410771726
12.79,-0.345947,0.991455,-0.151611,-7.019042,41.78619,7.30133,1.0609657106405466
12.8,-0.331787,0.999756,-0.145996,-6.355285,44.860836,7.095336,1.0634422903575915
12.81,-0.331055,1.001221,-0.139404,-5.554199,47.233578,7.324218,1.0637078447966808
12.82,-0.327148,1.00293,-0.133789,-4.997253,49.690243,7.942199,1.0633879326591025
12.83,-0.322266,0.998291,-0.124512,-4.623413,51.757809,8.033752,1.056382285719048
12.84,-0.305176,0.990723,-0.115234,-4.951477,53.161617,8.117676,1.0430452187997412
12.85,-0.295654,0.980957,-0.111572,-5.271911,52.841183,8.003235,1.0305999392339396
12.86,-0.293457,0.970215,-0.109375,-5.584716,51.11694,7.026672,1.0195082381712273
12.87,-0.286133,0.959717,-0.106201,-6.156921,49.942013,5.783081,1.0070786792396114
12.88,-0.289551,0.949951,-0.118164,-7.240295,49.499508,4.936218,1.000104701967749
12.89,-0.294434,0.945801,-0.126953,-8.682251,50.048824,4.005432,0.9986731077614937
12.9,-0.280518,0.945313,-0.135498,-10.0708,51.23901,2.670288,0.9953224222818453
12.91,-0.266602,0.939209,-0.143311,-10.910033,51.704403,1.312256,0.9867766792978034
12.92,-0.256836,0.932861,-0.142334,-11.230468,52.139278,1.014709,0.9779843269567259
12.93,-0.243896,0.935791,-0.14624,-12.008666,51.475521,1.220703,0.9780471318382361
12.94,-0.239502,0.94458,-0.150879,-12.779235,49.354549,1.846313,0.9860816685472862
12.95,-0.237061,0.956055,-0.161865,-13.450622,45.967098,2.14386,0.9982180918872389
12.96,-0.238037,0.961426,-0.171631,-13.267516,42.015072,2.990722,1.0052157813156337
12.97,-0.244873,0.968506,-0.177002,-12.809752,37.963867,4.127502,1.0145424417780657
12.98,-0.244873,0.972412,-0.178223,-11.909484,33.843994,4.615784,1.01848481657902
12.99,-0.234863,0.972412,-0.170898,-10.879516,28.877256,4.676819,1.014865435866746
13.0,-0.230225,0.975098,-0.16626,-10.025024,22.514341,4.959106,1.0156092003467674
13.01,-0.23877,0.978271,-0.161377,-9.155273,15.296935,5.256652,1.0198371431115851
13.02,-0.251953,0.978516,-0.158447,-7.980346,7.995605,5.241394,1.0227801954838587
13.03,-0.266113,0.97876,-0.153076,-6.896972,2.258301,4.928589,1.0257775237082356
13.04,-0.271973,0.979004,-0.145508,-5.699157,-2.311707,4.554749,1.026445674553213
13.05,-0.279541,0.979248,-0.138916,-4.920959,-6.347656,3.814697,1.0277973882244495
13.06,-0.293457,0.982666,-0.132813,-4.264832,-9.689331,3.234863,1.0341125525657253
13.07,-0.300781,0.981934,-0.128906,-3.723144,-11.932372,2.693176,1.0350267374097153
13.08,-0.310059,0.982666,-0.124756,-3.14331,-13.275146,1.914978,1.0379465836800081
13.09,-0.32251,0.977051,-0.12085,-3.204345,-13.748168,0.663757,1.035975906670131
13.1,-0.327637,0.959961,-0.11792,-3.288269,-12.825011,-0.366211,1.0211641649068968
13.11,-0.329102,0.948486,-0.11792,-3.753662,-10.414123,-1.312256,1.010860497299207
13.12,-0.330566,0.944092,-0.118408,-4.226685,-7.232666,-2.311707,1.0072755528076713
13.13,-0.321045,0.944336,-0.120605,-5.027771,-3.730774,-2.914428,1.004682008869473
13.14,-0.316895,0.9375,-0.121826,-4.91333,-0.534058,-3.15094,0.9970808719963491
13.15,-0.310059,0.938721,-0.125244,-5.142211,2.113342,-3.204345,0.9965037676085324
13.16,-0.306396,0.943604,-0.127686,-5.40924,4.348755,-3.051758,1.0002853254087056
13.17,-0.296143,0.946289,-0.123779,-5.40924,5.851745,-3.02124,0.9992421072047555
13.18,-0.277344,0.946289,-0.124268,-5.310058,6.729125,-2.853393,0.9938939086648032
13.19,-0.276123,0.950928,-0.122803,-5.439758,6.179809,-2.059937,0.9977918365681291
13.2,-0.289795,0.959473,-0.123291,-6.072998,5.40924,-1.571655,1.0098367444468437
13.21,-0.289795,0.972656,-0.124756,-6.210327,5.40924,-1.861572,1.0225482364646667
13.22,-0.281494,0.977783,-0.118164,-6.126403,5.332946,-1.945495,1.0243345147074758
13.23,-0.281738,0.976074,-0.110352,-6.019592,3.860473,-1.777649,1.0218974107140109
13.24,-0.286377,0.973633,-0.105225,-5.813598,1.792908,-1.930237,1.0203162771626257
13.25,-0.282715,0.97998,-0.111572,-5.844116,-0.320435,-2.449036,1.026029669555905
13.26,-0.286133,0.983887,-0.11377,-5.737304,-2.227783,-2.845764,1.0309458450170892
13.27,-0.292969,0.980957,-0.116699,-5.096435,-3.608703,-2.708435,1.0304009546826904
13.28,-0.281494,0.971924,-0.116455,-4.325867,-5.317688,-3.364563,1.0185464647412998
13.29,-0.282715,0.963379,-0.108398,-3.547668,-7.80487,-4.165649,1.0098400840083543
13.3,-0.287354,0.966064,-0.107422,-3.410339,-10.482787,-4.600525,1.013603206139365
13.31,-0.284668,0.973877,-0.107666,-3.158569,-12.817382,-5.53894,1.0203255602546668
13.32,-0.276367,0.970703,-0.104736,-2.449036,-15.678405,-6.134033,1.0146983111220793
13.33,-0.279541,0.966064,-0.0979,-1.602173,-19.691467,-6.027221,1.0104490253233955
13.34,-0.303467,0.963379,-0.096191,-1.335144,-23.620604,-6.118774,1.0146152109105204
13.35,-0.320313,0.967285,-0.09668,-0.938415,-25.650023,-6.614685,1.0235173235436712
13.36,-0.324463,0.9729,-0.102051,-0.50354,-25.863646,-6.782531,1.0306430298459306
13.37,-0.313965,0.970459,-0.104248,0.061035,-25.42877,-6.484985,1.0252962193483404
13.38,-0.314209,0.9646,-0.099121,0.595093,-25.947569,-6.286621,1.0193161571965785
13.39,-0.319336,0.961914,-0.095459,0.640869,-27.153013,-6.54602,1.0180208470227907
13.4,-0.323486,0.961914,-0.095947,0.663757,-28.091429,-6.813049,1.019376065248248
13.41,-0.328857,0.9646,-0.0979,0.839233,-28.648375,-6.835937,1.0238088183098444
13.42,-0.337158,0.966309,-0.101563,0.63324,-28.648375,-6.683349,1.0284666467192798
13.43,-0.342529,0.965332,-0.103271,0.892639,-27.9541,-6.66809,1.0294935092102329
13.44,-0.341064,0.962646,-0.103516,1.037598,-27.229307,-6.805419,1.0265123163742362
13.45,-0.340576,0.958496,-0.10376,0.88501,-26.840208,-6.767272,1.0224836093512697
13.46,-0.343994,0.956787,-0.104248,0.717163,-26.893614,-6.904602,1.0220767490306195
13.47,-0.344482,0.953857,-0.110352,0.915527,-27.397154,-7.316589,1.0201414552291266
13.48,-0.351318,0.955566,-0.110352,1.358032,-28.053282,-7.759094,1.024064588482582
13.49,-0.346924,0.959229,-0.109375,1.754761,-28.671263,-8.270264,1.0258847044585468
13.5,-0.34375,0.956299,-0.107422,2.479553,-29.571531,-8.613586,1.0218665891323582
13.51,-0.351318,0.956543,-0.101318,2.799988,-31.005857,-8.56781,1.0240430582241158
13.52,-0.359863,0.958496,-0.09668,3.128052,-31.867979,-8.43811,1.0283788130766793
13.53,-0.367676,0.956299,-0.093018,3.356933,-31.806944,-8.224487,1.0287593337127008
13.54,-0.373047,0.958008,-0.086426,3.173828,-30.830381,-8.262634,1.0317038556431783
13.55,-0.370117,0.958252,-0.090576,2.555847,-29.327391,-8.422852,1.0312310609019688
13.56,-0.36084,0.955322,-0.093262,2.029419,-28.190611,-8.621216,1.0254479167310253
13.57,-0.358398,0.953125,-0.096924,1.548767,-27.94647,-8.842468,1.0228834996249572
13.58,-0.359375,0.952148,-0.10498,1.342773,-27.908323,-9.109497,1.0231114332901379
13.59,-0.372559,0.95166,-0.103516,1.266479,-27.801512,-9.223938,1.0272159102822542
13.6,-0.382568,0.95459,-0.109619,1.274109,-26.840208,-9.559631,1.0342227361091034
13.61,-0.383545,0.954834,-0.112061,1.098633,-24.841307,-9.735107,1.0350712063921013
13.62,-0.378418,0.953613,-0.115479,0.984192,-22.552488,-9.57489,1.0324307899002239
13.63,-0.36792,0.955566,-0.112305,1.037598,-20.88928,-9.468079,1.0300892775779196
13.64,-0.363037,0.953613,-0.106934,1.052856,-20.103453,-9.498596,1.0259671035145328
13.65,-0.368164,0.952148,-0.101074,0.656128,-19.760132,-9.45282,1.0258394115435419
13.66,-0.377686,0.951172,-0.094482,0.167847,-18.928528,-9.651184,1.0277654092758717
13.67,-0.38916,0.955078,-0.094727,-0.480652,-17.181396,-9.803772,1.0356605120467808
13.68,-0.406494,0.958984,-0.090576,-0.709534,-14.343261,-9.83429,1.0455102563188943
13.69,-0.40332,0.965088,-0.088135,-0.808716,-10.337829,-10.093688,1.0496807363998826
13.7,-0.392822,0.967041,-0.083984,-0.869751,-6.278991,-10.353087,1.0471536332463351
13.71,-0.394043,0.965332,-0.078125,-0.953674,-3.128052,-10.742187,1.045580829825222
13.72,-0.392578,0.964111,-0.074707,-1.480102,-0.396728,-11.45935,1.0436515904524843
13.73,-0.386475,0.964355,-0.072266,-1.983642,2.349854,-12.268065,1.0414249211565854
13.74,-0.383545,0.9646,-0.067871,-2.464294,4.737854,-12.512206,1.0402722718913544
13.75,-0.38208,0.966553,-0.064453,-2.89154,6.401062,-12.7182,1.0413280066424797
13.76,-0.383789,0.969727,-0.062988,-3.074646,7.644653,-12.519835,1.0448119157025344
13.77,-0.381592,0.973145,-0.066406,-2.655029,8.552551,-11.772155,1.0473936233933259
13.78,-0.376465,0.979004,-0.069336,-1.754761,8.926392,-10.429381,1.0511813397968022
13.79,-0.375488,0.983398,-0.071533,-0.267029,8.926392,-8.850098,1.055073378792679
13.8,-0.374756,0.980713,-0.07373,1.472473,8.613586,-7.408142,1.0524619521887715
13.81,-0.370605,0.969482,-0.073486,3.059387,8.659363,-6.240844,1.0405016129468516
13.82,-0.362793,0.958252,-0.072021,4.104614,8.750916,-5.073547,1.0271575734978542
13.83,-0.35498,0.951904,-0.06665,4.417419,8.407593,-4.142761,1.0181229042291504
13.84,-0.351318,0.955322,-0.065918,4.379272,7.232666,-3.494262,1.0200047272106145
13.85,-0.350098,0.958252,-0.064697,4.310608,5.500793,-3.082275,1.022253005335274
13.86,-0.348145,0.959473,-0.061279,4.53949,3.39508,-2.754211,1.0225206572950005
13.87,-0.350342,0.956543,-0.056152,4.760742,1.419067,-2.227783,1.020228932601404
13.88,-0.355713,0.949219,-0.052734,4.66156,0.053406,-1.548767,1.0150513893818383
13.89,-0.358154,0.940186,-0.049072,4.196167,-0.770569,-1.197815,1.0072894636081526
13.9,-0.359863,0.937744,-0.045654,3.242492,-1.25885,-0.976562,1.005459833121642
13.91,-0.359619,0.936768,-0.046387,2.151489,-1.853943,-0.526428,1.0044958261506118
13.92,-0.360107,0.93335,-0.043701,1.228333,-2.784729,0.007629,1.0013635959780043
13.93,-0.362793,0.932129,-0.040771,0.488281,-3.936767,0.602722,1.0010721791814015
13.94,-0.36792,0.937256,-0.041992,-0.366211,-5.111694,1.190186,1.007758534570658
13.95,-0.369873,0.939209,-0.043701,-0.732422,-6.378173,1.838684,1.0103610043994176
13.96,-0.375732,0.940918,-0.047363,-0.823975,-7.713317,2.586365,1.0142704138034393
13.97,-0.382813,0.94165,-0.049561,-0.907898,-9.208679,3.166198,1.017696815456352
13.98,-0.391357,0.943604,-0.050293,-0.770569,-10.604857,3.494262,1.0227796420119046
13.99,-0.401611,0.946289,-0.054199,-0.495911,-11.863708,3.631592,1.0294133273097839
14.0,-0.40918,0.942871,-0.054932,-0.091553,-12.893676,3.501892,1.0292966140355266
14.01,-0.414551,0.938232,-0.050537,0.244141,-13.59558,3.204345,1.0269789704731056
14.02,-0.416992,0.936768,-0.048828,0.175476,-14.122008,2.746582,1.0265479956982042
14.03,-0.421143,0.942383,-0.051758,0.099182,-14.411925,2.227783,1.033501831494265
14.04,-0.42749,0.944824,-0.055664,0.1297,-14.320373,1.63269,1.03852711662816
14.05,-0.433105,0.945801,-0.052734,0.1297,-13.458251,1.174927,1.0415854969141995
14.06,-0.438477,0.943115,-0.056396,0.343323,-11.940001,0.671387,1.0415894064217435
14.07,-0.437012,0.943848,-0.055664,0.671387,-9.796143,0.213623,1.0415982988388566
14.08,-0.432861,0.943115,-0.055176,0.953674,-7.217407,-0.144958,1.0391722376593786
14.09,-0.431885,0.94458,-0.051758,0.862122,-4.974365,-0.480652,1.0399206316777256
14.1,-0.427246,0.949219,-0.053467,0.595093,-2.967834,-0.541687,1.0423121291465431
14.11,-0.422119,0.947266,-0.053223,0.25177,-0.740051,-0.602722,1.0384267006611492
14.12,-0.412354,0.943359,-0.053955,0.083923,1.121521,-0.556946,1.0309574027194333
14.13,-0.402832,0.944336,-0.052734,-0.160217,2.372742,-0.671387,1.028019929707591
14.14,-0.398926,0.954102,-0.054932,-0.602722,2.868652,-0.572205,1.0356013250783334
14.15,-0.395752,0.960449,-0.061523,-0.305176,3.204345,-0.320435,1.0406089595203376
14.16,-0.390381,0.959961,-0.067383,-0.083923,3.837585,-0.175476,1.038490691037238
14.17,-0.389648,0.956543,-0.067383,0.0,4.463196,-0.022888,1.0350558165828547
14.18,-0.385742,0.953857,-0.068359,0.106812,5.058288,0.167847,1.031170703566582
14.19,-0.383301,0.951416,-0.06958,0.411987,5.40924,0.312805,1.028082408203253
14.2,-0.379883,0.947266,-0.066162,1.098633,5.027771,0.549316,1.0227420880598392
14.21,-0.375977,0.945313,-0.066895,1.449585,4.302979,0.679016,1.0195343611291383
14.22,-0.375488,0.94751,-0.064209,1.525879,3.173828,0.747681,1.0212194837178734
14.23,-0.373779,0.950195,-0.065674,1.655578,1.747131,0.915527,1.0231785538907665
14.24,-0.373779,0.952881,-0.063965,2.075195,0.198364,1.037598,1.0255654353706545
14.25,-0.375977,0.952148,-0.067139,2.433777,0.328064,1.487732,1.0258909122094804
14.26,-0.377197,0.955322,-0.064209,2.5177,1.976013,2.235413,1.029096932350884
14.27,-0.369873,0.95874,-0.066406,2.784729,3.059387,2.662658,1.0297563695190237
14.28,-0.363281,0.961426,-0.066895,3.356933,3.067016,2.929687,1.029945619662514
14.29,-0.359863,0.959717,-0.065674,3.784179,2.540588,3.494262,1.027069215356979
14.3,-0.359619,0.959961,-0.064209,4.180908,1.182556,3.890991,1.0271191471114731
14.31,-0.359619,0.962646,-0.063232,4.28772,-0.724792,4.150391,1.0295685660998979
14.32,-0.362061,0.967773,-0.062744,4.295349,-2.861023,4.142761,1.0351857595552598
14.33,-0.365967,0.96875,-0.065918,4.394531,-5.180358,4.104614,1.0376673794203033
14.34,-0.368408,0.96875,-0.069824,4.920959,-7.362365,3.837585,1.0387860260611903
14.35,-0.371094,0.962646,-0.075439,5.622863,-9.361267,3.578186,1.034451120581828
14.36,-0.374268,0.953613,-0.078369,6.29425,-11.245727,3.341675,1.0274220115191226
14.37,-0.374756,0.947266,-0.07666,6.996154,-12.832641,2.952575,1.0215829334381032
14.38,-0.376221,0.942139,-0.074707,7.56073,-14.511107,2.380371,1.0172262639211593
14.39,-0.379639,0.937012,-0.074463,7.827758,-16.311646,2.220154,1.0137366506317111
14.4,-0.384766,0.929443,-0.077393,7.919311,-17.776489,2.14386,1.0089097290907645
14.41,-0.391602,0.923828,-0.080811,7.621765,-18.592834,1.785278,1.0066482591794415
14.42,-0.395996,0.921387,-0.081299,7.003784,-18.859863,1.480102,1.0061691523725023
14.43,-0.401367,0.922119,-0.077148,5.958557,-18.699646,1.205444,1.0086380583509627
14.44,-0.404053,0.925293,-0.074951,4.974365,-18.501282,1.052856,1.0124443762790132
14.45,-0.407959,0.930908,-0.075928,4.356384,-18.302917,1.106262,1.0192081786018987
14.46,-0.414795,0.931885,-0.078369,4.112244,-18.013,1.419067,1.023037753658681
14.47,-0.422607,0.929688,-0.078613,3.761291,-17.39502,1.647949,1.0242540981426436
14.48,-0.429932,0.927734,-0.077637,3.280639,-16.288757,1.686096,1.0254557051130975
14.49,-0.432617,0.929443,-0.07959,2.746582,-14.72473,1.487732,1.0282783315027113
14.5,-0.435303,0.931885,-0.073975,2.01416,-12.924193,1.25885,1.0311986499501442
14.51,-0.438232,0.937256,-0.077393,1.571655,-10.82611,0.862122,1.0375383230555872
14.52,-0.441895,0.940674,-0.079102,1.533508,-8.590698,0.534058,1.042303166888118
14.53,-0.438477,0.937744,-0.07959,1.617432,-6.072998,0.312805,1.0382487453231042
14.54,-0.437744,0.936523,-0.078613,1.335144,-3.295898,-0.053406,1.0367618544458512
14.55,-0.433838,0.938721,-0.077881,0.923157,-0.816345,-0.473022,1.037052542664064
14.56,-0.430664,0.940918,-0.075928,0.38147,1.502991,-1.098633,1.037575647750081
14.57,-0.424561,0.940918,-0.073975,0.106812,3.379822,-1.808166,1.034915951210532
14.58,-0.419434,0.943359,-0.07373,0.022888,5.012512,-2.532959,1.035030046006878
14.59,-0.41626,0.94458,-0.076904,-0.1297,6.462097,-3.074646,1.0350932273066036
14.6,-0.410889,0.950195,-0.076172,-0.183105,7.8125,-3.547668,1.0380281701042608
14.61,-0.403076,0.951172,-0.074707,-0.022888,9.056091,-4.150391,1.0357507283169054
14.62,-0.391846,0.950684,-0.073975,0.198364,9.727478,-4.638672,1.0309295107799563
14.63,-0.383057,0.951416,-0.074219,0.267029,9.773254,-4.875183,1.0283158708616726
14.64,-0.382324,0.952637,-0.072021,0.312805,9.559631,-5.050659,1.0290169673946101
14.65,-0.375977,0.950439,-0.075684,0.846863,9.223938,-5.218505,1.0249005147359427
14.66,-0.367432,0.946777,-0.073975,1.411438,8.460999,-5.195617,1.0182658115531524
14.67,-0.358643,0.942139,-0.077148,1.976013,6.843566,-5.104064,1.0110403111023811
14.68,-0.352295,0.944092,-0.074951,2.586365,4.325867,-4.920959,1.0104648058641132
14.69,-0.348389,0.944336,-0.074463,3.051758,1.022339,-4.676819,1.0093017955923786
14.7,-0.346436,0.947266,-0.071777,3.486633,-2.700805,-4.341125,1.0111788736821
14.71,-0.3479,0.945557,-0.069824,3.837585,-6.607055,-3.936767,1.009944474327673
14.72,-0.355469,0.943604,-0.069824,4.104614,-10.330199,-3.593445,1.0107532388041107
14.73,-0.364502,0.947266,-0.06543,4.28772,-13.374328,-3.303528,1.0170819375350246
14.74,-0.367188,0.947266,-0.064941,4.440308,-15.701293,-3.036499,1.018016323828356
14.75,-0.371094,0.942627,-0.064941,4.562378,-17.555237,-2.754211,1.015122530262234
14.76,-0.378418,0.944336,-0.064453,4.684448,-19.226074,-2.403259,1.0193747362128414
14.77,-0.386719,0.947754,-0.064453,4.707336,-20.339964,-1.914978,1.0256429294281708
14.78,-0.392822,0.948242,-0.065918,4.753113,-20.881651,-1.495361,1.028502404942254
14.79,-0.398193,0.941895,-0.06665,4.776001,-20.904539,-1.213074,1.0247761115355882
14.8,-0.406494,0.934814,-0.067627,4.638672,-20.729063,-0.923157,1.0216104921940652
14.81,-0.417725,0.939697,-0.067627,4.264832,-20.149229,-0.709534,1.0305814080231603
14.82,-0.418701,0.94165,-0.068604,4.150391,-18.623352,-0.564575,1.0328222299684493
14.83,-0.420654,0.940674,-0.069092,4.043579,-16.998291,-0.396728,1.0327589585455068
14.84,-0.423584,0.945557,-0.067139,3.868103,-15.35797,-0.427246,1.03827216596902
14.85,-0.423096,0.94751,-0.068848,3.64685,-14.030456,-0.587463,1.0399641688154453
14.86,-0.423584,0.946533,-0.071533,3.494262,-12.878417,-0.663757,1.039454229504118
14.87,-0.424805,0.943604,-0.072754,3.509521,-11.71112,-0.801086,1.037372132533451
14.88,-0.42627,0.943359,-0.075439,3.387451,-10.482787,-0.961304,1.0379418858982423
14.89,-0.423828,0.939941,-0.074219,3.181457,-9.178162,-1.106262,1.033744512452666
14.9,-0.420654,0.939697,-0.077148,3.105163,-7.92694,-1.25885,1.032439854630283
14.91,-0.418457,0.940918,-0.078613,2.838135,-6.79779,-1.350403,1.0327695519049735
14.92,-0.41333,0.938965,-0.077148,2.601623,-6.057739,-1.564026,1.028809396355321
14.93,-0.410156,0.935547,-0.073975,2.357483,-5.615234,-1.747131,1.0241818364772928
14.94,-0.407227,0.937256,-0.073242,1.937866,-5.256652,-1.945495,1.024522830213656
14.95,-0.406982,0.937256,-0.069824,1.831055,-5.027771,-2.006531,1.0241867743902964
14.96,-0.404541,0.936035,-0.071533,1.937866,-4.699707,-2.090454,1.022219111538715
14.97,-0.400391,0.94043,-0.068359,1.823425,-4.341125,-1.914978,1.024399575684215
14.98,-0.395264,0.944336,-0.070068,1.777649,-4.318237,-1.617432,1.026115800100554
14.99,-0.394775,0.94458,-0.067383,1.937866,-4.608154,-1.190186,1.0259722928588275
15.0,-0.4021,0.94458,-0.06665,1.846313,-5.104064,-0.915527,1.0287652836774772
15.01,-0.405029,0.947266,-0.067383,2.006531,-5.104064,-1.13678,1.032425219706493
15.02,-0.40332,0.951416,-0.070068,1.960754,-4.486084,-0.946045,1.035745602008524
15.03,-0.402832,0.954102,-0.068848,1.930237,-4.112244,-0.587463,1.0379423364195142
15.04,-0.40332,0.953857,-0.069336,1.937866,-3.952026,-0.396728,1.0379391503094004
15.05,-0.402344,0.951416,-0.074219,2.105713,-3.952026,-0.175476,1.0356551353384968
15.06,-0.403564,0.949463,-0.07959,2.510071,-4.066467,-0.221252,1.0347359366355264
15.07,-0.401123,0.945557,-0.078125,3.028869,-4.272461,-0.328064,1.0300879656626418
15.08,-0.402832,0.944824,-0.075928,3.288269,-4.653931,-0.534058,1.0299179930382807
15.09,-0.404053,0.945313,-0.077881,3.52478,-5.058288,-0.648498,1.0309902739303605
15.1,-0.404785,0.937988,-0.080811,3.761291,-5.493164,-0.587463,1.0247940291053612
15.11,-0.403076,0.93335,-0.080322,3.860473,-5.760192,-0.686645,1.0198353337475614
15.12,-0.406006,0.929443,-0.076172,3.761291,-6.072998,-0.854492,1.0171073374374013
15.13,-0.409424,0.932861,-0.070557,3.334045,-6.149292,-0.953674,1.0211933937046402
15.14,-0.410645,0.934814,-0.066162,2.990722,-5.729675,-1.281738,1.023173465676764
15.15,-0.406738,0.932861,-0.059814,2.578735,-5.439758,-1.403808,1.0194327641198315
15.16,-0.412354,0.9375,-0.060303,2.01416,-5.53894,-1.235962,1.0259524955498671
15.17,-0.419678,0.941406,-0.063965,1.716614,-5.134582,-1.174927,1.0326986015992274
15.18,-0.420898,0.939209,-0.063721,1.289368,-3.761291,-1.174927,1.0311784704531024
15.19,-0.418701,0.935547,-0.061768,1.00708,-2.365112,-1.235962,1.0268271531440918
15.2,-0.415771,0.932129,-0.063232,0.801086,-1.037598,-1.213074,1.0226085677843697
15.21,-0.415527,0.936035,-0.066162,0.511169,0.053406,-1.045227,1.0262561177396214
15.22,-0.412109,0.939697,-0.064697,0.480652,0.808716,-0.938415,1.028129360294219
15.23,-0.408447,0.94043,-0.071289,0.389099,1.495361,-0.968933,1.0277741280213273
15.24,-0.405762,0.941895,-0.075439,0.320435,1.754761,-1.235962,1.0283482067811467
15.25,-0.401611,0.944092,-0.074707,0.411987,1.701355,-1.312256,1.0286798508933672
15.26,-0.400391,0.946289,-0.073975,0.358582,1.464844,-1.220703,1.0301689788704569
15.27,-0.398438,0.947021,-0.077881,0.228882,1.113892,-1.411438,1.0303722940985942
15.28,-0.395508,0.948242,-0.080566,0.350952,0.63324,-1.403808,1.0305728256576534
15.29,-0.395752,0.948242,-0.084961,0.50354,0.099182,-1.106262,1.0310193536442465
15.3,-0.399658,0.945068,-0.084717,0.724792,-0.335693,-0.87738,1.029590701044352
15.31,-0.406494,0.947021,-0.084717,0.747681,-0.144958,-0.587463,1.0340517958816182
15.32,-0.404297,0.948242,-0.081055,0.869751,0.526428,-0.572205,1.0340158933971955
15.33,-0.400635,0.943848,-0.078613,1.022339,1.121521,-0.442505,1.028366400704535
15.34,-0.404297,0.944824,-0.079102,0.862122,1.319885,-0.221252,1.0307306057302266
15.35,-0.409424,0.944824,-0.077881,0.846863,1.907349,-0.12207,1.0326596016660088
15.36,-0.407471,0.941162,-0.076904,0.839233,2.89154,-0.114441,1.0284613513890546
15.37,-0.40332,0.938721,-0.073242,0.808716,3.684997,-0.045776,1.0243185680270568
15.38,-0.40625,0.941162,-0.069092,0.205994,4.074097,0.114441,1.027423319381062
15.39,-0.408447,0.944336,-0.070313,-0.205994,4.547119,0.183105,1.031282381636572
15.4,-0.401367,0.943115,-0.067383,-0.358582,5.393981,0.37384,1.027181503242246
15.41,-0.393799,0.936279,-0.067139,-0.38147,5.79071,0.50354,1.0179408939437495
15.42,-0.392578,0.935791,-0.067383,-0.480652,5.233764,0.648498,1.017036258180602
15.43,-0.396973,0.941406,-0.068359,-0.663757,4.554749,0.816345,1.0239657086279794
15.44,-0.400146,0.944092,-0.07251,-0.610352,4.478455,0.892639,1.0279514705860389
15.45,-0.391846,0.942383,-0.077393,-0.442505,4.371643,0.88501,1.0235324532490409
15.46,-0.389648,0.940674,-0.07666,-0.488281,3.707886,0.923157,1.021063119390765
15.47,-0.39624,0.942383,-0.07666,-0.602722,2.738952,0.785828,1.0251676018529847
15.48,-0.397461,0.942139,-0.072998,-0.75531,2.006531,0.457764,1.025148696456275
15.49,-0.398438,0.941895,-0.072754,-0.770569,1.617432,0.144958,1.0252863870085276
15.5,-0.402832,0.943115,-0.075195,-0.656128,1.190186,-0.053406,1.0282965581358328
15.51,-0.4021,0.943359,-0.078369,-0.663757,0.991821,-0.091553,1.0284708615425135
15.52,-0.400391,0.942139,-0.083252,-0.518799,1.281738,-0.12207,1.0270685194795914
15.53,-0.395508,0.9375,-0.081543,-0.335693,1.106262,-0.160217,1.0207752391751086
15.54,-0.39209,0.94043,-0.077393,-0.320435,0.663757,-0.114441,1.0218281800033702
15.55,-0.383301,0.940674,-0.074463,-0.518799,0.045776,-0.160217,1.0184949529801313
15.56,-0.371582,0.942871,-0.072754,-0.411987,-1.472473,-0.083923,1.0160571095568398
15.57,-0.371826,0.941895,-0.074463,-0.335693,-3.89862,0.205994,1.0153647146075149
15.58,-0.401367,0.943848,-0.079834,-0.228882,-6.16455,0.411987,1.0287458302948305
15.59,-0.433594,0.944092,-0.08374,-0.091553,-6.210327,0.061035,1.0422695663310906
15.6,-0.433838,0.9375,-0.08252,0.007629,-3.364563,-0.50354,1.0363065234977535
15.61,-0.417969,0.938477,-0.081787,-0.25177,-0.190735,-0.709534,1.030595108594544
15.62,-0.402832,0.943359,-0.084961,-0.640869,1.197815,-0.747681,1.0292804256498809
15.63,-0.393311,0.940918,-0.080566,-0.801086,1.152039,-0.579834,1.0229912540197985
15.64,-0.393555,0.937744,-0.074463,-0.907898,0.541687,-0.549316,1.0197029400418536
15.65,-0.399658,0.94165,-0.071289,-1.014709,0.350952,-0.457764,1.0254332552560406
15.66,-0.397461,0.940918,-0.068604,-1.296997,0.747681,-0.259399,1.0237228326363539
15.67,-0.394287,0.940186,-0.064209,-1.609802,0.892639,-0.015259,1.021535485749761
15.68,-0.393311,0.941895,-0.065186,-2.067566,0.488281,0.106812,1.0227946755541897
15.69,-0.398193,0.945313,-0.069336,-2.342224,0.289917,0.183105,1.0280962085884764
15.7,-0.399902,0.945313,-0.072754,-2.311707,0.564575,0.297546,1.0289953459996795
15.71,-0.397461,0.939209,-0.073486,-2.166748,0.968933,0.37384,1.0224915571279793
15.72,-0.39624,0.9375,-0.072266,-1.968384,0.808716,0.411987,1.0203601140558172
15.73,-0.39917,0.939453,-0.070068,-1.88446,0.396728,0.335693,1.0231413161108294
15.74,-0.398682,0.943359,-0.071289,-2.044678,-0.1297,0.434875,1.0266234273218198
15.75,-0.397217,0.942383,-0.072754,-2.105713,-0.38147,0.541687,1.0252610439756307
15.76,-0.39917,0.940918,-0.076416,-2.128601,-0.709534,0.511169,1.024940377134202
15.77,-0.399658,0.941895,-0.076416,-2.052307,-1.121521,0.450134,1.0260273451740942
15.78,-0.400879,0.943848,-0.07373,-1.998901,-1.182556,0.25177,1.0280997678460004
15.79,-0.399902,0.944092,-0.074219,-1.670837,-1.197815,0.221252,1.027978489088658
15.8,-0.399658,0.947754,-0.072021,-1.602173,-1.220703,0.1297,1.0310922295900595
15.81,-0.401123,0.950928,-0.071533,-1.472473,-1.365662,0.183105,1.0345437121755658
15.82,-0.399902,0.949219,-0.06958,-1.411438,-1.861572,0.1297,1.032366066841118
15.83,-0.398926,0.949951,-0.071533,-1.281738,-2.456665,-0.083923,1.032795151986104
15.84,-0.397461,0.943359,-0.070801,-1.113892,-3.219604,-0.160217,1.0261160904122884
15.85,-0.395996,0.942383,-0.067627,-1.091003,-3.982544,-0.205994,1.0244373879520405
15.86,-0.397217,0.945557,-0.070068,-1.060486,-4.852295,-0.221252,1.0279926604611533
15.87,-0.39624,0.94873,-0.072754,-0.923157,-5.928039,-0.198364,1.030722026065224
15.88,-0.401367,0.950195,-0.075928,-0.526428,-7.102966,-0.205994,1.0342780418717203
15.89,-0.406494,0.948486,-0.079102,-0.167847,-8.079529,-0.152588,1.034949366218464
15.9,-0.407959,0.943848,-0.080322,0.358582,-8.399963,-0.022888,1.0313734612006458
15.91,-0.414307,0.945557,-0.07959,0.656128,-8.056641,0.030518,1.03540470280852
15.92,-0.418701,0.943115,-0.079102,1.014709,-7.240295,0.137329,1.0349075113409894
15.93,-0.417969,0.937744,-0.082764,1.373291,-6.217956,-0.007629,1.0300057156118114
15.94,-0.414551,0.931396,-0.084229,1.655578,-5.630493,-0.358582,1.022959219547876
15.95,-0.413574,0.928223,-0.081055,1.686096,-5.607605,-0.556946,1.0194171394625462
15.96,-0.418213,0.928711,-0.077148,1.403808,-5.561828,-0.686645,1.0214489947099659
15.97,-0.421631,0.931885,-0.075684,0.930786,-5.088806,-1.022339,1.0256268430779296
15.98,-0.420654,0.929199,-0.07373,0.541687,-3.929138,-1.426697,1.0226420107823655
15.99,-0.414551,0.926514,-0.068848,0.015259,-2.655029,-1.449585,1.0173597057584893
16.0,-0.415283,0.929199,-0.062012,-0.488281,-1.51062,-1.487732,1.01966476835968
16.01,-0.418701,0.938721,-0.060303,-0.976562,-0.12207,-1.403808,1.0296329904635924
16.02,-0.414307,0.943359,-0.063477,-1.144409,1.571655,-1.411438,1.0322818523344288
16.03,-0.405518,0.940186,-0.061523,-1.426697,2.792358,-1.213074,1.025758081834601
16.04,-0.407959,0.942871,-0.063721,-1.747131,2.929687,-0.991821,1.0293185290098492
16.05,-0.409912,0.948486,-0.064697,-2.037048,3.089905,-0.869751,1.0352966926195601
16.06,-0.408936,0.949219,-0.067627,-1.922607,3.921509,-0.892639,1.0357696525704931
16.07,-0.407959,0.949463,-0.068604,-1.586914,4.890442,-0.854492,1.03567226614697
16.08,-0.404785,0.946289,-0.068848,-1.480102,5.439758,-0.63324,1.0315298419580503
16.09,-0.398926,0.942871,-0.071045,-1.38855,5.584716,-0.762939,1.0262529260089834
16.1,-0.392578,0.941406,-0.070313,-1.060486,5.203247,-0.854492,1.0224023967543308
16.11,-0.391113,0.942383,-0.071045,-0.801086,4.341125,-0.907898,1.022791518093008
16.12,-0.393066,0.943359,-0.070557,-0.450134,3.39508,-1.052856,1.0244048874766267
16.13,-0.392334,0.943604,-0.068848,-0.305176,2.731323,-1.251221,1.024233627389767
16.14,-0.388916,0.944092,-0.066895,-0.236511,2.120972,-1.304626,1.0232498719985261
16.15,-0.386963,0.94165,-0.064941,-0.190735,1.358032,-1.426697,1.0201286288257967
16.16,-0.388184,0.941895,-0.060547,-0.549316,0.404358,-1.419067,1.020548356566214
16.17,-0.396973,0.946045,-0.060303,-0.785828,-0.312805,-1.335144,1.0277281530458335
16.18,-0.399414,0.946533,-0.064453,-0.701904,-0.350952,-1.197815,1.0293738158191124
16.19,-0.394287,0.943848,-0.062988,-0.610352,-0.160217,-0.930786,1.0248310951649544
16.2,-0.39624,0.9375,-0.061035,-0.701904,-0.411987,-0.793457,1.0196262348650118
16.21,-0.397949,0.937012,-0.058838,-0.63324,-0.679016,-0.785828,1.019714080019002
16.22,-0.399658,0.939697,-0.059814,-0.701904,-0.732422,-0.793457,1.022905021675522
16.23,-0.400635,0.942139,-0.060059,-0.816345,-0.656128,-0.62561,1.0255444320101397
16.24,-0.399902,0.946533,-0.062256,-0.808716,-0.610352,-0.587463,1.0294280641351292
16.25,-0.400391,0.945557,-0.062012,-1.00708,-0.679016,-0.518799,1.0287062171844787
16.26,-0.404297,0.946533,-0.062744,-1.091003,-0.511169,-0.488281,1.031172921402613
16.27,-0.405518,0.948242,-0.062988,-1.213074,0.343323,-0.526428,1.0332353202596203
16.28,-0.40332,0.947021,-0.062256,-1.281738,1.197815,-0.457764,1.0312088083298165
16.29,-0.396484,0.946533,-0.0625,-1.296997,1.663208,-0.366211,1.0281199017356877
16.3,-0.394531,0.94458,-0.065918,-1.182556,1.647949,-0.328064,1.0257832466388794
16.31,-0.39624,0.945557,-0.066895,-1.205444,1.434326,-0.274658,1.0274040679664451
16.32,-0.394775,0.945801,-0.069092,-0.938415,1.205444,-0.244141,1.0272100742740016
16.33,-0.391357,0.946045,-0.066406,-0.770569,0.656128,-0.099182,1.0259489267551285
16.34,-0.39209,0.949951,-0.066895,-0.762939,0.015259,-0.061035,1.0298623264912645
16.35,-0.393555,0.947754,-0.06958,-0.610352,-0.396728,-0.137329,1.0285740415453812
16.36,-0.391113,0.943848,-0.068604,-0.442505,-0.663757,-0.221252,1.0239750654625337
16.37,-0.394287,0.943604,-0.065674,-0.282288,-0.991821,-0.205994,1.024775010166134
16.38,-0.397705,0.945557,-0.063965,-0.312805,-1.205444,-0.358582,1.0277834540889437
16.39,-0.391602,0.94458,-0.061768,-0.320435,-1.541138,-0.465393,1.024401673479695
16.4,-0.389893,0.942871,-0.060791,-0.335693,-2.326965,-0.282288,1.022114386833
16.41,-0.400391,0.948242,-0.061035,-0.404358,-3.013611,-0.236511,1.0311164408882247
16.42,-0.400146,0.948486,-0.062988,-0.427246,-2.792358,-0.244141,1.0313631764107152
16.43,-0.398438,0.944824,-0.0625,-0.259399,-2.494812,-0.160217,1.0273030131465595
16.44,-0.402344,0.945801,-0.063965,-0.25177,-2.357483,-0.038147,1.0298115105018004
16.45,-0.401855,0.946045,-0.062988,-0.305176,-2.182007,-0.198364,1.0297844780312044
16.46,-0.403809,0.94458,-0.060303,-0.320435,-1.953125,0.0,1.0290430198441656
16.47,-0.404297,0.94458,-0.061035,-0.37384,-1.480102,0.061035,1.0292777622362197
16.48,-0.401611,0.944824,-0.060547,-0.37384,-1.052856,-0.045776,1.028420986515736
16.49,-0.397461,0.94043,-0.059814,-0.411987,-0.892639,-0.114441,1.022722614405783
16.5,-0.394775,0.937744,-0.062744,-0.236511,-1.434326,-0.106812,1.0193860503739494
16.51,-0.402832,0.939941,-0.062988,-0.198364,-2.258301,-0.030518,1.0245634152403646
16.52,-0.403809,0.943604,-0.063232,-0.038147,-2.326965,-0.221252,1.028323151115932
16.53,-0.401855,0.942627,-0.060303,0.244141,-2.02179,-0.236511,1.0264840738964243
16.54,-0.400146,0.942383,-0.060791,0.419617,-2.059937,-0.274658,1.0256208293935922
16.55,-0.400391,0.939209,-0.059082,0.419617,-2.410889,-0.38147,1.0227009246529506
16.56,-0.400635,0.937988,-0.058838,0.244141,-2.63977,-0.38147,1.0216612949568953
16.57,-0.403076,0.939941,-0.053955,-0.053406,-2.487183,-0.587463,1.0241437825237236
16.58,-0.406494,0.944092,-0.053467,-0.244141,-2.319336,-0.579834,1.029274402960163
16.59,-0.407227,0.950684,-0.052002,-0.335693,-1.76239,-0.595093,1.0355375924557253
16.6,-0.402344,0.950195,-0.054932,-0.335693,-1.243591,-0.511169,1.0333289684243834
16.61,-0.40625,0.947266,-0.055908,-0.38147,-1.098633,-0.419617,1.032219764255655
16.62,-0.407959,0.946533,-0.059326,-0.564575,-0.732422,-0.335693,1.0324121464056881
16.63,-0.408203,0.946533,-0.0625,-0.442505,-0.076294,-0.167847,1.0326958212842734
16.64,-0.405029,0.94458,-0.061035,-0.38147,0.999451,-0.022888,1.0295655095553657
16.65,-0.39917,0.941895,-0.064697,-0.282288,2.052307,-0.007629,1.0250310150107653
16.66,-0.395264,0.943359,-0.063965,-0.289917,2.227783,-0.12207,1.0248177173536763
16.67,-0.392334,0.941406,-0.065918,-0.312805,1.770019,-0.404358,1.0220158546304456
16.68,-0.388672,0.941406,-0.06543,-0.190735,1.022339,-0.572205,1.0205842764416861
16.69,-0.38916,0.942871,-0.065186,-0.175476,-0.061035,-0.480652,1.022105886313644
16.7,-0.391602,0.945557,-0.065186,-0.1297,-0.938415,-0.427246,1.0255142033385007
16.71,-0.392822,0.947266,-0.063232,0.076294,-1.64032,-0.404358,1.0274338344944651
16.72,-0.396484,0.947021,-0.061523,0.190735,-2.403259,-0.366211,1.028510289800739
16.73,-0.399658,0.945313,-0.060059,0.480652,-2.838135,-0.434875,1.0280808666705163
16.74,-0.402344,0.946045,-0.057373,0.587463,-3.166198,-0.610352,1.0296472684808133
16.75,-0.405762,0.94458,-0.059326,0.663757,-3.27301,-0.846863,1.0297542188891482
16.76,-0.410645,0.944336,-0.058838,0.75531,-3.120422,-1.014709,1.0314367199033587
16.77,-0.407959,0.946045,-0.056641,0.785828,-2.563476,-1.083374,1.0318138836956015
16.78,-0.406982,0.946533,-0.057129,0.87738,-1.922607,-1.029968,1.0319025104407875
16.79,-0.403809,0.946045,-0.057129,0.823975,-1.228333,-0.907898,1.0302070535319585
16.8,-0.401855,0.945068,-0.056396,0.648498,-0.640869,-0.823975,1.0285044844165727
16.81,-0.404785,0.943115,-0.062012,0.419617,-0.244141,-0.602722,1.0281839755578766
16.82,-0.402832,0.942871,-0.060303,0.213623,0.358582,-0.328064,1.027090937879407
16.83,-0.404053,0.945801,-0.060059,0.038147,0.854492,-0.114441,1.0302453309241444
16.84,-0.404053,0.943848,-0.058838,-0.106812,1.487732,-0.083923,1.0283821197186385
16.85,-0.39624,0.942139,-0.060059,-0.305176,1.991272,-0.213623,1.0238354928415014
16.86,-0.395752,0.939209,-0.061035,-0.389099,2.044678,-0.045776,1.021008551585147
16.87,-0.403564,0.945068,-0.062012,-0.610352,2.159119,-0.053406,1.0294964375188482
16.88,-0.401367,0.948242,-0.063477,-0.572205,2.532959,-0.167847,1.0316431983888614
16.89,-0.394531,0.945801,-0.064697,-0.404358,2.876281,-0.091553,1.0268300460012845
16.9,-0.395264,0.944092,-0.063232,-0.389099,2.708435,-0.114441,1.025447034216785
16.91,-0.397461,0.945801,-0.060303,-0.473022,2.334595,-0.267029,1.0276921863724564
16.92,-0.397705,0.946289,-0.061279,-0.541687,2.159119,-0.343323,1.0282933698060104
16.93,-0.39502,0.947754,-0.064941,-0.366211,2.044678,-0.343323,1.028832240162117
16.94,-0.396973,0.947754,-0.060303,-0.015259,1.808166,-0.282288,1.029301539420786
16.95,-0.393066,0.948486,-0.059326,-0.061035,1.647949,-0.366211,1.0284192466246438
16.96,-0.390381,0.946045,-0.059326,0.312805,1.182556,-0.495911,1.0251429370882872
16.97,-0.394287,0.946777,-0.057129,0.320435,0.534058,-0.541687,1.0271867642931347
16.98,-0.395508,0.944336,-0.05957,0.389099,0.312805,-0.587463,1.0255465098473107
16.99,-0.391846,0.942139,-0.06543,0.419617,-0.061035,-0.694275,1.0224726245416058
17.0,-0.395508,0.946289,-0.062012,0.350952,-0.587463,-0.572205,1.0274896290128674
17.01,-0.400146,0.94751,-0.0625,0.518799,-1.00708,-0.686645,1.0304359618219854
17.02,-0.39917,0.946533,-0.064697,0.617981,-1.029968,-0.717163,1.029294472344042
17.03,-0.398926,0.94751,-0.062256,0.671387,-1.068115,-0.617981,1.0299480390349796
17.04,-0.402832,0.947266,-0.063721,0.823975,-1.152039,-0.686645,1.0313325655776608
17.05,-0.401855,0.946289,-0.063477,0.854492,-0.740051,-0.915527,1.0300386604759066
17.06,-0.398193,0.946533,-0.062988,0.991821,-0.396728,-1.00708,1.0288099306878797
17.07,-0.396484,0.943848,-0.062012,1.022339,-0.434875,-0.953674,1.025618885114739
17.08,-0.397949,0.942871,-0.060547,0.915527,-0.610352,-0.869751,1.025200013875829
17.09,-0.398682,0.944824,-0.061279,0.900268,-0.38147,-0.854492,1.027324118251392
17.1,-0.396973,0.943359,-0.060791,0.900268,0.015259,-0.564575,1.0252849902788004
17.11,-0.396729,0.94165,-0.058838,0.816345,-0.007629,-0.442505,1.023504046003239
17.12,-0.395752,0.94043,-0.057617,0.717163,0.106812,-0.434875,1.0219334367232535
17.13,-0.394287,0.940186,-0.05835,0.396728,0.289917,-0.473022,1.0211839577005701
17.14,-0.397705,0.943115,-0.056641,0.167847,0.289917,-0.450134,1.0251065179438672
17.15,-0.400635,0.945801,-0.056885,-0.061035,0.38147,-0.190735,1.0287292345661223
17.16,-0.404297,0.949463,-0.055176,-0.25177,0.816345,0.068665,1.0334313927658672
17.17,-0.404053,0.952148,-0.055664,-0.358582,1.556396,0.335693,1.0358296778954539
17.18,-0.404053,0.951416,-0.058594,-0.442505,2.510071,0.419617,1.0353185445557325
17.19,-0.405762,0.948975,-0.05957,-0.419617,3.250122,0.38147,1.0338012072777822
17.2,-0.404541,0.945557,-0.061523,-0.488281,3.768921,0.228882,1.0302992480143816
17.21,-0.400146,0.941406,-0.060303,-0.610352,4.089355,0.114441,1.024694359290125
17.22,-0.400391,0.938477,-0.05957,-0.694275,4.203796,-0.022888,1.0220570518860481
17.23,-0.393555,0.938721,-0.062256,-0.793457,4.135132,-0.213623,1.019783537522547
17.24,-0.389648,0.941162,-0.063965,-0.62561,4.013062,-0.305176,1.0206385233631934
17.25,-0.389404,0.94043,-0.062744,-0.465393,3.601074,-0.534058,1.0197945232506398
17.26,-0.385254,0.938477,-0.064453,-0.419617,2.685547,-0.823975,1.016520493277927
17.27,-0.380859,0.935791,-0.064941,-0.396728,1.358032,-0.984192,1.012410839058433
17.28,-0.383789,0.939209,-0.065674,-0.328064,-0.694275,-0.991821,1.0167205203388
17.29,-0.390625,0.944336,-0.065186,-0.091553,-2.967834,-0.801086,1.0240154227925475
17.3,-0.39917,0.946533,-0.066162,0.213623,-4.585266,-0.602722,1.0293875942680677
17.31,-0.403809,0.942871,-0.070313,0.572205,-5.447387,-0.740051,1.0281105724050308
17.32,-0.408936,0.941162,-0.067871,0.976562,-5.783081,-0.984192,1.0284070375979542
17.33,-0.41626,0.948242,-0.063232,1.13678,-5.455017,-1.319885,1.0375131632842063
17.34,-0.416992,0.950195,-0.060303,1.38092,-4.638672,-1.670837,1.039417778324962
17.35,-0.416992,0.951904,-0.0625,1.480102,-3.761291,-1.808166,1.0411098901076676
17.36,-0.416748,0.953613,-0.062988,1.617432,-2.777099,-1.708984,1.042604497121032
17.37,-0.416992,0.953369,-0.065674,1.861572,-1.350403,-1.342773,1.042644643443297
17.38,-0.412598,0.948486,-0.067627,1.945495,0.183105,-1.205444,1.036550149741439
17.39,-0.404785,0.942383,-0.067871,1.754761,1.51062,-1.182556,1.0278828180074808
17.4,-0.397949,0.940674,-0.063721,1.655578,2.685547,-0.968933,1.0233725356476984
17.41,-0.39502,0.941406,-0.065918,1.64032,3.051758,-0.770569,1.0230499694345334
17.42,-0.392334,0.94165,-0.068848,1.594543,3.166198,-0.831604,1.0224337324051862
17.43,-0.386719,0.944336,-0.071045,1.548767,3.067016,-0.75531,1.022922019453096
17.44,-0.384766,0.944336,-0.067627,1.609802,2.39563,-0.602722,1.0219534073435048
17.45,-0.384277,0.942871,-0.066162,1.63269,1.51062,-0.740051,1.0203195311342423
17.46,-0.385254,0.946777,-0.064209,1.541138,0.617981,-0.701904,1.0241728994295836
17.47,-0.388428,0.948486,-0.062988,1.396179,-0.183105,-0.808716,1.0268736492499941
17.48,-0.388672,0.949219,-0.062988,1.319885,-0.671387,-0.793457,1.027642993305068
17.49,-0.391113,0.946533,-0.064941,1.426697,-1.220703,-0.656128,1.0262121770564798
17.5,-0.398926,0.948486,-0.06665,1.38092,-1.716614,-0.679016,1.0311206855514052
17.51,-0.397949,0.94751,-0.067627,1.663208,-1.899719,-0.617981,1.0299087424767301
17.52,-0.396973,0.947754,-0.068115,1.754761,-2.258301,-0.526428,1.029788745554155
17.53,-0.4021,0.94873,-0.06958,1.701355,-2.708435,-0.488281,1.0327702548485795
17.54,-0.406006,0.949219,-0.067139,1.876831,-2.471924,-0.465393,1.0345845675042713
17.55,-0.405029,0.944336,-0.073242,2.067566,-1.937866,-0.480652,1.0301375453312047
17.56,-0.40332,0.938721,-0.075684,2.220154,-1.548767,-0.595093,1.0244960742223468
17.57,-0.398926,0.936523,-0.072021,1.983642,-1.319885,-0.732422,1.020492188821649
17.58,-0.400146,0.939697,-0.072998,1.937866,-1.091003,-0.740051,1.0239511614959964
17.59,-0.397949,0.942383,-0.071533,1.914978,-1.113892,-0.778198,1.0254589681596236
17.6,-0.400635,0.941895,-0.069824,1.754761,-1.533508,-0.648498,1.0259385874534597
17.61,-0.401611,0.942383,-0.070313,1.655578,-1.739502,-0.526428,1.026801359552567
17.62,-0.401611,0.94165,-0.068848,1.63269,-1.777649,-0.579834,1.0260293197199581
17.63,-0.400635,0.937744,-0.067139,1.701355,-1.930237,-0.572205,1.021949048672193
17.64,-0.400635,0.940918,-0.067871,1.533508,-1.831055,-0.541687,1.0249105124790163
17.65,-0.403564,0.939697,-0.067139,1.243591,-1.876831,-0.610352,1.0248912133616914
17.66,-0.405518,0.942139,-0.062744,1.228333,-1.846313,-0.709534,1.0276222813762845
17.67,-0.407715,0.947021,-0.065674,1.266479,-1.739502,-0.701904,1.0331473127981314
17.68,-0.402832,0.945313,-0.067871,1.342773,-1.495361,-0.793457,1.02980423422804
17.69,-0.398926,0.942871,-0.069824,1.518249,-1.335144,-0.88501,1.0261691220715032
17.7,-0.397461,0.939697,-0.071289,1.396179,-1.602173,-0.976562,1.0227843466982667
17.71,-0.399414,0.939209,-0.069092,1.243591,-2.029419,-1.037598,1.0229461342323944
17.72,-0.399414,0.944092,-0.070801,1.106262,-2.311707,-0.915527,1.0275475801445888
17.73,-0.397217,0.946533,-0.070068,1.091003,-2.410889,-0.701904,1.0288904654053317
17.74,-0.395264,0.944824,-0.072754,1.296997,-2.700805,-0.534058,1.0267517544119416
17.75,-0.399414,0.943848,-0.073242,1.373291,-3.097534,-0.411987,1.0274945163182139
17.76,-0.402832,0.945801,-0.073486,1.396179,-3.120422,-0.488281,1.0306373484504625
17.77,-0.398682,0.942627,-0.076172,1.403808,-2.929687,-0.579834,1.0263016963042593
17.78,-0.400635,0.937012,-0.07251,1.396179,-3.013611,-0.419617,1.0216445524099858
17.79,-0.406982,0.938965,-0.07251,1.197815,-3.227234,-0.38147,1.0259372883607458
17.8,-0.408447,0.942383,-0.072754,1.182556,-3.02124,-0.274658,1.0296639330451465
17.81,-0.405273,0.942139,-0.072021,1.266479,-2.624511,-0.244141,1.0281338066083616
17.82,-0.403564,0.938965,-0.067383,1.037598,-2.296448,-0.236511,1.0242361261008128
17.83,-0.404053,0.937012,-0.066895,0.854492,-2.098083,-0.335693,1.0226070877800524
17.84,-0.405518,0.940186,-0.063721,0.419617,-2.082825,-0.480652,1.0258922598211764
17.85,-0.404297,0.939453,-0.063721,0.282288,-1.693725,-0.579834,1.024738195471897
17.86,-0.401367,0.941162,-0.064697,0.076294,-1.426697,-0.534058,1.0252156264620629
17.87,-0.39917,0.938965,-0.063965,0.0,-1.419067,-0.274658,1.0222932462605825
17.88,-0.39917,0.936768,-0.064697,-0.190735,-1.564026,-0.274658,1.0203218494832893
17.89,-0.395996,0.936768,-0.066162,-0.297546,-2.006531,-0.106812,1.0191783593091055
17.9,-0.400635,0.940186,-0.067627,-0.411987,-2.777099,-0.038147,1.0242224020934125
17.91,-0.404297,0.944092,-0.068604,-0.511169,-3.379822,0.022888,1.0293066974857397
17.92,-0.405762,0.945313,-0.071045,-0.236511,-3.410339,0.015259,1.0311677170266726
17.93,-0.411377,0.946777,-0.070313,-0.114441,-3.189087,-0.053406,1.0346794874873089
17.94,-0.413086,0.94751,-0.071289,-0.389099,-2.510071,-0.297546,1.0360971793306841
17.95,-0.407959,0.945313,-0.07251,-0.389099,-1.770019,-0.488281,1.032136092649608
17.96,-0.40625,0.945068,-0.070801,-0.434875,-1.419067,-0.465393,1.0311185037254447
17.97,-0.409668,0.946533,-0.071533,-0.511169,-1.190186,-0.350952,1.0338614802777013
17.98,-0.406006,0.946289,-0.079834,-0.282288,-0.770569,-0.022888,1.0328006637841594
17.99,-0.4021,0.943359,-0.080811,-0.007629,-0.335693,0.366211,1.0286598225856787
18.0,-0.396729,0.939697,-0.079834,0.137329,-0.541687,0.541687,1.0231313790545182
18.01,-0.398438,0.940186,-0.07666,0.190735,-1.403808,0.549316,1.0240016162291932
18.02,-0.400879,0.939209,-0.073975,0.106812,-2.288818,0.25177,1.0238602536220458
18.03,-0.39917,0.939209,-0.071045,0.183105,-2.761841,0.144958,1.0229846658704127
18.04,-0.400146,0.936279,-0.070068,0.259399,-3.189087,-0.030518,1.0206099704495346
18.05,-0.404541,0.933594,-0.072754,0.022888,-3.433227,-0.297546,1.0200707436413419
18.06,-0.410156,0.938721,-0.075195,-0.267029,-3.181457,-0.534058,1.0271705545828307
18.07,-0.411621,0.943115,-0.075195,-0.335693,-2.487183,-0.762939,1.0317713113335725
18.08,-0.410645,0.943848,-0.073486,-0.488281,-1.792908,-0.923157,1.0319295302126983
18.09,-0.411865,0.946533,-0.074219,-0.442505,-1.296997,-0.801086,1.0349231653968327
18.1,-0.410889,0.947021,-0.074707,-0.198364,-0.801086,-0.617981,1.0350167537827588
18.11,-0.408203,0.945068,-0.072754,0.335693,-0.411987,-0.541687,1.0320253671053827
18.12,-0.410889,0.946045,-0.071533,0.488281,-0.015259,-0.289917,1.0338993579817137
18.13,-0.406982,0.946533,-0.070557,0.762939,0.526428,-0.350952,1.0327329561227336
18.14,-0.406006,0.941162,-0.073242,1.068115,0.946045,-0.511169,1.0276143113269687
18.15,-0.404053,0.941406,-0.073975,1.12915,1.121521,-0.610352,1.027120433186878
18.16,-0.397949,0.94165,-0.070068,1.022339,0.976562,-0.968933,1.0246841726722435
18.17,-0.392334,0.942871,-0.069824,0.923157,0.595093,-1.014709,1.0236244824998082
18.18,-0.396484,0.945313,-0.069092,0.839233,-0.045776,-0.984192,1.027419064787587
18.19,-0.393555,0.946045,-0.070313,0.846863,-0.312805,-1.152039,1.0270494623040314
18.2,-0.393799,0.946777,-0.071045,0.999451,-0.572205,-1.098633,1.027867565474755
18.21,-0.397949,0.949463,-0.073242,0.961304,-0.686645,-1.083374,1.0320890395377715
18.22,-0.396729,0.947754,-0.074951,1.037598,-0.595093,-1.159668,1.0301694988486119
18.23,-0.397217,0.943604,-0.073242,1.312256,-0.495911,-1.037598,1.026418162577514
18.24,-0.395996,0.943848,-0.070801,1.327515,-0.320435,-1.00708,1.0259993473297144
18.25,-0.397461,0.943604,-0.06958,1.419067,-0.25177,-1.037598,1.0262578290746434
18.26,-0.39502,0.94458,-0.065674,1.411438,-0.213623,-0.923157,1.0259557744249992
18.27,-0.390625,0.941895,-0.064697,1.518249,-0.495911,-0.63324,1.021733714555314
18.28,-0.394775,0.942627,-0.063721,1.441955,-0.892639,-0.442505,1.0239400996127654
18.29,-0.397217,0.943848,-0.066895,1.197815,-0.999451,-0.450134,1.0262092053855296
18.3,-0.397705,0.943848,-0.064453,1.190186,-0.801086,-0.350952,1.0262419321670695
18.31,-0.399414,0.943848,-0.063232,0.991821,-0.457764,-0.442505,1.0268295264180904
18.32,-0.398438,0.945801,-0.0625,0.793457,0.007629,-0.564575,1.028201644350465
18.33,-0.395508,0.944092,-0.057129,0.495911,0.236511,-0.717163,1.0251829130301577
18.34,-0.391113,0.942627,-0.05957,0.350952,0.091553,-0.732422,1.0222835344453123
18.35,-0.392578,0.942627,-0.062012,0.228882,-0.267029,-0.640869,1.0229900465581276
18.36,-0.393311,0.944824,-0.067871,0.045776,-0.541687,-0.556946,1.0256668105861668
18.37,-0.390869,0.945557,-0.069336,0.099182,-1.045227,-0.37384,1.0255067509802165
18.38,-0.396484,0.947998,-0.070801,0.190735,-1.708984,0.045776,1.0300060931183854
18.39,-0.400146,0.949219,-0.071533,0.564575,-1.937866,0.1297,1.0325940641733324
18.4,-0.397949,0.947998,-0.070801,0.816345,-2.075195,0.198364,1.0305709078981415
18.41,-0.399414,0.949219,-0.072998,0.900268,-2.372742,0.267029,1.0324131737637796
18.42,-0.398682,0.946045,-0.071533,1.312256,-2.388,0.015259,1.0291090560470255
18.43,-0.395508,0.944336,-0.071777,1.533508,-2.311707,-0.350952,1.0263279186931435
18.44,-0.395752,0.944092,-0.072998,1.670837,-2.593994,-0.572205,1.0262836147829704
18.45,-0.39209,0.941895,-0.072754,1.754761,-3.028869,-0.732422,1.0228362056756695
18.46,-0.390625,0.9375,-0.072021,1.76239,-3.700256,-0.839233,1.0181754097727955
18.47,-0.391357,0.937988,-0.071045,1.708984,-4.615784,-0.869751,1.0188371712977498
18.48,-0.392822,0.937988,-0.068848,1.63269,-5.493164,-0.785828,1.0192500473053705
18.49,-0.396729,0.938232,-0.070068,1.426697,-6.034851,-0.518799,1.0210693952366803
18.5,-0.40332,0.938232,-0.071289,1.13678,-6.134033,-0.335693,1.0237325967971325
18.51,-0.406006,0.939941,-0.071289,1.045227,-5.729675,-0.244141,1.026358649321961
18.52,-0.408447,0.938232,-0.073486,0.938415,-4.875183,-0.289917,1.0259183348732004
18.53,-0.409668,0.940186,-0.071045,0.862122,-4.188538,-0.267029,1.0280199301788853
18.54,-0.411377,0.941406,-0.070068,0.640869,-3.807068,-0.297546,1.0297503666369825
18.55,-0.414063,0.941406,-0.06958,0.770569,-3.517151,-0.228882,1.0307932873302
18.56,-0.416504,0.944336,-0.070313,0.617981,-2.975464,-0.144958,1.0344998699279762
18.57,-0.417236,0.946533,-0.071777,0.740051,-1.960754,-0.244141,1.0369004472532548
18.58,-0.414795,0.946289,-0.071777,0.75531,-0.88501,-0.320435,1.0356976881672568
18.59,-0.410645,0.945801,-0.070557,0.686645,0.144958,-0.50354,1.0335120405079952
18.6,-0.404785,0.942139,-0.070557,0.656128,0.823975,-0.938415,1.0278400078781718
18.61,-0.399902,0.939209,-0.069092,0.518799,0.75531,-1.106262,1.0231367747026787
18.62,-0.397949,0.937744,-0.070801,0.411987,0.335693,-1.060486,1.021146413467726
18.63,-0.395752,0.938232,-0.07251,0.465393,-0.12207,-1.060486,1.0208607306719168
18.64,-0.392578,0.938721,-0.069336,0.656128,-0.785828,-0.88501,1.0198637569896285
18.65,-0.392822,0.942139,-0.06958,0.63324,-1.533508,-0.587463,1.0231209094750238
18.66,-0.395264,0.942383,-0.070801,0.808716,-2.120972,-0.572205,1.024369137560284
18.67,-0.395996,0.942383,-0.068115,0.846863,-2.418518,-0.450134,1.0244697184055758
18.68,-0.397705,0.940918,-0.069824,0.762939,-2.670288,-0.282288,1.0239000638367985
18.69,-0.404785,0.945313,-0.070068,0.732422,-2.952575,-0.236511,1.030716783999368
18.7,-0.406982,0.945068,-0.069092,0.946045,-2.693176,-0.312805,1.0312912185275311
18.71,-0.405273,0.945313,-0.067383,1.052856,-2.403259,-0.396728,1.030729518926765
18.72,-0.405029,0.942871,-0.065674,0.831604,-2.464294,-0.450134,1.0282836611353892
18.73,-0.406982,0.942627,-0.067139,0.610352,-2.456665,-0.701904,1.0289254855304149
18.74,-0.406982,0.942871,-0.067871,0.640869,-2.311707,-0.816345,1.0291970382808142
18.75,-0.407227,0.943115,-0.071289,0.610352,-1.693725,-0.846863,1.0297484422299459
18.76,-0.40625,0.941406,-0.070313,0.411987,-1.098633,-0.747681,1.0277296518564598
18.77,-0.405273,0.942383,-0.070313,0.244141,-0.854492,-0.663757,1.0282391945393834
18.78,-0.403076,0.94043,-0.071045,0.137329,-0.617981,-0.656128,1.025634554166834
18.79,-0.404541,0.939209,-0.070313,-0.053406,-0.488281,-0.534058,1.0250418939394623
18.8,-0.403076,0.938232,-0.074707,-0.213623,-0.099182,-0.450134,1.023880209521114
18.81,-0.401611,0.937012,-0.073486,-0.175476,0.259399,-0.427246,1.0220973904971091
18.82,-0.398193,0.94043,-0.069336,-0.213623,0.183105,-0.465393,1.0236081921541074
18.83,-0.398926,0.943604,-0.067383,-0.099182,-0.320435,-0.465393,1.0266795658729164
18.84,-0.39917,0.946533,-0.064941,0.091553,-1.106262,-0.343323,1.0293098379351089
18.85,-0.404541,0.950195,-0.064209,0.312805,-1.808166,-0.244141,1.0347206165854625
18.86,-0.405518,0.949463,-0.068848,0.419617,-2.105713,-0.282288,1.0347293770822397
18.87,-0.405029,0.946289,-0.073486,0.648498,-1.76239,-0.25177,1.0319455191811242
18.88,-0.409668,0.942139,-0.073486,0.610352,-1.083374,-0.289917,1.0299776491463297
18.89,-0.407959,0.937988,-0.070801,0.556946,-0.396728,-0.595093,1.0253120575834462
18.9,-0.400635,0.938477,-0.068115,0.572205,0.12207,-0.862122,1.0226862353522705
18.91,-0.395996,0.940918,-0.067139,0.457764,0.1297,-0.953674,1.0230577501104228
18.92,-0.396484,0.941895,-0.069336,0.564575,-0.366211,-1.068115,1.024291576738284
18.93,-0.396729,0.941162,-0.072998,0.694275,-0.846863,-0.839233,1.0239670491226758
18.94,-0.397705,0.939453,-0.07251,0.87738,-1.319885,-0.762939,1.0227408793697454
18.95,-0.398193,0.939453,-0.071045,0.869751,-1.518249,-0.617981,1.0228279408008956
18.96,-0.399658,0.940674,-0.07373,0.907898,-1.426697,-0.419617,1.0247098146011875
18.97,-0.402832,0.944824,-0.068604,0.87738,-1.411438,-0.404358,1.0294039634740095
18.98,-0.403809,0.94458,-0.068604,0.999451,-1.358032,-0.556946,1.0295628167805013
18.99,-0.403076,0.942627,-0.070068,1.167297,-1.38092,-0.793457,1.0275823312654806
19.0,-0.4021,0.945068,-0.06665,1.190186,-1.63269,-0.915527,1.029213368123442
19.01,-0.404785,0.946777,-0.066162,1.144409,-1.846313,-1.060486,1.031801819245343
19.02,-0.403076,0.947266,-0.067627,1.304626,-1.625061,-1.075745,1.031676571247501
19.03,-0.400391,0.947266,-0.068604,1.480102,-1.296997,-1.167297,1.0306950744293872
19.04,-0.398438,0.939941,-0.069824,1.525879,-1.243591,-1.098633,1.023287503246766
19.05,-0.396973,0.938965,-0.06665,1.358032,-1.373291,-0.946045,1.0216090526488106
19.06,-0.400391,0.943359,-0.069336,1.12915,-1.449585,-0.862122,1.0271546313277276
19.07,-0.397461,0.942383,-0.07373,1.121521,-1.38092,-0.808716,1.0254253157153865
19.08,-0.396973,0.940918,-0.071289,1.159668,-1.235962,-0.663757,1.0237169369381363
19.09,-0.399902,0.940918,-0.070801,1.205444,-1.205444,-0.602722,1.024822459711437
19.1,-0.4021,0.94043,-0.074463,1.014709,-1.045227,-0.610352,1.0254938972363512
19.11,-0.401123,0.940186,-0.070068,0.915527,-1.00708,-0.488281,1.0245774252583355
19.12,-0.400146,0.941162,-0.06958,0.87738,-0.938415,-0.442505,1.025058099797275
19.13,-0.400391,0.943115,-0.071777,0.854492,-0.785828,-0.495911,1.0270982396221893
19.14,-0.401367,0.945557,-0.070068,0.892639,-0.785828,-0.473022,1.0296033379714733
19.15,-0.399902,0.945068,-0.068115,0.953674,-0.823975,-0.50354,1.0284526179912228
19.16,-0.399902,0.94458,-0.070068,0.915527,-0.961304,-0.50354,1.028135453443757
19.17,-0.399902,0.943359,-0.070068,0.976562,-1.243591,-0.526428,1.0270137959681944
19.18,-0.401367,0.943604,-0.073486,1.068115,-1.602173,-0.663757,1.028048719517222
19.19,-0.398438,0.941162,-0.072998,1.220703,-1.88446,-0.778198,1.0246304007260376
19.2,-0.400391,0.937988,-0.071045,1.159668,-2.182007,-0.846863,1.022341348596446
19.21,-0.401367,0.94165,-0.070801,1.220703,-2.235413,-0.808716,1.0260667487010775
19.22,-0.404053,0.945068,-0.071533,1.159668,-2.342224,-0.839233,1.0303054505931724
19.23,-0.401855,0.943115,-0.070801,1.174927,-2.311707,-0.778198,1.0276021242927635
19.24,-0.4021,0.942871,-0.070801,1.182556,-2.189636,-0.740051,1.0274740455320512
19.25,-0.404785,0.941162,-0.072021,1.197815,-2.113342,-0.808716,1.027046167857122
19.26,-0.404297,0.942627,-0.073486,1.075745,-1.937866,-0.816345,1.0283004996274192
19.27,-0.401855,0.943359,-0.073975,0.87738,-1.792908,-0.831604,1.0280495827201137
19.28,-0.402344,0.94458,-0.072266,0.869751,-1.716614,-0.816345,1.0292397415043786
19.29,-0.403564,0.943848,-0.073486,0.961304,-1.625061,-0.762939,1.0291322273624512
19.3,-0.39917,0.940918,-0.07666,0.862122,-1.419067,-0.732422,1.0249585978096871
19.31,-0.397949,0.937988,-0.075195,0.900268,-1.235962,-0.701904,1.0216844829838614
19.32,-0.397949,0.939941,-0.074219,0.961304,-1.335144,-0.740051,1.0234065419191927
19.33,-0.396484,0.942871,-0.074463,0.862122,-1.701355,-0.556946,1.025548645002274
19.34,-0.400391,0.940674,-0.074951,0.778198,-2.197266,-0.572205,1.025084474352236
19.35,-0.405762,0.939941,-0.075439,0.816345,-2.555847,-0.579834,1.026558779050669
19.36,-0.405273,0.938721,-0.075195,0.839233,-2.746582,-0.549316,1.0252305147599734
19.37,-0.40625,0.94043,-0.074219,0.915527,-2.761841,-0.549316,1.0271105623841088
19.38,-0.406006,0.939697,-0.070068,0.999451,-2.708435,-0.724792,1.0260510944728825
19.39,-0.407959,0.940674,-0.067871,0.946045,-2.738952,-0.907898,1.0275721836435627
19.4,-0.408691,0.94165,-0.070801,0.846863,-2.616882,-0.999451,1.0289537587190203
19.41,-0.406006,0.94165,-0.071045,0.816345,-2.548218,-1.014709,1.0279070904323016
19.42,-0.407471,0.940186,-0.073486,0.701904,-2.616882,-1.091003,1.0273181214370746
19.43,-0.40918,0.941162,-0.072266,0.762939,-2.532959,-1.091003,1.028803459072723
19.44,-0.408691,0.939209,-0.074951,0.732422,-2.27356,-0.999451,1.0270148643340076
19.45,-0.407715,0.940186,-0.075439,0.656128,-2.02179,-0.991821,1.0275564600264064
19.46,-0.406494,0.94165,-0.072021,0.694275,-1.983642,-0.907898,1.0281678457221857
19.47,-0.405273,0.940186,-0.075928,0.686645,-1.846313,-0.976562,1.026626017744047
19.48,-0.40625,0.938477,-0.073975,0.656128,-1.693725,-0.915527,1.025305048585054
19.49,-0.404541,0.942871,-0.07373,0.541687,-1.556396,-0.808716,1.0286375728224204
19.5,-0.403564,0.943848,-0.070801,0.419617,-1.296997,-0.740051,1.0289439881747693
19.51,-0.402832,0.943604,-0.071533,0.297546,-1.197815,-0.686645,1.0284838837478203
19.52,-0.401855,0.941895,-0.071777,0.274658,-1.304626,-0.640869,1.0265503250104207
19.53,-0.402832,0.939209,-0.072021,0.205994,-1.281738,-0.579834,1.0244872816907
19.54,-0.401855,0.939941,-0.070313,0.228882,-1.396179,-0.488281,1.0246562557633658
19.55,-0.401855,0.939941,-0.071045,0.144958,-1.525879,-0.480652,1.0247067466016802
19.56,-0.401611,0.941162,-0.068359,0.045776,-1.670837,-0.442505,1.0255487596628452
19.57,-0.401123,0.939941,-0.070801,0.061035,-2.151489,-0.442505,1.0244030096651415
19.58,-0.401123,0.935791,-0.074463,0.068665,-2.311707,-0.518799,1.0208570885187602
19.59,-0.402344,0.937744,-0.074219,0.099182,-2.494812,-0.427246,1.0231094583831195
19.6,-0.405273,0.941406,-0.069336,0.068665,-2.731323,-0.50354,1.0272774417171828
19.61,-0.405029,0.948242,-0.068848,0.144958,-2.952575,-0.595093,1.0334173544647873
19.62,-0.405762,0.950928,-0.070801,0.457764,-3.120422,-0.518799,1.0363009425012601
19.63,-0.407715,0.945557,-0.071777,0.694275,-3.387451,-0.282288,1.0322119449042428
19.64,-0.409424,0.946289,-0.071533,0.831604,-3.234863,-0.259399,1.033541413483756
19.65,-0.412109,0.94458,-0.071533,0.75531,-2.792358,-0.25177,1.0330450979361936
19.66,-0.410645,0.940918,-0.070557,0.770569,-2.281189,-0.328064,1.0290453289325987
19.67,-0.408203,0.94043,-0.072021,0.801086,-1.693725,-0.473022,1.027728222123923
19.68,-0.405273,0.94043,-0.074219,0.709534,-1.350403,-0.587463,1.0267245245877785
19.69,-0.400635,0.937012,-0.074219,0.778198,-1.518249,-0.541687,1.0217672686722745
19.7,-0.400879,0.937744,-0.074951,0.831604,-1.953125,-0.564575,1.0225876170666257
19.71,-0.400879,0.938232,-0.075195,0.88501,-2.319336,-0.534058,1.0230530516498153
19.72,-0.404297,0.939209,-0.075684,0.816345,-2.479553,-0.450134,1.025328082979297
19.73,-0.405029,0.938721,-0.074463,0.892639,-2.799988,-0.259399,1.025080652949318
19.74,-0.407959,0.941162,-0.074951,0.953674,-2.868652,-0.213623,1.0285106262581831
19.75,-0.408447,0.942139,-0.073242,1.022339,-2.616882,-0.267029,1.029475224419704
19.76,-0.407471,0.942139,-0.07251,0.846863,-2.449036,-0.320435,1.0290365451537666
19.77,-0.407959,0.942139,-0.075195,0.862122,-2.380371,-0.366211,1.0294225221098476
19.78,-0.407471,0.942139,-0.073486,0.839233,-2.5177,-0.556946,1.0291057785077296
19.79,-0.408203,0.944092,-0.073975,0.87738,-2.716064,-0.541687,1.0312185482709277
19.8,-0.408447,0.943359,-0.072754,1.052856,-2.784729,-0.419617,1.0305572760434036
19.81,-0.406494,0.938965,-0.070068,1.289368,-2.815246,-0.343323,1.0255740674787952
19.82,-0.408691,0.937988,-0.074707,1.319885,-2.815246,-0.282288,1.025880576614062
19.83,-0.408203,0.938721,-0.074463,1.266479,-2.746582,-0.282288,1.0263389028089114
19.84,-0.411865,0.941162,-0.074951,1.182556,-2.548218,-0.37384,1.0300661827620592
19.85,-0.412598,0.942627,-0.074219,1.327515,-2.14386,-0.480652,1.0316449150235754
19.86,-0.411377,0.940186,-0.07373,1.358032,-1.808166,-0.450134,1.0288910844326526
19.87,-0.410156,0.939209,-0.074219,1.304626,-1.480102,-0.465393,1.0275455950847145
19.88,-0.411377,0.939697,-0.074707,1.182556,-1.327515,-0.495911,1.0285147659547722
19.89,-0.4104,0.940674,-0.073242,1.121521,-1.022339,-0.564575,1.0289121074416414
19.9,-0.408691,0.939941,-0.074707,1.098633,-0.793457,-0.511169,1.0276665572115307
19.91,-0.408447,0.939209,-0.074707,0.968933,-0.724792,-0.595093,1.0269000113638134
19.92,-0.405273,0.937988,-0.074951,0.984192,-0.579834,-0.572205,1.024541529209041
19.93,-0.405273,0.936523,-0.07373,1.13678,-0.495911,-0.511169,1.0231117470530773
19.94,-0.405273,0.937012,-0.074463,1.052856,-0.549316,-0.50354,1.0236124418167258
19.95,-0.40332,0.939941,-0.073486,0.999451,-0.869751,-0.389099,1.0254541911158197
19.96,-0.400879,0.941895,-0.07251,0.88501,-0.984192,-0.434875,1.0262201828876687
19.97,-0.401611,0.939697,-0.073486,0.915527,-1.182556,-0.488281,1.0245594366975495
19.98,-0.404785,0.940674,-0.074707,0.862122,-1.228333,-0.335693,1.0267909263087593
19.99,-0.404297,0.941162,-0.072266,0.88501,-1.342773,-0.297546,1.0268711453775494
20.0,-0.405029,0.937988,-0.074951,0.923157,-1.617432,-0.282288,1.0244450358052404
20.01,-0.409424,0.939697,-0.075439,0.679016,-1.625061,-0.198364,1.0277886486559384
20.02,-0.412109,0.94043,-0.074219,0.724792,-1.464844,-0.114441,1.0294420200972951
20.03,-0.410156,0.940674,-0.074463,0.717163,-1.25885,-0.198364,1.028902452607146
20.04,-0.412109,0.938232,-0.074951,0.595093,-0.88501,-0.320435,1.027487599003511
20.05,-0.413574,0.937988,-0.076416,0.50354,-0.442505,-0.358582,1.0279612573808412
20.06,-0.414063,0.939453,-0.075928,0.358582,0.015259,-0.320435,1.029458677345526
20.07,-0.411133,0.940674,-0.077148,0.267029,0.442505,-0.465393,1.029490034856579
20.08,-0.409912,0.941895,-0.075928,0.198364,0.915527,-0.541687,1.0300286888980326
20.09,-0.409912,0.940186,-0.073975,0.076294,1.243591,-0.495911,1.0283238123105969
20.1,-0.406494,0.937988,-0.074463,-0.061035,1.518249,-0.419617,1.0249895602146395
20.11,-0.405273,0.938232,-0.076904,-0.053406,1.724243,-0.335693,1.024909613365491
20.12,-0.402588,0.937744,-0.073975,-0.030518,1.754761,-0.328064,1.023187767667792
20.13,-0.400146,0.939941,-0.071289,-0.160217,1.579285,-0.389099,1.024054698889664
20.14,-0.400635,0.941406,-0.073975,-0.099182,1.213074,-0.274658,1.0257806591498984
20.15,-0.401367,0.939697,-0.074463,0.0,0.869751,-0.236511,1.024534361974746
20.16,-0.401123,0.942139,-0.072998,-0.106812,0.679016,-0.267029,1.0265740423632383
20.17,-0.402832,0.943848,-0.074707,-0.244141,0.450134,-0.267029,1.0289333327174313
20.18,-0.403809,0.943115,-0.073486,-0.221252,0.343323,-0.289917,1.0285561744027403
20.19,-0.403564,0.944092,-0.07373,-0.282288,0.312805,-0.389099,1.0293734596636928
20.2,-0.403564,0.94458,-0.075439,-0.114441,0.236511,-0.411987,1.0299448146463965
20.21,-0.402344,0.940918,-0.077148,-0.022888,0.160217,-0.37384,1.0262354461642806
20.22,-0.400391,0.941406,-0.075684,0.030518,0.091553,-0.396728,1.0258100592083312
20.23,-0.403809,0.943848,-0.076904,0.1297,0.015259,-0.411987,1.0294780137530866
20.24,-0.40332,0.943604,-0.075928,0.236511,0.12207,-0.396728,1.0289900837228705
20.25,-0.401367,0.942383,-0.075928,0.37384,0.160217,-0.267029,1.0271057630847955
20.26,-0.401123,0.940674,-0.078125,0.587463,0.068665,-0.259399,1.0256075033998142
20.27,-0.401123,0.942871,-0.076416,0.556946,-0.015259,-0.320435,1.0274944227712381
20.28,-0.400146,0.945557,-0.072754,0.617981,-0.213623,-0.366211,1.0293143378390295
20.29,-0.401611,0.943604,-0.07373,0.793457,-0.358582,-0.312805,1.0281614742038334
20.3,-0.401855,0.943604,-0.071289,0.915527,-0.389099,-0.358582,1.0280846615731605
20.31,-0.4021,0.943848,-0.073242,0.862122,-0.442505,-0.419617,1.028541612025493
20.32,-0.402344,0.942383,-0.072998,0.915527,-0.411987,-0.350952,1.0272755818323533
20.33,-0.39917,0.942871,-0.071533,0.976562,-0.518799,-0.419617,1.0263816939277512
20.34,-0.395508,0.943115,-0.070557,1.190186,-0.869751,-0.488281,1.0251198815445928
20.35,-0.397217,0.940918,-0.071045,1.281738,-1.441955,-0.511169,1.0237946179962074
20.36,-0.395996,0.939697,-0.073242,1.38092,-2.235413,-0.495911,1.0223539868308824
20.37,-0.397217,0.937256,-0.074951,1.350403,-2.944946,-0.717163,1.0207094625925637
20.38,-0.392822,0.934082,-0.073242,1.434326,-3.479004,-0.900268,1.0159639250347425
20.39,-0.393066,0.935547,-0.066895,1.365662,-4.096985,-0.984192,1.01696804796906
20.4,-0.393066,0.944336,-0.066895,1.13678,-4.707336,-1.083374,1.025059170134583
20.41,-0.395508,0.951416,-0.068604,0.961304,-5.203247,-0.740051,1.0326303752727788
20.42,-0.400391,0.957031,-0.075439,1.068115,-5.401611,-0.305176,1.0401501480858424
20.43,-0.406006,0.955566,-0.077881,1.319885,-5.348205,0.244141,1.0411593070001344
20.44,-0.412354,0.94873,-0.080322,1.579285,-4.837036,0.846863,1.03758183190532
20.45,-0.416748,0.942139,-0.080078,1.518249,-3.829956,1.296997,1.033304058304718
20.46,-0.424072,0.936768,-0.084473,1.403808,-2.357483,1.586914,1.031749501932034
20.47,-0.422119,0.930664,-0.084229,1.13678,-0.747681,1.487732,1.0253850279275585
20.48,-0.416504,0.931396,-0.076416,0.839233,0.534058,1.075745,1.0231390403498442
20.49,-0.412354,0.93457,-0.075928,0.808716,1.296997,0.564575,1.024315365207415
20.5,-0.40625,0.933594,-0.075195,0.648498,1.502991,0.160217,1.0209265925427744
20.51,-0.401611,0.933838,-0.073242,0.434875,1.38855,-0.007629,1.0191708375581592
20.52,-0.401611,0.937256,-0.072754,0.465393,0.907898,-0.167847,1.0222687265944312
20.53,-0.400146,0.942871,-0.070801,0.473022,0.289917,-0.144958,1.0267109259952385
20.54,-0.395264,0.944336,-0.071777,0.518799,0.045776,-0.068665,1.0262339150120696
20.55,-0.397705,0.944092,-0.068359,0.770569,-0.152588,0.083923,1.0267190094519532
20.56,-0.396484,0.939941,-0.070068,1.022339,-0.740051,0.137329,1.0225449478438589
20.57,-0.39624,0.938232,-0.070068,1.167297,-1.564026,-0.015259,1.0208794973198354
20.58,-0.397705,0.941406,-0.072021,1.220703,-2.418518,-0.175476,1.024500633626939
20.59,-0.398926,0.942871,-0.07373,1.342773,-3.242492,-0.419617,1.0264422969738727
20.6,-0.398682,0.94873,-0.075684,1.541138,-3.944397,-0.526428,1.0318740319825865
20.61,-0.39917,0.94751,-0.078857,1.968384,-4.302979,-0.572205,1.0311790899009734
20.62,-0.400879,0.947021,-0.085449,2.151489,-4.570007,-0.511169,1.0319177674034883
20.63,-0.399414,0.94458,-0.084229,2.182007,-4.737854,-0.579834,1.029007990365964
20.64,-0.398438,0.942871,-0.086426,2.357483,-4.653931,-0.75531,1.0272429196451052
20.65,-0.395996,0.945313,-0.085205,2.502441,-4.608154,-0.762939,1.0284402714839593
20.66,-0.398193,0.942871,-0.083008,2.525329,-4.814148,-0.709534,1.026865967862408
20.67,-0.399658,0.945068,-0.080811,2.494812,-5.004883,-0.63324,1.029276668009627
20.68,-0.401611,0.942627,-0.079346,2.540588,-5.012512,-0.480652,1.0276832411623729
20.69,-0.404053,0.94043,-0.07666,2.563476,-4.699707,-0.38147,1.02642299628808
20.7,-0.404541,0.938965,-0.075439,2.540588,-4.302979,-0.183105,1.0251827810819885
20.71,-0.40625,0.935791,-0.07373,2.418518,-3.723144,-0.061035,1.0228293949046439
20.72,-0.407959,0.937012,-0.07251,2.120972,-3.555298,-0.076294,1.024538790834686
20.73,-0.407227,0.939941,-0.073486,1.823425,-3.341675,-0.045776,1.0269971300865453
20.74,-0.408691,0.939453,-0.075684,1.731872,-3.105163,-0.091553,1.0272917504516428
20.75,-0.408447,0.939941,-0.075928,1.770019,-2.754211,-0.160217,1.0276590370711485
20.76,-0.409424,0.939453,-0.076172,1.655578,-2.487183,-0.114441,1.0276196400268924
20.77,-0.410645,0.9375,-0.078613,1.625061,-2.204895,-0.144958,1.0265064879454002
20.78,-0.408936,0.939697,-0.077393,1.693725,-2.044678,-0.274658,1.0277396461915829
20.79,-0.405273,0.942139,-0.079102,1.724243,-1.930237,-0.434875,1.028654084838047
20.8,-0.405273,0.943848,-0.078125,1.89209,-1.869202,-0.427246,1.0301450224400446
20.81,-0.404297,0.942871,-0.077393,1.991272,-1.922607,-0.541687,1.0288107033361384
20.82,-0.402588,0.942871,-0.076904,2.006531,-2.029419,-0.717163,1.0281036161793227
20.83,-0.400635,0.944336,-0.080566,1.998901,-2.212524,-0.770569,1.0289653854610463
20.84,-0.398682,0.942627,-0.079346,2.044678,-2.449036,-0.862122,1.0265421501180552
20.85,-0.396973,0.939941,-0.079346,2.113342,-2.754211,-0.740051,1.0234121525201858
20.86,-0.395508,0.939453,-0.079102,1.945495,-3.14331,-0.694275,1.022377446776385
20.87,-0.39624,0.941895,-0.083008,1.914978,-3.517151,-0.640869,1.025213468839051
20.88,-0.398926,0.943604,-0.084717,2.120972,-3.822326,-0.480652,1.0279627582655901
20.89,-0.399414,0.94043,-0.084473,2.128601,-3.990173,-0.37384,1.0252198866706594
20.9,-0.399658,0.938721,-0.081787,2.120972,-4.03595,-0.419617,1.0235295531512512
20.91,-0.4021,0.939209,-0.084229,2.090454,-3.967285,-0.526428,1.0251304698046975
20.92,-0.403564,0.939697,-0.085205,2.113342,-4.325867,-0.694275,1.0262330368537158
20.93,-0.4021,0.938477,-0.081055,2.166748,-4.608154,-0.762939,1.0242037895624092
20.94,-0.401855,0.940674,-0.080078,2.113342,-4.981995,-0.846863,1.0260445903492694
20.95,-0.404541,0.935547,-0.07959,2.067566,-5.249023,-0.88501,1.0223679269177022
20.96,-0.406738,0.935303,-0.081543,1.930237,-5.432128,-0.87738,1.0231699581701956
20.97,-0.408203,0.936279,-0.080322,1.655578,-5.325317,-0.854492,1.0245485243432835
20.98,-0.408447,0.936279,-0.080322,1.480102,-4.821777,-0.88501,1.0246457638296271
20.99,-0.40918,0.936523,-0.079102,1.289368,-4.28009,-0.770569,1.0250662068047116
21.0,-0.409668,0.936768,-0.078613,0.984192,-3.707886,-0.556946,1.025447297435124
21.01,-0.412109,0.938477,-0.081055,0.686645,-3.242492,-0.564575,1.028174508745962
21.02,-0.410645,0.937988,-0.079834,0.419617,-2.494812,-0.595093,1.027046382460403
21.03,-0.407715,0.936279,-0.080078,0.160217,-1.914978,-0.541687,1.0243350883133897
21.04,-0.405273,0.935547,-0.081787,-0.091553,-1.594543,-0.419617,1.022831123454405
21.05,-0.403564,0.938965,-0.081299,-0.190735,-1.419067,-0.366211,1.0252456782264434
21.06,-0.404053,0.940918,-0.076904,-0.190735,-1.419067,-0.411987,1.026888375018921
21.07,-0.402832,0.942627,-0.076172,-0.213623,-1.358032,-0.396728,1.0279209380769514
21.08,-0.40332,0.943115,-0.075684,-0.25177,-1.457214,-0.350952,1.028523696120318
21.09,-0.402588,0.945801,-0.077393,0.007629,-1.602173,-0.38147,1.030827970999041
21.1,-0.402344,0.94458,-0.079834,-0.030518,-1.579285,-0.358582,1.0297987853420687
21.11,-0.400635,0.943115,-0.078613,-0.030518,-1.678467,-0.335693,1.0276936850146545
21.12,-0.399658,0.943115,-0.077881,0.12207,-1.960754,-0.099182,1.0272574508612728
21.13,-0.398193,0.943848,-0.077637,0.015259,-2.388,-0.1297,1.0273432805649727
21.14,-0.400391,0.943604,-0.078613,0.076294,-2.975464,-0.099182,1.0280474042893157
21.15,-0.401855,0.939453,-0.080811,0.190735,-3.387451,-0.022888,1.0249828281268911
21.16,-0.400146,0.935547,-0.083252,0.221252,-3.372192,-0.114441,1.0209289426933688
21.17,-0.399902,0.93335,-0.081299,0.137329,-3.349304,-0.183105,1.018662534652669
21.18,-0.399414,0.935303,-0.077148,0.030518,-3.608703,-0.205994,1.0199387526263526
21.19,-0.400879,0.94165,-0.077148,-0.137329,-4.089355,-0.114441,1.026333527195229
21.2,-0.403076,0.947998,-0.078125,-0.076294,-4.402161,-0.106812,1.0330895340700146
21.21,-0.405518,0.948242,-0.077881,0.183105,-4.470825,0.12207,1.0342500611791134
21.22,-0.405518,0.942139,-0.078613,0.25177,-4.310608,0.358582,1.028713151181611
21.23,-0.407715,0.940918,-0.073486,0.236511,-3.890991,0.38147,1.0280848195285253
21.24,-0.406006,0.938965,-0.074219,0.022888,-3.40271,0.213623,1.025672756400403
21.25,-0.40625,0.938965,-0.073486,-0.106812,-3.105163,0.167847,1.025716591423284
21.26,-0.405273,0.942139,-0.075195,-0.076294,-2.960205,0.12207,1.0283610202039943
21.27,-0.404785,0.941406,-0.078613,-0.015259,-3.044128,0.152588,1.0277529648850448
21.28,-0.406006,0.943359,-0.080322,0.244141,-3.295898,0.221252,1.0301546964417527
21.29,-0.40625,0.945313,-0.079834,0.328064,-3.501892,0.091553,1.0320025184198922
21.3,-0.404297,0.941895,-0.080322,0.465393,-3.684997,-0.083923,1.0281409820243526
21.31,-0.40332,0.942139,-0.078125,0.694275,-4.081726,-0.099182,1.0278114775317504
21.32,-0.405518,0.942871,-0.077637,0.747681,-4.272461,-0.236511,1.029309513574027
21.33,-0.40625,0.94458,-0.081055,1.022339,-4.173279,-0.442505,1.031426367670034
21.34,-0.407959,0.945557,-0.080811,1.13678,-3.974914,-0.541687,1.0329758001284444
21.35,-0.408691,0.947266,-0.080566,1.304626,-3.578186,-0.610352,1.0348101703177255
21.36,-0.406982,0.948486,-0.079102,1.586914,-3.364563,-0.75531,1.0351411338189591
21.37,-0.404297,0.942627,-0.07666,1.823425,-3.471374,-0.823975,1.0285321973268509
21.38,-0.401123,0.938477,-0.07251,1.76239,-3.753662,-0.915527,1.0231795740523753
21.39,-0.401367,0.942139,-0.074463,1.594543,-4.150391,-0.88501,1.0267746112847747
21.4,-0.401123,0.939697,-0.076172,1.350403,-3.829956,-0.801086,1.0245644374669656
21.41,-0.396484,0.937012,-0.077393,1.182556,-3.479004,-0.762939,1.0203826374693956
21.42,-0.396729,0.935791,-0.07373,1.029968,-3.341675,-0.717163,1.0190852800536372
21.43,-0.396973,0.9375,-0.070801,0.823975,-3.448486,-0.694275,1.020542304037417
21.44,-0.39502,0.939697,-0.070801,0.526428,-3.77655,-0.457764,1.0218043030884143
21.45,-0.398193,0.938477,-0.07373,0.38147,-4.272461,-0.091553,1.0221217430805394
21.46,-0.4021,0.940918,-0.077881,0.297546,-4.623413,0.221252,1.0261951777732148
21.47,-0.408936,0.943848,-0.079102,0.259399,-4.470825,0.62561,1.0316660436420304
21.48,-0.412109,0.944092,-0.078369,0.160217,-3.814697,0.602722,1.0330949774856133
21.49,-0.414063,0.940186,-0.073486,0.061035,-2.922058,0.419617,1.029950520540186
21.5,-0.408203,0.939209,-0.074951,0.038147,-2.281189,0.198364,1.02682076687755
21.51,-0.404297,0.933838,-0.073975,0.053406,-1.976013,0.12207,1.020285144005341
21.52,-0.408936,0.937744,-0.07373,-0.1297,-2.464294,0.198364,1.0256844419859357
21.53,-0.410156,0.941895,-0.076904,-0.267029,-2.799988,0.312805,1.030198214217536
21.54,-0.409424,0.943359,-0.078369,-0.030518,-2.677917,0.389099,1.031356347155531
21.55,-0.406494,0.942627,-0.078369,0.152588,-2.693176,0.602722,1.029526460721627
21.56,-0.406494,0.94043,-0.074951,0.297546,-2.876281,0.465393,1.027260244211271
21.57,-0.411621,0.941406,-0.071289,0.1297,-2.937317,0.38147,1.029931660838718
21.58,-0.412354,0.940186,-0.072998,0.25177,-2.700805,0.236511,1.0292299276235606
21.59,-0.409668,0.939941,-0.075928,0.274658,-2.456665,0.244141,1.028144938658456
21.6,-0.409424,0.940918,-0.074463,0.450134,-2.471924,0.289917,1.0288340161896865
21.61,-0.4104,0.938477,-0.07251,0.366211,-2.197266,0.328064,1.0268519560428369
21.62,-0.40918,0.938721,-0.076172,0.289917,-1.831055,0.335693,1.0268532328551145
21.63,-0.406006,0.94043,-0.07666,0.190735,-1.487732,0.221252,1.0271933666725073
21.64,-0.40332,0.94043,-0.072754,0.152588,-1.426697,0.099182,1.0258502579889524
21.65,-0.40332,0.9375,-0.07373,0.137329,-1.670837,0.083923,1.023234765486396
21.66,-0.401611,0.937744,-0.07373,0.061035,-1.953125,0.228882,1.0227860566887876
21.67,-0.407715,0.941895,-0.072021,0.083923,-2.037048,0.450134,1.028875471906586
21.68,-0.408691,0.944336,-0.075928,-0.076294,-1.495361,0.541687,1.0317770474094683
21.69,-0.405762,0.940674,-0.074951,-0.076294,-0.801086,0.488281,1.0271942500428048
21.7,-0.403809,0.939697,-0.07251,-0.144958,-0.541687,0.282288,1.0253535294667884
21.71,-0.399902,0.936035,-0.073242,-0.320435,-0.335693,0.12207,1.0205133616925355
21.72,-0.403564,0.939209,-0.072998,-0.511169,-0.389099,0.091553,1.0248444544324764
21.73,-0.405029,0.943115,-0.072754,-0.427246,-0.389099,0.244141,1.0289837406791227
21.74,-0.397217,0.941162,-0.07373,-0.305176,-0.137329,0.358582,1.0242086546368372
21.75,-0.397461,0.938965,-0.072266,-0.434875,-0.617981,0.63324,1.0221804598513906
21.76,-0.400146,0.943115,-0.068115,-0.473022,-1.426697,0.495911,1.0267533188483007
21.77,-0.403809,0.943359,-0.06665,-0.480652,-1.625061,0.396728,1.0283142194203092
21.78,-0.404053,0.944336,-0.070068,-0.701904,-1.51062,0.526428,1.0295333080231062
21.79,-0.407471,0.944336,-0.070313,-0.808716,-1.083374,0.343323,1.0308962191733948
21.8,-0.409424,0.943604,-0.070801,-0.75531,-0.473022,0.221252,1.0310331237128125
21.81,-0.40625,0.942627,-0.071777,-0.694275,0.030518,0.045776,1.0289492997023713
21.82,-0.4021,0.939453,-0.069824,-0.617981,0.419617,-0.114441,1.024271321567191
21.83,-0.398682,0.938721,-0.067383,-0.648498,0.37384,-0.198364,1.0220982935383465
21.84,-0.399414,0.938965,-0.070068,-0.686645,0.091553,-0.144958,1.0227885114944342
21.85,-0.399902,0.942627,-0.06665,-0.549316,-0.022888,-0.038147,1.0261137818161299
21.86,-0.395996,0.941895,-0.069092,-0.465393,-0.114441,0.25177,1.0240862890914026
21.87,-0.393799,0.94165,-0.071045,-0.495911,-0.144958,0.305176,1.0231469918472125
21.88,-0.394531,0.943359,-0.068115,-0.358582,-0.25177,0.213623,1.0248026961649739
21.89,-0.394775,0.945801,-0.06543,-0.297546,-0.434875,0.022888,1.0269702610718578
21.9,-0.394775,0.944092,-0.06665,-0.228882,-0.770569,-0.167847,1.0254751228523293
21.91,-0.393066,0.944092,-0.067383,-0.236511,-1.220703,-0.350952,1.024866358853192
21.92,-0.394043,0.942139,-0.070068,-0.12207,-1.861572,-0.350952,1.0236236152971463
21.93,-0.397217,0.942627,-0.06958,-0.236511,-2.235413,-0.259399,1.0252650304277426
21.94,-0.396729,0.944092,-0.069824,-0.305176,-2.159119,-0.213623,1.026439961654358
21.95,-0.395752,0.94458,-0.068604,-0.259399,-2.090454,-0.183105,1.0264295059671658
21.96,-0.395752,0.948486,-0.068115,-0.25177,-2.113342,0.015259,1.0299927140154925
21.97,-0.398682,0.949463,-0.065918,-0.198364,-2.288818,0.12207,1.0318781460119213
21.98,-0.403076,0.950195,-0.068115,0.061035,-2.281189,0.160217,1.0343985948492003
21.99,-0.406006,0.950195,-0.06958,0.198364,-1.815796,0.305176,1.0356412440903462
22.0,-0.398438,0.949219,-0.071533,0.297546,-0.961304,0.434875,1.0319333892718074
22.01,-0.397217,0.94458,-0.070557,0.297546,-0.411987,0.549316,1.027127553781905
22.02,-0.398193,0.940918,-0.071045,0.236511,0.083923,0.495911,1.0241736864409279
22.03,-0.394043,0.939453,-0.069824,0.053406,0.183105,0.335693,1.0211352584422888
22.04,-0.389893,0.945801,-0.071289,-0.198364,-0.099182,0.328064,1.0254941270290143
22.05,-0.394531,0.947266,-0.072754,-0.221252,-0.648498,0.511169,1.028718002774813
22.06,-0.396729,0.947266,-0.07373,-0.099182,-0.930786,0.434875,1.029632403868973
22.07,-0.395752,0.944092,-0.072998,0.25177,-0.999451,0.37384,1.0262836147829704
22.08,-0.39502,0.946777,-0.068115,0.282288,-1.075745,0.114441,1.028137705443196
22.09,-0.395264,0.947021,-0.064209,0.274658,-0.953674,0.0,1.0282048433157664
22.1,-0.394775,0.946533,-0.065918,0.396728,-0.709534,-0.015259,1.0276756314314357
22.11,-0.396484,0.947266,-0.06543,0.320435,-0.648498,0.022888,1.0289769297277758
22.12,-0.395264,0.948975,-0.065186,0.267029,-0.572205,-0.053406,1.030066208996781
22.13,-0.395264,0.945313,-0.06665,0.343323,-0.541687,-0.076294,1.0267874756564768
22.14,-0.392334,0.94458,-0.065186,0.38147,-0.724792,0.007629,1.024893437656813
22.15,-0.394287,0.94751,-0.064453,0.419617,-0.999451,-0.144958,1.0282954962840205
22.16,-0.39502,0.94873,-0.068604,0.442505,-1.022339,-0.205994,1.0299688937613602
22.17,-0.395264,0.945068,-0.070557,0.511169,-0.938415,-0.312805,1.0268229859956388
22.18,-0.396729,0.946289,-0.070068,0.38147,-0.526428,-0.259399,1.028477659254687
22.19,-0.391846,0.945313,-0.067871,0.328064,-0.091553,-0.282288,1.0255566431582412
22.2,-0.387207,0.94458,-0.068359,0.190735,-0.12207,-0.358582,1.0231488602007042
22.21,-0.384521,0.946289,-0.068604,0.259399,-0.640869,-0.289917,1.0237313025291355
22.22,-0.389893,0.949219,-0.06543,0.297546,-0.976562,0.030518,1.028257918184927
22.23,-0.393799,0.952637,-0.065918,0.289917,-0.953674,0.106812,1.0329279204736408
22.24,-0.388916,0.949219,-0.067627,0.457764,-0.656128,0.190735,1.0280300463245224
22.25,-0.390381,0.947754,-0.063965,0.267029,-0.419617,0.37384,1.0269987784325743
22.26,-0.39624,0.949463,-0.063477,-0.061035,-0.114441,0.053406,1.0307839033948871
22.27,-0.386475,0.947266,-0.061523,-0.091553,0.465393,-0.25177,1.024919938292743
22.28,-0.380371,0.943604,-0.059326,-0.106812,0.289917,-0.076294,1.0191124475409963
22.29,-0.383057,0.943604,-0.062988,-0.37384,-0.526428,0.0,1.0203375236699863
22.3,-0.386719,0.947266,-0.064941,-0.50354,-1.060486,0.175476,1.0252228017353107
22.31,-0.384033,0.947266,-0.067627,-0.38147,-1.144409,0.335693,1.0243864656339423
22.32,-0.385498,0.949219,-0.068604,-0.404358,-1.281738,0.411987,1.0268066647529126
22.33,-0.384277,0.953613,-0.071777,-0.434875,-1.434326,0.274658,1.0306301490966583
22.34,-0.382813,0.954102,-0.07373,-0.213623,-1.358032,0.0,1.0306757648615785
22.35,-0.382324,0.955566,-0.070068,-0.076294,-1.800537,-0.114441,1.0315946616554392
22.36,-0.384033,0.959229,-0.068359,0.305176,-2.243042,-0.366211,1.03550691567512
22.37,-0.375488,0.958008,-0.068604,0.534058,-2.693176,-0.778198,1.031250248496455
22.38,-0.361084,0.954346,-0.069336,0.862122,-4.104614,-0.938415,1.0227245101531497
22.39,-0.361572,0.95166,-0.064941,1.197815,-6.538391,-0.892639,1.020102151877448
22.4,-0.371094,0.950928,-0.063721,1.289368,-8.743286,-0.953674,1.0227586146598815
22.41,-0.374023,0.952148,-0.06958,1.441955,-9.719849,-1.091003,1.0253391608794622
22.42,-0.37085,0.95459,-0.071289,1.289368,-10.009766,-1.419067,1.0265738707569954
22.43,-0.367188,0.960205,-0.081787,1.419067,-10.643004,-1.945495,1.0312661066562792
22.44,-0.364258,0.964355,-0.081543,1.808166,-12.443542,-2.89154,1.0340762628732951
22.45,-0.353271,0.959229,-0.074951,2.258301,-13.496398,-4.432678,1.0249577192660193
22.46,-0.345947,0.962158,-0.07373,2.700805,-15.823363,-5.180358,1.0251163137288373
22.47,-0.359863,0.960938,-0.072021,3.387451,-18.341064,-5.752563,1.0286351360195702
22.48,-0.360596,0.958496,-0.076416,3.913879,-19.378662,-6.538391,1.0269291418048276
22.49,-0.346191,0.960205,-0.077637,4.493713,-19.40918,-6.91986,1.0236548999907147
22.5,-0.349854,0.961426,-0.07959,5.210876,-20.103453,-6.233215,1.0261931313802484
22.51,-0.357422,0.962646,-0.077881,5.737304,-21.049498,-5.760192,1.029807388573708
22.52,-0.355957,0.966553,-0.07666,5.973815,-21.629332,-5.744934,1.0328634194597075
22.53,-0.351074,0.967529,-0.081299,5.92041,-22.926329,-5.630493,1.0324605787718968
22.54,-0.356201,0.970459,-0.090576,6.67572,-25.665281,-5.729675,1.0377253176337176
22.55,-0.359863,0.969971,-0.096436,7.835388,-29.20532,-6.736755,1.0390596814938013
22.56,-0.363281,0.967529,-0.097168,9.140015,-32.356262,-7.789611,1.0380400141738275
22.57,-0.368896,0.964355,-0.094238,10.475158,-34.751892,-8.674622,1.03679584561523
22.58,-0.367676,0.960938,-0.091553,11.756896,-35.919189,-9.094238,1.0329421245302177
22.59,-0.355713,0.955322,-0.099365,12.664794,-35.675049,-7.759094,1.0242291078064518
22.6,-0.335693,0.954834,-0.111572,13.984679,-38.246155,-6.866455,1.0182563866674246
22.61,-0.324463,0.955078,-0.121338,16.51001,-44.929501,-6.195068,1.0159592190127515
22.62,-0.328613,0.95166,-0.127686,19.363403,-52.558895,-4.341125,1.0148630321205911
22.63,-0.328857,0.946777,-0.13916,21.842955,-59.17358,-3.059387,1.0118790045148678
22.64,-0.337402,0.938232,-0.139404,25.009153,-65.231323,-2.258301,1.0067536295658437
22.65,-0.350098,0.929199,-0.13208,27.763365,-69.442749,-1.342773,1.0017107953920632
22.66,-0.361572,0.923096,-0.133545,29.884336,-70.800781,-0.305176,1.000337344811739
22.67,-0.374756,0.911133,-0.151367,31.34918,-69.244385,0.50354,0.9967534158025243
22.68,-0.381592,0.901367,-0.155273,33.081055,-65.895081,0.312805,0.9910522830214358
22.69,-0.387451,0.897217,-0.152588,34.141541,-64.941406,-1.434326,0.9891409000915896
22.7,-0.405273,0.882324,-0.157227,35.110474,-65.307617,-3.715515,0.9835965509465758
22.71,-0.414551,0.8479,-0.15918,37.162781,-63.07983,-4.615784,0.9571443015559357
22.72,-0.408203,0.812744,-0.155029,38.085938,-58.197018,-5.928039,0.9226139439581433
22.73,-0.393066,0.790039,-0.158691,37.757874,-53.848263,-8.476257,0.8965742218901903
22.74,-0.385254,0.759521,-0.163818,37.948608,-50.392147,-10.856627,0.8672537870087395
22.75,-0.381836,0.728516,-0.166016,37.986755,-46.768185,-13.130187,0.8391040492143987
22.76,-0.375977,0.704102,-0.165527,37.384033,-41.740414,-15.007018,0.8151794395481279
22.77,-0.375977,0.685303,-0.172607,36.422729,-35.835266,-16.044617,0.8004948986639453
22.78,-0.373535,0.667236,-0.181641,36.026001,-29.71649,-16.494751,0.7859552969488787
22.79,-0.369385,0.643799,-0.188721,36.354065,-23.582457,-17.173767,0.7658577194668734
22.8,-0.362549,0.618408,-0.178711,36.956787,-17.784119,-17.654419,0.738788097756048
22.81,-0.355957,0.595215,-0.164551,37.17804,-12.725829,-17.318726,0.712785601478453
22.82,-0.343994,0.579102,-0.148193,37.216187,-8.766174,-16.75415,0.6896754045846496
22.83,-0.332764,0.567139,-0.133545,36.804199,-5.798339,-16.059875,0.6709789803279981
22.84,-0.319336,0.562988,-0.126953,36.018372,-3.341675,-15.098571,0.6595817108205776
22.85,-0.305664,0.559814,-0.120605,35.346985,-1.243591,-13.603209,0.649128463031009
22.86,-0.282227,0.551514,-0.105713,34.736633,0.640869,-11.840819,0.6284862847302237
22.87,-0.275635,0.551758,-0.105225,33.920288,2.624511,-9.529114,0.6256866982875695
22.88,-0.281738,0.564941,-0.122314,33.096313,3.913879,-6.973266,0.6430360399860959
22.89,-0.28418,0.563965,-0.136963,33.454895,4.165649,-5.973815,0.6461993941454913
22.9,-0.287109,0.547363,-0.143311,34.446716,3.517151,-5.638122,0.6344886715860261
22.91,-0.288574,0.527832,-0.156982,35.301208,2.571106,-4.768372,0.6217112851026592
22.92,-0.288086,0.504639,-0.185059,36.529541,2.571106,-4.508972,0.609836779145043
22.93,-0.281982,0.481445,-0.20874,38.467407,3.173828,-4.920959,0.5957142972507878
22.94,-0.269775,0.454834,-0.207031,41.206356,3.952026,-5.889892,0.5679034716763052
22.95,-0.255615,0.431152,-0.181152,43.579098,5.126953,-6.988525,0.5329607137801059
22.96,-0.234863,0.414307,-0.141113,44.586178,7.011413,-8.026123,0.4967129933744435
22.97,-0.214355,0.408936,-0.11499,44.258114,8.750916,-9.017944,0.47581447878453637
22.98,-0.215088,0.428467,-0.125732,43.586727,10.383605,-9.483337,0.49563631188301766
22.99,-0.239502,0.461914,-0.145264,44.166561,14.495849,-9.033203,0.5402104970250022
23.0,-0.2771,0.489014,-0.156982,45.280453,22.583006,-7.293701,0.5835772875292526
23.01,-0.29126,0.515625,-0.17749,45.69244,32.798767,-5.119323,0.6182266803729842
23.02,-0.287354,0.552002,-0.195068,47.050472,41.687008,-3.181457,0.6521733312118796
23.03,-0.285645,0.583252,-0.192871,49.797054,47.218319,0.183105,0.6774770728002535
23.04,-0.289063,0.602539,-0.170166,51.719662,50.392147,5.485534,0.6896137556966219
23.05,-0.275391,0.630859,-0.143799,52.650448,51.383968,10.711669,0.7032079586886087
23.06,-0.234863,0.652832,-0.144531,53.413387,50.704952,15.182494,0.7086885486262635
23.07,-0.215576,0.665771,-0.17041,53.215023,47.58453,19.477844,0.7202524587372124
23.08,-0.228516,0.675781,-0.194092,53.810116,40.588375,22.834776,0.739304556107292
23.09,-0.26709,0.678223,-0.213867,55.488583,32.554626,24.238585,0.7596463647764004
23.1,-0.338379,0.670898,-0.23291,56.564327,27.000425,24.749754,0.7866711779040847
23.11,-0.418945,0.66748,-0.232178,56.77795,25.93231,25.29907,0.8215540682809622
23.12,-0.482178,0.680664,-0.221436,54.527279,28.663633,26.016233,0.8630370830248258
23.13,-0.515625,0.728271,-0.220215,49.865719,32.13501,27.099607,0.9190987086766035
23.14,-0.520264,0.78833,-0.225098,45.494076,34.172058,28.228758,0.9709829700875293
23.15,-0.498047,0.858643,-0.245361,41.358944,34.40094,29.541014,1.0225070346843586
23.16,-0.464844,0.921143,-0.300293,38.993835,32.867432,30.700682,1.0745977185133049
23.17,-0.444092,0.955078,-0.356934,39.047241,27.412413,30.799864,1.1121122114714863
23.18,-0.476318,0.986572,-0.391357,40.855404,18.585205,30.72357,1.1633415017771007
23.19,-0.563721,1.028809,-0.418457,43.701168,9.925842,29.891966,1.2455262282148056
23.2,-0.642334,1.068359,-0.413574,46.188351,6.477355,28.511045,1.3134029746856066
23.21,-0.711914,1.115479,-0.38623,46.127316,10.231017,27.809141,1.378509541402235
23.22,-0.782227,1.188477,-0.393066,43.17474,17.471313,27.801512,1.476095369349149
23.23,-0.793701,1.263184,-0.445557,39.482117,23.628233,26.885984,1.5569573325900745
23.24,-0.736084,1.316162,-0.531982,36.308289,24.993895,24.185179,1.5990956549324997
23.25,-0.648438,1.3479,-0.635254,36.66687,19.203186,21.675108,1.625070427507682
23.26,-0.616943,1.372559,-0.741211,39.772034,5.767822,19.65332,1.6774774574494287
23.27,-0.67749,1.405518,-0.800293,43.365475,-13.008117,16.166687,1.7535513777112435
23.28,-0.758301,1.442383,-0.793213,46.508785,-28.839109,12.71057,1.812367509270402
23.29,-0.789307,1.487793,-0.765625,44.761654,-34.805298,11.009215,1.8500581590109537
23.3,-0.817383,1.54834,-0.783203,40.168758,-32.38678,11.344909,1.9180403185277415
23.31,-0.903076,1.628662,-0.876465,37.42218,-28.388975,13.702392,2.0582218219242066
23.32,-0.943115,1.710693,-1.001465,36.300659,-25.337217,15.594481,2.1951921532519654
23.33,-0.920898,1.788818,-1.117676,36.369324,-27.076719,13.313293,2.301547871434353
23.34,-0.89209,1.844482,-1.196533,38.093567,-35.102844,8.239746,2.372684057457503
23.35,-0.923096,1.876221,-1.231689,40.977474,-46.623226,4.776001,2.42680227022681
23.36,-1.007568,1.939697,-1.243408,43.968197,-54.977413,2.677917,2.5146930589829446
23.37,-1.07251,2.039307,-1.224854,43.128963,-53.283688,0.343323,2.609467007199938
23.38,-1.137939,2.101563,-1.209229,41.290279,-43.746944,-2.357483,2.6783776778361563
23.39,-1.153564,2.07251,-1.223877,40.77911,-32.562256,-7.637023,2.6690602303666733
23.4,-1.115479,1.956787,-1.26001,42.808529,-23.231504,-15.60974,2.5808785254075794
23.41,-1.118896,1.806396,-1.29834,50.331112,-18.302917,-24.505613,2.4901167689953816
23.42,-1.120361,1.660645,-1.317139,59.547421,-15.823363,-35.28595,2.397458181421941
23.43,-1.101074,1.526611,-1.281494,65.727234,-13.946532,-48.294064,2.2770884855079743
23.44,-1.060791,1.427979,-1.223389,68.382263,-13.748168,-61.897274,2.1589539632523436
23.45,-1.0,1.361816,-1.167969,69.526672,-14.259337,-74.813843,2.0539460564525545
23.46,-0.939697,1.299316,-1.124756,71.052551,-15.693664,-85.411064,1.9586547881648262
23.47,-0.919189,1.233398,-1.115234,73.928833,-16.342163,-93.284599,1.8999805048686684
23.48,-0.912598,1.163818,-1.106934,78.056335,-13.580321,-99.868767,1.8473251817381802
23.49,-0.92334,1.105225,-1.073486,82.611076,-5.210876,-105.651848,1.7962325151329936
23.5,-0.93042,1.084473,-1.021729,86.318962,8.552551,-111.282341,1.7566141333742027
23.51,-0.887451,1.090088,-0.996094,89.187614,23.727415,-118.034355,1.7228071226869826
23.52,-0.861816,1.091064,-0.98999,92.544548,33.622742,-124.298088,1.7068179955847664
23.53,-0.901367,1.080322,-0.983887,96.504204,37.353516,-128.868103,1.7168551835090808
23.54,-0.914063,1.069336,-0.995605,98.1903,40.641781,-134.70459,1.7234326110672271
23.55,-0.906006,1.078613,-1.035156,99.220268,44.906612,-141.212463,1.7480849007245043
23.56,-0.907227,1.091797,-1.078613,101.394646,49.415585,-147.392273,1.7828313219446756
23.57,-0.950684,1.098145,-1.102295,104.087822,53.497311,-152.267456,1.8233970428587405
23.58,-0.990723,1.140625,-1.099365,106.246941,59.707638,-157.585144,1.8684648395351195
23.59,-1.003418,1.186035,-1.115479,109.298698,70.289612,-163.413986,1.9125428370078406
23.6,-1.01709,1.1875,-1.153076,112.670891,81.420891,-166.686996,1.9427332755362998
23.61,-1.02417,1.133789,-1.170654,115.936272,89.87426,-168.754562,1.9247941378591633
23.62,-1.046631,1.07959,-1.178955,117.34771,96.031181,-172.386154,1.9107291567058897
23.63,-1.072021,1.036865,-1.197266,119.590752,98.289482,-178.001389,1.9125281507528196
23.64,-1.046143,0.974121,-1.214111,120.773308,94.551079,-186.30217,1.8754712526218578
23.65,-1.000977,0.896484,-1.216064,121.208183,84.014885,-195.320114,1.8123052085344236
23.66,-0.949951,0.787842,-1.170166,121.414177,67.550659,-203.536972,1.700702909658533
23.67,-0.908691,0.672607,-1.074951,117.500298,50.582882,-211.219772,1.5600125519786692
23.68,-0.887451,0.584961,-0.942871,108.085625,37.506104,-217.330917,1.4208287622240057
23.69,-0.878906,0.519531,-0.787598,94.53582,28.877256,-220.413193,1.2894567950889242
23.7,-0.884766,0.460693,-0.645752,79.429626,24.414061,-221.626266,1.1882948121190298
23.71,-0.872314,0.406006,-0.54834,62.499996,18.760681,-222.724899,1.1074517335902274
23.72,-0.843018,0.381348,-0.490234,45.1889,9.147644,-226.097092,1.0471079314874852
23.73,-0.735107,0.370361,-0.433594,28.419493,-8.255005,-231.201157,0.9303511856315334
23.74,-0.644775,0.366699,-0.327881,15.228271,-25.970457,-233.757004,0.8109925445939685
23.75,-0.610352,0.338135,-0.257568,8.255005,-31.616209,-232.833847,0.7437782712294034
23.76,-0.593506,0.277832,-0.232422,6.645202,-21.324156,-233.116135,0.6953128636405341
23.77,-0.525879,0.184814,-0.128418,1.655578,2.098083,-240.10466,0.5720105942733928
23.78,-0.441406,0.140137,0.020264,-10.70404,33.248901,-248.809799,0.4635604224920415
23.79,-0.350098,0.14917,0.147217,-19.424438,60.18066,-249.992355,0.40803571362443264
23.8,-0.278809,0.170166,0.23999,-20.89691,73.745728,-249.923691,0.4053222497433369
23.81,-0.220703,0.193848,0.260742,-18.371582,70.098877,-249.961838,0.3927763382346243
23.82,-0.146484,0.195557,0.272949,-15.930175,52.673336,-249.992355,0.36633490020198733
23.83,-0.08667,0.206299,0.298096,-13.687133,32.775879,-249.992355,0.3727360882943856
23.84,-0.045898,0.199707,0.287598,-9.124756,19.309998,-249.992355,0.35313187601376345
23.85,-0.016357,0.174072,0.25293,-6.950378,11.619567,-249.992355,0.307477149611154
23.86,-0.033936,0.158447,0.228516,-4.501343,9.300232,-249.992355,0.2801368704062355
23.87,-0.031494,0.179443,0.227539,-0.152588,16.067505,-249.992355,0.29148869413066436
23.88,0.003906,0.223877,0.211426,5.584716,31.410215,-249.992355,0.307956362884419
23.89,0.052979,0.291504,0.189453,10.841369,46.524044,-249.992355,0.35167285318318214
23.9,0.119629,0.338867,0.195313,13.954162,56.335445,-249.992355,0.4090099134483173
23.91,0.189453,0.340576,0.234863,14.457702,58.242794,-249.992355,0.4550220651287144
23.92,0.253174,0.352783,0.263428,14.633178,51.856991,-249.992355,0.5078850564340321
23.93,0.284424,0.35498,0.260742,16.433716,36.102295,-247.276291,0.524303540651787
23.94,0.287109,0.363281,0.242188,17.112732,13.85498,-232.765182,0.5225511364316415
23.95,0.259033,0.379883,0.185059,17.623901,-6.324768,-214.126572,0.49563698637107384
23.96,0.316162,0.411621,0.143799,18.333435,-16.88385,-196.037277,0.538579994323963
23.97,0.270996,0.707275,0.018311,23.841856,-4.737854,-169.776901,0.7576358296450875
23.98,-0.030273,0.670166,-0.227783,23.91815,-3.921509,-141.403198,0.7084659604906929
23.99,0.652832,0.531982,-0.313721,22.041319,-6.256103,-127.494804,0.898674209259952
24.0,0.704834,0.621582,-0.4021,27.427671,-7.225036,-86.448662,1.0221739383686124
24.01,0.454346,0.684082,-0.407471,37.384033,-16.014099,-48.202511,0.9167502856727126
24.02,0.361572,0.666748,-0.362549,45.81451,-8.529663,-33.401489,0.8406717457420584
24.03,0.244629,0.620117,-0.273193,49.842831,11.016845,-24.787901,0.7204324094451887
24.04,0.175781,0.556396,-0.217041,48.690792,32.844543,-16.227722,0.6225610527956275
24.05,0.206787,0.479492,-0.195068,46.264645,46.585079,-13.206481,0.5574270948357283
24.06,0.258545,0.370117,-0.18335,46.31805,43.998714,-12.435912,0.4872877314421121
24.07,0.257813,0.262695,-0.175293,49.377438,28.892515,-12.977599,0.40768105406432614
24.08,0.164063,0.15918,-0.165771,53.176876,13.336181,-15.640258,0.28237380333522444
24.09,0.074707,0.050049,-0.200684,53.825375,7.728576,-19.515991,0.2199093133680336
24.1,0.088623,-0.068848,-0.269531,50.750729,9.94873,-23.384092,0.2919606877543619
24.11,0.154541,-0.169678,-0.372559,47.096249,10.19287,-28.549192,0.4375771393091737
24.12,0.189209,-0.279297,-0.436279,42.068478,0.991821,-32.63092,0.551494538260353
24.13,0.150879,-0.455566,-0.529053,34.210205,-18.035889,-30.006407,0.714284208005469
24.14,-0.013428,-0.637939,-0.715576,26.56555,-39.993286,-15.228271,0.9587468334659572
24.15,-0.242188,-0.739258,-0.988525,22.308348,-53.146358,6.278991,1.2579106063361578
24.16,-0.46582,-0.808838,-1.216797,19.088745,-49.209591,23.445127,1.533558646368961
24.17,-0.570801,-0.897705,-1.328369,14.045714,-30.242918,33.546448,1.7018379032055313
24.18,-0.512207,-0.971924,-1.404541,7.759094,-9.902954,43.762203,1.7831790973724428
24.19,-0.409424,-0.998047,-1.506104,5.935668,-6.530761,61.44714,1.8525860532782277
24.2,-0.380859,-1.038086,-1.574951,9.788513,-20.13397,82.450859,1.9243561971937524
24.21,-0.383545,-1.11377,-1.546143,10.414123,-33.370972,96.618645,1.943746011281824
24.22,-0.414063,-1.1604,-1.503906,3.768921,-34.294128,104.125969,1.9441475213586545
24.23,-0.410645,-1.159668,-1.485352,-7.377624,-26.802061,112.350456,1.9286600919169246
24.24,-0.365479,-1.10376,-1.4729,-21.507261,-16.853333,123.992912,1.8765115099676317
24.25,-0.294434,-1.014893,-1.421143,-35.28595,-11.161803,136.474609,1.770973350520555
24.26,-0.210205,-0.908203,-1.337646,-46.874996,-13.374328,146.339417,1.630434191419574
24.27,-0.138672,-0.783447,-1.232422,-56.694027,-20.660398,155.021667,1.4669298250008416
24.28,-0.108154,-0.650635,-1.07959,-66.055298,-28.488157,166.114792,1.265123614134603
24.29,-0.108887,-0.531006,-0.921143,-74.699402,-34.255981,179.634079,1.0687975380089534
24.3,-0.126953,-0.405518,-0.819336,-83.374016,-37.818909,193.313583,0.9229698767722595
24.31,-0.15625,-0.2771,-0.759277,-91.51458,-43.434139,205.57402,0.8232253854376698
24.32,-0.181396,-0.156738,-0.71875,-97.000114,-53.085323,213.317856,0.7576759676537194
24.33,-0.186523,-0.051758,-0.708984,-98.518364,-63.056942,216.316208,0.7349340326512305
24.34,-0.16333,0.00708,-0.688965,-97.412102,-69.862366,217.452988,0.7080957467214445
24.35,-0.150391,0.032715,-0.649658,-95.008842,-72.525024,218.727097,0.6676400535243523
24.36,-0.182617,0.059326,-0.606201,-92.384331,-69.259644,219.543442,0.6358837907715529
24.37,-0.244141,0.094971,-0.560059,-91.445915,-57.891842,218.261703,0.6182963708473469
24.38,-0.298584,0.119141,-0.500732,-93.612663,-39.619446,213.623032,0.5950458123212027
24.39,-0.306641,0.126221,-0.431396,-98.129265,-19.424438,206.626877,0.5441166718066999
24.4,-0.26709,0.129639,-0.371094,-102.828972,-2.693176,200.40892,0.475241091717667
24.41,-0.218506,0.14624,-0.335693,-106.185905,6.195068,197.471603,0.4264045026556357
24.42,-0.175537,0.170166,-0.317871,-107.551567,6.538391,197.311386,0.40101331469915064
24.43,-0.179688,0.194092,-0.342041,-107.048027,0.350952,198.005661,0.43237891656393235
24.44,-0.285645,0.24585,-0.397217,-103.889458,-9.780884,198.493942,0.5475551420761201
24.45,-0.41748,0.299072,-0.44873,-97.930901,-18.287659,194.969162,0.681976703769271
24.46,-0.487305,0.32373,-0.487793,-92.094414,-21.881102,185.53923,0.7617147016921756
24.47,-0.55249,0.340576,-0.538086,-86.410515,-22.5296,176.231369,0.8430739915760656
24.48,-0.647705,0.356201,-0.564697,-80.764763,-22.377012,168.739304,0.9302062251108622
24.49,-0.706299,0.363281,-0.549805,-77.674866,-20.927427,159.263611,0.9659797618930741
24.5,-0.691406,0.35376,-0.526855,-77.171326,-18.592834,148.262024,0.9384905889037992
24.51,-0.610596,0.337402,-0.508057,-78.50647,-14.915465,139.961243,0.8630118771309001
24.52,-0.512695,0.31543,-0.485107,-80.26123,-11.634826,136.810303,0.7730983439213928
24.53,-0.441895,0.294189,-0.496338,-82.008354,-10.69641,138.000488,0.7267528940362055
24.54,-0.409668,0.30249,-0.554688,-83.358757,-12.847899,140.113831,0.7529985708273289
24.55,-0.448486,0.349365,-0.606934,-81.161491,-17.471313,140.7547,0.8316035568568715
24.56,-0.521729,0.410156,-0.629639,-76.10321,-18.859863,139.884949,0.9148083756164457
24.57,-0.626709,0.44751,-0.636719,-72.441101,-10.147094,137.22229,0.999219923611414
24.58,-0.736328,0.491699,-0.630371,-73.08197,6.17218,135.108948,1.0868828951759246
24.59,-0.814697,0.561768,-0.640869,-77.636719,26.092527,132.30896,1.1789943014255837
24.6,-0.789063,0.622803,-0.682617,-84.762566,45.547482,125.579826,1.2151008038294602
24.61,-0.661377,0.588379,-0.752197,-89.49279,56.739803,114.242546,1.1616409559666017
24.62,-0.516846,0.491211,-0.804199,-91.194145,54.626461,100.769035,1.0747809385349183
24.63,-0.429443,0.428711,-0.783447,-91.194145,39.871216,89.027397,0.9909609546187983
24.64,-0.39917,0.428955,-0.720947,-89.576714,18.325806,81.092827,0.9290337226032218
24.65,-0.383301,0.440674,-0.663818,-87.646477,-3.288269,76.980591,0.8841762086829752
24.66,-0.37915,0.44165,-0.613037,-87.203972,-19.348145,74.317932,0.8453542502223551
24.67,-0.395508,0.444336,-0.619873,-89.614861,-25.642393,70.381165,0.8591295566379963
24.68,-0.37793,0.437256,-0.674561,-91.094963,-25.787352,65.353394,0.8882884875742789
24.69,-0.361328,0.431396,-0.719482,-89.24102,-25.062559,61.355587,0.9134083318669695
24.7,-0.374512,0.439941,-0.735352,-85.083,-24.726866,60.096737,0.9351737194388003
24.71,-0.406006,0.427979,-0.706299,-79.231262,-22.91107,58.647152,0.9202527771639702
24.72,-0.443848,0.415771,-0.645996,-73.501587,-17.63916,54.977413,0.8872301863445585
24.73,-0.447998,0.416016,-0.603271,-69.656372,-8.651733,49.09515,0.8588989577948037
24.74,-0.410645,0.416504,-0.586426,-68.687439,0.610352,43.93005,0.8282513818382676
24.75,-0.373535,0.417725,-0.58667,-67.459106,5.523681,40.222164,0.8112978865681828
24.76,-0.359131,0.413574,-0.594238,-65.010071,5.943298,37.42218,0.808169121707208
24.77,-0.359863,0.423096,-0.613525,-62.301632,3.845215,35.728455,0.8276016732764621
24.78,-0.368164,0.452148,-0.634766,-58.54797,1.25885,34.324646,0.861922513661176
24.79,-0.389893,0.492432,-0.66626,-54.901119,-1.586914,33.538818,0.9156463365694202
24.8,-0.446777,0.5354,-0.701904,-49.644466,-4.920959,33.348083,0.9894099620202942
24.81,-0.491455,0.562988,-0.718506,-43.159481,-7.652282,31.677244,1.0366939650663545
24.82,-0.508057,0.575195,-0.71582,-36.468506,-8.239746,27.938841,1.0494615170047923
24.83,-0.513184,0.568115,-0.704346,-29.96826,-6.591796,24.818419,1.0402959957613025
24.84,-0.506836,0.547607,-0.699219,-24.642942,-4.463196,21.354673,1.022576827092224
24.85,-0.491211,0.52832,-0.701416,-20.332335,-3.715515,15.090941,1.0061782515921323
24.86,-0.484131,0.533447,-0.699219,-16.181946,-3.837585,8.857727,1.003920184542078
24.87,-0.503906,0.565918,-0.705566,-12.96997,-3.601074,4.165649,1.035378104808094
24.88,-0.525879,0.600342,-0.723145,-10.345458,-2.502441,-0.808716,1.076985575869055
24.89,-0.519775,0.621094,-0.746094,-7.980346,-1.495361,-6.050109,1.1011721320016232
24.9,-0.506836,0.637939,-0.759766,-6.202697,-1.609802,-9.857178,1.1140436586476312
24.91,-0.501953,0.654785,-0.764648,-3.791809,-3.173828,-12.046813,1.124894116945235
24.92,-0.502197,0.674316,-0.763916,-0.442505,-4.714966,-13.519286,1.135989238382565
24.93,-0.52002,0.692871,-0.750244,3.349304,-4.28009,-15.068053,1.1460179241953417
24.94,-0.557373,0.71167,-0.741455,5.66864,-0.88501,-15.823363,1.1691425777269426
24.95,-0.58252,0.748291,-0.764893,5.119323,4.356384,-16.609192,1.2183309371964581
24.96,-0.595947,0.799316,-0.802246,4.714966,9.346008,-18.02063,1.279709943378186
24.97,-0.599365,0.853271,-0.830078,5.172729,12.96997,-19.035339,1.3327937907831053
24.98,-0.606201,0.91333,-0.852783,6.599426,17.250061,-18.928528,1.3888449108485799
24.99,-0.598145,0.960205,-0.866699,8.659363,20.591734,-18.882751,1.4251099044112352
25.0,-0.598389,1.003906,-0.86792,12.145995,20.339964,-18.890381,1.4557409723426071
25.01,-0.583008,1.040283,-0.867432,16.952515,16.151428,-19.348145,1.474627180943373
25.02,-0.557617,1.046631,-0.881104,20.973204,11.024474,-19.927979,1.4774022565523584
25.03,-0.535889,1.031494,-0.917969,22.994993,4.669189,-19.943237,1.4811562973967332
25.04,-0.529053,1.021484,-0.986328,23.91815,-2.807617,-21.095274,1.5153117047818907
25.05,-0.525635,1.004639,-1.04126,24.208067,-9.483337,-24.650572,1.5394200405172074
25.06,-0.526855,0.98999,-1.073975,23.597715,-13.015746,-29.067991,1.552764853978219
25.07,-0.540771,0.985107,-1.085938,22.071836,-10.910033,-31.631468,1.5627317158533642
25.08,-0.547119,0.985352,-1.118652,20.080564,-3.959656,-31.539915,1.5879672733305936
25.09,-0.551025,0.988525,-1.174805,19.439697,5.645751,-29.548643,1.63125013847509
25.1,-0.592285,1.016602,-1.226563,19.226074,17.532349,-24.871824,1.6996287655244013
25.11,-0.669678,1.091309,-1.294434,18.333435,32.836914,-19.371033,1.8207095697889326
25.12,-0.719971,1.167725,-1.385254,17.074585,49.812313,-13.938903,1.9495816374242962
25.13,-0.731445,1.241699,-1.457764,14.266967,63.034054,-7.949829,2.04985464712062
25.14,-0.742676,1.339111,-1.519043,10.498046,67.222595,-1.441955,2.156913894235465
25.15,-0.73584,1.461426,-1.588623,7.522583,62.355038,6.935119,2.2805590312914505
25.16,-0.706055,1.571045,-1.652588,7.331848,50.300594,15.640258,2.3869945858325696
25.17,-0.671631,1.630615,-1.675537,8.056641,34.77478,22.354124,2.432574298301082
25.18,-0.653076,1.637939,-1.635986,7.499694,18.188477,26.969908,2.4053695395288015
25.19,-0.652588,1.625,-1.57373,7.80487,3.059387,29.342649,2.3543836158629716
25.2,-0.649902,1.572754,-1.519043,9.422302,-9.819031,30.326841,2.2811004778327937
25.21,-0.615967,1.497803,-1.49585,9.94873,-21.820066,30.128477,2.2046306707469165
25.22,-0.568359,1.43042,-1.501465,10.765075,-34.126282,28.945921,2.150239632112198
25.23,-0.536621,1.376709,-1.505127,12.351989,-45.684811,27.519224,2.10919346065054
25.24,-0.512695,1.32959,-1.492188,14.73236,-52.711483,26.573179,2.063320323766768
25.25,-0.503418,1.286621,-1.462158,18.52417,-52.589413,25.81024,2.0116484030090844
25.26,-0.525879,1.253662,-1.41626,25.260923,-45.44067,24.978636,1.9631631415868118
25.27,-0.537354,1.216553,-1.362061,33.103943,-34.240723,22.766111,1.9036703209447796
25.28,-0.50708,1.175049,-1.274658,41.557308,-23.117064,19.042969,1.8062733170162815
25.29,-0.454346,1.122314,-1.186035,51.208492,-15.090941,15.167235,1.694903544021606
25.3,-0.400391,1.046387,-1.110596,60.012814,-12.733459,11.772155,1.5775494229551097
25.31,-0.36377,0.969482,-1.049561,66.474915,-18.051147,8.453369,1.4743819905116176
25.32,-0.343506,0.913818,-1.007568,70.922852,-30.197142,5.226135,1.402944397965935
25.33,-0.346924,0.89209,-0.993408,74.951172,-42.877193,3.486633,1.3795072614306894
25.34,-0.4021,0.890137,-1.008545,79.452515,-50.430294,3.456115,1.4039912057395516
25.35,-0.471436,0.898438,-1.048828,82.962029,-50.872799,2.113342,1.459274790957481
25.36,-0.551514,0.918213,-1.091309,86.730949,-44.120785,-1.586914,1.529129863368707
25.37,-0.610352,0.933105,-1.131836,90.202324,-31.913755,-6.484985,1.5887942710826346
25.38,-0.62793,0.942627,-1.196777,92.636101,-17.425537,-11.253356,1.647761188327362
25.39,-0.639648,0.926514,-1.248535,96.031181,-5.447387,-15.190124,1.6811952302826105
25.4,-0.64209,0.905273,-1.283936,99.388115,1.25885,-19.577026,1.6971418398958291
25.41,-0.667725,0.896484,-1.30957,103.3554,2.197266,-24.139402,1.7217763567841788
25.42,-0.694336,0.89624,-1.307861,109.107964,-1.625061,-28.236387,1.730852106280892
25.43,-0.715088,0.88916,-1.302979,114.562981,-5.691528,-32.440186,1.7319672709912852
25.44,-0.727295,0.876709,-1.290283,118.324272,-8.956909,-37.109375,1.7211644046386156
25.45,-0.746582,0.865723,-1.274902,123.031609,-12.229918,-43.205257,1.712377325549775
25.46,-0.731934,0.829834,-1.25415,128.242493,-13.816833,-50.186153,1.6724963588636
25.47,-0.709229,0.771484,-1.211426,131.561279,-13.862609,-57.945248,1.6017947091225515
25.48,-0.690918,0.696289,-1.130371,131.149292,-15.518188,-65.124512,1.4966377824597374
25.49,-0.694336,0.622803,-1.034424,126.403801,-20.668028,-71.861267,1.392845673246322
25.5,-0.692627,0.562012,-0.931152,118.469231,-30.860899,-78.102112,1.2894315400117216
25.51,-0.664063,0.498047,-0.832764,107.185356,-45.585629,-85.418694,1.1758088117861678
25.52,-0.637451,0.426025,-0.740234,92.796318,-62.713619,-91.270439,1.0657332934566697
25.53,-0.627686,0.366943,-0.665039,76.820374,-79.795837,-93.368523,0.985349557956972
25.54,-0.638184,0.32666,-0.60791,60.668941,-93.589775,-92.994682,0.9399681598628753
25.55,-0.688721,0.317383,-0.55957,48.46191,-98.663322,-91.728203,0.9424368251665467
25.56,-0.761475,0.302734,-0.490234,44.372555,-88.829033,-92.094414,0.9548934103537421
25.57,-0.81958,0.220215,-0.435547,41.41235,-61.027523,-94.253532,0.9538905659634128
25.58,-0.79248,0.133789,-0.455566,28.015135,-22.979734,-98.82354,0.9238313846568539
25.59,-0.652344,0.089844,-0.455566,15.624999,9.384155,-107.147209,0.8007278058291719
25.6,-0.495117,0.068848,-0.375732,15.090941,24.261473,-116.600029,0.6253442464890838
25.61,-0.403809,0.035645,-0.245361,20.935057,25.535582,-124.809258,0.4738504983926892
25.62,-0.338379,0.001465,-0.102051,24.734495,21.598814,-133.529663,0.35343585056838817
25.63,-0.26001,-0.028809,0.004639,26.756285,16.044617,-143.623352,0.26164227277334223
25.64,-0.187256,-0.060059,0.045654,27.114866,6.576538,-152.862549,0.20188160077877332
25.65,-0.131592,-0.061523,0.033936,26.93939,-8.575439,-160.621643,0.14917501831405952
25.66,-0.070068,-0.03833,0.044678,29.853819,-29.319761,-168.739304,0.0915141366565844
25.67,-0.046631,-0.031494,0.09668,35.743713,-49.781796,-176.391586,0.11186306180772991
25.68,-0.088135,-0.000977,0.145996,40.801998,-60.791012,-181.495651,0.17053904177636275
25.69,-0.157471,0.015869,0.185059,44.860836,-55.435177,-185.218796,0.24350723702387161
25.7,-0.188721,0.036133,0.193359,44.364925,-35.354614,-188.858017,0.2725966111509826
25.71,-0.183838,0.091553,0.165771,41.526791,-8.918762,-191.436752,0.2639287526852654
25.72,-0.166016,0.152832,0.143555,41.236874,13.633727,-193.321213,0.2674452663723925
25.73,-0.128906,0.180664,0.138672,43.411251,27.915953,-195.426926,0.26169860778383974
25.74,-0.086914,0.181641,0.137939,44.639584,34.606934,-197.090134,0.24407921664492452
25.75,-0.04834,0.185059,0.132568,44.471737,35.560608,-197.990402,0.23271842149902958
25.76,-0.008545,0.199951,0.135498,44.967648,31.47888,-198.112473,0.2416880787916524
25.77,0.056641,0.210938,0.138428,46.882626,21.697996,-197.074875,0.2585833596908355
25.78,0.108887,0.210938,0.121094,49.446102,4.463196,-193.252548,0.26648635133717447
25.79,0.116943,0.221924,0.057861,52.658077,-17.494202,-187.477097,0.2574370259811125
25.8,0.046387,0.2229,0.0,54.786678,-34.439087,-182.327255,0.22767556691265753
25.81,-0.11377,0.208984,0.002441,56.40411,-33.164978,-179.077133,0.23795773498039519
25.82,-0.234863,0.188232,-0.005127,54.13818,-12.771605,-177.581772,0.30102857127189775
25.83,-0.234863,0.225586,-0.033936,47.782894,18.966675,-175.392136,0.32741613317153445
25.84,-0.148926,0.258301,-0.071533,44.410702,51.23901,-170.181259,0.30661919405999355
25.85,-0.02417,0.274902,-0.142578,43.457027,68.450928,-164.093002,0.3106183906145932
25.86,0.06665,0.307129,-0.207275,47.615047,64.147949,-160.02655,0.37647492714123737
25.87,0.114502,0.311523,-0.221191,53.588863,46.844479,-157.714844,0.3988517845190115
25.88,0.125732,0.263672,-0.24707,55.381771,29.090879,-157.524109,0.3825899166313718
25.89,0.097412,0.200195,-0.305176,53.291317,15.174865,-159.210205,0.37775590894782834
25.9,0.065918,0.146729,-0.393066,50.140377,6.568908,-161.613449,0.4247063250306028
25.91,0.052246,0.057373,-0.474609,46.19598,5.111694,-162.727341,0.4809106034659664
25.92,0.116455,-0.141357,-0.5354,36.872864,8.31604,-161.323532,0.5658592832798627
25.93,0.177734,-0.413818,-0.65332,21.263121,9.147644,-151.306152,0.7935122773341318
25.94,0.133545,-0.623291,-0.877686,12.092589,3.372192,-127.288811,1.084738978880173
25.95,-0.061523,-0.780518,-1.116943,16.395569,-1.25885,-91.232292,1.3640216615222795
25.96,-0.301758,-0.841553,-1.36084,17.50946,7.225036,-58.746334,1.6282367297088591
25.97,-0.389893,-0.86084,-1.578125,16.540527,23.361204,-40.161129,1.8394402878794407
25.98,-0.324707,-0.963135,-1.681885,19.386292,22.094725,-23.91815,1.9651465129345953
25.99,-0.274414,-1.063232,-1.761719,26.664732,2.487183,-0.25177,2.0759140551046427
26.0,-0.30127,-1.113037,-1.779053,36.300659,-20.057678,24.024961,2.1200576768281567
26.01,-0.291992,-1.103271,-1.681641,39.932251,-26.550291,36.026001,2.032334293463061
26.02,-0.21582,-1.080322,-1.51709,35.301208,-15.518188,41.114803,1.8748962542455516
26.03,-0.156494,-1.037598,-1.343994,25.817869,-8.18634,48.59161,1.705115788935168
26.04,-0.12207,-0.964844,-1.180176,16.426086,-19.683838,56.198116,1.5292613969534443
26.05,-0.115967,-0.912842,-1.012695,10.253905,-48.71368,60.424801,1.3683128388924808
26.06,-0.147217,-0.877686,-0.868652,3.39508,-85.159294,64.52179,1.2436084017040894
26.07,-0.196045,-0.826172,-0.786133,-6.774902,-115.570061,70.022583,1.1571512041639156
26.08,-0.214355,-0.760254,-0.754639,-17.997742,-133.262634,76.683044,1.0924350007492436
26.09,-0.194336,-0.685303,-0.755371,-26.855467,-140.525818,84.19799,1.0382639502294202
26.1,-0.171143,-0.613525,-0.733154,-30.830381,-143.226624,90.606682,0.9711939249140719
26.11,-0.179932,-0.547852,-0.663818,-29.563902,-145.256042,93.124382,0.879301811468622
26.12,-0.20459,-0.468506,-0.554199,-26.161192,-147.270203,93.536369,0.7539837343981632
26.13,-0.192139,-0.387451,-0.436768,-23.53668,-146.194458,92.376701,0.6146559676323008
26.14,-0.127197,-0.31665,-0.36377,-21.812437,-140.830994,92.781059,0.49877340768028117
26.15,-0.072021,-0.246338,-0.321045,-18.409729,-134.490967,96.031181,0.41102229466295376
26.16,-0.052979,-0.190674,-0.29248,-12.664794,-128.15094,97.763054,0.35314005595089326
26.17,-0.036865,-0.152832,-0.245117,-6.66809,-121.139519,94.41375,0.29120266505992004
26.18,-0.019287,-0.125732,-0.178467,-2.372742,-116.2033,86.730949,0.21915974603471322
26.19,-0.010742,-0.091553,-0.118164,-0.854492,-113.761894,78.071594,0.14986685180185777
26.2,-0.033447,-0.070557,-0.101074,-0.679016,-111.740105,70.69397,0.12772214190969394
26.21,-0.053223,-0.069336,-0.123779,-1.243591,-106.346123,63.423153,0.15153022624545903
26.22,-0.051758,-0.085449,-0.134521,-1.060486,-95.199577,56.251522,0.1675599045296935
26.23,-0.063965,-0.083008,-0.136963,-1.579285,-77.514648,51.689144,0.17245495834565036
26.24,-0.086182,-0.058594,-0.145996,-3.913879,-55.366512,51.223751,0.17937509853934575
26.25,-0.114502,-0.038818,-0.14502,-6.973266,-34.004211,54.100033,0.18880769456777974
26.26,-0.147461,-0.026611,-0.141602,-9.735107,-18.676758,57.228085,0.20616502672858944
26.27,-0.189209,-0.015137,-0.129883,-11.032104,-10.490417,59.379574,0.22999732202571402
26.28,-0.237061,-0.006836,-0.127197,-11.253356,-5.485534,63.262936,0.2691165647558693
26.29,-0.277832,0.011475,-0.140137,-12.252807,1.586914,71.929932,0.31138509055187596
26.3,-0.294922,0.03418,-0.131836,-13.816833,12.069701,86.196892,0.3248507186077938
26.31,-0.306885,0.058105,-0.102539,-18.104553,21.743773,107.162468,0.32873825571569854
26.32,-0.476318,0.152588,-0.119141,-25.779722,27.412413,136.901855,0.5141561170977157
26.33,-0.832764,0.373779,-0.203369,-32.180786,32.653809,170.585617,0.9351821056339775
26.34,-1.214355,0.620361,-0.320313,-32.50885,50.323483,197.38768,1.400752031701186
26.35,-1.342285,0.770508,-0.469238,-33.859253,82.18383,216.255173,1.6172804023832725
26.36,-1.240967,0.797607,-0.582275,-46.737667,115.264885,234.298691,1.5859445756907773
26.37,-1.072998,0.767578,-0.637207,-71.670532,122.711174,249.992355,1.465105270940283
26.38,-0.936035,0.785645,-0.693604,-95.5429,85.33477,249.992355,1.4051640815456392
26.39,-0.822998,0.84668,-0.700195,-108.596794,10.231017,249.710068,1.3727584523247345
26.4,-0.794434,0.885498,-0.666992,-113.487236,-74.966431,249.984726,1.3638586497229104
26.41,-0.896729,0.885742,-0.678223,-117.874138,-144.416809,249.992355,1.4313099691310753
26.42,-1.037598,0.893066,-0.757324,-120.582573,-187.652573,249.992355,1.564517858938018
26.43,-1.177002,0.922119,-0.847412,-117.46978,-206.062302,248.649582,1.7186460531211771
26.44,-1.372559,0.976074,-0.909668,-109.90905,-198.01329,240.653976,1.914192919269372
26.45,-1.518555,0.99707,-0.922607,-101.264946,-158.332825,228.01207,2.0374890304916984
26.46,-1.478027,0.950684,-0.921875,-98.114006,-94.367973,211.021408,1.984494241919084
26.47,-1.30835,0.886963,-0.925293,-100.517265,-27.671812,193.977341,1.8315704249954463
26.48,-1.148193,0.813232,-0.913574,-101.104729,23.506163,179.534897,1.6775908036672709
26.49,-1.033203,0.717285,-0.887207,-99.433891,56.015011,164.848312,1.5392018942565657
26.5,-0.912842,0.610352,-0.838379,-97.145073,71.403503,148.628235,1.3815532666202197
26.51,-0.776611,0.517578,-0.759766,-96.05407,72.44873,134.841919,1.2034350859772205
26.52,-0.669678,0.483398,-0.693359,-97.511284,63.117977,124.64904,1.0783732901778493
26.53,-0.647217,0.49292,-0.653076,-95.16143,46.302792,117.248528,1.0432488836634335
26.54,-0.645752,0.519775,-0.616943,-93.01757,27.900694,111.80114,1.033334583461717
26.55,-0.634766,0.568604,-0.603027,-92.658989,11.543273,106.834404,1.0439731540135504
26.56,-0.665283,0.624023,-0.624512,-90.064995,-3.379822,104.667656,1.1054507735589134
26.57,-0.722412,0.658691,-0.630371,-84.426872,-15.86914,104.24041,1.1632370905649458
26.58,-0.79248,0.656494,-0.617188,-77.957153,-24.131773,104.476921,1.1999708120533599
26.59,-0.838379,0.651855,-0.611816,-73.112488,-28.976439,106.414787,1.2256072399108942
26.6,-0.866211,0.668213,-0.624268,-68.328857,-31.677244,109.817497,1.2595795511653878
26.61,-0.875488,0.67041,-0.632813,-62.049862,-33.828735,112.655632,1.2713697728092326
26.62,-0.872803,0.653076,-0.624512,-55.809017,-35.270691,113.56353,1.2563075167844058
26.63,-0.873291,0.648193,-0.617676,-50.193783,-35.03418,112.571709,1.250725780059722
26.64,-0.88916,0.654785,-0.612305,-43.891903,-32.173157,109.703056,1.2626425918881399
26.65,-0.914307,0.663574,-0.594727,-37.811279,-27.19879,104.675285,1.2767098136436486
26.66,-0.922363,0.672363,-0.572021,-32.981873,-19.714355,97.763054,1.2767276655493136
26.67,-0.911865,0.691895,-0.559814,-29.151915,-11.100768,89.309685,1.2742088462438173
26.68,-0.89502,0.72998,-0.539063,-25.459288,-4.707336,80.879204,1.2745667965112695
26.69,-0.89917,0.774414,-0.509521,-21.827696,-1.564026,73.471069,1.2914470108126774
26.7,-0.913818,0.817139,-0.482422,-18.188477,-0.663757,66.429138,1.3173877441850597
26.71,-0.923828,0.856689,-0.465332,-14.976501,-1.12915,59.93652,1.3430964546632533
26.72,-0.916016,0.894775,-0.458008,-12.5885,-2.433777,54.397579,1.3599554922661992
26.73,-0.915039,0.915039,-0.451416,-10.536193,-5.531311,49.926754,1.3705360805531537
26.74,-0.89209,0.922607,-0.439697,-9.048462,-11.062621,45.463558,1.3565993131201268
26.75,-0.87915,0.921631,-0.428711,-6.690979,-16.853333,41.91589,1.3439127740229273
26.76,-0.891846,0.910645,-0.412109,-4.638672,-22.628782,40.573116,1.3395885307145625
26.77,-0.919922,0.902832,-0.415039,-2.983093,-25.642393,39.833069,1.3541120625077527
26.78,-0.927246,0.881836,-0.425293,-1.289368,-25.169371,37.879944,1.3484413265919286
26.79,-0.900146,0.845947,-0.436035,0.518799,-22.628782,34.858704,1.3099678123335703
26.8,-0.848389,0.804443,-0.43457,2.63977,-20.454405,30.830381,1.2472944802531598
26.81,-0.78833,0.759033,-0.415283,6.072998,-19.866943,25.184629,1.1704935942063075
26.82,-0.739258,0.706055,-0.390381,10.307311,-19.851685,18.661499,1.094263852436879
26.83,-0.701416,0.64209,-0.361572,12.641906,-18.661499,12.33673,1.0173486542675525
26.84,-0.67749,0.591309,-0.338623,12.855529,-15.502929,6.752014,0.9608873865911656
26.85,-0.668457,0.586182,-0.339844,12.603759,-9.605408,1.945495,0.9518077759237944
26.86,-0.653076,0.593262,-0.350342,12.519835,-1.716614,-1.998901,0.9493195349217248
26.87,-0.622559,0.582275,-0.357422,10.925292,6.469726,-3.837585,0.9243237366799578
26.88,-0.595459,0.580322,-0.358154,7.232666,13.809203,-3.532409,0.9053283007180323
26.89,-0.568604,0.592529,-0.358643,5.340576,18.081665,-2.593994,0.8961171386074479
26.9,-0.535889,0.598633,-0.359131,6.088256,18.203735,-1.571655,0.8800645227317142
26.91,-0.522461,0.593994,-0.351318,8.19397,15.373229,0.427246,0.865574205762279
26.92,-0.534668,0.587646,-0.339844,10.032654,11.245727,2.738952,0.8641132077893497
26.93,-0.552246,0.598389,-0.340332,10.276793,8.270264,3.959656,0.882536633835106
26.94,-0.565918,0.630127,-0.359375,9.971619,8.308411,4.005432,0.9200400042813356
26.95,-0.57959,0.653809,-0.388184,10.078429,10.81848,2.708435,0.9560740527997817
26.96,-0.590332,0.663818,-0.432861,9.727478,14.404296,0.762939,0.9881876606540885
26.97,-0.602295,0.664307,-0.474121,8.781433,19.15741,-1.731872,1.0143242972121884
26.98,-0.614258,0.659424,-0.498291,8.171082,25.451658,-4.440308,1.029779987677465
26.99,-0.605469,0.660156,-0.519775,7.781982,32.318115,-7.774353,1.0356469982199532
27.0,-0.580322,0.667725,-0.541016,8.491516,37.963867,-11.344909,1.0369805261262142
27.01,-0.565674,0.667725,-0.551514,10.055541,40.588375,-13.816833,1.0344135740104148
27.02,-0.562744,0.664795,-0.553467,11.817931,40.672298,-15.525817,1.0319684693099882
27.03,-0.55957,0.67041,-0.562744,13.900756,39.245605,-17.38739,1.0388690786311816
27.04,-0.543213,0.671387,-0.566406,16.38031,36.949158,-19.523621,1.0327906970795195
27.05,-0.517334,0.654541,-0.567383,19.020081,34.378052,-21.812437,1.0089508694312126
27.06,-0.503662,0.624023,-0.572754,22.041319,31.455992,-23.490904,0.9854578932095476
27.07,-0.49585,0.581543,-0.577393,24.887083,28.572081,-25.55847,0.957832010217867
27.08,-0.499756,0.543213,-0.580811,27.847288,26.649473,-28.411863,0.9392432276178518
27.09,-0.524902,0.520264,-0.574707,30.883787,26.878355,-31.211851,0.9362077094048094
27.1,-0.548584,0.515625,-0.561035,32.218933,29.533384,-34.378052,0.9389216244745884
27.11,-0.542725,0.52417,-0.543701,31.684874,33.935547,-38.246155,0.9300082751922156
27.12,-0.523438,0.537109,-0.539795,30.670164,38.505554,-41.297909,0.9240411569567667
27.13,-0.500244,0.538086,-0.533691,30.517576,41.099545,-43.540951,0.9080785684140993
27.14,-0.497803,0.539795,-0.523438,30.624388,41.366573,-45.242306,0.9017615032135714
27.15,-0.496338,0.546875,-0.528076,31.364439,41.450497,-47.180172,0.9079030441875388
27.16,-0.482178,0.542969,-0.54126,33.226013,41.091915,-49.430843,0.9056894314526366
27.17,-0.470703,0.536133,-0.55249,35.583496,38.978577,-50.758358,0.9023553113923584
27.18,-0.464111,0.538574,-0.567627,37.971497,35.621643,-51.017757,0.9097589707862187
27.19,-0.475586,0.5354,-0.582275,40.321346,32.485962,-50.628658,0.9229731193382611
27.2,-0.481689,0.520996,-0.586426,42.221066,29.251097,-49.97253,0.9205197326581326
27.21,-0.488037,0.502197,-0.580078,44.212337,27.275084,-49.766537,0.9093252587836763
27.22,-0.498291,0.490967,-0.586914,45.753475,26.878355,-49.110409,0.9131322791173249
27.23,-0.511719,0.486816,-0.605225,46.661373,26.596067,-47.912594,0.9301308797379001
27.24,-0.529297,0.48877,-0.62207,47.546383,25.596617,-46.539303,0.9518521481874167
27.25,-0.556396,0.496338,-0.632568,48.034664,24.42169,-45.234676,0.9777884196921133
27.26,-0.581787,0.512207,-0.632568,47.866817,23.254393,-43.975826,1.0004870807971487
27.27,-0.616699,0.533936,-0.65625,46.913143,22.315977,-42.900082,1.0469333174548414
27.28,-0.637451,0.557129,-0.703125,45.478817,20.690916,-41.824337,1.1005095481943807
27.29,-0.649658,0.578857,-0.748779,44.754025,18.501282,-41.633602,1.1479551098601373
27.3,-0.663818,0.584717,-0.776611,43.983456,16.441345,-42.068478,1.1771461050073606
27.31,-0.679199,0.58252,-0.806641,42.968746,16.189575,-42.747494,1.2047035049679238
27.32,-0.693848,0.59375,-0.830322,41.801449,18.203735,-43.403622,1.2342603993031616
27.33,-0.736816,0.624512,-0.860352,40.496822,22.422789,-43.258663,1.2934908657984407
27.34,-0.797607,0.68042,-0.90332,38.841248,28.861998,-41.618343,1.3838841444459864
27.35,-0.852783,0.747803,-0.965088,36.758423,37.574768,-40.451046,1.4892424314536568
27.36,-0.910645,0.82251,-1.038574,35.667419,47.851559,-39.878845,1.6076171713442848
27.37,-0.952637,0.908203,-1.122314,35.614014,59.730526,-39.649963,1.7297221330531676
27.38,-0.990479,1.0,-1.215332,36.16333,72.158813,-39.550781,1.8595914926846164
27.39,-1.018311,1.068604,-1.27832,37.353516,82.733147,-39.44397,1.952683749084065
27.4,-1.018799,1.110352,-1.293213,37.139893,88.775627,-41.122433,1.9857574951826318
27.41,-0.998779,1.153809,-1.295654,36.056519,87.821953,-43.67828,2.001887605995402
27.42,-0.975586,1.205566,-1.286865,36.399841,78.712463,-44.006344,2.0152366987470725
27.43,-0.961426,1.261963,-1.285645,36.399841,61.676022,-41.244503,2.0420023586837504
27.44,-0.944092,1.306396,-1.290527,35.964966,38.192749,-35.903931,2.064809955179653
27.45,-0.935547,1.312256,-1.294678,36.697388,11.268615,-28.068541,2.0672336883935016
27.46,-0.974854,1.284424,-1.292969,37.940979,-14.778136,-18.318176,2.066846430689276
27.47,-1.027344,1.26123,-1.285645,35.324097,-37.818909,-10.56671,2.073407792321858
27.48,-1.030029,1.268555,-1.287598,29.632566,-59.722897,-6.614685,2.080408646989817
27.49,-0.999512,1.267578,-1.279297,27.282713,-82.336418,-4.295349,2.059703628786676
27.5,-0.978027,1.21875,-1.221924,26.771544,-104.080193,-1.976013,1.9836800742571874
27.51,-0.990723,1.132324,-1.133789,24.818419,-120.819084,-0.526428,1.8839233530656176
27.52,-1.006836,1.037109,-1.043457,22.308348,-127.128593,-0.259399,1.7827272140251857
27.53,-1.003906,0.946533,-0.977539,18.089294,-122.200005,-1.13678,1.6909566740298225
27.54,-0.996094,0.88623,-0.943359,11.947631,-111.831657,-2.082825,1.6332584218723625
27.55,-0.971436,0.85791,-0.914795,6.278991,-102.676384,-2.624511,1.58636293521407
27.56,-0.938721,0.836182,-0.87793,4.425049,-96.130363,-1.609802,1.533348798501176
27.57,-0.90625,0.807617,-0.84375,6.820678,-90.393059,1.609802,1.47832619664572
27.58,-0.884766,0.763916,-0.80835,11.619567,-85.052483,5.279541,1.4211995821530485
27.59,-0.885986,0.721191,-0.794678,17.242432,-79.51355,10.116576,1.3916180418351152
27.6,-0.900391,0.69043,-0.801025,22.384642,-71.06781,14.846801,1.3888983362384737
27.61,-0.927002,0.675049,-0.794922,27.297972,-58.998104,17.478943,1.3953224883477653
27.62,-0.999512,0.681641,-0.799561,31.623838,-43.655392,17.295837,1.4501573996452937
27.63,-1.078125,0.691406,-0.818848,33.7677,-24.963377,14.259337,1.5201670367314903
27.64,-1.107666,0.67041,-0.861084,34.088135,-6.04248,9.185791,1.5549402531004206
27.65,-1.082031,0.644043,-0.926758,33.988953,5.66101,4.53949,1.563477809683911
27.66,-1.0271,0.617188,-0.989014,35.224915,8.323669,0.167847,1.5537065776844736
27.67,-1.003906,0.59375,-1.031738,37.986755,5.989074,-3.479004,1.5571928653766687
27.68,-1.026367,0.577148,-1.070801,41.793819,4.371643,-5.569458,1.591585314770779
27.69,-1.098389,0.572266,-1.109131,46.440121,5.981445,-7.8125,1.6625637868178174
27.7,-1.174805,0.583984,-1.151367,50.73547,11.734008,-12.161254,1.745522864063946
27.71,-1.213623,0.613037,-1.182617,54.534908,23.811338,-19.371033,1.8020205654173318
27.72,-1.261475,0.624756,-1.217773,58.761593,41.213985,-28.114317,1.8613463714983303
27.73,-1.296875,0.601807,-1.243164,61.599728,59.593197,-36.895752,1.8946010560986184
27.74,-1.282959,0.563721,-1.212646,60.234066,76.10321,-47.760006,1.8531798301400757
27.75,-1.207764,0.542725,-1.130127,53.993221,85.243217,-59.967037,1.7408134137379572
27.76,-1.102295,0.55542,-1.038574,46.882626,79.193115,-70.747375,1.613127892295276
27.77,-1.015869,0.616455,-1.031006,44.494625,58.578487,-77.75116,1.5732069044540835
27.78,-0.952148,0.669434,-1.10498,49.47662,32.722473,-82.5653,1.604901397176786
27.79,-0.975586,0.663086,-1.144775,57.502743,10.681151,-86.578362,1.643764243259051
27.8,-1.076416,0.655273,-1.11499,66.200256,2.456665,-90.744011,1.6826338905671072
27.81,-1.184082,0.673828,-1.043945,75.515747,16.647339,-95.245354,1.7163669535775268
27.82,-1.169678,0.622559,-0.915039,79.772949,47.546383,-99.678032,1.6102865284433079
27.83,-1.035156,0.528809,-0.756836,72.883606,79.467773,-104.011528,1.3870788130863363
27.84,-0.826172,0.447754,-0.612061,62.660213,92.567436,-105.682365,1.1214555211068338
27.85,-0.592773,0.375732,-0.493652,56.945797,75.286865,-102.966301,0.85804817024279
27.86,-0.41748,0.294434,-0.400391,54.580685,31.517027,-97.236626,0.6490715550977412
27.87,-0.352051,0.203125,-0.360352,49.514767,-22.804258,-93.818657,0.5431880301792373
27.88,-0.351807,0.108398,-0.333496,41.244503,-72.944641,-97.05352,0.4967271622017463
27.89,-0.393066,0.040527,-0.252197,35.774231,-108.589165,-104.476921,0.46877142073082917
27.9,-0.483887,-0.016113,-0.183838,33.02002,-119.598381,-112.945549,0.5178828707169219
27.91,-0.511963,-0.082764,-0.135254,25.215147,-104.804985,-122.825615,0.535956749729864
27.92,-0.465332,-0.114746,-0.116943,15.769958,-70.297241,-135.650635,0.4933317139501575
27.93,-0.404785,-0.119629,-0.119629,8.346558,-29.144285,-150.932312,0.4387175532241672
27.94,-0.32666,-0.108154,-0.082275,1.861572,6.469726,-168.815598,0.3537982743612524
27.95,-0.22583,-0.110107,0.000488,-3.807068,32.341003,-187.461838,0.2512428675465236
27.96,-0.098633,-0.098145,0.092529,-8.872986,48.706051,-202.781662,0.16710034576565064
27.97,0.028809,-0.059082,0.123047,-11.917113,56.28204,-211.242661,0.139503424380909
27.98,0.118164,0.009033,0.110107,-9.773254,54.801937,-213.569626,0.16176488319162477
27.99,0.157715,0.057617,0.098389,-0.923157,44.43359,-214.27153,0.19461278281500421
28.0,0.156006,0.078125,0.092041,10.185241,29.418943,-218.05571,0.19726361383184685
28.01,0.133545,0.080322,0.084473,19.943237,16.120911,-223.915085,0.17726132809499087
28.02,0.141602,0.067383,0.104248,28.221128,7.461547,-228.88945,0.18830624152427874
28.03,0.170898,0.040771,0.147705,33.424377,5.546569,-228.729233,0.22953249850511365
28.04,0.216064,0.020508,0.168701,35.301208,6.843566,-222.991928,0.2748895370162349
28.05,0.234131,0.031982,0.163818,38.101196,5.973815,-214.660629,0.287535233682761
28.06,0.233398,0.04248,0.17334,41.702267,0.358582,-205.70372,0.29381275058104606
28.07,0.223877,0.034668,0.185303,42.953487,-6.103515,-196.563705,0.2926772679283446
28.08,0.2146,0.036621,0.164063,42.755123,-9.346008,-187.248215,0.2726003037599188
28.09,0.202637,0.035645,0.130615,42.510983,-7.598876,-178.98558,0.24370596631802022
28.1,0.210205,0.036621,0.116455,40.77911,-1.014709,-173.088058,0.24308230435595268
28.11,0.253662,0.026855,0.083496,38.040161,9.521484,-169.441208,0.2683974353174784
28.12,0.293213,0.021484,0.033691,35.514832,17.791748,-165.290817,0.29592314729672636
28.13,0.272949,0.0271,-0.000732,35.514832,21.087645,-157.684326,0.27429200211635774
28.14,0.203369,0.051514,-0.032715,38.414001,23.757933,-148.620605,0.21232737360500648
28.15,0.130127,0.167236,-0.076172,48.065182,33.195496,-138.09967,0.22517346515297934
28.16,0.02124,0.143555,-0.126709,50.819393,39.108276,-126.350395,0.19265084039785552
28.17,0.235107,0.098145,-0.183838,49.934383,32.447815,-120.223991,0.31417217050209906
28.18,0.209717,0.108887,-0.268066,57.235714,18.241882,-106.38427,0.35734714104635007
28.19,-0.110352,0.121338,-0.364502,62.797543,5.638122,-87.516777,0.3997026171442964
28.2,-0.223877,0.014404,-0.462646,64.285278,7.400512,-85.922234,0.5141689485577673
28.21,-0.226563,-0.227539,-0.567871,56.343075,13.526916,-93.429558,0.6523666623387495
28.22,-0.294678,-0.51709,-0.648193,44.227596,14.541625,-88.386528,0.8799837254364423
28.23,-0.451904,-0.725098,-0.794434,38.314819,13.031005,-66.062927,1.1666660684086085
28.24,-0.647949,-0.792725,-0.967773,38.139343,14.579772,-38.887024,1.4088418689672024
28.25,-0.764893,-0.77832,-1.077148,35.369873,17.410278,-24.574278,1.5333268202679429
28.26,-0.749268,-0.786133,-1.174316,30.479429,10.780334,-22.216795,1.5995079547689033
28.27,-0.655029,-0.852783,-1.279785,29.426573,-11.001586,-17.684937,1.6715715605845296
28.28,-0.667236,-0.938232,-1.344971,32.211304,-34.90448,-4.814148,1.770432194793407
28.29,-0.754639,-1.009521,-1.369141,31.967161,-43.098446,7.034301,1.8609566753804343
28.3,-0.809326,-1.036377,-1.366699,27.076719,-30.479429,12.107848,1.8965632119721187
28.31,-0.75708,-1.005859,-1.335205,19.02771,-9.017944,15.876769,1.835128019050987
28.32,-0.629639,-0.946045,-1.266357,11.283874,5.325317,20.988462,1.7015012382584387
28.33,-0.522461,-0.903809,-1.165771,6.263732,1.731872,25.764463,1.5648828165210964
28.34,-0.492676,-0.885742,-1.049805,2.403259,-16.456604,31.646727,1.4592323562630456
28.35,-0.509033,-0.883057,-0.940674,-2.784729,-36.170959,39.398193,1.3870010218503805
28.36,-0.529053,-0.865967,-0.842285,-10.177611,-48.828121,47.424313,1.318802465543267
28.37,-0.518799,-0.833496,-0.758545,-18.493652,-53.733822,55.313107,1.240668570345038
28.38,-0.508057,-0.775635,-0.716553,-25.314329,-53.924557,64.89563,1.1718275343594722
28.39,-0.506836,-0.689209,-0.684082,-28.244017,-51.071163,75.904846,1.0953811936038522
28.4,-0.496826,-0.590576,-0.674805,-27.938841,-41.679379,85.098259,1.0251721192448613
28.41,-0.472168,-0.509277,-0.648438,-27.610777,-27.725218,92.468254,0.9501460534028439
28.42,-0.441895,-0.450195,-0.604248,-28.388975,-12.96997,96.527092,0.8735344152086968
28.43,-0.392822,-0.402588,-0.560059,-29.479979,-1.144409,95.962517,0.7937583416311289
28.44,-0.346436,-0.369873,-0.513184,-30.708311,6.233215,94.421379,0.7212362692495435
28.45,-0.315186,-0.345215,-0.492676,-33.851624,8.68988,94.993584,0.6791503896759539
28.46,-0.338623,-0.311523,-0.50708,-36.91864,5.073547,95.642082,0.6847205576423129
28.47,-0.410645,-0.270508,-0.523193,-38.169861,-5.241394,94.169609,0.7180075273546929
28.48,-0.482666,-0.233887,-0.543213,-37.872314,-17.448425,89.141838,0.7633806126002939
28.49,-0.511475,-0.200928,-0.552979,-36.781311,-25.222776,83.610527,0.7795925289854951
28.5,-0.499756,-0.176025,-0.540283,-35.621643,-24.978636,79.101563,0.756734154277445
28.51,-0.507813,-0.160645,-0.522949,-33.996582,-16.860962,76.461792,0.746429176543227
28.52,-0.546387,-0.148193,-0.513428,-33.157349,-4.592896,76.35498,0.7642697365472481
28.53,-0.574219,-0.127686,-0.499023,-34.0271,9.437561,74.157715,0.771398165078191
28.54,-0.578369,-0.106445,-0.494141,-35.560608,20.362852,68.29834,0.7681253583022761
28.55,-0.578613,-0.097412,-0.5,-36.254883,23.727415,63.316341,0.7708969461043415
28.56,-0.560791,-0.088623,-0.51123,-35.942078,19.630432,61.416622,0.764000454653006
28.57,-0.531006,-0.087402,-0.544922,-35.308838,10.635375,63.140865,0.7658632173723974
28.58,-0.53125,-0.079102,-0.587891,-33.973694,-1.014709,68.695068,0.7963036586535316
28.59,-0.546631,-0.062256,-0.629639,-32.150269,-13.565063,75.35553,0.8361378654372733
28.6,-0.550781,-0.04541,-0.675293,-30.128477,-22.842405,80.703728,0.8726066776675503
28.61,-0.598389,-0.031982,-0.711182,-28.419493,-27.961729,87.219231,0.9299849895396162
28.62,-0.620117,-0.035156,-0.741699,-28.045652,-29.891966,93.215935,0.967418443397685
28.63,-0.609619,-0.039795,-0.753906,-29.693602,-30.97534,96.794121,0.9703572661767417
28.64,-0.594971,-0.038086,-0.752686,-32.196045,-34.698486,100.791924,0.9601964636640774
28.65,-0.575195,-0.039795,-0.74707,-36.209106,-40.306087,105.934135,0.9436877210973977
28.66,-0.580566,-0.033936,-0.768311,-41.038509,-47.58453,112.075798,0.9635924061412066
28.67,-0.646484,-0.012695,-0.799072,-43.647762,-55.297848,118.827812,1.0279196400813635
28.68,-0.71167,0.011963,-0.821777,-45.639034,-58.67767,124.488823,1.0871682206530873
28.69,-0.736816,0.027588,-0.856934,-48.416134,-54.809566,129.40979,1.1304843191995189
28.7,-0.756348,0.048096,-0.921387,-51.170345,-45.455929,135.574341,1.1930337489312697
28.71,-0.861572,0.088135,-1.006348,-51.551815,-32.608032,142.00592,1.327708697912686
28.72,-0.975586,0.121582,-1.045898,-49.59869,-15.73944,144.638062,1.43542775942365
28.73,-0.960938,0.128174,-1.04541,-50.163265,7.209777,139.816284,1.425732261758848
28.74,-0.830811,0.119629,-1.019775,-53.291317,30.227659,133.041382,1.3207948614326905
28.75,-0.686279,0.11084,-0.979004,-55.755611,43.869015,130.622864,1.2007136225832535
28.76,-0.575439,0.122314,-0.943115,-58.219906,45.288082,131.065369,1.111555963747215
28.77,-0.538574,0.177734,-0.965332,-59.608456,38.269043,131.393433,1.1196058228037222
28.78,-0.618652,0.250732,-1.010254,-55.877682,27.038572,129.40979,1.2108715776018528
28.79,-0.744873,0.306396,-1.039551,-49.942013,17.288208,121.7575,1.315059153249769
28.8,-0.837646,0.330566,-1.040039,-44.570919,13.267516,108.512871,1.3757201107758075
28.81,-0.863525,0.318359,-1.019043,-39.642334,13.435363,94.871513,1.3731265471015408
28.82,-0.824463,0.287354,-0.982422,-36.010742,13.031005,83.099358,1.314330455315177
28.83,-0.755371,0.259766,-0.948486,-32.669067,8.514404,73.699951,1.2400360537472288
28.84,-0.69043,0.229492,-0.901123,-28.671263,-0.75531,67.138672,1.1581808253001773
28.85,-0.640137,0.201904,-0.851074,-24.063108,-13.46588,61.325069,1.0839130765245892
28.86,-0.620361,0.182373,-0.826904,-18.875122,-27.290342,56.304928,1.0497037232790976
28.87,-0.648193,0.178955,-0.816406,-13.305663,-40.313717,54.313656,1.0576851204919164
28.88,-0.701904,0.178467,-0.79834,-7.621765,-48.439022,53.665157,1.0778990912441666
28.89,-0.745605,0.180176,-0.779541,-3.532409,-49.46899,51.681515,1.0936518539654199
28.9,-0.77002,0.179932,-0.767334,-0.747681,-44.265743,49.179073,1.1018655964227215
28.91,-0.770508,0.171143,-0.753906,0.244141,-35.728455,47.180172,1.0914883239636601
28.92,-0.741455,0.159912,-0.755371,-0.267029,-26.855467,45.112606,1.0704731254963853
28.93,-0.699219,0.14502,-0.759521,-1.365662,-20.240782,43.243404,1.0425018752031097
28.94,-0.66626,0.130127,-0.745605,-2.937317,-17.745972,42.755123,1.0083462896019402
28.95,-0.641846,0.126465,-0.71582,-5.043029,-19.477844,43.655392,0.9697205557999686
28.96,-0.619629,0.12915,-0.677002,-8.056641,-23.994444,45.539852,0.9267963790094348
28.97,-0.594482,0.130371,-0.639404,-12.474059,-30.502317,48.21777,0.8827473710983227
28.98,-0.570557,0.133301,-0.599854,-18.005371,-38.253784,51.918026,0.8385280366010429
28.99,-0.548584,0.137695,-0.559814,-24.841307,-46.508785,56.121822,0.7957989901206208
29.0,-0.515137,0.14502,-0.537842,-32.485962,-55.473324,60.371395,0.7587298242016061
29.01,-0.488281,0.159668,-0.537598,-39.176941,-64.956665,64.208984,0.7435884713932835
29.02,-0.475586,0.180664,-0.542236,-43.983456,-74.012756,67.871094,0.743533055074218
29.03,-0.484131,0.207764,-0.54126,-46.379086,-81.016533,71.746826,0.7553218469348018
29.04,-0.50708,0.22998,-0.530762,-46.051022,-82.763664,74.317932,0.7692393824057632
29.05,-0.553711,0.240967,-0.502441,-44.624325,-78.659058,75.22583,0.7855621713721963
29.06,-0.588379,0.238525,-0.456543,-44.654842,-68.946838,74.790955,0.7819945870113169
29.07,-0.599609,0.235596,-0.408936,-45.791622,-55.198666,73.356628,0.7630629595210345
29.08,-0.605713,0.233154,-0.360352,-46.974178,-39.840698,72.402954,0.7423628425433212
29.09,-0.627686,0.240234,-0.320557,-49.636837,-24.80316,73.143005,0.7446199564885432
29.1,-0.660156,0.264648,-0.304932,-54.534908,-10.871886,74.890137,0.7738397979323627
29.11,-0.724121,0.332764,-0.315918,-59.387203,4.806519,77.964783,0.8572556707663123
29.12,-0.881348,0.425781,-0.3396,-59.29565,30.59387,81.977837,1.036046290985591
29.13,-1.031738,0.47876,-0.36499,-58.700558,70.1828,84.434502,1.1945342767555898
29.14,-1.064697,0.520264,-0.452637,-67.077637,117.416374,83.869926,1.2685166870301705
29.15,-0.992188,0.590088,-0.57666,-78.048706,153.892517,80.26886,1.2904176187141898
29.16,-0.894043,0.660889,-0.694336,-81.657402,161.506638,75.180054,1.310797328753
29.17,-0.863281,0.736084,-0.740234,-76.36261,139.686584,69.953918,1.354629142892253
29.18,-0.872314,0.79834,-0.706543,-67.100525,103.240959,62.973019,1.377491009424381
29.19,-0.91626,0.834229,-0.644775,-57.556149,64.89563,56.137081,1.3968554730772973
29.2,-0.987061,0.828613,-0.567871,-48.797604,33.447266,49.926754,1.4083204160030487
29.21,-0.989014,0.773193,-0.490479,-43.937679,13.061522,41.725155,1.3477929206246781
29.22,-0.927734,0.700684,-0.443604,-41.336056,2.998352,32.402039,1.244360458801227
29.23,-0.825684,0.623047,-0.430664,-40.283199,-0.396728,26.321409,1.1204521912875176
29.24,-0.721436,0.538818,-0.442871,-37.651062,-3.868103,24.162291,1.0034587494565983
29.25,-0.645264,0.46875,-0.464111,-33.744812,-8.575439,22.293089,0.9227628148755236
29.26,-0.569092,0.400635,-0.469482,-29.602049,-13.107299,19.523621,0.8395162035440412
29.27,-0.492188,0.3396,-0.470215,-26.397703,-17.471313,19.317627,0.7607097564570866
29.28,-0.442627,0.299072,-0.478516,-23.689268,-21.972654,23.406981,0.7171752119036184
29.29,-0.42041,0.271484,-0.487549,-20.614622,-26.535032,29.632566,0.698678865972773
29.3,-0.385498,0.250977,-0.476074,-18.203735,-28.968809,34.706116,0.6620004652634317
29.31,-0.376709,0.231934,-0.444336,-16.578674,-28.350828,38.543701,0.6270068037374077
29.32,-0.376465,0.218018,-0.417236,-15.945434,-27.008055,41.91589,0.6027799136044598
29.33,-0.366943,0.208984,-0.391602,-16.044617,-26.794432,43.724056,0.5759111076450949
29.34,-0.355713,0.197754,-0.361084,-15.602111,-28.121946,44.464108,0.5440772352717949
29.35,-0.35083,0.180664,-0.323975,-15.945434,-31.059263,45.509335,0.5105692611399554
29.36,-0.357178,0.162842,-0.283691,-18.157959,-34.912109,47.477718,0.4843286323654632
29.37,-0.359131,0.145996,-0.232422,-22.583006,-40.313717,50.163265,0.4520065190470155
29.38,-0.309814,0.115723,-0.145996,-30.319212,-49.919125,53.12347,0.3615125991455899
29.39,-0.230713,0.080566,-0.066162,-41.610714,-66.116333,58.242794,0.25317341678975697
29.4,-0.198486,0.079102,-0.037109,-51.918026,-90.423576,67.41333,0.21686607959983045
29.41,-0.233643,0.125977,-0.027344,-57.91473,-116.142265,79.856873,0.2668463046661879
29.42,-0.411133,0.193604,0.00415,-58.998104,-124.946587,92.39959,0.45445580093668075
29.43,-0.592285,0.206055,-0.008057,-59.875484,-104.454033,101.295464,0.6271563596895116
29.44,-0.656494,0.183594,-0.068359,-68.756104,-53.062435,105.209343,0.6851015120060676
29.45,-0.59375,0.19873,-0.161133,-85.144035,10.459899,104.37011,0.6465265030058706
29.46,-0.404053,0.271484,-0.265869,-101.21154,63.301083,100.502007,0.5546609002138153
29.47,-0.20459,0.380615,-0.388184,-110.450737,95.565788,95.756523,0.5808714695877222
29.48,-0.167725,0.513672,-0.53833,-111.984245,104.438774,92.979424,0.7627514589360023
29.49,-0.399414,0.695068,-0.692139,-105.674736,96.443169,90.599052,1.0591069178043357
29.5,-0.75,0.878174,-0.773682,-94.703667,83.358757,83.656303,1.390062376801847
29.51,-0.952393,1.019775,-0.778076,-84.770195,74.630737,70.144653,1.5976219010923707
29.52,-0.973145,1.099854,-0.716064,-76.545715,69.061279,55.969234,1.6338413828878862
29.53,-0.930176,1.130127,-0.60376,-67.016602,57.861324,47.088619,1.5833321081519822
29.54,-0.894043,1.130371,-0.496338,-53.50494,37.269592,39.413452,1.5242712664529237
29.55,-0.89624,1.121094,-0.439697,-38.856506,15.792846,27.786253,1.5011433463347197
29.56,-0.920654,1.096191,-0.430908,-27.214048,1.823425,13.320922,1.4949649496429673
29.57,-0.903076,1.062744,-0.469727,-19.187927,-3.303528,-1.922607,1.4716027065213626
29.58,-0.835938,1.040527,-0.555664,-8.31604,-7.308959,-14.73236,1.4457701264270886
29.59,-0.803223,1.019043,-0.616455,5.996704,-14.762877,-23.010252,1.4365349249506605
29.6,-0.796143,1.005859,-0.64209,18.203735,-18.341064,-30.410765,1.4345297391235918
29.61,-0.775146,0.979492,-0.630127,28.358458,-15.884398,-38.085938,1.3990410771342634
29.62,-0.727783,0.94458,-0.602295,36.376953,-11.466979,-44.418331,1.3359112015826502
29.63,-0.666016,0.917969,-0.568115,42.770382,-10.482787,-49.026485,1.268463263339542
29.64,-0.627197,0.916016,-0.532227,48.866268,-14.144897,-52.162167,1.2311486378963346
29.65,-0.632568,0.93335,-0.516602,54.870602,-19.363403,-54.618832,1.240226642000566
29.66,-0.64624,0.944336,-0.499512,58.258053,-21.247862,-56.739803,1.248562716342275
29.67,-0.654785,0.954834,-0.502197,59.135433,-18.127441,-58.746334,1.2620036412744615
29.68,-0.645508,0.970459,-0.525879,59.745785,-11.83319,-59.989925,1.278678994660505
29.69,-0.618896,0.977539,-0.535645,60.348507,-5.187988,-60.783382,1.274962870581728
29.7,-0.58667,0.98291,-0.540283,60.821529,-0.793457,-61.904903,1.2657801851383992
29.71,-0.550781,0.978271,-0.5354,62.644955,-0.602722,-62.477108,1.2437954089809142
29.72,-0.536865,0.968506,-0.529053,64.300537,-2.853393,-62.286373,1.2272428354119653
29.73,-0.533447,0.966064,-0.526855,64.77356,-4.142761,-61.874386,1.2228742964548729
29.74,-0.513428,0.954102,-0.516113,63.308712,-3.921509,-60.760494,1.2001214798331876
29.75,-0.52002,0.947266,-0.509521,61.286922,-2.258301,-59.463497,1.1947155831397698
29.76,-0.531494,0.944092,-0.506836,60.111996,0.808716,-58.334347,1.196109655255738
29.77,-0.536621,0.926758,-0.519287,58.525082,6.034851,-57.15942,1.1901686756817287
29.78,-0.531494,0.921143,-0.538818,55.816647,12.062072,-55.404659,1.19218921971682
29.79,-0.523682,0.936035,-0.554688,52.345272,17.288208,-52.8717,1.2075111327408123
29.8,-0.534912,0.963135,-0.585938,49.369808,22.308348,-49.736019,1.247831405203844
29.81,-0.568604,0.986816,-0.63501,46.684261,27.114866,-46.06628,1.3039762370426848
29.82,-0.593018,1.007813,-0.678711,42.892452,29.617308,-41.78619,1.3520377261060432
29.83,-0.621826,1.033447,-0.709717,39.604187,29.403685,-37.513733,1.3994207716673353
29.84,-0.62793,1.046631,-0.722412,36.521912,28.144835,-33.203125,1.4183129530554954
29.85,-0.645996,1.067627,-0.753418,33.77533,27.122496,-29.655455,1.4576614579074938
29.86,-0.687256,1.087891,-0.789307,31.913755,26.80969,-26.336668,1.509580464124387
29.87,-0.755127,1.141113,-0.852295,28.839109,30.166624,-22.415159,1.6120677504134249
29.88,-0.856689,1.222656,-0.953125,25.268553,39.291382,-16.921997,1.7712286703534357
29.89,-0.955566,1.31958,-1.067627,21.591185,52.955624,-9.979248,1.947877092602354
29.9,-0.998535,1.436768,-1.19458,17.066956,68.04657,-3.967285,2.1185834438249063
29.91,-0.994629,1.555908,-1.294189,13.908385,78.865051,1.350403,2.2550081418535943
29.92,-0.978271,1.629639,-1.318359,12.390136,81.665031,7.385253,2.3131813315525007
29.93,-0.945313,1.637939,-1.282959,10.94818,74.668884,14.10675,2.2852668621784633
29.94,-0.898682,1.618408,-1.235352,8.628845,58.372494,19.546509,2.2255265344389854
29.95,-0.924561,1.611328,-1.210938,7.583618,36.231995,24.162291,2.217557621832858
29.96,-1.00293,1.588135,-1.216553,6.019592,13.557433,29.067991,2.237865627095157
29.97,-1.046875,1.546143,-1.276123,0.457764,-4.524231,32.424927,2.261635548270985
29.98,-1.047119,1.501221,-1.363281,-4.402161,-18.989563,34.599304,2.2822484036500055
29.99,-1.05542,1.461426,-1.455078,-5.546569,-31.051634,35.415649,2.3166634015238383
30.0,-1.075928,1.424561,-1.517334,-2.89917,-37.29248,33.172607,2.3429250033795364
30.01,-1.094727,1.348877,-1.503662,2.044678,-32.737732,27.786253,2.297584770123183
30.02,-1.100586,1.251953,-1.475098,6.027221,-16.868591,19.256592,2.225890825536823
30.03,-1.049072,1.142334,-1.420898,10.185241,3.005981,7.400512,2.103432945245462
30.04,-0.991699,1.004395,-1.320068,15.48767,23.658751,-4.302979,1.932577488032498
30.05,-0.924561,0.878662,-1.231934,19.599915,44.662472,-12.489318,1.7732798237506116
30.06,-0.834717,0.799805,-1.143555,23.780821,64.399719,-16.410828,1.6260868814854268
30.07,-0.758301,0.756104,-1.082031,31.883238,79.818726,-16.921997,1.5223352949918751
30.08,-0.730225,0.674072,-1.022705,41.587826,85.960381,-16.433716,1.4260179272484619
30.09,-0.685547,0.595459,-0.983154,47.393795,82.931511,-17.921448,1.3383340007658775
30.1,-0.644287,0.55835,-0.932861,53.710934,71.258545,-22.178648,1.2637603040885563
30.11,-0.637939,0.512207,-0.878906,63.629147,55.297848,-26.153563,1.2007489060607135
30.12,-0.71875,0.489258,-0.865967,73.501587,44.578548,-27.999876,1.227140496501114
30.13,-0.816406,0.506592,-0.884521,78.674316,45.509335,-31.417845,1.3059600341285333
30.14,-0.864258,0.560059,-0.94458,79.673767,59.982296,-36.720276,1.3974402851088126
30.15,-0.86792,0.595215,-1.019775,81.222527,80.879204,-41.603085,1.4654375023350537
30.16,-0.820557,0.634277,-1.07666,83.045952,98.045341,-46.234127,1.4949307203271995
30.17,-0.815186,0.688721,-1.117432,90.064995,107.955925,-50.186153,1.545159896276434
30.18,-0.848877,0.730225,-1.173828,100.32653,110.801689,-53.993221,1.6222493289682693
30.19,-0.898438,0.786865,-1.267578,108.917229,110.908501,-58.479305,1.7415801314188792
30.2,-0.897949,0.869141,-1.359131,116.722099,111.885063,-64.025879,1.84633571152242
30.21,-0.824707,0.949707,-1.440186,122.901909,115.341179,-70.388794,1.9121246654687554
30.22,-0.729492,0.99585,-1.45166,127.639763,114.44091,-74.981689,1.9055688274538918
30.23,-0.596924,1.006104,-1.397949,131.42395,102.836601,-79.38385,1.8228617411073722
30.24,-0.499756,0.977783,-1.318115,136.802673,80.909721,-83.290092,1.7155881813098386
30.25,-0.441895,0.918213,-1.227539,141.578674,52.452084,-86.013786,1.595380299776514
30.26,-0.449951,0.864746,-1.134033,144.14978,26.56555,-88.287346,1.4954171297688148
30.27,-0.498535,0.802002,-1.048828,143.356323,8.010864,-90.972893,1.4113059653430933
30.28,-0.526367,0.735352,-0.983154,137.214661,-3.715515,-94.810478,1.335813074613735
30.29,-0.496582,0.664307,-0.919434,128.250122,-15.86914,-100.860588,1.2382472908627744
30.3,-0.444824,0.583496,-0.843262,119.438164,-34.431458,-107.109062,1.1177776047300285
30.31,-0.4104,0.499268,-0.744385,112.777702,-58.738705,-110.321037,0.9858020714367565
30.32,-0.422607,0.419189,-0.627441,107.917778,-81.314079,-108.367912,0.8648689511428884
30.33,-0.428955,0.349609,-0.520264,102.60009,-96.771233,-104.431145,0.759541621375682
30.34,-0.406494,0.279785,-0.431152,97.328178,-105.979912,-103.027336,0.6552931140833085
30.35,-0.370117,0.2146,-0.349365,94.688408,-112.594597,-102.500908,0.5523546477707959
30.36,-0.333252,0.165283,-0.281738,93.955986,-118.820183,-102.783195,0.46663868917718343
30.37,-0.339844,0.143555,-0.219238,97.000114,-121.902458,-105.094902,0.42914715775011253
30.38,-0.348145,0.112061,-0.104492,106.681816,-115.882866,-110.633842,0.3803698027052095
30.39,-0.351074,0.057861,0.001465,115.020744,-96.382133,-117.462151,0.35581314621862975
30.4,-0.319092,0.023682,0.06543,114.883415,-67.344666,-124.961845,0.32659091611372165
30.41,-0.240967,0.015137,0.109619,111.656181,-38.68103,-132.43103,0.26516136411438224
30.42,-0.15918,0.029541,0.145996,109.092705,-17.318726,-140.556335,0.21800407128537758
30.43,-0.10083,0.05249,0.189697,107.093803,-6.156921,-149.124146,0.22114891093785652
30.44,-0.049316,0.066162,0.25,105.12542,-4.806519,-156.822205,0.26326693316859984
30.45,-0.022217,0.074951,0.313477,103.172295,-8.926392,-162.017807,0.32307750930542967
30.46,-0.048828,0.088379,0.36084,100.265495,-13.648986,-164.886459,0.37470058289919966
30.47,-0.09375,0.087402,0.379639,95.6726,-15.457152,-167.800888,0.40069182974575357
30.48,-0.095215,0.077148,0.378174,89.401237,-13.580321,-170.66954,0.3975340040864429
30.49,-0.086182,0.08252,0.364258,83.168022,-11.726378,-171.867355,0.3833024629297339
30.5,-0.078369,0.094482,0.357666,78.178406,-12.626647,-172.271713,0.3781448347406057
30.51,-0.058838,0.085693,0.349121,73.120117,-15.60974,-173.141464,0.3642673099991269
30.52,-0.027832,0.074951,0.336182,67.016602,-18.684387,-173.301682,0.3455584028047936
30.53,0.006836,0.06958,0.333008,60.981747,-22.598265,-172.630295,0.3402681815274535
30.54,0.034912,0.071289,0.341797,54.977413,-29.075621,-171.264633,0.3508933719436718
30.55,0.056152,0.070557,0.342773,51.094051,-37.910461,-168.792709,0.3544357020419924
30.56,0.071777,0.064941,0.323486,48.225399,-48.896786,-164.833054,0.3376573165296437
30.57,0.061279,0.068604,0.286377,45.959469,-60.050961,-161.491379,0.30078798311435245
30.58,0.006348,0.073486,0.261719,43.838497,-63.865658,-159.126282,0.27191418547218166
30.59,-0.037354,0.062744,0.229736,41.275021,-55.7785,-155.921936,0.2410617359681955
30.6,-0.04541,0.058105,0.175537,36.514282,-39.405823,-152.565002,0.1903982602178917
30.61,-0.022949,0.081787,0.109131,30.906675,-21.408079,-150.054932,0.13829441467752773
30.62,0.017334,0.104736,0.050537,27.000425,-6.439209,-147.979736,0.11757587176372539
30.63,0.060791,0.112305,-0.004639,23.29254,3.318786,-144.996643,0.12778684997682666
30.64,0.092773,0.104736,-0.065186,21.179197,6.637573,-142.036438,0.15435567310921874
30.65,0.111328,0.093506,-0.13623,20.240782,5.088806,-140.647888,0.19923832091241883
30.66,0.159424,0.01709,-0.25293,19.859314,1.350403,-140.472412,0.2994689713075463
30.67,0.203125,-0.206543,-0.400391,17.50946,-10.0708,-137.504578,0.4941990786666847
30.68,0.167236,-0.535889,-0.591064,14.289855,-29.46472,-122.856133,0.8151696462166633
30.69,0.004395,-0.784912,-0.869141,10.353087,-47.607418,-95.199577,1.1711158105200357
30.7,-0.298828,-0.864014,-1.177734,9.086609,-59.036251,-62.492367,1.490931165592832
30.71,-0.599854,-0.884521,-1.374512,10.56671,-60.882565,-37.788391,1.741116153190533
30.72,-0.746582,-0.969238,-1.489014,10.032654,-53.558346,-25.924681,1.9271662293543856
30.73,-0.693115,-1.067383,-1.605225,9.048462,-47.790524,-17.189026,2.048526829831379
30.74,-0.652344,-1.069336,-1.668945,14.61029,-51.170345,-6.446838,2.086722211569379
30.75,-0.643799,-1.063232,-1.652344,18.096924,-53.649899,2.349854,2.067650872986298
30.76,-0.641846,-1.048828,-1.701904,15.388488,-40.199276,4.890442,2.099638941941209
30.77,-0.697998,-1.047607,-1.681641,11.589049,-22.453306,8.598328,2.100618501140557
30.78,-0.762939,-1.020264,-1.647217,7.92694,-9.864807,13.572692,2.082387666239406
30.79,-0.796875,-0.994385,-1.560059,6.492614,-1.113892,14.076232,2.014347382486695
30.8,-0.821533,-0.95752,-1.38916,3.173828,3.921509,11.978148,1.8765730804018796
30.81,-0.741943,-0.901367,-1.211426,-3.067016,5.874633,7.194519,1.6824074528526078
30.82,-0.627441,-0.816895,-1.050781,-11.161803,-1.029968,4.432678,1.4714415922716744
30.83,-0.566162,-0.732422,-0.936523,-18.379211,-19.622803,5.531311,1.316835876583335
30.84,-0.523193,-0.653564,-0.914307,-22.78137,-41.511532,5.760192,1.2396911339499046
30.85,-0.477783,-0.604248,-0.925293,-24.513243,-56.770321,4.829407,1.2039764850037562
30.86,-0.447021,-0.573242,-0.915771,-24.80316,-60.577389,5.020141,1.1692179820059219
30.87,-0.408203,-0.529541,-0.867676,-23.628233,-52.436825,5.455017,1.0954017531782574
30.88,-0.33374,-0.473877,-0.777832,-21.247862,-38.070679,5.447387,0.9700332050775375
30.89,-0.246338,-0.420898,-0.66748,-17.692566,-24.80316,6.889343,0.8266602004741731
30.9,-0.196045,-0.37085,-0.558105,-13.22174,-15.655517,10.688781,0.698172296464132
30.91,-0.172852,-0.330322,-0.462646,-8.621216,-9.552002,15.029906,0.5941647573729024
30.92,-0.170654,-0.292969,-0.395508,-5.195617,-4.226685,18.867493,0.5209416481152184
30.93,-0.20166,-0.262451,-0.358398,-1.754761,0.045776,22.438047,0.4878487566910466
30.94,-0.220947,-0.243408,-0.352539,1.953125,4.104614,24.604795,0.48202570242052445
30.95,-0.236816,-0.222412,-0.361084,3.929138,8.18634,25.146482,0.48572684778175484
30.96,-0.255371,-0.200684,-0.383545,5.950927,10.765075,25.131224,0.5025884822814785
30.97,-0.251709,-0.202637,-0.403076,9.300232,11.642455,25.825499,0.5166134301641799
30.98,-0.225098,-0.239258,-0.406982,12.886046,10.307311,28.861998,0.5230180192804068
30.99,-0.20874,-0.310059,-0.407715,16.189575,5.081176,35.430908,0.5531188771918745
31.0,-0.206787,-0.418701,-0.414063,18.676758,-4.547119,46.257015,0.6241150204401429
31.01,-0.269043,-0.523193,-0.42627,20.805357,-16.090393,63.2019,0.7265130170877876
31.02,-0.389404,-0.560303,-0.460938,22.628782,-24.688719,86.479179,0.8234310941839639
31.03,-0.546631,-0.515381,-0.513428,24.406431,-24.902342,108.787529,0.9099622720234064
31.04,-0.654785,-0.458252,-0.570801,25.566099,-16.876221,122.940056,0.9821161200845855
31.05,-0.633301,-0.445557,-0.626709,24.650572,-5.821228,129.875183,0.9961703506584604
31.06,-0.555908,-0.455078,-0.689453,20.904539,-2.059937,134.925842,0.9957284417736595
31.07,-0.505615,-0.475342,-0.743896,16.693115,-8.117676,140.647888,1.0173385886738986
31.08,-0.467041,-0.505615,-0.77417,12.199401,-17.677307,144.523621,1.0359116819526653
31.09,-0.434082,-0.510254,-0.794922,4.91333,-22.28546,146.67511,1.0395611157233615
31.1,-0.466797,-0.480225,-0.829346,-3.692627,-17.89093,150.306702,1.0659879349926995
31.11,-0.576172,-0.423584,-0.856934,-12.550353,-3.295898,155.097961,1.1161243026634622
31.12,-0.6604,-0.369385,-0.884033,-22.865294,19.828796,154.846191,1.1636527760951718
31.13,-0.669678,-0.315918,-0.915527,-33.13446,44.158932,146.736145,1.1774814198691206
31.14,-0.606934,-0.284424,-0.921875,-40.290829,62.477108,136.749268,1.1397891944377259
31.15,-0.52832,-0.267578,-0.911865,-45.402523,71.235657,132.316589,1.087298388994024
31.16,-0.453857,-0.253662,-0.889893,-49.606319,70.4422,130.851746,1.0306503471798767
31.17,-0.389893,-0.246582,-0.854736,-52.8717,63.819881,129.310608,0.9712841313791758
31.18,-0.321045,-0.255371,-0.816895,-56.678768,54.656979,129.592896,0.9141125098646228
31.19,-0.274414,-0.258789,-0.80542,-61.836239,43.403622,131.782532,0.8893684086569525
31.2,-0.289795,-0.233154,-0.824463,-64.910889,28.335569,133.712769,0.9044783956015754
31.21,-0.370361,-0.193604,-0.839355,-63.545223,10.963439,133.399963,0.9376388404721724
31.22,-0.4729,-0.170654,-0.854248,-59.890743,-2.296448,130.012512,0.9912097876938061
31.23,-0.579102,-0.168457,-0.857422,-56.449886,-5.523681,126.304619,1.0482887833688768
31.24,-0.669678,-0.180664,-0.840576,-54.695126,2.922058,123.825066,1.089805540615389
31.25,-0.691162,-0.194092,-0.826416,-55.694576,20.439146,121.109001,1.0946871789529646
31.26,-0.643555,-0.207031,-0.807129,-59.196468,39.871216,118.385307,1.0528447633089124
31.27,-0.568848,-0.218262,-0.797852,-64.743042,54.954525,117.485039,1.0038895166560908
31.28,-0.503662,-0.208008,-0.815674,-69.076538,58.235165,117.141716,0.9809519930067935
31.29,-0.488281,-0.181641,-0.844482,-69.282532,46.432491,115.188591,0.9922507929782671
31.3,-0.48877,-0.153076,-0.856689,-66.52832,24.208067,112.388603,0.9981204423299825
31.31,-0.50415,-0.125,-0.878662,-64.147949,0.617981,110.923759,1.020705213440198
31.32,-0.579346,-0.083496,-0.899902,-60.470577,-18.707275,110.465996,1.0735161756284812
31.33,-0.684814,-0.057373,-0.888428,-55.892941,-28.373716,108.100883,1.1231946344730284
31.34,-0.759766,-0.041748,-0.86084,-55.130001,-25.199888,103.263847,1.148926793081265
31.35,-0.802734,-0.018311,-0.851807,-56.640621,-12.168883,98.030083,1.1705948627625187
31.36,-0.819336,-0.003662,-0.839844,-57.975765,4.844666,92.39196,1.1733127611493877
31.37,-0.793457,0.00293,-0.815674,-60.028072,20.500181,84.617607,1.1379396600984606
31.38,-0.747559,0.016846,-0.819336,-61.737057,30.830381,77.766418,1.1092518772095903
31.39,-0.760742,0.038574,-0.841797,-61.271664,34.629822,75.271606,1.135270246791045
31.4,-0.857422,0.087158,-0.899414,-58.158871,36.03363,74.211121,1.2456783479068745
31.41,-1.008789,0.13916,-0.946045,-52.650448,41.648861,71.426392,1.3899719040851148
31.42,-1.088623,0.179443,-0.972412,-47.660824,56.167599,66.261292,1.470674989289612
31.43,-1.063477,0.198486,-0.981201,-45.097347,77.186584,60.241695,1.4605257355233423
31.44,-0.946289,0.195313,-0.975342,-43.945309,99.006645,55.236813,1.37291735237559
31.45,-0.820313,0.188965,-0.951172,-43.228146,112.648003,52.330013,1.270176902158908
31.46,-0.712891,0.194824,-0.932129,-42.152401,113.044731,49.613949,1.1895522020903497
31.47,-0.610352,0.195313,-0.917725,-41.458126,99.57885,44.975277,1.1193283287302256
31.48,-0.498779,0.199951,-0.900146,-41.015621,72.113037,37.92572,1.0483433190315088
31.49,-0.398438,0.196533,-0.883545,-39.619446,33.851624,31.448362,0.9889539053757764
31.5,-0.344482,0.177002,-0.877197,-37.155151,-9.559631,26.664732,0.958891095556216
31.51,-0.37085,0.14917,-0.859375,-34.378052,-50.117489,22.216795,0.9477904842448039
31.52,-0.437012,0.126709,-0.831299,-32.264709,-81.062309,17.631531,0.9476775222753782
31.53,-0.487305,0.105469,-0.802002,-31.501768,-101.242058,13.824462,0.9443500839148583
31.54,-0.528809,0.091064,-0.775391,-31.066893,-112.899773,12.672423,0.9429543008322302
31.55,-0.57666,0.076416,-0.746094,-29.602049,-117.317192,13.511657,0.946061529442985
31.56,-0.616455,0.057373,-0.717041,-28.32794,-114.265434,14.694213,0.9473416616168636
31.57,-0.633057,0.051025,-0.702148,-27.549742,-103.98864,15.213012,0.9467716354950648
31.58,-0.621094,0.041016,-0.689209,-26.901243,-88.378899,15.792846,0.9286813849609563
31.59,-0.61084,0.035645,-0.673096,-27.145384,-71.777344,15.800475,0.9096451488580589
31.6,-0.591064,0.03833,-0.662109,-26.641844,-57.441708,15.007018,0.8883772671995833
31.61,-0.560303,0.037842,-0.639648,-25.733946,-45.501705,14.999389,0.851188012531309
31.62,-0.530273,0.034912,-0.609619,-25.337217,-35.697937,16.242981,0.8087296380336262
31.63,-0.496826,0.038818,-0.574219,-25.505064,-28.907774,17.692566,0.76030939186689
31.64,-0.464111,0.050537,-0.542236,-25.436399,-26.084898,18.676758,0.7155228077329192
31.65,-0.436279,0.061768,-0.512207,-25.215147,-26.351927,20.065308,0.6756557278037388
31.66,-0.412842,0.071289,-0.489746,-25.199888,-28.594969,21.812437,0.6444934313094277
31.67,-0.397461,0.085449,-0.467529,-25.413511,-31.188963,23.132322,0.619564479261844
31.68,-0.38916,0.096924,-0.458984,-25.787352,-33.569336,23.979185,0.6095129856139244
31.69,-0.382813,0.111572,-0.450195,-25.657652,-35.78186,24.345396,0.6013897589567019
31.7,-0.370361,0.127441,-0.432373,-25.451658,-38.551331,24.29962,0.5833994257204921
31.71,-0.365723,0.149658,-0.415771,-25.344847,-41.648861,24.398802,0.5735994718738852
31.72,-0.368164,0.175293,-0.400391,-24.29962,-45.173641,24.414061,0.5714764383821961
31.73,-0.376709,0.194824,-0.379395,-23.185728,-48.866268,23.841856,0.569040093211366
31.74,-0.375488,0.211914,-0.367676,-22.193907,-51.902767,22.636412,0.5666431174169505
31.75,-0.376221,0.224854,-0.36499,-20.294188,-53.810116,20.973204,0.5703676553390804
31.76,-0.380371,0.228027,-0.358154,-18.280029,-54.489132,19.622803,0.5700462245169245
31.77,-0.371826,0.227539,-0.344238,-17.26532,-53.642269,18.180847,0.5554533026645895
31.78,-0.370117,0.237061,-0.356689,-16.319275,-50.445553,16.212463,0.5660490739600234
31.79,-0.402344,0.243652,-0.35791,-13.85498,-44.242855,14.717101,0.5910554623214306
31.8,-0.436768,0.257813,-0.360352,-12.306212,-34.416199,12.46643,0.6221634774695474
31.81,-0.509277,0.276367,-0.370117,-11.215209,-20.614622,9.407043,0.6875524526223435
31.82,-0.578613,0.295166,-0.37085,-10.551452,-6.080627,5.470275,0.7479610242686446
31.83,-0.603271,0.313721,-0.381104,-11.32965,7.6828,0.938415,0.779485101908946
31.84,-0.592773,0.330322,-0.412598,-12.321471,18.341064,-2.258301,0.7941848417194828
31.85,-0.581787,0.341309,-0.452148,-13.59558,20.912169,-3.257751,0.8120380291304097
31.86,-0.580322,0.36499,-0.491699,-14.72473,13.580321,-3.639221,0.8436582426462744
31.87,-0.60083,0.394531,-0.511475,-14.389037,-1.609802,-4.898071,0.882189364301112
31.88,-0.653564,0.417725,-0.523193,-13.496398,-20.446775,-6.736755,0.9356126297619116
31.89,-0.744141,0.441406,-0.555176,-13.694762,-38.024902,-8.018494,1.0280104453229062
31.9,-0.837891,0.470703,-0.598389,-14.953612,-50.849911,-9.643555,1.1321183848922338
31.91,-0.932617,0.489014,-0.641846,-17.311096,-60.317989,-12.565612,1.2332377907771883
31.92,-0.970215,0.495117,-0.679443,-20.454405,-69.564819,-16.746521,1.283783774692218
31.93,-0.949463,0.480469,-0.716309,-22.109983,-78.895569,-21.209715,1.2827427769475064
31.94,-0.927002,0.44165,-0.735107,-21.263121,-88.027946,-25.0473,1.2628419267481579
31.95,-0.921143,0.386963,-0.736328,-17.860413,-94.337456,-28.518675,1.2411380718526042
31.96,-0.930176,0.340332,-0.729248,-14.244079,-94.429008,-32.150269,1.2299820757653341
31.97,-0.937012,0.3125,-0.718262,-11.276244,-85.624687,-35.469055,1.2212894983532774
31.98,-0.943604,0.29834,-0.704102,-9.536743,-68.084717,-37.155151,1.2145595460165797
31.99,-0.940186,0.293701,-0.690674,-8.926392,-45.234676,-37.727356,1.2030131197426734
32.0,-0.908936,0.289307,-0.668945,-8.430481,-20.553587,-38.528442,1.1650539066369419
32.01,-0.866699,0.290039,-0.644531,-7.667541,2.044678,-38.864136,1.1183514599994941
32.02,-0.815918,0.293945,-0.618896,-5.638122,20.13397,-38.665771,1.0654379871982227
32.03,-0.755127,0.284912,-0.595947,-2.441406,33.096313,-37.979126,1.003266894042657
32.04,-0.70874,0.276367,-0.581787,0.694275,41.770931,-35.629272,0.9576884773547191
32.05,-0.681396,0.274414,-0.564209,3.39508,46.95892,-31.845091,0.9262479948118646
32.06,-0.679688,0.287842,-0.558594,5.516052,50.529476,-27.290342,0.9256651938708725
32.07,-0.714355,0.312012,-0.571289,7.507324,53.703304,-22.369383,0.9664500378653829
32.08,-0.737305,0.332031,-0.586426,9.689331,57.212826,-18.516541,0.9988787220989342
32.09,-0.754883,0.344727,-0.605713,11.680602,60.852047,-15.495299,1.0274109628512826
32.1,-0.755859,0.370605,-0.610352,13.992309,63.743587,-11.619567,1.0398078946661253
32.11,-0.740723,0.394775,-0.611328,16.807556,67.070007,-7.865905,1.0383832562873883
32.12,-0.765625,0.404541,-0.614258,19.859314,68.405151,-3.982544,1.0616722431475734
32.13,-0.786377,0.421875,-0.615479,23.323057,66.329956,-0.495911,1.084057978705475
32.14,-0.801758,0.449707,-0.62085,26.649473,62.141415,1.060486,1.1092821998540316
32.15,-0.823242,0.46875,-0.643066,30.502317,56.190487,2.449036,1.1449837699373735
32.16,-0.856445,0.473877,-0.671631,35.087585,49.919125,4.264832,1.1870744076573296
32.17,-0.894531,0.483154,-0.697266,38.345337,44.921871,5.760192,1.2328030550063542
32.18,-0.928467,0.503174,-0.73999,41.03088,41.999813,6.233215,1.2895038753198844
32.19,-0.964844,0.526123,-0.780029,44.776913,39.970398,6.561279,1.3476552216000945
32.2,-0.980225,0.521973,-0.800537,48.21777,38.253784,7.095336,1.3689983023082972
32.21,-0.975098,0.516357,-0.831787,50.23193,34.713745,7.827758,1.3817779396205456
32.22,-0.991943,0.520996,-0.867432,54.023739,26.969908,8.743286,1.416977777485942
32.23,-1.020264,0.523193,-0.875732,58.830257,16.197205,9.460449,1.4427668144121557
32.24,-1.063965,0.528076,-0.894287,62.477108,6.034851,9.223938,1.4868204401910812
32.25,-1.118164,0.522461,-0.92334,66.673279,-1.831055,7.400512,1.5413672446944628
32.26,-1.188477,0.509277,-0.956787,70.228577,-6.004333,3.807068,1.6085030325202996
32.27,-1.270996,0.498047,-1.007324,70.94574,-6.553649,0.282288,1.6965209362695763
32.28,-1.37207,0.495117,-1.090576,70.419312,-3.822326,-1.159668,1.8212833223760108
32.29,-1.489258,0.508545,-1.191406,68.283081,1.701355,0.480652,1.9738175357476686
32.3,-1.619873,0.559082,-1.304932,63.972469,10.833739,4.249573,2.15392867650649
32.31,-1.721436,0.633057,-1.441895,58.082577,20.599363,10.429381,2.3330589916180857
32.32,-1.742188,0.701416,-1.592285,51.086422,28.312681,16.860962,2.4622296711771225
32.33,-1.666992,0.73584,-1.686035,43.449398,28.70178,20.729063,2.4825464456660224
32.34,-1.545166,0.725586,-1.699707,36.247253,17.723083,21.568296,2.4089451834363107
32.35,-1.438965,0.65918,-1.658203,30.59387,-3.112793,21.255491,2.2923297609275153
32.36,-1.378174,0.54834,-1.596191,25.871275,-27.236937,21.476744,2.1789598523967806
32.37,-1.369629,0.436279,-1.551758,18.531799,-47.050472,24.192808,2.11522477624625
32.38,-1.421875,0.374023,-1.536865,7.80487,-55.801388,28.808592,2.1268699415758827
32.39,-1.48291,0.361572,-1.575928,-1.777649,-51.315304,32.112122,2.193924666087694
32.4,-1.5,0.385986,-1.637207,-7.896423,-36.369324,34.225464,2.25375951535318
32.41,-1.472656,0.429932,-1.67334,-9.95636,-15.449523,35.850525,2.2701594601613344
32.42,-1.425293,0.461426,-1.67041,-6.958007,7.621765,35.820007,2.243801162631172
32.43,-1.371826,0.432129,-1.605225,-1.777649,29.609678,33.584595,2.1553165307077284
32.44,-1.270752,0.376709,-1.51416,1.693725,48.21014,28.755186,2.0123123072189864
32.45,-1.103027,0.341553,-1.420166,5.523681,60.111996,21.911619,1.830354742145358
32.46,-0.954834,0.309326,-1.344727,12.46643,59.715267,17.14325,1.6779991794875824
32.47,-0.846191,0.256104,-1.317627,21.568296,44.944759,15.563964,1.586748051338334
32.48,-0.783203,0.195801,-1.31543,31.60095,20.217894,13.923644,1.5434056679013461
32.49,-0.812256,0.150391,-1.329102,43.594357,-5.531311,10.421752,1.5648927723077388
32.5,-0.922607,0.107422,-1.330566,56.724545,-23.063658,5.310058,1.6226980750863667
32.51,-1.032959,0.069336,-1.32959,68.03894,-28.106688,-1.853943,1.6851176055922625
32.52,-1.100342,0.036377,-1.342285,79.101563,-21.224974,-10.612487,1.7360313431266152
32.53,-1.17627,-0.009766,-1.367432,91.957085,-9.19342,-20.484922,1.803767380312661
32.54,-1.219971,-0.079834,-1.404053,104.103081,-2.937317,-31.723021,1.8617377729438698
32.55,-1.153076,-0.143066,-1.422852,113.639824,-13.59558,-48.225399,1.8369975383859392
32.56,-1.104736,-0.151855,-1.388184,127.17437,-48.927303,-69.137573,1.7806056241001262
32.57,-1.260254,-0.139404,-1.290527,148.483276,-103.096001,-89.851372,1.8091803551500882
32.58,-1.631348,-0.13208,-1.220947,172.149643,-155.570984,-112.419121,2.041923847824154
32.59,-2.032227,-0.119385,-1.191895,188.720688,-180.519089,-141.784668,2.3589855974081315
32.6,-2.306152,-0.109863,-1.127197,193.695053,-167.633041,-177.635178,2.569237241416604
32.61,-2.339844,-0.072266,-1.081543,188.598618,-125.602715,-212.356552,2.578725960613302
32.62,-2.125488,0.00708,-1.045654,181.282028,-70.007324,-243.2556,2.3687848471864217
32.63,-1.736084,0.092285,-0.973145,178.207382,-23.597715,-249.992355,1.9923642657169898
32.64,-1.308838,0.148438,-0.887695,177.558884,-2.922058,-249.877914,1.5884247426658273
32.65,-0.949463,0.170654,-0.806152,174.270615,-8.552551,-249.80162,1.2571729487978174
32.66,-0.675537,0.173828,-0.721191,168.90715,-30.761717,-249.992355,1.003335871198673
32.67,-0.494385,0.154297,-0.633057,159.385681,-60.081478,-249.992355,0.8179151897862027
32.68,-0.384766,0.104492,-0.561035,143.783569,-87.570183,-248.54277,0.6882759069188751
32.69,-0.311279,0.064209,-0.486084,122.268669,-106.994621,-232.101425,0.580771096541486
32.7,-0.266846,0.058838,-0.373535,99.44915,-117.950432,-208.488449,0.4628143193387604
32.71,-0.335205,0.075928,-0.243652,81.130974,-114.532463,-189.369186,0.42130007157962834
32.72,-0.435303,0.057861,-0.155518,68.458557,-88.256828,-173.118576,0.4658566790913274
32.73,-0.408691,0.011719,-0.083496,52.772518,-37.315369,-155.525208,0.4172975562569232
32.74,-0.334473,-0.016357,-0.01123,33.409119,28.938292,-135.490417,0.33506096770289434
32.75,-0.218506,-0.015381,0.06958,15.319823,87.753288,-114.738457,0.22983216397406173
32.76,-0.109619,-0.028076,0.159668,0.25177,123.573296,-96.04644,0.19569991609860235
32.77,-0.009277,-0.05127,0.238037,-12.626647,134.864807,-81.901543,0.2436725035739568
32.78,0.083252,-0.060791,0.30249,-24.635313,126.144402,-71.151733,0.3195725915734952
32.79,0.14209,-0.05127,0.367676,-36.590576,104.354851,-63.133236,0.39749694587002804
32.8,0.167725,-0.028809,0.417236,-48.400875,75.569153,-57.617184,0.45060793801485566
32.81,0.171875,0.007324,0.434082,-59.318539,44.967648,-55.183407,0.466928087958949
32.82,0.157715,0.035156,0.441895,-67.085266,17.066956,-54.542538,0.47051159027807166
32.83,0.089355,0.053711,0.425537,-73.242188,-1.960754,-54.306026,0.4381220445435267
32.84,-0.002197,0.052002,0.394531,-78.491211,-8.110046,-54.664608,0.3979494248946718
32.85,-0.064697,0.044189,0.386963,-85.960381,-3.723144,-55.625912,0.3948148083582985
32.86,-0.090332,0.065186,0.397217,-95.283501,4.714966,-56.175228,0.4125414281123776
32.87,-0.102295,0.101074,0.414795,-101.928703,10.269164,-55.725094,0.4390160731977817
32.88,-0.11084,0.138916,0.41626,-104.850761,5.706787,-54.611202,0.45260970853042914
32.89,-0.105713,0.166748,0.400879,-104.904167,-12.283324,-54.298397,0.4468602762766008
32.9,-0.097656,0.184814,0.362061,-103.744499,-41.793819,-56.129452,0.4180682679335996
32.91,-0.113037,0.182129,0.312744,-100.20446,-75.973511,-58.013912,0.3791531953524855
32.92,-0.156738,0.150879,0.266846,-95.115654,-105.232231,-59.356686,0.344293568050581
32.93,-0.209961,0.124512,0.22876,-90.461723,-119.651787,-61.531063,0.3345414731614004
32.94,-0.246582,0.106934,0.167236,-86.631767,-113.502495,-64.277649,0.31655243290172325
32.95,-0.242432,0.089355,0.077881,-81.207268,-90.553276,-67.03186,0.2698574453484654
32.96,-0.189209,0.064941,0.009521,-75.820923,-60.417171,-69.55719,0.20026988940677026
32.97,-0.127197,0.044678,-0.050537,-70.251465,-31.837461,-70.281982,0.1439763482729021
32.98,-0.061035,0.029541,-0.11084,-61.973568,-13.389586,-70.075989,0.12993632096530977
32.99,-0.008789,0.01416,-0.16626,-49.934383,-10.025024,-69.816589,0.16709320668716607
33.0,-0.007813,-0.00708,-0.200439,-36.483765,-19.737244,-69.618225,0.2007161231441062
33.01,-0.039307,-0.032959,-0.215576,-24.604795,-35.224915,-70.045471,0.22159500830569265
33.02,-0.083984,-0.044678,-0.253174,-15.998839,-48.477169,-70.19043,0.2704561151388521
33.03,-0.115234,-0.055908,-0.342041,-12.138366,-55.839535,-70.213318,0.36523502693608123
33.04,-0.15918,-0.102539,-0.468262,-10.116576,-58.212276,-71.57135,0.5050958518588329
33.05,-0.183838,-0.190674,-0.605225,-8.735657,-55.3894,-74.775696,0.6606438413737011
33.06,-0.168457,-0.333008,-0.731934,-9.910583,-50.392147,-76.118469,0.8215835132650849
33.07,-0.192383,-0.498047,-0.864746,-14.266967,-50.132748,-70.343018,1.0162911381164357
33.08,-0.291748,-0.61377,-1.047119,-15.464782,-53.993221,-52.574154,1.2483143468553903
33.09,-0.484375,-0.651123,-1.157959,-9.017944,-53.802486,-28.152464,1.4140188638893754
33.1,-0.733398,-0.618896,-1.300537,-1.518249,-42.503353,-10.810851,1.6162615424457145
33.11,-0.711914,-0.674805,-1.349365,2.464294,-22.262571,-5.699157,1.6682233767232733
33.12,-0.665039,-0.73291,-1.495605,0.183105,-13.870238,0.152588,1.7933957331403463
33.13,-0.634521,-0.797363,-1.583008,8.537292,-20.484922,10.047912,1.8826361786797787
33.14,-0.661133,-0.894775,-1.522705,15.205382,-27.168272,16.143799,1.8858286405023654
33.15,-0.719238,-0.954834,-1.437744,15.441894,-25.207518,17.158508,1.8697911855969371
33.16,-0.780273,-1.006104,-1.354004,12.748717,-18.241882,19.27948,1.858601099042234
33.17,-0.838867,-1.032471,-1.27002,7.637023,-11.550902,24.650572,1.8391968382775128
33.18,-0.896484,-1.006348,-1.177734,2.059937,-6.683349,29.121397,1.7898260345955415
33.19,-0.915527,-0.969238,-1.078857,-1.983642,-4.112244,30.09033,1.7150931213266527
33.2,-0.898438,-0.90625,-1.001221,-6.881713,-3.784179,30.075071,1.6220121433531254
33.21,-0.855225,-0.840332,-0.952148,-11.093139,-5.279541,30.410765,1.5310628611369945
33.22,-0.810059,-0.782227,-0.925049,-13.740539,-7.286071,30.014036,1.4573229962540906
33.23,-0.779785,-0.715576,-0.916992,-14.526366,-7.232666,26.824949,1.400352807711328
33.24,-0.733643,-0.665039,-0.896729,-14.595031,-1.266479,21.667479,1.335901127483243
33.25,-0.650879,-0.619629,-0.858154,-15.136718,10.620116,17.00592,1.2425827368823374
33.26,-0.546387,-0.562744,-0.802246,-14.869689,22.003172,12.161254,1.1219706804640663
33.27,-0.441406,-0.507568,-0.730957,-11.19995,26.69525,6.340026,0.9933592841006722
33.28,-0.345459,-0.465576,-0.642578,-5.79071,25.093077,3.799438,0.8654533023456552
33.29,-0.262451,-0.435059,-0.568848,-1.89209,19.371033,4.875183,0.7627220384819099
33.3,-0.212402,-0.416748,-0.501953,1.144409,9.078979,7.377624,0.6861124684168041
33.31,-0.198242,-0.414307,-0.44043,3.616333,-5.592346,9.521484,0.636340133665165
33.32,-0.206543,-0.419189,-0.392822,4.570007,-21.827696,13.389586,0.610482229269616
33.33,-0.217529,-0.418701,-0.357666,4.875183,-36.933899,20.584105,0.5920763133228689
33.34,-0.243896,-0.413574,-0.339355,5.546569,-48.629757,30.677794,0.587954529123639
33.35,-0.282959,-0.405029,-0.331543,6.347656,-55.908199,41.755672,0.5950084431090032
33.36,-0.317871,-0.393555,-0.332031,7.690429,-58.784481,52.261349,0.6051215544227457
33.37,-0.349121,-0.384766,-0.337646,9.468079,-59.005733,62.362667,0.6196250226653214
33.38,-0.352051,-0.372803,-0.347656,10.299682,-58.662411,71.708679,0.6195051878281569
33.39,-0.319824,-0.36377,-0.368408,10.94818,-58.898922,80.566399,0.6085560437133132
33.4,-0.283203,-0.347656,-0.395752,11.871337,-61.157223,90.553276,0.5980704632808745
33.41,-0.270508,-0.333008,-0.409668,13.175963,-64.056396,102.813713,0.593208880877554
33.42,-0.291992,-0.314697,-0.413818,13.664245,-63.919064,116.409294,0.5962708000539687
33.43,-0.362793,-0.28125,-0.420898,12.924193,-58.92944,130.325317,0.6227964753858197
33.44,-0.479248,-0.218506,-0.438721,11.123656,-49.308773,144.15741,0.6854922562516662
33.45,-0.580322,-0.155273,-0.457764,9.185791,-35.247803,154.457092,0.7552689639519157
33.46,-0.619141,-0.133789,-0.497559,6.721496,-18.165588,161.170944,0.8054812430361119
33.47,-0.638916,-0.137451,-0.557129,2.39563,-5.134582,169.799789,0.8587777099447796
33.48,-0.647217,-0.115967,-0.616211,-3.288269,-1.457214,179.12291,0.9011404922091782
33.49,-0.628662,-0.081787,-0.656006,-7.705688,-6.111145,184.082016,0.9122767648301693
33.5,-0.562256,-0.074463,-0.668945,-10.246276,-14.289855,187.278732,0.8770199318886658
33.51,-0.549316,-0.076172,-0.677246,-13.656615,-20.217894,192.947372,0.8753355847650659
33.52,-0.615234,-0.064209,-0.684326,-17.242432,-22.369383,199.096664,0.9224628690158754
33.53,-0.754395,-0.040283,-0.728516,-19.599915,-18.264771,202.957138,1.0495094560650704
33.54,-0.946289,0.0,-0.758057,-21.682737,-9.025574,202.201828,1.2124822830746849
33.55,-1.087158,0.029541,-0.782715,-24.467466,6.439209,192.787155,1.3399358040107743
33.56,-1.098877,0.016602,-0.80127,-27.847288,23.475645,178.085312,1.3600881958288589
33.57,-1.036133,-0.024414,-0.810059,-31.768797,34.355164,166.046127,1.3154327122912823
33.58,-0.934814,-0.043457,-0.80957,-36.376953,33.218384,159.622192,1.2374042631028068
33.59,-0.858643,-0.026855,-0.791992,-39.024353,25.55084,154.388428,1.168434987724178
33.6,-0.894775,0.003906,-0.748535,-39.573669,17.700195,148.300171,1.1665942755242715
33.61,-0.990967,0.017334,-0.730469,-39.81781,14.366149,141.51001,1.231219323518763
33.62,-1.086914,0.023193,-0.746338,-41.358944,17.654419,133.346558,1.3186888825227123
33.63,-1.182373,0.048096,-0.798584,-44.754025,24.482725,123.062126,1.4276048267643955
33.64,-1.228027,0.073975,-0.857666,-46.585079,29.144285,110.221855,1.499704497862829
33.65,-1.198486,0.083984,-0.902588,-46.058651,30.72357,97.206108,1.5026932828079056
33.66,-1.161133,0.086914,-0.918701,-43.869015,29.403685,87.059013,1.483170730053017
33.67,-1.131104,0.087646,-0.917236,-41.007992,26.473997,79.193115,1.4589036842190783
33.68,-1.092529,0.087158,-0.910889,-37.918091,23.590086,70.991516,1.4251087337905133
33.69,-1.037109,0.085938,-0.893799,-34.500122,20.13397,61.859127,1.3718079567220771
33.7,-0.991699,0.083984,-0.87793,-31.967161,16.63208,54.13818,1.3271327378062074
33.71,-0.981445,0.084961,-0.862305,-29.762266,12.939452,48.309322,1.309206848657232
33.72,-1.009033,0.091553,-0.844238,-27.389524,11.062621,42.655941,1.3188128553900285
33.73,-1.049561,0.095459,-0.822754,-25.993345,13.832091,36.361694,1.3370171494479792
33.74,-1.073242,0.100342,-0.807129,-26.542662,21.827696,29.388426,1.3466158064455505
33.75,-1.062012,0.101563,-0.79126,-28.297422,31.631468,22.087095,1.3282608624487133
33.76,-1.025391,0.097168,-0.778076,-29.983519,38.581848,14.923095,1.2908410378048103
33.77,-0.967773,0.102295,-0.791748,-30.120848,40.512081,8.926392,1.2545571896322623
33.78,-0.917236,0.100342,-0.80835,-28.503416,38.627625,4.722595,1.2267110984905942
33.79,-0.876221,0.089844,-0.800049,-26.641844,33.912659,1.907349,1.1899216728751518
33.8,-0.83667,0.087891,-0.776123,-24.696348,27.557371,0.411987,1.1445996801982778
33.81,-0.808594,0.094238,-0.746338,-21.39282,21.469114,0.221252,1.104411819804551
33.82,-0.811279,0.09668,-0.713623,-17.25769,16.197205,1.182556,1.084794185258199
33.83,-0.790771,0.089111,-0.682861,-14.022826,10.879516,1.564026,1.0485984408165978
33.84,-0.758057,0.084961,-0.649414,-10.879516,6.767272,1.571655,1.0018020414063848
33.85,-0.765137,0.084961,-0.624756,-8.262634,3.39508,2.754211,0.9914499784789952
33.86,-0.749756,0.06958,-0.61792,-6.752014,-0.38147,3.349304,0.974063941605478
33.87,-0.721924,0.05127,-0.633545,-6.04248,-4.943848,3.097534,0.9618638893840439
33.88,-0.723145,0.055664,-0.648193,-4.78363,-10.643004,3.196716,0.972723669481729
33.89,-0.75293,0.064209,-0.63916,-2.525329,-15.251159,3.158569,0.9897231361249468
33.9,-0.747559,0.0625,-0.621094,-1.457214,-17.150879,2.311707,0.973913992771949
33.91,-0.71582,0.052979,-0.61499,-1.88446,-18.470764,1.609802,0.9452077797717283
33.92,-0.707275,0.055176,-0.614502,-1.304626,-21.553038,2.5177,0.93856008044504
33.93,-0.711426,0.059814,-0.596924,0.778198,-23.979185,3.997802,0.9306035298922952
33.94,-0.717773,0.061035,-0.578369,1.716614,-22.262571,4.302979,0.9238149440851235
33.95,-0.708496,0.05542,-0.56543,0.808716,-18.547058,4.53949,0.9081569486140597
33.96,-0.683838,0.051514,-0.544678,0.297546,-15.327453,5.851745,0.8757637958513699
33.97,-0.662598,0.053955,-0.519043,-0.267029,-13.015746,7.789611,0.8434173862791778
33.98,-0.643555,0.056641,-0.487305,-1.00708,-11.741637,9.735107,0.8092202443902401
33.99,-0.62085,0.061523,-0.460205,-2.319336,-11.032104,11.756896,0.7752602427920575
34.0,-0.606445,0.064941,-0.44043,-4.066467,-10.978698,13.282775,0.7523107445769999
34.01,-0.610107,0.065918,-0.437256,-5.752563,-11.45935,14.328002,0.7535041763049491
34.02,-0.618896,0.068848,-0.435303,-7.080078,-11.96289,15.197753,0.7597769460367957
34.03,-0.627441,0.065186,-0.434082,-8.06427,-13.580321,14.511107,0.7657405603734205
34.04,-0.632324,0.058594,-0.428223,-8.544922,-17.311096,12.245177,0.765925476492981
34.05,-0.630859,0.045654,-0.416016,-8.132935,-22.636412,10.429381,0.757057909180665
34.06,-0.632813,0.024414,-0.398193,-6.912231,-28.259275,9.44519,0.7480681797897835
34.07,-0.644775,0.016846,-0.387695,-4.905701,-32.752991,8.979797,0.7525463449954428
34.08,-0.644287,0.017578,-0.373779,-2.197266,-34.095764,7.598876,0.7450674233208697
34.09,-0.627197,0.036133,-0.354736,0.762939,-33.52356,5.683898,0.7214702351407161
34.1,-0.615479,0.073975,-0.332275,4.333496,-32.218933,4.333496,0.703344421809827
34.11,-0.610596,0.123047,-0.312012,8.331299,-30.364988,2.990722,0.6966487835121798
34.12,-0.600342,0.166016,-0.315186,11.978148,-26.321409,0.778198,0.6980788234977481
34.13,-0.579346,0.179688,-0.327393,14.556884,-21.591185,-1.670837,0.6892864002060392
34.14,-0.543457,0.18335,-0.334961,16.181946,-19.203186,-3.730774,0.6641999735546517
34.15,-0.509277,0.196777,-0.326416,17.471313,-19.729614,-4.989624,0.6361066384766001
34.16,-0.483887,0.204102,-0.320557,18.90564,-21.90399,-4.348755,0.6152731470022075
34.17,-0.461182,0.197266,-0.333008,19.523621,-25.42877,-2.098083,0.6020772707418873
34.18,-0.42627,0.181396,-0.352539,19.454956,-29.418943,0.350952,0.5821463460651454
34.19,-0.398926,0.165771,-0.359131,18.707275,-34.996033,2.76947,0.5617802533713694
34.2,-0.405762,0.164063,-0.367188,18.234253,-41.732784,5.828857,0.571302455759644
34.21,-0.429932,0.164551,-0.380615,18.165588,-46.722408,9.353638,0.5973159419017711
34.22,-0.43335,0.14624,-0.382813,17.242432,-47.645565,11.299132,0.5964261505576361
34.23,-0.452148,0.128174,-0.385742,14.892577,-44.05212,12.107848,0.6079994068615527
34.24,-0.467529,0.104492,-0.383301,12.367248,-36.994934,12.931823,0.6135320696638441
34.25,-0.479248,0.081787,-0.393799,9.140015,-28.541563,13.290404,0.6256559847663891
34.26,-0.496826,0.05835,-0.413818,5.683898,-20.538328,13.389586,0.6492196345613709
34.27,-0.527588,0.046631,-0.433105,2.906799,-14.305114,13.313293,0.6841808890417796
34.28,-0.568359,0.053223,-0.438232,0.030518,-8.460999,13.824462,0.7196609802080421
34.29,-0.613281,0.076904,-0.433838,-3.608703,-2.182007,15.73944,0.7551445030065438
34.3,-0.657471,0.100586,-0.435059,-7.339477,4.173279,18.592834,0.7947716607416246
34.31,-0.676025,0.123047,-0.463623,-10.528563,9.292603,20.790098,0.828912933282501
34.32,-0.687744,0.142578,-0.532959,-12.382506,11.215209,21.766661,0.8816833849523309
34.33,-0.731201,0.164063,-0.60791,-12.275695,7.728576,21.728514,0.9649487750497432
34.34,-0.832031,0.205078,-0.668213,-9.437561,0.564575,21.65222,1.0866651666516232
34.35,-0.941895,0.260254,-0.703125,-4.379272,-3.997802,20.973204,1.2038617450380256
34.36,-1.002197,0.302246,-0.687256,0.572205,-2.510071,18.287659,1.2522269286598975
34.37,-1.000488,0.324707,-0.635498,4.592896,1.319885,14.900207,1.228929852350003
34.38,-0.95459,0.338135,-0.586182,8.140564,2.349854,12.351989,1.170122507880692
34.39,-0.899902,0.350342,-0.550537,12.619018,-4.364014,10.902404,1.1115997998097158
34.4,-0.847656,0.3396,-0.519775,18.783569,-20.118711,9.643555,1.050721135678254
34.41,-0.835693,0.311523,-0.51123,25.413511,-42.938229,9.651184,1.0280007211466342
34.42,-0.86377,0.281006,-0.518066,31.219481,-69.488525,10.56671,1.0456841613470103
34.43,-0.927734,0.256836,-0.530518,34.965515,-94.322197,10.307311,1.09913805046318
34.44,-1.031494,0.242432,-0.55835,37.277222,-111.114494,10.055541,1.1977094260128371
34.45,-1.126221,0.244385,-0.575684,38.55896,-114.311211,8.972168,1.2882196384631
34.46,-1.182617,0.25,-0.573975,39.93988,-102.47039,4.371643,1.3381069722985528
34.47,-1.197754,0.267822,-0.567627,40.435787,-77.651978,-1.89209,1.3522365471059419
34.48,-1.153076,0.268311,-0.549561,40.458675,-49.736019,-8.453369,1.305217356311967
34.49,-1.072754,0.242676,-0.539063,41.366573,-29.144285,-13.442992,1.224859870948918
34.5,-0.996338,0.226074,-0.523193,43.090816,-19.622803,-15.823363,1.1478370001742408
34.51,-0.948486,0.208984,-0.486328,44.715878,-20.530699,-17.822266,1.0861928595033206
34.52,-0.94043,0.197021,-0.466309,43.67828,-23.826597,-18.821716,1.0680215085952154
34.53,-0.945068,0.193848,-0.469238,40.504452,-24.574278,-18.348694,1.0728070061161978
34.54,-0.980469,0.188721,-0.482178,36.994934,-22.048948,-16.769409,1.1087969604422625
34.55,-1.038818,0.188965,-0.494141,33.538818,-16.960144,-15.029906,1.1657726777678399
34.56,-1.094482,0.193848,-0.506592,31.448362,-7.888793,-13.961791,1.2215168234175082
34.57,-1.145996,0.206543,-0.521484,30.067442,4.898071,-13.679503,1.2758967062897373
34.58,-1.162598,0.216309,-0.532471,28.95355,19.882202,-13.900756,1.2968997875418131
34.59,-1.153564,0.221191,-0.5354,27.32086,34.286499,-13.763427,1.2908479850768642
34.6,-1.128906,0.228271,-0.534912,24.864195,44.036861,-12.901305,1.2699083644188662
34.61,-1.10083,0.234131,-0.539307,21.934507,46.394344,-12.115478,1.247996816626549
34.62,-1.086914,0.236572,-0.556641,19.363403,40.313717,-12.825011,1.2438639626024222
34.63,-1.108643,0.243652,-0.588135,17.631531,27.763365,-13.59558,1.2784202661010973
34.64,-1.165527,0.260254,-0.607178,16.12854,15.769958,-13.900756,1.3397202901833651
34.65,-1.282715,0.308838,-0.640381,15.121459,10.963439,-13.526916,1.4665696392023122
34.66,-1.421875,0.378906,-0.703369,15.655517,15.602111,-12.779235,1.6309586820707629
34.67,-1.523193,0.436035,-0.788086,18.104553,29.373167,-13.229369,1.7695544580119595
34.68,-1.578857,0.47998,-0.88623,21.377562,46.585079,-13.641356,1.873118746836142
34.69,-1.583984,0.525146,-0.973633,23.727415,58.097836,-13.298034,1.9320312762119045
34.7,-1.575439,0.562988,-1.033203,26.382444,58.525082,-12.077331,1.9663346536319803
34.71,-1.564941,0.580078,-1.066895,29.502867,48.393246,-9.368896,1.980857329690859
34.72,-1.597168,0.566895,-1.097412,32.63092,31.707762,-4.997253,2.0190662839523124
34.73,-1.687256,0.5354,-1.125488,35.987854,13.046264,1.670837,2.097667563671613
34.74,-1.797852,0.497559,-1.163818,37.216187,-0.770569,10.353087,2.1987062353822986
34.75,-1.911133,0.482178,-1.229248,35.629272,-5.569458,20.881651,2.3229239360936895
34.76,-1.998535,0.466797,-1.271729,32.974243,-3.105163,32.699585,2.414401837904163
34.77,-2.03833,0.428467,-1.290771,29.312132,2.677917,44.776913,2.450400565913663
34.78,-2.011475,0.369141,-1.3125,24.772642,6.16455,57.151791,2.4300109060467197
34.79,-1.969971,0.300781,-1.312744,20.462034,4.341125,67.955017,2.3863259962415024
34.8,-1.937256,0.225098,-1.301025,15.2359,-0.717163,75.202942,2.3444180450092515
34.81,-1.90332,0.15918,-1.291748,8.155823,-4.53949,76.446533,2.3057706282941504
34.82,-1.85376,0.100586,-1.272949,0.50354,-4.463196,71.022034,2.2509870807263646
34.83,-1.786377,0.054688,-1.245361,-7.324218,0.236511,62.133785,2.1783153086259115
34.84,-1.716309,0.036865,-1.209961,-14.274596,10.757445,50.582882,2.1002574207051383
34.85,-1.638428,0.031006,-1.159424,-18.959045,27.351377,37.93335,2.0074042181374434
34.86,-1.541992,0.029053,-1.091797,-21.751402,49.194332,25.924681,1.8896042162532343
34.87,-1.43335,0.040039,-1.025635,-22.720335,74.272156,14.587401,1.7629584502324496
34.88,-1.329102,0.064697,-0.983887,-21.27075,99.746696,4.936218,1.6549113139325624
34.89,-1.236328,0.084961,-0.945068,-17.51709,123.413078,-2.311707,1.5584860665816043
34.9,-1.132568,0.096436,-0.920166,-12.580871,143.791199,-8.216858,1.4624348341980917
34.91,-1.00415,0.104492,-0.88208,-6.16455,158.813477,-13.267516,1.3406345240086874
34.92,-0.895264,0.11499,-0.820801,1.754761,165.290817,-16.685486,1.2200141849163066
34.93,-0.814453,0.11499,-0.7771,8.987427,160.85051,-17.326355,1.1315656407425068
34.94,-0.746826,0.125732,-0.787109,14.045714,147.720337,-15.716552,1.0922903405143707
34.95,-0.709961,0.147949,-0.835693,18.989563,127.601616,-13.633727,1.106488282075775
34.96,-0.749756,0.167725,-0.880615,26.481627,102.569572,-11.413573,1.168652434809426
34.97,-0.848389,0.202637,-0.917725,35.316467,81.222527,-10.940551,1.2661140646541291
34.98,-0.955322,0.231689,-0.946289,44.395443,72.029114,-13.351439,1.3644716149213219
34.99,-1.0,0.236084,-0.964111,52.070614,77.102661,-17.982483,1.4089874645918607
35.0,-0.990967,0.226318,-0.968506,55.450436,93.078606,-22.422789,1.4040082992094456
35.01,-0.963867,0.234131,-0.972168,56.213375,113.601677,-25.413511,1.3888727584174154
35.02,-0.92334,0.266113,-0.977295,58.586117,132.369995,-27.633665,1.37057593784292
35.03,-0.857422,0.278809,-0.987305,62.080379,146.530151,-29.037474,1.337040802515017
35.04,-0.811279,0.287354,-1.003174,65.048218,155.052185,-28.625486,1.3217806215227246
35.05,-0.788818,0.282471,-1.027588,68.458557,156.295776,-26.43585,1.3258811412449458
35.06,-0.776611,0.27002,-1.020508,69.671631,151.931763,-23.41461,1.3105235685728815
35.07,-0.740479,0.260742,-0.987061,68.206787,142.478943,-19.821167,1.261183950788306
35.08,-0.706055,0.238037,-0.95166,64.01825,128.082275,-14.488219,1.2086488456098403
35.09,-0.681152,0.215332,-0.904785,55.923458,108.757011,-7.438659,1.1528103979202302
35.1,-0.660645,0.190186,-0.862549,46.249386,83.763115,-1.548767,1.1030019528640918
35.11,-0.64624,0.167725,-0.827393,35.484314,53.733822,0.816345,1.0631730760671096
35.12,-0.635986,0.138428,-0.785156,25.405882,20.668028,-1.518249,1.019858052728908
35.13,-0.626709,0.096436,-0.743652,16.555786,-15.174865,-6.645202,0.9772831574733087
35.14,-0.630371,0.056641,-0.698975,7.019042,-48.240658,-12.695312,0.9429431855350565
35.15,-0.625,0.017578,-0.654053,-3.40271,-73.348999,-19.91272,0.9048310963340064
35.16,-0.585449,-0.009033,-0.603271,-13.938903,-88.630669,-27.130125,0.8406949661625197
35.17,-0.533203,-0.011719,-0.524902,-22.331236,-96.267693,-33.164978,0.7483080139715196
35.18,-0.481445,0.014404,-0.398682,-22.644041,-97.442619,-37.658691,0.6252552281788614
35.19,-0.429688,-0.005859,-0.272705,-19.119263,-91.293327,-41.90826,0.5089539490464732
35.2,-0.389893,-0.035889,-0.187256,-20.729063,-79.101563,-46.615597,0.43401541597735904
35.21,-0.341553,-0.051025,-0.145508,-23.887632,-66.375732,-53.245541,0.37474602132377605
35.22,-0.296875,-0.055664,-0.116699,-24.528502,-56.945797,-62.850948,0.3238084358413165
35.23,-0.292969,-0.057373,-0.079834,-22.476194,-48.736568,-74.60022,0.30902421207083436
35.24,-0.300293,-0.055176,-0.059082,-21.179197,-37.872314,-89.225761,0.3109838573768741
35.25,-0.276611,-0.050049,-0.042236,-17.555237,-23.475645,-107.116692,0.2842576778523317
35.26,-0.25293,-0.04541,-0.018066,-11.909484,-7.492065,-124.999992,0.2576082944239179
35.27,-0.217285,-0.029053,-0.014893,-5.325317,10.391234,-139.831543,0.21972403028116885
35.28,-0.158936,-0.012939,-0.044678,1.701355,27.709959,-151.153564,0.16560251659017744
35.29,-0.078613,-0.009033,-0.109375,10.032654,38.238525,-157.951355,0.13499810918305485
35.3,0.001953,-0.007324,-0.135742,21.629332,35.163879,-160.217285,0.13595346905835098
35.31,0.022461,-0.003906,-0.118164,35.78186,20.431517,-159.866333,0.12034319362971885
35.32,-0.007568,-0.016113,-0.074219,47.920223,1.457214,-158.912659,0.0763240679864484
35.33,-0.031982,-0.047607,-0.016357,55.854794,-15.785216,-161.155685,0.05963913331026868
35.34,-0.048584,-0.062256,0.044189,60.821529,-28.594969,-164.237961,0.09049244340275048
35.35,-0.043945,-0.0625,0.074463,63.735958,-36.956787,-165.527328,0.10668716602291017
35.36,-0.02832,-0.057861,0.053711,64.720154,-43.189999,-165.199265,0.0838736504630626
35.37,-0.035156,-0.065186,0.022461,66.215515,-49.140926,-164.009079,0.07739286435453853
35.38,-0.060303,-0.064453,-0.039551,67.504883,-52.330013,-162.139877,0.0967208489365142
35.39,-0.112305,-0.059814,-0.093994,71.083069,-54.931637,-163.536057,0.15819291911144442
35.4,-0.125244,-0.068115,-0.133057,74.417114,-56.190487,-168.968185,0.19501250731683853
35.41,-0.127441,-0.060547,-0.175537,75.042725,-52.108761,-171.272263,0.22521186926758546
35.42,-0.124023,-0.075195,-0.202881,75.950623,-46.012875,-173.088058,0.2493926476763098
35.43,-0.126709,-0.119873,-0.222168,73.448181,-39.070129,-175.056442,0.28245942546496833
35.44,-0.129639,-0.182861,-0.240234,67.611694,-31.646727,-173.522934,0.3285677866103127
35.45,-0.161133,-0.251465,-0.276123,60.569759,-23.071287,-167.221054,0.4067461137405003
35.46,-0.19458,-0.340332,-0.374268,51.155087,-13.954162,-154.762268,0.5419997993062359
35.47,-0.233398,-0.41626,-0.51001,38.825989,-7.17926,-138.137817,0.6984677616783755
35.48,-0.294678,-0.468994,-0.643311,29.121397,-7.499694,-119.972221,0.848904905416973
35.49,-0.394531,-0.495361,-0.757813,24.04022,-13.771056,-102.500908,0.9875817805381992
35.5,-0.498291,-0.493164,-0.85376,19.668579,-20.400999,-84.9533,1.1047220415910057
35.51,-0.509033,-0.413574,-0.946777,16.365051,-21.995543,-68.107605,1.1517572384378576
35.52,-0.615479,-0.375488,-0.962891,15.800475,-22.262571,-54.77142,1.2028984643210747
35.53,-0.37915,-0.459473,-1.054443,6.309509,-25.222776,-43.731686,1.2110822434822501
35.54,-0.206787,-0.550293,-1.187256,1.617432,-29.884336,-29.930113,1.3248245388556177
35.55,-0.442383,-0.531006,-1.2229,2.563476,-46.56982,-6.16455,1.4046901796214708
35.56,-0.661377,-0.493408,-1.272217,4.600525,-46.562191,8.781433,1.5163795981488275
35.57,-0.760498,-0.484375,-1.322266,4.005432,-31.524656,16.555786,1.6004261068181187
35.58,-0.814209,-0.484131,-1.331543,3.707886,-16.738892,22.941587,1.6341131789723133
35.59,-0.77124,-0.477783,-1.300049,3.051758,-6.149292,23.674009,1.5853123146843968
35.6,-0.6604,-0.463623,-1.235107,2.128601,-5.424499,21.27075,1.4753181851987047
35.61,-0.541504,-0.457031,-1.146973,1.724243,-15.121459,17.913818,1.3482028703819022
35.62,-0.450684,-0.463135,-1.055176,0.923157,-28.823851,15.655517,1.2373384690766709
35.63,-0.398438,-0.473145,-0.964844,-0.88501,-39.413452,15.296935,1.1460990250432115
35.64,-0.355957,-0.495117,-0.877197,-4.920959,-43.495174,15.167235,1.0683261703931997
35.65,-0.333252,-0.502197,-0.800049,-10.116576,-44.273373,16.235352,1.0016671726247197
35.66,-0.341309,-0.503906,-0.739502,-13.47351,-45.890804,18.554688,0.9577454245889144
35.67,-0.356934,-0.512695,-0.693115,-15.716552,-48.423763,21.52252,0.9330950897984621
35.68,-0.354248,-0.506104,-0.67749,-18.585205,-48.942562,25.871275,0.9168563706600942
35.69,-0.357666,-0.489258,-0.680908,-21.14868,-47.897335,32.196045,0.9115558472106906
35.7,-0.388916,-0.462402,-0.690674,-22.735594,-46.005245,38.589478,0.9176610697507005
35.71,-0.44165,-0.426758,-0.718262,-22.361753,-41.740414,43.098446,0.9450277317137312
35.72,-0.509521,-0.399658,-0.751709,-19.66095,-33.77533,45.799252,0.9921716520270069
35.73,-0.556641,-0.379883,-0.755859,-17.356873,-20.935057,46.508785,1.0126614066167428
35.74,-0.558594,-0.359863,-0.720703,-17.547607,-2.586365,45.433041,0.9802762109803542
35.75,-0.556152,-0.329346,-0.671875,-18.692017,16.090393,45.486446,0.9323035184128611
35.76,-0.564453,-0.302002,-0.63916,-19.081116,30.738829,47.233578,0.9046203086450137
35.77,-0.570313,-0.277832,-0.614502,-19.91272,41.038509,48.576351,0.8832101936668304
35.78,-0.564209,-0.259521,-0.603516,-20.195005,47.012325,49.903866,0.8659760431894176
35.79,-0.536377,-0.248535,-0.619385,-20.553587,47.966,52.886959,0.8562170931364311
35.8,-0.503906,-0.234375,-0.662842,-20.362852,42.808529,57.006832,0.8649927250705638
35.81,-0.489746,-0.216064,-0.708984,-19.012451,32.608032,60.897823,0.8883654140431176
35.82,-0.493408,-0.204346,-0.740723,-16.708374,19.416809,63.934322,0.9131699211587075
35.83,-0.481445,-0.205566,-0.75293,-15.61737,5.546569,66.53595,0.9170333981273529
35.84,-0.424316,-0.201416,-0.755615,-15.716552,-8.110046,69.068909,0.889700231053696
35.85,-0.373047,-0.193359,-0.738037,-15.914916,-20.378111,72.547913,0.8492646115663833
35.86,-0.37793,-0.184326,-0.702881,-16.021729,-31.272886,78.643799,0.8190536364225482
35.87,-0.405762,-0.186523,-0.683838,-17.173767,-38.986206,84.320061,0.8167423341648209
35.88,-0.43042,-0.193848,-0.671875,-18.913269,-44.090267,87.753288,0.8211299770005964
35.89,-0.439697,-0.198242,-0.677734,-20.423887,-47.508236,90.049736,0.8318393577662697
35.9,-0.478516,-0.197754,-0.716797,-21.408079,-49.530025,93.543999,0.8842409999434544
35.91,-0.55835,-0.205566,-0.754395,-21.301268,-47.859188,98.44207,0.9607933799111025
35.92,-0.621582,-0.217773,-0.788086,-21.980284,-38.795471,100.738518,1.0270680628122948
35.93,-0.64502,-0.227783,-0.827637,-23.811338,-23.223875,101.196281,1.0737406107892167
35.94,-0.640625,-0.225098,-0.86499,-25.520323,-5.012512,101.989738,1.0996714056157866
35.95,-0.659668,-0.215088,-0.870361,-26.420591,13.618468,102.905266,1.113082651149051
35.96,-0.660156,-0.212158,-0.85083,-28.594969,32.440186,102.928154,1.0976013165990646
35.97,-0.633301,-0.207031,-0.827881,-32.058716,49.583431,101.814262,1.0626941901238567
35.98,-0.637939,-0.195068,-0.830566,-34.408569,62.400814,101.692192,1.0652969410924826
35.99,-0.682861,-0.175049,-0.850098,-35.728455,70.747375,102.233879,1.104358595441716
36.0,-0.713379,-0.147217,-0.882324,-37.254333,75.645447,99.800102,1.144149502340494
36.01,-0.683594,-0.134033,-0.913086,-38.955688,76.591492,94.268791,1.1484736154222264
36.02,-0.626953,-0.123535,-0.930908,-40.443417,71.495056,89.462273,1.1291238483434844
36.03,-0.602539,-0.095947,-0.92041,-41.40472,62.927242,87.615959,1.1042706377650364
36.04,-0.570068,-0.075439,-0.906738,-42.701717,54.176327,85.807793,1.073704972508277
36.05,-0.523682,-0.068848,-0.90332,-44.029232,44.532772,81.550591,1.046408097554678
36.06,-0.498535,-0.05127,-0.920898,-43.815609,31.913755,77.293396,1.048436400326219
36.07,-0.550049,-0.021729,-0.959717,-41.236874,20.568846,74.813843,1.1063827420612633
36.08,-0.65625,0.004395,-0.993164,-37.094116,16.082764,70.671082,1.190402498914128
36.09,-0.721924,0.002197,-0.997559,-33.088684,21.003721,62.339779,1.2313825754273122
36.1,-0.723389,-0.025146,-0.992188,-32.112122,33.599854,52.673336,1.2281534895854833
36.11,-0.688721,-0.041992,-0.984863,-33.14209,47.935482,45.379635,1.2025203003167972
36.12,-0.63501,-0.045166,-0.964111,-33.096313,58.113094,40.161129,1.1553301207780398
36.13,-0.581543,-0.052979,-0.94873,-32.196045,62.530514,35.209656,1.1140411339757612
36.14,-0.515137,-0.064209,-0.933594,-31.494139,60.569759,30.067442,1.068216589126943
36.15,-0.445557,-0.06543,-0.915283,-30.334471,51.559444,25.55847,1.0200711226370442
36.16,-0.408447,-0.06543,-0.90625,-29.159544,36.78894,22.064207,0.9961923003160584
36.17,-0.411621,-0.069824,-0.886719,-28.007505,19.973755,19.004822,0.9800907221160703
36.18,-0.468018,-0.067627,-0.865723,-27.6947,7.186889,16.136169,0.986453532702884
36.19,-0.564453,-0.066406,-0.871826,-28.778074,1.747131,13.664245,1.0407197126609067
36.2,-0.647461,-0.05835,-0.89502,-31.425474,2.960205,11.512755,1.106196758909101
36.21,-0.694336,-0.036377,-0.925537,-33.477783,7.644653,8.705139,1.157602913521731
36.22,-0.687012,-0.019531,-0.924316,-33.584595,12.382506,4.737854,1.1518363668338485
36.23,-0.626465,-0.024414,-0.885498,-33.218384,15.495299,-0.427246,1.0849705745433837
36.24,-0.556396,-0.032227,-0.819824,-33.119202,14.961242,-4.302979,0.9913256172020372
36.25,-0.540771,-0.036133,-0.77124,-32.546997,10.269164,-6.41632,0.9426293045147706
36.26,-0.587646,-0.037109,-0.739746,-32.012939,5.561828,-7.713317,0.9454782090101284
36.27,-0.67749,-0.04248,-0.742188,-32.646179,6.851196,-8.407593,1.005803299777844
36.28,-0.759033,-0.048096,-0.768311,-35.369873,15.899657,-7.148742,1.0810856178055464
36.29,-0.806396,-0.043457,-0.809326,-38.902283,28.175352,-3.52478,1.1433160516414522
36.3,-0.831299,-0.026123,-0.851074,-40.733334,36.857605,1.708984,1.189986299083313
36.31,-0.83374,-0.008789,-0.888428,-40.634151,39.581299,7.904052,1.2184022099885572
36.32,-0.826904,0.015869,-0.908203,-38.619995,37.338257,13.938903,1.2283544844978587
36.33,-0.841797,0.047852,-0.914795,-34.721375,31.570433,19.172668,1.2440907905526832
36.34,-0.848633,0.075928,-0.906494,-30.380247,23.16284,22.132872,1.244055626533235
36.35,-0.830811,0.102783,-0.892822,-26.542662,13.603209,22.880552,1.2239045659257914
36.36,-0.800293,0.122803,-0.850586,-22.224424,4.768372,22.888182,1.174327895459356
36.37,-0.7771,0.130371,-0.800293,-17.402649,-0.831604,22.346495,1.123098345422163
36.38,-0.746826,0.124268,-0.769775,-13.862609,-2.838135,21.40045,1.079696791106188
36.39,-0.696289,0.118164,-0.765381,-11.383056,-4.737854,19.989014,1.0414361130563892
36.4,-0.643311,0.110596,-0.770996,-8.247375,-9.658813,17.807007,1.0102055978626332
36.41,-0.61499,0.095703,-0.752686,-5.310058,-17.623901,14.595031,0.9766821278722161
36.42,-0.595947,0.080322,-0.726807,-3.578186,-24.650572,11.245727,0.9433201289816728
36.43,-0.562012,0.066406,-0.701416,-3.089905,-27.473448,8.590698,0.9012500485636603
36.44,-0.532959,0.058838,-0.665039,-3.311157,-26.123045,7.217407,0.8542740060694812
36.45,-0.519043,0.05835,-0.625488,-3.738403,-21.575926,6.973266,0.8148899290658832
36.46,-0.497803,0.05542,-0.594727,-4.91333,-13.702392,7.278442,0.7775470453535271
36.47,-0.466064,0.056396,-0.566895,-7.034301,-4.432678,8.453369,0.7360476220578395
36.48,-0.435791,0.064697,-0.536621,-9.132385,4.699707,10.520934,0.6943065570272255
36.49,-0.404541,0.074951,-0.51416,-12.565612,12.313842,12.863158,0.6585070832436049
36.5,-0.368652,0.091553,-0.503174,-17.01355,16.708374,14.991759,0.6304524749646082
36.51,-0.333496,0.106201,-0.498291,-20.370481,16.441345,16.891479,0.6089270523617751
36.52,-0.295166,0.113525,-0.490967,-22.453306,11.932372,18.875122,0.5840029865248978
36.53,-0.262451,0.117676,-0.464844,-23.338316,4.859924,21.026609,0.5466334354144466
36.54,-0.24585,0.115723,-0.436768,-23.216246,-2.838135,23.612974,0.5143931580542261
36.55,-0.232178,0.112549,-0.410645,-23.03314,-9.32312,26.039122,0.4849775428924519
36.56,-0.229736,0.109863,-0.361572,-21.820066,-12.367248,28.411863,0.44224746426520073
36.57,-0.225586,0.09375,-0.311523,-21.064756,-10.284423,30.998228,0.39588468703020074
36.58,-0.228516,0.086914,-0.278564,-21.339415,-4.165649,33.714294,0.3706366249414647
36.59,-0.228271,0.081543,-0.260986,-22.430418,2.006531,35.079956,0.3561889982663698
36.6,-0.206055,0.081299,-0.258057,-24.452208,5.012512,35.087585,0.3400905845138909
36.61,-0.169922,0.080566,-0.251709,-26.138304,3.196716,34.667969,0.31420023411990006
36.62,-0.147705,0.080566,-0.239014,-28.144835,-3.463745,35.133362,0.292293242441559
36.63,-0.146729,0.087158,-0.230713,-29.991148,-12.939452,36.422729,0.286974571650521
36.64,-0.160156,0.085205,-0.237305,-31.509398,-21.865843,37.330627,0.2987030287526392
36.65,-0.149414,0.081543,-0.258545,-34.156799,-28.610228,37.307739,0.3095469613322024
36.66,-0.12915,0.085205,-0.281006,-37.612915,-34.591675,37.872314,0.3207865124362307
36.67,-0.113281,0.092529,-0.309814,-39.978027,-39.367676,39.260864,0.3426060644501203
36.68,-0.161621,0.123779,-0.355469,-40.863033,-38.513184,40.641781,0.4096349575451294
36.69,-0.253662,0.159668,-0.421387,-42.030331,-28.671263,41.473385,0.5171124483485192
36.7,-0.310547,0.19165,-0.481445,-44.715878,-9.437561,40.64941,0.6041179104562288
36.71,-0.332764,0.226074,-0.531494,-47.668453,12.481688,38.711548,0.6665787314398802
36.72,-0.325195,0.26001,-0.557617,-49.285885,27.877806,36.308289,0.6959121401542008
36.73,-0.30542,0.288818,-0.571045,-48.652645,35.682678,33.843994,0.7090765865186919
36.74,-0.302979,0.31665,-0.594238,-47.340389,39.649963,32.562256,0.738364610192688
36.75,-0.335938,0.361572,-0.634277,-46.463009,41.336056,32.722473,0.8036765293057898
36.76,-0.383545,0.429199,-0.710449,-45.631405,42.137142,32.730103,0.914361159622936
36.77,-0.434326,0.505615,-0.779297,-44.334408,41.671749,32.775879,1.0254703392638913
36.78,-0.475586,0.575439,-0.806152,-41.648861,39.108276,33.370972,1.0987234107003454
36.79,-0.50293,0.630859,-0.824463,-38.673401,35.27832,33.859253,1.1535427608675806
36.8,-0.543213,0.663818,-0.841553,-35.682678,32.150269,34.52301,1.20164310521136
36.81,-0.561523,0.67334,-0.85376,-33.950806,29.869078,33.798218,1.2237650806952287
36.82,-0.541748,0.672363,-0.871094,-32.958984,27.359007,32.081604,1.2265266634317413
36.83,-0.490967,0.667725,-0.87793,-32.058716,23.483274,31.059263,1.2073385422548226
36.84,-0.438232,0.661377,-0.888184,-29.899595,18.592834,31.402586,1.1909398136803555
36.85,-0.399658,0.649902,-0.889648,-26.702879,12.367248,32.241821,1.1719951751061095
36.86,-0.376953,0.635254,-0.878174,-24.505613,6.225585,32.798767,1.1475324757936047
36.87,-0.355713,0.623291,-0.868408,-23.605345,1.571655,33.309937,1.126568179700634
36.88,-0.338623,0.605957,-0.868408,-23.223875,-1.991272,34.194946,1.1117472178701415
36.89,-0.334717,0.596436,-0.876709,-22.644041,-4.364014,35.591125,1.1119307725150878
36.9,-0.375244,0.590576,-0.901367,-21.278379,-4.516602,35.903931,1.1410742920603374
36.91,-0.423096,0.579834,-0.929688,-19.943237,-2.670288,35.469055,1.1745371301563863
36.92,-0.453857,0.570068,-0.946533,-18.989563,1.464844,35.316467,1.1945243493382627
36.93,-0.457764,0.562744,-0.961426,-18.096924,4.890442,35.377502,1.204395550767272
36.94,-0.463379,0.556152,-0.969727,-17.074585,5.493164,35.881042,1.2101221422955617
36.95,-0.466553,0.557373,-0.983643,-15.769958,3.65448,36.582947,1.2230657849792872
36.96,-0.493164,0.579346,-1.019287,-13.885497,1.144409,36.994934,1.2719270839875216
36.97,-0.543945,0.598145,-1.063477,-11.482238,-1.655578,35.934448,1.3359030404857233
36.98,-0.589844,0.601563,-1.106934,-9.44519,-4.768372,32.020569,1.391077592250339
36.99,-0.620605,0.601563,-1.157227,-7.377624,-7.56073,26.512144,1.4443693912995388
37.0,-0.645752,0.610596,-1.195801,-4.463196,-9.536743,21.530149,1.4898869595781419
37.01,-0.690918,0.630615,-1.23291,-1.571655,-8.247375,17.456055,1.54761430241808
37.02,-0.723633,0.671631,-1.290771,0.267029,-0.289917,13.481139,1.6250608275664638
37.03,-0.730469,0.720703,-1.362305,2.059937,12.21466,10.055541,1.705541757681412
37.04,-0.721436,0.77124,-1.452148,4.699707,23.323057,7.591247,1.7955541912178534
37.05,-0.709961,0.82666,-1.551758,9.056091,30.891417,6.179809,1.896144579847486
37.06,-0.706055,0.903076,-1.649658,15.007018,35.27832,6.431579,2.0088383314156966
37.07,-0.712402,0.992432,-1.741211,21.812437,37.231445,7.293701,2.1270292971064126
37.08,-0.716064,1.065674,-1.821045,28.396605,36.804199,7.80487,2.2281412922875874
37.09,-0.710693,1.130615,-1.919189,33.798218,33.52356,7.919311,2.3380892275948324
37.1,-0.705566,1.207275,-2.003906,38.078308,27.008055,8.613586,2.4435579720598
37.11,-0.720459,1.288818,-2.049072,41.831966,19.386292,9.94873,2.5256304300093073
37.12,-0.756348,1.360596,-2.070313,42.4118,14.091491,13.587951,2.590266335782674
37.13,-0.765625,1.416748,-2.101074,39.123535,10.726928,19.126892,2.6472378981884117
37.14,-0.728516,1.436523,-2.11084,36.254883,4.524231,24.04785,2.6551797297706607
37.15,-0.695801,1.401123,-2.084717,35.804749,-7.4234,27.679441,2.606401669508942
37.16,-0.675781,1.323242,-2.013184,35.751343,-24.627684,30.052183,2.5021109424605856
37.17,-0.669678,1.212158,-1.913818,34.896851,-42.228695,30.525206,2.3623071302800573
37.18,-0.666748,1.089844,-1.806885,31.440733,-56.915279,28.694151,2.212949670251224
37.19,-0.66748,0.988525,-1.719238,26.153563,-66.848755,24.475096,2.092484295441426
37.2,-0.681885,0.899414,-1.643311,21.629332,-70.083618,18.859863,1.9935856488603645
37.21,-0.700195,0.82373,-1.566895,18.096924,-64.582825,12.046813,1.9036712142463046
37.22,-0.69043,0.740234,-1.499512,17.196655,-52.337643,5.081176,1.8091921395473727
37.23,-0.660889,0.649902,-1.423096,18.447876,-37.628174,-0.396728,1.6983371588530352
37.24,-0.62915,0.570068,-1.313232,22.666929,-25.199888,-4.493713,1.5637728520945744
37.25,-0.623291,0.501953,-1.201172,28.495787,-16.929626,-7.141113,1.4433511902769887
37.26,-0.613281,0.462402,-1.106445,32.318115,-11.993407,-8.834839,1.3469037577310414
37.27,-0.571045,0.442139,-1.039551,33.905029,-10.177611,-11.672973,1.2657983919040976
37.28,-0.521484,0.417969,-0.989014,34.347534,-13.389586,-15.388488,1.1936466560138306
37.29,-0.506104,0.40332,-0.958008,34.988403,-21.728514,-18.547058,1.1561088224211422
37.3,-0.523438,0.390625,-0.948975,37.567139,-32.485962,-20.881651,1.1520107556329497
37.31,-0.578857,0.375488,-0.945313,41.931149,-39.199829,-23.483274,1.1703347096288308
37.32,-0.660645,0.364014,-0.970703,46.249386,-35.797119,-25.497435,1.2293178280778327
37.33,-0.755859,0.356445,-1.002686,48.896786,-21.072386,-26.80969,1.3052796943574967
37.34,-0.805176,0.373047,-1.043945,49.789425,2.029419,-28.602598,1.3701436487500134
37.35,-0.779297,0.387939,-1.075439,51.918026,29.525755,-31.074522,1.383607431553835
37.36,-0.693359,0.385986,-1.093994,54.618832,52.413937,-32.25708,1.3515009312290538
37.37,-0.594971,0.388428,-1.109131,57.716366,63.041683,-32.073975,1.317208554931982
37.38,-0.525146,0.398682,-1.104492,62.179562,58.662411,-31.463621,1.2863235349257978
37.39,-0.480225,0.430176,-1.099854,66.574097,45.257565,-31.837461,1.2748906866539578
37.4,-0.478271,0.490234,-1.155518,69.885254,32.112122,-32.447815,1.343240251228722
37.41,-0.541016,0.570313,-1.273926,72.7005,23.025511,-32.50885,1.4969444491032389
37.42,-0.627197,0.647949,-1.354736,75.279236,19.485474,-34.27887,1.6274285278026803
37.43,-0.668213,0.697266,-1.371094,77.766418,21.614073,-39.642334,1.6770769943449229
37.44,-0.658203,0.706299,-1.331299,79.360962,25.756834,-44.731136,1.6445201409563217
37.45,-0.595947,0.694336,-1.234131,79.376221,24.597166,-47.027584,1.536338059434186
37.46,-0.539063,0.668945,-1.113037,77.293396,15.220641,-47.531124,1.4060326078590781
37.47,-0.528564,0.627686,-0.998535,73.46344,-1.976013,-47.355648,1.2924557102342038
37.48,-0.557373,0.57666,-0.899658,67.810059,-21.667479,-48.149105,1.2052327300953123
37.49,-0.592529,0.513184,-0.814209,60.615536,-37.643433,-51.017757,1.1302144616744203
37.5,-0.619385,0.447266,-0.767578,51.681515,-47.927853,-55.404659,1.0829869062297106
37.51,-0.622314,0.384521,-0.737061,43.266293,-54.725643,-62.07275,1.0384555993194895
37.52,-0.601563,0.317627,-0.693115,38.18512,-60.462948,-69.641113,0.9711711266934371
37.53,-0.588867,0.254395,-0.620117,37.055969,-63.346859,-76.179504,0.8922030337333537
37.54,-0.531738,0.180908,-0.519531,36.53717,-61.325069,-83.686821,0.7651048719417489
37.55,-0.479004,0.119385,-0.433594,36.781311,-55.908199,-91.720573,0.657039851970183
37.56,-0.43335,0.06958,-0.312744,38.391113,-52.238461,-100.395195,0.5389270900928993
37.57,-0.359619,0.026123,-0.187256,39.901733,-51.773067,-111.122124,0.4062918234791343
37.58,-0.283936,-0.010742,-0.086182,40.695187,-53.573605,-122.016899,0.2969215044148874
37.59,-0.245361,-0.04126,-0.025391,41.679379,-55.755611,-132.720947,0.25009820231661
37.6,-0.253906,-0.049561,-0.02002,43.884274,-55.450436,-144.973755,0.25947128927301377
37.61,-0.244629,-0.060303,0.008545,47.279354,-50.849911,-161.170944,0.2520968394784036
37.62,-0.202148,-0.078857,0.036377,50.956722,-42.678829,-176.605209,0.22001255982784257
37.63,-0.165039,-0.081055,0.046143,54.76379,-33.241272,-186.759933,0.1895704644584699
37.64,-0.155273,-0.068115,0.072754,59.478756,-22.941587,-192.260727,0.18450610361177755
37.65,-0.131104,-0.047607,0.119629,63.125607,-12.4588,-195.533737,0.18375468131723882
37.66,-0.08374,-0.013184,0.136963,65.65094,-3.860473,-197.303757,0.16107473056007265
37.67,-0.041504,0.018555,0.127197,68.443298,-0.053406,-197.708115,0.13507755864687518
37.68,0.018799,0.053955,0.108887,72.601318,0.038147,-197.479233,0.12296716307616436
37.69,0.087158,0.067383,0.089355,76.812744,0.686645,-197.410568,0.14184957411991056
37.7,0.123047,0.079346,0.04834,80.92498,3.547668,-195.968613,0.1541853025583178
37.71,0.130615,0.091064,0.005859,84.442131,8.483887,-193.084702,0.15933379491495206
37.72,0.106201,0.107422,-0.032959,86.830132,15.388488,-190.284714,0.1546105887900308
37.73,0.100098,0.123779,-0.034912,89.920036,24.406431,-189.57518,0.1629714643396199
37.74,0.137451,0.147705,-0.027832,91.751091,34.584045,-186.080917,0.20367661782836047
37.75,0.183105,0.164551,-0.04834,92.864983,41.000362,-178.314194,0.2508809044666413
37.76,0.229004,0.185303,-0.086914,95.031731,39.581299,-171.18071,0.3071385309937521
37.77,0.178223,0.26416,-0.111084,100.372307,36.888123,-162.818893,0.33746644038333645
37.78,0.092773,0.188965,-0.222168,94.245903,35.346985,-154.182434,0.30606081254874823
37.79,0.497559,0.070313,-0.326172,88.645927,31.425474,-149.940491,0.5990801699555744
37.8,0.635986,-0.050049,-0.360107,85.708611,20.729063,-131.027222,0.732570915369973
37.81,0.510498,-0.101807,-0.443848,77.545166,7.408142,-105.644218,0.684086193660565
37.82,0.365967,-0.23584,-0.567627,67.703247,5.607605,-78.941345,0.7153689690069035
37.83,0.1604,-0.36084,-0.722412,55.801388,10.765075,-53.016659,0.8232938499369469
37.84,-0.003662,-0.458496,-0.877441,44.380184,16.029358,-32.859802,0.9900175254716455
37.85,-0.145996,-0.525391,-1.000244,34.355164,17.318726,-17.25769,1.1392271917545682
37.86,-0.275146,-0.570313,-1.109375,25.871275,16.189575,-5.950927,1.277370396521698
37.87,-0.363037,-0.599121,-1.187012,16.967773,14.717101,-0.167847,1.3783103148979188
37.88,-0.378418,-0.629639,-1.228027,7.347106,12.268065,3.982544,1.4309772065878616
37.89,-0.422363,-0.647217,-1.276855,-1.083374,9.513855,11.497497,1.492527735046488
37.9,-0.510498,-0.670654,-1.307617,-7.820129,7.965087,21.728514,1.5557143743017223
37.91,-0.57251,-0.707764,-1.320801,-15.396117,8.964539,30.738829,1.604123705141533
37.92,-0.584961,-0.739014,-1.343506,-23.735044,9.490967,40.092468,1.641136629215557
37.93,-0.576416,-0.734863,-1.369629,-30.639647,5.53894,52.680965,1.6577583151551374
37.94,-0.593506,-0.667236,-1.404297,-33.866882,-2.616882,66.978455,1.6641824767557793
37.95,-0.632813,-0.554443,-1.391113,-32.676697,-10.726928,76.217651,1.6257474317946807
37.96,-0.607666,-0.43335,-1.331787,-29.151915,-14.427184,76.683044,1.5266652558517864
37.97,-0.470703,-0.331055,-1.23584,-24.948118,-14.060973,70.770264,1.3632531800197645
37.98,-0.32251,-0.26123,-1.106934,-20.057678,-12.435912,63.690182,1.1821830202451735
37.99,-0.197266,-0.228271,-0.969727,-15.686034,-10.894774,57.678219,1.0155747036658602
38.0,-0.110596,-0.207764,-0.841309,-13.328551,-8.758545,51.933285,0.873612149865717
38.01,-0.066162,-0.193604,-0.725342,-13.229369,-6.660461,45.387264,0.7536450995156805
38.02,-0.059326,-0.19458,-0.626221,-14.579772,-3.845215,37.689209,0.6584327539825157
38.03,-0.063965,-0.199707,-0.551025,-16.593933,0.236511,29.472349,0.589578627240676
38.04,-0.057129,-0.212158,-0.484375,-20.065308,4.890442,24.353025,0.5318776929238526
38.05,-0.036133,-0.228516,-0.427002,-25.321959,8.19397,23.483274,0.4856499397189296
38.06,-0.01123,-0.251221,-0.384033,-31.494139,6.698608,24.55139,0.4590418813463539
38.07,0.005859,-0.274658,-0.351074,-37.948608,-0.915527,28.724669,0.4457850359994153
38.08,0.004395,-0.289795,-0.344238,-44.502254,-14.373778,36.750793,0.450000287437686
38.09,-0.063232,-0.308594,-0.359131,-49.560543,-30.334471,47.45483,0.47770662317053963
38.1,-0.135742,-0.333252,-0.38916,-53.787228,-43.769833,59.898373,0.5300266895808173
38.11,-0.216553,-0.350342,-0.429932,-57.952877,-50.682064,74.119568,0.5953790753771919
38.12,-0.292725,-0.351563,-0.472168,-62.301632,-51.345821,90.774529,0.6574397986264597
38.13,-0.316895,-0.340088,-0.485107,-66.90979,-47.531124,108.886711,0.6718713345708388
38.14,-0.284668,-0.306641,-0.48584,-72.570801,-43.357845,127.632133,0.6411747645572149
38.15,-0.210205,-0.241211,-0.493164,-78.041077,-43.373104,146.011353,0.587860203995814
38.16,-0.148926,-0.164551,-0.565674,-81.451408,-50.300594,162.971481,0.6076537331021674
38.17,-0.261963,-0.062012,-0.743652,-80.909721,-61.027523,176.910385,0.7908782451281613
38.18,-0.564209,0.047607,-0.901123,-75.065613,-68.786621,183.77684,1.064246627083685
38.19,-0.831055,0.108154,-1.006836,-68.878174,-64.674377,176.803574,1.3099879509510766
38.2,-0.969727,0.118408,-1.058838,-66.207886,-42.648312,158.683777,1.4406695732321828
38.21,-0.943359,0.097168,-1.025391,-66.970825,-10.375976,139.694214,1.3967084613425953
38.22,-0.807129,0.08374,-0.947998,-71.128845,20.301817,125.091545,1.2478661058963818
38.23,-0.64209,0.091309,-0.858887,-78.163147,39.329529,115.692131,1.0762452231485164
38.24,-0.45752,0.115479,-0.794189,-87.799065,42.060848,109.397881,0.9237944130389618
38.25,-0.293945,0.143555,-0.803711,-95.405571,26.30615,104.248039,0.8677344481873472
38.26,-0.257324,0.161377,-0.850342,-96.351616,-9.078979,99.472038,0.9029616238074573
38.27,-0.314209,0.153564,-0.874268,-92.086784,-56.098934,93.811028,0.9416229253798997
38.28,-0.396484,0.125488,-0.906738,-86.799614,-97.351067,89.637749,0.9975573171723017
38.29,-0.564697,0.117188,-0.986084,-79.811096,-121.582024,91.827385,1.1423560671738913
38.3,-0.761719,0.093018,-1.020264,-71.205139,-126.945488,97.694389,1.2766388733627847
38.31,-0.86084,0.058594,-1.035645,-65.345764,-113.044731,97.465508,1.347976011826991
38.32,-0.898682,0.037598,-1.063721,-61.622616,-84.426872,91.651909,1.3930345697681015
38.33,-0.879395,0.027832,-1.053467,-58.28857,-50.872799,88.653557,1.372553425677121
38.34,-0.791992,0.036865,-1.023682,-57.250973,-19.78302,88.264458,1.2948108716770184
38.35,-0.725586,0.072754,-1.005615,-55.39703,2.418518,88.211052,1.2421874722186663
38.36,-0.658447,0.094238,-0.979492,-52.566525,11.810302,86.616508,1.1839923270515735
38.37,-0.573975,0.10376,-0.930176,-51.094051,9.994507,83.221428,1.0979256938431672
38.38,-0.496338,0.115479,-0.874756,-50.453182,-1.953125,80.657951,1.0123659759301475
38.39,-0.440918,0.127197,-0.814941,-51.078793,-21.026609,80.253601,0.9352628470189543
38.4,-0.418945,0.140625,-0.751709,-52.566525,-43.815609,80.062866,0.8719843601412814
38.41,-0.40625,0.147217,-0.698486,-53.88641,-65.666199,79.536438,0.8213370804882731
38.42,-0.39624,0.143555,-0.64502,-56.945797,-83.152763,80.848686,0.7704965775556696
38.43,-0.419922,0.148682,-0.591064,-60.508724,-95.314018,84.648125,0.7401334172323257
38.44,-0.474121,0.162354,-0.571533,-64.369202,-99.563591,91.346733,0.7601312479078859
38.45,-0.560059,0.191406,-0.583984,-68.359375,-95.008842,98.838799,0.8314683713605706
38.46,-0.625732,0.229736,-0.584717,-72.654724,-84.022514,104.148857,0.8866866050691191
38.47,-0.613037,0.253662,-0.57373,-78.140259,-70.144653,107.185356,0.8771116727720593
38.48,-0.54126,0.275635,-0.566406,-84.213249,-58.883663,111.633293,0.8305135746398128
38.49,-0.457031,0.302246,-0.548096,-88.600151,-55.130001,119.590752,0.7750091642638814
38.5,-0.395508,0.334229,-0.518555,-91.194145,-60.386654,129.211426,0.7328266442549698
38.51,-0.356689,0.362549,-0.470703,-92.658989,-72.532654,138.450623,0.6929863882725259
38.52,-0.335205,0.388916,-0.408447,-93.795769,-88.592522,147.918701,0.6560845973576883
38.53,-0.326172,0.42334,-0.337891,-94.970695,-105.88073,158.752441,0.6322778321790192
38.54,-0.327637,0.469971,-0.260254,-97.015373,-123.573296,170.608505,0.6292462865412874
38.55,-0.347656,0.529785,-0.189209,-99.929802,-140.449524,183.860764,0.6613145138600846
38.56,-0.389648,0.60498,-0.139648,-103.843681,-154.319763,198.554977,0.7330265535490512
38.57,-0.461182,0.703369,-0.102295,-107.345573,-163.162216,214.454636,0.8472786166958305
38.58,-0.536621,0.809814,-0.0896,-113.273613,-166.358932,230.804428,0.9755967262332321
38.59,-0.589844,0.9375,-0.110352,-123.702995,-165.580734,246.368393,1.1131036601503024
38.6,-0.616211,1.092529,-0.151367,-133.476257,-165.016159,249.992355,1.2634269195529277
38.61,-0.630859,1.294189,-0.220215,-139.778137,-168.121323,249.946579,1.4565036532144366
38.62,-0.63916,1.505127,-0.300537,-138.534546,-174.568161,249.893173,1.6626049681442674
38.63,-0.656738,1.693115,-0.347168,-130.905151,-183.708176,249.992355,1.8489101719913272
38.64,-0.69873,1.864502,-0.341797,-118.09539,-195.526108,249.992355,2.0202515957456884
38.65,-0.753906,1.997803,-0.306152,-98.937981,-207.839951,249.992355,2.157155564800323
38.66,-0.816895,2.032227,-0.177979,-72.906494,-217.369064,249.992355,2.1974850500048912
38.67,-0.806152,1.895752,-0.005615,-54.817196,-225.585922,249.992355,2.0600456841616404
38.68,-0.812988,1.799072,0.043701,-40.229794,-229.202255,249.992355,1.9747200628770145
38.69,-0.922363,1.612061,0.098633,-21.224974,-218.292221,247.558578,1.8598985564215593
38.7,-0.945557,1.351318,0.12793,-12.535094,-191.581711,219.650253,1.6542383329717032
38.71,-0.923584,1.109375,0.125244,-11.779784,-150.71106,170.089706,1.4489328332317548
38.72,-0.722168,0.9375,0.060303,-17.13562,-102.828972,113.265984,1.184934311273414
38.73,-0.399658,0.918213,-0.054932,-25.123594,-57.075497,63.049313,1.0029252987919888
38.74,-0.118896,0.976318,-0.183105,-28.648375,-24.353025,28.808592,1.000430175956823
38.75,0.014893,1.016846,-0.281006,-28.274534,-6.04248,13.496398,1.0550649085250632
38.76,-0.035156,1.031006,-0.337158,-25.840757,4.821777,12.397765,1.0853040280658688
38.77,-0.156738,1.026855,-0.357422,-21.095274,16.716003,10.116576,1.0985210411061774
38.78,-0.255615,1.012207,-0.34082,-17.295837,32.775879,1.930237,1.0982077724520074
38.79,-0.301758,0.985352,-0.29834,-16.235352,44.548031,-4.432678,1.0728388555920223
38.8,-0.360107,0.960693,-0.243896,-17.066956,42.976376,-6.408691,1.054558367523581
38.81,-0.497314,0.974365,-0.206299,-16.777039,25.642393,-8.735657,1.1132239869954295
38.82,-0.612061,0.990479,-0.165527,-14.144897,5.882263,-13.107299,1.1760384793411311
38.83,-0.586182,0.972168,-0.144287,-9.056091,-6.92749,-16.822815,1.1443507747701314
38.84,-0.508057,0.909424,-0.109131,-1.51062,-13.59558,-13.328551,1.0474175395638552
38.85,-0.411133,0.826416,-0.083984,5.401611,-16.143799,-1.731872,0.9268479168671634
38.86,-0.344482,0.73877,-0.086182,10.31494,-15.525817,14.518737,0.8196806075222227
38.87,-0.312256,0.685059,-0.094727,12.847899,-13.244628,31.501768,0.7588035632138267
38.88,-0.281006,0.63916,-0.112549,14.945983,-7.957458,43.716427,0.7072178978483222
38.89,-0.28125,0.589355,-0.138184,16.670227,-1.625061,52.200314,0.6674846038531526
38.9,-0.29126,0.544922,-0.155762,16.304016,5.203247,58.303829,0.6372081091197758
38.91,-0.288818,0.508545,-0.153076,15.647887,11.871337,60.775753,0.6045379358857474
38.92,-0.274658,0.472412,-0.14502,15.846251,16.12854,59.112545,0.5653679466577496
38.93,-0.252686,0.448486,-0.136475,15.449523,18.1427,54.687496,0.5325554735583891
38.94,-0.241211,0.438477,-0.12085,14.686584,19.233704,49.064632,0.514829630606087
38.95,-0.221191,0.450439,-0.103271,12.351989,20.423887,41.900631,0.5123335345680585
38.96,-0.15918,0.489014,-0.067627,8.384705,21.080015,33.424377,0.5186968052003019
38.97,-0.046143,0.534424,-0.040283,4.585266,19.91272,26.603697,0.5379227717005481
38.98,0.005615,0.576904,-0.043945,1.228333,15.403747,26.100157,0.5786025548388116
38.99,-0.03125,0.603516,-0.076904,-2.929687,9.529114,29.167173,0.6091981204600028
39.0,-0.10498,0.58667,-0.127197,-7.011413,6.805419,28.427122,0.6094108352408907
39.01,-0.179199,0.534912,-0.186279,-10.169982,8.750916,22.926329,0.5940900564611395
39.02,-0.232666,0.494385,-0.246094,-12.947082,15.174865,15.632628,0.5992597538772314
39.03,-0.217773,0.484131,-0.264648,-14.648437,23.811338,8.384705,0.5931664762897512
39.04,-0.096436,0.464844,-0.224854,-14.457702,30.944822,2.288818,0.5252991221656477
39.05,0.075195,0.420654,-0.165771,-15.800475,33.180237,1.029968,0.4583493211318197
39.06,0.159668,0.38916,-0.150879,-17.89093,30.929564,8.018494,0.44688236535468706
39.07,0.105469,0.377197,-0.158936,-17.059326,29.106138,19.432068,0.42268420702221654
39.08,-0.020996,0.390869,-0.146484,-14.396667,32.341003,28.343199,0.4179437395547396
39.09,-0.142578,0.418701,-0.121094,-12.496947,42.999264,31.669615,0.4585878000132581
39.1,-0.191895,0.476807,-0.0979,-11.848449,58.235165,31.425474,0.5232141208664001
39.11,-0.180908,0.566162,-0.051514,-10.665893,71.479797,31.60858,0.5965909879507065
39.12,-0.141357,0.666992,0.006104,-8.857727,78.262329,32.150269,0.68183384217051
39.13,-0.08374,0.759277,0.041504,-7.987976,78.842163,32.073975,0.7650075374432594
39.14,-0.02002,0.825928,0.038086,-8.354187,74.516296,31.829832,0.8270480064542808
39.15,0.049072,0.87915,0.001221,-6.790161,67.604065,32.241821,0.8805193209265768
39.16,0.09082,0.922119,-0.021729,-2.365112,58.433529,32.76062,0.9268354071797215
39.17,0.07666,0.930664,-0.035645,1.968384,48.698421,33.180237,0.9344960152515366
39.18,0.061768,0.936523,-0.056641,3.501892,40.115356,32.165527,0.9402652914119505
39.19,0.072998,0.9646,-0.0625,4.722595,32.287598,28.388975,0.9693751172812308
39.2,0.082764,1.009766,-0.043701,6.904602,24.490355,23.460386,1.014094192791281
39.21,0.096436,1.060059,-0.015869,7.202148,18.699646,18.77594,1.0645547476471091
39.22,0.120361,1.106689,-0.02417,5.79071,15.579223,14.709472,1.1134772121341325
39.23,0.096436,1.148193,-0.06958,3.921509,12.390136,10.44464,1.1543346324809804
39.24,0.04834,1.186279,-0.11499,2.792358,6.462097,5.973815,1.1928190648799173
39.25,-0.00415,1.215088,-0.150635,3.669739,-0.587463,2.426147,1.2243965752439034
39.26,-0.04834,1.231445,-0.17749,5.226135,-7.629394,0.579834,1.245108928457667
39.27,-0.061035,1.240967,-0.154541,7.949829,-15.007018,-0.740051,1.2520412481204444
39.28,-0.046631,1.248291,-0.115967,11.993407,-21.163939,-2.761841,1.254533066894213
39.29,-0.018311,1.287842,-0.105225,14.930724,-21.217344,-4.104614,1.2922633672398207
39.3,0.010986,1.320557,-0.112061,15.525817,-14.526366,-4.623413,1.325348690030665
39.31,-0.007813,1.32373,-0.152832,14.030456,-8.155823,-6.42395,1.3325463504482686
39.32,-0.092285,1.321289,-0.204102,10.833739,-8.972168,-11.177062,1.340141324319939
39.33,-0.187256,1.302979,-0.23999,7.8125,-14.831542,-17.326355,1.338063632297433
39.34,-0.238525,1.293457,-0.258545,7.797241,-16.281128,-20.790098,1.3404367584854573
39.35,-0.242676,1.338135,-0.244385,8.956909,-6.660461,-23.223875,1.38174561603285
39.36,-0.182129,1.404297,-0.20166,9.155273,11.344909,-26.878355,1.4303453402762565
39.37,-0.042236,1.481689,-0.190674,8.148193,28.472898,-30.364988,1.494504180888431
39.38,0.024902,1.59375,-0.281982,10.627746,40.336605,-32.081604,1.6186948509302177
39.39,-0.076172,1.702148,-0.406494,18.714905,46.478268,-35.453796,1.7516698774380977
39.4,-0.205566,1.747314,-0.450928,27.557371,47.012325,-44.792171,1.8162322693246038
39.41,-0.236572,1.726563,-0.427979,32.859802,41.03088,-58.387753,1.7944782329674551
39.42,-0.197021,1.687744,-0.414795,38.223267,26.969908,-67.955017,1.7491003333148158
39.43,-0.129883,1.685791,-0.419922,46.485897,6.568908,-69.351196,1.7421525121108083
39.44,-0.079102,1.74292,-0.425293,52.703854,-12.329101,-68.305969,1.7958010437275616
39.45,-0.07251,1.839844,-0.440186,55.793758,-27.343748,-66.841125,1.893158038577868
39.46,-0.091064,1.946777,-0.436035,56.373592,-40.985104,-64.125061,1.9970878451009608
39.47,-0.115234,2.06958,-0.42041,55.946346,-52.978512,-60.020443,2.1149905009848156
39.48,-0.17041,2.196289,-0.395264,54.443356,-60.333248,-52.734371,2.238070278011171
39.49,-0.207764,2.322754,-0.355225,48.019405,-63.011166,-41.740414,2.358927049494537
39.5,-0.194092,2.431641,-0.345947,38.642883,-63.751217,-29.167173,2.4637834694132517
39.51,-0.162109,2.486572,-0.352051,29.006956,-65.536499,-15.190124,2.516596818257942
39.52,-0.130371,2.422119,-0.378906,21.034239,-69.229126,-1.853943,2.4550411003968957
39.53,-0.097412,2.223877,-0.439453,15.632628,-71.968079,9.208679,2.2689726635819123
39.54,-0.083008,1.990967,-0.512451,10.093688,-72.242737,20.195005,2.057533948821744
39.55,-0.14209,1.820557,-0.546875,2.868652,-66.78772,29.525755,1.9062239175852347
39.56,-0.217529,1.701172,-0.540771,-2.929687,-54.290768,33.439636,1.7982598015487083
39.57,-0.205078,1.583496,-0.477539,-7.5531,-37.216187,32.920837,1.6666013514398097
39.58,-0.124512,1.481689,-0.401611,-12.054442,-21.026609,32.531738,1.5401937950095759
39.59,-0.100586,1.42041,-0.35498,-12.161254,-6.362915,33.958435,1.4675465620878951
39.6,-0.131592,1.382568,-0.318848,-8.071899,6.637573,32.76825,1.4249472889170323
39.61,-0.174072,1.338379,-0.280762,-3.959656,19.40918,24.314878,1.3785451423399235
39.62,-0.206055,1.272949,-0.262451,0.228882,32.417297,10.520934,1.3159552982632048
39.63,-0.221436,1.178223,-0.26001,4.074097,42.701717,-3.601074,1.2267226825672541
